{"op_code":0,"worker_id":"1eb63a02-86e5-4893-9130-72bda3167cff-140037709906048","study_name":"window_5","directions":[2]}
{"op_code":4,"worker_id":"1eb63a02-86e5-4893-9130-72bda3167cff-140037709906048","study_id":0,"datetime_start":"2026-09-30T17:19:23.080555+00:00"}
{"op_code":5,"worker_id":"1eb63a02-86e5-4893-9130-72bda3167cff-140037709906048","trial_id":0,"param_name":"lookback","param_value_internal":0.0,"distribution":"{\"name\": \"IntDistribution\", \"attributes\": {\"log\": false, \"step\": 1, \"low\": 0, \"high\": 2}}"}
{"op_code":5,"worker_id":"1eb63a02-86e5-4893-9130-72bda3167cff-140037709906048","trial_id":0,"param_name":"threshold","param_value_internal":6.0,"distribution":"{\"name\": \"IntDistribution\", \"attributes\": {\"log\": false, \"step\": 1, \"low\": 0, \"high\": 6}}"}
{"op_code":5,"worker_id":"1eb63a02-86e5-4893-9130-72bda3167cff-140037709906048","trial_id":0,"param_name":"alpha","param_value_internal":2.0,"distribution":"{\"name\": \"IntDistribution\", \"attributes\": {\"log\": false, \"step\": 1, \"low\": 0, \"high\": 3}}"}
{"op_code":5,"worker_id":"1eb63a02-86e5-4893-9130-72bda3167cff-140037709906048","trial_id":0,"param_name":"z_window","param_value_internal":1.0,"distribution":"{\"name\": \"IntDistribution\", \"attributes\": {\"log\": false, \"step\": 1, \"low\": 0, \"high\": 2}}"}
{"op_code":5,"worker_id":"1eb63a02-86e5-4893-9130-72bda3167cff-140037709906048","trial_id":0,"param_name":"entry_z","param_value_internal":4.0,"distribution":"{\"name\": \"IntDistribution\", \"attributes\": {\"log\": false, \"step\": 1, \"low\": 0, \"high\": 6}}"}
{"op_code":5,"worker_id":"1eb63a02-86e5-4893-9130-72bda3167cff-140037709906048","trial_id":0,"param_name":"exit_z","param_value_internal":3.0,"distribution":"{\"name\": \"IntDistribution\", \"attributes\": {\"log\": false, \"step\": 1, \"low\": 0, \"high\": 4}}"}
{"op_code":5,"worker_id":"1eb63a02-86e5-4893-9130-72bda3167cff-140037709906048","trial_id":0,"param_name":"max_hold","param_value_internal":2.0,"distribution":"{\"name\": \"IntDistribution\", \"attributes\": {\"log\": false, \"step\": 1, \"low\": 0, \"high\": 3}}"}
{"op_code":5,"worker_id":"1eb63a02-86e5-4893-9130-72bda3167cff-140037709906048","trial_id":0,"param_name":"stop_k","param_value_internal":2.0,"distribution":"{\"name\": \"IntDistribution\", \"attributes\": {\"log\": false, \"step\": 1, \"low\": 0, \"high\": 6}}"}
{"op_code":7,"worker_id":"1eb63a02-86e5-4893-9130-72bda3167cff-140037709906048","trial_id":0,"step":1,"intermediate_value":-2.14845219517013}
{"op_code":7,"worker_id":"1eb63a02-86e5-4893-9130-72bda3167cff-140037709906048","trial_id":0,"step":2,"intermediate_value":-1.7613655023383858}
{"op_code":8,"worker_id":"1eb63a02-86e5-4893-9130-72bda3167cff-140037709906048","trial_id":0,"user_attr":{"n_trades":2171}}
{"op_code":8,"worker_id":"1eb63a02-86e5-4893-9130-72bda3167cff-140037709906048","trial_id":0,"user_attr":{"cagr":-0.0828240040360021}}
{"op_code":8,"worker_id":"1eb63a02-86e5-4893-9130-72bda3167cff-140037709906048","trial_id":0,"user_attr":{"max_drawdown":-0.25611594144788286}}
{"op_code":8,"worker_id":"1eb63a02-86e5-4893-9130-72bda3167cff-140037709906048","trial_id":0,"user_attr":{"sharpe_raw":-1.1450304918340883}}
{"op_code":6,"worker_id":"1eb63a02-86e5-4893-9130-72bda3167cff-140037709906048","trial_id":0,"state":1,"values":[-1.1450304918340883],"datetime_complete":"2026-09-30T17:19:25.994054+00:00"}
{"op_code":4,"worker_id":"1eb63a02-86e5-4893-9130-72bda3167cff-140037709906048","study_id":0,"datetime_start":"2026-09-30T17:19:25.998479+00:00"}
{"op_code":5,"worker_id":"1eb63a02-86e5-4893-9130-72bda3167cff-140037709906048","trial_id":1,"param_name":"lookback","param_value_internal":2.0,"distribution":"{\"name\": \"IntDistribution\", \"attributes\": {\"log\": false, \"step\": 1, \"low\": 0, \"high\": 2}}"}
{"op_code":5,"worker_id":"1eb63a02-86e5-4893-9130-72bda3167cff-140037709906048","trial_id":1,"param_name":"threshold","param_value_internal":1.0,"distribution":"{\"name\": \"IntDistribution\", \"attributes\": {\"log\": false, \"step\": 1, \"low\": 0, \"high\": 6}}"}
{"op_code":5,"worker_id":"1eb63a02-86e5-4893-9130-72bda3167cff-140037709906048","trial_id":1,"param_name":"alpha","param_value_internal":1.0,"distribution":"{\"name\": \"IntDistribution\", \"attributes\": {\"log\": false, \"step\": 1, \"low\": 0, \"high\": 3}}"}
{"op_code":5,"worker_id":"1eb63a02-86e5-4893-9130-72bda3167cff-140037709906048","trial_id":1,"param_name":"z_window","param_value_internal":0.0,"distribution":"{\"name\": \"IntDistribution\", \"attributes\": {\"log\": false, \"step\": 1, \"low\": 0, \"high\": 2}}"}
{"op_code":5,"worker_id":"1eb63a02-86e5-4893-9130-72bda3167cff-140037709906048","trial_id":1,"param_name":"entry_z","param_value_internal":0.0,"distribution":"{\"name\": \"IntDistribution\", \"attributes\": {\"log\": false, \"step\": 1, \"low\": 0, \"high\": 6}}"}
{"op_code":5,"worker_id":"1eb63a02-86e5-4893-9130-72bda3167cff-140037709906048","trial_id":1,"param_name":"exit_z","param_value_internal":1.0,"distribution":"{\"name\": \"IntDistribution\", \"attributes\": {\"log\": false, \"step\": 1, \"low\": 0, \"high\": 4}}"}
{"op_code":5,"worker_id":"1eb63a02-86e5-4893-9130-72bda3167cff-140037709906048","trial_id":1,"param_name":"max_hold","param_value_internal":2.0,"distribution":"{\"name\": \"IntDistribution\", \"attributes\": {\"log\": false, \"step\": 1, \"low\": 0, \"high\": 3}}"}
{"op_code":5,"worker_id":"1eb63a02-86e5-4893-9130-72bda3167cff-140037709906048","trial_id":1,"param_name":"stop_k","param_value_internal":2.0,"distribution":"{\"name\": \"IntDistribution\", \"attributes\": {\"log\": false, \"step\": 1, \"low\": 0, \"high\": 6}}"}
{"op_code":7,"worker_id":"1eb63a02-86e5-4893-9130-72bda3167cff-140037709906048","trial_id":1,"step":1,"intermediate_value":-0.7823177202271643}
{"op_code":7,"worker_id":"1eb63a02-86e5-4893-9130-72bda3167cff-140037709906048","trial_id":1,"step":2,"intermediate_value":-0.8906876368763007}
{"op_code":8,"worker_id":"1eb63a02-86e5-4893-9130-72bda3167cff-140037709906048","trial_id":1,"user_attr":{"n_trades":2205}}
{"op_code":8,"worker_id":"1eb63a02-86e5-4893-9130-72bda3167cff-140037709906048","trial_id":1,"user_attr":{"cagr":-0.01740129623051212}}
{"op_code":8,"worker_id":"1eb63a02-86e5-4893-9130-72bda3167cff-140037709906048","trial_id":1,"user_attr":{"max_drawdown":-0.16267606155745185}}
{"op_code":8,"worker_id":"1eb63a02-86e5-4893-9130-72bda3167cff-140037709906048","trial_id":1,"user_attr":{"sharpe_raw":-0.17506795793547747}}
{"op_code":6,"worker_id":"1eb63a02-86e5-4893-9130-72bda3167cff-140037709906048","trial_id":1,"state":1,"values":[-0.17506795793547747],"datetime_complete":"2026-09-30T17:19:31.579417+00:00"}
{"op_code":4,"worker_id":"1eb63a02-86e5-4893-9130-72bda3167cff-140037709906048","study_id":0,"datetime_start":"2026-09-30T17:19:31.580417+00:00"}
{"op_code":5,"worker_id":"1eb63a02-86e5-4893-9130-72bda3167cff-140037709906048","trial_id":2,"param_name":"lookback","param_value_internal":0.0,"distribution":"{\"name\": \"IntDistribution\", \"attributes\": {\"log\": false, \"step\": 1, \"low\": 0, \"high\": 2}}"}
{"op_code":5,"worker_id":"1eb63a02-86e5-4893-9130-72bda3167cff-140037709906048","trial_id":2,"param_name":"threshold","param_value_internal":6.0,"distribution":"{\"name\": \"IntDistribution\", \"attributes\": {\"log\": false, \"step\": 1, \"low\": 0, \"high\": 6}}"}
{"op_code":5,"worker_id":"1eb63a02-86e5-4893-9130-72bda3167cff-140037709906048","trial_id":2,"param_name":"alpha","param_value_internal":1.0,"distribution":"{\"name\": \"IntDistribution\", \"attributes\": {\"log\": false, \"step\": 1, \"low\": 0, \"high\": 3}}"}
{"op_code":5,"worker_id":"1eb63a02-86e5-4893-9130-72bda3167cff-140037709906048","trial_id":2,"param_name":"z_window","param_value_internal":0.0,"distribution":"{\"name\": \"IntDistribution\", \"attributes\": {\"log\": false, \"step\": 1, \"low\": 0, \"high\": 2}}"}
{"op_code":5,"worker_id":"1eb63a02-86e5-4893-9130-72bda3167cff-140037709906048","trial_id":2,"param_name":"entry_z","param_value_internal":6.0,"distribution":"{\"name\": \"IntDistribution\", \"attributes\": {\"log\": false, \"step\": 1, \"low\": 0, \"high\": 6}}"}
{"op_code":5,"worker_id":"1eb63a02-86e5-4893-9130-72bda3167cff-140037709906048","trial_id":2,"param_name":"exit_z","param_value_internal":0.0,"distribution":"{\"name\": \"IntDistribution\", \"attributes\": {\"log\": false, \"step\": 1, \"low\": 0, \"high\": 4}}"}
{"op_code":5,"worker_id":"1eb63a02-86e5-4893-9130-72bda3167cff-140037709906048","trial_id":2,"param_name":"max_hold","param_value_internal":2.0,"distribution":"{\"name\": \"IntDistribution\", \"attributes\": {\"log\": false, \"step\": 1, \"low\": 0, \"high\": 3}}"}
{"op_code":5,"worker_id":"1eb63a02-86e5-4893-9130-72bda3167cff-140037709906048","trial_id":2,"param_name":"stop_k","param_value_internal":0.0,"distribution":"{\"name\": \"IntDistribution\", \"attributes\": {\"log\": false, \"step\": 1, \"low\": 0, \"high\": 6}}"}
{"op_code":7,"worker_id":"1eb63a02-86e5-4893-9130-72bda3167cff-140037709906048","trial_id":2,"step":1,"intermediate_value":-2.4800336422606875}
{"op_code":7,"worker_id":"1eb63a02-86e5-4893-9130-72bda3167cff-140037709906048","trial_id":2,"step":2,"intermediate_value":-2.2009609351989625}
{"op_code":8,"worker_id":"1eb63a02-86e5-4893-9130-72bda3167cff-140037709906048","trial_id":2,"user_attr":{"n_trades":1793}}
{"op_code":8,"worker_id":"1eb63a02-86e5-4893-9130-72bda3167cff-140037709906048","trial_id":2,"user_attr":{"cagr":-0.10499555076610534}}
{"op_code":8,"worker_id":"1eb63a02-86e5-4893-9130-72bda3167cff-140037709906048","trial_id":2,"user_attr":{"max_drawdown":-0.2887084384940125}}
{"op_code":8,"worker_id":"1eb63a02-86e5-4893-9130-72bda3167cff-140037709906048","trial_id":2,"user_attr":{"sharpe_raw":-1.573093914970656}}
{"op_code":6,"worker_id":"1eb63a02-86e5-4893-9130-72bda3167cff-140037709906048","trial_id":2,"state":1,"values":[-1.573093914970656],"datetime_complete":"2026-09-30T17:19:33.819371+00:00"}
{"op_code":4,"worker_id":"1eb63a02-86e5-4893-9130-72bda3167cff-140037709906048","study_id":0,"datetime_start":"2026-09-30T17:19:33.819988+00:00"}
{"op_code":5,"worker_id":"1eb63a02-86e5-4893-9130-72bda3167cff-140037709906048","trial_id":3,"param_name":"lookback","param_value_internal":2.0,"distribution":"{\"name\": \"IntDistribution\", \"attributes\": {\"log\": false, \"step\": 1, \"low\": 0, \"high\": 2}}"}
{"op_code":5,"worker_id":"1eb63a02-86e5-4893-9130-72bda3167cff-140037709906048","trial_id":3,"param_name":"threshold","param_value_internal":4.0,"distribution":"{\"name\": \"IntDistribution\", \"attributes\": {\"log\": false, \"step\": 1, \"low\": 0, \"high\": 6}}"}
{"op_code":5,"worker_id":"1eb63a02-86e5-4893-9130-72bda3167cff-140037709906048","trial_id":3,"param_name":"alpha","param_value_internal":2.0,"distribution":"{\"name\": \"IntDistribution\", \"attributes\": {\"log\": false, \"step\": 1, \"low\": 0, \"high\": 3}}"}
{"op_code":5,"worker_id":"1eb63a02-86e5-4893-9130-72bda3167cff-140037709906048","trial_id":3,"param_name":"z_window","param_value_internal":2.0,"distribution":"{\"name\": \"IntDistribution\", \"attributes\": {\"log\": false, \"step\": 1, \"low\": 0, \"high\": 2}}"}
{"op_code":5,"worker_id":"1eb63a02-86e5-4893-9130-72bda3167cff-140037709906048","trial_id":3,"param_name":"entry_z","param_value_internal":3.0,"distribution":"{\"name\": \"IntDistribution\", \"attributes\": {\"log\": false, \"step\": 1, \"low\": 0, \"high\": 6}}"}
{"op_code":5,"worker_id":"1eb63a02-86e5-4893-9130-72bda3167cff-140037709906048","trial_id":3,"param_name":"exit_z","param_value_internal":0.0,"distribution":"{\"name\": \"IntDistribution\", \"attributes\": {\"log\": false, \"step\": 1, \"low\": 0, \"high\": 4}}"}
{"op_code":5,"worker_id":"1eb63a02-86e5-4893-9130-72bda3167cff-140037709906048","trial_id":3,"param_name":"max_hold","param_value_internal":2.0,"distribution":"{\"name\": \"IntDistribution\", \"attributes\": {\"log\": false, \"step\": 1, \"low\": 0, \"high\": 3}}"}
{"op_code":5,"worker_id":"1eb63a02-86e5-4893-9130-72bda3167cff-140037709906048","trial_id":3,"param_name":"stop_k","param_value_internal":2.0,"distribution":"{\"name\": \"IntDistribution\", \"attributes\": {\"log\": false, \"step\": 1, \"low\": 0, \"high\": 6}}"}
{"op_code":7,"worker_id":"1eb63a02-86e5-4893-9130-72bda3167cff-140037709906048","trial_id":3,"step":1,"intermediate_value":-0.9525209334039981}
{"op_code":7,"worker_id":"1eb63a02-86e5-4893-9130-72bda3167cff-140037709906048","trial_id":3,"step":2,"intermediate_value":-1.0323595846735114}
{"op_code":8,"worker_id":"1eb63a02-86e5-4893-9130-72bda3167cff-140037709906048","trial_id":3,"user_attr":{"n_trades":1798}}
{"op_code":8,"worker_id":"1eb63a02-86e5-4893-9130-72bda3167cff-140037709906048","trial_id":3,"user_attr":{"cagr":-0.060643532848968285}}
{"op_code":8,"worker_id":"1eb63a02-86e5-4893-9130-72bda3167cff-140037709906048","trial_id":3,"user_attr":{"max_drawdown":-0.2219386478566483}}
{"op_code":8,"worker_id":"1eb63a02-86e5-4893-9130-72bda3167cff-140037709906048","trial_id":3,"user_attr":{"sharpe_raw":-0.7369072218686322}}
{"op_code":6,"worker_id":"1eb63a02-86e5-4893-9130-72bda3167cff-140037709906048","trial_id":3,"state":1,"values":[-0.7369072218686322],"datetime_complete":"2026-09-30T17:19:39.463800+00:00"}
{"op_code":4,"worker_id":"1eb63a02-86e5-4893-9130-72bda3167cff-140037709906048","study_id":0,"datetime_start":"2026-09-30T17:19:39.464641+00:00"}
{"op_code":5,"worker_id":"1eb63a02-86e5-4893-9130-72bda3167cff-140037709906048","trial_id":4,"param_name":"lookback","param_value_internal":0.0,"distribution":"{\"name\": \"IntDistribution\", \"attributes\": {\"log\": false, \"step\": 1, \"low\": 0, \"high\": 2}}"}
{"op_code":5,"worker_id":"1eb63a02-86e5-4893-9130-72bda3167cff-140037709906048","trial_id":4,"param_name":"threshold","param_value_internal":6.0,"distribution":"{\"name\": \"IntDistribution\", \"attributes\": {\"log\": false, \"step\": 1, \"low\": 0, \"high\": 6}}"}
{"op_code":5,"worker_id":"1eb63a02-86e5-4893-9130-72bda3167cff-140037709906048","trial_id":4,"param_name":"alpha","param_value_internal":2.0,"distribution":"{\"name\": \"IntDistribution\", \"attributes\": {\"log\": false, \"step\": 1, \"low\": 0, \"high\": 3}}"}
{"op_code":5,"worker_id":"1eb63a02-86e5-4893-9130-72bda3167cff-140037709906048","trial_id":4,"param_name":"z_window","param_value_internal":2.0,"distribution":"{\"name\": \"IntDistribution\", \"attributes\": {\"log\": false, \"step\": 1, \"low\": 0, \"high\": 2}}"}
{"op_code":5,"worker_id":"1eb63a02-86e5-4893-9130-72bda3167cff-140037709906048","trial_id":4,"param_name":"entry_z","param_value_internal":5.0,"distribution":"{\"name\": \"IntDistribution\", \"attributes\": {\"log\": false, \"step\": 1, \"low\": 0, \"high\": 6}}"}
{"op_code":5,"worker_id":"1eb63a02-86e5-4893-9130-72bda3167cff-140037709906048","trial_id":4,"param_name":"exit_z","param_value_internal":1.0,"distribution":"{\"name\": \"IntDistribution\", \"attributes\": {\"log\": false, \"step\": 1, \"low\": 0, \"high\": 4}}"}
{"op_code":5,"worker_id":"1eb63a02-86e5-4893-9130-72bda3167cff-140037709906048","trial_id":4,"param_name":"max_hold","param_value_internal":1.0,"distribution":"{\"name\": \"IntDistribution\", \"attributes\": {\"log\": false, \"step\": 1, \"low\": 0, \"high\": 3}}"}
{"op_code":5,"worker_id":"1eb63a02-86e5-4893-9130-72bda3167cff-140037709906048","trial_id":4,"param_name":"stop_k","param_value_internal":3.0,"distribution":"{\"name\": \"IntDistribution\", \"attributes\": {\"log\": false, \"step\": 1, \"low\": 0, \"high\": 6}}"}
{"op_code":7,"worker_id":"1eb63a02-86e5-4893-9130-72bda3167cff-140037709906048","trial_id":4,"step":1,"intermediate_value":-1.3589811990168696}
{"op_code":7,"worker_id":"1eb63a02-86e5-4893-9130-72bda3167cff-140037709906048","trial_id":4,"step":2,"intermediate_value":-1.4023729470835125}
{"op_code":8,"worker_id":"1eb63a02-86e5-4893-9130-72bda3167cff-140037709906048","trial_id":4,"user_attr":{"n_trades":1744}}
{"op_code":8,"worker_id":"1eb63a02-86e5-4893-9130-72bda3167cff-140037709906048","trial_id":4,"user_attr":{"cagr":-0.05091063618070246}}
{"op_code":8,"worker_id":"1eb63a02-86e5-4893-9130-72bda3167cff-140037709906048","trial_id":4,"user_attr":{"max_drawdown":-0.18946187926710756}}
{"op_code":8,"worker_id":"1eb63a02-86e5-4893-9130-72bda3167cff-140037709906048","trial_id":4,"user_attr":{"sharpe_raw":-0.7118497458691232}}
{"op_code":6,"worker_id":"1eb63a02-86e5-4893-9130-72bda3167cff-140037709906048","trial_id":4,"state":1,"values":[-0.7118497458691232],"datetime_complete":"2026-09-30T17:19:42.111078+00:00"}
{"op_code":4,"worker_id":"1eb63a02-86e5-4893-9130-72bda3167cff-140037709906048","study_id":0,"datetime_start":"2026-09-30T17:19:42.114419+00:00"}
{"op_code":5,"worker_id":"1eb63a02-86e5-4893-9130-72bda3167cff-140037709906048","trial_id":5,"param_name":"lookback","param_value_internal":1.0,"distribution":"{\"name\": \"IntDistribution\", \"attributes\": {\"log\": false, \"step\": 1, \"low\": 0, \"high\": 2}}"}
{"op_code":5,"worker_id":"1eb63a02-86e5-4893-9130-72bda3167cff-140037709906048","trial_id":5,"param_name":"threshold","param_value_internal":1.0,"distribution":"{\"name\": \"IntDistribution\", \"attributes\": {\"log\": false, \"step\": 1, \"low\": 0, \"high\": 6}}"}
{"op_code":5,"worker_id":"1eb63a02-86e5-4893-9130-72bda3167cff-140037709906048","trial_id":5,"param_name":"alpha","param_value_internal":0.0,"distribution":"{\"name\": \"IntDistribution\", \"attributes\": {\"log\": false, \"step\": 1, \"low\": 0, \"high\": 3}}"}
{"op_code":5,"worker_id":"1eb63a02-86e5-4893-9130-72bda3167cff-140037709906048","trial_id":5,"param_name":"z_window","param_value_internal":1.0,"distribution":"{\"name\": \"IntDistribution\", \"attributes\": {\"log\": false, \"step\": 1, \"low\": 0, \"high\": 2}}"}
{"op_code":5,"worker_id":"1eb63a02-86e5-4893-9130-72bda3167cff-140037709906048","trial_id":5,"param_name":"entry_z","param_value_internal":0.0,"distribution":"{\"name\": \"IntDistribution\", \"attributes\": {\"log\": false, \"step\": 1, \"low\": 0, \"high\": 6}}"}
{"op_code":5,"worker_id":"1eb63a02-86e5-4893-9130-72bda3167cff-140037709906048","trial_id":5,"param_name":"exit_z","param_value_internal":1.0,"distribution":"{\"name\": \"IntDistribution\", \"attributes\": {\"log\": false, \"step\": 1, \"low\": 0, \"high\": 4}}"}
{"op_code":5,"worker_id":"1eb63a02-86e5-4893-9130-72bda3167cff-140037709906048","trial_id":5,"param_name":"max_hold","param_value_internal":1.0,"distribution":"{\"name\": \"IntDistribution\", \"attributes\": {\"log\": false, \"step\": 1, \"low\": 0, \"high\": 3}}"}
{"op_code":5,"worker_id":"1eb63a02-86e5-4893-9130-72bda3167cff-140037709906048","trial_id":5,"param_name":"stop_k","param_value_internal":6.0,"distribution":"{\"name\": \"IntDistribution\", \"attributes\": {\"log\": false, \"step\": 1, \"low\": 0, \"high\": 6}}"}
{"op_code":7,"worker_id":"1eb63a02-86e5-4893-9130-72bda3167cff-140037709906048","trial_id":5,"step":1,"intermediate_value":-0.71645445201306}
{"op_code":7,"worker_id":"1eb63a02-86e5-4893-9130-72bda3167cff-140037709906048","trial_id":5,"step":2,"intermediate_value":-0.5161595115941916}
{"op_code":8,"worker_id":"1eb63a02-86e5-4893-9130-72bda3167cff-140037709906048","trial_id":5,"user_attr":{"n_trades":2097}}
{"op_code":8,"worker_id":"1eb63a02-86e5-4893-9130-72bda3167cff-140037709906048","trial_id":5,"user_attr":{"cagr":-0.017061996127524237}}
{"op_code":8,"worker_id":"1eb63a02-86e5-4893-9130-72bda3167cff-140037709906048","trial_id":5,"user_attr":{"max_drawdown":-0.1674281653432207}}
{"op_code":8,"worker_id":"1eb63a02-86e5-4893-9130-72bda3167cff-140037709906048","trial_id":5,"user_attr":{"sharpe_raw":-0.156564773994568}}
{"op_code":6,"worker_id":"1eb63a02-86e5-4893-9130-72bda3167cff-140037709906048","trial_id":5,"state":1,"values":[-0.156564773994568],"datetime_complete":"2026-09-30T17:19:44.712618+00:00"}
{"op_code":4,"worker_id":"1eb63a02-86e5-4893-9130-72bda3167cff-140037709906048","study_id":0,"datetime_start":"2026-09-30T17:19:44.713482+00:00"}
{"op_code":5,"worker_id":"1eb63a02-86e5-4893-9130-72bda3167cff-140037709906048","trial_id":6,"param_name":"lookback","param_value_internal":0.0,"distribution":"{\"name\": \"IntDistribution\", \"attributes\": {\"log\": false, \"step\": 1, \"low\": 0, \"high\": 2}}"}
{"op_code":5,"worker_id":"1eb63a02-86e5-4893-9130-72bda3167cff-140037709906048","trial_id":6,"param_name":"threshold","param_value_internal":3.0,"distribution":"{\"name\": \"IntDistribution\", \"attributes\": {\"log\": false, \"step\": 1, \"low\": 0, \"high\": 6}}"}
{"op_code":5,"worker_id":"1eb63a02-86e5-4893-9130-72bda3167cff-140037709906048","trial_id":6,"param_name":"alpha","param_value_internal":2.0,"distribution":"{\"name\": \"IntDistribution\", \"attributes\": {\"log\": false, \"step\": 1, \"low\": 0, \"high\": 3}}"}
{"op_code":5,"worker_id":"1eb63a02-86e5-4893-9130-72bda3167cff-140037709906048","trial_id":6,"param_name":"z_window","param_value_internal":0.0,"distribution":"{\"name\": \"IntDistribution\", \"attributes\": {\"log\": false, \"step\": 1, \"low\": 0, \"high\": 2}}"}
{"op_code":5,"worker_id":"1eb63a02-86e5-4893-9130-72bda3167cff-140037709906048","trial_id":6,"param_name":"entry_z","param_value_internal":1.0,"distribution":"{\"name\": \"IntDistribution\", \"attributes\": {\"log\": false, \"step\": 1, \"low\": 0, \"high\": 6}}"}
{"op_code":5,"worker_id":"1eb63a02-86e5-4893-9130-72bda3167cff-140037709906048","trial_id":6,"param_name":"exit_z","param_value_internal":2.0,"distribution":"{\"name\": \"IntDistribution\", \"attributes\": {\"log\": false, \"step\": 1, \"low\": 0, \"high\": 4}}"}
{"op_code":5,"worker_id":"1eb63a02-86e5-4893-9130-72bda3167cff-140037709906048","trial_id":6,"param_name":"max_hold","param_value_internal":0.0,"distribution":"{\"name\": \"IntDistribution\", \"attributes\": {\"log\": false, \"step\": 1, \"low\": 0, \"high\": 3}}"}
{"op_code":5,"worker_id":"1eb63a02-86e5-4893-9130-72bda3167cff-140037709906048","trial_id":6,"param_name":"stop_k","param_value_internal":3.0,"distribution":"{\"name\": \"IntDistribution\", \"attributes\": {\"log\": false, \"step\": 1, \"low\": 0, \"high\": 6}}"}
{"op_code":7,"worker_id":"1eb63a02-86e5-4893-9130-72bda3167cff-140037709906048","trial_id":6,"step":1,"intermediate_value":-1.3588401709324238}
{"op_code":7,"worker_id":"1eb63a02-86e5-4893-9130-72bda3167cff-140037709906048","trial_id":6,"step":2,"intermediate_value":-1.0903552177261853}
{"op_code":8,"worker_id":"1eb63a02-86e5-4893-9130-72bda3167cff-140037709906048","trial_id":6,"user_attr":{"n_trades":2290}}
{"op_code":8,"worker_id":"1eb63a02-86e5-4893-9130-72bda3167cff-140037709906048","trial_id":6,"user_attr":{"cagr":-0.021272895859790864}}
{"op_code":8,"worker_id":"1eb63a02-86e5-4893-9130-72bda3167cff-140037709906048","trial_id":6,"user_attr":{"max_drawdown":-0.16418371653228492}}
{"op_code":8,"worker_id":"1eb63a02-86e5-4893-9130-72bda3167cff-140037709906048","trial_id":6,"user_attr":{"sharpe_raw":-0.25187791317035296}}
{"op_code":6,"worker_id":"1eb63a02-86e5-4893-9130-72bda3167cff-140037709906048","trial_id":6,"state":1,"values":[-0.25187791317035296],"datetime_complete":"2026-09-30T17:19:47.175173+00:00"}
{"op_code":4,"worker_id":"1eb63a02-86e5-4893-9130-72bda3167cff-140037709906048","study_id":0,"datetime_start":"2026-09-30T17:19:47.178137+00:00"}
{"op_code":5,"worker_id":"1eb63a02-86e5-4893-9130-72bda3167cff-140037709906048","trial_id":7,"param_name":"lookback","param_value_internal":1.0,"distribution":"{\"name\": \"IntDistribution\", \"attributes\": {\"log\": false, \"step\": 1, \"low\": 0, \"high\": 2}}"}
{"op_code":5,"worker_id":"1eb63a02-86e5-4893-9130-72bda3167cff-140037709906048","trial_id":7,"param_name":"threshold","param_value_internal":0.0,"distribution":"{\"name\": \"IntDistribution\", \"attributes\": {\"log\": false, \"step\": 1, \"low\": 0, \"high\": 6}}"}
{"op_code":5,"worker_id":"1eb63a02-86e5-4893-9130-72bda3167cff-140037709906048","trial_id":7,"param_name":"alpha","param_value_internal":2.0,"distribution":"{\"name\": \"IntDistribution\", \"attributes\": {\"log\": false, \"step\": 1, \"low\": 0, \"high\": 3}}"}
{"op_code":5,"worker_id":"1eb63a02-86e5-4893-9130-72bda3167cff-140037709906048","trial_id":7,"param_name":"z_window","param_value_internal":1.0,"distribution":"{\"name\": \"IntDistribution\", \"attributes\": {\"log\": false, \"step\": 1, \"low\": 0, \"high\": 2}}"}
{"op_code":5,"worker_id":"1eb63a02-86e5-4893-9130-72bda3167cff-140037709906048","trial_id":7,"param_name":"entry_z","param_value_internal":4.0,"distribution":"{\"name\": \"IntDistribution\", \"attributes\": {\"log\": false, \"step\": 1, \"low\": 0, \"high\": 6}}"}
{"op_code":5,"worker_id":"1eb63a02-86e5-4893-9130-72bda3167cff-140037709906048","trial_id":7,"param_name":"exit_z","param_value_internal":0.0,"distribution":"{\"name\": \"IntDistribution\", \"attributes\": {\"log\": false, \"step\": 1, \"low\": 0, \"high\": 4}}"}
{"op_code":5,"worker_id":"1eb63a02-86e5-4893-9130-72bda3167cff-140037709906048","trial_id":7,"param_name":"max_hold","param_value_internal":3.0,"distribution":"{\"name\": \"IntDistribution\", \"attributes\": {\"log\": false, \"step\": 1, \"low\": 0, \"high\": 3}}"}
{"op_code":5,"worker_id":"1eb63a02-86e5-4893-9130-72bda3167cff-140037709906048","trial_id":7,"param_name":"stop_k","param_value_internal":0.0,"distribution":"{\"name\": \"IntDistribution\", \"attributes\": {\"log\": false, \"step\": 1, \"low\": 0, \"high\": 6}}"}
{"op_code":7,"worker_id":"1eb63a02-86e5-4893-9130-72bda3167cff-140037709906048","trial_id":7,"step":1,"intermediate_value":-2.111768960271536}
{"op_code":7,"worker_id":"1eb63a02-86e5-4893-9130-72bda3167cff-140037709906048","trial_id":7,"step":2,"intermediate_value":-1.7381274181167232}
{"op_code":8,"worker_id":"1eb63a02-86e5-4893-9130-72bda3167cff-140037709906048","trial_id":7,"user_attr":{"n_trades":1900}}
{"op_code":8,"worker_id":"1eb63a02-86e5-4893-9130-72bda3167cff-140037709906048","trial_id":7,"user_attr":{"cagr":-0.06601056193554755}}
{"op_code":8,"worker_id":"1eb63a02-86e5-4893-9130-72bda3167cff-140037709906048","trial_id":7,"user_attr":{"max_drawdown":-0.25433597283046105}}
{"op_code":8,"worker_id":"1eb63a02-86e5-4893-9130-72bda3167cff-140037709906048","trial_id":7,"user_attr":{"sharpe_raw":-0.8404787617695024}}
{"op_code":6,"worker_id":"1eb63a02-86e5-4893-9130-72bda3167cff-140037709906048","trial_id":7,"state":1,"values":[-0.8404787617695024],"datetime_complete":"2026-09-30T17:19:50.192380+00:00"}
{"op_code":4,"worker_id":"1eb63a02-86e5-4893-9130-72bda3167cff-140037709906048","study_id":0,"datetime_start":"2026-09-30T17:19:50.193089+00:00"}
{"op_code":5,"worker_id":"1eb63a02-86e5-4893-9130-72bda3167cff-140037709906048","trial_id":8,"param_name":"lookback","param_value_internal":2.0,"distribution":"{\"name\": \"IntDistribution\", \"attributes\": {\"log\": false, \"step\": 1, \"low\": 0, \"high\": 2}}"}
{"op_code":5,"worker_id":"1eb63a02-86e5-4893-9130-72bda3167cff-140037709906048","trial_id":8,"param_name":"threshold","param_value_internal":5.0,"distribution":"{\"name\": \"IntDistribution\", \"attributes\": {\"log\": false, \"step\": 1, \"low\": 0, \"high\": 6}}"}
{"op_code":5,"worker_id":"1eb63a02-86e5-4893-9130-72bda3167cff-140037709906048","trial_id":8,"param_name":"alpha","param_value_internal":1.0,"distribution":"{\"name\": \"IntDistribution\", \"attributes\": {\"log\": false, \"step\": 1, \"low\": 0, \"high\": 3}}"}
{"op_code":5,"worker_id":"1eb63a02-86e5-4893-9130-72bda3167cff-140037709906048","trial_id":8,"param_name":"z_window","param_value_internal":2.0,"distribution":"{\"name\": \"IntDistribution\", \"attributes\": {\"log\": false, \"step\": 1, \"low\": 0, \"high\": 2}}"}
{"op_code":5,"worker_id":"1eb63a02-86e5-4893-9130-72bda3167cff-140037709906048","trial_id":8,"param_name":"entry_z","param_value_internal":3.0,"distribution":"{\"name\": \"IntDistribution\", \"attributes\": {\"log\": false, \"step\": 1, \"low\": 0, \"high\": 6}}"}
{"op_code":5,"worker_id":"1eb63a02-86e5-4893-9130-72bda3167cff-140037709906048","trial_id":8,"param_name":"exit_z","param_value_internal":1.0,"distribution":"{\"name\": \"IntDistribution\", \"attributes\": {\"log\": false, \"step\": 1, \"low\": 0, \"high\": 4}}"}
{"op_code":5,"worker_id":"1eb63a02-86e5-4893-9130-72bda3167cff-140037709906048","trial_id":8,"param_name":"max_hold","param_value_internal":3.0,"distribution":"{\"name\": \"IntDistribution\", \"attributes\": {\"log\": false, \"step\": 1, \"low\": 0, \"high\": 3}}"}
{"op_code":5,"worker_id":"1eb63a02-86e5-4893-9130-72bda3167cff-140037709906048","trial_id":8,"param_name":"stop_k","param_value_internal":5.0,"distribution":"{\"name\": \"IntDistribution\", \"attributes\": {\"log\": false, \"step\": 1, \"low\": 0, \"high\": 6}}"}
{"op_code":7,"worker_id":"1eb63a02-86e5-4893-9130-72bda3167cff-140037709906048","trial_id":8,"step":1,"intermediate_value":-0.9757215822761197}
{"op_code":7,"worker_id":"1eb63a02-86e5-4893-9130-72bda3167cff-140037709906048","trial_id":8,"step":2,"intermediate_value":-0.8294385496931954}
{"op_code":8,"worker_id":"1eb63a02-86e5-4893-9130-72bda3167cff-140037709906048","trial_id":8,"user_attr":{"n_trades":1914}}
{"op_code":8,"worker_id":"1eb63a02-86e5-4893-9130-72bda3167cff-140037709906048","trial_id":8,"user_attr":{"cagr":-0.0377937886447256}}
{"op_code":8,"worker_id":"1eb63a02-86e5-4893-9130-72bda3167cff-140037709906048","trial_id":8,"user_attr":{"max_drawdown":-0.19057284515206752}}
{"op_code":8,"worker_id":"1eb63a02-86e5-4893-9130-72bda3167cff-140037709906048","trial_id":8,"user_attr":{"sharpe_raw":-0.423443144930478}}
{"op_code":6,"worker_id":"1eb63a02-86e5-4893-9130-72bda3167cff-140037709906048","trial_id":8,"state":1,"values":[-0.423443144930478],"datetime_complete":"2026-09-30T17:19:55.848916+00:00"}
{"op_code":4,"worker_id":"1eb63a02-86e5-4893-9130-72bda3167cff-140037709906048","study_id":0,"datetime_start":"2026-09-30T17:19:55.849563+00:00"}
{"op_code":5,"worker_id":"1eb63a02-86e5-4893-9130-72bda3167cff-140037709906048","trial_id":9,"param_name":"lookback","param_value_internal":2.0,"distribution":"{\"name\": \"IntDistribution\", \"attributes\": {\"log\": false, \"step\": 1, \"low\": 0, \"high\": 2}}"}
{"op_code":5,"worker_id":"1eb63a02-86e5-4893-9130-72bda3167cff-140037709906048","trial_id":9,"param_name":"threshold","param_value_internal":6.0,"distribution":"{\"name\": \"IntDistribution\", \"attributes\": {\"log\": false, \"step\": 1, \"low\": 0, \"high\": 6}}"}
{"op_code":5,"worker_id":"1eb63a02-86e5-4893-9130-72bda3167cff-140037709906048","trial_id":9,"param_name":"alpha","param_value_internal":1.0,"distribution":"{\"name\": \"IntDistribution\", \"attributes\": {\"log\": false, \"step\": 1, \"low\": 0, \"high\": 3}}"}
{"op_code":5,"worker_id":"1eb63a02-86e5-4893-9130-72bda3167cff-140037709906048","trial_id":9,"param_name":"z_window","param_value_internal":0.0,"distribution":"{\"name\": \"IntDistribution\", \"attributes\": {\"log\": false, \"step\": 1, \"low\": 0, \"high\": 2}}"}
{"op_code":5,"worker_id":"1eb63a02-86e5-4893-9130-72bda3167cff-140037709906048","trial_id":9,"param_name":"entry_z","param_value_internal":3.0,"distribution":"{\"name\": \"IntDistribution\", \"attributes\": {\"log\": false, \"step\": 1, \"low\": 0, \"high\": 6}}"}
{"op_code":5,"worker_id":"1eb63a02-86e5-4893-9130-72bda3167cff-140037709906048","trial_id":9,"param_name":"exit_z","param_value_internal":2.0,"distribution":"{\"name\": \"IntDistribution\", \"attributes\": {\"log\": false, \"step\": 1, \"low\": 0, \"high\": 4}}"}
{"op_code":5,"worker_id":"1eb63a02-86e5-4893-9130-72bda3167cff-140037709906048","trial_id":9,"param_name":"max_hold","param_value_internal":2.0,"distribution":"{\"name\": \"IntDistribution\", \"attributes\": {\"log\": false, \"step\": 1, \"low\": 0, \"high\": 3}}"}
{"op_code":5,"worker_id":"1eb63a02-86e5-4893-9130-72bda3167cff-140037709906048","trial_id":9,"param_name":"stop_k","param_value_internal":3.0,"distribution":"{\"name\": \"IntDistribution\", \"attributes\": {\"log\": false, \"step\": 1, \"low\": 0, \"high\": 6}}"}
{"op_code":7,"worker_id":"1eb63a02-86e5-4893-9130-72bda3167cff-140037709906048","trial_id":9,"step":1,"intermediate_value":-1.0751520224795557}
{"op_code":7,"worker_id":"1eb63a02-86e5-4893-9130-72bda3167cff-140037709906048","trial_id":9,"step":2,"intermediate_value":-1.0476302911267064}
{"op_code":8,"worker_id":"1eb63a02-86e5-4893-9130-72bda3167cff-140037709906048","trial_id":9,"user_attr":{"n_trades":2171}}
{"op_code":8,"worker_id":"1eb63a02-86e5-4893-9130-72bda3167cff-140037709906048","trial_id":9,"user_attr":{"cagr":-0.04379381654086456}}
{"op_code":8,"worker_id":"1eb63a02-86e5-4893-9130-72bda3167cff-140037709906048","trial_id":9,"user_attr":{"max_drawdown":-0.15221551768445263}}
{"op_code":8,"worker_id":"1eb63a02-86e5-4893-9130-72bda3167cff-140037709906048","trial_id":9,"user_attr":{"sharpe_raw":-0.5576038513576793}}
{"op_code":6,"worker_id":"1eb63a02-86e5-4893-9130-72bda3167cff-140037709906048","trial_id":9,"state":1,"values":[-0.5576038513576793],"datetime_complete":"2026-09-30T17:20:01.354354+00:00"}
{"op_code":4,"worker_id":"1eb63a02-86e5-4893-9130-72bda3167cff-140037709906048","study_id":0,"datetime_start":"2026-09-30T17:20:01.355013+00:00"}
{"op_code":5,"worker_id":"1eb63a02-86e5-4893-9130-72bda3167cff-140037709906048","trial_id":10,"param_name":"lookback","param_value_internal":2.0,"distribution":"{\"name\": \"IntDistribution\", \"attributes\": {\"log\": false, \"step\": 1, \"low\": 0, \"high\": 2}}"}
{"op_code":5,"worker_id":"1eb63a02-86e5-4893-9130-72bda3167cff-140037709906048","trial_id":10,"param_name":"threshold","param_value_internal":4.0,"distribution":"{\"name\": \"IntDistribution\", \"attributes\": {\"log\": false, \"step\": 1, \"low\": 0, \"high\": 6}}"}
{"op_code":5,"worker_id":"1eb63a02-86e5-4893-9130-72bda3167cff-140037709906048","trial_id":10,"param_name":"alpha","param_value_internal":3.0,"distribution":"{\"name\": \"IntDistribution\", \"attributes\": {\"log\": false, \"step\": 1, \"low\": 0, \"high\": 3}}"}
{"op_code":5,"worker_id":"1eb63a02-86e5-4893-9130-72bda3167cff-140037709906048","trial_id":10,"param_name":"z_window","param_value_internal":0.0,"distribution":"{\"name\": \"IntDistribution\", \"attributes\": {\"log\": false, \"step\": 1, \"low\": 0, \"high\": 2}}"}
{"op_code":5,"worker_id":"1eb63a02-86e5-4893-9130-72bda3167cff-140037709906048","trial_id":10,"param_name":"entry_z","param_value_internal":3.0,"distribution":"{\"name\": \"IntDistribution\", \"attributes\": {\"log\": false, \"step\": 1, \"low\": 0, \"high\": 6}}"}
{"op_code":5,"worker_id":"1eb63a02-86e5-4893-9130-72bda3167cff-140037709906048","trial_id":10,"param_name":"exit_z","param_value_internal":4.0,"distribution":"{\"name\": \"IntDistribution\", \"attributes\": {\"log\": false, \"step\": 1, \"low\": 0, \"high\": 4}}"}
{"op_code":5,"worker_id":"1eb63a02-86e5-4893-9130-72bda3167cff-140037709906048","trial_id":10,"param_name":"max_hold","param_value_internal":3.0,"distribution":"{\"name\": \"IntDistribution\", \"attributes\": {\"log\": false, \"step\": 1, \"low\": 0, \"high\": 3}}"}
{"op_code":5,"worker_id":"1eb63a02-86e5-4893-9130-72bda3167cff-140037709906048","trial_id":10,"param_name":"stop_k","param_value_internal":1.0,"distribution":"{\"name\": \"IntDistribution\", \"attributes\": {\"log\": false, \"step\": 1, \"low\": 0, \"high\": 6}}"}
{"op_code":7,"worker_id":"1eb63a02-86e5-4893-9130-72bda3167cff-140037709906048","trial_id":10,"step":1,"intermediate_value":-1.1338908666998895}
{"op_code":7,"worker_id":"1eb63a02-86e5-4893-9130-72bda3167cff-140037709906048","trial_id":10,"step":2,"intermediate_value":-1.2442427277326433}
{"op_code":8,"worker_id":"1eb63a02-86e5-4893-9130-72bda3167cff-140037709906048","trial_id":10,"user_attr":{"n_trades":2391}}
{"op_code":8,"worker_id":"1eb63a02-86e5-4893-9130-72bda3167cff-140037709906048","trial_id":10,"user_attr":{"cagr":-0.05752237533270077}}
{"op_code":8,"worker_id":"1eb63a02-86e5-4893-9130-72bda3167cff-140037709906048","trial_id":10,"user_attr":{"max_drawdown":-0.17795696744189293}}
{"op_code":8,"worker_id":"1eb63a02-86e5-4893-9130-72bda3167cff-140037709906048","trial_id":10,"user_attr":{"sharpe_raw":-0.746470538834637}}
{"op_code":6,"worker_id":"1eb63a02-86e5-4893-9130-72bda3167cff-140037709906048","trial_id":10,"state":1,"values":[-0.746470538834637],"datetime_complete":"2026-09-30T17:20:06.445408+00:00"}
{"op_code":4,"worker_id":"1eb63a02-86e5-4893-9130-72bda3167cff-140037709906048","study_id":0,"datetime_start":"2026-09-30T17:20:06.446067+00:00"}
{"op_code":5,"worker_id":"1eb63a02-86e5-4893-9130-72bda3167cff-140037709906048","trial_id":11,"param_name":"lookback","param_value_internal":1.0,"distribution":"{\"name\": \"IntDistribution\", \"attributes\": {\"log\": false, \"step\": 1, \"low\": 0, \"high\": 2}}"}
{"op_code":5,"worker_id":"1eb63a02-86e5-4893-9130-72bda3167cff-140037709906048","trial_id":11,"param_name":"threshold","param_value_internal":3.0,"distribution":"{\"name\": \"IntDistribution\", \"attributes\": {\"log\": false, \"step\": 1, \"low\": 0, \"high\": 6}}"}
{"op_code":5,"worker_id":"1eb63a02-86e5-4893-9130-72bda3167cff-140037709906048","trial_id":11,"param_name":"alpha","param_value_internal":2.0,"distribution":"{\"name\": \"IntDistribution\", \"attributes\": {\"log\": false, \"step\": 1, \"low\": 0, \"high\": 3}}"}
{"op_code":5,"worker_id":"1eb63a02-86e5-4893-9130-72bda3167cff-140037709906048","trial_id":11,"param_name":"z_window","param_value_internal":1.0,"distribution":"{\"name\": \"IntDistribution\", \"attributes\": {\"log\": false, \"step\": 1, \"low\": 0, \"high\": 2}}"}
{"op_code":5,"worker_id":"1eb63a02-86e5-4893-9130-72bda3167cff-140037709906048","trial_id":11,"param_name":"entry_z","param_value_internal":3.0,"distribution":"{\"name\": \"IntDistribution\", \"attributes\": {\"log\": false, \"step\": 1, \"low\": 0, \"high\": 6}}"}
{"op_code":5,"worker_id":"1eb63a02-86e5-4893-9130-72bda3167cff-140037709906048","trial_id":11,"param_name":"exit_z","param_value_internal":2.0,"distribution":"{\"name\": \"IntDistribution\", \"attributes\": {\"log\": false, \"step\": 1, \"low\": 0, \"high\": 4}}"}
{"op_code":5,"worker_id":"1eb63a02-86e5-4893-9130-72bda3167cff-140037709906048","trial_id":11,"param_name":"max_hold","param_value_internal":1.0,"distribution":"{\"name\": \"IntDistribution\", \"attributes\": {\"log\": false, \"step\": 1, \"low\": 0, \"high\": 3}}"}
{"op_code":5,"worker_id":"1eb63a02-86e5-4893-9130-72bda3167cff-140037709906048","trial_id":11,"param_name":"stop_k","param_value_internal":5.0,"distribution":"{\"name\": \"IntDistribution\", \"attributes\": {\"log\": false, \"step\": 1, \"low\": 0, \"high\": 6}}"}
{"op_code":7,"worker_id":"1eb63a02-86e5-4893-9130-72bda3167cff-140037709906048","trial_id":11,"step":1,"intermediate_value":-0.9721186682255708}
{"op_code":7,"worker_id":"1eb63a02-86e5-4893-9130-72bda3167cff-140037709906048","trial_id":11,"step":2,"intermediate_value":-1.0163826040111488}
{"op_code":8,"worker_id":"1eb63a02-86e5-4893-9130-72bda3167cff-140037709906048","trial_id":11,"user_attr":{"n_trades":2106}}
{"op_code":8,"worker_id":"1eb63a02-86e5-4893-9130-72bda3167cff-140037709906048","trial_id":11,"user_attr":{"cagr":-0.033158546800182376}}
{"op_code":8,"worker_id":"1eb63a02-86e5-4893-9130-72bda3167cff-140037709906048","trial_id":11,"user_attr":{"max_drawdown":-0.16409858779902065}}
{"op_code":8,"worker_id":"1eb63a02-86e5-4893-9130-72bda3167cff-140037709906048","trial_id":11,"user_attr":{"sharpe_raw":-0.387325675111258}}
{"op_code":6,"worker_id":"1eb63a02-86e5-4893-9130-72bda3167cff-140037709906048","trial_id":11,"state":1,"values":[-0.387325675111258],"datetime_complete":"2026-09-30T17:20:09.074783+00:00"}
{"op_code":4,"worker_id":"1eb63a02-86e5-4893-9130-72bda3167cff-140037709906048","study_id":0,"datetime_start":"2026-09-30T17:20:09.075471+00:00"}
{"op_code":9,"worker_id":"1eb63a02-86e5-4893-9130-72bda3167cff-140037709906048","trial_id":12,"system_attr":{"tpe:relative_params:0":"{\"alpha\": 0, \"entry_z\": 0, \"exit_z\": 1, \"lookback\": 1, \"max_hold\": 2, \"stop_k\": 5, \"threshold\": 1, \"z_window\": 0}"}}
{"op_code":5,"worker_id":"1eb63a02-86e5-4893-9130-72bda3167cff-140037709906048","trial_id":12,"param_name":"lookback","param_value_internal":1.0,"distribution":"{\"name\": \"IntDistribution\", \"attributes\": {\"log\": false, \"step\": 1, \"low\": 0, \"high\": 2}}"}
{"op_code":5,"worker_id":"1eb63a02-86e5-4893-9130-72bda3167cff-140037709906048","trial_id":12,"param_name":"threshold","param_value_internal":1.0,"distribution":"{\"name\": \"IntDistribution\", \"attributes\": {\"log\": false, \"step\": 1, \"low\": 0, \"high\": 6}}"}
{"op_code":5,"worker_id":"1eb63a02-86e5-4893-9130-72bda3167cff-140037709906048","trial_id":12,"param_name":"alpha","param_value_internal":0.0,"distribution":"{\"name\": \"IntDistribution\", \"attributes\": {\"log\": false, \"step\": 1, \"low\": 0, \"high\": 3}}"}
{"op_code":5,"worker_id":"1eb63a02-86e5-4893-9130-72bda3167cff-140037709906048","trial_id":12,"param_name":"z_window","param_value_internal":0.0,"distribution":"{\"name\": \"IntDistribution\", \"attributes\": {\"log\": false, \"step\": 1, \"low\": 0, \"high\": 2}}"}
{"op_code":5,"worker_id":"1eb63a02-86e5-4893-9130-72bda3167cff-140037709906048","trial_id":12,"param_name":"entry_z","param_value_internal":0.0,"distribution":"{\"name\": \"IntDistribution\", \"attributes\": {\"log\": false, \"step\": 1, \"low\": 0, \"high\": 6}}"}
{"op_code":5,"worker_id":"1eb63a02-86e5-4893-9130-72bda3167cff-140037709906048","trial_id":12,"param_name":"exit_z","param_value_internal":1.0,"distribution":"{\"name\": \"IntDistribution\", \"attributes\": {\"log\": false, \"step\": 1, \"low\": 0, \"high\": 4}}"}
{"op_code":5,"worker_id":"1eb63a02-86e5-4893-9130-72bda3167cff-140037709906048","trial_id":12,"param_name":"max_hold","param_value_internal":2.0,"distribution":"{\"name\": \"IntDistribution\", \"attributes\": {\"log\": false, \"step\": 1, \"low\": 0, \"high\": 3}}"}
{"op_code":5,"worker_id":"1eb63a02-86e5-4893-9130-72bda3167cff-140037709906048","trial_id":12,"param_name":"stop_k","param_value_internal":5.0,"distribution":"{\"name\": \"IntDistribution\", \"attributes\": {\"log\": false, \"step\": 1, \"low\": 0, \"high\": 6}}"}
{"op_code":7,"worker_id":"1eb63a02-86e5-4893-9130-72bda3167cff-140037709906048","trial_id":12,"step":1,"intermediate_value":-0.31617435106729663}
{"op_code":7,"worker_id":"1eb63a02-86e5-4893-9130-72bda3167cff-140037709906048","trial_id":12,"step":2,"intermediate_value":-0.5382830042567348}
{"op_code":8,"worker_id":"1eb63a02-86e5-4893-9130-72bda3167cff-140037709906048","trial_id":12,"user_attr":{"n_trades":2141}}
{"op_code":8,"worker_id":"1eb63a02-86e5-4893-9130-72bda3167cff-140037709906048","trial_id":12,"user_attr":{"cagr":0.00168933752655831}}
{"op_code":8,"worker_id":"1eb63a02-86e5-4893-9130-72bda3167cff-140037709906048","trial_id":12,"user_attr":{"max_drawdown":-0.1358717766737716}}
{"op_code":8,"worker_id":"1eb63a02-86e5-4893-9130-72bda3167cff-140037709906048","trial_id":12,"user_attr":{"sharpe_raw":0.062175523025204245}}
{"op_code":6,"worker_id":"1eb63a02-86e5-4893-9130-72bda3167cff-140037709906048","trial_id":12,"state":1,"values":[0.062175523025204245],"datetime_complete":"2026-09-30T17:20:11.760987+00:00"}
{"op_code":4,"worker_id":"1eb63a02-86e5-4893-9130-72bda3167cff-140037709906048","study_id":0,"datetime_start":"2026-09-30T17:20:11.761490+00:00"}
{"op_code":9,"worker_id":"1eb63a02-86e5-4893-9130-72bda3167cff-140037709906048","trial_id":13,"system_attr":{"tpe:relative_params:0":"{\"alpha\": 0, \"entry_z\": 0, \"exit_z\": 1, \"lookback\": 1, \"max_hold\": 1, \"stop_k\": 3, \"threshold\": 0, \"z_window\": 1}"}}
{"op_code":5,"worker_id":"1eb63a02-86e5-4893-9130-72bda3167cff-140037709906048","trial_id":13,"param_name":"lookback","param_value_internal":1.0,"distribution":"{\"name\": \"IntDistribution\", \"attributes\": {\"log\": false, \"step\": 1, \"low\": 0, \"high\": 2}}"}
{"op_code":5,"worker_id":"1eb63a02-86e5-4893-9130-72bda3167cff-140037709906048","trial_id":13,"param_name":"threshold","param_value_internal":0.0,"distribution":"{\"name\": \"IntDistribution\", \"attributes\": {\"log\": false, \"step\": 1, \"low\": 0, \"high\": 6}}"}
{"op_code":5,"worker_id":"1eb63a02-86e5-4893-9130-72bda3167cff-140037709906048","trial_id":13,"param_name":"alpha","param_value_internal":0.0,"distribution":"{\"name\": \"IntDistribution\", \"attributes\": {\"log\": false, \"step\": 1, \"low\": 0, \"high\": 3}}"}
{"op_code":5,"worker_id":"1eb63a02-86e5-4893-9130-72bda3167cff-140037709906048","trial_id":13,"param_name":"z_window","param_value_internal":1.0,"distribution":"{\"name\": \"IntDistribution\", \"attributes\": {\"log\": false, \"step\": 1, \"low\": 0, \"high\": 2}}"}
{"op_code":5,"worker_id":"1eb63a02-86e5-4893-9130-72bda3167cff-140037709906048","trial_id":13,"param_name":"entry_z","param_value_internal":0.0,"distribution":"{\"name\": \"IntDistribution\", \"attributes\": {\"log\": false, \"step\": 1, \"low\": 0, \"high\": 6}}"}
{"op_code":5,"worker_id":"1eb63a02-86e5-4893-9130-72bda3167cff-140037709906048","trial_id":13,"param_name":"exit_z","param_value_internal":1.0,"distribution":"{\"name\": \"IntDistribution\", \"attributes\": {\"log\": false, \"step\": 1, \"low\": 0, \"high\": 4}}"}
{"op_code":5,"worker_id":"1eb63a02-86e5-4893-9130-72bda3167cff-140037709906048","trial_id":13,"param_name":"max_hold","param_value_internal":1.0,"distribution":"{\"name\": \"IntDistribution\", \"attributes\": {\"log\": false, \"step\": 1, \"low\": 0, \"high\": 3}}"}
{"op_code":5,"worker_id":"1eb63a02-86e5-4893-9130-72bda3167cff-140037709906048","trial_id":13,"param_name":"stop_k","param_value_internal":3.0,"distribution":"{\"name\": \"IntDistribution\", \"attributes\": {\"log\": false, \"step\": 1, \"low\": 0, \"high\": 6}}"}
{"op_code":7,"worker_id":"1eb63a02-86e5-4893-9130-72bda3167cff-140037709906048","trial_id":13,"step":1,"intermediate_value":-0.6111976959848581}
{"op_code":7,"worker_id":"1eb63a02-86e5-4893-9130-72bda3167cff-140037709906048","trial_id":13,"step":2,"intermediate_value":-0.5158371430771506}
{"op_code":8,"worker_id":"1eb63a02-86e5-4893-9130-72bda3167cff-140037709906048","trial_id":13,"user_attr":{"n_trades":2149}}
{"op_code":8,"worker_id":"1eb63a02-86e5-4893-9130-72bda3167cff-140037709906048","trial_id":13,"user_attr":{"cagr":-0.005693437122091249}}
{"op_code":8,"worker_id":"1eb63a02-86e5-4893-9130-72bda3167cff-140037709906048","trial_id":13,"user_attr":{"max_drawdown":-0.1442124838060428}}
{"op_code":8,"worker_id":"1eb63a02-86e5-4893-9130-72bda3167cff-140037709906048","trial_id":13,"user_attr":{"sharpe_raw":-0.02756228326765197}}
{"op_code":6,"worker_id":"1eb63a02-86e5-4893-9130-72bda3167cff-140037709906048","trial_id":13,"state":1,"values":[-0.02756228326765197],"datetime_complete":"2026-09-30T17:20:14.618085+00:00"}
{"op_code":4,"worker_id":"1eb63a02-86e5-4893-9130-72bda3167cff-140037709906048","study_id":0,"datetime_start":"2026-09-30T17:20:14.618947+00:00"}
{"op_code":9,"worker_id":"1eb63a02-86e5-4893-9130-72bda3167cff-140037709906048","trial_id":14,"system_attr":{"tpe:relative_params:0":"{\"alpha\": 1, \"entry_z\": 2, \"exit_z\": 1, \"lookback\": 1, \"max_hold\": 2, \"stop_k\": 3, \"threshold\": 1, \"z_window\": 1}"}}
{"op_code":5,"worker_id":"1eb63a02-86e5-4893-9130-72bda3167cff-140037709906048","trial_id":14,"param_name":"lookback","param_value_internal":1.0,"distribution":"{\"name\": \"IntDistribution\", \"attributes\": {\"log\": false, \"step\": 1, \"low\": 0, \"high\": 2}}"}
{"op_code":5,"worker_id":"1eb63a02-86e5-4893-9130-72bda3167cff-140037709906048","trial_id":14,"param_name":"threshold","param_value_internal":1.0,"distribution":"{\"name\": \"IntDistribution\", \"attributes\": {\"log\": false, \"step\": 1, \"low\": 0, \"high\": 6}}"}
{"op_code":5,"worker_id":"1eb63a02-86e5-4893-9130-72bda3167cff-140037709906048","trial_id":14,"param_name":"alpha","param_value_internal":1.0,"distribution":"{\"name\": \"IntDistribution\", \"attributes\": {\"log\": false, \"step\": 1, \"low\": 0, \"high\": 3}}"}
{"op_code":5,"worker_id":"1eb63a02-86e5-4893-9130-72bda3167cff-140037709906048","trial_id":14,"param_name":"z_window","param_value_internal":1.0,"distribution":"{\"name\": \"IntDistribution\", \"attributes\": {\"log\": false, \"step\": 1, \"low\": 0, \"high\": 2}}"}
{"op_code":5,"worker_id":"1eb63a02-86e5-4893-9130-72bda3167cff-140037709906048","trial_id":14,"param_name":"entry_z","param_value_internal":2.0,"distribution":"{\"name\": \"IntDistribution\", \"attributes\": {\"log\": false, \"step\": 1, \"low\": 0, \"high\": 6}}"}
{"op_code":5,"worker_id":"1eb63a02-86e5-4893-9130-72bda3167cff-140037709906048","trial_id":14,"param_name":"exit_z","param_value_internal":1.0,"distribution":"{\"name\": \"IntDistribution\", \"attributes\": {\"log\": false, \"step\": 1, \"low\": 0, \"high\": 4}}"}
{"op_code":5,"worker_id":"1eb63a02-86e5-4893-9130-72bda3167cff-140037709906048","trial_id":14,"param_name":"max_hold","param_value_internal":2.0,"distribution":"{\"name\": \"IntDistribution\", \"attributes\": {\"log\": false, \"step\": 1, \"low\": 0, \"high\": 3}}"}
{"op_code":5,"worker_id":"1eb63a02-86e5-4893-9130-72bda3167cff-140037709906048","trial_id":14,"param_name":"stop_k","param_value_internal":3.0,"distribution":"{\"name\": \"IntDistribution\", \"attributes\": {\"log\": false, \"step\": 1, \"low\": 0, \"high\": 6}}"}
{"op_code":7,"worker_id":"1eb63a02-86e5-4893-9130-72bda3167cff-140037709906048","trial_id":14,"step":1,"intermediate_value":-0.7223979712772852}
{"op_code":7,"worker_id":"1eb63a02-86e5-4893-9130-72bda3167cff-140037709906048","trial_id":14,"step":2,"intermediate_value":-0.5212122472535217}
{"op_code":8,"worker_id":"1eb63a02-86e5-4893-9130-72bda3167cff-140037709906048","trial_id":14,"user_attr":{"n_trades":2091}}
{"op_code":8,"worker_id":"1eb63a02-86e5-4893-9130-72bda3167cff-140037709906048","trial_id":14,"user_attr":{"cagr":-0.00686447239023491}}
{"op_code":8,"worker_id":"1eb63a02-86e5-4893-9130-72bda3167cff-140037709906048","trial_id":14,"user_attr":{"max_drawdown":-0.14809259037569078}}
{"op_code":8,"worker_id":"1eb63a02-86e5-4893-9130-72bda3167cff-140037709906048","trial_id":14,"user_attr":{"sharpe_raw":-0.04285992095350645}}
{"op_code":6,"worker_id":"1eb63a02-86e5-4893-9130-72bda3167cff-140037709906048","trial_id":14,"state":1,"values":[-0.04285992095350645],"datetime_complete":"2026-09-30T17:20:17.335958+00:00"}
{"op_code":4,"worker_id":"1eb63a02-86e5-4893-9130-72bda3167cff-140037709906048","study_id":0,"datetime_start":"2026-09-30T17:20:17.336685+00:00"}
{"op_code":9,"worker_id":"1eb63a02-86e5-4893-9130-72bda3167cff-140037709906048","trial_id":15,"system_attr":{"tpe:relative_params:0":"{\"alpha\": 0, \"entry_z\": 0, \"exit_z\": 2, \"lookback\": 2, \"max_hold\": 2, \"stop_k\": 6, \"threshold\": 3, \"z_window\": 0}"}}
{"op_code":5,"worker_id":"1eb63a02-86e5-4893-9130-72bda3167cff-140037709906048","trial_id":15,"param_name":"lookback","param_value_internal":2.0,"distribution":"{\"name\": \"IntDistribution\", \"attributes\": {\"log\": false, \"step\": 1, \"low\": 0, \"high\": 2}}"}
{"op_code":5,"worker_id":"1eb63a02-86e5-4893-9130-72bda3167cff-140037709906048","trial_id":15,"param_name":"threshold","param_value_internal":3.0,"distribution":"{\"name\": \"IntDistribution\", \"attributes\": {\"log\": false, \"step\": 1, \"low\": 0, \"high\": 6}}"}
{"op_code":5,"worker_id":"1eb63a02-86e5-4893-9130-72bda3167cff-140037709906048","trial_id":15,"param_name":"alpha","param_value_internal":0.0,"distribution":"{\"name\": \"IntDistribution\", \"attributes\": {\"log\": false, \"step\": 1, \"low\": 0, \"high\": 3}}"}
{"op_code":5,"worker_id":"1eb63a02-86e5-4893-9130-72bda3167cff-140037709906048","trial_id":15,"param_name":"z_window","param_value_internal":0.0,"distribution":"{\"name\": \"IntDistribution\", \"attributes\": {\"log\": false, \"step\": 1, \"low\": 0, \"high\": 2}}"}
{"op_code":5,"worker_id":"1eb63a02-86e5-4893-9130-72bda3167cff-140037709906048","trial_id":15,"param_name":"entry_z","param_value_internal":0.0,"distribution":"{\"name\": \"IntDistribution\", \"attributes\": {\"log\": false, \"step\": 1, \"low\": 0, \"high\": 6}}"}
{"op_code":5,"worker_id":"1eb63a02-86e5-4893-9130-72bda3167cff-140037709906048","trial_id":15,"param_name":"exit_z","param_value_internal":2.0,"distribution":"{\"name\": \"IntDistribution\", \"attributes\": {\"log\": false, \"step\": 1, \"low\": 0, \"high\": 4}}"}
{"op_code":5,"worker_id":"1eb63a02-86e5-4893-9130-72bda3167cff-140037709906048","trial_id":15,"param_name":"max_hold","param_value_internal":2.0,"distribution":"{\"name\": \"IntDistribution\", \"attributes\": {\"log\": false, \"step\": 1, \"low\": 0, \"high\": 3}}"}
{"op_code":5,"worker_id":"1eb63a02-86e5-4893-9130-72bda3167cff-140037709906048","trial_id":15,"param_name":"stop_k","param_value_internal":6.0,"distribution":"{\"name\": \"IntDistribution\", \"attributes\": {\"log\": false, \"step\": 1, \"low\": 0, \"high\": 6}}"}
{"op_code":7,"worker_id":"1eb63a02-86e5-4893-9130-72bda3167cff-140037709906048","trial_id":15,"step":1,"intermediate_value":-0.5796156131457674}
{"op_code":7,"worker_id":"1eb63a02-86e5-4893-9130-72bda3167cff-140037709906048","trial_id":15,"step":2,"intermediate_value":-0.8367802819819352}
{"op_code":8,"worker_id":"1eb63a02-86e5-4893-9130-72bda3167cff-140037709906048","trial_id":15,"user_attr":{"n_trades":2275}}
{"op_code":8,"worker_id":"1eb63a02-86e5-4893-9130-72bda3167cff-140037709906048","trial_id":15,"user_attr":{"cagr":-0.030038128986450197}}
{"op_code":8,"worker_id":"1eb63a02-86e5-4893-9130-72bda3167cff-140037709906048","trial_id":15,"user_attr":{"max_drawdown":-0.18703216807453882}}
{"op_code":8,"worker_id":"1eb63a02-86e5-4893-9130-72bda3167cff-140037709906048","trial_id":15,"user_attr":{"sharpe_raw":-0.34157652261744126}}
{"op_code":6,"worker_id":"1eb63a02-86e5-4893-9130-72bda3167cff-140037709906048","trial_id":15,"state":1,"values":[-0.34157652261744126],"datetime_complete":"2026-09-30T17:20:22.457682+00:00"}
{"op_code":4,"worker_id":"1eb63a02-86e5-4893-9130-72bda3167cff-140037709906048","study_id":0,"datetime_start":"2026-09-30T17:20:22.458708+00:00"}
{"op_code":9,"worker_id":"1eb63a02-86e5-4893-9130-72bda3167cff-140037709906048","trial_id":16,"system_attr":{"tpe:relative_params:0":"{\"alpha\": 0, \"entry_z\": 1, \"exit_z\": 1, \"lookback\": 1, \"max_hold\": 0, \"stop_k\": 3, \"threshold\": 2, \"z_window\": 0}"}}
{"op_code":5,"worker_id":"1eb63a02-86e5-4893-9130-72bda3167cff-140037709906048","trial_id":16,"param_name":"lookback","param_value_internal":1.0,"distribution":"{\"name\": \"IntDistribution\", \"attributes\": {\"log\": false, \"step\": 1, \"low\": 0, \"high\": 2}}"}
{"op_code":5,"worker_id":"1eb63a02-86e5-4893-9130-72bda3167cff-140037709906048","trial_id":16,"param_name":"threshold","param_value_internal":2.0,"distribution":"{\"name\": \"IntDistribution\", \"attributes\": {\"log\": false, \"step\": 1, \"low\": 0, \"high\": 6}}"}
{"op_code":5,"worker_id":"1eb63a02-86e5-4893-9130-72bda3167cff-140037709906048","trial_id":16,"param_name":"alpha","param_value_internal":0.0,"distribution":"{\"name\": \"IntDistribution\", \"attributes\": {\"log\": false, \"step\": 1, \"low\": 0, \"high\": 3}}"}
{"op_code":5,"worker_id":"1eb63a02-86e5-4893-9130-72bda3167cff-140037709906048","trial_id":16,"param_name":"z_window","param_value_internal":0.0,"distribution":"{\"name\": \"IntDistribution\", \"attributes\": {\"log\": false, \"step\": 1, \"low\": 0, \"high\": 2}}"}
{"op_code":5,"worker_id":"1eb63a02-86e5-4893-9130-72bda3167cff-140037709906048","trial_id":16,"param_name":"entry_z","param_value_internal":1.0,"distribution":"{\"name\": \"IntDistribution\", \"attributes\": {\"log\": false, \"step\": 1, \"low\": 0, \"high\": 6}}"}
{"op_code":5,"worker_id":"1eb63a02-86e5-4893-9130-72bda3167cff-140037709906048","trial_id":16,"param_name":"exit_z","param_value_internal":1.0,"distribution":"{\"name\": \"IntDistribution\", \"attributes\": {\"log\": false, \"step\": 1, \"low\": 0, \"high\": 4}}"}
{"op_code":5,"worker_id":"1eb63a02-86e5-4893-9130-72bda3167cff-140037709906048","trial_id":16,"param_name":"max_hold","param_value_internal":0.0,"distribution":"{\"name\": \"IntDistribution\", \"attributes\": {\"log\": false, \"step\": 1, \"low\": 0, \"high\": 3}}"}
{"op_code":5,"worker_id":"1eb63a02-86e5-4893-9130-72bda3167cff-140037709906048","trial_id":16,"param_name":"stop_k","param_value_internal":3.0,"distribution":"{\"name\": \"IntDistribution\", \"attributes\": {\"log\": false, \"step\": 1, \"low\": 0, \"high\": 6}}"}
{"op_code":7,"worker_id":"1eb63a02-86e5-4893-9130-72bda3167cff-140037709906048","trial_id":16,"step":1,"intermediate_value":-0.45765006730876817}
{"op_code":7,"worker_id":"1eb63a02-86e5-4893-9130-72bda3167cff-140037709906048","trial_id":16,"step":2,"intermediate_value":-0.49779770550657393}
{"op_code":8,"worker_id":"1eb63a02-86e5-4893-9130-72bda3167cff-140037709906048","trial_id":16,"user_attr":{"n_trades":2155}}
{"op_code":8,"worker_id":"1eb63a02-86e5-4893-9130-72bda3167cff-140037709906048","trial_id":16,"user_attr":{"cagr":0.010873977732640316}}
{"op_code":8,"worker_id":"1eb63a02-86e5-4893-9130-72bda3167cff-140037709906048","trial_id":16,"user_attr":{"max_drawdown":-0.11138577451497012}}
{"op_code":8,"worker_id":"1eb63a02-86e5-4893-9130-72bda3167cff-140037709906048","trial_id":16,"user_attr":{"sharpe_raw":0.17722717665371843}}
{"op_code":6,"worker_id":"1eb63a02-86e5-4893-9130-72bda3167cff-140037709906048","trial_id":16,"state":1,"values":[0.17722717665371843],"datetime_complete":"2026-09-30T17:20:25.350102+00:00"}
{"op_code":4,"worker_id":"1eb63a02-86e5-4893-9130-72bda3167cff-140037709906048","study_id":0,"datetime_start":"2026-09-30T17:20:25.354933+00:00"}
{"op_code":9,"worker_id":"1eb63a02-86e5-4893-9130-72bda3167cff-140037709906048","trial_id":17,"system_attr":{"tpe:relative_params:0":"{\"alpha\": 0, \"entry_z\": 1, \"exit_z\": 1, \"lookback\": 1, \"max_hold\": 3, \"stop_k\": 6, \"threshold\": 2, \"z_window\": 0}"}}
{"op_code":5,"worker_id":"1eb63a02-86e5-4893-9130-72bda3167cff-140037709906048","trial_id":17,"param_name":"lookback","param_value_internal":1.0,"distribution":"{\"name\": \"IntDistribution\", \"attributes\": {\"log\": false, \"step\": 1, \"low\": 0, \"high\": 2}}"}
{"op_code":5,"worker_id":"1eb63a02-86e5-4893-9130-72bda3167cff-140037709906048","trial_id":17,"param_name":"threshold","param_value_internal":2.0,"distribution":"{\"name\": \"IntDistribution\", \"attributes\": {\"log\": false, \"step\": 1, \"low\": 0, \"high\": 6}}"}
{"op_code":5,"worker_id":"1eb63a02-86e5-4893-9130-72bda3167cff-140037709906048","trial_id":17,"param_name":"alpha","param_value_internal":0.0,"distribution":"{\"name\": \"IntDistribution\", \"attributes\": {\"log\": false, \"step\": 1, \"low\": 0, \"high\": 3}}"}
{"op_code":5,"worker_id":"1eb63a02-86e5-4893-9130-72bda3167cff-140037709906048","trial_id":17,"param_name":"z_window","param_value_internal":0.0,"distribution":"{\"name\": \"IntDistribution\", \"attributes\": {\"log\": false, \"step\": 1, \"low\": 0, \"high\": 2}}"}
{"op_code":5,"worker_id":"1eb63a02-86e5-4893-9130-72bda3167cff-140037709906048","trial_id":17,"param_name":"entry_z","param_value_internal":1.0,"distribution":"{\"name\": \"IntDistribution\", \"attributes\": {\"log\": false, \"step\": 1, \"low\": 0, \"high\": 6}}"}
{"op_code":5,"worker_id":"1eb63a02-86e5-4893-9130-72bda3167cff-140037709906048","trial_id":17,"param_name":"exit_z","param_value_internal":1.0,"distribution":"{\"name\": \"IntDistribution\", \"attributes\": {\"log\": false, \"step\": 1, \"low\": 0, \"high\": 4}}"}
{"op_code":5,"worker_id":"1eb63a02-86e5-4893-9130-72bda3167cff-140037709906048","trial_id":17,"param_name":"max_hold","param_value_internal":3.0,"distribution":"{\"name\": \"IntDistribution\", \"attributes\": {\"log\": false, \"step\": 1, \"low\": 0, \"high\": 3}}"}
{"op_code":5,"worker_id":"1eb63a02-86e5-4893-9130-72bda3167cff-140037709906048","trial_id":17,"param_name":"stop_k","param_value_internal":6.0,"distribution":"{\"name\": \"IntDistribution\", \"attributes\": {\"log\": false, \"step\": 1, \"low\": 0, \"high\": 6}}"}
{"op_code":7,"worker_id":"1eb63a02-86e5-4893-9130-72bda3167cff-140037709906048","trial_id":17,"step":1,"intermediate_value":0.013762752792733595}
{"op_code":7,"worker_id":"1eb63a02-86e5-4893-9130-72bda3167cff-140037709906048","trial_id":17,"step":2,"intermediate_value":-0.2623090187159069}
{"op_code":8,"worker_id":"1eb63a02-86e5-4893-9130-72bda3167cff-140037709906048","trial_id":17,"user_attr":{"n_trades":2107}}
{"op_code":8,"worker_id":"1eb63a02-86e5-4893-9130-72bda3167cff-140037709906048","trial_id":17,"user_attr":{"cagr":0.016525808068561743}}
{"op_code":8,"worker_id":"1eb63a02-86e5-4893-9130-72bda3167cff-140037709906048","trial_id":17,"user_attr":{"max_drawdown":-0.11434131635763789}}
{"op_code":8,"worker_id":"1eb63a02-86e5-4893-9130-72bda3167cff-140037709906048","trial_id":17,"user_attr":{"sharpe_raw":0.2387601872774496}}
{"op_code":6,"worker_id":"1eb63a02-86e5-4893-9130-72bda3167cff-140037709906048","trial_id":17,"state":1,"values":[0.2387601872774496],"datetime_complete":"2026-09-30T17:20:25.644515+00:00"}
{"op_code":4,"worker_id":"1eb63a02-86e5-4893-9130-72bda3167cff-140037709906048","study_id":0,"datetime_start":"2026-09-30T17:20:25.645890+00:00"}
{"op_code":9,"worker_id":"1eb63a02-86e5-4893-9130-72bda3167cff-140037709906048","trial_id":18,"system_attr":{"tpe:relative_params:0":"{\"alpha\": 0, \"entry_z\": 3, \"exit_z\": 2, \"lookback\": 1, \"max_hold\": 0, \"stop_k\": 6, \"threshold\": 1, \"z_window\": 0}"}}
{"op_code":5,"worker_id":"1eb63a02-86e5-4893-9130-72bda3167cff-140037709906048","trial_id":18,"param_name":"lookback","param_value_internal":1.0,"distribution":"{\"name\": \"IntDistribution\", \"attributes\": {\"log\": false, \"step\": 1, \"low\": 0, \"high\": 2}}"}
{"op_code":5,"worker_id":"1eb63a02-86e5-4893-9130-72bda3167cff-140037709906048","trial_id":18,"param_name":"threshold","param_value_internal":1.0,"distribution":"{\"name\": \"IntDistribution\", \"attributes\": {\"log\": false, \"step\": 1, \"low\": 0, \"high\": 6}}"}
{"op_code":5,"worker_id":"1eb63a02-86e5-4893-9130-72bda3167cff-140037709906048","trial_id":18,"param_name":"alpha","param_value_internal":0.0,"distribution":"{\"name\": \"IntDistribution\", \"attributes\": {\"log\": false, \"step\": 1, \"low\": 0, \"high\": 3}}"}
{"op_code":5,"worker_id":"1eb63a02-86e5-4893-9130-72bda3167cff-140037709906048","trial_id":18,"param_name":"z_window","param_value_internal":0.0,"distribution":"{\"name\": \"IntDistribution\", \"attributes\": {\"log\": false, \"step\": 1, \"low\": 0, \"high\": 2}}"}
{"op_code":5,"worker_id":"1eb63a02-86e5-4893-9130-72bda3167cff-140037709906048","trial_id":18,"param_name":"entry_z","param_value_internal":3.0,"distribution":"{\"name\": \"IntDistribution\", \"attributes\": {\"log\": false, \"step\": 1, \"low\": 0, \"high\": 6}}"}
{"op_code":5,"worker_id":"1eb63a02-86e5-4893-9130-72bda3167cff-140037709906048","trial_id":18,"param_name":"exit_z","param_value_internal":2.0,"distribution":"{\"name\": \"IntDistribution\", \"attributes\": {\"log\": false, \"step\": 1, \"low\": 0, \"high\": 4}}"}
{"op_code":5,"worker_id":"1eb63a02-86e5-4893-9130-72bda3167cff-140037709906048","trial_id":18,"param_name":"max_hold","param_value_internal":0.0,"distribution":"{\"name\": \"IntDistribution\", \"attributes\": {\"log\": false, \"step\": 1, \"low\": 0, \"high\": 3}}"}
{"op_code":5,"worker_id":"1eb63a02-86e5-4893-9130-72bda3167cff-140037709906048","trial_id":18,"param_name":"stop_k","param_value_internal":6.0,"distribution":"{\"name\": \"IntDistribution\", \"attributes\": {\"log\": false, \"step\": 1, \"low\": 0, \"high\": 6}}"}
{"op_code":7,"worker_id":"1eb63a02-86e5-4893-9130-72bda3167cff-140037709906048","trial_id":18,"step":1,"intermediate_value":-0.7166281110104914}
{"op_code":7,"worker_id":"1eb63a02-86e5-4893-9130-72bda3167cff-140037709906048","trial_id":18,"step":2,"intermediate_value":-0.8100528292304985}
{"op_code":8,"worker_id":"1eb63a02-86e5-4893-9130-72bda3167cff-140037709906048","trial_id":18,"user_attr":{"n_trades":2157}}
{"op_code":8,"worker_id":"1eb63a02-86e5-4893-9130-72bda3167cff-140037709906048","trial_id":18,"user_attr":{"cagr":-0.0049242323570648505}}
{"op_code":8,"worker_id":"1eb63a02-86e5-4893-9130-72bda3167cff-140037709906048","trial_id":18,"user_attr":{"max_drawdown":-0.14448062095070024}}
{"op_code":8,"worker_id":"1eb63a02-86e5-4893-9130-72bda3167cff-140037709906048","trial_id":18,"user_attr":{"sharpe_raw":-0.020902329122361073}}
{"op_code":6,"worker_id":"1eb63a02-86e5-4893-9130-72bda3167cff-140037709906048","trial_id":18,"state":1,"values":[-0.020902329122361073],"datetime_complete":"2026-09-30T17:20:25.916326+00:00"}
{"op_code":4,"worker_id":"1eb63a02-86e5-4893-9130-72bda3167cff-140037709906048","study_id":0,"datetime_start":"2026-09-30T17:20:25.917119+00:00"}
{"op_code":9,"worker_id":"1eb63a02-86e5-4893-9130-72bda3167cff-140037709906048","trial_id":19,"system_attr":{"tpe:relative_params:0":"{\"alpha\": 0, \"entry_z\": 0, \"exit_z\": 1, \"lookback\": 0, \"max_hold\": 2, \"stop_k\": 3, \"threshold\": 3, \"z_window\": 0}"}}
{"op_code":5,"worker_id":"1eb63a02-86e5-4893-9130-72bda3167cff-140037709906048","trial_id":19,"param_name":"lookback","param_value_internal":0.0,"distribution":"{\"name\": \"IntDistribution\", \"attributes\": {\"log\": false, \"step\": 1, \"low\": 0, \"high\": 2}}"}
{"op_code":5,"worker_id":"1eb63a02-86e5-4893-9130-72bda3167cff-140037709906048","trial_id":19,"param_name":"threshold","param_value_internal":3.0,"distribution":"{\"name\": \"IntDistribution\", \"attributes\": {\"log\": false, \"step\": 1, \"low\": 0, \"high\": 6}}"}
{"op_code":5,"worker_id":"1eb63a02-86e5-4893-9130-72bda3167cff-140037709906048","trial_id":19,"param_name":"alpha","param_value_internal":0.0,"distribution":"{\"name\": \"IntDistribution\", \"attributes\": {\"log\": false, \"step\": 1, \"low\": 0, \"high\": 3}}"}
{"op_code":5,"worker_id":"1eb63a02-86e5-4893-9130-72bda3167cff-140037709906048","trial_id":19,"param_name":"z_window","param_value_internal":0.0,"distribution":"{\"name\": \"IntDistribution\", \"attributes\": {\"log\": false, \"step\": 1, \"low\": 0, \"high\": 2}}"}
{"op_code":5,"worker_id":"1eb63a02-86e5-4893-9130-72bda3167cff-140037709906048","trial_id":19,"param_name":"entry_z","param_value_internal":0.0,"distribution":"{\"name\": \"IntDistribution\", \"attributes\": {\"log\": false, \"step\": 1, \"low\": 0, \"high\": 6}}"}
{"op_code":5,"worker_id":"1eb63a02-86e5-4893-9130-72bda3167cff-140037709906048","trial_id":19,"param_name":"exit_z","param_value_internal":1.0,"distribution":"{\"name\": \"IntDistribution\", \"attributes\": {\"log\": false, \"step\": 1, \"low\": 0, \"high\": 4}}"}
{"op_code":5,"worker_id":"1eb63a02-86e5-4893-9130-72bda3167cff-140037709906048","trial_id":19,"param_name":"max_hold","param_value_internal":2.0,"distribution":"{\"name\": \"IntDistribution\", \"attributes\": {\"log\": false, \"step\": 1, \"low\": 0, \"high\": 3}}"}
{"op_code":5,"worker_id":"1eb63a02-86e5-4893-9130-72bda3167cff-140037709906048","trial_id":19,"param_name":"stop_k","param_value_internal":3.0,"distribution":"{\"name\": \"IntDistribution\", \"attributes\": {\"log\": false, \"step\": 1, \"low\": 0, \"high\": 6}}"}
{"op_code":7,"worker_id":"1eb63a02-86e5-4893-9130-72bda3167cff-140037709906048","trial_id":19,"step":1,"intermediate_value":-0.5737536453483013}
{"op_code":7,"worker_id":"1eb63a02-86e5-4893-9130-72bda3167cff-140037709906048","trial_id":19,"step":2,"intermediate_value":-0.5910464788058728}
{"op_code":8,"worker_id":"1eb63a02-86e5-4893-9130-72bda3167cff-140037709906048","trial_id":19,"user_attr":{"n_trades":2173}}
{"op_code":8,"worker_id":"1eb63a02-86e5-4893-9130-72bda3167cff-140037709906048","trial_id":19,"user_attr":{"cagr":-0.0232210718031296}}
{"op_code":8,"worker_id":"1eb63a02-86e5-4893-9130-72bda3167cff-140037709906048","trial_id":19,"user_attr":{"max_drawdown":-0.1239714314856647}}
{"op_code":8,"worker_id":"1eb63a02-86e5-4893-9130-72bda3167cff-140037709906048","trial_id":19,"user_attr":{"sharpe_raw":-0.25316124207646074}}
{"op_code":6,"worker_id":"1eb63a02-86e5-4893-9130-72bda3167cff-140037709906048","trial_id":19,"state":1,"values":[-0.25316124207646074],"datetime_complete":"2026-09-30T17:20:28.306103+00:00"}
{"op_code":4,"worker_id":"1eb63a02-86e5-4893-9130-72bda3167cff-140037709906048","study_id":0,"datetime_start":"2026-09-30T17:20:28.306849+00:00"}
{"op_code":9,"worker_id":"1eb63a02-86e5-4893-9130-72bda3167cff-140037709906048","trial_id":20,"system_attr":{"tpe:relative_params:0":"{\"alpha\": 1, \"entry_z\": 2, \"exit_z\": 1, \"lookback\": 1, \"max_hold\": 3, \"stop_k\": 1, \"threshold\": 2, \"z_window\": 0}"}}
{"op_code":5,"worker_id":"1eb63a02-86e5-4893-9130-72bda3167cff-140037709906048","trial_id":20,"param_name":"lookback","param_value_internal":1.0,"distribution":"{\"name\": \"IntDistribution\", \"attributes\": {\"log\": false, \"step\": 1, \"low\": 0, \"high\": 2}}"}
{"op_code":5,"worker_id":"1eb63a02-86e5-4893-9130-72bda3167cff-140037709906048","trial_id":20,"param_name":"threshold","param_value_internal":2.0,"distribution":"{\"name\": \"IntDistribution\", \"attributes\": {\"log\": false, \"step\": 1, \"low\": 0, \"high\": 6}}"}
{"op_code":5,"worker_id":"1eb63a02-86e5-4893-9130-72bda3167cff-140037709906048","trial_id":20,"param_name":"alpha","param_value_internal":1.0,"distribution":"{\"name\": \"IntDistribution\", \"attributes\": {\"log\": false, \"step\": 1, \"low\": 0, \"high\": 3}}"}
{"op_code":5,"worker_id":"1eb63a02-86e5-4893-9130-72bda3167cff-140037709906048","trial_id":20,"param_name":"z_window","param_value_internal":0.0,"distribution":"{\"name\": \"IntDistribution\", \"attributes\": {\"log\": false, \"step\": 1, \"low\": 0, \"high\": 2}}"}
{"op_code":5,"worker_id":"1eb63a02-86e5-4893-9130-72bda3167cff-140037709906048","trial_id":20,"param_name":"entry_z","param_value_internal":2.0,"distribution":"{\"name\": \"IntDistribution\", \"attributes\": {\"log\": false, \"step\": 1, \"low\": 0, \"high\": 6}}"}
{"op_code":5,"worker_id":"1eb63a02-86e5-4893-9130-72bda3167cff-140037709906048","trial_id":20,"param_name":"exit_z","param_value_internal":1.0,"distribution":"{\"name\": \"IntDistribution\", \"attributes\": {\"log\": false, \"step\": 1, \"low\": 0, \"high\": 4}}"}
{"op_code":5,"worker_id":"1eb63a02-86e5-4893-9130-72bda3167cff-140037709906048","trial_id":20,"param_name":"max_hold","param_value_internal":3.0,"distribution":"{\"name\": \"IntDistribution\", \"attributes\": {\"log\": false, \"step\": 1, \"low\": 0, \"high\": 3}}"}
{"op_code":5,"worker_id":"1eb63a02-86e5-4893-9130-72bda3167cff-140037709906048","trial_id":20,"param_name":"stop_k","param_value_internal":1.0,"distribution":"{\"name\": \"IntDistribution\", \"attributes\": {\"log\": false, \"step\": 1, \"low\": 0, \"high\": 6}}"}
{"op_code":7,"worker_id":"1eb63a02-86e5-4893-9130-72bda3167cff-140037709906048","trial_id":20,"step":1,"intermediate_value":-0.3990604446060692}
{"op_code":7,"worker_id":"1eb63a02-86e5-4893-9130-72bda3167cff-140037709906048","trial_id":20,"step":2,"intermediate_value":-0.46735035718978424}
{"op_code":8,"worker_id":"1eb63a02-86e5-4893-9130-72bda3167cff-140037709906048","trial_id":20,"user_attr":{"n_trades":2211}}
{"op_code":8,"worker_id":"1eb63a02-86e5-4893-9130-72bda3167cff-140037709906048","trial_id":20,"user_attr":{"cagr":0.012299224501695072}}
{"op_code":8,"worker_id":"1eb63a02-86e5-4893-9130-72bda3167cff-140037709906048","trial_id":20,"user_attr":{"max_drawdown":-0.12956149576752474}}
{"op_code":8,"worker_id":"1eb63a02-86e5-4893-9130-72bda3167cff-140037709906048","trial_id":20,"user_attr":{"sharpe_raw":0.196809146351962}}
{"op_code":6,"worker_id":"1eb63a02-86e5-4893-9130-72bda3167cff-140037709906048","trial_id":20,"state":1,"values":[0.196809146351962],"datetime_complete":"2026-09-30T17:20:31.025239+00:00"}
{"op_code":4,"worker_id":"1eb63a02-86e5-4893-9130-72bda3167cff-140037709906048","study_id":0,"datetime_start":"2026-09-30T17:20:31.026013+00:00"}
{"op_code":9,"worker_id":"1eb63a02-86e5-4893-9130-72bda3167cff-140037709906048","trial_id":21,"system_attr":{"tpe:relative_params:0":"{\"alpha\": 2, \"entry_z\": 1, \"exit_z\": 1, \"lookback\": 1, \"max_hold\": 2, \"stop_k\": 2, \"threshold\": 1, \"z_window\": 0}"}}
{"op_code":5,"worker_id":"1eb63a02-86e5-4893-9130-72bda3167cff-140037709906048","trial_id":21,"param_name":"lookback","param_value_internal":1.0,"distribution":"{\"name\": \"IntDistribution\", \"attributes\": {\"log\": false, \"step\": 1, \"low\": 0, \"high\": 2}}"}
{"op_code":5,"worker_id":"1eb63a02-86e5-4893-9130-72bda3167cff-140037709906048","trial_id":21,"param_name":"threshold","param_value_internal":1.0,"distribution":"{\"name\": \"IntDistribution\", \"attributes\": {\"log\": false, \"step\": 1, \"low\": 0, \"high\": 6}}"}
{"op_code":5,"worker_id":"1eb63a02-86e5-4893-9130-72bda3167cff-140037709906048","trial_id":21,"param_name":"alpha","param_value_internal":2.0,"distribution":"{\"name\": \"IntDistribution\", \"attributes\": {\"log\": false, \"step\": 1, \"low\": 0, \"high\": 3}}"}
{"op_code":5,"worker_id":"1eb63a02-86e5-4893-9130-72bda3167cff-140037709906048","trial_id":21,"param_name":"z_window","param_value_internal":0.0,"distribution":"{\"name\": \"IntDistribution\", \"attributes\": {\"log\": false, \"step\": 1, \"low\": 0, \"high\": 2}}"}
{"op_code":5,"worker_id":"1eb63a02-86e5-4893-9130-72bda3167cff-140037709906048","trial_id":21,"param_name":"entry_z","param_value_internal":1.0,"distribution":"{\"name\": \"IntDistribution\", \"attributes\": {\"log\": false, \"step\": 1, \"low\": 0, \"high\": 6}}"}
{"op_code":5,"worker_id":"1eb63a02-86e5-4893-9130-72bda3167cff-140037709906048","trial_id":21,"param_name":"exit_z","param_value_internal":1.0,"distribution":"{\"name\": \"IntDistribution\", \"attributes\": {\"log\": false, \"step\": 1, \"low\": 0, \"high\": 4}}"}
{"op_code":5,"worker_id":"1eb63a02-86e5-4893-9130-72bda3167cff-140037709906048","trial_id":21,"param_name":"max_hold","param_value_internal":2.0,"distribution":"{\"name\": \"IntDistribution\", \"attributes\": {\"log\": false, \"step\": 1, \"low\": 0, \"high\": 3}}"}
{"op_code":5,"worker_id":"1eb63a02-86e5-4893-9130-72bda3167cff-140037709906048","trial_id":21,"param_name":"stop_k","param_value_internal":2.0,"distribution":"{\"name\": \"IntDistribution\", \"attributes\": {\"log\": false, \"step\": 1, \"low\": 0, \"high\": 6}}"}
{"op_code":7,"worker_id":"1eb63a02-86e5-4893-9130-72bda3167cff-140037709906048","trial_id":21,"step":1,"intermediate_value":-0.579555681607271}
{"op_code":7,"worker_id":"1eb63a02-86e5-4893-9130-72bda3167cff-140037709906048","trial_id":21,"step":2,"intermediate_value":-0.5995817122514242}
{"op_code":8,"worker_id":"1eb63a02-86e5-4893-9130-72bda3167cff-140037709906048","trial_id":21,"user_attr":{"n_trades":2180}}
{"op_code":8,"worker_id":"1eb63a02-86e5-4893-9130-72bda3167cff-140037709906048","trial_id":21,"user_attr":{"cagr":-0.005920418565618757}}
{"op_code":8,"worker_id":"1eb63a02-86e5-4893-9130-72bda3167cff-140037709906048","trial_id":21,"user_attr":{"max_drawdown":-0.13877255726795323}}
{"op_code":8,"worker_id":"1eb63a02-86e5-4893-9130-72bda3167cff-140037709906048","trial_id":21,"user_attr":{"sharpe_raw":-0.030687512232552377}}
{"op_code":6,"worker_id":"1eb63a02-86e5-4893-9130-72bda3167cff-140037709906048","trial_id":21,"state":1,"values":[-0.030687512232552377],"datetime_complete":"2026-09-30T17:20:33.586460+00:00"}
{"op_code":4,"worker_id":"1eb63a02-86e5-4893-9130-72bda3167cff-140037709906048","study_id":0,"datetime_start":"2026-09-30T17:20:33.587072+00:00"}
{"op_code":9,"worker_id":"1eb63a02-86e5-4893-9130-72bda3167cff-140037709906048","trial_id":22,"system_attr":{"tpe:relative_params:0":"{\"alpha\": 0, \"entry_z\": 2, \"exit_z\": 0, \"lookback\": 1, \"max_hold\": 3, \"stop_k\": 4, \"threshold\": 1, \"z_window\": 0}"}}
{"op_code":5,"worker_id":"1eb63a02-86e5-4893-9130-72bda3167cff-140037709906048","trial_id":22,"param_name":"lookback","param_value_internal":1.0,"distribution":"{\"name\": \"IntDistribution\", \"attributes\": {\"log\": false, \"step\": 1, \"low\": 0, \"high\": 2}}"}
{"op_code":5,"worker_id":"1eb63a02-86e5-4893-9130-72bda3167cff-140037709906048","trial_id":22,"param_name":"threshold","param_value_internal":1.0,"distribution":"{\"name\": \"IntDistribution\", \"attributes\": {\"log\": false, \"step\": 1, \"low\": 0, \"high\": 6}}"}
{"op_code":5,"worker_id":"1eb63a02-86e5-4893-9130-72bda3167cff-140037709906048","trial_id":22,"param_name":"alpha","param_value_internal":0.0,"distribution":"{\"name\": \"IntDistribution\", \"attributes\": {\"log\": false, \"step\": 1, \"low\": 0, \"high\": 3}}"}
{"op_code":5,"worker_id":"1eb63a02-86e5-4893-9130-72bda3167cff-140037709906048","trial_id":22,"param_name":"z_window","param_value_internal":0.0,"distribution":"{\"name\": \"IntDistribution\", \"attributes\": {\"log\": false, \"step\": 1, \"low\": 0, \"high\": 2}}"}
{"op_code":5,"worker_id":"1eb63a02-86e5-4893-9130-72bda3167cff-140037709906048","trial_id":22,"param_name":"entry_z","param_value_internal":2.0,"distribution":"{\"name\": \"IntDistribution\", \"attributes\": {\"log\": false, \"step\": 1, \"low\": 0, \"high\": 6}}"}
{"op_code":5,"worker_id":"1eb63a02-86e5-4893-9130-72bda3167cff-140037709906048","trial_id":22,"param_name":"exit_z","param_value_internal":0.0,"distribution":"{\"name\": \"IntDistribution\", \"attributes\": {\"log\": false, \"step\": 1, \"low\": 0, \"high\": 4}}"}
{"op_code":5,"worker_id":"1eb63a02-86e5-4893-9130-72bda3167cff-140037709906048","trial_id":22,"param_name":"max_hold","param_value_internal":3.0,"distribution":"{\"name\": \"IntDistribution\", \"attributes\": {\"log\": false, \"step\": 1, \"low\": 0, \"high\": 3}}"}
{"op_code":5,"worker_id":"1eb63a02-86e5-4893-9130-72bda3167cff-140037709906048","trial_id":22,"param_name":"stop_k","param_value_internal":4.0,"distribution":"{\"name\": \"IntDistribution\", \"attributes\": {\"log\": false, \"step\": 1, \"low\": 0, \"high\": 6}}"}
{"op_code":7,"worker_id":"1eb63a02-86e5-4893-9130-72bda3167cff-140037709906048","trial_id":22,"step":1,"intermediate_value":-1.3495267076969442}
{"op_code":6,"worker_id":"1eb63a02-86e5-4893-9130-72bda3167cff-140037709906048","trial_id":22,"state":2,"values":[-1.3495267076969442],"datetime_complete":"2026-09-30T17:20:33.697244+00:00"}
{"op_code":4,"worker_id":"1eb63a02-86e5-4893-9130-72bda3167cff-140037709906048","study_id":0,"datetime_start":"2026-09-30T17:20:33.697967+00:00"}
{"op_code":9,"worker_id":"1eb63a02-86e5-4893-9130-72bda3167cff-140037709906048","trial_id":23,"system_attr":{"tpe:relative_params:0":"{\"alpha\": 0, \"entry_z\": 2, \"exit_z\": 1, \"lookback\": 1, \"max_hold\": 0, \"stop_k\": 2, \"threshold\": 1, \"z_window\": 0}"}}
{"op_code":5,"worker_id":"1eb63a02-86e5-4893-9130-72bda3167cff-140037709906048","trial_id":23,"param_name":"lookback","param_value_internal":1.0,"distribution":"{\"name\": \"IntDistribution\", \"attributes\": {\"log\": false, \"step\": 1, \"low\": 0, \"high\": 2}}"}
{"op_code":5,"worker_id":"1eb63a02-86e5-4893-9130-72bda3167cff-140037709906048","trial_id":23,"param_name":"threshold","param_value_internal":1.0,"distribution":"{\"name\": \"IntDistribution\", \"attributes\": {\"log\": false, \"step\": 1, \"low\": 0, \"high\": 6}}"}
{"op_code":5,"worker_id":"1eb63a02-86e5-4893-9130-72bda3167cff-140037709906048","trial_id":23,"param_name":"alpha","param_value_internal":0.0,"distribution":"{\"name\": \"IntDistribution\", \"attributes\": {\"log\": false, \"step\": 1, \"low\": 0, \"high\": 3}}"}
{"op_code":5,"worker_id":"1eb63a02-86e5-4893-9130-72bda3167cff-140037709906048","trial_id":23,"param_name":"z_window","param_value_internal":0.0,"distribution":"{\"name\": \"IntDistribution\", \"attributes\": {\"log\": false, \"step\": 1, \"low\": 0, \"high\": 2}}"}
{"op_code":5,"worker_id":"1eb63a02-86e5-4893-9130-72bda3167cff-140037709906048","trial_id":23,"param_name":"entry_z","param_value_internal":2.0,"distribution":"{\"name\": \"IntDistribution\", \"attributes\": {\"log\": false, \"step\": 1, \"low\": 0, \"high\": 6}}"}
{"op_code":5,"worker_id":"1eb63a02-86e5-4893-9130-72bda3167cff-140037709906048","trial_id":23,"param_name":"exit_z","param_value_internal":1.0,"distribution":"{\"name\": \"IntDistribution\", \"attributes\": {\"log\": false, \"step\": 1, \"low\": 0, \"high\": 4}}"}
{"op_code":5,"worker_id":"1eb63a02-86e5-4893-9130-72bda3167cff-140037709906048","trial_id":23,"param_name":"max_hold","param_value_internal":0.0,"distribution":"{\"name\": \"IntDistribution\", \"attributes\": {\"log\": false, \"step\": 1, \"low\": 0, \"high\": 3}}"}
{"op_code":5,"worker_id":"1eb63a02-86e5-4893-9130-72bda3167cff-140037709906048","trial_id":23,"param_name":"stop_k","param_value_internal":2.0,"distribution":"{\"name\": \"IntDistribution\", \"attributes\": {\"log\": false, \"step\": 1, \"low\": 0, \"high\": 6}}"}
{"op_code":7,"worker_id":"1eb63a02-86e5-4893-9130-72bda3167cff-140037709906048","trial_id":23,"step":1,"intermediate_value":-0.5846659871145029}
{"op_code":7,"worker_id":"1eb63a02-86e5-4893-9130-72bda3167cff-140037709906048","trial_id":23,"step":2,"intermediate_value":-0.687522294447109}
{"op_code":8,"worker_id":"1eb63a02-86e5-4893-9130-72bda3167cff-140037709906048","trial_id":23,"user_attr":{"n_trades":2163}}
{"op_code":8,"worker_id":"1eb63a02-86e5-4893-9130-72bda3167cff-140037709906048","trial_id":23,"user_attr":{"cagr":0.003065872083390042}}
{"op_code":8,"worker_id":"1eb63a02-86e5-4893-9130-72bda3167cff-140037709906048","trial_id":23,"user_attr":{"max_drawdown":-0.12279621265205687}}
{"op_code":8,"worker_id":"1eb63a02-86e5-4893-9130-72bda3167cff-140037709906048","trial_id":23,"user_attr":{"sharpe_raw":0.07843761016569166}}
{"op_code":6,"worker_id":"1eb63a02-86e5-4893-9130-72bda3167cff-140037709906048","trial_id":23,"state":1,"values":[0.07843761016569166],"datetime_complete":"2026-09-30T17:20:33.969377+00:00"}
{"op_code":4,"worker_id":"1eb63a02-86e5-4893-9130-72bda3167cff-140037709906048","study_id":0,"datetime_start":"2026-09-30T17:20:33.970054+00:00"}
{"op_code":9,"worker_id":"1eb63a02-86e5-4893-9130-72bda3167cff-140037709906048","trial_id":24,"system_attr":{"tpe:relative_params:0":"{\"alpha\": 2, \"entry_z\": 3, \"exit_z\": 1, \"lookback\": 1, \"max_hold\": 3, \"stop_k\": 0, \"threshold\": 2, \"z_window\": 0}"}}
{"op_code":5,"worker_id":"1eb63a02-86e5-4893-9130-72bda3167cff-140037709906048","trial_id":24,"param_name":"lookback","param_value_internal":1.0,"distribution":"{\"name\": \"IntDistribution\", \"attributes\": {\"log\": false, \"step\": 1, \"low\": 0, \"high\": 2}}"}
{"op_code":5,"worker_id":"1eb63a02-86e5-4893-9130-72bda3167cff-140037709906048","trial_id":24,"param_name":"threshold","param_value_internal":2.0,"distribution":"{\"name\": \"IntDistribution\", \"attributes\": {\"log\": false, \"step\": 1, \"low\": 0, \"high\": 6}}"}
{"op_code":5,"worker_id":"1eb63a02-86e5-4893-9130-72bda3167cff-140037709906048","trial_id":24,"param_name":"alpha","param_value_internal":2.0,"distribution":"{\"name\": \"IntDistribution\", \"attributes\": {\"log\": false, \"step\": 1, \"low\": 0, \"high\": 3}}"}
{"op_code":5,"worker_id":"1eb63a02-86e5-4893-9130-72bda3167cff-140037709906048","trial_id":24,"param_name":"z_window","param_value_internal":0.0,"distribution":"{\"name\": \"IntDistribution\", \"attributes\": {\"log\": false, \"step\": 1, \"low\": 0, \"high\": 2}}"}
{"op_code":5,"worker_id":"1eb63a02-86e5-4893-9130-72bda3167cff-140037709906048","trial_id":24,"param_name":"entry_z","param_value_internal":3.0,"distribution":"{\"name\": \"IntDistribution\", \"attributes\": {\"log\": false, \"step\": 1, \"low\": 0, \"high\": 6}}"}
{"op_code":5,"worker_id":"1eb63a02-86e5-4893-9130-72bda3167cff-140037709906048","trial_id":24,"param_name":"exit_z","param_value_internal":1.0,"distribution":"{\"name\": \"IntDistribution\", \"attributes\": {\"log\": false, \"step\": 1, \"low\": 0, \"high\": 4}}"}
{"op_code":5,"worker_id":"1eb63a02-86e5-4893-9130-72bda3167cff-140037709906048","trial_id":24,"param_name":"max_hold","param_value_internal":3.0,"distribution":"{\"name\": \"IntDistribution\", \"attributes\": {\"log\": false, \"step\": 1, \"low\": 0, \"high\": 3}}"}
{"op_code":5,"worker_id":"1eb63a02-86e5-4893-9130-72bda3167cff-140037709906048","trial_id":24,"param_name":"stop_k","param_value_internal":0.0,"distribution":"{\"name\": \"IntDistribution\", \"attributes\": {\"log\": false, \"step\": 1, \"low\": 0, \"high\": 6}}"}
{"op_code":7,"worker_id":"1eb63a02-86e5-4893-9130-72bda3167cff-140037709906048","trial_id":24,"step":1,"intermediate_value":-1.431206704199838}
{"op_code":6,"worker_id":"1eb63a02-86e5-4893-9130-72bda3167cff-140037709906048","trial_id":24,"state":2,"values":[-1.431206704199838],"datetime_complete":"2026-09-30T17:20:36.516002+00:00"}
{"op_code":4,"worker_id":"1eb63a02-86e5-4893-9130-72bda3167cff-140037709906048","study_id":0,"datetime_start":"2026-09-30T17:20:36.516903+00:00"}
{"op_code":9,"worker_id":"1eb63a02-86e5-4893-9130-72bda3167cff-140037709906048","trial_id":25,"system_attr":{"tpe:relative_params:0":"{\"alpha\": 0, \"entry_z\": 2, \"exit_z\": 0, \"lookback\": 1, \"max_hold\": 0, \"stop_k\": 6, \"threshold\": 2, \"z_window\": 0}"}}
{"op_code":5,"worker_id":"1eb63a02-86e5-4893-9130-72bda3167cff-140037709906048","trial_id":25,"param_name":"lookback","param_value_internal":1.0,"distribution":"{\"name\": \"IntDistribution\", \"attributes\": {\"log\": false, \"step\": 1, \"low\": 0, \"high\": 2}}"}
{"op_code":5,"worker_id":"1eb63a02-86e5-4893-9130-72bda3167cff-140037709906048","trial_id":25,"param_name":"threshold","param_value_internal":2.0,"distribution":"{\"name\": \"IntDistribution\", \"attributes\": {\"log\": false, \"step\": 1, \"low\": 0, \"high\": 6}}"}
{"op_code":5,"worker_id":"1eb63a02-86e5-4893-9130-72bda3167cff-140037709906048","trial_id":25,"param_name":"alpha","param_value_internal":0.0,"distribution":"{\"name\": \"IntDistribution\", \"attributes\": {\"log\": false, \"step\": 1, \"low\": 0, \"high\": 3}}"}
{"op_code":5,"worker_id":"1eb63a02-86e5-4893-9130-72bda3167cff-140037709906048","trial_id":25,"param_name":"z_window","param_value_internal":0.0,"distribution":"{\"name\": \"IntDistribution\", \"attributes\": {\"log\": false, \"step\": 1, \"low\": 0, \"high\": 2}}"}
{"op_code":5,"worker_id":"1eb63a02-86e5-4893-9130-72bda3167cff-140037709906048","trial_id":25,"param_name":"entry_z","param_value_internal":2.0,"distribution":"{\"name\": \"IntDistribution\", \"attributes\": {\"log\": false, \"step\": 1, \"low\": 0, \"high\": 6}}"}
{"op_code":5,"worker_id":"1eb63a02-86e5-4893-9130-72bda3167cff-140037709906048","trial_id":25,"param_name":"exit_z","param_value_internal":0.0,"distribution":"{\"name\": \"IntDistribution\", \"attributes\": {\"log\": false, \"step\": 1, \"low\": 0, \"high\": 4}}"}
{"op_code":5,"worker_id":"1eb63a02-86e5-4893-9130-72bda3167cff-140037709906048","trial_id":25,"param_name":"max_hold","param_value_internal":0.0,"distribution":"{\"name\": \"IntDistribution\", \"attributes\": {\"log\": false, \"step\": 1, \"low\": 0, \"high\": 3}}"}
{"op_code":5,"worker_id":"1eb63a02-86e5-4893-9130-72bda3167cff-140037709906048","trial_id":25,"param_name":"stop_k","param_value_internal":6.0,"distribution":"{\"name\": \"IntDistribution\", \"attributes\": {\"log\": false, \"step\": 1, \"low\": 0, \"high\": 6}}"}
{"op_code":7,"worker_id":"1eb63a02-86e5-4893-9130-72bda3167cff-140037709906048","trial_id":25,"step":1,"intermediate_value":-0.992182582427051}
{"op_code":6,"worker_id":"1eb63a02-86e5-4893-9130-72bda3167cff-140037709906048","trial_id":25,"state":2,"values":[-0.992182582427051],"datetime_complete":"2026-09-30T17:20:36.628954+00:00"}
{"op_code":4,"worker_id":"1eb63a02-86e5-4893-9130-72bda3167cff-140037709906048","study_id":0,"datetime_start":"2026-09-30T17:20:36.629793+00:00"}
{"op_code":9,"worker_id":"1eb63a02-86e5-4893-9130-72bda3167cff-140037709906048","trial_id":26,"system_attr":{"tpe:relative_params:0":"{\"alpha\": 0, \"entry_z\": 1, \"exit_z\": 0, \"lookback\": 1, \"max_hold\": 1, \"stop_k\": 2, \"threshold\": 2, \"z_window\": 0}"}}
{"op_code":5,"worker_id":"1eb63a02-86e5-4893-9130-72bda3167cff-140037709906048","trial_id":26,"param_name":"lookback","param_value_internal":1.0,"distribution":"{\"name\": \"IntDistribution\", \"attributes\": {\"log\": false, \"step\": 1, \"low\": 0, \"high\": 2}}"}
{"op_code":5,"worker_id":"1eb63a02-86e5-4893-9130-72bda3167cff-140037709906048","trial_id":26,"param_name":"threshold","param_value_internal":2.0,"distribution":"{\"name\": \"IntDistribution\", \"attributes\": {\"log\": false, \"step\": 1, \"low\": 0, \"high\": 6}}"}
{"op_code":5,"worker_id":"1eb63a02-86e5-4893-9130-72bda3167cff-140037709906048","trial_id":26,"param_name":"alpha","param_value_internal":0.0,"distribution":"{\"name\": \"IntDistribution\", \"attributes\": {\"log\": false, \"step\": 1, \"low\": 0, \"high\": 3}}"}
{"op_code":5,"worker_id":"1eb63a02-86e5-4893-9130-72bda3167cff-140037709906048","trial_id":26,"param_name":"z_window","param_value_internal":0.0,"distribution":"{\"name\": \"IntDistribution\", \"attributes\": {\"log\": false, \"step\": 1, \"low\": 0, \"high\": 2}}"}
{"op_code":5,"worker_id":"1eb63a02-86e5-4893-9130-72bda3167cff-140037709906048","trial_id":26,"param_name":"entry_z","param_value_internal":1.0,"distribution":"{\"name\": \"IntDistribution\", \"attributes\": {\"log\": false, \"step\": 1, \"low\": 0, \"high\": 6}}"}
{"op_code":5,"worker_id":"1eb63a02-86e5-4893-9130-72bda3167cff-140037709906048","trial_id":26,"param_name":"exit_z","param_value_internal":0.0,"distribution":"{\"name\": \"IntDistribution\", \"attributes\": {\"log\": false, \"step\": 1, \"low\": 0, \"high\": 4}}"}
{"op_code":5,"worker_id":"1eb63a02-86e5-4893-9130-72bda3167cff-140037709906048","trial_id":26,"param_name":"max_hold","param_value_internal":1.0,"distribution":"{\"name\": \"IntDistribution\", \"attributes\": {\"log\": false, \"step\": 1, \"low\": 0, \"high\": 3}}"}
{"op_code":5,"worker_id":"1eb63a02-86e5-4893-9130-72bda3167cff-140037709906048","trial_id":26,"param_name":"stop_k","param_value_internal":2.0,"distribution":"{\"name\": \"IntDistribution\", \"attributes\": {\"log\": false, \"step\": 1, \"low\": 0, \"high\": 6}}"}
{"op_code":7,"worker_id":"1eb63a02-86e5-4893-9130-72bda3167cff-140037709906048","trial_id":26,"step":1,"intermediate_value":-0.21354412058141783}
{"op_code":7,"worker_id":"1eb63a02-86e5-4893-9130-72bda3167cff-140037709906048","trial_id":26,"step":2,"intermediate_value":-0.3296367407874319}
{"op_code":8,"worker_id":"1eb63a02-86e5-4893-9130-72bda3167cff-140037709906048","trial_id":26,"user_attr":{"n_trades":1990}}
{"op_code":8,"worker_id":"1eb63a02-86e5-4893-9130-72bda3167cff-140037709906048","trial_id":26,"user_attr":{"cagr":0.014815957538665936}}
{"op_code":8,"worker_id":"1eb63a02-86e5-4893-9130-72bda3167cff-140037709906048","trial_id":26,"user_attr":{"max_drawdown":-0.09376984414485012}}
{"op_code":8,"worker_id":"1eb63a02-86e5-4893-9130-72bda3167cff-140037709906048","trial_id":26,"user_attr":{"sharpe_raw":0.21799637736372882}}
{"op_code":6,"worker_id":"1eb63a02-86e5-4893-9130-72bda3167cff-140037709906048","trial_id":26,"state":1,"values":[0.21799637736372882],"datetime_complete":"2026-09-30T17:20:36.878229+00:00"}
{"op_code":4,"worker_id":"1eb63a02-86e5-4893-9130-72bda3167cff-140037709906048","study_id":0,"datetime_start":"2026-09-30T17:20:36.878788+00:00"}
{"op_code":9,"worker_id":"1eb63a02-86e5-4893-9130-72bda3167cff-140037709906048","trial_id":27,"system_attr":{"tpe:relative_params:0":"{\"alpha\": 0, \"entry_z\": 0, \"exit_z\": 0, \"lookback\": 1, \"max_hold\": 1, \"stop_k\": 2, \"threshold\": 2, \"z_window\": 0}"}}
{"op_code":5,"worker_id":"1eb63a02-86e5-4893-9130-72bda3167cff-140037709906048","trial_id":27,"param_name":"lookback","param_value_internal":1.0,"distribution":"{\"name\": \"IntDistribution\", \"attributes\": {\"log\": false, \"step\": 1, \"low\": 0, \"high\": 2}}"}
{"op_code":5,"worker_id":"1eb63a02-86e5-4893-9130-72bda3167cff-140037709906048","trial_id":27,"param_name":"threshold","param_value_internal":2.0,"distribution":"{\"name\": \"IntDistribution\", \"attributes\": {\"log\": false, \"step\": 1, \"low\": 0, \"high\": 6}}"}
{"op_code":5,"worker_id":"1eb63a02-86e5-4893-9130-72bda3167cff-140037709906048","trial_id":27,"param_name":"alpha","param_value_internal":0.0,"distribution":"{\"name\": \"IntDistribution\", \"attributes\": {\"log\": false, \"step\": 1, \"low\": 0, \"high\": 3}}"}
{"op_code":5,"worker_id":"1eb63a02-86e5-4893-9130-72bda3167cff-140037709906048","trial_id":27,"param_name":"z_window","param_value_internal":0.0,"distribution":"{\"name\": \"IntDistribution\", \"attributes\": {\"log\": false, \"step\": 1, \"low\": 0, \"high\": 2}}"}
{"op_code":5,"worker_id":"1eb63a02-86e5-4893-9130-72bda3167cff-140037709906048","trial_id":27,"param_name":"entry_z","param_value_internal":0.0,"distribution":"{\"name\": \"IntDistribution\", \"attributes\": {\"log\": false, \"step\": 1, \"low\": 0, \"high\": 6}}"}
{"op_code":5,"worker_id":"1eb63a02-86e5-4893-9130-72bda3167cff-140037709906048","trial_id":27,"param_name":"exit_z","param_value_internal":0.0,"distribution":"{\"name\": \"IntDistribution\", \"attributes\": {\"log\": false, \"step\": 1, \"low\": 0, \"high\": 4}}"}
{"op_code":5,"worker_id":"1eb63a02-86e5-4893-9130-72bda3167cff-140037709906048","trial_id":27,"param_name":"max_hold","param_value_internal":1.0,"distribution":"{\"name\": \"IntDistribution\", \"attributes\": {\"log\": false, \"step\": 1, \"low\": 0, \"high\": 3}}"}
{"op_code":5,"worker_id":"1eb63a02-86e5-4893-9130-72bda3167cff-140037709906048","trial_id":27,"param_name":"stop_k","param_value_internal":2.0,"distribution":"{\"name\": \"IntDistribution\", \"attributes\": {\"log\": false, \"step\": 1, \"low\": 0, \"high\": 6}}"}
{"op_code":7,"worker_id":"1eb63a02-86e5-4893-9130-72bda3167cff-140037709906048","trial_id":27,"step":1,"intermediate_value":-0.10796326159617774}
{"op_code":7,"worker_id":"1eb63a02-86e5-4893-9130-72bda3167cff-140037709906048","trial_id":27,"step":2,"intermediate_value":-0.39704324363187127}
{"op_code":8,"worker_id":"1eb63a02-86e5-4893-9130-72bda3167cff-140037709906048","trial_id":27,"user_attr":{"n_trades":2003}}
{"op_code":8,"worker_id":"1eb63a02-86e5-4893-9130-72bda3167cff-140037709906048","trial_id":27,"user_attr":{"cagr":0.012571443734221699}}
{"op_code":8,"worker_id":"1eb63a02-86e5-4893-9130-72bda3167cff-140037709906048","trial_id":27,"user_attr":{"max_drawdown":-0.09026174036331469}}
{"op_code":8,"worker_id":"1eb63a02-86e5-4893-9130-72bda3167cff-140037709906048","trial_id":27,"user_attr":{"sharpe_raw":0.1913044064609992}}
{"op_code":6,"worker_id":"1eb63a02-86e5-4893-9130-72bda3167cff-140037709906048","trial_id":27,"state":1,"values":[0.1913044064609992],"datetime_complete":"2026-09-30T17:20:37.125668+00:00"}
{"op_code":4,"worker_id":"1eb63a02-86e5-4893-9130-72bda3167cff-140037709906048","study_id":0,"datetime_start":"2026-09-30T17:20:37.126351+00:00"}
{"op_code":9,"worker_id":"1eb63a02-86e5-4893-9130-72bda3167cff-140037709906048","trial_id":28,"system_attr":{"tpe:relative_params:0":"{\"alpha\": 0, \"entry_z\": 0, \"exit_z\": 1, \"lookback\": 1, \"max_hold\": 3, \"stop_k\": 4, \"threshold\": 3, \"z_window\": 0}"}}
{"op_code":5,"worker_id":"1eb63a02-86e5-4893-9130-72bda3167cff-140037709906048","trial_id":28,"param_name":"lookback","param_value_internal":1.0,"distribution":"{\"name\": \"IntDistribution\", \"attributes\": {\"log\": false, \"step\": 1, \"low\": 0, \"high\": 2}}"}
{"op_code":5,"worker_id":"1eb63a02-86e5-4893-9130-72bda3167cff-140037709906048","trial_id":28,"param_name":"threshold","param_value_internal":3.0,"distribution":"{\"name\": \"IntDistribution\", \"attributes\": {\"log\": false, \"step\": 1, \"low\": 0, \"high\": 6}}"}
{"op_code":5,"worker_id":"1eb63a02-86e5-4893-9130-72bda3167cff-140037709906048","trial_id":28,"param_name":"alpha","param_value_internal":0.0,"distribution":"{\"name\": \"IntDistribution\", \"attributes\": {\"log\": false, \"step\": 1, \"low\": 0, \"high\": 3}}"}
{"op_code":5,"worker_id":"1eb63a02-86e5-4893-9130-72bda3167cff-140037709906048","trial_id":28,"param_name":"z_window","param_value_internal":0.0,"distribution":"{\"name\": \"IntDistribution\", \"attributes\": {\"log\": false, \"step\": 1, \"low\": 0, \"high\": 2}}"}
{"op_code":5,"worker_id":"1eb63a02-86e5-4893-9130-72bda3167cff-140037709906048","trial_id":28,"param_name":"entry_z","param_value_internal":0.0,"distribution":"{\"name\": \"IntDistribution\", \"attributes\": {\"log\": false, \"step\": 1, \"low\": 0, \"high\": 6}}"}
{"op_code":5,"worker_id":"1eb63a02-86e5-4893-9130-72bda3167cff-140037709906048","trial_id":28,"param_name":"exit_z","param_value_internal":1.0,"distribution":"{\"name\": \"IntDistribution\", \"attributes\": {\"log\": false, \"step\": 1, \"low\": 0, \"high\": 4}}"}
{"op_code":5,"worker_id":"1eb63a02-86e5-4893-9130-72bda3167cff-140037709906048","trial_id":28,"param_name":"max_hold","param_value_internal":3.0,"distribution":"{\"name\": \"IntDistribution\", \"attributes\": {\"log\": false, \"step\": 1, \"low\": 0, \"high\": 3}}"}
{"op_code":5,"worker_id":"1eb63a02-86e5-4893-9130-72bda3167cff-140037709906048","trial_id":28,"param_name":"stop_k","param_value_internal":4.0,"distribution":"{\"name\": \"IntDistribution\", \"attributes\": {\"log\": false, \"step\": 1, \"low\": 0, \"high\": 6}}"}
{"op_code":7,"worker_id":"1eb63a02-86e5-4893-9130-72bda3167cff-140037709906048","trial_id":28,"step":1,"intermediate_value":-0.39200414518962545}
{"op_code":7,"worker_id":"1eb63a02-86e5-4893-9130-72bda3167cff-140037709906048","trial_id":28,"step":2,"intermediate_value":-0.43149510410561587}
{"op_code":8,"worker_id":"1eb63a02-86e5-4893-9130-72bda3167cff-140037709906048","trial_id":28,"user_attr":{"n_trades":2147}}
{"op_code":8,"worker_id":"1eb63a02-86e5-4893-9130-72bda3167cff-140037709906048","trial_id":28,"user_attr":{"cagr":-0.003459688096416058}}
{"op_code":8,"worker_id":"1eb63a02-86e5-4893-9130-72bda3167cff-140037709906048","trial_id":28,"user_attr":{"max_drawdown":-0.11355662977933034}}
{"op_code":8,"worker_id":"1eb63a02-86e5-4893-9130-72bda3167cff-140037709906048","trial_id":28,"user_attr":{"sharpe_raw":-0.005708736051877441}}
{"op_code":6,"worker_id":"1eb63a02-86e5-4893-9130-72bda3167cff-140037709906048","trial_id":28,"state":1,"values":[-0.005708736051877441],"datetime_complete":"2026-09-30T17:20:39.892888+00:00"}
{"op_code":4,"worker_id":"1eb63a02-86e5-4893-9130-72bda3167cff-140037709906048","study_id":0,"datetime_start":"2026-09-30T17:20:39.893504+00:00"}
{"op_code":9,"worker_id":"1eb63a02-86e5-4893-9130-72bda3167cff-140037709906048","trial_id":29,"system_attr":{"tpe:relative_params:0":"{\"alpha\": 1, \"entry_z\": 3, \"exit_z\": 1, \"lookback\": 1, \"max_hold\": 3, \"stop_k\": 1, \"threshold\": 0, \"z_window\": 0}"}}
{"op_code":5,"worker_id":"1eb63a02-86e5-4893-9130-72bda3167cff-140037709906048","trial_id":29,"param_name":"lookback","param_value_internal":1.0,"distribution":"{\"name\": \"IntDistribution\", \"attributes\": {\"log\": false, \"step\": 1, \"low\": 0, \"high\": 2}}"}
{"op_code":5,"worker_id":"1eb63a02-86e5-4893-9130-72bda3167cff-140037709906048","trial_id":29,"param_name":"threshold","param_value_internal":0.0,"distribution":"{\"name\": \"IntDistribution\", \"attributes\": {\"log\": false, \"step\": 1, \"low\": 0, \"high\": 6}}"}
{"op_code":5,"worker_id":"1eb63a02-86e5-4893-9130-72bda3167cff-140037709906048","trial_id":29,"param_name":"alpha","param_value_internal":1.0,"distribution":"{\"name\": \"IntDistribution\", \"attributes\": {\"log\": false, \"step\": 1, \"low\": 0, \"high\": 3}}"}
{"op_code":5,"worker_id":"1eb63a02-86e5-4893-9130-72bda3167cff-140037709906048","trial_id":29,"param_name":"z_window","param_value_internal":0.0,"distribution":"{\"name\": \"IntDistribution\", \"attributes\": {\"log\": false, \"step\": 1, \"low\": 0, \"high\": 2}}"}
{"op_code":5,"worker_id":"1eb63a02-86e5-4893-9130-72bda3167cff-140037709906048","trial_id":29,"param_name":"entry_z","param_value_internal":3.0,"distribution":"{\"name\": \"IntDistribution\", \"attributes\": {\"log\": false, \"step\": 1, \"low\": 0, \"high\": 6}}"}
{"op_code":5,"worker_id":"1eb63a02-86e5-4893-9130-72bda3167cff-140037709906048","trial_id":29,"param_name":"exit_z","param_value_internal":1.0,"distribution":"{\"name\": \"IntDistribution\", \"attributes\": {\"log\": false, \"step\": 1, \"low\": 0, \"high\": 4}}"}
{"op_code":5,"worker_id":"1eb63a02-86e5-4893-9130-72bda3167cff-140037709906048","trial_id":29,"param_name":"max_hold","param_value_internal":3.0,"distribution":"{\"name\": \"IntDistribution\", \"attributes\": {\"log\": false, \"step\": 1, \"low\": 0, \"high\": 3}}"}
{"op_code":5,"worker_id":"1eb63a02-86e5-4893-9130-72bda3167cff-140037709906048","trial_id":29,"param_name":"stop_k","param_value_internal":1.0,"distribution":"{\"name\": \"IntDistribution\", \"attributes\": {\"log\": false, \"step\": 1, \"low\": 0, \"high\": 6}}"}
{"op_code":7,"worker_id":"1eb63a02-86e5-4893-9130-72bda3167cff-140037709906048","trial_id":29,"step":1,"intermediate_value":-1.612253928363206}
{"op_code":6,"worker_id":"1eb63a02-86e5-4893-9130-72bda3167cff-140037709906048","trial_id":29,"state":2,"values":[-1.612253928363206],"datetime_complete":"2026-09-30T17:20:42.460328+00:00"}
{"op_code":4,"worker_id":"1eb63a02-86e5-4893-9130-72bda3167cff-140037709906048","study_id":0,"datetime_start":"2026-09-30T17:20:42.461048+00:00"}
{"op_code":9,"worker_id":"1eb63a02-86e5-4893-9130-72bda3167cff-140037709906048","trial_id":30,"system_attr":{"tpe:relative_params:0":"{\"alpha\": 0, \"entry_z\": 2, \"exit_z\": 1, \"lookback\": 1, \"max_hold\": 2, \"stop_k\": 6, \"threshold\": 1, \"z_window\": 0}"}}
{"op_code":5,"worker_id":"1eb63a02-86e5-4893-9130-72bda3167cff-140037709906048","trial_id":30,"param_name":"lookback","param_value_internal":1.0,"distribution":"{\"name\": \"IntDistribution\", \"attributes\": {\"log\": false, \"step\": 1, \"low\": 0, \"high\": 2}}"}
{"op_code":5,"worker_id":"1eb63a02-86e5-4893-9130-72bda3167cff-140037709906048","trial_id":30,"param_name":"threshold","param_value_internal":1.0,"distribution":"{\"name\": \"IntDistribution\", \"attributes\": {\"log\": false, \"step\": 1, \"low\": 0, \"high\": 6}}"}
{"op_code":5,"worker_id":"1eb63a02-86e5-4893-9130-72bda3167cff-140037709906048","trial_id":30,"param_name":"alpha","param_value_internal":0.0,"distribution":"{\"name\": \"IntDistribution\", \"attributes\": {\"log\": false, \"step\": 1, \"low\": 0, \"high\": 3}}"}
{"op_code":5,"worker_id":"1eb63a02-86e5-4893-9130-72bda3167cff-140037709906048","trial_id":30,"param_name":"z_window","param_value_internal":0.0,"distribution":"{\"name\": \"IntDistribution\", \"attributes\": {\"log\": false, \"step\": 1, \"low\": 0, \"high\": 2}}"}
{"op_code":5,"worker_id":"1eb63a02-86e5-4893-9130-72bda3167cff-140037709906048","trial_id":30,"param_name":"entry_z","param_value_internal":2.0,"distribution":"{\"name\": \"IntDistribution\", \"attributes\": {\"log\": false, \"step\": 1, \"low\": 0, \"high\": 6}}"}
{"op_code":5,"worker_id":"1eb63a02-86e5-4893-9130-72bda3167cff-140037709906048","trial_id":30,"param_name":"exit_z","param_value_internal":1.0,"distribution":"{\"name\": \"IntDistribution\", \"attributes\": {\"log\": false, \"step\": 1, \"low\": 0, \"high\": 4}}"}
{"op_code":5,"worker_id":"1eb63a02-86e5-4893-9130-72bda3167cff-140037709906048","trial_id":30,"param_name":"max_hold","param_value_internal":2.0,"distribution":"{\"name\": \"IntDistribution\", \"attributes\": {\"log\": false, \"step\": 1, \"low\": 0, \"high\": 3}}"}
{"op_code":5,"worker_id":"1eb63a02-86e5-4893-9130-72bda3167cff-140037709906048","trial_id":30,"param_name":"stop_k","param_value_internal":6.0,"distribution":"{\"name\": \"IntDistribution\", \"attributes\": {\"log\": false, \"step\": 1, \"low\": 0, \"high\": 6}}"}
{"op_code":7,"worker_id":"1eb63a02-86e5-4893-9130-72bda3167cff-140037709906048","trial_id":30,"step":1,"intermediate_value":-0.3337545097128382}
{"op_code":7,"worker_id":"1eb63a02-86e5-4893-9130-72bda3167cff-140037709906048","trial_id":30,"step":2,"intermediate_value":-0.5998703150970712}
{"op_code":8,"worker_id":"1eb63a02-86e5-4893-9130-72bda3167cff-140037709906048","trial_id":30,"user_attr":{"n_trades":2094}}
{"op_code":8,"worker_id":"1eb63a02-86e5-4893-9130-72bda3167cff-140037709906048","trial_id":30,"user_attr":{"cagr":0.004366751326047691}}
{"op_code":8,"worker_id":"1eb63a02-86e5-4893-9130-72bda3167cff-140037709906048","trial_id":30,"user_attr":{"max_drawdown":-0.1493281560465467}}
{"op_code":8,"worker_id":"1eb63a02-86e5-4893-9130-72bda3167cff-140037709906048","trial_id":30,"user_attr":{"sharpe_raw":0.09407253445610157}}
{"op_code":6,"worker_id":"1eb63a02-86e5-4893-9130-72bda3167cff-140037709906048","trial_id":30,"state":1,"values":[0.09407253445610157],"datetime_complete":"2026-09-30T17:20:42.732887+00:00"}
{"op_code":4,"worker_id":"1eb63a02-86e5-4893-9130-72bda3167cff-140037709906048","study_id":0,"datetime_start":"2026-09-30T17:20:42.733466+00:00"}
{"op_code":9,"worker_id":"1eb63a02-86e5-4893-9130-72bda3167cff-140037709906048","trial_id":31,"system_attr":{"tpe:relative_params:0":"{\"alpha\": 0, \"entry_z\": 1, \"exit_z\": 0, \"lookback\": 1, \"max_hold\": 1, \"stop_k\": 2, \"threshold\": 2, \"z_window\": 1}"}}
{"op_code":5,"worker_id":"1eb63a02-86e5-4893-9130-72bda3167cff-140037709906048","trial_id":31,"param_name":"lookback","param_value_internal":1.0,"distribution":"{\"name\": \"IntDistribution\", \"attributes\": {\"log\": false, \"step\": 1, \"low\": 0, \"high\": 2}}"}
{"op_code":5,"worker_id":"1eb63a02-86e5-4893-9130-72bda3167cff-140037709906048","trial_id":31,"param_name":"threshold","param_value_internal":2.0,"distribution":"{\"name\": \"IntDistribution\", \"attributes\": {\"log\": false, \"step\": 1, \"low\": 0, \"high\": 6}}"}
{"op_code":5,"worker_id":"1eb63a02-86e5-4893-9130-72bda3167cff-140037709906048","trial_id":31,"param_name":"alpha","param_value_internal":0.0,"distribution":"{\"name\": \"IntDistribution\", \"attributes\": {\"log\": false, \"step\": 1, \"low\": 0, \"high\": 3}}"}
{"op_code":5,"worker_id":"1eb63a02-86e5-4893-9130-72bda3167cff-140037709906048","trial_id":31,"param_name":"z_window","param_value_internal":1.0,"distribution":"{\"name\": \"IntDistribution\", \"attributes\": {\"log\": false, \"step\": 1, \"low\": 0, \"high\": 2}}"}
{"op_code":5,"worker_id":"1eb63a02-86e5-4893-9130-72bda3167cff-140037709906048","trial_id":31,"param_name":"entry_z","param_value_internal":1.0,"distribution":"{\"name\": \"IntDistribution\", \"attributes\": {\"log\": false, \"step\": 1, \"low\": 0, \"high\": 6}}"}
{"op_code":5,"worker_id":"1eb63a02-86e5-4893-9130-72bda3167cff-140037709906048","trial_id":31,"param_name":"exit_z","param_value_internal":0.0,"distribution":"{\"name\": \"IntDistribution\", \"attributes\": {\"log\": false, \"step\": 1, \"low\": 0, \"high\": 4}}"}
{"op_code":5,"worker_id":"1eb63a02-86e5-4893-9130-72bda3167cff-140037709906048","trial_id":31,"param_name":"max_hold","param_value_internal":1.0,"distribution":"{\"name\": \"IntDistribution\", \"attributes\": {\"log\": false, \"step\": 1, \"low\": 0, \"high\": 3}}"}
{"op_code":5,"worker_id":"1eb63a02-86e5-4893-9130-72bda3167cff-140037709906048","trial_id":31,"param_name":"stop_k","param_value_internal":2.0,"distribution":"{\"name\": \"IntDistribution\", \"attributes\": {\"log\": false, \"step\": 1, \"low\": 0, \"high\": 6}}"}
{"op_code":7,"worker_id":"1eb63a02-86e5-4893-9130-72bda3167cff-140037709906048","trial_id":31,"step":1,"intermediate_value":-0.8281277289757671}
{"op_code":6,"worker_id":"1eb63a02-86e5-4893-9130-72bda3167cff-140037709906048","trial_id":31,"state":2,"values":[-0.8281277289757671],"datetime_complete":"2026-09-30T17:20:45.381997+00:00"}
{"op_code":0,"worker_id":"825a95f3-78c8-44b2-b7ca-533b025a2f21-140037709906048","study_name":"window_5","directions":[2]}
{"op_code":0,"worker_id":"39156d3e-d365-4a8c-9639-694952cd7d53-140573304230016","study_name":"window_5","directions":[2]}
{"op_code":0,"worker_id":"447c627b-1c9b-4ec5-af79-8ae10b617ec1-140710621134976","study_name":"window_5","directions":[2]}
