{"op_code":0,"worker_id":"fbc539f4-b108-4670-9ae7-f97c4185dfe0-140037709906048","study_name":"window_6","directions":[2]}
{"op_code":4,"worker_id":"fbc539f4-b108-4670-9ae7-f97c4185dfe0-140037709906048","study_id":0,"datetime_start":"2026-09-30T17:19:24.816803+00:00"}
{"op_code":5,"worker_id":"fbc539f4-b108-4670-9ae7-f97c4185dfe0-140037709906048","trial_id":0,"param_name":"lookback","param_value_internal":0.0,"distribution":"{\"name\": \"IntDistribution\", \"attributes\": {\"log\": false, \"step\": 1, \"low\": 0, \"high\": 2}}"}
{"op_code":5,"worker_id":"fbc539f4-b108-4670-9ae7-f97c4185dfe0-140037709906048","trial_id":0,"param_name":"threshold","param_value_internal":6.0,"distribution":"{\"name\": \"IntDistribution\", \"attributes\": {\"log\": false, \"step\": 1, \"low\": 0, \"high\": 6}}"}
{"op_code":5,"worker_id":"fbc539f4-b108-4670-9ae7-f97c4185dfe0-140037709906048","trial_id":0,"param_name":"alpha","param_value_internal":1.0,"distribution":"{\"name\": \"IntDistribution\", \"attributes\": {\"log\": false, \"step\": 1, \"low\": 0, \"high\": 3}}"}
{"op_code":5,"worker_id":"fbc539f4-b108-4670-9ae7-f97c4185dfe0-140037709906048","trial_id":0,"param_name":"z_window","param_value_internal":0.0,"distribution":"{\"name\": \"IntDistribution\", \"attributes\": {\"log\": false, \"step\": 1, \"low\": 0, \"high\": 2}}"}
{"op_code":5,"worker_id":"fbc539f4-b108-4670-9ae7-f97c4185dfe0-140037709906048","trial_id":0,"param_name":"entry_z","param_value_internal":5.0,"distribution":"{\"name\": \"IntDistribution\", \"attributes\": {\"log\": false, \"step\": 1, \"low\": 0, \"high\": 6}}"}
{"op_code":5,"worker_id":"fbc539f4-b108-4670-9ae7-f97c4185dfe0-140037709906048","trial_id":0,"param_name":"exit_z","param_value_internal":1.0,"distribution":"{\"name\": \"IntDistribution\", \"attributes\": {\"log\": false, \"step\": 1, \"low\": 0, \"high\": 4}}"}
{"op_code":5,"worker_id":"fbc539f4-b108-4670-9ae7-f97c4185dfe0-140037709906048","trial_id":0,"param_name":"max_hold","param_value_internal":3.0,"distribution":"{\"name\": \"IntDistribution\", \"attributes\": {\"log\": false, \"step\": 1, \"low\": 0, \"high\": 3}}"}
{"op_code":5,"worker_id":"fbc539f4-b108-4670-9ae7-f97c4185dfe0-140037709906048","trial_id":0,"param_name":"stop_k","param_value_internal":3.0,"distribution":"{\"name\": \"IntDistribution\", \"attributes\": {\"log\": false, \"step\": 1, \"low\": 0, \"high\": 6}}"}
{"op_code":7,"worker_id":"fbc539f4-b108-4670-9ae7-f97c4185dfe0-140037709906048","trial_id":0,"step":1,"intermediate_value":-2.405599951207943}
{"op_code":7,"worker_id":"fbc539f4-b108-4670-9ae7-f97c4185dfe0-140037709906048","trial_id":0,"step":2,"intermediate_value":-0.6016025878107257}
{"op_code":8,"worker_id":"fbc539f4-b108-4670-9ae7-f97c4185dfe0-140037709906048","trial_id":0,"user_attr":{"n_trades":1963}}
{"op_code":8,"worker_id":"fbc539f4-b108-4670-9ae7-f97c4185dfe0-140037709906048","trial_id":0,"user_attr":{"cagr":-0.010567902322566769}}
{"op_code":8,"worker_id":"fbc539f4-b108-4670-9ae7-f97c4185dfe0-140037709906048","trial_id":0,"user_attr":{"max_drawdown":-0.09275529043539255}}
{"op_code":8,"worker_id":"fbc539f4-b108-4670-9ae7-f97c4185dfe0-140037709906048","trial_id":0,"user_attr":{"sharpe_raw":-0.1203545290555095}}
{"op_code":6,"worker_id":"fbc539f4-b108-4670-9ae7-f97c4185dfe0-140037709906048","trial_id":0,"state":1,"values":[-0.1203545290555095],"datetime_complete":"2026-09-30T17:19:27.112969+00:00"}
{"op_code":4,"worker_id":"fbc539f4-b108-4670-9ae7-f97c4185dfe0-140037709906048","study_id":0,"datetime_start":"2026-09-30T17:19:27.113801+00:00"}
{"op_code":5,"worker_id":"fbc539f4-b108-4670-9ae7-f97c4185dfe0-140037709906048","trial_id":1,"param_name":"lookback","param_value_internal":1.0,"distribution":"{\"name\": \"IntDistribution\", \"attributes\": {\"log\": false, \"step\": 1, \"low\": 0, \"high\": 2}}"}
{"op_code":5,"worker_id":"fbc539f4-b108-4670-9ae7-f97c4185dfe0-140037709906048","trial_id":1,"param_name":"threshold","param_value_internal":2.0,"distribution":"{\"name\": \"IntDistribution\", \"attributes\": {\"log\": false, \"step\": 1, \"low\": 0, \"high\": 6}}"}
{"op_code":5,"worker_id":"fbc539f4-b108-4670-9ae7-f97c4185dfe0-140037709906048","trial_id":1,"param_name":"alpha","param_value_internal":0.0,"distribution":"{\"name\": \"IntDistribution\", \"attributes\": {\"log\": false, \"step\": 1, \"low\": 0, \"high\": 3}}"}
{"op_code":5,"worker_id":"fbc539f4-b108-4670-9ae7-f97c4185dfe0-140037709906048","trial_id":1,"param_name":"z_window","param_value_internal":0.0,"distribution":"{\"name\": \"IntDistribution\", \"attributes\": {\"log\": false, \"step\": 1, \"low\": 0, \"high\": 2}}"}
{"op_code":5,"worker_id":"fbc539f4-b108-4670-9ae7-f97c4185dfe0-140037709906048","trial_id":1,"param_name":"entry_z","param_value_internal":3.0,"distribution":"{\"name\": \"IntDistribution\", \"attributes\": {\"log\": false, \"step\": 1, \"low\": 0, \"high\": 6}}"}
{"op_code":5,"worker_id":"fbc539f4-b108-4670-9ae7-f97c4185dfe0-140037709906048","trial_id":1,"param_name":"exit_z","param_value_internal":3.0,"distribution":"{\"name\": \"IntDistribution\", \"attributes\": {\"log\": false, \"step\": 1, \"low\": 0, \"high\": 4}}"}
{"op_code":5,"worker_id":"fbc539f4-b108-4670-9ae7-f97c4185dfe0-140037709906048","trial_id":1,"param_name":"max_hold","param_value_internal":1.0,"distribution":"{\"name\": \"IntDistribution\", \"attributes\": {\"log\": false, \"step\": 1, \"low\": 0, \"high\": 3}}"}
{"op_code":5,"worker_id":"fbc539f4-b108-4670-9ae7-f97c4185dfe0-140037709906048","trial_id":1,"param_name":"stop_k","param_value_internal":4.0,"distribution":"{\"name\": \"IntDistribution\", \"attributes\": {\"log\": false, \"step\": 1, \"low\": 0, \"high\": 6}}"}
{"op_code":7,"worker_id":"fbc539f4-b108-4670-9ae7-f97c4185dfe0-140037709906048","trial_id":1,"step":1,"intermediate_value":-0.9619453778359516}
{"op_code":7,"worker_id":"fbc539f4-b108-4670-9ae7-f97c4185dfe0-140037709906048","trial_id":1,"step":2,"intermediate_value":0.3050606863186377}
{"op_code":8,"worker_id":"fbc539f4-b108-4670-9ae7-f97c4185dfe0-140037709906048","trial_id":1,"user_attr":{"n_trades":2343}}
{"op_code":8,"worker_id":"fbc539f4-b108-4670-9ae7-f97c4185dfe0-140037709906048","trial_id":1,"user_attr":{"cagr":0.03346684557337998}}
{"op_code":8,"worker_id":"fbc539f4-b108-4670-9ae7-f97c4185dfe0-140037709906048","trial_id":1,"user_attr":{"max_drawdown":-0.09438364250646758}}
{"op_code":8,"worker_id":"fbc539f4-b108-4670-9ae7-f97c4185dfe0-140037709906048","trial_id":1,"user_attr":{"sharpe_raw":0.4990576616597621}}
{"op_code":6,"worker_id":"fbc539f4-b108-4670-9ae7-f97c4185dfe0-140037709906048","trial_id":1,"state":1,"values":[0.4990576616597621],"datetime_complete":"2026-09-30T17:19:29.972061+00:00"}
{"op_code":4,"worker_id":"fbc539f4-b108-4670-9ae7-f97c4185dfe0-140037709906048","study_id":0,"datetime_start":"2026-09-30T17:19:29.972691+00:00"}
{"op_code":5,"worker_id":"fbc539f4-b108-4670-9ae7-f97c4185dfe0-140037709906048","trial_id":2,"param_name":"lookback","param_value_internal":1.0,"distribution":"{\"name\": \"IntDistribution\", \"attributes\": {\"log\": false, \"step\": 1, \"low\": 0, \"high\": 2}}"}
{"op_code":5,"worker_id":"fbc539f4-b108-4670-9ae7-f97c4185dfe0-140037709906048","trial_id":2,"param_name":"threshold","param_value_internal":3.0,"distribution":"{\"name\": \"IntDistribution\", \"attributes\": {\"log\": false, \"step\": 1, \"low\": 0, \"high\": 6}}"}
{"op_code":5,"worker_id":"fbc539f4-b108-4670-9ae7-f97c4185dfe0-140037709906048","trial_id":2,"param_name":"alpha","param_value_internal":0.0,"distribution":"{\"name\": \"IntDistribution\", \"attributes\": {\"log\": false, \"step\": 1, \"low\": 0, \"high\": 3}}"}
{"op_code":5,"worker_id":"fbc539f4-b108-4670-9ae7-f97c4185dfe0-140037709906048","trial_id":2,"param_name":"z_window","param_value_internal":1.0,"distribution":"{\"name\": \"IntDistribution\", \"attributes\": {\"log\": false, \"step\": 1, \"low\": 0, \"high\": 2}}"}
{"op_code":5,"worker_id":"fbc539f4-b108-4670-9ae7-f97c4185dfe0-140037709906048","trial_id":2,"param_name":"entry_z","param_value_internal":0.0,"distribution":"{\"name\": \"IntDistribution\", \"attributes\": {\"log\": false, \"step\": 1, \"low\": 0, \"high\": 6}}"}
{"op_code":5,"worker_id":"fbc539f4-b108-4670-9ae7-f97c4185dfe0-140037709906048","trial_id":2,"param_name":"exit_z","param_value_internal":0.0,"distribution":"{\"name\": \"IntDistribution\", \"attributes\": {\"log\": false, \"step\": 1, \"low\": 0, \"high\": 4}}"}
{"op_code":5,"worker_id":"fbc539f4-b108-4670-9ae7-f97c4185dfe0-140037709906048","trial_id":2,"param_name":"max_hold","param_value_internal":0.0,"distribution":"{\"name\": \"IntDistribution\", \"attributes\": {\"log\": false, \"step\": 1, \"low\": 0, \"high\": 3}}"}
{"op_code":5,"worker_id":"fbc539f4-b108-4670-9ae7-f97c4185dfe0-140037709906048","trial_id":2,"param_name":"stop_k","param_value_internal":1.0,"distribution":"{\"name\": \"IntDistribution\", \"attributes\": {\"log\": false, \"step\": 1, \"low\": 0, \"high\": 6}}"}
{"op_code":7,"worker_id":"fbc539f4-b108-4670-9ae7-f97c4185dfe0-140037709906048","trial_id":2,"step":1,"intermediate_value":-0.6651226738627969}
{"op_code":7,"worker_id":"fbc539f4-b108-4670-9ae7-f97c4185dfe0-140037709906048","trial_id":2,"step":2,"intermediate_value":0.45850496917660094}
{"op_code":8,"worker_id":"fbc539f4-b108-4670-9ae7-f97c4185dfe0-140037709906048","trial_id":2,"user_attr":{"n_trades":2053}}
{"op_code":8,"worker_id":"fbc539f4-b108-4670-9ae7-f97c4185dfe0-140037709906048","trial_id":2,"user_attr":{"cagr":0.021618791379493407}}
{"op_code":8,"worker_id":"fbc539f4-b108-4670-9ae7-f97c4185dfe0-140037709906048","trial_id":2,"user_attr":{"max_drawdown":-0.11866415800102148}}
{"op_code":8,"worker_id":"fbc539f4-b108-4670-9ae7-f97c4185dfe0-140037709906048","trial_id":2,"user_attr":{"sharpe_raw":0.31861084892329206}}
{"op_code":6,"worker_id":"fbc539f4-b108-4670-9ae7-f97c4185dfe0-140037709906048","trial_id":2,"state":1,"values":[0.31861084892329206],"datetime_complete":"2026-09-30T17:19:32.792478+00:00"}
{"op_code":4,"worker_id":"fbc539f4-b108-4670-9ae7-f97c4185dfe0-140037709906048","study_id":0,"datetime_start":"2026-09-30T17:19:32.793181+00:00"}
{"op_code":5,"worker_id":"fbc539f4-b108-4670-9ae7-f97c4185dfe0-140037709906048","trial_id":3,"param_name":"lookback","param_value_internal":1.0,"distribution":"{\"name\": \"IntDistribution\", \"attributes\": {\"log\": false, \"step\": 1, \"low\": 0, \"high\": 2}}"}
{"op_code":5,"worker_id":"fbc539f4-b108-4670-9ae7-f97c4185dfe0-140037709906048","trial_id":3,"param_name":"threshold","param_value_internal":4.0,"distribution":"{\"name\": \"IntDistribution\", \"attributes\": {\"log\": false, \"step\": 1, \"low\": 0, \"high\": 6}}"}
{"op_code":5,"worker_id":"fbc539f4-b108-4670-9ae7-f97c4185dfe0-140037709906048","trial_id":3,"param_name":"alpha","param_value_internal":2.0,"distribution":"{\"name\": \"IntDistribution\", \"attributes\": {\"log\": false, \"step\": 1, \"low\": 0, \"high\": 3}}"}
{"op_code":5,"worker_id":"fbc539f4-b108-4670-9ae7-f97c4185dfe0-140037709906048","trial_id":3,"param_name":"z_window","param_value_internal":1.0,"distribution":"{\"name\": \"IntDistribution\", \"attributes\": {\"log\": false, \"step\": 1, \"low\": 0, \"high\": 2}}"}
{"op_code":5,"worker_id":"fbc539f4-b108-4670-9ae7-f97c4185dfe0-140037709906048","trial_id":3,"param_name":"entry_z","param_value_internal":2.0,"distribution":"{\"name\": \"IntDistribution\", \"attributes\": {\"log\": false, \"step\": 1, \"low\": 0, \"high\": 6}}"}
{"op_code":5,"worker_id":"fbc539f4-b108-4670-9ae7-f97c4185dfe0-140037709906048","trial_id":3,"param_name":"exit_z","param_value_internal":1.0,"distribution":"{\"name\": \"IntDistribution\", \"attributes\": {\"log\": false, \"step\": 1, \"low\": 0, \"high\": 4}}"}
{"op_code":5,"worker_id":"fbc539f4-b108-4670-9ae7-f97c4185dfe0-140037709906048","trial_id":3,"param_name":"max_hold","param_value_internal":1.0,"distribution":"{\"name\": \"IntDistribution\", \"attributes\": {\"log\": false, \"step\": 1, \"low\": 0, \"high\": 3}}"}
{"op_code":5,"worker_id":"fbc539f4-b108-4670-9ae7-f97c4185dfe0-140037709906048","trial_id":3,"param_name":"stop_k","param_value_internal":4.0,"distribution":"{\"name\": \"IntDistribution\", \"attributes\": {\"log\": false, \"step\": 1, \"low\": 0, \"high\": 6}}"}
{"op_code":7,"worker_id":"fbc539f4-b108-4670-9ae7-f97c4185dfe0-140037709906048","trial_id":3,"step":1,"intermediate_value":-0.6262009204626764}
{"op_code":7,"worker_id":"fbc539f4-b108-4670-9ae7-f97c4185dfe0-140037709906048","trial_id":3,"step":2,"intermediate_value":0.20940689784882055}
{"op_code":8,"worker_id":"fbc539f4-b108-4670-9ae7-f97c4185dfe0-140037709906048","trial_id":3,"user_attr":{"n_trades":2123}}
{"op_code":8,"worker_id":"fbc539f4-b108-4670-9ae7-f97c4185dfe0-140037709906048","trial_id":3,"user_attr":{"cagr":0.00011930953345107298}}
{"op_code":8,"worker_id":"fbc539f4-b108-4670-9ae7-f97c4185dfe0-140037709906048","trial_id":3,"user_attr":{"max_drawdown":-0.0931725379387558}}
{"op_code":8,"worker_id":"fbc539f4-b108-4670-9ae7-f97c4185dfe0-140037709906048","trial_id":3,"user_attr":{"sharpe_raw":0.03932026721128387}}
{"op_code":6,"worker_id":"fbc539f4-b108-4670-9ae7-f97c4185dfe0-140037709906048","trial_id":3,"state":1,"values":[0.03932026721128387],"datetime_complete":"2026-09-30T17:19:35.681332+00:00"}
{"op_code":4,"worker_id":"fbc539f4-b108-4670-9ae7-f97c4185dfe0-140037709906048","study_id":0,"datetime_start":"2026-09-30T17:19:35.682155+00:00"}
{"op_code":5,"worker_id":"fbc539f4-b108-4670-9ae7-f97c4185dfe0-140037709906048","trial_id":4,"param_name":"lookback","param_value_internal":0.0,"distribution":"{\"name\": \"IntDistribution\", \"attributes\": {\"log\": false, \"step\": 1, \"low\": 0, \"high\": 2}}"}
{"op_code":5,"worker_id":"fbc539f4-b108-4670-9ae7-f97c4185dfe0-140037709906048","trial_id":4,"param_name":"threshold","param_value_internal":5.0,"distribution":"{\"name\": \"IntDistribution\", \"attributes\": {\"log\": false, \"step\": 1, \"low\": 0, \"high\": 6}}"}
{"op_code":5,"worker_id":"fbc539f4-b108-4670-9ae7-f97c4185dfe0-140037709906048","trial_id":4,"param_name":"alpha","param_value_internal":0.0,"distribution":"{\"name\": \"IntDistribution\", \"attributes\": {\"log\": false, \"step\": 1, \"low\": 0, \"high\": 3}}"}
{"op_code":5,"worker_id":"fbc539f4-b108-4670-9ae7-f97c4185dfe0-140037709906048","trial_id":4,"param_name":"z_window","param_value_internal":1.0,"distribution":"{\"name\": \"IntDistribution\", \"attributes\": {\"log\": false, \"step\": 1, \"low\": 0, \"high\": 2}}"}
{"op_code":5,"worker_id":"fbc539f4-b108-4670-9ae7-f97c4185dfe0-140037709906048","trial_id":4,"param_name":"entry_z","param_value_internal":1.0,"distribution":"{\"name\": \"IntDistribution\", \"attributes\": {\"log\": false, \"step\": 1, \"low\": 0, \"high\": 6}}"}
{"op_code":5,"worker_id":"fbc539f4-b108-4670-9ae7-f97c4185dfe0-140037709906048","trial_id":4,"param_name":"exit_z","param_value_internal":3.0,"distribution":"{\"name\": \"IntDistribution\", \"attributes\": {\"log\": false, \"step\": 1, \"low\": 0, \"high\": 4}}"}
{"op_code":5,"worker_id":"fbc539f4-b108-4670-9ae7-f97c4185dfe0-140037709906048","trial_id":4,"param_name":"max_hold","param_value_internal":1.0,"distribution":"{\"name\": \"IntDistribution\", \"attributes\": {\"log\": false, \"step\": 1, \"low\": 0, \"high\": 3}}"}
{"op_code":5,"worker_id":"fbc539f4-b108-4670-9ae7-f97c4185dfe0-140037709906048","trial_id":4,"param_name":"stop_k","param_value_internal":5.0,"distribution":"{\"name\": \"IntDistribution\", \"attributes\": {\"log\": false, \"step\": 1, \"low\": 0, \"high\": 6}}"}
{"op_code":7,"worker_id":"fbc539f4-b108-4670-9ae7-f97c4185dfe0-140037709906048","trial_id":4,"step":1,"intermediate_value":-1.3398858963065883}
{"op_code":7,"worker_id":"fbc539f4-b108-4670-9ae7-f97c4185dfe0-140037709906048","trial_id":4,"step":2,"intermediate_value":-0.6745666529413908}
{"op_code":8,"worker_id":"fbc539f4-b108-4670-9ae7-f97c4185dfe0-140037709906048","trial_id":4,"user_attr":{"n_trades":2376}}
{"op_code":8,"worker_id":"fbc539f4-b108-4670-9ae7-f97c4185dfe0-140037709906048","trial_id":4,"user_attr":{"cagr":-0.01911296620838432}}
{"op_code":8,"worker_id":"fbc539f4-b108-4670-9ae7-f97c4185dfe0-140037709906048","trial_id":4,"user_attr":{"max_drawdown":-0.12199088241234668}}
{"op_code":8,"worker_id":"fbc539f4-b108-4670-9ae7-f97c4185dfe0-140037709906048","trial_id":4,"user_attr":{"sharpe_raw":-0.21208170444124338}}
{"op_code":6,"worker_id":"fbc539f4-b108-4670-9ae7-f97c4185dfe0-140037709906048","trial_id":4,"state":1,"values":[-0.21208170444124338],"datetime_complete":"2026-09-30T17:19:38.114183+00:00"}
{"op_code":4,"worker_id":"fbc539f4-b108-4670-9ae7-f97c4185dfe0-140037709906048","study_id":0,"datetime_start":"2026-09-30T17:19:38.115390+00:00"}
{"op_code":5,"worker_id":"fbc539f4-b108-4670-9ae7-f97c4185dfe0-140037709906048","trial_id":5,"param_name":"lookback","param_value_internal":0.0,"distribution":"{\"name\": \"IntDistribution\", \"attributes\": {\"log\": false, \"step\": 1, \"low\": 0, \"high\": 2}}"}
{"op_code":5,"worker_id":"fbc539f4-b108-4670-9ae7-f97c4185dfe0-140037709906048","trial_id":5,"param_name":"threshold","param_value_internal":4.0,"distribution":"{\"name\": \"IntDistribution\", \"attributes\": {\"log\": false, \"step\": 1, \"low\": 0, \"high\": 6}}"}
{"op_code":5,"worker_id":"fbc539f4-b108-4670-9ae7-f97c4185dfe0-140037709906048","trial_id":5,"param_name":"alpha","param_value_internal":3.0,"distribution":"{\"name\": \"IntDistribution\", \"attributes\": {\"log\": false, \"step\": 1, \"low\": 0, \"high\": 3}}"}
{"op_code":5,"worker_id":"fbc539f4-b108-4670-9ae7-f97c4185dfe0-140037709906048","trial_id":5,"param_name":"z_window","param_value_internal":2.0,"distribution":"{\"name\": \"IntDistribution\", \"attributes\": {\"log\": false, \"step\": 1, \"low\": 0, \"high\": 2}}"}
{"op_code":5,"worker_id":"fbc539f4-b108-4670-9ae7-f97c4185dfe0-140037709906048","trial_id":5,"param_name":"entry_z","param_value_internal":1.0,"distribution":"{\"name\": \"IntDistribution\", \"attributes\": {\"log\": false, \"step\": 1, \"low\": 0, \"high\": 6}}"}
{"op_code":5,"worker_id":"fbc539f4-b108-4670-9ae7-f97c4185dfe0-140037709906048","trial_id":5,"param_name":"exit_z","param_value_internal":1.0,"distribution":"{\"name\": \"IntDistribution\", \"attributes\": {\"log\": false, \"step\": 1, \"low\": 0, \"high\": 4}}"}
{"op_code":5,"worker_id":"fbc539f4-b108-4670-9ae7-f97c4185dfe0-140037709906048","trial_id":5,"param_name":"max_hold","param_value_internal":0.0,"distribution":"{\"name\": \"IntDistribution\", \"attributes\": {\"log\": false, \"step\": 1, \"low\": 0, \"high\": 3}}"}
{"op_code":5,"worker_id":"fbc539f4-b108-4670-9ae7-f97c4185dfe0-140037709906048","trial_id":5,"param_name":"stop_k","param_value_internal":4.0,"distribution":"{\"name\": \"IntDistribution\", \"attributes\": {\"log\": false, \"step\": 1, \"low\": 0, \"high\": 6}}"}
{"op_code":7,"worker_id":"fbc539f4-b108-4670-9ae7-f97c4185dfe0-140037709906048","trial_id":5,"step":1,"intermediate_value":-0.6736128887561089}
{"op_code":7,"worker_id":"fbc539f4-b108-4670-9ae7-f97c4185dfe0-140037709906048","trial_id":5,"step":2,"intermediate_value":0.17108039005010572}
{"op_code":8,"worker_id":"fbc539f4-b108-4670-9ae7-f97c4185dfe0-140037709906048","trial_id":5,"user_attr":{"n_trades":2105}}
{"op_code":8,"worker_id":"fbc539f4-b108-4670-9ae7-f97c4185dfe0-140037709906048","trial_id":5,"user_attr":{"cagr":0.026531262678263445}}
{"op_code":8,"worker_id":"fbc539f4-b108-4670-9ae7-f97c4185dfe0-140037709906048","trial_id":5,"user_attr":{"max_drawdown":-0.07103791270692172}}
{"op_code":8,"worker_id":"fbc539f4-b108-4670-9ae7-f97c4185dfe0-140037709906048","trial_id":5,"user_attr":{"sharpe_raw":0.38938699395493365}}
{"op_code":6,"worker_id":"fbc539f4-b108-4670-9ae7-f97c4185dfe0-140037709906048","trial_id":5,"state":1,"values":[0.38938699395493365],"datetime_complete":"2026-09-30T17:19:41.058408+00:00"}
{"op_code":4,"worker_id":"fbc539f4-b108-4670-9ae7-f97c4185dfe0-140037709906048","study_id":0,"datetime_start":"2026-09-30T17:19:41.059097+00:00"}
{"op_code":5,"worker_id":"fbc539f4-b108-4670-9ae7-f97c4185dfe0-140037709906048","trial_id":6,"param_name":"lookback","param_value_internal":2.0,"distribution":"{\"name\": \"IntDistribution\", \"attributes\": {\"log\": false, \"step\": 1, \"low\": 0, \"high\": 2}}"}
{"op_code":5,"worker_id":"fbc539f4-b108-4670-9ae7-f97c4185dfe0-140037709906048","trial_id":6,"param_name":"threshold","param_value_internal":6.0,"distribution":"{\"name\": \"IntDistribution\", \"attributes\": {\"log\": false, \"step\": 1, \"low\": 0, \"high\": 6}}"}
{"op_code":5,"worker_id":"fbc539f4-b108-4670-9ae7-f97c4185dfe0-140037709906048","trial_id":6,"param_name":"alpha","param_value_internal":1.0,"distribution":"{\"name\": \"IntDistribution\", \"attributes\": {\"log\": false, \"step\": 1, \"low\": 0, \"high\": 3}}"}
{"op_code":5,"worker_id":"fbc539f4-b108-4670-9ae7-f97c4185dfe0-140037709906048","trial_id":6,"param_name":"z_window","param_value_internal":0.0,"distribution":"{\"name\": \"IntDistribution\", \"attributes\": {\"log\": false, \"step\": 1, \"low\": 0, \"high\": 2}}"}
{"op_code":5,"worker_id":"fbc539f4-b108-4670-9ae7-f97c4185dfe0-140037709906048","trial_id":6,"param_name":"entry_z","param_value_internal":0.0,"distribution":"{\"name\": \"IntDistribution\", \"attributes\": {\"log\": false, \"step\": 1, \"low\": 0, \"high\": 6}}"}
{"op_code":5,"worker_id":"fbc539f4-b108-4670-9ae7-f97c4185dfe0-140037709906048","trial_id":6,"param_name":"exit_z","param_value_internal":1.0,"distribution":"{\"name\": \"IntDistribution\", \"attributes\": {\"log\": false, \"step\": 1, \"low\": 0, \"high\": 4}}"}
{"op_code":5,"worker_id":"fbc539f4-b108-4670-9ae7-f97c4185dfe0-140037709906048","trial_id":6,"param_name":"max_hold","param_value_internal":3.0,"distribution":"{\"name\": \"IntDistribution\", \"attributes\": {\"log\": false, \"step\": 1, \"low\": 0, \"high\": 3}}"}
{"op_code":5,"worker_id":"fbc539f4-b108-4670-9ae7-f97c4185dfe0-140037709906048","trial_id":6,"param_name":"stop_k","param_value_internal":4.0,"distribution":"{\"name\": \"IntDistribution\", \"attributes\": {\"log\": false, \"step\": 1, \"low\": 0, \"high\": 6}}"}
{"op_code":7,"worker_id":"fbc539f4-b108-4670-9ae7-f97c4185dfe0-140037709906048","trial_id":6,"step":1,"intermediate_value":-1.1555585522003038}
{"op_code":7,"worker_id":"fbc539f4-b108-4670-9ae7-f97c4185dfe0-140037709906048","trial_id":6,"step":2,"intermediate_value":-0.5045926753649447}
{"op_code":8,"worker_id":"fbc539f4-b108-4670-9ae7-f97c4185dfe0-140037709906048","trial_id":6,"user_attr":{"n_trades":2173}}
{"op_code":8,"worker_id":"fbc539f4-b108-4670-9ae7-f97c4185dfe0-140037709906048","trial_id":6,"user_attr":{"cagr":-0.019252614631273368}}
{"op_code":8,"worker_id":"fbc539f4-b108-4670-9ae7-f97c4185dfe0-140037709906048","trial_id":6,"user_attr":{"max_drawdown":-0.11811450452875871}}
{"op_code":8,"worker_id":"fbc539f4-b108-4670-9ae7-f97c4185dfe0-140037709906048","trial_id":6,"user_attr":{"sharpe_raw":-0.23754316104764858}}
{"op_code":6,"worker_id":"fbc539f4-b108-4670-9ae7-f97c4185dfe0-140037709906048","trial_id":6,"state":1,"values":[-0.23754316104764858],"datetime_complete":"2026-09-30T17:19:46.014032+00:00"}
{"op_code":4,"worker_id":"fbc539f4-b108-4670-9ae7-f97c4185dfe0-140037709906048","study_id":0,"datetime_start":"2026-09-30T17:19:46.014935+00:00"}
{"op_code":5,"worker_id":"fbc539f4-b108-4670-9ae7-f97c4185dfe0-140037709906048","trial_id":7,"param_name":"lookback","param_value_internal":2.0,"distribution":"{\"name\": \"IntDistribution\", \"attributes\": {\"log\": false, \"step\": 1, \"low\": 0, \"high\": 2}}"}
{"op_code":5,"worker_id":"fbc539f4-b108-4670-9ae7-f97c4185dfe0-140037709906048","trial_id":7,"param_name":"threshold","param_value_internal":3.0,"distribution":"{\"name\": \"IntDistribution\", \"attributes\": {\"log\": false, \"step\": 1, \"low\": 0, \"high\": 6}}"}
{"op_code":5,"worker_id":"fbc539f4-b108-4670-9ae7-f97c4185dfe0-140037709906048","trial_id":7,"param_name":"alpha","param_value_internal":2.0,"distribution":"{\"name\": \"IntDistribution\", \"attributes\": {\"log\": false, \"step\": 1, \"low\": 0, \"high\": 3}}"}
{"op_code":5,"worker_id":"fbc539f4-b108-4670-9ae7-f97c4185dfe0-140037709906048","trial_id":7,"param_name":"z_window","param_value_internal":1.0,"distribution":"{\"name\": \"IntDistribution\", \"attributes\": {\"log\": false, \"step\": 1, \"low\": 0, \"high\": 2}}"}
{"op_code":5,"worker_id":"fbc539f4-b108-4670-9ae7-f97c4185dfe0-140037709906048","trial_id":7,"param_name":"entry_z","param_value_internal":6.0,"distribution":"{\"name\": \"IntDistribution\", \"attributes\": {\"log\": false, \"step\": 1, \"low\": 0, \"high\": 6}}"}
{"op_code":5,"worker_id":"fbc539f4-b108-4670-9ae7-f97c4185dfe0-140037709906048","trial_id":7,"param_name":"exit_z","param_value_internal":1.0,"distribution":"{\"name\": \"IntDistribution\", \"attributes\": {\"log\": false, \"step\": 1, \"low\": 0, \"high\": 4}}"}
{"op_code":5,"worker_id":"fbc539f4-b108-4670-9ae7-f97c4185dfe0-140037709906048","trial_id":7,"param_name":"max_hold","param_value_internal":0.0,"distribution":"{\"name\": \"IntDistribution\", \"attributes\": {\"log\": false, \"step\": 1, \"low\": 0, \"high\": 3}}"}
{"op_code":5,"worker_id":"fbc539f4-b108-4670-9ae7-f97c4185dfe0-140037709906048","trial_id":7,"param_name":"stop_k","param_value_internal":6.0,"distribution":"{\"name\": \"IntDistribution\", \"attributes\": {\"log\": false, \"step\": 1, \"low\": 0, \"high\": 6}}"}
{"op_code":7,"worker_id":"fbc539f4-b108-4670-9ae7-f97c4185dfe0-140037709906048","trial_id":7,"step":1,"intermediate_value":-2.236414013413389}
{"op_code":7,"worker_id":"fbc539f4-b108-4670-9ae7-f97c4185dfe0-140037709906048","trial_id":7,"step":2,"intermediate_value":-0.6334467458083501}
{"op_code":8,"worker_id":"fbc539f4-b108-4670-9ae7-f97c4185dfe0-140037709906048","trial_id":7,"user_attr":{"n_trades":1690}}
{"op_code":8,"worker_id":"fbc539f4-b108-4670-9ae7-f97c4185dfe0-140037709906048","trial_id":7,"user_attr":{"cagr":-0.07250708595049937}}
{"op_code":8,"worker_id":"fbc539f4-b108-4670-9ae7-f97c4185dfe0-140037709906048","trial_id":7,"user_attr":{"max_drawdown":-0.20147207513489263}}
{"op_code":8,"worker_id":"fbc539f4-b108-4670-9ae7-f97c4185dfe0-140037709906048","trial_id":7,"user_attr":{"sharpe_raw":-0.9501153666061458}}
{"op_code":6,"worker_id":"fbc539f4-b108-4670-9ae7-f97c4185dfe0-140037709906048","trial_id":7,"state":1,"values":[-0.9501153666061458],"datetime_complete":"2026-09-30T17:19:51.440537+00:00"}
{"op_code":4,"worker_id":"fbc539f4-b108-4670-9ae7-f97c4185dfe0-140037709906048","study_id":0,"datetime_start":"2026-09-30T17:19:51.441463+00:00"}
{"op_code":5,"worker_id":"fbc539f4-b108-4670-9ae7-f97c4185dfe0-140037709906048","trial_id":8,"param_name":"lookback","param_value_internal":0.0,"distribution":"{\"name\": \"IntDistribution\", \"attributes\": {\"log\": false, \"step\": 1, \"low\": 0, \"high\": 2}}"}
{"op_code":5,"worker_id":"fbc539f4-b108-4670-9ae7-f97c4185dfe0-140037709906048","trial_id":8,"param_name":"threshold","param_value_internal":0.0,"distribution":"{\"name\": \"IntDistribution\", \"attributes\": {\"log\": false, \"step\": 1, \"low\": 0, \"high\": 6}}"}
{"op_code":5,"worker_id":"fbc539f4-b108-4670-9ae7-f97c4185dfe0-140037709906048","trial_id":8,"param_name":"alpha","param_value_internal":1.0,"distribution":"{\"name\": \"IntDistribution\", \"attributes\": {\"log\": false, \"step\": 1, \"low\": 0, \"high\": 3}}"}
{"op_code":5,"worker_id":"fbc539f4-b108-4670-9ae7-f97c4185dfe0-140037709906048","trial_id":8,"param_name":"z_window","param_value_internal":0.0,"distribution":"{\"name\": \"IntDistribution\", \"attributes\": {\"log\": false, \"step\": 1, \"low\": 0, \"high\": 2}}"}
{"op_code":5,"worker_id":"fbc539f4-b108-4670-9ae7-f97c4185dfe0-140037709906048","trial_id":8,"param_name":"entry_z","param_value_internal":4.0,"distribution":"{\"name\": \"IntDistribution\", \"attributes\": {\"log\": false, \"step\": 1, \"low\": 0, \"high\": 6}}"}
{"op_code":5,"worker_id":"fbc539f4-b108-4670-9ae7-f97c4185dfe0-140037709906048","trial_id":8,"param_name":"exit_z","param_value_internal":1.0,"distribution":"{\"name\": \"IntDistribution\", \"attributes\": {\"log\": false, \"step\": 1, \"low\": 0, \"high\": 4}}"}
{"op_code":5,"worker_id":"fbc539f4-b108-4670-9ae7-f97c4185dfe0-140037709906048","trial_id":8,"param_name":"max_hold","param_value_internal":2.0,"distribution":"{\"name\": \"IntDistribution\", \"attributes\": {\"log\": false, \"step\": 1, \"low\": 0, \"high\": 3}}"}
{"op_code":5,"worker_id":"fbc539f4-b108-4670-9ae7-f97c4185dfe0-140037709906048","trial_id":8,"param_name":"stop_k","param_value_internal":4.0,"distribution":"{\"name\": \"IntDistribution\", \"attributes\": {\"log\": false, \"step\": 1, \"low\": 0, \"high\": 6}}"}
{"op_code":7,"worker_id":"fbc539f4-b108-4670-9ae7-f97c4185dfe0-140037709906048","trial_id":8,"step":1,"intermediate_value":-2.0724732124152414}
{"op_code":7,"worker_id":"fbc539f4-b108-4670-9ae7-f97c4185dfe0-140037709906048","trial_id":8,"step":2,"intermediate_value":0.15447108706437923}
{"op_code":8,"worker_id":"fbc539f4-b108-4670-9ae7-f97c4185dfe0-140037709906048","trial_id":8,"user_attr":{"n_trades":2039}}
{"op_code":8,"worker_id":"fbc539f4-b108-4670-9ae7-f97c4185dfe0-140037709906048","trial_id":8,"user_attr":{"cagr":0.02973450461419902}}
{"op_code":8,"worker_id":"fbc539f4-b108-4670-9ae7-f97c4185dfe0-140037709906048","trial_id":8,"user_attr":{"max_drawdown":-0.08910792706565962}}
{"op_code":8,"worker_id":"fbc539f4-b108-4670-9ae7-f97c4185dfe0-140037709906048","trial_id":8,"user_attr":{"sharpe_raw":0.4166850109197779}}
{"op_code":6,"worker_id":"fbc539f4-b108-4670-9ae7-f97c4185dfe0-140037709906048","trial_id":8,"state":1,"values":[0.4166850109197779],"datetime_complete":"2026-09-30T17:19:53.828567+00:00"}
{"op_code":4,"worker_id":"fbc539f4-b108-4670-9ae7-f97c4185dfe0-140037709906048","study_id":0,"datetime_start":"2026-09-30T17:19:53.829699+00:00"}
{"op_code":5,"worker_id":"fbc539f4-b108-4670-9ae7-f97c4185dfe0-140037709906048","trial_id":9,"param_name":"lookback","param_value_internal":2.0,"distribution":"{\"name\": \"IntDistribution\", \"attributes\": {\"log\": false, \"step\": 1, \"low\": 0, \"high\": 2}}"}
{"op_code":5,"worker_id":"fbc539f4-b108-4670-9ae7-f97c4185dfe0-140037709906048","trial_id":9,"param_name":"threshold","param_value_internal":0.0,"distribution":"{\"name\": \"IntDistribution\", \"attributes\": {\"log\": false, \"step\": 1, \"low\": 0, \"high\": 6}}"}
{"op_code":5,"worker_id":"fbc539f4-b108-4670-9ae7-f97c4185dfe0-140037709906048","trial_id":9,"param_name":"alpha","param_value_internal":2.0,"distribution":"{\"name\": \"IntDistribution\", \"attributes\": {\"log\": false, \"step\": 1, \"low\": 0, \"high\": 3}}"}
{"op_code":5,"worker_id":"fbc539f4-b108-4670-9ae7-f97c4185dfe0-140037709906048","trial_id":9,"param_name":"z_window","param_value_internal":1.0,"distribution":"{\"name\": \"IntDistribution\", \"attributes\": {\"log\": false, \"step\": 1, \"low\": 0, \"high\": 2}}"}
{"op_code":5,"worker_id":"fbc539f4-b108-4670-9ae7-f97c4185dfe0-140037709906048","trial_id":9,"param_name":"entry_z","param_value_internal":2.0,"distribution":"{\"name\": \"IntDistribution\", \"attributes\": {\"log\": false, \"step\": 1, \"low\": 0, \"high\": 6}}"}
{"op_code":5,"worker_id":"fbc539f4-b108-4670-9ae7-f97c4185dfe0-140037709906048","trial_id":9,"param_name":"exit_z","param_value_internal":1.0,"distribution":"{\"name\": \"IntDistribution\", \"attributes\": {\"log\": false, \"step\": 1, \"low\": 0, \"high\": 4}}"}
{"op_code":5,"worker_id":"fbc539f4-b108-4670-9ae7-f97c4185dfe0-140037709906048","trial_id":9,"param_name":"max_hold","param_value_internal":0.0,"distribution":"{\"name\": \"IntDistribution\", \"attributes\": {\"log\": false, \"step\": 1, \"low\": 0, \"high\": 3}}"}
{"op_code":5,"worker_id":"fbc539f4-b108-4670-9ae7-f97c4185dfe0-140037709906048","trial_id":9,"param_name":"stop_k","param_value_internal":5.0,"distribution":"{\"name\": \"IntDistribution\", \"attributes\": {\"log\": false, \"step\": 1, \"low\": 0, \"high\": 6}}"}
{"op_code":7,"worker_id":"fbc539f4-b108-4670-9ae7-f97c4185dfe0-140037709906048","trial_id":9,"step":1,"intermediate_value":-0.9760814597157019}
{"op_code":7,"worker_id":"fbc539f4-b108-4670-9ae7-f97c4185dfe0-140037709906048","trial_id":9,"step":2,"intermediate_value":-0.11567823782658847}
{"op_code":8,"worker_id":"fbc539f4-b108-4670-9ae7-f97c4185dfe0-140037709906048","trial_id":9,"user_attr":{"n_trades":2097}}
{"op_code":8,"worker_id":"fbc539f4-b108-4670-9ae7-f97c4185dfe0-140037709906048","trial_id":9,"user_attr":{"cagr":-0.006042332318428767}}
{"op_code":8,"worker_id":"fbc539f4-b108-4670-9ae7-f97c4185dfe0-140037709906048","trial_id":9,"user_attr":{"max_drawdown":-0.09231024323526149}}
{"op_code":8,"worker_id":"fbc539f4-b108-4670-9ae7-f97c4185dfe0-140037709906048","trial_id":9,"user_attr":{"sharpe_raw":-0.030336043929559648}}
{"op_code":6,"worker_id":"fbc539f4-b108-4670-9ae7-f97c4185dfe0-140037709906048","trial_id":9,"state":1,"values":[-0.030336043929559648],"datetime_complete":"2026-09-30T17:19:59.714843+00:00"}
{"op_code":4,"worker_id":"fbc539f4-b108-4670-9ae7-f97c4185dfe0-140037709906048","study_id":0,"datetime_start":"2026-09-30T17:19:59.715560+00:00"}
{"op_code":5,"worker_id":"fbc539f4-b108-4670-9ae7-f97c4185dfe0-140037709906048","trial_id":10,"param_name":"lookback","param_value_internal":2.0,"distribution":"{\"name\": \"IntDistribution\", \"attributes\": {\"log\": false, \"step\": 1, \"low\": 0, \"high\": 2}}"}
{"op_code":5,"worker_id":"fbc539f4-b108-4670-9ae7-f97c4185dfe0-140037709906048","trial_id":10,"param_name":"threshold","param_value_internal":2.0,"distribution":"{\"name\": \"IntDistribution\", \"attributes\": {\"log\": false, \"step\": 1, \"low\": 0, \"high\": 6}}"}
{"op_code":5,"worker_id":"fbc539f4-b108-4670-9ae7-f97c4185dfe0-140037709906048","trial_id":10,"param_name":"alpha","param_value_internal":1.0,"distribution":"{\"name\": \"IntDistribution\", \"attributes\": {\"log\": false, \"step\": 1, \"low\": 0, \"high\": 3}}"}
{"op_code":5,"worker_id":"fbc539f4-b108-4670-9ae7-f97c4185dfe0-140037709906048","trial_id":10,"param_name":"z_window","param_value_internal":1.0,"distribution":"{\"name\": \"IntDistribution\", \"attributes\": {\"log\": false, \"step\": 1, \"low\": 0, \"high\": 2}}"}
{"op_code":5,"worker_id":"fbc539f4-b108-4670-9ae7-f97c4185dfe0-140037709906048","trial_id":10,"param_name":"entry_z","param_value_internal":1.0,"distribution":"{\"name\": \"IntDistribution\", \"attributes\": {\"log\": false, \"step\": 1, \"low\": 0, \"high\": 6}}"}
{"op_code":5,"worker_id":"fbc539f4-b108-4670-9ae7-f97c4185dfe0-140037709906048","trial_id":10,"param_name":"exit_z","param_value_internal":1.0,"distribution":"{\"name\": \"IntDistribution\", \"attributes\": {\"log\": false, \"step\": 1, \"low\": 0, \"high\": 4}}"}
{"op_code":5,"worker_id":"fbc539f4-b108-4670-9ae7-f97c4185dfe0-140037709906048","trial_id":10,"param_name":"max_hold","param_value_internal":3.0,"distribution":"{\"name\": \"IntDistribution\", \"attributes\": {\"log\": false, \"step\": 1, \"low\": 0, \"high\": 3}}"}
{"op_code":5,"worker_id":"fbc539f4-b108-4670-9ae7-f97c4185dfe0-140037709906048","trial_id":10,"param_name":"stop_k","param_value_internal":3.0,"distribution":"{\"name\": \"IntDistribution\", \"attributes\": {\"log\": false, \"step\": 1, \"low\": 0, \"high\": 6}}"}
{"op_code":7,"worker_id":"fbc539f4-b108-4670-9ae7-f97c4185dfe0-140037709906048","trial_id":10,"step":1,"intermediate_value":-0.9990278339857773}
{"op_code":7,"worker_id":"fbc539f4-b108-4670-9ae7-f97c4185dfe0-140037709906048","trial_id":10,"step":2,"intermediate_value":-0.02161921395227336}
{"op_code":8,"worker_id":"fbc539f4-b108-4670-9ae7-f97c4185dfe0-140037709906048","trial_id":10,"user_attr":{"n_trades":2150}}
{"op_code":8,"worker_id":"fbc539f4-b108-4670-9ae7-f97c4185dfe0-140037709906048","trial_id":10,"user_attr":{"cagr":-0.003544007371277802}}
{"op_code":8,"worker_id":"fbc539f4-b108-4670-9ae7-f97c4185dfe0-140037709906048","trial_id":10,"user_attr":{"max_drawdown":-0.08779860926422134}}
{"op_code":8,"worker_id":"fbc539f4-b108-4670-9ae7-f97c4185dfe0-140037709906048","trial_id":10,"user_attr":{"sharpe_raw":-0.005395872880724054}}
{"op_code":6,"worker_id":"fbc539f4-b108-4670-9ae7-f97c4185dfe0-140037709906048","trial_id":10,"state":1,"values":[-0.005395872880724054],"datetime_complete":"2026-09-30T17:20:04.934861+00:00"}
{"op_code":4,"worker_id":"fbc539f4-b108-4670-9ae7-f97c4185dfe0-140037709906048","study_id":0,"datetime_start":"2026-09-30T17:20:04.936028+00:00"}
{"op_code":5,"worker_id":"fbc539f4-b108-4670-9ae7-f97c4185dfe0-140037709906048","trial_id":11,"param_name":"lookback","param_value_internal":0.0,"distribution":"{\"name\": \"IntDistribution\", \"attributes\": {\"log\": false, \"step\": 1, \"low\": 0, \"high\": 2}}"}
{"op_code":5,"worker_id":"fbc539f4-b108-4670-9ae7-f97c4185dfe0-140037709906048","trial_id":11,"param_name":"threshold","param_value_internal":2.0,"distribution":"{\"name\": \"IntDistribution\", \"attributes\": {\"log\": false, \"step\": 1, \"low\": 0, \"high\": 6}}"}
{"op_code":5,"worker_id":"fbc539f4-b108-4670-9ae7-f97c4185dfe0-140037709906048","trial_id":11,"param_name":"alpha","param_value_internal":0.0,"distribution":"{\"name\": \"IntDistribution\", \"attributes\": {\"log\": false, \"step\": 1, \"low\": 0, \"high\": 3}}"}
{"op_code":5,"worker_id":"fbc539f4-b108-4670-9ae7-f97c4185dfe0-140037709906048","trial_id":11,"param_name":"z_window","param_value_internal":0.0,"distribution":"{\"name\": \"IntDistribution\", \"attributes\": {\"log\": false, \"step\": 1, \"low\": 0, \"high\": 2}}"}
{"op_code":5,"worker_id":"fbc539f4-b108-4670-9ae7-f97c4185dfe0-140037709906048","trial_id":11,"param_name":"entry_z","param_value_internal":5.0,"distribution":"{\"name\": \"IntDistribution\", \"attributes\": {\"log\": false, \"step\": 1, \"low\": 0, \"high\": 6}}"}
{"op_code":5,"worker_id":"fbc539f4-b108-4670-9ae7-f97c4185dfe0-140037709906048","trial_id":11,"param_name":"exit_z","param_value_internal":4.0,"distribution":"{\"name\": \"IntDistribution\", \"attributes\": {\"log\": false, \"step\": 1, \"low\": 0, \"high\": 4}}"}
{"op_code":5,"worker_id":"fbc539f4-b108-4670-9ae7-f97c4185dfe0-140037709906048","trial_id":11,"param_name":"max_hold","param_value_internal":1.0,"distribution":"{\"name\": \"IntDistribution\", \"attributes\": {\"log\": false, \"step\": 1, \"low\": 0, \"high\": 3}}"}
{"op_code":5,"worker_id":"fbc539f4-b108-4670-9ae7-f97c4185dfe0-140037709906048","trial_id":11,"param_name":"stop_k","param_value_internal":1.0,"distribution":"{\"name\": \"IntDistribution\", \"attributes\": {\"log\": false, \"step\": 1, \"low\": 0, \"high\": 6}}"}
{"op_code":7,"worker_id":"fbc539f4-b108-4670-9ae7-f97c4185dfe0-140037709906048","trial_id":11,"step":1,"intermediate_value":-2.067303465615967}
{"op_code":7,"worker_id":"fbc539f4-b108-4670-9ae7-f97c4185dfe0-140037709906048","trial_id":11,"step":2,"intermediate_value":-0.19019554752290596}
{"op_code":8,"worker_id":"fbc539f4-b108-4670-9ae7-f97c4185dfe0-140037709906048","trial_id":11,"user_attr":{"n_trades":2211}}
{"op_code":8,"worker_id":"fbc539f4-b108-4670-9ae7-f97c4185dfe0-140037709906048","trial_id":11,"user_attr":{"cagr":-0.021437130278448735}}
{"op_code":8,"worker_id":"fbc539f4-b108-4670-9ae7-f97c4185dfe0-140037709906048","trial_id":11,"user_attr":{"max_drawdown":-0.07819407362640207}}
{"op_code":8,"worker_id":"fbc539f4-b108-4670-9ae7-f97c4185dfe0-140037709906048","trial_id":11,"user_attr":{"sharpe_raw":-0.28625087442765174}}
{"op_code":6,"worker_id":"fbc539f4-b108-4670-9ae7-f97c4185dfe0-140037709906048","trial_id":11,"state":1,"values":[-0.28625087442765174],"datetime_complete":"2026-09-30T17:20:07.260258+00:00"}
{"op_code":4,"worker_id":"fbc539f4-b108-4670-9ae7-f97c4185dfe0-140037709906048","study_id":0,"datetime_start":"2026-09-30T17:20:07.260956+00:00"}
{"op_code":9,"worker_id":"fbc539f4-b108-4670-9ae7-f97c4185dfe0-140037709906048","trial_id":12,"system_attr":{"tpe:relative_params:0":"{\"alpha\": 2, \"entry_z\": 4, \"exit_z\": 1, \"lookback\": 0, \"max_hold\": 2, \"stop_k\": 5, \"threshold\": 0, \"z_window\": 0}"}}
{"op_code":5,"worker_id":"fbc539f4-b108-4670-9ae7-f97c4185dfe0-140037709906048","trial_id":12,"param_name":"lookback","param_value_internal":0.0,"distribution":"{\"name\": \"IntDistribution\", \"attributes\": {\"log\": false, \"step\": 1, \"low\": 0, \"high\": 2}}"}
{"op_code":5,"worker_id":"fbc539f4-b108-4670-9ae7-f97c4185dfe0-140037709906048","trial_id":12,"param_name":"threshold","param_value_internal":0.0,"distribution":"{\"name\": \"IntDistribution\", \"attributes\": {\"log\": false, \"step\": 1, \"low\": 0, \"high\": 6}}"}
{"op_code":5,"worker_id":"fbc539f4-b108-4670-9ae7-f97c4185dfe0-140037709906048","trial_id":12,"param_name":"alpha","param_value_internal":2.0,"distribution":"{\"name\": \"IntDistribution\", \"attributes\": {\"log\": false, \"step\": 1, \"low\": 0, \"high\": 3}}"}
{"op_code":5,"worker_id":"fbc539f4-b108-4670-9ae7-f97c4185dfe0-140037709906048","trial_id":12,"param_name":"z_window","param_value_internal":0.0,"distribution":"{\"name\": \"IntDistribution\", \"attributes\": {\"log\": false, \"step\": 1, \"low\": 0, \"high\": 2}}"}
{"op_code":5,"worker_id":"fbc539f4-b108-4670-9ae7-f97c4185dfe0-140037709906048","trial_id":12,"param_name":"entry_z","param_value_internal":4.0,"distribution":"{\"name\": \"IntDistribution\", \"attributes\": {\"log\": false, \"step\": 1, \"low\": 0, \"high\": 6}}"}
{"op_code":5,"worker_id":"fbc539f4-b108-4670-9ae7-f97c4185dfe0-140037709906048","trial_id":12,"param_name":"exit_z","param_value_internal":1.0,"distribution":"{\"name\": \"IntDistribution\", \"attributes\": {\"log\": false, \"step\": 1, \"low\": 0, \"high\": 4}}"}
{"op_code":5,"worker_id":"fbc539f4-b108-4670-9ae7-f97c4185dfe0-140037709906048","trial_id":12,"param_name":"max_hold","param_value_internal":2.0,"distribution":"{\"name\": \"IntDistribution\", \"attributes\": {\"log\": false, \"step\": 1, \"low\": 0, \"high\": 3}}"}
{"op_code":5,"worker_id":"fbc539f4-b108-4670-9ae7-f97c4185dfe0-140037709906048","trial_id":12,"param_name":"stop_k","param_value_internal":5.0,"distribution":"{\"name\": \"IntDistribution\", \"attributes\": {\"log\": false, \"step\": 1, \"low\": 0, \"high\": 6}}"}
{"op_code":7,"worker_id":"fbc539f4-b108-4670-9ae7-f97c4185dfe0-140037709906048","trial_id":12,"step":1,"intermediate_value":-2.2227620792020266}
{"op_code":6,"worker_id":"fbc539f4-b108-4670-9ae7-f97c4185dfe0-140037709906048","trial_id":12,"state":2,"values":[-2.2227620792020266],"datetime_complete":"2026-09-30T17:20:09.392771+00:00"}
{"op_code":4,"worker_id":"fbc539f4-b108-4670-9ae7-f97c4185dfe0-140037709906048","study_id":0,"datetime_start":"2026-09-30T17:20:09.393814+00:00"}
{"op_code":9,"worker_id":"fbc539f4-b108-4670-9ae7-f97c4185dfe0-140037709906048","trial_id":13,"system_attr":{"tpe:relative_params:0":"{\"alpha\": 0, \"entry_z\": 3, \"exit_z\": 0, \"lookback\": 1, \"max_hold\": 1, \"stop_k\": 5, \"threshold\": 1, \"z_window\": 0}"}}
{"op_code":5,"worker_id":"fbc539f4-b108-4670-9ae7-f97c4185dfe0-140037709906048","trial_id":13,"param_name":"lookback","param_value_internal":1.0,"distribution":"{\"name\": \"IntDistribution\", \"attributes\": {\"log\": false, \"step\": 1, \"low\": 0, \"high\": 2}}"}
{"op_code":5,"worker_id":"fbc539f4-b108-4670-9ae7-f97c4185dfe0-140037709906048","trial_id":13,"param_name":"threshold","param_value_internal":1.0,"distribution":"{\"name\": \"IntDistribution\", \"attributes\": {\"log\": false, \"step\": 1, \"low\": 0, \"high\": 6}}"}
{"op_code":5,"worker_id":"fbc539f4-b108-4670-9ae7-f97c4185dfe0-140037709906048","trial_id":13,"param_name":"alpha","param_value_internal":0.0,"distribution":"{\"name\": \"IntDistribution\", \"attributes\": {\"log\": false, \"step\": 1, \"low\": 0, \"high\": 3}}"}
{"op_code":5,"worker_id":"fbc539f4-b108-4670-9ae7-f97c4185dfe0-140037709906048","trial_id":13,"param_name":"z_window","param_value_internal":0.0,"distribution":"{\"name\": \"IntDistribution\", \"attributes\": {\"log\": false, \"step\": 1, \"low\": 0, \"high\": 2}}"}
{"op_code":5,"worker_id":"fbc539f4-b108-4670-9ae7-f97c4185dfe0-140037709906048","trial_id":13,"param_name":"entry_z","param_value_internal":3.0,"distribution":"{\"name\": \"IntDistribution\", \"attributes\": {\"log\": false, \"step\": 1, \"low\": 0, \"high\": 6}}"}
{"op_code":5,"worker_id":"fbc539f4-b108-4670-9ae7-f97c4185dfe0-140037709906048","trial_id":13,"param_name":"exit_z","param_value_internal":0.0,"distribution":"{\"name\": \"IntDistribution\", \"attributes\": {\"log\": false, \"step\": 1, \"low\": 0, \"high\": 4}}"}
{"op_code":5,"worker_id":"fbc539f4-b108-4670-9ae7-f97c4185dfe0-140037709906048","trial_id":13,"param_name":"max_hold","param_value_internal":1.0,"distribution":"{\"name\": \"IntDistribution\", \"attributes\": {\"log\": false, \"step\": 1, \"low\": 0, \"high\": 3}}"}
{"op_code":5,"worker_id":"fbc539f4-b108-4670-9ae7-f97c4185dfe0-140037709906048","trial_id":13,"param_name":"stop_k","param_value_internal":5.0,"distribution":"{\"name\": \"IntDistribution\", \"attributes\": {\"log\": false, \"step\": 1, \"low\": 0, \"high\": 6}}"}
{"op_code":7,"worker_id":"fbc539f4-b108-4670-9ae7-f97c4185dfe0-140037709906048","trial_id":13,"step":1,"intermediate_value":-1.619066220633524}
{"op_code":6,"worker_id":"fbc539f4-b108-4670-9ae7-f97c4185dfe0-140037709906048","trial_id":13,"state":2,"values":[-1.619066220633524],"datetime_complete":"2026-09-30T17:20:12.049143+00:00"}
{"op_code":4,"worker_id":"fbc539f4-b108-4670-9ae7-f97c4185dfe0-140037709906048","study_id":0,"datetime_start":"2026-09-30T17:20:12.050339+00:00"}
{"op_code":9,"worker_id":"fbc539f4-b108-4670-9ae7-f97c4185dfe0-140037709906048","trial_id":14,"system_attr":{"tpe:relative_params:0":"{\"alpha\": 1, \"entry_z\": 3, \"exit_z\": 2, \"lookback\": 1, \"max_hold\": 2, \"stop_k\": 2, \"threshold\": 2, \"z_window\": 0}"}}
{"op_code":5,"worker_id":"fbc539f4-b108-4670-9ae7-f97c4185dfe0-140037709906048","trial_id":14,"param_name":"lookback","param_value_internal":1.0,"distribution":"{\"name\": \"IntDistribution\", \"attributes\": {\"log\": false, \"step\": 1, \"low\": 0, \"high\": 2}}"}
{"op_code":5,"worker_id":"fbc539f4-b108-4670-9ae7-f97c4185dfe0-140037709906048","trial_id":14,"param_name":"threshold","param_value_internal":2.0,"distribution":"{\"name\": \"IntDistribution\", \"attributes\": {\"log\": false, \"step\": 1, \"low\": 0, \"high\": 6}}"}
{"op_code":5,"worker_id":"fbc539f4-b108-4670-9ae7-f97c4185dfe0-140037709906048","trial_id":14,"param_name":"alpha","param_value_internal":1.0,"distribution":"{\"name\": \"IntDistribution\", \"attributes\": {\"log\": false, \"step\": 1, \"low\": 0, \"high\": 3}}"}
{"op_code":5,"worker_id":"fbc539f4-b108-4670-9ae7-f97c4185dfe0-140037709906048","trial_id":14,"param_name":"z_window","param_value_internal":0.0,"distribution":"{\"name\": \"IntDistribution\", \"attributes\": {\"log\": false, \"step\": 1, \"low\": 0, \"high\": 2}}"}
{"op_code":5,"worker_id":"fbc539f4-b108-4670-9ae7-f97c4185dfe0-140037709906048","trial_id":14,"param_name":"entry_z","param_value_internal":3.0,"distribution":"{\"name\": \"IntDistribution\", \"attributes\": {\"log\": false, \"step\": 1, \"low\": 0, \"high\": 6}}"}
{"op_code":5,"worker_id":"fbc539f4-b108-4670-9ae7-f97c4185dfe0-140037709906048","trial_id":14,"param_name":"exit_z","param_value_internal":2.0,"distribution":"{\"name\": \"IntDistribution\", \"attributes\": {\"log\": false, \"step\": 1, \"low\": 0, \"high\": 4}}"}
{"op_code":5,"worker_id":"fbc539f4-b108-4670-9ae7-f97c4185dfe0-140037709906048","trial_id":14,"param_name":"max_hold","param_value_internal":2.0,"distribution":"{\"name\": \"IntDistribution\", \"attributes\": {\"log\": false, \"step\": 1, \"low\": 0, \"high\": 3}}"}
{"op_code":5,"worker_id":"fbc539f4-b108-4670-9ae7-f97c4185dfe0-140037709906048","trial_id":14,"param_name":"stop_k","param_value_internal":2.0,"distribution":"{\"name\": \"IntDistribution\", \"attributes\": {\"log\": false, \"step\": 1, \"low\": 0, \"high\": 6}}"}
{"op_code":7,"worker_id":"fbc539f4-b108-4670-9ae7-f97c4185dfe0-140037709906048","trial_id":14,"step":1,"intermediate_value":-0.7896493882458708}
{"op_code":7,"worker_id":"fbc539f4-b108-4670-9ae7-f97c4185dfe0-140037709906048","trial_id":14,"step":2,"intermediate_value":0.5101724524246729}
{"op_code":8,"worker_id":"fbc539f4-b108-4670-9ae7-f97c4185dfe0-140037709906048","trial_id":14,"user_attr":{"n_trades":2284}}
{"op_code":8,"worker_id":"fbc539f4-b108-4670-9ae7-f97c4185dfe0-140037709906048","trial_id":14,"user_attr":{"cagr":0.020509623134298938}}
{"op_code":8,"worker_id":"fbc539f4-b108-4670-9ae7-f97c4185dfe0-140037709906048","trial_id":14,"user_attr":{"max_drawdown":-0.10929099152124588}}
{"op_code":8,"worker_id":"fbc539f4-b108-4670-9ae7-f97c4185dfe0-140037709906048","trial_id":14,"user_attr":{"sharpe_raw":0.3113842209854738}}
{"op_code":6,"worker_id":"fbc539f4-b108-4670-9ae7-f97c4185dfe0-140037709906048","trial_id":14,"state":1,"values":[0.3113842209854738],"datetime_complete":"2026-09-30T17:20:14.947100+00:00"}
{"op_code":4,"worker_id":"fbc539f4-b108-4670-9ae7-f97c4185dfe0-140037709906048","study_id":0,"datetime_start":"2026-09-30T17:20:14.948123+00:00"}
{"op_code":9,"worker_id":"fbc539f4-b108-4670-9ae7-f97c4185dfe0-140037709906048","trial_id":15,"system_attr":{"tpe:relative_params:0":"{\"alpha\": 0, \"entry_z\": 2, \"exit_z\": 3, \"lookback\": 2, \"max_hold\": 1, \"stop_k\": 6, \"threshold\": 3, \"z_window\": 0}"}}
{"op_code":5,"worker_id":"fbc539f4-b108-4670-9ae7-f97c4185dfe0-140037709906048","trial_id":15,"param_name":"lookback","param_value_internal":2.0,"distribution":"{\"name\": \"IntDistribution\", \"attributes\": {\"log\": false, \"step\": 1, \"low\": 0, \"high\": 2}}"}
{"op_code":5,"worker_id":"fbc539f4-b108-4670-9ae7-f97c4185dfe0-140037709906048","trial_id":15,"param_name":"threshold","param_value_internal":3.0,"distribution":"{\"name\": \"IntDistribution\", \"attributes\": {\"log\": false, \"step\": 1, \"low\": 0, \"high\": 6}}"}
{"op_code":5,"worker_id":"fbc539f4-b108-4670-9ae7-f97c4185dfe0-140037709906048","trial_id":15,"param_name":"alpha","param_value_internal":0.0,"distribution":"{\"name\": \"IntDistribution\", \"attributes\": {\"log\": false, \"step\": 1, \"low\": 0, \"high\": 3}}"}
{"op_code":5,"worker_id":"fbc539f4-b108-4670-9ae7-f97c4185dfe0-140037709906048","trial_id":15,"param_name":"z_window","param_value_internal":0.0,"distribution":"{\"name\": \"IntDistribution\", \"attributes\": {\"log\": false, \"step\": 1, \"low\": 0, \"high\": 2}}"}
{"op_code":5,"worker_id":"fbc539f4-b108-4670-9ae7-f97c4185dfe0-140037709906048","trial_id":15,"param_name":"entry_z","param_value_internal":2.0,"distribution":"{\"name\": \"IntDistribution\", \"attributes\": {\"log\": false, \"step\": 1, \"low\": 0, \"high\": 6}}"}
{"op_code":5,"worker_id":"fbc539f4-b108-4670-9ae7-f97c4185dfe0-140037709906048","trial_id":15,"param_name":"exit_z","param_value_internal":3.0,"distribution":"{\"name\": \"IntDistribution\", \"attributes\": {\"log\": false, \"step\": 1, \"low\": 0, \"high\": 4}}"}
{"op_code":5,"worker_id":"fbc539f4-b108-4670-9ae7-f97c4185dfe0-140037709906048","trial_id":15,"param_name":"max_hold","param_value_internal":1.0,"distribution":"{\"name\": \"IntDistribution\", \"attributes\": {\"log\": false, \"step\": 1, \"low\": 0, \"high\": 3}}"}
{"op_code":5,"worker_id":"fbc539f4-b108-4670-9ae7-f97c4185dfe0-140037709906048","trial_id":15,"param_name":"stop_k","param_value_internal":6.0,"distribution":"{\"name\": \"IntDistribution\", \"attributes\": {\"log\": false, \"step\": 1, \"low\": 0, \"high\": 6}}"}
{"op_code":7,"worker_id":"fbc539f4-b108-4670-9ae7-f97c4185dfe0-140037709906048","trial_id":15,"step":1,"intermediate_value":-1.2205311167139372}
{"op_code":6,"worker_id":"fbc539f4-b108-4670-9ae7-f97c4185dfe0-140037709906048","trial_id":15,"state":2,"values":[-1.2205311167139372],"datetime_complete":"2026-09-30T17:20:19.801537+00:00"}
{"op_code":4,"worker_id":"fbc539f4-b108-4670-9ae7-f97c4185dfe0-140037709906048","study_id":0,"datetime_start":"2026-09-30T17:20:19.802540+00:00"}
{"op_code":9,"worker_id":"fbc539f4-b108-4670-9ae7-f97c4185dfe0-140037709906048","trial_id":16,"system_attr":{"tpe:relative_params:0":"{\"alpha\": 1, \"entry_z\": 6, \"exit_z\": 0, \"lookback\": 0, \"max_hold\": 3, \"stop_k\": 3, \"threshold\": 1, \"z_window\": 0}"}}
{"op_code":5,"worker_id":"fbc539f4-b108-4670-9ae7-f97c4185dfe0-140037709906048","trial_id":16,"param_name":"lookback","param_value_internal":0.0,"distribution":"{\"name\": \"IntDistribution\", \"attributes\": {\"log\": false, \"step\": 1, \"low\": 0, \"high\": 2}}"}
{"op_code":5,"worker_id":"fbc539f4-b108-4670-9ae7-f97c4185dfe0-140037709906048","trial_id":16,"param_name":"threshold","param_value_internal":1.0,"distribution":"{\"name\": \"IntDistribution\", \"attributes\": {\"log\": false, \"step\": 1, \"low\": 0, \"high\": 6}}"}
{"op_code":5,"worker_id":"fbc539f4-b108-4670-9ae7-f97c4185dfe0-140037709906048","trial_id":16,"param_name":"alpha","param_value_internal":1.0,"distribution":"{\"name\": \"IntDistribution\", \"attributes\": {\"log\": false, \"step\": 1, \"low\": 0, \"high\": 3}}"}
{"op_code":5,"worker_id":"fbc539f4-b108-4670-9ae7-f97c4185dfe0-140037709906048","trial_id":16,"param_name":"z_window","param_value_internal":0.0,"distribution":"{\"name\": \"IntDistribution\", \"attributes\": {\"log\": false, \"step\": 1, \"low\": 0, \"high\": 2}}"}
{"op_code":5,"worker_id":"fbc539f4-b108-4670-9ae7-f97c4185dfe0-140037709906048","trial_id":16,"param_name":"entry_z","param_value_internal":6.0,"distribution":"{\"name\": \"IntDistribution\", \"attributes\": {\"log\": false, \"step\": 1, \"low\": 0, \"high\": 6}}"}
{"op_code":5,"worker_id":"fbc539f4-b108-4670-9ae7-f97c4185dfe0-140037709906048","trial_id":16,"param_name":"exit_z","param_value_internal":0.0,"distribution":"{\"name\": \"IntDistribution\", \"attributes\": {\"log\": false, \"step\": 1, \"low\": 0, \"high\": 4}}"}
{"op_code":5,"worker_id":"fbc539f4-b108-4670-9ae7-f97c4185dfe0-140037709906048","trial_id":16,"param_name":"max_hold","param_value_internal":3.0,"distribution":"{\"name\": \"IntDistribution\", \"attributes\": {\"log\": false, \"step\": 1, \"low\": 0, \"high\": 3}}"}
{"op_code":5,"worker_id":"fbc539f4-b108-4670-9ae7-f97c4185dfe0-140037709906048","trial_id":16,"param_name":"stop_k","param_value_internal":3.0,"distribution":"{\"name\": \"IntDistribution\", \"attributes\": {\"log\": false, \"step\": 1, \"low\": 0, \"high\": 6}}"}
{"op_code":7,"worker_id":"fbc539f4-b108-4670-9ae7-f97c4185dfe0-140037709906048","trial_id":16,"step":1,"intermediate_value":-2.2491597553054308}
{"op_code":6,"worker_id":"fbc539f4-b108-4670-9ae7-f97c4185dfe0-140037709906048","trial_id":16,"state":2,"values":[-2.2491597553054308],"datetime_complete":"2026-09-30T17:20:21.976015+00:00"}
{"op_code":4,"worker_id":"fbc539f4-b108-4670-9ae7-f97c4185dfe0-140037709906048","study_id":0,"datetime_start":"2026-09-30T17:20:21.977065+00:00"}
{"op_code":9,"worker_id":"fbc539f4-b108-4670-9ae7-f97c4185dfe0-140037709906048","trial_id":17,"system_attr":{"tpe:relative_params:0":"{\"alpha\": 0, \"entry_z\": 5, \"exit_z\": 3, \"lookback\": 2, \"max_hold\": 1, \"stop_k\": 4, \"threshold\": 2, \"z_window\": 0}"}}
{"op_code":5,"worker_id":"fbc539f4-b108-4670-9ae7-f97c4185dfe0-140037709906048","trial_id":17,"param_name":"lookback","param_value_internal":2.0,"distribution":"{\"name\": \"IntDistribution\", \"attributes\": {\"log\": false, \"step\": 1, \"low\": 0, \"high\": 2}}"}
{"op_code":5,"worker_id":"fbc539f4-b108-4670-9ae7-f97c4185dfe0-140037709906048","trial_id":17,"param_name":"threshold","param_value_internal":2.0,"distribution":"{\"name\": \"IntDistribution\", \"attributes\": {\"log\": false, \"step\": 1, \"low\": 0, \"high\": 6}}"}
{"op_code":5,"worker_id":"fbc539f4-b108-4670-9ae7-f97c4185dfe0-140037709906048","trial_id":17,"param_name":"alpha","param_value_internal":0.0,"distribution":"{\"name\": \"IntDistribution\", \"attributes\": {\"log\": false, \"step\": 1, \"low\": 0, \"high\": 3}}"}
{"op_code":5,"worker_id":"fbc539f4-b108-4670-9ae7-f97c4185dfe0-140037709906048","trial_id":17,"param_name":"z_window","param_value_internal":0.0,"distribution":"{\"name\": \"IntDistribution\", \"attributes\": {\"log\": false, \"step\": 1, \"low\": 0, \"high\": 2}}"}
{"op_code":5,"worker_id":"fbc539f4-b108-4670-9ae7-f97c4185dfe0-140037709906048","trial_id":17,"param_name":"entry_z","param_value_internal":5.0,"distribution":"{\"name\": \"IntDistribution\", \"attributes\": {\"log\": false, \"step\": 1, \"low\": 0, \"high\": 6}}"}
{"op_code":5,"worker_id":"fbc539f4-b108-4670-9ae7-f97c4185dfe0-140037709906048","trial_id":17,"param_name":"exit_z","param_value_internal":3.0,"distribution":"{\"name\": \"IntDistribution\", \"attributes\": {\"log\": false, \"step\": 1, \"low\": 0, \"high\": 4}}"}
{"op_code":5,"worker_id":"fbc539f4-b108-4670-9ae7-f97c4185dfe0-140037709906048","trial_id":17,"param_name":"max_hold","param_value_internal":1.0,"distribution":"{\"name\": \"IntDistribution\", \"attributes\": {\"log\": false, \"step\": 1, \"low\": 0, \"high\": 3}}"}
{"op_code":5,"worker_id":"fbc539f4-b108-4670-9ae7-f97c4185dfe0-140037709906048","trial_id":17,"param_name":"stop_k","param_value_internal":4.0,"distribution":"{\"name\": \"IntDistribution\", \"attributes\": {\"log\": false, \"step\": 1, \"low\": 0, \"high\": 6}}"}
{"op_code":7,"worker_id":"fbc539f4-b108-4670-9ae7-f97c4185dfe0-140037709906048","trial_id":17,"step":1,"intermediate_value":-1.545563018770651}
{"op_code":6,"worker_id":"fbc539f4-b108-4670-9ae7-f97c4185dfe0-140037709906048","trial_id":17,"state":2,"values":[-1.545563018770651],"datetime_complete":"2026-09-30T17:20:26.820623+00:00"}
{"op_code":4,"worker_id":"fbc539f4-b108-4670-9ae7-f97c4185dfe0-140037709906048","study_id":0,"datetime_start":"2026-09-30T17:20:26.821490+00:00"}
{"op_code":9,"worker_id":"fbc539f4-b108-4670-9ae7-f97c4185dfe0-140037709906048","trial_id":18,"system_attr":{"tpe:relative_params:0":"{\"alpha\": 0, \"entry_z\": 5, \"exit_z\": 2, \"lookback\": 0, \"max_hold\": 2, \"stop_k\": 3, \"threshold\": 0, \"z_window\": 1}"}}
{"op_code":5,"worker_id":"fbc539f4-b108-4670-9ae7-f97c4185dfe0-140037709906048","trial_id":18,"param_name":"lookback","param_value_internal":0.0,"distribution":"{\"name\": \"IntDistribution\", \"attributes\": {\"log\": false, \"step\": 1, \"low\": 0, \"high\": 2}}"}
{"op_code":5,"worker_id":"fbc539f4-b108-4670-9ae7-f97c4185dfe0-140037709906048","trial_id":18,"param_name":"threshold","param_value_internal":0.0,"distribution":"{\"name\": \"IntDistribution\", \"attributes\": {\"log\": false, \"step\": 1, \"low\": 0, \"high\": 6}}"}
{"op_code":5,"worker_id":"fbc539f4-b108-4670-9ae7-f97c4185dfe0-140037709906048","trial_id":18,"param_name":"alpha","param_value_internal":0.0,"distribution":"{\"name\": \"IntDistribution\", \"attributes\": {\"log\": false, \"step\": 1, \"low\": 0, \"high\": 3}}"}
{"op_code":5,"worker_id":"fbc539f4-b108-4670-9ae7-f97c4185dfe0-140037709906048","trial_id":18,"param_name":"z_window","param_value_internal":1.0,"distribution":"{\"name\": \"IntDistribution\", \"attributes\": {\"log\": false, \"step\": 1, \"low\": 0, \"high\": 2}}"}
{"op_code":5,"worker_id":"fbc539f4-b108-4670-9ae7-f97c4185dfe0-140037709906048","trial_id":18,"param_name":"entry_z","param_value_internal":5.0,"distribution":"{\"name\": \"IntDistribution\", \"attributes\": {\"log\": false, \"step\": 1, \"low\": 0, \"high\": 6}}"}
{"op_code":5,"worker_id":"fbc539f4-b108-4670-9ae7-f97c4185dfe0-140037709906048","trial_id":18,"param_name":"exit_z","param_value_internal":2.0,"distribution":"{\"name\": \"IntDistribution\", \"attributes\": {\"log\": false, \"step\": 1, \"low\": 0, \"high\": 4}}"}
{"op_code":5,"worker_id":"fbc539f4-b108-4670-9ae7-f97c4185dfe0-140037709906048","trial_id":18,"param_name":"max_hold","param_value_internal":2.0,"distribution":"{\"name\": \"IntDistribution\", \"attributes\": {\"log\": false, \"step\": 1, \"low\": 0, \"high\": 3}}"}
{"op_code":5,"worker_id":"fbc539f4-b108-4670-9ae7-f97c4185dfe0-140037709906048","trial_id":18,"param_name":"stop_k","param_value_internal":3.0,"distribution":"{\"name\": \"IntDistribution\", \"attributes\": {\"log\": false, \"step\": 1, \"low\": 0, \"high\": 6}}"}
{"op_code":7,"worker_id":"fbc539f4-b108-4670-9ae7-f97c4185dfe0-140037709906048","trial_id":18,"step":1,"intermediate_value":-2.1612099276962016}
{"op_code":6,"worker_id":"fbc539f4-b108-4670-9ae7-f97c4185dfe0-140037709906048","trial_id":18,"state":2,"values":[-2.1612099276962016],"datetime_complete":"2026-09-30T17:20:28.883331+00:00"}
{"op_code":4,"worker_id":"fbc539f4-b108-4670-9ae7-f97c4185dfe0-140037709906048","study_id":0,"datetime_start":"2026-09-30T17:20:28.884031+00:00"}
{"op_code":9,"worker_id":"fbc539f4-b108-4670-9ae7-f97c4185dfe0-140037709906048","trial_id":19,"system_attr":{"tpe:relative_params:0":"{\"alpha\": 0, \"entry_z\": 2, \"exit_z\": 4, \"lookback\": 1, \"max_hold\": 1, \"stop_k\": 4, \"threshold\": 4, \"z_window\": 0}"}}
{"op_code":5,"worker_id":"fbc539f4-b108-4670-9ae7-f97c4185dfe0-140037709906048","trial_id":19,"param_name":"lookback","param_value_internal":1.0,"distribution":"{\"name\": \"IntDistribution\", \"attributes\": {\"log\": false, \"step\": 1, \"low\": 0, \"high\": 2}}"}
{"op_code":5,"worker_id":"fbc539f4-b108-4670-9ae7-f97c4185dfe0-140037709906048","trial_id":19,"param_name":"threshold","param_value_internal":4.0,"distribution":"{\"name\": \"IntDistribution\", \"attributes\": {\"log\": false, \"step\": 1, \"low\": 0, \"high\": 6}}"}
{"op_code":5,"worker_id":"fbc539f4-b108-4670-9ae7-f97c4185dfe0-140037709906048","trial_id":19,"param_name":"alpha","param_value_internal":0.0,"distribution":"{\"name\": \"IntDistribution\", \"attributes\": {\"log\": false, \"step\": 1, \"low\": 0, \"high\": 3}}"}
{"op_code":5,"worker_id":"fbc539f4-b108-4670-9ae7-f97c4185dfe0-140037709906048","trial_id":19,"param_name":"z_window","param_value_internal":0.0,"distribution":"{\"name\": \"IntDistribution\", \"attributes\": {\"log\": false, \"step\": 1, \"low\": 0, \"high\": 2}}"}
{"op_code":5,"worker_id":"fbc539f4-b108-4670-9ae7-f97c4185dfe0-140037709906048","trial_id":19,"param_name":"entry_z","param_value_internal":2.0,"distribution":"{\"name\": \"IntDistribution\", \"attributes\": {\"log\": false, \"step\": 1, \"low\": 0, \"high\": 6}}"}
{"op_code":5,"worker_id":"fbc539f4-b108-4670-9ae7-f97c4185dfe0-140037709906048","trial_id":19,"param_name":"exit_z","param_value_internal":4.0,"distribution":"{\"name\": \"IntDistribution\", \"attributes\": {\"log\": false, \"step\": 1, \"low\": 0, \"high\": 4}}"}
{"op_code":5,"worker_id":"fbc539f4-b108-4670-9ae7-f97c4185dfe0-140037709906048","trial_id":19,"param_name":"max_hold","param_value_internal":1.0,"distribution":"{\"name\": \"IntDistribution\", \"attributes\": {\"log\": false, \"step\": 1, \"low\": 0, \"high\": 3}}"}
{"op_code":5,"worker_id":"fbc539f4-b108-4670-9ae7-f97c4185dfe0-140037709906048","trial_id":19,"param_name":"stop_k","param_value_internal":4.0,"distribution":"{\"name\": \"IntDistribution\", \"attributes\": {\"log\": false, \"step\": 1, \"low\": 0, \"high\": 6}}"}
{"op_code":7,"worker_id":"fbc539f4-b108-4670-9ae7-f97c4185dfe0-140037709906048","trial_id":19,"step":1,"intermediate_value":-0.7031847748852453}
{"op_code":7,"worker_id":"fbc539f4-b108-4670-9ae7-f97c4185dfe0-140037709906048","trial_id":19,"step":2,"intermediate_value":0.3225094425807336}
{"op_code":8,"worker_id":"fbc539f4-b108-4670-9ae7-f97c4185dfe0-140037709906048","trial_id":19,"user_attr":{"n_trades":2451}}
{"op_code":8,"worker_id":"fbc539f4-b108-4670-9ae7-f97c4185dfe0-140037709906048","trial_id":19,"user_attr":{"cagr":0.013782617956160426}}
{"op_code":8,"worker_id":"fbc539f4-b108-4670-9ae7-f97c4185dfe0-140037709906048","trial_id":19,"user_attr":{"max_drawdown":-0.09454936197551778}}
{"op_code":8,"worker_id":"fbc539f4-b108-4670-9ae7-f97c4185dfe0-140037709906048","trial_id":19,"user_attr":{"sharpe_raw":0.23587011071930963}}
{"op_code":6,"worker_id":"fbc539f4-b108-4670-9ae7-f97c4185dfe0-140037709906048","trial_id":19,"state":1,"values":[0.23587011071930963],"datetime_complete":"2026-09-30T17:20:31.857583+00:00"}
{"op_code":4,"worker_id":"fbc539f4-b108-4670-9ae7-f97c4185dfe0-140037709906048","study_id":0,"datetime_start":"2026-09-30T17:20:31.858253+00:00"}
{"op_code":9,"worker_id":"fbc539f4-b108-4670-9ae7-f97c4185dfe0-140037709906048","trial_id":20,"system_attr":{"tpe:relative_params:0":"{\"alpha\": 0, \"entry_z\": 3, \"exit_z\": 4, \"lookback\": 0, \"max_hold\": 1, \"stop_k\": 6, \"threshold\": 3, \"z_window\": 0}"}}
{"op_code":5,"worker_id":"fbc539f4-b108-4670-9ae7-f97c4185dfe0-140037709906048","trial_id":20,"param_name":"lookback","param_value_internal":0.0,"distribution":"{\"name\": \"IntDistribution\", \"attributes\": {\"log\": false, \"step\": 1, \"low\": 0, \"high\": 2}}"}
{"op_code":5,"worker_id":"fbc539f4-b108-4670-9ae7-f97c4185dfe0-140037709906048","trial_id":20,"param_name":"threshold","param_value_internal":3.0,"distribution":"{\"name\": \"IntDistribution\", \"attributes\": {\"log\": false, \"step\": 1, \"low\": 0, \"high\": 6}}"}
{"op_code":5,"worker_id":"fbc539f4-b108-4670-9ae7-f97c4185dfe0-140037709906048","trial_id":20,"param_name":"alpha","param_value_internal":0.0,"distribution":"{\"name\": \"IntDistribution\", \"attributes\": {\"log\": false, \"step\": 1, \"low\": 0, \"high\": 3}}"}
{"op_code":5,"worker_id":"fbc539f4-b108-4670-9ae7-f97c4185dfe0-140037709906048","trial_id":20,"param_name":"z_window","param_value_internal":0.0,"distribution":"{\"name\": \"IntDistribution\", \"attributes\": {\"log\": false, \"step\": 1, \"low\": 0, \"high\": 2}}"}
{"op_code":5,"worker_id":"fbc539f4-b108-4670-9ae7-f97c4185dfe0-140037709906048","trial_id":20,"param_name":"entry_z","param_value_internal":3.0,"distribution":"{\"name\": \"IntDistribution\", \"attributes\": {\"log\": false, \"step\": 1, \"low\": 0, \"high\": 6}}"}
{"op_code":5,"worker_id":"fbc539f4-b108-4670-9ae7-f97c4185dfe0-140037709906048","trial_id":20,"param_name":"exit_z","param_value_internal":4.0,"distribution":"{\"name\": \"IntDistribution\", \"attributes\": {\"log\": false, \"step\": 1, \"low\": 0, \"high\": 4}}"}
{"op_code":5,"worker_id":"fbc539f4-b108-4670-9ae7-f97c4185dfe0-140037709906048","trial_id":20,"param_name":"max_hold","param_value_internal":1.0,"distribution":"{\"name\": \"IntDistribution\", \"attributes\": {\"log\": false, \"step\": 1, \"low\": 0, \"high\": 3}}"}
{"op_code":5,"worker_id":"fbc539f4-b108-4670-9ae7-f97c4185dfe0-140037709906048","trial_id":20,"param_name":"stop_k","param_value_internal":6.0,"distribution":"{\"name\": \"IntDistribution\", \"attributes\": {\"log\": false, \"step\": 1, \"low\": 0, \"high\": 6}}"}
{"op_code":7,"worker_id":"fbc539f4-b108-4670-9ae7-f97c4185dfe0-140037709906048","trial_id":20,"step":1,"intermediate_value":-0.9100274725538293}
{"op_code":7,"worker_id":"fbc539f4-b108-4670-9ae7-f97c4185dfe0-140037709906048","trial_id":20,"step":2,"intermediate_value":-0.2213666423717204}
{"op_code":6,"worker_id":"fbc539f4-b108-4670-9ae7-f97c4185dfe0-140037709906048","trial_id":20,"state":2,"values":[-0.2213666423717204],"datetime_complete":"2026-09-30T17:20:33.995415+00:00"}
{"op_code":4,"worker_id":"fbc539f4-b108-4670-9ae7-f97c4185dfe0-140037709906048","study_id":0,"datetime_start":"2026-09-30T17:20:33.996058+00:00"}
{"op_code":9,"worker_id":"fbc539f4-b108-4670-9ae7-f97c4185dfe0-140037709906048","trial_id":21,"system_attr":{"tpe:relative_params:0":"{\"alpha\": 0, \"entry_z\": 3, \"exit_z\": 3, \"lookback\": 1, \"max_hold\": 2, \"stop_k\": 5, \"threshold\": 0, \"z_window\": 0}"}}
{"op_code":5,"worker_id":"fbc539f4-b108-4670-9ae7-f97c4185dfe0-140037709906048","trial_id":21,"param_name":"lookback","param_value_internal":1.0,"distribution":"{\"name\": \"IntDistribution\", \"attributes\": {\"log\": false, \"step\": 1, \"low\": 0, \"high\": 2}}"}
{"op_code":5,"worker_id":"fbc539f4-b108-4670-9ae7-f97c4185dfe0-140037709906048","trial_id":21,"param_name":"threshold","param_value_internal":0.0,"distribution":"{\"name\": \"IntDistribution\", \"attributes\": {\"log\": false, \"step\": 1, \"low\": 0, \"high\": 6}}"}
{"op_code":5,"worker_id":"fbc539f4-b108-4670-9ae7-f97c4185dfe0-140037709906048","trial_id":21,"param_name":"alpha","param_value_internal":0.0,"distribution":"{\"name\": \"IntDistribution\", \"attributes\": {\"log\": false, \"step\": 1, \"low\": 0, \"high\": 3}}"}
{"op_code":5,"worker_id":"fbc539f4-b108-4670-9ae7-f97c4185dfe0-140037709906048","trial_id":21,"param_name":"z_window","param_value_internal":0.0,"distribution":"{\"name\": \"IntDistribution\", \"attributes\": {\"log\": false, \"step\": 1, \"low\": 0, \"high\": 2}}"}
{"op_code":5,"worker_id":"fbc539f4-b108-4670-9ae7-f97c4185dfe0-140037709906048","trial_id":21,"param_name":"entry_z","param_value_internal":3.0,"distribution":"{\"name\": \"IntDistribution\", \"attributes\": {\"log\": false, \"step\": 1, \"low\": 0, \"high\": 6}}"}
{"op_code":5,"worker_id":"fbc539f4-b108-4670-9ae7-f97c4185dfe0-140037709906048","trial_id":21,"param_name":"exit_z","param_value_internal":3.0,"distribution":"{\"name\": \"IntDistribution\", \"attributes\": {\"log\": false, \"step\": 1, \"low\": 0, \"high\": 4}}"}
{"op_code":5,"worker_id":"fbc539f4-b108-4670-9ae7-f97c4185dfe0-140037709906048","trial_id":21,"param_name":"max_hold","param_value_internal":2.0,"distribution":"{\"name\": \"IntDistribution\", \"attributes\": {\"log\": false, \"step\": 1, \"low\": 0, \"high\": 3}}"}
{"op_code":5,"worker_id":"fbc539f4-b108-4670-9ae7-f97c4185dfe0-140037709906048","trial_id":21,"param_name":"stop_k","param_value_internal":5.0,"distribution":"{\"name\": \"IntDistribution\", \"attributes\": {\"log\": false, \"step\": 1, \"low\": 0, \"high\": 6}}"}
{"op_code":7,"worker_id":"fbc539f4-b108-4670-9ae7-f97c4185dfe0-140037709906048","trial_id":21,"step":1,"intermediate_value":-1.0829171079947673}
{"op_code":6,"worker_id":"fbc539f4-b108-4670-9ae7-f97c4185dfe0-140037709906048","trial_id":21,"state":2,"values":[-1.0829171079947673],"datetime_complete":"2026-09-30T17:20:36.573712+00:00"}
{"op_code":4,"worker_id":"fbc539f4-b108-4670-9ae7-f97c4185dfe0-140037709906048","study_id":0,"datetime_start":"2026-09-30T17:20:36.574799+00:00"}
{"op_code":9,"worker_id":"fbc539f4-b108-4670-9ae7-f97c4185dfe0-140037709906048","trial_id":22,"system_attr":{"tpe:relative_params:0":"{\"alpha\": 2, \"entry_z\": 0, \"exit_z\": 0, \"lookback\": 0, \"max_hold\": 1, \"stop_k\": 5, \"threshold\": 4, \"z_window\": 2}"}}
{"op_code":5,"worker_id":"fbc539f4-b108-4670-9ae7-f97c4185dfe0-140037709906048","trial_id":22,"param_name":"lookback","param_value_internal":0.0,"distribution":"{\"name\": \"IntDistribution\", \"attributes\": {\"log\": false, \"step\": 1, \"low\": 0, \"high\": 2}}"}
{"op_code":5,"worker_id":"fbc539f4-b108-4670-9ae7-f97c4185dfe0-140037709906048","trial_id":22,"param_name":"threshold","param_value_internal":4.0,"distribution":"{\"name\": \"IntDistribution\", \"attributes\": {\"log\": false, \"step\": 1, \"low\": 0, \"high\": 6}}"}
{"op_code":5,"worker_id":"fbc539f4-b108-4670-9ae7-f97c4185dfe0-140037709906048","trial_id":22,"param_name":"alpha","param_value_internal":2.0,"distribution":"{\"name\": \"IntDistribution\", \"attributes\": {\"log\": false, \"step\": 1, \"low\": 0, \"high\": 3}}"}
{"op_code":5,"worker_id":"fbc539f4-b108-4670-9ae7-f97c4185dfe0-140037709906048","trial_id":22,"param_name":"z_window","param_value_internal":2.0,"distribution":"{\"name\": \"IntDistribution\", \"attributes\": {\"log\": false, \"step\": 1, \"low\": 0, \"high\": 2}}"}
{"op_code":5,"worker_id":"fbc539f4-b108-4670-9ae7-f97c4185dfe0-140037709906048","trial_id":22,"param_name":"entry_z","param_value_internal":0.0,"distribution":"{\"name\": \"IntDistribution\", \"attributes\": {\"log\": false, \"step\": 1, \"low\": 0, \"high\": 6}}"}
{"op_code":5,"worker_id":"fbc539f4-b108-4670-9ae7-f97c4185dfe0-140037709906048","trial_id":22,"param_name":"exit_z","param_value_internal":0.0,"distribution":"{\"name\": \"IntDistribution\", \"attributes\": {\"log\": false, \"step\": 1, \"low\": 0, \"high\": 4}}"}
{"op_code":5,"worker_id":"fbc539f4-b108-4670-9ae7-f97c4185dfe0-140037709906048","trial_id":22,"param_name":"max_hold","param_value_internal":1.0,"distribution":"{\"name\": \"IntDistribution\", \"attributes\": {\"log\": false, \"step\": 1, \"low\": 0, \"high\": 3}}"}
{"op_code":5,"worker_id":"fbc539f4-b108-4670-9ae7-f97c4185dfe0-140037709906048","trial_id":22,"param_name":"stop_k","param_value_internal":5.0,"distribution":"{\"name\": \"IntDistribution\", \"attributes\": {\"log\": false, \"step\": 1, \"low\": 0, \"high\": 6}}"}
{"op_code":7,"worker_id":"fbc539f4-b108-4670-9ae7-f97c4185dfe0-140037709906048","trial_id":22,"step":1,"intermediate_value":-0.825477844083805}
{"op_code":7,"worker_id":"fbc539f4-b108-4670-9ae7-f97c4185dfe0-140037709906048","trial_id":22,"step":2,"intermediate_value":-0.12026648644684627}
{"op_code":6,"worker_id":"fbc539f4-b108-4670-9ae7-f97c4185dfe0-140037709906048","trial_id":22,"state":2,"values":[-0.12026648644684627],"datetime_complete":"2026-09-30T17:20:39.199674+00:00"}
{"op_code":4,"worker_id":"fbc539f4-b108-4670-9ae7-f97c4185dfe0-140037709906048","study_id":0,"datetime_start":"2026-09-30T17:20:39.200904+00:00"}
{"op_code":9,"worker_id":"fbc539f4-b108-4670-9ae7-f97c4185dfe0-140037709906048","trial_id":23,"system_attr":{"tpe:relative_params:0":"{\"alpha\": 0, \"entry_z\": 3, \"exit_z\": 4, \"lookback\": 2, \"max_hold\": 1, \"stop_k\": 3, \"threshold\": 2, \"z_window\": 0}"}}
{"op_code":5,"worker_id":"fbc539f4-b108-4670-9ae7-f97c4185dfe0-140037709906048","trial_id":23,"param_name":"lookback","param_value_internal":2.0,"distribution":"{\"name\": \"IntDistribution\", \"attributes\": {\"log\": false, \"step\": 1, \"low\": 0, \"high\": 2}}"}
{"op_code":5,"worker_id":"fbc539f4-b108-4670-9ae7-f97c4185dfe0-140037709906048","trial_id":23,"param_name":"threshold","param_value_internal":2.0,"distribution":"{\"name\": \"IntDistribution\", \"attributes\": {\"log\": false, \"step\": 1, \"low\": 0, \"high\": 6}}"}
{"op_code":5,"worker_id":"fbc539f4-b108-4670-9ae7-f97c4185dfe0-140037709906048","trial_id":23,"param_name":"alpha","param_value_internal":0.0,"distribution":"{\"name\": \"IntDistribution\", \"attributes\": {\"log\": false, \"step\": 1, \"low\": 0, \"high\": 3}}"}
{"op_code":5,"worker_id":"fbc539f4-b108-4670-9ae7-f97c4185dfe0-140037709906048","trial_id":23,"param_name":"z_window","param_value_internal":0.0,"distribution":"{\"name\": \"IntDistribution\", \"attributes\": {\"log\": false, \"step\": 1, \"low\": 0, \"high\": 2}}"}
{"op_code":5,"worker_id":"fbc539f4-b108-4670-9ae7-f97c4185dfe0-140037709906048","trial_id":23,"param_name":"entry_z","param_value_internal":3.0,"distribution":"{\"name\": \"IntDistribution\", \"attributes\": {\"log\": false, \"step\": 1, \"low\": 0, \"high\": 6}}"}
{"op_code":5,"worker_id":"fbc539f4-b108-4670-9ae7-f97c4185dfe0-140037709906048","trial_id":23,"param_name":"exit_z","param_value_internal":4.0,"distribution":"{\"name\": \"IntDistribution\", \"attributes\": {\"log\": false, \"step\": 1, \"low\": 0, \"high\": 4}}"}
{"op_code":5,"worker_id":"fbc539f4-b108-4670-9ae7-f97c4185dfe0-140037709906048","trial_id":23,"param_name":"max_hold","param_value_internal":1.0,"distribution":"{\"name\": \"IntDistribution\", \"attributes\": {\"log\": false, \"step\": 1, \"low\": 0, \"high\": 3}}"}
{"op_code":5,"worker_id":"fbc539f4-b108-4670-9ae7-f97c4185dfe0-140037709906048","trial_id":23,"param_name":"stop_k","param_value_internal":3.0,"distribution":"{\"name\": \"IntDistribution\", \"attributes\": {\"log\": false, \"step\": 1, \"low\": 0, \"high\": 6}}"}
{"op_code":7,"worker_id":"fbc539f4-b108-4670-9ae7-f97c4185dfe0-140037709906048","trial_id":23,"step":1,"intermediate_value":-1.7399450404215606}
{"op_code":6,"worker_id":"fbc539f4-b108-4670-9ae7-f97c4185dfe0-140037709906048","trial_id":23,"state":2,"values":[-1.7399450404215606],"datetime_complete":"2026-09-30T17:20:39.242831+00:00"}
{"op_code":4,"worker_id":"fbc539f4-b108-4670-9ae7-f97c4185dfe0-140037709906048","study_id":0,"datetime_start":"2026-09-30T17:20:39.243709+00:00"}
{"op_code":9,"worker_id":"fbc539f4-b108-4670-9ae7-f97c4185dfe0-140037709906048","trial_id":24,"system_attr":{"tpe:relative_params:0":"{\"alpha\": 0, \"entry_z\": 4, \"exit_z\": 1, \"lookback\": 0, \"max_hold\": 1, \"stop_k\": 4, \"threshold\": 2, \"z_window\": 1}"}}
{"op_code":5,"worker_id":"fbc539f4-b108-4670-9ae7-f97c4185dfe0-140037709906048","trial_id":24,"param_name":"lookback","param_value_internal":0.0,"distribution":"{\"name\": \"IntDistribution\", \"attributes\": {\"log\": false, \"step\": 1, \"low\": 0, \"high\": 2}}"}
{"op_code":5,"worker_id":"fbc539f4-b108-4670-9ae7-f97c4185dfe0-140037709906048","trial_id":24,"param_name":"threshold","param_value_internal":2.0,"distribution":"{\"name\": \"IntDistribution\", \"attributes\": {\"log\": false, \"step\": 1, \"low\": 0, \"high\": 6}}"}
{"op_code":5,"worker_id":"fbc539f4-b108-4670-9ae7-f97c4185dfe0-140037709906048","trial_id":24,"param_name":"alpha","param_value_internal":0.0,"distribution":"{\"name\": \"IntDistribution\", \"attributes\": {\"log\": false, \"step\": 1, \"low\": 0, \"high\": 3}}"}
{"op_code":5,"worker_id":"fbc539f4-b108-4670-9ae7-f97c4185dfe0-140037709906048","trial_id":24,"param_name":"z_window","param_value_internal":1.0,"distribution":"{\"name\": \"IntDistribution\", \"attributes\": {\"log\": false, \"step\": 1, \"low\": 0, \"high\": 2}}"}
{"op_code":5,"worker_id":"fbc539f4-b108-4670-9ae7-f97c4185dfe0-140037709906048","trial_id":24,"param_name":"entry_z","param_value_internal":4.0,"distribution":"{\"name\": \"IntDistribution\", \"attributes\": {\"log\": false, \"step\": 1, \"low\": 0, \"high\": 6}}"}
{"op_code":5,"worker_id":"fbc539f4-b108-4670-9ae7-f97c4185dfe0-140037709906048","trial_id":24,"param_name":"exit_z","param_value_internal":1.0,"distribution":"{\"name\": \"IntDistribution\", \"attributes\": {\"log\": false, \"step\": 1, \"low\": 0, \"high\": 4}}"}
{"op_code":5,"worker_id":"fbc539f4-b108-4670-9ae7-f97c4185dfe0-140037709906048","trial_id":24,"param_name":"max_hold","param_value_internal":1.0,"distribution":"{\"name\": \"IntDistribution\", \"attributes\": {\"log\": false, \"step\": 1, \"low\": 0, \"high\": 3}}"}
{"op_code":5,"worker_id":"fbc539f4-b108-4670-9ae7-f97c4185dfe0-140037709906048","trial_id":24,"param_name":"stop_k","param_value_internal":4.0,"distribution":"{\"name\": \"IntDistribution\", \"attributes\": {\"log\": false, \"step\": 1, \"low\": 0, \"high\": 6}}"}
{"op_code":7,"worker_id":"fbc539f4-b108-4670-9ae7-f97c4185dfe0-140037709906048","trial_id":24,"step":1,"intermediate_value":-0.9522223897571968}
{"op_code":7,"worker_id":"fbc539f4-b108-4670-9ae7-f97c4185dfe0-140037709906048","trial_id":24,"step":2,"intermediate_value":-0.26138857975760854}
{"op_code":6,"worker_id":"fbc539f4-b108-4670-9ae7-f97c4185dfe0-140037709906048","trial_id":24,"state":2,"values":[-0.26138857975760854],"datetime_complete":"2026-09-30T17:20:41.711590+00:00"}
{"op_code":4,"worker_id":"fbc539f4-b108-4670-9ae7-f97c4185dfe0-140037709906048","study_id":0,"datetime_start":"2026-09-30T17:20:41.712734+00:00"}
{"op_code":9,"worker_id":"fbc539f4-b108-4670-9ae7-f97c4185dfe0-140037709906048","trial_id":25,"system_attr":{"tpe:relative_params:0":"{\"alpha\": 1, \"entry_z\": 3, \"exit_z\": 1, \"lookback\": 0, \"max_hold\": 0, \"stop_k\": 4, \"threshold\": 3, \"z_window\": 0}"}}
{"op_code":5,"worker_id":"fbc539f4-b108-4670-9ae7-f97c4185dfe0-140037709906048","trial_id":25,"param_name":"lookback","param_value_internal":0.0,"distribution":"{\"name\": \"IntDistribution\", \"attributes\": {\"log\": false, \"step\": 1, \"low\": 0, \"high\": 2}}"}
{"op_code":5,"worker_id":"fbc539f4-b108-4670-9ae7-f97c4185dfe0-140037709906048","trial_id":25,"param_name":"threshold","param_value_internal":3.0,"distribution":"{\"name\": \"IntDistribution\", \"attributes\": {\"log\": false, \"step\": 1, \"low\": 0, \"high\": 6}}"}
{"op_code":5,"worker_id":"fbc539f4-b108-4670-9ae7-f97c4185dfe0-140037709906048","trial_id":25,"param_name":"alpha","param_value_internal":1.0,"distribution":"{\"name\": \"IntDistribution\", \"attributes\": {\"log\": false, \"step\": 1, \"low\": 0, \"high\": 3}}"}
{"op_code":5,"worker_id":"fbc539f4-b108-4670-9ae7-f97c4185dfe0-140037709906048","trial_id":25,"param_name":"z_window","param_value_internal":0.0,"distribution":"{\"name\": \"IntDistribution\", \"attributes\": {\"log\": false, \"step\": 1, \"low\": 0, \"high\": 2}}"}
{"op_code":5,"worker_id":"fbc539f4-b108-4670-9ae7-f97c4185dfe0-140037709906048","trial_id":25,"param_name":"entry_z","param_value_internal":3.0,"distribution":"{\"name\": \"IntDistribution\", \"attributes\": {\"log\": false, \"step\": 1, \"low\": 0, \"high\": 6}}"}
{"op_code":5,"worker_id":"fbc539f4-b108-4670-9ae7-f97c4185dfe0-140037709906048","trial_id":25,"param_name":"exit_z","param_value_internal":1.0,"distribution":"{\"name\": \"IntDistribution\", \"attributes\": {\"log\": false, \"step\": 1, \"low\": 0, \"high\": 4}}"}
{"op_code":5,"worker_id":"fbc539f4-b108-4670-9ae7-f97c4185dfe0-140037709906048","trial_id":25,"param_name":"max_hold","param_value_internal":0.0,"distribution":"{\"name\": \"IntDistribution\", \"attributes\": {\"log\": false, \"step\": 1, \"low\": 0, \"high\": 3}}"}
{"op_code":5,"worker_id":"fbc539f4-b108-4670-9ae7-f97c4185dfe0-140037709906048","trial_id":25,"param_name":"stop_k","param_value_internal":4.0,"distribution":"{\"name\": \"IntDistribution\", \"attributes\": {\"log\": false, \"step\": 1, \"low\": 0, \"high\": 6}}"}
{"op_code":7,"worker_id":"fbc539f4-b108-4670-9ae7-f97c4185dfe0-140037709906048","trial_id":25,"step":1,"intermediate_value":-1.6061492535335051}
{"op_code":6,"worker_id":"fbc539f4-b108-4670-9ae7-f97c4185dfe0-140037709906048","trial_id":25,"state":2,"values":[-1.6061492535335051],"datetime_complete":"2026-09-30T17:20:43.855732+00:00"}
{"op_code":4,"worker_id":"fbc539f4-b108-4670-9ae7-f97c4185dfe0-140037709906048","study_id":0,"datetime_start":"2026-09-30T17:20:43.856608+00:00"}
{"op_code":9,"worker_id":"fbc539f4-b108-4670-9ae7-f97c4185dfe0-140037709906048","trial_id":26,"system_attr":{"tpe:relative_params:0":"{\"alpha\": 3, \"entry_z\": 0, \"exit_z\": 0, \"lookback\": 0, \"max_hold\": 0, \"stop_k\": 4, \"threshold\": 1, \"z_window\": 2}"}}
{"op_code":5,"worker_id":"fbc539f4-b108-4670-9ae7-f97c4185dfe0-140037709906048","trial_id":26,"param_name":"lookback","param_value_internal":0.0,"distribution":"{\"name\": \"IntDistribution\", \"attributes\": {\"log\": false, \"step\": 1, \"low\": 0, \"high\": 2}}"}
{"op_code":5,"worker_id":"fbc539f4-b108-4670-9ae7-f97c4185dfe0-140037709906048","trial_id":26,"param_name":"threshold","param_value_internal":1.0,"distribution":"{\"name\": \"IntDistribution\", \"attributes\": {\"log\": false, \"step\": 1, \"low\": 0, \"high\": 6}}"}
{"op_code":5,"worker_id":"fbc539f4-b108-4670-9ae7-f97c4185dfe0-140037709906048","trial_id":26,"param_name":"alpha","param_value_internal":3.0,"distribution":"{\"name\": \"IntDistribution\", \"attributes\": {\"log\": false, \"step\": 1, \"low\": 0, \"high\": 3}}"}
{"op_code":5,"worker_id":"fbc539f4-b108-4670-9ae7-f97c4185dfe0-140037709906048","trial_id":26,"param_name":"z_window","param_value_internal":2.0,"distribution":"{\"name\": \"IntDistribution\", \"attributes\": {\"log\": false, \"step\": 1, \"low\": 0, \"high\": 2}}"}
{"op_code":5,"worker_id":"fbc539f4-b108-4670-9ae7-f97c4185dfe0-140037709906048","trial_id":26,"param_name":"entry_z","param_value_internal":0.0,"distribution":"{\"name\": \"IntDistribution\", \"attributes\": {\"log\": false, \"step\": 1, \"low\": 0, \"high\": 6}}"}
{"op_code":5,"worker_id":"fbc539f4-b108-4670-9ae7-f97c4185dfe0-140037709906048","trial_id":26,"param_name":"exit_z","param_value_internal":0.0,"distribution":"{\"name\": \"IntDistribution\", \"attributes\": {\"log\": false, \"step\": 1, \"low\": 0, \"high\": 4}}"}
{"op_code":5,"worker_id":"fbc539f4-b108-4670-9ae7-f97c4185dfe0-140037709906048","trial_id":26,"param_name":"max_hold","param_value_internal":0.0,"distribution":"{\"name\": \"IntDistribution\", \"attributes\": {\"log\": false, \"step\": 1, \"low\": 0, \"high\": 3}}"}
{"op_code":5,"worker_id":"fbc539f4-b108-4670-9ae7-f97c4185dfe0-140037709906048","trial_id":26,"param_name":"stop_k","param_value_internal":4.0,"distribution":"{\"name\": \"IntDistribution\", \"attributes\": {\"log\": false, \"step\": 1, \"low\": 0, \"high\": 6}}"}
{"op_code":7,"worker_id":"fbc539f4-b108-4670-9ae7-f97c4185dfe0-140037709906048","trial_id":26,"step":1,"intermediate_value":-1.0522670677035146}
{"op_code":6,"worker_id":"fbc539f4-b108-4670-9ae7-f97c4185dfe0-140037709906048","trial_id":26,"state":2,"values":[-1.0522670677035146],"datetime_complete":"2026-09-30T17:20:46.309622+00:00"}
{"op_code":4,"worker_id":"fbc539f4-b108-4670-9ae7-f97c4185dfe0-140037709906048","study_id":0,"datetime_start":"2026-09-30T17:20:46.310609+00:00"}
{"op_code":9,"worker_id":"fbc539f4-b108-4670-9ae7-f97c4185dfe0-140037709906048","trial_id":27,"system_attr":{"tpe:relative_params:0":"{\"alpha\": 3, \"entry_z\": 0, \"exit_z\": 1, \"lookback\": 0, \"max_hold\": 0, \"stop_k\": 3, \"threshold\": 5, \"z_window\": 1}"}}
{"op_code":5,"worker_id":"fbc539f4-b108-4670-9ae7-f97c4185dfe0-140037709906048","trial_id":27,"param_name":"lookback","param_value_internal":0.0,"distribution":"{\"name\": \"IntDistribution\", \"attributes\": {\"log\": false, \"step\": 1, \"low\": 0, \"high\": 2}}"}
{"op_code":5,"worker_id":"fbc539f4-b108-4670-9ae7-f97c4185dfe0-140037709906048","trial_id":27,"param_name":"threshold","param_value_internal":5.0,"distribution":"{\"name\": \"IntDistribution\", \"attributes\": {\"log\": false, \"step\": 1, \"low\": 0, \"high\": 6}}"}
{"op_code":5,"worker_id":"fbc539f4-b108-4670-9ae7-f97c4185dfe0-140037709906048","trial_id":27,"param_name":"alpha","param_value_internal":3.0,"distribution":"{\"name\": \"IntDistribution\", \"attributes\": {\"log\": false, \"step\": 1, \"low\": 0, \"high\": 3}}"}
{"op_code":5,"worker_id":"fbc539f4-b108-4670-9ae7-f97c4185dfe0-140037709906048","trial_id":27,"param_name":"z_window","param_value_internal":1.0,"distribution":"{\"name\": \"IntDistribution\", \"attributes\": {\"log\": false, \"step\": 1, \"low\": 0, \"high\": 2}}"}
{"op_code":5,"worker_id":"fbc539f4-b108-4670-9ae7-f97c4185dfe0-140037709906048","trial_id":27,"param_name":"entry_z","param_value_internal":0.0,"distribution":"{\"name\": \"IntDistribution\", \"attributes\": {\"log\": false, \"step\": 1, \"low\": 0, \"high\": 6}}"}
{"op_code":5,"worker_id":"fbc539f4-b108-4670-9ae7-f97c4185dfe0-140037709906048","trial_id":27,"param_name":"exit_z","param_value_internal":1.0,"distribution":"{\"name\": \"IntDistribution\", \"attributes\": {\"log\": false, \"step\": 1, \"low\": 0, \"high\": 4}}"}
{"op_code":5,"worker_id":"fbc539f4-b108-4670-9ae7-f97c4185dfe0-140037709906048","trial_id":27,"param_name":"max_hold","param_value_internal":0.0,"distribution":"{\"name\": \"IntDistribution\", \"attributes\": {\"log\": false, \"step\": 1, \"low\": 0, \"high\": 3}}"}
{"op_code":5,"worker_id":"fbc539f4-b108-4670-9ae7-f97c4185dfe0-140037709906048","trial_id":27,"param_name":"stop_k","param_value_internal":3.0,"distribution":"{\"name\": \"IntDistribution\", \"attributes\": {\"log\": false, \"step\": 1, \"low\": 0, \"high\": 6}}"}
{"op_code":7,"worker_id":"fbc539f4-b108-4670-9ae7-f97c4185dfe0-140037709906048","trial_id":27,"step":1,"intermediate_value":-1.1449938149661258}
{"op_code":6,"worker_id":"fbc539f4-b108-4670-9ae7-f97c4185dfe0-140037709906048","trial_id":27,"state":2,"values":[-1.1449938149661258],"datetime_complete":"2026-09-30T17:20:48.477966+00:00"}
{"op_code":4,"worker_id":"fbc539f4-b108-4670-9ae7-f97c4185dfe0-140037709906048","study_id":0,"datetime_start":"2026-09-30T17:20:48.478953+00:00"}
{"op_code":9,"worker_id":"fbc539f4-b108-4670-9ae7-f97c4185dfe0-140037709906048","trial_id":28,"system_attr":{"tpe:relative_params:0":"{\"alpha\": 2, \"entry_z\": 1, \"exit_z\": 0, \"lookback\": 0, \"max_hold\": 0, \"stop_k\": 4, \"threshold\": 6, \"z_window\": 1}"}}
{"op_code":5,"worker_id":"fbc539f4-b108-4670-9ae7-f97c4185dfe0-140037709906048","trial_id":28,"param_name":"lookback","param_value_internal":0.0,"distribution":"{\"name\": \"IntDistribution\", \"attributes\": {\"log\": false, \"step\": 1, \"low\": 0, \"high\": 2}}"}
{"op_code":5,"worker_id":"fbc539f4-b108-4670-9ae7-f97c4185dfe0-140037709906048","trial_id":28,"param_name":"threshold","param_value_internal":6.0,"distribution":"{\"name\": \"IntDistribution\", \"attributes\": {\"log\": false, \"step\": 1, \"low\": 0, \"high\": 6}}"}
{"op_code":5,"worker_id":"fbc539f4-b108-4670-9ae7-f97c4185dfe0-140037709906048","trial_id":28,"param_name":"alpha","param_value_internal":2.0,"distribution":"{\"name\": \"IntDistribution\", \"attributes\": {\"log\": false, \"step\": 1, \"low\": 0, \"high\": 3}}"}
{"op_code":5,"worker_id":"fbc539f4-b108-4670-9ae7-f97c4185dfe0-140037709906048","trial_id":28,"param_name":"z_window","param_value_internal":1.0,"distribution":"{\"name\": \"IntDistribution\", \"attributes\": {\"log\": false, \"step\": 1, \"low\": 0, \"high\": 2}}"}
{"op_code":5,"worker_id":"fbc539f4-b108-4670-9ae7-f97c4185dfe0-140037709906048","trial_id":28,"param_name":"entry_z","param_value_internal":1.0,"distribution":"{\"name\": \"IntDistribution\", \"attributes\": {\"log\": false, \"step\": 1, \"low\": 0, \"high\": 6}}"}
{"op_code":5,"worker_id":"fbc539f4-b108-4670-9ae7-f97c4185dfe0-140037709906048","trial_id":28,"param_name":"exit_z","param_value_internal":0.0,"distribution":"{\"name\": \"IntDistribution\", \"attributes\": {\"log\": false, \"step\": 1, \"low\": 0, \"high\": 4}}"}
{"op_code":5,"worker_id":"fbc539f4-b108-4670-9ae7-f97c4185dfe0-140037709906048","trial_id":28,"param_name":"max_hold","param_value_internal":0.0,"distribution":"{\"name\": \"IntDistribution\", \"attributes\": {\"log\": false, \"step\": 1, \"low\": 0, \"high\": 3}}"}
{"op_code":5,"worker_id":"fbc539f4-b108-4670-9ae7-f97c4185dfe0-140037709906048","trial_id":28,"param_name":"stop_k","param_value_internal":4.0,"distribution":"{\"name\": \"IntDistribution\", \"attributes\": {\"log\": false, \"step\": 1, \"low\": 0, \"high\": 6}}"}
{"op_code":7,"worker_id":"fbc539f4-b108-4670-9ae7-f97c4185dfe0-140037709906048","trial_id":28,"step":1,"intermediate_value":-1.2593534874727232}
{"op_code":6,"worker_id":"fbc539f4-b108-4670-9ae7-f97c4185dfe0-140037709906048","trial_id":28,"state":2,"values":[-1.2593534874727232],"datetime_complete":"2026-09-30T17:20:50.615194+00:00"}
{"op_code":4,"worker_id":"fbc539f4-b108-4670-9ae7-f97c4185dfe0-140037709906048","study_id":0,"datetime_start":"2026-09-30T17:20:50.616044+00:00"}
{"op_code":9,"worker_id":"fbc539f4-b108-4670-9ae7-f97c4185dfe0-140037709906048","trial_id":29,"system_attr":{"tpe:relative_params:0":"{\"alpha\": 1, \"entry_z\": 3, \"exit_z\": 2, \"lookback\": 1, \"max_hold\": 1, \"stop_k\": 4, \"threshold\": 4, \"z_window\": 0}"}}
{"op_code":5,"worker_id":"fbc539f4-b108-4670-9ae7-f97c4185dfe0-140037709906048","trial_id":29,"param_name":"lookback","param_value_internal":1.0,"distribution":"{\"name\": \"IntDistribution\", \"attributes\": {\"log\": false, \"step\": 1, \"low\": 0, \"high\": 2}}"}
{"op_code":5,"worker_id":"fbc539f4-b108-4670-9ae7-f97c4185dfe0-140037709906048","trial_id":29,"param_name":"threshold","param_value_internal":4.0,"distribution":"{\"name\": \"IntDistribution\", \"attributes\": {\"log\": false, \"step\": 1, \"low\": 0, \"high\": 6}}"}
{"op_code":5,"worker_id":"fbc539f4-b108-4670-9ae7-f97c4185dfe0-140037709906048","trial_id":29,"param_name":"alpha","param_value_internal":1.0,"distribution":"{\"name\": \"IntDistribution\", \"attributes\": {\"log\": false, \"step\": 1, \"low\": 0, \"high\": 3}}"}
{"op_code":5,"worker_id":"fbc539f4-b108-4670-9ae7-f97c4185dfe0-140037709906048","trial_id":29,"param_name":"z_window","param_value_internal":0.0,"distribution":"{\"name\": \"IntDistribution\", \"attributes\": {\"log\": false, \"step\": 1, \"low\": 0, \"high\": 2}}"}
{"op_code":5,"worker_id":"fbc539f4-b108-4670-9ae7-f97c4185dfe0-140037709906048","trial_id":29,"param_name":"entry_z","param_value_internal":3.0,"distribution":"{\"name\": \"IntDistribution\", \"attributes\": {\"log\": false, \"step\": 1, \"low\": 0, \"high\": 6}}"}
{"op_code":5,"worker_id":"fbc539f4-b108-4670-9ae7-f97c4185dfe0-140037709906048","trial_id":29,"param_name":"exit_z","param_value_internal":2.0,"distribution":"{\"name\": \"IntDistribution\", \"attributes\": {\"log\": false, \"step\": 1, \"low\": 0, \"high\": 4}}"}
{"op_code":5,"worker_id":"fbc539f4-b108-4670-9ae7-f97c4185dfe0-140037709906048","trial_id":29,"param_name":"max_hold","param_value_internal":1.0,"distribution":"{\"name\": \"IntDistribution\", \"attributes\": {\"log\": false, \"step\": 1, \"low\": 0, \"high\": 3}}"}
{"op_code":5,"worker_id":"fbc539f4-b108-4670-9ae7-f97c4185dfe0-140037709906048","trial_id":29,"param_name":"stop_k","param_value_internal":4.0,"distribution":"{\"name\": \"IntDistribution\", \"attributes\": {\"log\": false, \"step\": 1, \"low\": 0, \"high\": 6}}"}
{"op_code":7,"worker_id":"fbc539f4-b108-4670-9ae7-f97c4185dfe0-140037709906048","trial_id":29,"step":1,"intermediate_value":-1.0657001696249002}
{"op_code":6,"worker_id":"fbc539f4-b108-4670-9ae7-f97c4185dfe0-140037709906048","trial_id":29,"state":2,"values":[-1.0657001696249002],"datetime_complete":"2026-09-30T17:20:53.140136+00:00"}
{"op_code":4,"worker_id":"fbc539f4-b108-4670-9ae7-f97c4185dfe0-140037709906048","study_id":0,"datetime_start":"2026-09-30T17:20:53.141011+00:00"}
{"op_code":9,"worker_id":"fbc539f4-b108-4670-9ae7-f97c4185dfe0-140037709906048","trial_id":30,"system_attr":{"tpe:relative_params:0":"{\"alpha\": 3, \"entry_z\": 1, \"exit_z\": 1, \"lookback\": 0, \"max_hold\": 1, \"stop_k\": 4, \"threshold\": 5, \"z_window\": 0}"}}
{"op_code":5,"worker_id":"fbc539f4-b108-4670-9ae7-f97c4185dfe0-140037709906048","trial_id":30,"param_name":"lookback","param_value_internal":0.0,"distribution":"{\"name\": \"IntDistribution\", \"attributes\": {\"log\": false, \"step\": 1, \"low\": 0, \"high\": 2}}"}
{"op_code":5,"worker_id":"fbc539f4-b108-4670-9ae7-f97c4185dfe0-140037709906048","trial_id":30,"param_name":"threshold","param_value_internal":5.0,"distribution":"{\"name\": \"IntDistribution\", \"attributes\": {\"log\": false, \"step\": 1, \"low\": 0, \"high\": 6}}"}
{"op_code":5,"worker_id":"fbc539f4-b108-4670-9ae7-f97c4185dfe0-140037709906048","trial_id":30,"param_name":"alpha","param_value_internal":3.0,"distribution":"{\"name\": \"IntDistribution\", \"attributes\": {\"log\": false, \"step\": 1, \"low\": 0, \"high\": 3}}"}
{"op_code":5,"worker_id":"fbc539f4-b108-4670-9ae7-f97c4185dfe0-140037709906048","trial_id":30,"param_name":"z_window","param_value_internal":0.0,"distribution":"{\"name\": \"IntDistribution\", \"attributes\": {\"log\": false, \"step\": 1, \"low\": 0, \"high\": 2}}"}
{"op_code":5,"worker_id":"fbc539f4-b108-4670-9ae7-f97c4185dfe0-140037709906048","trial_id":30,"param_name":"entry_z","param_value_internal":1.0,"distribution":"{\"name\": \"IntDistribution\", \"attributes\": {\"log\": false, \"step\": 1, \"low\": 0, \"high\": 6}}"}
{"op_code":5,"worker_id":"fbc539f4-b108-4670-9ae7-f97c4185dfe0-140037709906048","trial_id":30,"param_name":"exit_z","param_value_internal":1.0,"distribution":"{\"name\": \"IntDistribution\", \"attributes\": {\"log\": false, \"step\": 1, \"low\": 0, \"high\": 4}}"}
{"op_code":5,"worker_id":"fbc539f4-b108-4670-9ae7-f97c4185dfe0-140037709906048","trial_id":30,"param_name":"max_hold","param_value_internal":1.0,"distribution":"{\"name\": \"IntDistribution\", \"attributes\": {\"log\": false, \"step\": 1, \"low\": 0, \"high\": 3}}"}
{"op_code":5,"worker_id":"fbc539f4-b108-4670-9ae7-f97c4185dfe0-140037709906048","trial_id":30,"param_name":"stop_k","param_value_internal":4.0,"distribution":"{\"name\": \"IntDistribution\", \"attributes\": {\"log\": false, \"step\": 1, \"low\": 0, \"high\": 6}}"}
{"op_code":7,"worker_id":"fbc539f4-b108-4670-9ae7-f97c4185dfe0-140037709906048","trial_id":30,"step":1,"intermediate_value":-1.4860199533796912}
{"op_code":6,"worker_id":"fbc539f4-b108-4670-9ae7-f97c4185dfe0-140037709906048","trial_id":30,"state":2,"values":[-1.4860199533796912],"datetime_complete":"2026-09-30T17:20:55.226386+00:00"}
{"op_code":4,"worker_id":"fbc539f4-b108-4670-9ae7-f97c4185dfe0-140037709906048","study_id":0,"datetime_start":"2026-09-30T17:20:55.227125+00:00"}
{"op_code":9,"worker_id":"fbc539f4-b108-4670-9ae7-f97c4185dfe0-140037709906048","trial_id":31,"system_attr":{"tpe:relative_params:0":"{\"alpha\": 0, \"entry_z\": 0, \"exit_z\": 0, \"lookback\": 1, \"max_hold\": 0, \"stop_k\": 0, \"threshold\": 3, \"z_window\": 1}"}}
{"op_code":5,"worker_id":"fbc539f4-b108-4670-9ae7-f97c4185dfe0-140037709906048","trial_id":31,"param_name":"lookback","param_value_internal":1.0,"distribution":"{\"name\": \"IntDistribution\", \"attributes\": {\"log\": false, \"step\": 1, \"low\": 0, \"high\": 2}}"}
{"op_code":5,"worker_id":"fbc539f4-b108-4670-9ae7-f97c4185dfe0-140037709906048","trial_id":31,"param_name":"threshold","param_value_internal":3.0,"distribution":"{\"name\": \"IntDistribution\", \"attributes\": {\"log\": false, \"step\": 1, \"low\": 0, \"high\": 6}}"}
{"op_code":5,"worker_id":"fbc539f4-b108-4670-9ae7-f97c4185dfe0-140037709906048","trial_id":31,"param_name":"alpha","param_value_internal":0.0,"distribution":"{\"name\": \"IntDistribution\", \"attributes\": {\"log\": false, \"step\": 1, \"low\": 0, \"high\": 3}}"}
{"op_code":5,"worker_id":"fbc539f4-b108-4670-9ae7-f97c4185dfe0-140037709906048","trial_id":31,"param_name":"z_window","param_value_internal":1.0,"distribution":"{\"name\": \"IntDistribution\", \"attributes\": {\"log\": false, \"step\": 1, \"low\": 0, \"high\": 2}}"}
{"op_code":5,"worker_id":"fbc539f4-b108-4670-9ae7-f97c4185dfe0-140037709906048","trial_id":31,"param_name":"entry_z","param_value_internal":0.0,"distribution":"{\"name\": \"IntDistribution\", \"attributes\": {\"log\": false, \"step\": 1, \"low\": 0, \"high\": 6}}"}
{"op_code":5,"worker_id":"fbc539f4-b108-4670-9ae7-f97c4185dfe0-140037709906048","trial_id":31,"param_name":"exit_z","param_value_internal":0.0,"distribution":"{\"name\": \"IntDistribution\", \"attributes\": {\"log\": false, \"step\": 1, \"low\": 0, \"high\": 4}}"}
{"op_code":5,"worker_id":"fbc539f4-b108-4670-9ae7-f97c4185dfe0-140037709906048","trial_id":31,"param_name":"max_hold","param_value_internal":0.0,"distribution":"{\"name\": \"IntDistribution\", \"attributes\": {\"log\": false, \"step\": 1, \"low\": 0, \"high\": 3}}"}
{"op_code":5,"worker_id":"fbc539f4-b108-4670-9ae7-f97c4185dfe0-140037709906048","trial_id":31,"param_name":"stop_k","param_value_internal":0.0,"distribution":"{\"name\": \"IntDistribution\", \"attributes\": {\"log\": false, \"step\": 1, \"low\": 0, \"high\": 6}}"}
{"op_code":7,"worker_id":"fbc539f4-b108-4670-9ae7-f97c4185dfe0-140037709906048","trial_id":31,"step":1,"intermediate_value":-0.7384063831105772}
{"op_code":7,"worker_id":"fbc539f4-b108-4670-9ae7-f97c4185dfe0-140037709906048","trial_id":31,"step":2,"intermediate_value":0.14506593676121896}
{"op_code":8,"worker_id":"fbc539f4-b108-4670-9ae7-f97c4185dfe0-140037709906048","trial_id":31,"user_attr":{"n_trades":2110}}
{"op_code":8,"worker_id":"fbc539f4-b108-4670-9ae7-f97c4185dfe0-140037709906048","trial_id":31,"user_attr":{"cagr":0.0139803992015064}}
{"op_code":8,"worker_id":"fbc539f4-b108-4670-9ae7-f97c4185dfe0-140037709906048","trial_id":31,"user_attr":{"max_drawdown":-0.09943134939276588}}
{"op_code":8,"worker_id":"fbc539f4-b108-4670-9ae7-f97c4185dfe0-140037709906048","trial_id":31,"user_attr":{"sharpe_raw":0.22551175871121157}}
{"op_code":6,"worker_id":"fbc539f4-b108-4670-9ae7-f97c4185dfe0-140037709906048","trial_id":31,"state":1,"values":[0.22551175871121157],"datetime_complete":"2026-09-30T17:20:55.521648+00:00"}
{"op_code":0,"worker_id":"f2bf5d8a-efa1-4ba7-9c37-7bc8baf4cfdc-140037709906048","study_name":"window_6","directions":[2]}
{"op_code":0,"worker_id":"6e130ad5-7c5c-4f95-a739-4569ae35e662-140573304230016","study_name":"window_6","directions":[2]}
{"op_code":0,"worker_id":"28e72bd6-985a-429a-96d2-aa50cdbe69ee-140710621134976","study_name":"window_6","directions":[2]}
