{"op_code":0,"worker_id":"1c5af6ae-0350-4cdd-bc45-67712d923d97-140037709906048","study_name":"window_7","directions":[2]}
{"op_code":4,"worker_id":"1c5af6ae-0350-4cdd-bc45-67712d923d97-140037709906048","study_id":0,"datetime_start":"2026-09-30T17:19:50.096240+00:00"}
{"op_code":5,"worker_id":"1c5af6ae-0350-4cdd-bc45-67712d923d97-140037709906048","trial_id":0,"param_name":"lookback","param_value_internal":0.0,"distribution":"{\"name\": \"IntDistribution\", \"attributes\": {\"log\": false, \"step\": 1, \"low\": 0, \"high\": 2}}"}
{"op_code":5,"worker_id":"1c5af6ae-0350-4cdd-bc45-67712d923d97-140037709906048","trial_id":0,"param_name":"threshold","param_value_internal":1.0,"distribution":"{\"name\": \"IntDistribution\", \"attributes\": {\"log\": false, \"step\": 1, \"low\": 0, \"high\": 6}}"}
{"op_code":5,"worker_id":"1c5af6ae-0350-4cdd-bc45-67712d923d97-140037709906048","trial_id":0,"param_name":"alpha","param_value_internal":3.0,"distribution":"{\"name\": \"IntDistribution\", \"attributes\": {\"log\": false, \"step\": 1, \"low\": 0, \"high\": 3}}"}
{"op_code":5,"worker_id":"1c5af6ae-0350-4cdd-bc45-67712d923d97-140037709906048","trial_id":0,"param_name":"z_window","param_value_internal":2.0,"distribution":"{\"name\": \"IntDistribution\", \"attributes\": {\"log\": false, \"step\": 1, \"low\": 0, \"high\": 2}}"}
{"op_code":5,"worker_id":"1c5af6ae-0350-4cdd-bc45-67712d923d97-140037709906048","trial_id":0,"param_name":"entry_z","param_value_internal":4.0,"distribution":"{\"name\": \"IntDistribution\", \"attributes\": {\"log\": false, \"step\": 1, \"low\": 0, \"high\": 6}}"}
{"op_code":5,"worker_id":"1c5af6ae-0350-4cdd-bc45-67712d923d97-140037709906048","trial_id":0,"param_name":"exit_z","param_value_internal":2.0,"distribution":"{\"name\": \"IntDistribution\", \"attributes\": {\"log\": false, \"step\": 1, \"low\": 0, \"high\": 4}}"}
{"op_code":5,"worker_id":"1c5af6ae-0350-4cdd-bc45-67712d923d97-140037709906048","trial_id":0,"param_name":"max_hold","param_value_internal":2.0,"distribution":"{\"name\": \"IntDistribution\", \"attributes\": {\"log\": false, \"step\": 1, \"low\": 0, \"high\": 3}}"}
{"op_code":5,"worker_id":"1c5af6ae-0350-4cdd-bc45-67712d923d97-140037709906048","trial_id":0,"param_name":"stop_k","param_value_internal":1.0,"distribution":"{\"name\": \"IntDistribution\", \"attributes\": {\"log\": false, \"step\": 1, \"low\": 0, \"high\": 6}}"}
{"op_code":7,"worker_id":"1c5af6ae-0350-4cdd-bc45-67712d923d97-140037709906048","trial_id":0,"step":1,"intermediate_value":0.3825940599880716}
{"op_code":7,"worker_id":"1c5af6ae-0350-4cdd-bc45-67712d923d97-140037709906048","trial_id":0,"step":2,"intermediate_value":0.17993937735413196}
{"op_code":8,"worker_id":"1c5af6ae-0350-4cdd-bc45-67712d923d97-140037709906048","trial_id":0,"user_attr":{"n_trades":2687}}
{"op_code":8,"worker_id":"1c5af6ae-0350-4cdd-bc45-67712d923d97-140037709906048","trial_id":0,"user_attr":{"cagr":-0.027748589195285778}}
{"op_code":8,"worker_id":"1c5af6ae-0350-4cdd-bc45-67712d923d97-140037709906048","trial_id":0,"user_attr":{"max_drawdown":-0.17398791877901798}}
{"op_code":8,"worker_id":"1c5af6ae-0350-4cdd-bc45-67712d923d97-140037709906048","trial_id":0,"user_attr":{"sharpe_raw":-0.2948085812398781}}
{"op_code":6,"worker_id":"1c5af6ae-0350-4cdd-bc45-67712d923d97-140037709906048","trial_id":0,"state":1,"values":[-0.2948085812398781],"datetime_complete":"2026-09-30T17:19:53.227661+00:00"}
{"op_code":4,"worker_id":"1c5af6ae-0350-4cdd-bc45-67712d923d97-140037709906048","study_id":0,"datetime_start":"2026-09-30T17:19:53.228319+00:00"}
{"op_code":5,"worker_id":"1c5af6ae-0350-4cdd-bc45-67712d923d97-140037709906048","trial_id":1,"param_name":"lookback","param_value_internal":2.0,"distribution":"{\"name\": \"IntDistribution\", \"attributes\": {\"log\": false, \"step\": 1, \"low\": 0, \"high\": 2}}"}
{"op_code":5,"worker_id":"1c5af6ae-0350-4cdd-bc45-67712d923d97-140037709906048","trial_id":1,"param_name":"threshold","param_value_internal":6.0,"distribution":"{\"name\": \"IntDistribution\", \"attributes\": {\"log\": false, \"step\": 1, \"low\": 0, \"high\": 6}}"}
{"op_code":5,"worker_id":"1c5af6ae-0350-4cdd-bc45-67712d923d97-140037709906048","trial_id":1,"param_name":"alpha","param_value_internal":2.0,"distribution":"{\"name\": \"IntDistribution\", \"attributes\": {\"log\": false, \"step\": 1, \"low\": 0, \"high\": 3}}"}
{"op_code":5,"worker_id":"1c5af6ae-0350-4cdd-bc45-67712d923d97-140037709906048","trial_id":1,"param_name":"z_window","param_value_internal":1.0,"distribution":"{\"name\": \"IntDistribution\", \"attributes\": {\"log\": false, \"step\": 1, \"low\": 0, \"high\": 2}}"}
{"op_code":5,"worker_id":"1c5af6ae-0350-4cdd-bc45-67712d923d97-140037709906048","trial_id":1,"param_name":"entry_z","param_value_internal":3.0,"distribution":"{\"name\": \"IntDistribution\", \"attributes\": {\"log\": false, \"step\": 1, \"low\": 0, \"high\": 6}}"}
{"op_code":5,"worker_id":"1c5af6ae-0350-4cdd-bc45-67712d923d97-140037709906048","trial_id":1,"param_name":"exit_z","param_value_internal":4.0,"distribution":"{\"name\": \"IntDistribution\", \"attributes\": {\"log\": false, \"step\": 1, \"low\": 0, \"high\": 4}}"}
{"op_code":5,"worker_id":"1c5af6ae-0350-4cdd-bc45-67712d923d97-140037709906048","trial_id":1,"param_name":"max_hold","param_value_internal":3.0,"distribution":"{\"name\": \"IntDistribution\", \"attributes\": {\"log\": false, \"step\": 1, \"low\": 0, \"high\": 3}}"}
{"op_code":5,"worker_id":"1c5af6ae-0350-4cdd-bc45-67712d923d97-140037709906048","trial_id":1,"param_name":"stop_k","param_value_internal":1.0,"distribution":"{\"name\": \"IntDistribution\", \"attributes\": {\"log\": false, \"step\": 1, \"low\": 0, \"high\": 6}}"}
{"op_code":7,"worker_id":"1c5af6ae-0350-4cdd-bc45-67712d923d97-140037709906048","trial_id":1,"step":1,"intermediate_value":-0.21852784330255842}
{"op_code":7,"worker_id":"1c5af6ae-0350-4cdd-bc45-67712d923d97-140037709906048","trial_id":1,"step":2,"intermediate_value":-0.6322990516523682}
{"op_code":8,"worker_id":"1c5af6ae-0350-4cdd-bc45-67712d923d97-140037709906048","trial_id":1,"user_attr":{"n_trades":3095}}
{"op_code":8,"worker_id":"1c5af6ae-0350-4cdd-bc45-67712d923d97-140037709906048","trial_id":1,"user_attr":{"cagr":-0.07629893632600049}}
{"op_code":8,"worker_id":"1c5af6ae-0350-4cdd-bc45-67712d923d97-140037709906048","trial_id":1,"user_attr":{"max_drawdown":-0.2336328879519075}}
{"op_code":8,"worker_id":"1c5af6ae-0350-4cdd-bc45-67712d923d97-140037709906048","trial_id":1,"user_attr":{"sharpe_raw":-0.9582676437780152}}
{"op_code":6,"worker_id":"1c5af6ae-0350-4cdd-bc45-67712d923d97-140037709906048","trial_id":1,"state":1,"values":[-0.9582676437780152],"datetime_complete":"2026-09-30T17:19:59.902922+00:00"}
{"op_code":4,"worker_id":"1c5af6ae-0350-4cdd-bc45-67712d923d97-140037709906048","study_id":0,"datetime_start":"2026-09-30T17:19:59.903747+00:00"}
{"op_code":5,"worker_id":"1c5af6ae-0350-4cdd-bc45-67712d923d97-140037709906048","trial_id":2,"param_name":"lookback","param_value_internal":2.0,"distribution":"{\"name\": \"IntDistribution\", \"attributes\": {\"log\": false, \"step\": 1, \"low\": 0, \"high\": 2}}"}
{"op_code":5,"worker_id":"1c5af6ae-0350-4cdd-bc45-67712d923d97-140037709906048","trial_id":2,"param_name":"threshold","param_value_internal":0.0,"distribution":"{\"name\": \"IntDistribution\", \"attributes\": {\"log\": false, \"step\": 1, \"low\": 0, \"high\": 6}}"}
{"op_code":5,"worker_id":"1c5af6ae-0350-4cdd-bc45-67712d923d97-140037709906048","trial_id":2,"param_name":"alpha","param_value_internal":1.0,"distribution":"{\"name\": \"IntDistribution\", \"attributes\": {\"log\": false, \"step\": 1, \"low\": 0, \"high\": 3}}"}
{"op_code":5,"worker_id":"1c5af6ae-0350-4cdd-bc45-67712d923d97-140037709906048","trial_id":2,"param_name":"z_window","param_value_internal":0.0,"distribution":"{\"name\": \"IntDistribution\", \"attributes\": {\"log\": false, \"step\": 1, \"low\": 0, \"high\": 2}}"}
{"op_code":5,"worker_id":"1c5af6ae-0350-4cdd-bc45-67712d923d97-140037709906048","trial_id":2,"param_name":"entry_z","param_value_internal":4.0,"distribution":"{\"name\": \"IntDistribution\", \"attributes\": {\"log\": false, \"step\": 1, \"low\": 0, \"high\": 6}}"}
{"op_code":5,"worker_id":"1c5af6ae-0350-4cdd-bc45-67712d923d97-140037709906048","trial_id":2,"param_name":"exit_z","param_value_internal":3.0,"distribution":"{\"name\": \"IntDistribution\", \"attributes\": {\"log\": false, \"step\": 1, \"low\": 0, \"high\": 4}}"}
{"op_code":5,"worker_id":"1c5af6ae-0350-4cdd-bc45-67712d923d97-140037709906048","trial_id":2,"param_name":"max_hold","param_value_internal":3.0,"distribution":"{\"name\": \"IntDistribution\", \"attributes\": {\"log\": false, \"step\": 1, \"low\": 0, \"high\": 3}}"}
{"op_code":5,"worker_id":"1c5af6ae-0350-4cdd-bc45-67712d923d97-140037709906048","trial_id":2,"param_name":"stop_k","param_value_internal":4.0,"distribution":"{\"name\": \"IntDistribution\", \"attributes\": {\"log\": false, \"step\": 1, \"low\": 0, \"high\": 6}}"}
{"op_code":7,"worker_id":"1c5af6ae-0350-4cdd-bc45-67712d923d97-140037709906048","trial_id":2,"step":1,"intermediate_value":0.8182183317295881}
{"op_code":7,"worker_id":"1c5af6ae-0350-4cdd-bc45-67712d923d97-140037709906048","trial_id":2,"step":2,"intermediate_value":0.3357493559436678}
{"op_code":8,"worker_id":"1c5af6ae-0350-4cdd-bc45-67712d923d97-140037709906048","trial_id":2,"user_attr":{"n_trades":2871}}
{"op_code":8,"worker_id":"1c5af6ae-0350-4cdd-bc45-67712d923d97-140037709906048","trial_id":2,"user_attr":{"cagr":-0.014962932249100835}}
{"op_code":8,"worker_id":"1c5af6ae-0350-4cdd-bc45-67712d923d97-140037709906048","trial_id":2,"user_attr":{"max_drawdown":-0.14301105089281285}}
{"op_code":8,"worker_id":"1c5af6ae-0350-4cdd-bc45-67712d923d97-140037709906048","trial_id":2,"user_attr":{"sharpe_raw":-0.1402836500067297}}
{"op_code":6,"worker_id":"1c5af6ae-0350-4cdd-bc45-67712d923d97-140037709906048","trial_id":2,"state":1,"values":[-0.1402836500067297],"datetime_complete":"2026-09-30T17:20:05.885850+00:00"}
{"op_code":4,"worker_id":"1c5af6ae-0350-4cdd-bc45-67712d923d97-140037709906048","study_id":0,"datetime_start":"2026-09-30T17:20:05.886686+00:00"}
{"op_code":5,"worker_id":"1c5af6ae-0350-4cdd-bc45-67712d923d97-140037709906048","trial_id":3,"param_name":"lookback","param_value_internal":1.0,"distribution":"{\"name\": \"IntDistribution\", \"attributes\": {\"log\": false, \"step\": 1, \"low\": 0, \"high\": 2}}"}
{"op_code":5,"worker_id":"1c5af6ae-0350-4cdd-bc45-67712d923d97-140037709906048","trial_id":3,"param_name":"threshold","param_value_internal":2.0,"distribution":"{\"name\": \"IntDistribution\", \"attributes\": {\"log\": false, \"step\": 1, \"low\": 0, \"high\": 6}}"}
{"op_code":5,"worker_id":"1c5af6ae-0350-4cdd-bc45-67712d923d97-140037709906048","trial_id":3,"param_name":"alpha","param_value_internal":3.0,"distribution":"{\"name\": \"IntDistribution\", \"attributes\": {\"log\": false, \"step\": 1, \"low\": 0, \"high\": 3}}"}
{"op_code":5,"worker_id":"1c5af6ae-0350-4cdd-bc45-67712d923d97-140037709906048","trial_id":3,"param_name":"z_window","param_value_internal":0.0,"distribution":"{\"name\": \"IntDistribution\", \"attributes\": {\"log\": false, \"step\": 1, \"low\": 0, \"high\": 2}}"}
{"op_code":5,"worker_id":"1c5af6ae-0350-4cdd-bc45-67712d923d97-140037709906048","trial_id":3,"param_name":"entry_z","param_value_internal":2.0,"distribution":"{\"name\": \"IntDistribution\", \"attributes\": {\"log\": false, \"step\": 1, \"low\": 0, \"high\": 6}}"}
{"op_code":5,"worker_id":"1c5af6ae-0350-4cdd-bc45-67712d923d97-140037709906048","trial_id":3,"param_name":"exit_z","param_value_internal":0.0,"distribution":"{\"name\": \"IntDistribution\", \"attributes\": {\"log\": false, \"step\": 1, \"low\": 0, \"high\": 4}}"}
{"op_code":5,"worker_id":"1c5af6ae-0350-4cdd-bc45-67712d923d97-140037709906048","trial_id":3,"param_name":"max_hold","param_value_internal":1.0,"distribution":"{\"name\": \"IntDistribution\", \"attributes\": {\"log\": false, \"step\": 1, \"low\": 0, \"high\": 3}}"}
{"op_code":5,"worker_id":"1c5af6ae-0350-4cdd-bc45-67712d923d97-140037709906048","trial_id":3,"param_name":"stop_k","param_value_internal":6.0,"distribution":"{\"name\": \"IntDistribution\", \"attributes\": {\"log\": false, \"step\": 1, \"low\": 0, \"high\": 6}}"}
{"op_code":7,"worker_id":"1c5af6ae-0350-4cdd-bc45-67712d923d97-140037709906048","trial_id":3,"step":1,"intermediate_value":1.1820038281963923}
{"op_code":7,"worker_id":"1c5af6ae-0350-4cdd-bc45-67712d923d97-140037709906048","trial_id":3,"step":2,"intermediate_value":1.1397212639945373}
{"op_code":8,"worker_id":"1c5af6ae-0350-4cdd-bc45-67712d923d97-140037709906048","trial_id":3,"user_attr":{"n_trades":2480}}
{"op_code":8,"worker_id":"1c5af6ae-0350-4cdd-bc45-67712d923d97-140037709906048","trial_id":3,"user_attr":{"cagr":0.04218155108497812}}
{"op_code":8,"worker_id":"1c5af6ae-0350-4cdd-bc45-67712d923d97-140037709906048","trial_id":3,"user_attr":{"max_drawdown":-0.13755261796126883}}
{"op_code":8,"worker_id":"1c5af6ae-0350-4cdd-bc45-67712d923d97-140037709906048","trial_id":3,"user_attr":{"sharpe_raw":0.49522348362467705}}
{"op_code":6,"worker_id":"1c5af6ae-0350-4cdd-bc45-67712d923d97-140037709906048","trial_id":3,"state":1,"values":[0.49522348362467705],"datetime_complete":"2026-09-30T17:20:08.895939+00:00"}
{"op_code":4,"worker_id":"1c5af6ae-0350-4cdd-bc45-67712d923d97-140037709906048","study_id":0,"datetime_start":"2026-09-30T17:20:08.896565+00:00"}
{"op_code":5,"worker_id":"1c5af6ae-0350-4cdd-bc45-67712d923d97-140037709906048","trial_id":4,"param_name":"lookback","param_value_internal":2.0,"distribution":"{\"name\": \"IntDistribution\", \"attributes\": {\"log\": false, \"step\": 1, \"low\": 0, \"high\": 2}}"}
{"op_code":5,"worker_id":"1c5af6ae-0350-4cdd-bc45-67712d923d97-140037709906048","trial_id":4,"param_name":"threshold","param_value_internal":4.0,"distribution":"{\"name\": \"IntDistribution\", \"attributes\": {\"log\": false, \"step\": 1, \"low\": 0, \"high\": 6}}"}
{"op_code":5,"worker_id":"1c5af6ae-0350-4cdd-bc45-67712d923d97-140037709906048","trial_id":4,"param_name":"alpha","param_value_internal":3.0,"distribution":"{\"name\": \"IntDistribution\", \"attributes\": {\"log\": false, \"step\": 1, \"low\": 0, \"high\": 3}}"}
{"op_code":5,"worker_id":"1c5af6ae-0350-4cdd-bc45-67712d923d97-140037709906048","trial_id":4,"param_name":"z_window","param_value_internal":2.0,"distribution":"{\"name\": \"IntDistribution\", \"attributes\": {\"log\": false, \"step\": 1, \"low\": 0, \"high\": 2}}"}
{"op_code":5,"worker_id":"1c5af6ae-0350-4cdd-bc45-67712d923d97-140037709906048","trial_id":4,"param_name":"entry_z","param_value_internal":5.0,"distribution":"{\"name\": \"IntDistribution\", \"attributes\": {\"log\": false, \"step\": 1, \"low\": 0, \"high\": 6}}"}
{"op_code":5,"worker_id":"1c5af6ae-0350-4cdd-bc45-67712d923d97-140037709906048","trial_id":4,"param_name":"exit_z","param_value_internal":4.0,"distribution":"{\"name\": \"IntDistribution\", \"attributes\": {\"log\": false, \"step\": 1, \"low\": 0, \"high\": 4}}"}
{"op_code":5,"worker_id":"1c5af6ae-0350-4cdd-bc45-67712d923d97-140037709906048","trial_id":4,"param_name":"max_hold","param_value_internal":2.0,"distribution":"{\"name\": \"IntDistribution\", \"attributes\": {\"log\": false, \"step\": 1, \"low\": 0, \"high\": 3}}"}
{"op_code":5,"worker_id":"1c5af6ae-0350-4cdd-bc45-67712d923d97-140037709906048","trial_id":4,"param_name":"stop_k","param_value_internal":2.0,"distribution":"{\"name\": \"IntDistribution\", \"attributes\": {\"log\": false, \"step\": 1, \"low\": 0, \"high\": 6}}"}
{"op_code":7,"worker_id":"1c5af6ae-0350-4cdd-bc45-67712d923d97-140037709906048","trial_id":4,"step":1,"intermediate_value":0.13975345844099893}
{"op_code":7,"worker_id":"1c5af6ae-0350-4cdd-bc45-67712d923d97-140037709906048","trial_id":4,"step":2,"intermediate_value":0.3148291423795197}
{"op_code":8,"worker_id":"1c5af6ae-0350-4cdd-bc45-67712d923d97-140037709906048","trial_id":4,"user_attr":{"n_trades":2602}}
{"op_code":8,"worker_id":"1c5af6ae-0350-4cdd-bc45-67712d923d97-140037709906048","trial_id":4,"user_attr":{"cagr":-0.03905294702247342}}
{"op_code":8,"worker_id":"1c5af6ae-0350-4cdd-bc45-67712d923d97-140037709906048","trial_id":4,"user_attr":{"max_drawdown":-0.1658822728661209}}
{"op_code":8,"worker_id":"1c5af6ae-0350-4cdd-bc45-67712d923d97-140037709906048","trial_id":4,"user_attr":{"sharpe_raw":-0.447771896843364}}
{"op_code":6,"worker_id":"1c5af6ae-0350-4cdd-bc45-67712d923d97-140037709906048","trial_id":4,"state":1,"values":[-0.447771896843364],"datetime_complete":"2026-09-30T17:20:14.874278+00:00"}
{"op_code":4,"worker_id":"1c5af6ae-0350-4cdd-bc45-67712d923d97-140037709906048","study_id":0,"datetime_start":"2026-09-30T17:20:14.875379+00:00"}
{"op_code":5,"worker_id":"1c5af6ae-0350-4cdd-bc45-67712d923d97-140037709906048","trial_id":5,"param_name":"lookback","param_value_internal":1.0,"distribution":"{\"name\": \"IntDistribution\", \"attributes\": {\"log\": false, \"step\": 1, \"low\": 0, \"high\": 2}}"}
{"op_code":5,"worker_id":"1c5af6ae-0350-4cdd-bc45-67712d923d97-140037709906048","trial_id":5,"param_name":"threshold","param_value_internal":2.0,"distribution":"{\"name\": \"IntDistribution\", \"attributes\": {\"log\": false, \"step\": 1, \"low\": 0, \"high\": 6}}"}
{"op_code":5,"worker_id":"1c5af6ae-0350-4cdd-bc45-67712d923d97-140037709906048","trial_id":5,"param_name":"alpha","param_value_internal":1.0,"distribution":"{\"name\": \"IntDistribution\", \"attributes\": {\"log\": false, \"step\": 1, \"low\": 0, \"high\": 3}}"}
{"op_code":5,"worker_id":"1c5af6ae-0350-4cdd-bc45-67712d923d97-140037709906048","trial_id":5,"param_name":"z_window","param_value_internal":1.0,"distribution":"{\"name\": \"IntDistribution\", \"attributes\": {\"log\": false, \"step\": 1, \"low\": 0, \"high\": 2}}"}
{"op_code":5,"worker_id":"1c5af6ae-0350-4cdd-bc45-67712d923d97-140037709906048","trial_id":5,"param_name":"entry_z","param_value_internal":1.0,"distribution":"{\"name\": \"IntDistribution\", \"attributes\": {\"log\": false, \"step\": 1, \"low\": 0, \"high\": 6}}"}
{"op_code":5,"worker_id":"1c5af6ae-0350-4cdd-bc45-67712d923d97-140037709906048","trial_id":5,"param_name":"exit_z","param_value_internal":4.0,"distribution":"{\"name\": \"IntDistribution\", \"attributes\": {\"log\": false, \"step\": 1, \"low\": 0, \"high\": 4}}"}
{"op_code":5,"worker_id":"1c5af6ae-0350-4cdd-bc45-67712d923d97-140037709906048","trial_id":5,"param_name":"max_hold","param_value_internal":2.0,"distribution":"{\"name\": \"IntDistribution\", \"attributes\": {\"log\": false, \"step\": 1, \"low\": 0, \"high\": 3}}"}
{"op_code":5,"worker_id":"1c5af6ae-0350-4cdd-bc45-67712d923d97-140037709906048","trial_id":5,"param_name":"stop_k","param_value_internal":5.0,"distribution":"{\"name\": \"IntDistribution\", \"attributes\": {\"log\": false, \"step\": 1, \"low\": 0, \"high\": 6}}"}
{"op_code":7,"worker_id":"1c5af6ae-0350-4cdd-bc45-67712d923d97-140037709906048","trial_id":5,"step":1,"intermediate_value":0.4138344949884367}
{"op_code":7,"worker_id":"1c5af6ae-0350-4cdd-bc45-67712d923d97-140037709906048","trial_id":5,"step":2,"intermediate_value":-0.4106787135902725}
{"op_code":8,"worker_id":"1c5af6ae-0350-4cdd-bc45-67712d923d97-140037709906048","trial_id":5,"user_attr":{"n_trades":3155}}
{"op_code":8,"worker_id":"1c5af6ae-0350-4cdd-bc45-67712d923d97-140037709906048","trial_id":5,"user_attr":{"cagr":-0.051343403603511306}}
{"op_code":8,"worker_id":"1c5af6ae-0350-4cdd-bc45-67712d923d97-140037709906048","trial_id":5,"user_attr":{"max_drawdown":-0.2182730982808272}}
{"op_code":8,"worker_id":"1c5af6ae-0350-4cdd-bc45-67712d923d97-140037709906048","trial_id":5,"user_attr":{"sharpe_raw":-0.5362166320940792}}
{"op_code":6,"worker_id":"1c5af6ae-0350-4cdd-bc45-67712d923d97-140037709906048","trial_id":5,"state":1,"values":[-0.5362166320940792],"datetime_complete":"2026-09-30T17:20:17.982013+00:00"}
{"op_code":4,"worker_id":"1c5af6ae-0350-4cdd-bc45-67712d923d97-140037709906048","study_id":0,"datetime_start":"2026-09-30T17:20:17.982920+00:00"}
{"op_code":5,"worker_id":"1c5af6ae-0350-4cdd-bc45-67712d923d97-140037709906048","trial_id":6,"param_name":"lookback","param_value_internal":1.0,"distribution":"{\"name\": \"IntDistribution\", \"attributes\": {\"log\": false, \"step\": 1, \"low\": 0, \"high\": 2}}"}
{"op_code":5,"worker_id":"1c5af6ae-0350-4cdd-bc45-67712d923d97-140037709906048","trial_id":6,"param_name":"threshold","param_value_internal":0.0,"distribution":"{\"name\": \"IntDistribution\", \"attributes\": {\"log\": false, \"step\": 1, \"low\": 0, \"high\": 6}}"}
{"op_code":5,"worker_id":"1c5af6ae-0350-4cdd-bc45-67712d923d97-140037709906048","trial_id":6,"param_name":"alpha","param_value_internal":2.0,"distribution":"{\"name\": \"IntDistribution\", \"attributes\": {\"log\": false, \"step\": 1, \"low\": 0, \"high\": 3}}"}
{"op_code":5,"worker_id":"1c5af6ae-0350-4cdd-bc45-67712d923d97-140037709906048","trial_id":6,"param_name":"z_window","param_value_internal":2.0,"distribution":"{\"name\": \"IntDistribution\", \"attributes\": {\"log\": false, \"step\": 1, \"low\": 0, \"high\": 2}}"}
{"op_code":5,"worker_id":"1c5af6ae-0350-4cdd-bc45-67712d923d97-140037709906048","trial_id":6,"param_name":"entry_z","param_value_internal":2.0,"distribution":"{\"name\": \"IntDistribution\", \"attributes\": {\"log\": false, \"step\": 1, \"low\": 0, \"high\": 6}}"}
{"op_code":5,"worker_id":"1c5af6ae-0350-4cdd-bc45-67712d923d97-140037709906048","trial_id":6,"param_name":"exit_z","param_value_internal":0.0,"distribution":"{\"name\": \"IntDistribution\", \"attributes\": {\"log\": false, \"step\": 1, \"low\": 0, \"high\": 4}}"}
{"op_code":5,"worker_id":"1c5af6ae-0350-4cdd-bc45-67712d923d97-140037709906048","trial_id":6,"param_name":"max_hold","param_value_internal":0.0,"distribution":"{\"name\": \"IntDistribution\", \"attributes\": {\"log\": false, \"step\": 1, \"low\": 0, \"high\": 3}}"}
{"op_code":5,"worker_id":"1c5af6ae-0350-4cdd-bc45-67712d923d97-140037709906048","trial_id":6,"param_name":"stop_k","param_value_internal":1.0,"distribution":"{\"name\": \"IntDistribution\", \"attributes\": {\"log\": false, \"step\": 1, \"low\": 0, \"high\": 6}}"}
{"op_code":7,"worker_id":"1c5af6ae-0350-4cdd-bc45-67712d923d97-140037709906048","trial_id":6,"step":1,"intermediate_value":0.9469608901915568}
{"op_code":7,"worker_id":"1c5af6ae-0350-4cdd-bc45-67712d923d97-140037709906048","trial_id":6,"step":2,"intermediate_value":0.7114392006796033}
{"op_code":8,"worker_id":"1c5af6ae-0350-4cdd-bc45-67712d923d97-140037709906048","trial_id":6,"user_attr":{"n_trades":2563}}
{"op_code":8,"worker_id":"1c5af6ae-0350-4cdd-bc45-67712d923d97-140037709906048","trial_id":6,"user_attr":{"cagr":0.023522266788744695}}
{"op_code":8,"worker_id":"1c5af6ae-0350-4cdd-bc45-67712d923d97-140037709906048","trial_id":6,"user_attr":{"max_drawdown":-0.08813841115955123}}
{"op_code":8,"worker_id":"1c5af6ae-0350-4cdd-bc45-67712d923d97-140037709906048","trial_id":6,"user_attr":{"sharpe_raw":0.31084453896600595}}
{"op_code":6,"worker_id":"1c5af6ae-0350-4cdd-bc45-67712d923d97-140037709906048","trial_id":6,"state":1,"values":[0.31084453896600595],"datetime_complete":"2026-09-30T17:20:21.345425+00:00"}
{"op_code":4,"worker_id":"1c5af6ae-0350-4cdd-bc45-67712d923d97-140037709906048","study_id":0,"datetime_start":"2026-09-30T17:20:21.346541+00:00"}
{"op_code":5,"worker_id":"1c5af6ae-0350-4cdd-bc45-67712d923d97-140037709906048","trial_id":7,"param_name":"lookback","param_value_internal":1.0,"distribution":"{\"name\": \"IntDistribution\", \"attributes\": {\"log\": false, \"step\": 1, \"low\": 0, \"high\": 2}}"}
{"op_code":5,"worker_id":"1c5af6ae-0350-4cdd-bc45-67712d923d97-140037709906048","trial_id":7,"param_name":"threshold","param_value_internal":5.0,"distribution":"{\"name\": \"IntDistribution\", \"attributes\": {\"log\": false, \"step\": 1, \"low\": 0, \"high\": 6}}"}
{"op_code":5,"worker_id":"1c5af6ae-0350-4cdd-bc45-67712d923d97-140037709906048","trial_id":7,"param_name":"alpha","param_value_internal":0.0,"distribution":"{\"name\": \"IntDistribution\", \"attributes\": {\"log\": false, \"step\": 1, \"low\": 0, \"high\": 3}}"}
{"op_code":5,"worker_id":"1c5af6ae-0350-4cdd-bc45-67712d923d97-140037709906048","trial_id":7,"param_name":"z_window","param_value_internal":2.0,"distribution":"{\"name\": \"IntDistribution\", \"attributes\": {\"log\": false, \"step\": 1, \"low\": 0, \"high\": 2}}"}
{"op_code":5,"worker_id":"1c5af6ae-0350-4cdd-bc45-67712d923d97-140037709906048","trial_id":7,"param_name":"entry_z","param_value_internal":0.0,"distribution":"{\"name\": \"IntDistribution\", \"attributes\": {\"log\": false, \"step\": 1, \"low\": 0, \"high\": 6}}"}
{"op_code":5,"worker_id":"1c5af6ae-0350-4cdd-bc45-67712d923d97-140037709906048","trial_id":7,"param_name":"exit_z","param_value_internal":4.0,"distribution":"{\"name\": \"IntDistribution\", \"attributes\": {\"log\": false, \"step\": 1, \"low\": 0, \"high\": 4}}"}
{"op_code":5,"worker_id":"1c5af6ae-0350-4cdd-bc45-67712d923d97-140037709906048","trial_id":7,"param_name":"max_hold","param_value_internal":2.0,"distribution":"{\"name\": \"IntDistribution\", \"attributes\": {\"log\": false, \"step\": 1, \"low\": 0, \"high\": 3}}"}
{"op_code":5,"worker_id":"1c5af6ae-0350-4cdd-bc45-67712d923d97-140037709906048","trial_id":7,"param_name":"stop_k","param_value_internal":6.0,"distribution":"{\"name\": \"IntDistribution\", \"attributes\": {\"log\": false, \"step\": 1, \"low\": 0, \"high\": 6}}"}
{"op_code":7,"worker_id":"1c5af6ae-0350-4cdd-bc45-67712d923d97-140037709906048","trial_id":7,"step":1,"intermediate_value":0.21817025626785755}
{"op_code":7,"worker_id":"1c5af6ae-0350-4cdd-bc45-67712d923d97-140037709906048","trial_id":7,"step":2,"intermediate_value":0.08718139302771215}
{"op_code":8,"worker_id":"1c5af6ae-0350-4cdd-bc45-67712d923d97-140037709906048","trial_id":7,"user_attr":{"n_trades":3152}}
{"op_code":8,"worker_id":"1c5af6ae-0350-4cdd-bc45-67712d923d97-140037709906048","trial_id":7,"user_attr":{"cagr":-0.050526167170200975}}
{"op_code":8,"worker_id":"1c5af6ae-0350-4cdd-bc45-67712d923d97-140037709906048","trial_id":7,"user_attr":{"max_drawdown":-0.1971697963009995}}
{"op_code":8,"worker_id":"1c5af6ae-0350-4cdd-bc45-67712d923d97-140037709906048","trial_id":7,"user_attr":{"sharpe_raw":-0.5772604936096536}}
{"op_code":6,"worker_id":"1c5af6ae-0350-4cdd-bc45-67712d923d97-140037709906048","trial_id":7,"state":1,"values":[-0.5772604936096536],"datetime_complete":"2026-09-30T17:20:24.764173+00:00"}
{"op_code":4,"worker_id":"1c5af6ae-0350-4cdd-bc45-67712d923d97-140037709906048","study_id":0,"datetime_start":"2026-09-30T17:20:24.764896+00:00"}
{"op_code":5,"worker_id":"1c5af6ae-0350-4cdd-bc45-67712d923d97-140037709906048","trial_id":8,"param_name":"lookback","param_value_internal":0.0,"distribution":"{\"name\": \"IntDistribution\", \"attributes\": {\"log\": false, \"step\": 1, \"low\": 0, \"high\": 2}}"}
{"op_code":5,"worker_id":"1c5af6ae-0350-4cdd-bc45-67712d923d97-140037709906048","trial_id":8,"param_name":"threshold","param_value_internal":4.0,"distribution":"{\"name\": \"IntDistribution\", \"attributes\": {\"log\": false, \"step\": 1, \"low\": 0, \"high\": 6}}"}
{"op_code":5,"worker_id":"1c5af6ae-0350-4cdd-bc45-67712d923d97-140037709906048","trial_id":8,"param_name":"alpha","param_value_internal":2.0,"distribution":"{\"name\": \"IntDistribution\", \"attributes\": {\"log\": false, \"step\": 1, \"low\": 0, \"high\": 3}}"}
{"op_code":5,"worker_id":"1c5af6ae-0350-4cdd-bc45-67712d923d97-140037709906048","trial_id":8,"param_name":"z_window","param_value_internal":2.0,"distribution":"{\"name\": \"IntDistribution\", \"attributes\": {\"log\": false, \"step\": 1, \"low\": 0, \"high\": 2}}"}
{"op_code":5,"worker_id":"1c5af6ae-0350-4cdd-bc45-67712d923d97-140037709906048","trial_id":8,"param_name":"entry_z","param_value_internal":4.0,"distribution":"{\"name\": \"IntDistribution\", \"attributes\": {\"log\": false, \"step\": 1, \"low\": 0, \"high\": 6}}"}
{"op_code":5,"worker_id":"1c5af6ae-0350-4cdd-bc45-67712d923d97-140037709906048","trial_id":8,"param_name":"exit_z","param_value_internal":3.0,"distribution":"{\"name\": \"IntDistribution\", \"attributes\": {\"log\": false, \"step\": 1, \"low\": 0, \"high\": 4}}"}
{"op_code":5,"worker_id":"1c5af6ae-0350-4cdd-bc45-67712d923d97-140037709906048","trial_id":8,"param_name":"max_hold","param_value_internal":3.0,"distribution":"{\"name\": \"IntDistribution\", \"attributes\": {\"log\": false, \"step\": 1, \"low\": 0, \"high\": 3}}"}
{"op_code":5,"worker_id":"1c5af6ae-0350-4cdd-bc45-67712d923d97-140037709906048","trial_id":8,"param_name":"stop_k","param_value_internal":4.0,"distribution":"{\"name\": \"IntDistribution\", \"attributes\": {\"log\": false, \"step\": 1, \"low\": 0, \"high\": 6}}"}
{"op_code":7,"worker_id":"1c5af6ae-0350-4cdd-bc45-67712d923d97-140037709906048","trial_id":8,"step":1,"intermediate_value":0.15816311475244044}
{"op_code":7,"worker_id":"1c5af6ae-0350-4cdd-bc45-67712d923d97-140037709906048","trial_id":8,"step":2,"intermediate_value":0.0839320390303203}
{"op_code":8,"worker_id":"1c5af6ae-0350-4cdd-bc45-67712d923d97-140037709906048","trial_id":8,"user_attr":{"n_trades":2766}}
{"op_code":8,"worker_id":"1c5af6ae-0350-4cdd-bc45-67712d923d97-140037709906048","trial_id":8,"user_attr":{"cagr":-0.04019073124435635}}
{"op_code":8,"worker_id":"1c5af6ae-0350-4cdd-bc45-67712d923d97-140037709906048","trial_id":8,"user_attr":{"max_drawdown":-0.1736062440539653}}
{"op_code":8,"worker_id":"1c5af6ae-0350-4cdd-bc45-67712d923d97-140037709906048","trial_id":8,"user_attr":{"sharpe_raw":-0.43108335253945385}}
{"op_code":6,"worker_id":"1c5af6ae-0350-4cdd-bc45-67712d923d97-140037709906048","trial_id":8,"state":1,"values":[-0.43108335253945385],"datetime_complete":"2026-09-30T17:20:27.673130+00:00"}
{"op_code":4,"worker_id":"1c5af6ae-0350-4cdd-bc45-67712d923d97-140037709906048","study_id":0,"datetime_start":"2026-09-30T17:20:27.674038+00:00"}
{"op_code":5,"worker_id":"1c5af6ae-0350-4cdd-bc45-67712d923d97-140037709906048","trial_id":9,"param_name":"lookback","param_value_internal":1.0,"distribution":"{\"name\": \"IntDistribution\", \"attributes\": {\"log\": false, \"step\": 1, \"low\": 0, \"high\": 2}}"}
{"op_code":5,"worker_id":"1c5af6ae-0350-4cdd-bc45-67712d923d97-140037709906048","trial_id":9,"param_name":"threshold","param_value_internal":5.0,"distribution":"{\"name\": \"IntDistribution\", \"attributes\": {\"log\": false, \"step\": 1, \"low\": 0, \"high\": 6}}"}
{"op_code":5,"worker_id":"1c5af6ae-0350-4cdd-bc45-67712d923d97-140037709906048","trial_id":9,"param_name":"alpha","param_value_internal":0.0,"distribution":"{\"name\": \"IntDistribution\", \"attributes\": {\"log\": false, \"step\": 1, \"low\": 0, \"high\": 3}}"}
{"op_code":5,"worker_id":"1c5af6ae-0350-4cdd-bc45-67712d923d97-140037709906048","trial_id":9,"param_name":"z_window","param_value_internal":2.0,"distribution":"{\"name\": \"IntDistribution\", \"attributes\": {\"log\": false, \"step\": 1, \"low\": 0, \"high\": 2}}"}
{"op_code":5,"worker_id":"1c5af6ae-0350-4cdd-bc45-67712d923d97-140037709906048","trial_id":9,"param_name":"entry_z","param_value_internal":4.0,"distribution":"{\"name\": \"IntDistribution\", \"attributes\": {\"log\": false, \"step\": 1, \"low\": 0, \"high\": 6}}"}
{"op_code":5,"worker_id":"1c5af6ae-0350-4cdd-bc45-67712d923d97-140037709906048","trial_id":9,"param_name":"exit_z","param_value_internal":4.0,"distribution":"{\"name\": \"IntDistribution\", \"attributes\": {\"log\": false, \"step\": 1, \"low\": 0, \"high\": 4}}"}
{"op_code":5,"worker_id":"1c5af6ae-0350-4cdd-bc45-67712d923d97-140037709906048","trial_id":9,"param_name":"max_hold","param_value_internal":2.0,"distribution":"{\"name\": \"IntDistribution\", \"attributes\": {\"log\": false, \"step\": 1, \"low\": 0, \"high\": 3}}"}
{"op_code":5,"worker_id":"1c5af6ae-0350-4cdd-bc45-67712d923d97-140037709906048","trial_id":9,"param_name":"stop_k","param_value_internal":0.0,"distribution":"{\"name\": \"IntDistribution\", \"attributes\": {\"log\": false, \"step\": 1, \"low\": 0, \"high\": 6}}"}
{"op_code":7,"worker_id":"1c5af6ae-0350-4cdd-bc45-67712d923d97-140037709906048","trial_id":9,"step":1,"intermediate_value":-0.8638962752410856}
{"op_code":7,"worker_id":"1c5af6ae-0350-4cdd-bc45-67712d923d97-140037709906048","trial_id":9,"step":2,"intermediate_value":-0.5651218264135894}
{"op_code":8,"worker_id":"1c5af6ae-0350-4cdd-bc45-67712d923d97-140037709906048","trial_id":9,"user_attr":{"n_trades":2940}}
{"op_code":8,"worker_id":"1c5af6ae-0350-4cdd-bc45-67712d923d97-140037709906048","trial_id":9,"user_attr":{"cagr":-0.1034797754003457}}
{"op_code":8,"worker_id":"1c5af6ae-0350-4cdd-bc45-67712d923d97-140037709906048","trial_id":9,"user_attr":{"max_drawdown":-0.2983689597372019}}
{"op_code":8,"worker_id":"1c5af6ae-0350-4cdd-bc45-67712d923d97-140037709906048","trial_id":9,"user_attr":{"sharpe_raw":-1.3430491760711745}}
{"op_code":6,"worker_id":"1c5af6ae-0350-4cdd-bc45-67712d923d97-140037709906048","trial_id":9,"state":1,"values":[-1.3430491760711745],"datetime_complete":"2026-09-30T17:20:28.070891+00:00"}
{"op_code":4,"worker_id":"1c5af6ae-0350-4cdd-bc45-67712d923d97-140037709906048","study_id":0,"datetime_start":"2026-09-30T17:20:28.071496+00:00"}
{"op_code":5,"worker_id":"1c5af6ae-0350-4cdd-bc45-67712d923d97-140037709906048","trial_id":10,"param_name":"lookback","param_value_internal":2.0,"distribution":"{\"name\": \"IntDistribution\", \"attributes\": {\"log\": false, \"step\": 1, \"low\": 0, \"high\": 2}}"}
{"op_code":5,"worker_id":"1c5af6ae-0350-4cdd-bc45-67712d923d97-140037709906048","trial_id":10,"param_name":"threshold","param_value_internal":3.0,"distribution":"{\"name\": \"IntDistribution\", \"attributes\": {\"log\": false, \"step\": 1, \"low\": 0, \"high\": 6}}"}
{"op_code":5,"worker_id":"1c5af6ae-0350-4cdd-bc45-67712d923d97-140037709906048","trial_id":10,"param_name":"alpha","param_value_internal":3.0,"distribution":"{\"name\": \"IntDistribution\", \"attributes\": {\"log\": false, \"step\": 1, \"low\": 0, \"high\": 3}}"}
{"op_code":5,"worker_id":"1c5af6ae-0350-4cdd-bc45-67712d923d97-140037709906048","trial_id":10,"param_name":"z_window","param_value_internal":0.0,"distribution":"{\"name\": \"IntDistribution\", \"attributes\": {\"log\": false, \"step\": 1, \"low\": 0, \"high\": 2}}"}
{"op_code":5,"worker_id":"1c5af6ae-0350-4cdd-bc45-67712d923d97-140037709906048","trial_id":10,"param_name":"entry_z","param_value_internal":1.0,"distribution":"{\"name\": \"IntDistribution\", \"attributes\": {\"log\": false, \"step\": 1, \"low\": 0, \"high\": 6}}"}
{"op_code":5,"worker_id":"1c5af6ae-0350-4cdd-bc45-67712d923d97-140037709906048","trial_id":10,"param_name":"exit_z","param_value_internal":3.0,"distribution":"{\"name\": \"IntDistribution\", \"attributes\": {\"log\": false, \"step\": 1, \"low\": 0, \"high\": 4}}"}
{"op_code":5,"worker_id":"1c5af6ae-0350-4cdd-bc45-67712d923d97-140037709906048","trial_id":10,"param_name":"max_hold","param_value_internal":0.0,"distribution":"{\"name\": \"IntDistribution\", \"attributes\": {\"log\": false, \"step\": 1, \"low\": 0, \"high\": 3}}"}
{"op_code":5,"worker_id":"1c5af6ae-0350-4cdd-bc45-67712d923d97-140037709906048","trial_id":10,"param_name":"stop_k","param_value_internal":4.0,"distribution":"{\"name\": \"IntDistribution\", \"attributes\": {\"log\": false, \"step\": 1, \"low\": 0, \"high\": 6}}"}
{"op_code":7,"worker_id":"1c5af6ae-0350-4cdd-bc45-67712d923d97-140037709906048","trial_id":10,"step":1,"intermediate_value":1.3253710906086782}
{"op_code":7,"worker_id":"1c5af6ae-0350-4cdd-bc45-67712d923d97-140037709906048","trial_id":10,"step":2,"intermediate_value":0.28728251207060257}
{"op_code":8,"worker_id":"1c5af6ae-0350-4cdd-bc45-67712d923d97-140037709906048","trial_id":10,"user_attr":{"n_trades":3097}}
{"op_code":8,"worker_id":"1c5af6ae-0350-4cdd-bc45-67712d923d97-140037709906048","trial_id":10,"user_attr":{"cagr":-0.02447221257550758}}
{"op_code":8,"worker_id":"1c5af6ae-0350-4cdd-bc45-67712d923d97-140037709906048","trial_id":10,"user_attr":{"max_drawdown":-0.2057022246272766}}
{"op_code":8,"worker_id":"1c5af6ae-0350-4cdd-bc45-67712d923d97-140037709906048","trial_id":10,"user_attr":{"sharpe_raw":-0.24827107642151014}}
{"op_code":6,"worker_id":"1c5af6ae-0350-4cdd-bc45-67712d923d97-140037709906048","trial_id":10,"state":1,"values":[-0.24827107642151014],"datetime_complete":"2026-09-30T17:20:33.878445+00:00"}
{"op_code":4,"worker_id":"1c5af6ae-0350-4cdd-bc45-67712d923d97-140037709906048","study_id":0,"datetime_start":"2026-09-30T17:20:33.879045+00:00"}
{"op_code":5,"worker_id":"1c5af6ae-0350-4cdd-bc45-67712d923d97-140037709906048","trial_id":11,"param_name":"lookback","param_value_internal":0.0,"distribution":"{\"name\": \"IntDistribution\", \"attributes\": {\"log\": false, \"step\": 1, \"low\": 0, \"high\": 2}}"}
{"op_code":5,"worker_id":"1c5af6ae-0350-4cdd-bc45-67712d923d97-140037709906048","trial_id":11,"param_name":"threshold","param_value_internal":3.0,"distribution":"{\"name\": \"IntDistribution\", \"attributes\": {\"log\": false, \"step\": 1, \"low\": 0, \"high\": 6}}"}
{"op_code":5,"worker_id":"1c5af6ae-0350-4cdd-bc45-67712d923d97-140037709906048","trial_id":11,"param_name":"alpha","param_value_internal":2.0,"distribution":"{\"name\": \"IntDistribution\", \"attributes\": {\"log\": false, \"step\": 1, \"low\": 0, \"high\": 3}}"}
{"op_code":5,"worker_id":"1c5af6ae-0350-4cdd-bc45-67712d923d97-140037709906048","trial_id":11,"param_name":"z_window","param_value_internal":2.0,"distribution":"{\"name\": \"IntDistribution\", \"attributes\": {\"log\": false, \"step\": 1, \"low\": 0, \"high\": 2}}"}
{"op_code":5,"worker_id":"1c5af6ae-0350-4cdd-bc45-67712d923d97-140037709906048","trial_id":11,"param_name":"entry_z","param_value_internal":3.0,"distribution":"{\"name\": \"IntDistribution\", \"attributes\": {\"log\": false, \"step\": 1, \"low\": 0, \"high\": 6}}"}
{"op_code":5,"worker_id":"1c5af6ae-0350-4cdd-bc45-67712d923d97-140037709906048","trial_id":11,"param_name":"exit_z","param_value_internal":4.0,"distribution":"{\"name\": \"IntDistribution\", \"attributes\": {\"log\": false, \"step\": 1, \"low\": 0, \"high\": 4}}"}
{"op_code":5,"worker_id":"1c5af6ae-0350-4cdd-bc45-67712d923d97-140037709906048","trial_id":11,"param_name":"max_hold","param_value_internal":2.0,"distribution":"{\"name\": \"IntDistribution\", \"attributes\": {\"log\": false, \"step\": 1, \"low\": 0, \"high\": 3}}"}
{"op_code":5,"worker_id":"1c5af6ae-0350-4cdd-bc45-67712d923d97-140037709906048","trial_id":11,"param_name":"stop_k","param_value_internal":3.0,"distribution":"{\"name\": \"IntDistribution\", \"attributes\": {\"log\": false, \"step\": 1, \"low\": 0, \"high\": 6}}"}
{"op_code":7,"worker_id":"1c5af6ae-0350-4cdd-bc45-67712d923d97-140037709906048","trial_id":11,"step":1,"intermediate_value":-0.39186475049349717}
{"op_code":7,"worker_id":"1c5af6ae-0350-4cdd-bc45-67712d923d97-140037709906048","trial_id":11,"step":2,"intermediate_value":-0.3286846970155111}
{"op_code":8,"worker_id":"1c5af6ae-0350-4cdd-bc45-67712d923d97-140037709906048","trial_id":11,"user_attr":{"n_trades":2960}}
{"op_code":8,"worker_id":"1c5af6ae-0350-4cdd-bc45-67712d923d97-140037709906048","trial_id":11,"user_attr":{"cagr":-0.07069235918476835}}
{"op_code":8,"worker_id":"1c5af6ae-0350-4cdd-bc45-67712d923d97-140037709906048","trial_id":11,"user_attr":{"max_drawdown":-0.23750287248701207}}
{"op_code":8,"worker_id":"1c5af6ae-0350-4cdd-bc45-67712d923d97-140037709906048","trial_id":11,"user_attr":{"sharpe_raw":-0.8011735569707824}}
{"op_code":6,"worker_id":"1c5af6ae-0350-4cdd-bc45-67712d923d97-140037709906048","trial_id":11,"state":1,"values":[-0.8011735569707824],"datetime_complete":"2026-09-30T17:20:36.678700+00:00"}
{"op_code":4,"worker_id":"1c5af6ae-0350-4cdd-bc45-67712d923d97-140037709906048","study_id":0,"datetime_start":"2026-09-30T17:20:36.679407+00:00"}
{"op_code":9,"worker_id":"1c5af6ae-0350-4cdd-bc45-67712d923d97-140037709906048","trial_id":12,"system_attr":{"tpe:relative_params:0":"{\"alpha\": 2, \"entry_z\": 3, \"exit_z\": 0, \"lookback\": 1, \"max_hold\": 1, \"stop_k\": 6, \"threshold\": 0, \"z_window\": 0}"}}
{"op_code":5,"worker_id":"1c5af6ae-0350-4cdd-bc45-67712d923d97-140037709906048","trial_id":12,"param_name":"lookback","param_value_internal":1.0,"distribution":"{\"name\": \"IntDistribution\", \"attributes\": {\"log\": false, \"step\": 1, \"low\": 0, \"high\": 2}}"}
{"op_code":5,"worker_id":"1c5af6ae-0350-4cdd-bc45-67712d923d97-140037709906048","trial_id":12,"param_name":"threshold","param_value_internal":0.0,"distribution":"{\"name\": \"IntDistribution\", \"attributes\": {\"log\": false, \"step\": 1, \"low\": 0, \"high\": 6}}"}
{"op_code":5,"worker_id":"1c5af6ae-0350-4cdd-bc45-67712d923d97-140037709906048","trial_id":12,"param_name":"alpha","param_value_internal":2.0,"distribution":"{\"name\": \"IntDistribution\", \"attributes\": {\"log\": false, \"step\": 1, \"low\": 0, \"high\": 3}}"}
{"op_code":5,"worker_id":"1c5af6ae-0350-4cdd-bc45-67712d923d97-140037709906048","trial_id":12,"param_name":"z_window","param_value_internal":0.0,"distribution":"{\"name\": \"IntDistribution\", \"attributes\": {\"log\": false, \"step\": 1, \"low\": 0, \"high\": 2}}"}
{"op_code":5,"worker_id":"1c5af6ae-0350-4cdd-bc45-67712d923d97-140037709906048","trial_id":12,"param_name":"entry_z","param_value_internal":3.0,"distribution":"{\"name\": \"IntDistribution\", \"attributes\": {\"log\": false, \"step\": 1, \"low\": 0, \"high\": 6}}"}
{"op_code":5,"worker_id":"1c5af6ae-0350-4cdd-bc45-67712d923d97-140037709906048","trial_id":12,"param_name":"exit_z","param_value_internal":0.0,"distribution":"{\"name\": \"IntDistribution\", \"attributes\": {\"log\": false, \"step\": 1, \"low\": 0, \"high\": 4}}"}
{"op_code":5,"worker_id":"1c5af6ae-0350-4cdd-bc45-67712d923d97-140037709906048","trial_id":12,"param_name":"max_hold","param_value_internal":1.0,"distribution":"{\"name\": \"IntDistribution\", \"attributes\": {\"log\": false, \"step\": 1, \"low\": 0, \"high\": 3}}"}
{"op_code":5,"worker_id":"1c5af6ae-0350-4cdd-bc45-67712d923d97-140037709906048","trial_id":12,"param_name":"stop_k","param_value_internal":6.0,"distribution":"{\"name\": \"IntDistribution\", \"attributes\": {\"log\": false, \"step\": 1, \"low\": 0, \"high\": 6}}"}
{"op_code":7,"worker_id":"1c5af6ae-0350-4cdd-bc45-67712d923d97-140037709906048","trial_id":12,"step":1,"intermediate_value":1.6529281038740553}
{"op_code":7,"worker_id":"1c5af6ae-0350-4cdd-bc45-67712d923d97-140037709906048","trial_id":12,"step":2,"intermediate_value":1.2068061534160615}
{"op_code":8,"worker_id":"1c5af6ae-0350-4cdd-bc45-67712d923d97-140037709906048","trial_id":12,"user_attr":{"n_trades":2446}}
{"op_code":8,"worker_id":"1c5af6ae-0350-4cdd-bc45-67712d923d97-140037709906048","trial_id":12,"user_attr":{"cagr":0.04775745071228843}}
{"op_code":8,"worker_id":"1c5af6ae-0350-4cdd-bc45-67712d923d97-140037709906048","trial_id":12,"user_attr":{"max_drawdown":-0.11658602336545776}}
{"op_code":8,"worker_id":"1c5af6ae-0350-4cdd-bc45-67712d923d97-140037709906048","trial_id":12,"user_attr":{"sharpe_raw":0.5606157136694999}}
{"op_code":6,"worker_id":"1c5af6ae-0350-4cdd-bc45-67712d923d97-140037709906048","trial_id":12,"state":1,"values":[0.5606157136694999],"datetime_complete":"2026-09-30T17:20:40.066336+00:00"}
{"op_code":4,"worker_id":"1c5af6ae-0350-4cdd-bc45-67712d923d97-140037709906048","study_id":0,"datetime_start":"2026-09-30T17:20:40.067042+00:00"}
{"op_code":9,"worker_id":"1c5af6ae-0350-4cdd-bc45-67712d923d97-140037709906048","trial_id":13,"system_attr":{"tpe:relative_params:0":"{\"alpha\": 3, \"entry_z\": 3, \"exit_z\": 0, \"lookback\": 1, \"max_hold\": 0, \"stop_k\": 6, \"threshold\": 1, \"z_window\": 0}"}}
{"op_code":5,"worker_id":"1c5af6ae-0350-4cdd-bc45-67712d923d97-140037709906048","trial_id":13,"param_name":"lookback","param_value_internal":1.0,"distribution":"{\"name\": \"IntDistribution\", \"attributes\": {\"log\": false, \"step\": 1, \"low\": 0, \"high\": 2}}"}
{"op_code":5,"worker_id":"1c5af6ae-0350-4cdd-bc45-67712d923d97-140037709906048","trial_id":13,"param_name":"threshold","param_value_internal":1.0,"distribution":"{\"name\": \"IntDistribution\", \"attributes\": {\"log\": false, \"step\": 1, \"low\": 0, \"high\": 6}}"}
{"op_code":5,"worker_id":"1c5af6ae-0350-4cdd-bc45-67712d923d97-140037709906048","trial_id":13,"param_name":"alpha","param_value_internal":3.0,"distribution":"{\"name\": \"IntDistribution\", \"attributes\": {\"log\": false, \"step\": 1, \"low\": 0, \"high\": 3}}"}
{"op_code":5,"worker_id":"1c5af6ae-0350-4cdd-bc45-67712d923d97-140037709906048","trial_id":13,"param_name":"z_window","param_value_internal":0.0,"distribution":"{\"name\": \"IntDistribution\", \"attributes\": {\"log\": false, \"step\": 1, \"low\": 0, \"high\": 2}}"}
{"op_code":5,"worker_id":"1c5af6ae-0350-4cdd-bc45-67712d923d97-140037709906048","trial_id":13,"param_name":"entry_z","param_value_internal":3.0,"distribution":"{\"name\": \"IntDistribution\", \"attributes\": {\"log\": false, \"step\": 1, \"low\": 0, \"high\": 6}}"}
{"op_code":5,"worker_id":"1c5af6ae-0350-4cdd-bc45-67712d923d97-140037709906048","trial_id":13,"param_name":"exit_z","param_value_internal":0.0,"distribution":"{\"name\": \"IntDistribution\", \"attributes\": {\"log\": false, \"step\": 1, \"low\": 0, \"high\": 4}}"}
{"op_code":5,"worker_id":"1c5af6ae-0350-4cdd-bc45-67712d923d97-140037709906048","trial_id":13,"param_name":"max_hold","param_value_internal":0.0,"distribution":"{\"name\": \"IntDistribution\", \"attributes\": {\"log\": false, \"step\": 1, \"low\": 0, \"high\": 3}}"}
{"op_code":5,"worker_id":"1c5af6ae-0350-4cdd-bc45-67712d923d97-140037709906048","trial_id":13,"param_name":"stop_k","param_value_internal":6.0,"distribution":"{\"name\": \"IntDistribution\", \"attributes\": {\"log\": false, \"step\": 1, \"low\": 0, \"high\": 6}}"}
{"op_code":7,"worker_id":"1c5af6ae-0350-4cdd-bc45-67712d923d97-140037709906048","trial_id":13,"step":1,"intermediate_value":1.789051841385991}
{"op_code":7,"worker_id":"1c5af6ae-0350-4cdd-bc45-67712d923d97-140037709906048","trial_id":13,"step":2,"intermediate_value":1.3902672349946665}
{"op_code":8,"worker_id":"1c5af6ae-0350-4cdd-bc45-67712d923d97-140037709906048","trial_id":13,"user_attr":{"n_trades":2444}}
{"op_code":8,"worker_id":"1c5af6ae-0350-4cdd-bc45-67712d923d97-140037709906048","trial_id":13,"user_attr":{"cagr":0.05950355208777891}}
{"op_code":8,"worker_id":"1c5af6ae-0350-4cdd-bc45-67712d923d97-140037709906048","trial_id":13,"user_attr":{"max_drawdown":-0.11547877094114545}}
{"op_code":8,"worker_id":"1c5af6ae-0350-4cdd-bc45-67712d923d97-140037709906048","trial_id":13,"user_attr":{"sharpe_raw":0.6844786090590063}}
{"op_code":6,"worker_id":"1c5af6ae-0350-4cdd-bc45-67712d923d97-140037709906048","trial_id":13,"state":1,"values":[0.6844786090590063],"datetime_complete":"2026-09-30T17:20:43.236042+00:00"}
{"op_code":4,"worker_id":"1c5af6ae-0350-4cdd-bc45-67712d923d97-140037709906048","study_id":0,"datetime_start":"2026-09-30T17:20:43.236616+00:00"}
{"op_code":9,"worker_id":"1c5af6ae-0350-4cdd-bc45-67712d923d97-140037709906048","trial_id":14,"system_attr":{"tpe:relative_params:0":"{\"alpha\": 2, \"entry_z\": 2, \"exit_z\": 0, \"lookback\": 1, \"max_hold\": 1, \"stop_k\": 3, \"threshold\": 1, \"z_window\": 0}"}}
{"op_code":5,"worker_id":"1c5af6ae-0350-4cdd-bc45-67712d923d97-140037709906048","trial_id":14,"param_name":"lookback","param_value_internal":1.0,"distribution":"{\"name\": \"IntDistribution\", \"attributes\": {\"log\": false, \"step\": 1, \"low\": 0, \"high\": 2}}"}
{"op_code":5,"worker_id":"1c5af6ae-0350-4cdd-bc45-67712d923d97-140037709906048","trial_id":14,"param_name":"threshold","param_value_internal":1.0,"distribution":"{\"name\": \"IntDistribution\", \"attributes\": {\"log\": false, \"step\": 1, \"low\": 0, \"high\": 6}}"}
{"op_code":5,"worker_id":"1c5af6ae-0350-4cdd-bc45-67712d923d97-140037709906048","trial_id":14,"param_name":"alpha","param_value_internal":2.0,"distribution":"{\"name\": \"IntDistribution\", \"attributes\": {\"log\": false, \"step\": 1, \"low\": 0, \"high\": 3}}"}
{"op_code":5,"worker_id":"1c5af6ae-0350-4cdd-bc45-67712d923d97-140037709906048","trial_id":14,"param_name":"z_window","param_value_internal":0.0,"distribution":"{\"name\": \"IntDistribution\", \"attributes\": {\"log\": false, \"step\": 1, \"low\": 0, \"high\": 2}}"}
{"op_code":5,"worker_id":"1c5af6ae-0350-4cdd-bc45-67712d923d97-140037709906048","trial_id":14,"param_name":"entry_z","param_value_internal":2.0,"distribution":"{\"name\": \"IntDistribution\", \"attributes\": {\"log\": false, \"step\": 1, \"low\": 0, \"high\": 6}}"}
{"op_code":5,"worker_id":"1c5af6ae-0350-4cdd-bc45-67712d923d97-140037709906048","trial_id":14,"param_name":"exit_z","param_value_internal":0.0,"distribution":"{\"name\": \"IntDistribution\", \"attributes\": {\"log\": false, \"step\": 1, \"low\": 0, \"high\": 4}}"}
{"op_code":5,"worker_id":"1c5af6ae-0350-4cdd-bc45-67712d923d97-140037709906048","trial_id":14,"param_name":"max_hold","param_value_internal":1.0,"distribution":"{\"name\": \"IntDistribution\", \"attributes\": {\"log\": false, \"step\": 1, \"low\": 0, \"high\": 3}}"}
{"op_code":5,"worker_id":"1c5af6ae-0350-4cdd-bc45-67712d923d97-140037709906048","trial_id":14,"param_name":"stop_k","param_value_internal":3.0,"distribution":"{\"name\": \"IntDistribution\", \"attributes\": {\"log\": false, \"step\": 1, \"low\": 0, \"high\": 6}}"}
{"op_code":7,"worker_id":"1c5af6ae-0350-4cdd-bc45-67712d923d97-140037709906048","trial_id":14,"step":1,"intermediate_value":1.780550179324723}
{"op_code":7,"worker_id":"1c5af6ae-0350-4cdd-bc45-67712d923d97-140037709906048","trial_id":14,"step":2,"intermediate_value":1.2255247048762692}
{"op_code":8,"worker_id":"1c5af6ae-0350-4cdd-bc45-67712d923d97-140037709906048","trial_id":14,"user_attr":{"n_trades":2540}}
{"op_code":8,"worker_id":"1c5af6ae-0350-4cdd-bc45-67712d923d97-140037709906048","trial_id":14,"user_attr":{"cagr":0.04772157141555855}}
{"op_code":8,"worker_id":"1c5af6ae-0350-4cdd-bc45-67712d923d97-140037709906048","trial_id":14,"user_attr":{"max_drawdown":-0.1196754378311431}}
{"op_code":8,"worker_id":"1c5af6ae-0350-4cdd-bc45-67712d923d97-140037709906048","trial_id":14,"user_attr":{"sharpe_raw":0.5611761019676743}}
{"op_code":6,"worker_id":"1c5af6ae-0350-4cdd-bc45-67712d923d97-140037709906048","trial_id":14,"state":1,"values":[0.5611761019676743],"datetime_complete":"2026-09-30T17:20:46.286644+00:00"}
{"op_code":4,"worker_id":"1c5af6ae-0350-4cdd-bc45-67712d923d97-140037709906048","study_id":0,"datetime_start":"2026-09-30T17:20:46.287295+00:00"}
{"op_code":9,"worker_id":"1c5af6ae-0350-4cdd-bc45-67712d923d97-140037709906048","trial_id":15,"system_attr":{"tpe:relative_params:0":"{\"alpha\": 2, \"entry_z\": 2, \"exit_z\": 0, \"lookback\": 1, \"max_hold\": 1, \"stop_k\": 4, \"threshold\": 0, \"z_window\": 0}"}}
{"op_code":5,"worker_id":"1c5af6ae-0350-4cdd-bc45-67712d923d97-140037709906048","trial_id":15,"param_name":"lookback","param_value_internal":1.0,"distribution":"{\"name\": \"IntDistribution\", \"attributes\": {\"log\": false, \"step\": 1, \"low\": 0, \"high\": 2}}"}
{"op_code":5,"worker_id":"1c5af6ae-0350-4cdd-bc45-67712d923d97-140037709906048","trial_id":15,"param_name":"threshold","param_value_internal":0.0,"distribution":"{\"name\": \"IntDistribution\", \"attributes\": {\"log\": false, \"step\": 1, \"low\": 0, \"high\": 6}}"}
{"op_code":5,"worker_id":"1c5af6ae-0350-4cdd-bc45-67712d923d97-140037709906048","trial_id":15,"param_name":"alpha","param_value_internal":2.0,"distribution":"{\"name\": \"IntDistribution\", \"attributes\": {\"log\": false, \"step\": 1, \"low\": 0, \"high\": 3}}"}
{"op_code":5,"worker_id":"1c5af6ae-0350-4cdd-bc45-67712d923d97-140037709906048","trial_id":15,"param_name":"z_window","param_value_internal":0.0,"distribution":"{\"name\": \"IntDistribution\", \"attributes\": {\"log\": false, \"step\": 1, \"low\": 0, \"high\": 2}}"}
{"op_code":5,"worker_id":"1c5af6ae-0350-4cdd-bc45-67712d923d97-140037709906048","trial_id":15,"param_name":"entry_z","param_value_internal":2.0,"distribution":"{\"name\": \"IntDistribution\", \"attributes\": {\"log\": false, \"step\": 1, \"low\": 0, \"high\": 6}}"}
{"op_code":5,"worker_id":"1c5af6ae-0350-4cdd-bc45-67712d923d97-140037709906048","trial_id":15,"param_name":"exit_z","param_value_internal":0.0,"distribution":"{\"name\": \"IntDistribution\", \"attributes\": {\"log\": false, \"step\": 1, \"low\": 0, \"high\": 4}}"}
{"op_code":5,"worker_id":"1c5af6ae-0350-4cdd-bc45-67712d923d97-140037709906048","trial_id":15,"param_name":"max_hold","param_value_internal":1.0,"distribution":"{\"name\": \"IntDistribution\", \"attributes\": {\"log\": false, \"step\": 1, \"low\": 0, \"high\": 3}}"}
{"op_code":5,"worker_id":"1c5af6ae-0350-4cdd-bc45-67712d923d97-140037709906048","trial_id":15,"param_name":"stop_k","param_value_internal":4.0,"distribution":"{\"name\": \"IntDistribution\", \"attributes\": {\"log\": false, \"step\": 1, \"low\": 0, \"high\": 6}}"}
{"op_code":7,"worker_id":"1c5af6ae-0350-4cdd-bc45-67712d923d97-140037709906048","trial_id":15,"step":1,"intermediate_value":1.7417764514602785}
{"op_code":7,"worker_id":"1c5af6ae-0350-4cdd-bc45-67712d923d97-140037709906048","trial_id":15,"step":2,"intermediate_value":1.2686222109729732}
{"op_code":8,"worker_id":"1c5af6ae-0350-4cdd-bc45-67712d923d97-140037709906048","trial_id":15,"user_attr":{"n_trades":2510}}
{"op_code":8,"worker_id":"1c5af6ae-0350-4cdd-bc45-67712d923d97-140037709906048","trial_id":15,"user_attr":{"cagr":0.036322393074461834}}
{"op_code":8,"worker_id":"1c5af6ae-0350-4cdd-bc45-67712d923d97-140037709906048","trial_id":15,"user_attr":{"max_drawdown":-0.15355080481877725}}
{"op_code":8,"worker_id":"1c5af6ae-0350-4cdd-bc45-67712d923d97-140037709906048","trial_id":15,"user_attr":{"sharpe_raw":0.43550166589833467}}
{"op_code":6,"worker_id":"1c5af6ae-0350-4cdd-bc45-67712d923d97-140037709906048","trial_id":15,"state":1,"values":[0.43550166589833467],"datetime_complete":"2026-09-30T17:20:46.639554+00:00"}
{"op_code":4,"worker_id":"1c5af6ae-0350-4cdd-bc45-67712d923d97-140037709906048","study_id":0,"datetime_start":"2026-09-30T17:20:46.640231+00:00"}
{"op_code":9,"worker_id":"1c5af6ae-0350-4cdd-bc45-67712d923d97-140037709906048","trial_id":16,"system_attr":{"tpe:relative_params:0":"{\"alpha\": 2, \"entry_z\": 0, \"exit_z\": 0, \"lookback\": 1, \"max_hold\": 1, \"stop_k\": 2, \"threshold\": 2, \"z_window\": 0}"}}
{"op_code":5,"worker_id":"1c5af6ae-0350-4cdd-bc45-67712d923d97-140037709906048","trial_id":16,"param_name":"lookback","param_value_internal":1.0,"distribution":"{\"name\": \"IntDistribution\", \"attributes\": {\"log\": false, \"step\": 1, \"low\": 0, \"high\": 2}}"}
{"op_code":5,"worker_id":"1c5af6ae-0350-4cdd-bc45-67712d923d97-140037709906048","trial_id":16,"param_name":"threshold","param_value_internal":2.0,"distribution":"{\"name\": \"IntDistribution\", \"attributes\": {\"log\": false, \"step\": 1, \"low\": 0, \"high\": 6}}"}
{"op_code":5,"worker_id":"1c5af6ae-0350-4cdd-bc45-67712d923d97-140037709906048","trial_id":16,"param_name":"alpha","param_value_internal":2.0,"distribution":"{\"name\": \"IntDistribution\", \"attributes\": {\"log\": false, \"step\": 1, \"low\": 0, \"high\": 3}}"}
{"op_code":5,"worker_id":"1c5af6ae-0350-4cdd-bc45-67712d923d97-140037709906048","trial_id":16,"param_name":"z_window","param_value_internal":0.0,"distribution":"{\"name\": \"IntDistribution\", \"attributes\": {\"log\": false, \"step\": 1, \"low\": 0, \"high\": 2}}"}
{"op_code":5,"worker_id":"1c5af6ae-0350-4cdd-bc45-67712d923d97-140037709906048","trial_id":16,"param_name":"entry_z","param_value_internal":0.0,"distribution":"{\"name\": \"IntDistribution\", \"attributes\": {\"log\": false, \"step\": 1, \"low\": 0, \"high\": 6}}"}
{"op_code":5,"worker_id":"1c5af6ae-0350-4cdd-bc45-67712d923d97-140037709906048","trial_id":16,"param_name":"exit_z","param_value_internal":0.0,"distribution":"{\"name\": \"IntDistribution\", \"attributes\": {\"log\": false, \"step\": 1, \"low\": 0, \"high\": 4}}"}
{"op_code":5,"worker_id":"1c5af6ae-0350-4cdd-bc45-67712d923d97-140037709906048","trial_id":16,"param_name":"max_hold","param_value_internal":1.0,"distribution":"{\"name\": \"IntDistribution\", \"attributes\": {\"log\": false, \"step\": 1, \"low\": 0, \"high\": 3}}"}
{"op_code":5,"worker_id":"1c5af6ae-0350-4cdd-bc45-67712d923d97-140037709906048","trial_id":16,"param_name":"stop_k","param_value_internal":2.0,"distribution":"{\"name\": \"IntDistribution\", \"attributes\": {\"log\": false, \"step\": 1, \"low\": 0, \"high\": 6}}"}
{"op_code":7,"worker_id":"1c5af6ae-0350-4cdd-bc45-67712d923d97-140037709906048","trial_id":16,"step":1,"intermediate_value":1.2947190617268844}
{"op_code":7,"worker_id":"1c5af6ae-0350-4cdd-bc45-67712d923d97-140037709906048","trial_id":16,"step":2,"intermediate_value":1.3902123629607117}
{"op_code":8,"worker_id":"1c5af6ae-0350-4cdd-bc45-67712d923d97-140037709906048","trial_id":16,"user_attr":{"n_trades":2618}}
{"op_code":8,"worker_id":"1c5af6ae-0350-4cdd-bc45-67712d923d97-140037709906048","trial_id":16,"user_attr":{"cagr":0.03573571491047178}}
{"op_code":8,"worker_id":"1c5af6ae-0350-4cdd-bc45-67712d923d97-140037709906048","trial_id":16,"user_attr":{"max_drawdown":-0.15464582362961565}}
{"op_code":8,"worker_id":"1c5af6ae-0350-4cdd-bc45-67712d923d97-140037709906048","trial_id":16,"user_attr":{"sharpe_raw":0.42368419633458776}}
{"op_code":6,"worker_id":"1c5af6ae-0350-4cdd-bc45-67712d923d97-140037709906048","trial_id":16,"state":1,"values":[0.42368419633458776],"datetime_complete":"2026-09-30T17:20:49.741603+00:00"}
{"op_code":4,"worker_id":"1c5af6ae-0350-4cdd-bc45-67712d923d97-140037709906048","study_id":0,"datetime_start":"2026-09-30T17:20:49.744956+00:00"}
{"op_code":9,"worker_id":"1c5af6ae-0350-4cdd-bc45-67712d923d97-140037709906048","trial_id":17,"system_attr":{"tpe:relative_params:0":"{\"alpha\": 2, \"entry_z\": 3, \"exit_z\": 0, \"lookback\": 1, \"max_hold\": 0, \"stop_k\": 6, \"threshold\": 1, \"z_window\": 1}"}}
{"op_code":5,"worker_id":"1c5af6ae-0350-4cdd-bc45-67712d923d97-140037709906048","trial_id":17,"param_name":"lookback","param_value_internal":1.0,"distribution":"{\"name\": \"IntDistribution\", \"attributes\": {\"log\": false, \"step\": 1, \"low\": 0, \"high\": 2}}"}
{"op_code":5,"worker_id":"1c5af6ae-0350-4cdd-bc45-67712d923d97-140037709906048","trial_id":17,"param_name":"threshold","param_value_internal":1.0,"distribution":"{\"name\": \"IntDistribution\", \"attributes\": {\"log\": false, \"step\": 1, \"low\": 0, \"high\": 6}}"}
{"op_code":5,"worker_id":"1c5af6ae-0350-4cdd-bc45-67712d923d97-140037709906048","trial_id":17,"param_name":"alpha","param_value_internal":2.0,"distribution":"{\"name\": \"IntDistribution\", \"attributes\": {\"log\": false, \"step\": 1, \"low\": 0, \"high\": 3}}"}
{"op_code":5,"worker_id":"1c5af6ae-0350-4cdd-bc45-67712d923d97-140037709906048","trial_id":17,"param_name":"z_window","param_value_internal":1.0,"distribution":"{\"name\": \"IntDistribution\", \"attributes\": {\"log\": false, \"step\": 1, \"low\": 0, \"high\": 2}}"}
{"op_code":5,"worker_id":"1c5af6ae-0350-4cdd-bc45-67712d923d97-140037709906048","trial_id":17,"param_name":"entry_z","param_value_internal":3.0,"distribution":"{\"name\": \"IntDistribution\", \"attributes\": {\"log\": false, \"step\": 1, \"low\": 0, \"high\": 6}}"}
{"op_code":5,"worker_id":"1c5af6ae-0350-4cdd-bc45-67712d923d97-140037709906048","trial_id":17,"param_name":"exit_z","param_value_internal":0.0,"distribution":"{\"name\": \"IntDistribution\", \"attributes\": {\"log\": false, \"step\": 1, \"low\": 0, \"high\": 4}}"}
{"op_code":5,"worker_id":"1c5af6ae-0350-4cdd-bc45-67712d923d97-140037709906048","trial_id":17,"param_name":"max_hold","param_value_internal":0.0,"distribution":"{\"name\": \"IntDistribution\", \"attributes\": {\"log\": false, \"step\": 1, \"low\": 0, \"high\": 3}}"}
{"op_code":5,"worker_id":"1c5af6ae-0350-4cdd-bc45-67712d923d97-140037709906048","trial_id":17,"param_name":"stop_k","param_value_internal":6.0,"distribution":"{\"name\": \"IntDistribution\", \"attributes\": {\"log\": false, \"step\": 1, \"low\": 0, \"high\": 6}}"}
{"op_code":7,"worker_id":"1c5af6ae-0350-4cdd-bc45-67712d923d97-140037709906048","trial_id":17,"step":1,"intermediate_value":0.8564577570901669}
{"op_code":7,"worker_id":"1c5af6ae-0350-4cdd-bc45-67712d923d97-140037709906048","trial_id":17,"step":2,"intermediate_value":0.6414941435942209}
{"op_code":8,"worker_id":"1c5af6ae-0350-4cdd-bc45-67712d923d97-140037709906048","trial_id":17,"user_attr":{"n_trades":2370}}
{"op_code":8,"worker_id":"1c5af6ae-0350-4cdd-bc45-67712d923d97-140037709906048","trial_id":17,"user_attr":{"cagr":0.03421276812604801}}
{"op_code":8,"worker_id":"1c5af6ae-0350-4cdd-bc45-67712d923d97-140037709906048","trial_id":17,"user_attr":{"max_drawdown":-0.07763209644512903}}
{"op_code":8,"worker_id":"1c5af6ae-0350-4cdd-bc45-67712d923d97-140037709906048","trial_id":17,"user_attr":{"sharpe_raw":0.39970617882350945}}
{"op_code":6,"worker_id":"1c5af6ae-0350-4cdd-bc45-67712d923d97-140037709906048","trial_id":17,"state":1,"values":[0.39970617882350945],"datetime_complete":"2026-09-30T17:20:52.758545+00:00"}
{"op_code":4,"worker_id":"1c5af6ae-0350-4cdd-bc45-67712d923d97-140037709906048","study_id":0,"datetime_start":"2026-09-30T17:20:52.759175+00:00"}
{"op_code":9,"worker_id":"1c5af6ae-0350-4cdd-bc45-67712d923d97-140037709906048","trial_id":18,"system_attr":{"tpe:relative_params:0":"{\"alpha\": 1, \"entry_z\": 1, \"exit_z\": 0, \"lookback\": 1, \"max_hold\": 0, \"stop_k\": 6, \"threshold\": 1, \"z_window\": 0}"}}
{"op_code":5,"worker_id":"1c5af6ae-0350-4cdd-bc45-67712d923d97-140037709906048","trial_id":18,"param_name":"lookback","param_value_internal":1.0,"distribution":"{\"name\": \"IntDistribution\", \"attributes\": {\"log\": false, \"step\": 1, \"low\": 0, \"high\": 2}}"}
{"op_code":5,"worker_id":"1c5af6ae-0350-4cdd-bc45-67712d923d97-140037709906048","trial_id":18,"param_name":"threshold","param_value_internal":1.0,"distribution":"{\"name\": \"IntDistribution\", \"attributes\": {\"log\": false, \"step\": 1, \"low\": 0, \"high\": 6}}"}
{"op_code":5,"worker_id":"1c5af6ae-0350-4cdd-bc45-67712d923d97-140037709906048","trial_id":18,"param_name":"alpha","param_value_internal":1.0,"distribution":"{\"name\": \"IntDistribution\", \"attributes\": {\"log\": false, \"step\": 1, \"low\": 0, \"high\": 3}}"}
{"op_code":5,"worker_id":"1c5af6ae-0350-4cdd-bc45-67712d923d97-140037709906048","trial_id":18,"param_name":"z_window","param_value_internal":0.0,"distribution":"{\"name\": \"IntDistribution\", \"attributes\": {\"log\": false, \"step\": 1, \"low\": 0, \"high\": 2}}"}
{"op_code":5,"worker_id":"1c5af6ae-0350-4cdd-bc45-67712d923d97-140037709906048","trial_id":18,"param_name":"entry_z","param_value_internal":1.0,"distribution":"{\"name\": \"IntDistribution\", \"attributes\": {\"log\": false, \"step\": 1, \"low\": 0, \"high\": 6}}"}
{"op_code":5,"worker_id":"1c5af6ae-0350-4cdd-bc45-67712d923d97-140037709906048","trial_id":18,"param_name":"exit_z","param_value_internal":0.0,"distribution":"{\"name\": \"IntDistribution\", \"attributes\": {\"log\": false, \"step\": 1, \"low\": 0, \"high\": 4}}"}
{"op_code":5,"worker_id":"1c5af6ae-0350-4cdd-bc45-67712d923d97-140037709906048","trial_id":18,"param_name":"max_hold","param_value_internal":0.0,"distribution":"{\"name\": \"IntDistribution\", \"attributes\": {\"log\": false, \"step\": 1, \"low\": 0, \"high\": 3}}"}
{"op_code":5,"worker_id":"1c5af6ae-0350-4cdd-bc45-67712d923d97-140037709906048","trial_id":18,"param_name":"stop_k","param_value_internal":6.0,"distribution":"{\"name\": \"IntDistribution\", \"attributes\": {\"log\": false, \"step\": 1, \"low\": 0, \"high\": 6}}"}
{"op_code":7,"worker_id":"1c5af6ae-0350-4cdd-bc45-67712d923d97-140037709906048","trial_id":18,"step":1,"intermediate_value":1.3679692328359294}
{"op_code":7,"worker_id":"1c5af6ae-0350-4cdd-bc45-67712d923d97-140037709906048","trial_id":18,"step":2,"intermediate_value":1.0863463600005783}
{"op_code":8,"worker_id":"1c5af6ae-0350-4cdd-bc45-67712d923d97-140037709906048","trial_id":18,"user_attr":{"n_trades":2503}}
{"op_code":8,"worker_id":"1c5af6ae-0350-4cdd-bc45-67712d923d97-140037709906048","trial_id":18,"user_attr":{"cagr":0.052293379305089704}}
{"op_code":8,"worker_id":"1c5af6ae-0350-4cdd-bc45-67712d923d97-140037709906048","trial_id":18,"user_attr":{"max_drawdown":-0.10836834448077581}}
{"op_code":8,"worker_id":"1c5af6ae-0350-4cdd-bc45-67712d923d97-140037709906048","trial_id":18,"user_attr":{"sharpe_raw":0.5961791543997061}}
{"op_code":6,"worker_id":"1c5af6ae-0350-4cdd-bc45-67712d923d97-140037709906048","trial_id":18,"state":1,"values":[0.5961791543997061],"datetime_complete":"2026-09-30T17:20:55.905375+00:00"}
{"op_code":4,"worker_id":"1c5af6ae-0350-4cdd-bc45-67712d923d97-140037709906048","study_id":0,"datetime_start":"2026-09-30T17:20:55.906636+00:00"}
{"op_code":9,"worker_id":"1c5af6ae-0350-4cdd-bc45-67712d923d97-140037709906048","trial_id":19,"system_attr":{"tpe:relative_params:0":"{\"alpha\": 1, \"entry_z\": 2, \"exit_z\": 1, \"lookback\": 0, \"max_hold\": 0, \"stop_k\": 4, \"threshold\": 0, \"z_window\": 0}"}}
{"op_code":5,"worker_id":"1c5af6ae-0350-4cdd-bc45-67712d923d97-140037709906048","trial_id":19,"param_name":"lookback","param_value_internal":0.0,"distribution":"{\"name\": \"IntDistribution\", \"attributes\": {\"log\": false, \"step\": 1, \"low\": 0, \"high\": 2}}"}
{"op_code":5,"worker_id":"1c5af6ae-0350-4cdd-bc45-67712d923d97-140037709906048","trial_id":19,"param_name":"threshold","param_value_internal":0.0,"distribution":"{\"name\": \"IntDistribution\", \"attributes\": {\"log\": false, \"step\": 1, \"low\": 0, \"high\": 6}}"}
{"op_code":5,"worker_id":"1c5af6ae-0350-4cdd-bc45-67712d923d97-140037709906048","trial_id":19,"param_name":"alpha","param_value_internal":1.0,"distribution":"{\"name\": \"IntDistribution\", \"attributes\": {\"log\": false, \"step\": 1, \"low\": 0, \"high\": 3}}"}
{"op_code":5,"worker_id":"1c5af6ae-0350-4cdd-bc45-67712d923d97-140037709906048","trial_id":19,"param_name":"z_window","param_value_internal":0.0,"distribution":"{\"name\": \"IntDistribution\", \"attributes\": {\"log\": false, \"step\": 1, \"low\": 0, \"high\": 2}}"}
{"op_code":5,"worker_id":"1c5af6ae-0350-4cdd-bc45-67712d923d97-140037709906048","trial_id":19,"param_name":"entry_z","param_value_internal":2.0,"distribution":"{\"name\": \"IntDistribution\", \"attributes\": {\"log\": false, \"step\": 1, \"low\": 0, \"high\": 6}}"}
{"op_code":5,"worker_id":"1c5af6ae-0350-4cdd-bc45-67712d923d97-140037709906048","trial_id":19,"param_name":"exit_z","param_value_internal":1.0,"distribution":"{\"name\": \"IntDistribution\", \"attributes\": {\"log\": false, \"step\": 1, \"low\": 0, \"high\": 4}}"}
{"op_code":5,"worker_id":"1c5af6ae-0350-4cdd-bc45-67712d923d97-140037709906048","trial_id":19,"param_name":"max_hold","param_value_internal":0.0,"distribution":"{\"name\": \"IntDistribution\", \"attributes\": {\"log\": false, \"step\": 1, \"low\": 0, \"high\": 3}}"}
{"op_code":5,"worker_id":"1c5af6ae-0350-4cdd-bc45-67712d923d97-140037709906048","trial_id":19,"param_name":"stop_k","param_value_internal":4.0,"distribution":"{\"name\": \"IntDistribution\", \"attributes\": {\"log\": false, \"step\": 1, \"low\": 0, \"high\": 6}}"}
{"op_code":7,"worker_id":"1c5af6ae-0350-4cdd-bc45-67712d923d97-140037709906048","trial_id":19,"step":1,"intermediate_value":1.2607682537025011}
{"op_code":7,"worker_id":"1c5af6ae-0350-4cdd-bc45-67712d923d97-140037709906048","trial_id":19,"step":2,"intermediate_value":1.0428789941018664}
{"op_code":8,"worker_id":"1c5af6ae-0350-4cdd-bc45-67712d923d97-140037709906048","trial_id":19,"user_attr":{"n_trades":2766}}
{"op_code":8,"worker_id":"1c5af6ae-0350-4cdd-bc45-67712d923d97-140037709906048","trial_id":19,"user_attr":{"cagr":0.03973560414858701}}
{"op_code":8,"worker_id":"1c5af6ae-0350-4cdd-bc45-67712d923d97-140037709906048","trial_id":19,"user_attr":{"max_drawdown":-0.13118432586859796}}
{"op_code":8,"worker_id":"1c5af6ae-0350-4cdd-bc45-67712d923d97-140037709906048","trial_id":19,"user_attr":{"sharpe_raw":0.4726163791051321}}
{"op_code":6,"worker_id":"1c5af6ae-0350-4cdd-bc45-67712d923d97-140037709906048","trial_id":19,"state":1,"values":[0.4726163791051321],"datetime_complete":"2026-09-30T17:20:58.534798+00:00"}
{"op_code":4,"worker_id":"1c5af6ae-0350-4cdd-bc45-67712d923d97-140037709906048","study_id":0,"datetime_start":"2026-09-30T17:20:58.535757+00:00"}
{"op_code":9,"worker_id":"1c5af6ae-0350-4cdd-bc45-67712d923d97-140037709906048","trial_id":20,"system_attr":{"tpe:relative_params:0":"{\"alpha\": 0, \"entry_z\": 1, \"exit_z\": 0, \"lookback\": 1, \"max_hold\": 1, \"stop_k\": 6, \"threshold\": 1, \"z_window\": 0}"}}
{"op_code":5,"worker_id":"1c5af6ae-0350-4cdd-bc45-67712d923d97-140037709906048","trial_id":20,"param_name":"lookback","param_value_internal":1.0,"distribution":"{\"name\": \"IntDistribution\", \"attributes\": {\"log\": false, \"step\": 1, \"low\": 0, \"high\": 2}}"}
{"op_code":5,"worker_id":"1c5af6ae-0350-4cdd-bc45-67712d923d97-140037709906048","trial_id":20,"param_name":"threshold","param_value_internal":1.0,"distribution":"{\"name\": \"IntDistribution\", \"attributes\": {\"log\": false, \"step\": 1, \"low\": 0, \"high\": 6}}"}
{"op_code":5,"worker_id":"1c5af6ae-0350-4cdd-bc45-67712d923d97-140037709906048","trial_id":20,"param_name":"alpha","param_value_internal":0.0,"distribution":"{\"name\": \"IntDistribution\", \"attributes\": {\"log\": false, \"step\": 1, \"low\": 0, \"high\": 3}}"}
{"op_code":5,"worker_id":"1c5af6ae-0350-4cdd-bc45-67712d923d97-140037709906048","trial_id":20,"param_name":"z_window","param_value_internal":0.0,"distribution":"{\"name\": \"IntDistribution\", \"attributes\": {\"log\": false, \"step\": 1, \"low\": 0, \"high\": 2}}"}
{"op_code":5,"worker_id":"1c5af6ae-0350-4cdd-bc45-67712d923d97-140037709906048","trial_id":20,"param_name":"entry_z","param_value_internal":1.0,"distribution":"{\"name\": \"IntDistribution\", \"attributes\": {\"log\": false, \"step\": 1, \"low\": 0, \"high\": 6}}"}
{"op_code":5,"worker_id":"1c5af6ae-0350-4cdd-bc45-67712d923d97-140037709906048","trial_id":20,"param_name":"exit_z","param_value_internal":0.0,"distribution":"{\"name\": \"IntDistribution\", \"attributes\": {\"log\": false, \"step\": 1, \"low\": 0, \"high\": 4}}"}
{"op_code":5,"worker_id":"1c5af6ae-0350-4cdd-bc45-67712d923d97-140037709906048","trial_id":20,"param_name":"max_hold","param_value_internal":1.0,"distribution":"{\"name\": \"IntDistribution\", \"attributes\": {\"log\": false, \"step\": 1, \"low\": 0, \"high\": 3}}"}
{"op_code":5,"worker_id":"1c5af6ae-0350-4cdd-bc45-67712d923d97-140037709906048","trial_id":20,"param_name":"stop_k","param_value_internal":6.0,"distribution":"{\"name\": \"IntDistribution\", \"attributes\": {\"log\": false, \"step\": 1, \"low\": 0, \"high\": 6}}"}
{"op_code":7,"worker_id":"1c5af6ae-0350-4cdd-bc45-67712d923d97-140037709906048","trial_id":20,"step":1,"intermediate_value":1.3420685523690343}
{"op_code":7,"worker_id":"1c5af6ae-0350-4cdd-bc45-67712d923d97-140037709906048","trial_id":20,"step":2,"intermediate_value":1.1974480431559504}
{"op_code":8,"worker_id":"1c5af6ae-0350-4cdd-bc45-67712d923d97-140037709906048","trial_id":20,"user_attr":{"n_trades":2496}}
{"op_code":8,"worker_id":"1c5af6ae-0350-4cdd-bc45-67712d923d97-140037709906048","trial_id":20,"user_attr":{"cagr":0.06192641010701627}}
{"op_code":8,"worker_id":"1c5af6ae-0350-4cdd-bc45-67712d923d97-140037709906048","trial_id":20,"user_attr":{"max_drawdown":-0.09158427972397232}}
{"op_code":8,"worker_id":"1c5af6ae-0350-4cdd-bc45-67712d923d97-140037709906048","trial_id":20,"user_attr":{"sharpe_raw":0.6891029985272151}}
{"op_code":6,"worker_id":"1c5af6ae-0350-4cdd-bc45-67712d923d97-140037709906048","trial_id":20,"state":1,"values":[0.6891029985272151],"datetime_complete":"2026-09-30T17:21:01.736245+00:00"}
{"op_code":4,"worker_id":"1c5af6ae-0350-4cdd-bc45-67712d923d97-140037709906048","study_id":0,"datetime_start":"2026-09-30T17:21:01.736974+00:00"}
{"op_code":9,"worker_id":"1c5af6ae-0350-4cdd-bc45-67712d923d97-140037709906048","trial_id":21,"system_attr":{"tpe:relative_params:0":"{\"alpha\": 0, \"entry_z\": 1, \"exit_z\": 0, \"lookback\": 2, \"max_hold\": 1, \"stop_k\": 6, \"threshold\": 2, \"z_window\": 0}"}}
{"op_code":5,"worker_id":"1c5af6ae-0350-4cdd-bc45-67712d923d97-140037709906048","trial_id":21,"param_name":"lookback","param_value_internal":2.0,"distribution":"{\"name\": \"IntDistribution\", \"attributes\": {\"log\": false, \"step\": 1, \"low\": 0, \"high\": 2}}"}
{"op_code":5,"worker_id":"1c5af6ae-0350-4cdd-bc45-67712d923d97-140037709906048","trial_id":21,"param_name":"threshold","param_value_internal":2.0,"distribution":"{\"name\": \"IntDistribution\", \"attributes\": {\"log\": false, \"step\": 1, \"low\": 0, \"high\": 6}}"}
{"op_code":5,"worker_id":"1c5af6ae-0350-4cdd-bc45-67712d923d97-140037709906048","trial_id":21,"param_name":"alpha","param_value_internal":0.0,"distribution":"{\"name\": \"IntDistribution\", \"attributes\": {\"log\": false, \"step\": 1, \"low\": 0, \"high\": 3}}"}
{"op_code":5,"worker_id":"1c5af6ae-0350-4cdd-bc45-67712d923d97-140037709906048","trial_id":21,"param_name":"z_window","param_value_internal":0.0,"distribution":"{\"name\": \"IntDistribution\", \"attributes\": {\"log\": false, \"step\": 1, \"low\": 0, \"high\": 2}}"}
{"op_code":5,"worker_id":"1c5af6ae-0350-4cdd-bc45-67712d923d97-140037709906048","trial_id":21,"param_name":"entry_z","param_value_internal":1.0,"distribution":"{\"name\": \"IntDistribution\", \"attributes\": {\"log\": false, \"step\": 1, \"low\": 0, \"high\": 6}}"}
{"op_code":5,"worker_id":"1c5af6ae-0350-4cdd-bc45-67712d923d97-140037709906048","trial_id":21,"param_name":"exit_z","param_value_internal":0.0,"distribution":"{\"name\": \"IntDistribution\", \"attributes\": {\"log\": false, \"step\": 1, \"low\": 0, \"high\": 4}}"}
{"op_code":5,"worker_id":"1c5af6ae-0350-4cdd-bc45-67712d923d97-140037709906048","trial_id":21,"param_name":"max_hold","param_value_internal":1.0,"distribution":"{\"name\": \"IntDistribution\", \"attributes\": {\"log\": false, \"step\": 1, \"low\": 0, \"high\": 3}}"}
{"op_code":5,"worker_id":"1c5af6ae-0350-4cdd-bc45-67712d923d97-140037709906048","trial_id":21,"param_name":"stop_k","param_value_internal":6.0,"distribution":"{\"name\": \"IntDistribution\", \"attributes\": {\"log\": false, \"step\": 1, \"low\": 0, \"high\": 6}}"}
{"op_code":7,"worker_id":"1c5af6ae-0350-4cdd-bc45-67712d923d97-140037709906048","trial_id":21,"step":1,"intermediate_value":1.097117407885026}
{"op_code":7,"worker_id":"1c5af6ae-0350-4cdd-bc45-67712d923d97-140037709906048","trial_id":21,"step":2,"intermediate_value":1.1154769739196235}
{"op_code":8,"worker_id":"1c5af6ae-0350-4cdd-bc45-67712d923d97-140037709906048","trial_id":21,"user_attr":{"n_trades":2512}}
{"op_code":8,"worker_id":"1c5af6ae-0350-4cdd-bc45-67712d923d97-140037709906048","trial_id":21,"user_attr":{"cagr":0.04925344582982594}}
{"op_code":8,"worker_id":"1c5af6ae-0350-4cdd-bc45-67712d923d97-140037709906048","trial_id":21,"user_attr":{"max_drawdown":-0.10759793874013712}}
{"op_code":8,"worker_id":"1c5af6ae-0350-4cdd-bc45-67712d923d97-140037709906048","trial_id":21,"user_attr":{"sharpe_raw":0.5842258362014449}}
{"op_code":6,"worker_id":"1c5af6ae-0350-4cdd-bc45-67712d923d97-140037709906048","trial_id":21,"state":1,"values":[0.5842258362014449],"datetime_complete":"2026-09-30T17:21:07.426520+00:00"}
{"op_code":4,"worker_id":"1c5af6ae-0350-4cdd-bc45-67712d923d97-140037709906048","study_id":0,"datetime_start":"2026-09-30T17:21:07.427155+00:00"}
{"op_code":9,"worker_id":"1c5af6ae-0350-4cdd-bc45-67712d923d97-140037709906048","trial_id":22,"system_attr":{"tpe:relative_params:0":"{\"alpha\": 1, \"entry_z\": 0, \"exit_z\": 0, \"lookback\": 1, \"max_hold\": 1, \"stop_k\": 6, \"threshold\": 0, \"z_window\": 0}"}}
{"op_code":5,"worker_id":"1c5af6ae-0350-4cdd-bc45-67712d923d97-140037709906048","trial_id":22,"param_name":"lookback","param_value_internal":1.0,"distribution":"{\"name\": \"IntDistribution\", \"attributes\": {\"log\": false, \"step\": 1, \"low\": 0, \"high\": 2}}"}
{"op_code":5,"worker_id":"1c5af6ae-0350-4cdd-bc45-67712d923d97-140037709906048","trial_id":22,"param_name":"threshold","param_value_internal":0.0,"distribution":"{\"name\": \"IntDistribution\", \"attributes\": {\"log\": false, \"step\": 1, \"low\": 0, \"high\": 6}}"}
{"op_code":5,"worker_id":"1c5af6ae-0350-4cdd-bc45-67712d923d97-140037709906048","trial_id":22,"param_name":"alpha","param_value_internal":1.0,"distribution":"{\"name\": \"IntDistribution\", \"attributes\": {\"log\": false, \"step\": 1, \"low\": 0, \"high\": 3}}"}
{"op_code":5,"worker_id":"1c5af6ae-0350-4cdd-bc45-67712d923d97-140037709906048","trial_id":22,"param_name":"z_window","param_value_internal":0.0,"distribution":"{\"name\": \"IntDistribution\", \"attributes\": {\"log\": false, \"step\": 1, \"low\": 0, \"high\": 2}}"}
{"op_code":5,"worker_id":"1c5af6ae-0350-4cdd-bc45-67712d923d97-140037709906048","trial_id":22,"param_name":"entry_z","param_value_internal":0.0,"distribution":"{\"name\": \"IntDistribution\", \"attributes\": {\"log\": false, \"step\": 1, \"low\": 0, \"high\": 6}}"}
{"op_code":5,"worker_id":"1c5af6ae-0350-4cdd-bc45-67712d923d97-140037709906048","trial_id":22,"param_name":"exit_z","param_value_internal":0.0,"distribution":"{\"name\": \"IntDistribution\", \"attributes\": {\"log\": false, \"step\": 1, \"low\": 0, \"high\": 4}}"}
{"op_code":5,"worker_id":"1c5af6ae-0350-4cdd-bc45-67712d923d97-140037709906048","trial_id":22,"param_name":"max_hold","param_value_internal":1.0,"distribution":"{\"name\": \"IntDistribution\", \"attributes\": {\"log\": false, \"step\": 1, \"low\": 0, \"high\": 3}}"}
{"op_code":5,"worker_id":"1c5af6ae-0350-4cdd-bc45-67712d923d97-140037709906048","trial_id":22,"param_name":"stop_k","param_value_internal":6.0,"distribution":"{\"name\": \"IntDistribution\", \"attributes\": {\"log\": false, \"step\": 1, \"low\": 0, \"high\": 6}}"}
{"op_code":7,"worker_id":"1c5af6ae-0350-4cdd-bc45-67712d923d97-140037709906048","trial_id":22,"step":1,"intermediate_value":1.3939943347395323}
{"op_code":7,"worker_id":"1c5af6ae-0350-4cdd-bc45-67712d923d97-140037709906048","trial_id":22,"step":2,"intermediate_value":1.5328871383776181}
{"op_code":8,"worker_id":"1c5af6ae-0350-4cdd-bc45-67712d923d97-140037709906048","trial_id":22,"user_attr":{"n_trades":2508}}
{"op_code":8,"worker_id":"1c5af6ae-0350-4cdd-bc45-67712d923d97-140037709906048","trial_id":22,"user_attr":{"cagr":0.06674908305458116}}
{"op_code":8,"worker_id":"1c5af6ae-0350-4cdd-bc45-67712d923d97-140037709906048","trial_id":22,"user_attr":{"max_drawdown":-0.10772811912172864}}
{"op_code":8,"worker_id":"1c5af6ae-0350-4cdd-bc45-67712d923d97-140037709906048","trial_id":22,"user_attr":{"sharpe_raw":0.7511130583748542}}
{"op_code":6,"worker_id":"1c5af6ae-0350-4cdd-bc45-67712d923d97-140037709906048","trial_id":22,"state":1,"values":[0.7511130583748542],"datetime_complete":"2026-09-30T17:21:10.573211+00:00"}
{"op_code":4,"worker_id":"1c5af6ae-0350-4cdd-bc45-67712d923d97-140037709906048","study_id":0,"datetime_start":"2026-09-30T17:21:10.573840+00:00"}
{"op_code":9,"worker_id":"1c5af6ae-0350-4cdd-bc45-67712d923d97-140037709906048","trial_id":23,"system_attr":{"tpe:relative_params:0":"{\"alpha\": 1, \"entry_z\": 0, \"exit_z\": 1, \"lookback\": 1, \"max_hold\": 1, \"stop_k\": 5, \"threshold\": 0, \"z_window\": 0}"}}
{"op_code":5,"worker_id":"1c5af6ae-0350-4cdd-bc45-67712d923d97-140037709906048","trial_id":23,"param_name":"lookback","param_value_internal":1.0,"distribution":"{\"name\": \"IntDistribution\", \"attributes\": {\"log\": false, \"step\": 1, \"low\": 0, \"high\": 2}}"}
{"op_code":5,"worker_id":"1c5af6ae-0350-4cdd-bc45-67712d923d97-140037709906048","trial_id":23,"param_name":"threshold","param_value_internal":0.0,"distribution":"{\"name\": \"IntDistribution\", \"attributes\": {\"log\": false, \"step\": 1, \"low\": 0, \"high\": 6}}"}
{"op_code":5,"worker_id":"1c5af6ae-0350-4cdd-bc45-67712d923d97-140037709906048","trial_id":23,"param_name":"alpha","param_value_internal":1.0,"distribution":"{\"name\": \"IntDistribution\", \"attributes\": {\"log\": false, \"step\": 1, \"low\": 0, \"high\": 3}}"}
{"op_code":5,"worker_id":"1c5af6ae-0350-4cdd-bc45-67712d923d97-140037709906048","trial_id":23,"param_name":"z_window","param_value_internal":0.0,"distribution":"{\"name\": \"IntDistribution\", \"attributes\": {\"log\": false, \"step\": 1, \"low\": 0, \"high\": 2}}"}
{"op_code":5,"worker_id":"1c5af6ae-0350-4cdd-bc45-67712d923d97-140037709906048","trial_id":23,"param_name":"entry_z","param_value_internal":0.0,"distribution":"{\"name\": \"IntDistribution\", \"attributes\": {\"log\": false, \"step\": 1, \"low\": 0, \"high\": 6}}"}
{"op_code":5,"worker_id":"1c5af6ae-0350-4cdd-bc45-67712d923d97-140037709906048","trial_id":23,"param_name":"exit_z","param_value_internal":1.0,"distribution":"{\"name\": \"IntDistribution\", \"attributes\": {\"log\": false, \"step\": 1, \"low\": 0, \"high\": 4}}"}
{"op_code":5,"worker_id":"1c5af6ae-0350-4cdd-bc45-67712d923d97-140037709906048","trial_id":23,"param_name":"max_hold","param_value_internal":1.0,"distribution":"{\"name\": \"IntDistribution\", \"attributes\": {\"log\": false, \"step\": 1, \"low\": 0, \"high\": 3}}"}
{"op_code":5,"worker_id":"1c5af6ae-0350-4cdd-bc45-67712d923d97-140037709906048","trial_id":23,"param_name":"stop_k","param_value_internal":5.0,"distribution":"{\"name\": \"IntDistribution\", \"attributes\": {\"log\": false, \"step\": 1, \"low\": 0, \"high\": 6}}"}
{"op_code":7,"worker_id":"1c5af6ae-0350-4cdd-bc45-67712d923d97-140037709906048","trial_id":23,"step":1,"intermediate_value":0.8350855778210351}
{"op_code":6,"worker_id":"1c5af6ae-0350-4cdd-bc45-67712d923d97-140037709906048","trial_id":23,"state":2,"values":[0.8350855778210351],"datetime_complete":"2026-09-30T17:21:10.708149+00:00"}
{"op_code":4,"worker_id":"1c5af6ae-0350-4cdd-bc45-67712d923d97-140037709906048","study_id":0,"datetime_start":"2026-09-30T17:21:10.709047+00:00"}
{"op_code":9,"worker_id":"1c5af6ae-0350-4cdd-bc45-67712d923d97-140037709906048","trial_id":24,"system_attr":{"tpe:relative_params:0":"{\"alpha\": 0, \"entry_z\": 1, \"exit_z\": 0, \"lookback\": 1, \"max_hold\": 1, \"stop_k\": 5, \"threshold\": 3, \"z_window\": 0}"}}
{"op_code":5,"worker_id":"1c5af6ae-0350-4cdd-bc45-67712d923d97-140037709906048","trial_id":24,"param_name":"lookback","param_value_internal":1.0,"distribution":"{\"name\": \"IntDistribution\", \"attributes\": {\"log\": false, \"step\": 1, \"low\": 0, \"high\": 2}}"}
{"op_code":5,"worker_id":"1c5af6ae-0350-4cdd-bc45-67712d923d97-140037709906048","trial_id":24,"param_name":"threshold","param_value_internal":3.0,"distribution":"{\"name\": \"IntDistribution\", \"attributes\": {\"log\": false, \"step\": 1, \"low\": 0, \"high\": 6}}"}
{"op_code":5,"worker_id":"1c5af6ae-0350-4cdd-bc45-67712d923d97-140037709906048","trial_id":24,"param_name":"alpha","param_value_internal":0.0,"distribution":"{\"name\": \"IntDistribution\", \"attributes\": {\"log\": false, \"step\": 1, \"low\": 0, \"high\": 3}}"}
{"op_code":5,"worker_id":"1c5af6ae-0350-4cdd-bc45-67712d923d97-140037709906048","trial_id":24,"param_name":"z_window","param_value_internal":0.0,"distribution":"{\"name\": \"IntDistribution\", \"attributes\": {\"log\": false, \"step\": 1, \"low\": 0, \"high\": 2}}"}
{"op_code":5,"worker_id":"1c5af6ae-0350-4cdd-bc45-67712d923d97-140037709906048","trial_id":24,"param_name":"entry_z","param_value_internal":1.0,"distribution":"{\"name\": \"IntDistribution\", \"attributes\": {\"log\": false, \"step\": 1, \"low\": 0, \"high\": 6}}"}
{"op_code":5,"worker_id":"1c5af6ae-0350-4cdd-bc45-67712d923d97-140037709906048","trial_id":24,"param_name":"exit_z","param_value_internal":0.0,"distribution":"{\"name\": \"IntDistribution\", \"attributes\": {\"log\": false, \"step\": 1, \"low\": 0, \"high\": 4}}"}
{"op_code":5,"worker_id":"1c5af6ae-0350-4cdd-bc45-67712d923d97-140037709906048","trial_id":24,"param_name":"max_hold","param_value_internal":1.0,"distribution":"{\"name\": \"IntDistribution\", \"attributes\": {\"log\": false, \"step\": 1, \"low\": 0, \"high\": 3}}"}
{"op_code":5,"worker_id":"1c5af6ae-0350-4cdd-bc45-67712d923d97-140037709906048","trial_id":24,"param_name":"stop_k","param_value_internal":5.0,"distribution":"{\"name\": \"IntDistribution\", \"attributes\": {\"log\": false, \"step\": 1, \"low\": 0, \"high\": 6}}"}
{"op_code":7,"worker_id":"1c5af6ae-0350-4cdd-bc45-67712d923d97-140037709906048","trial_id":24,"step":1,"intermediate_value":0.8861793781684659}
{"op_code":6,"worker_id":"1c5af6ae-0350-4cdd-bc45-67712d923d97-140037709906048","trial_id":24,"state":2,"values":[0.8861793781684659],"datetime_complete":"2026-09-30T17:21:13.479893+00:00"}
{"op_code":4,"worker_id":"1c5af6ae-0350-4cdd-bc45-67712d923d97-140037709906048","study_id":0,"datetime_start":"2026-09-30T17:21:13.483945+00:00"}
{"op_code":9,"worker_id":"1c5af6ae-0350-4cdd-bc45-67712d923d97-140037709906048","trial_id":25,"system_attr":{"tpe:relative_params:0":"{\"alpha\": 3, \"entry_z\": 4, \"exit_z\": 0, \"lookback\": 1, \"max_hold\": 0, \"stop_k\": 5, \"threshold\": 0, \"z_window\": 0}"}}
{"op_code":5,"worker_id":"1c5af6ae-0350-4cdd-bc45-67712d923d97-140037709906048","trial_id":25,"param_name":"lookback","param_value_internal":1.0,"distribution":"{\"name\": \"IntDistribution\", \"attributes\": {\"log\": false, \"step\": 1, \"low\": 0, \"high\": 2}}"}
{"op_code":5,"worker_id":"1c5af6ae-0350-4cdd-bc45-67712d923d97-140037709906048","trial_id":25,"param_name":"threshold","param_value_internal":0.0,"distribution":"{\"name\": \"IntDistribution\", \"attributes\": {\"log\": false, \"step\": 1, \"low\": 0, \"high\": 6}}"}
{"op_code":5,"worker_id":"1c5af6ae-0350-4cdd-bc45-67712d923d97-140037709906048","trial_id":25,"param_name":"alpha","param_value_internal":3.0,"distribution":"{\"name\": \"IntDistribution\", \"attributes\": {\"log\": false, \"step\": 1, \"low\": 0, \"high\": 3}}"}
{"op_code":5,"worker_id":"1c5af6ae-0350-4cdd-bc45-67712d923d97-140037709906048","trial_id":25,"param_name":"z_window","param_value_internal":0.0,"distribution":"{\"name\": \"IntDistribution\", \"attributes\": {\"log\": false, \"step\": 1, \"low\": 0, \"high\": 2}}"}
{"op_code":5,"worker_id":"1c5af6ae-0350-4cdd-bc45-67712d923d97-140037709906048","trial_id":25,"param_name":"entry_z","param_value_internal":4.0,"distribution":"{\"name\": \"IntDistribution\", \"attributes\": {\"log\": false, \"step\": 1, \"low\": 0, \"high\": 6}}"}
{"op_code":5,"worker_id":"1c5af6ae-0350-4cdd-bc45-67712d923d97-140037709906048","trial_id":25,"param_name":"exit_z","param_value_internal":0.0,"distribution":"{\"name\": \"IntDistribution\", \"attributes\": {\"log\": false, \"step\": 1, \"low\": 0, \"high\": 4}}"}
{"op_code":5,"worker_id":"1c5af6ae-0350-4cdd-bc45-67712d923d97-140037709906048","trial_id":25,"param_name":"max_hold","param_value_internal":0.0,"distribution":"{\"name\": \"IntDistribution\", \"attributes\": {\"log\": false, \"step\": 1, \"low\": 0, \"high\": 3}}"}
{"op_code":5,"worker_id":"1c5af6ae-0350-4cdd-bc45-67712d923d97-140037709906048","trial_id":25,"param_name":"stop_k","param_value_internal":5.0,"distribution":"{\"name\": \"IntDistribution\", \"attributes\": {\"log\": false, \"step\": 1, \"low\": 0, \"high\": 6}}"}
{"op_code":7,"worker_id":"1c5af6ae-0350-4cdd-bc45-67712d923d97-140037709906048","trial_id":25,"step":1,"intermediate_value":1.355622641574559}
{"op_code":7,"worker_id":"1c5af6ae-0350-4cdd-bc45-67712d923d97-140037709906048","trial_id":25,"step":2,"intermediate_value":1.165114742439819}
{"op_code":8,"worker_id":"1c5af6ae-0350-4cdd-bc45-67712d923d97-140037709906048","trial_id":25,"user_attr":{"n_trades":2381}}
{"op_code":8,"worker_id":"1c5af6ae-0350-4cdd-bc45-67712d923d97-140037709906048","trial_id":25,"user_attr":{"cagr":0.051716451636278915}}
{"op_code":8,"worker_id":"1c5af6ae-0350-4cdd-bc45-67712d923d97-140037709906048","trial_id":25,"user_attr":{"max_drawdown":-0.09328709850063543}}
{"op_code":8,"worker_id":"1c5af6ae-0350-4cdd-bc45-67712d923d97-140037709906048","trial_id":25,"user_attr":{"sharpe_raw":0.6047708986043109}}
{"op_code":6,"worker_id":"1c5af6ae-0350-4cdd-bc45-67712d923d97-140037709906048","trial_id":25,"state":1,"values":[0.6047708986043109],"datetime_complete":"2026-09-30T17:21:16.451267+00:00"}
{"op_code":4,"worker_id":"1c5af6ae-0350-4cdd-bc45-67712d923d97-140037709906048","study_id":0,"datetime_start":"2026-09-30T17:21:16.452046+00:00"}
{"op_code":9,"worker_id":"1c5af6ae-0350-4cdd-bc45-67712d923d97-140037709906048","trial_id":26,"system_attr":{"tpe:relative_params:0":"{\"alpha\": 0, \"entry_z\": 0, \"exit_z\": 1, \"lookback\": 1, \"max_hold\": 1, \"stop_k\": 6, \"threshold\": 2, \"z_window\": 0}"}}
{"op_code":5,"worker_id":"1c5af6ae-0350-4cdd-bc45-67712d923d97-140037709906048","trial_id":26,"param_name":"lookback","param_value_internal":1.0,"distribution":"{\"name\": \"IntDistribution\", \"attributes\": {\"log\": false, \"step\": 1, \"low\": 0, \"high\": 2}}"}
{"op_code":5,"worker_id":"1c5af6ae-0350-4cdd-bc45-67712d923d97-140037709906048","trial_id":26,"param_name":"threshold","param_value_internal":2.0,"distribution":"{\"name\": \"IntDistribution\", \"attributes\": {\"log\": false, \"step\": 1, \"low\": 0, \"high\": 6}}"}
{"op_code":5,"worker_id":"1c5af6ae-0350-4cdd-bc45-67712d923d97-140037709906048","trial_id":26,"param_name":"alpha","param_value_internal":0.0,"distribution":"{\"name\": \"IntDistribution\", \"attributes\": {\"log\": false, \"step\": 1, \"low\": 0, \"high\": 3}}"}
{"op_code":5,"worker_id":"1c5af6ae-0350-4cdd-bc45-67712d923d97-140037709906048","trial_id":26,"param_name":"z_window","param_value_internal":0.0,"distribution":"{\"name\": \"IntDistribution\", \"attributes\": {\"log\": false, \"step\": 1, \"low\": 0, \"high\": 2}}"}
{"op_code":5,"worker_id":"1c5af6ae-0350-4cdd-bc45-67712d923d97-140037709906048","trial_id":26,"param_name":"entry_z","param_value_internal":0.0,"distribution":"{\"name\": \"IntDistribution\", \"attributes\": {\"log\": false, \"step\": 1, \"low\": 0, \"high\": 6}}"}
{"op_code":5,"worker_id":"1c5af6ae-0350-4cdd-bc45-67712d923d97-140037709906048","trial_id":26,"param_name":"exit_z","param_value_internal":1.0,"distribution":"{\"name\": \"IntDistribution\", \"attributes\": {\"log\": false, \"step\": 1, \"low\": 0, \"high\": 4}}"}
{"op_code":5,"worker_id":"1c5af6ae-0350-4cdd-bc45-67712d923d97-140037709906048","trial_id":26,"param_name":"max_hold","param_value_internal":1.0,"distribution":"{\"name\": \"IntDistribution\", \"attributes\": {\"log\": false, \"step\": 1, \"low\": 0, \"high\": 3}}"}
{"op_code":5,"worker_id":"1c5af6ae-0350-4cdd-bc45-67712d923d97-140037709906048","trial_id":26,"param_name":"stop_k","param_value_internal":6.0,"distribution":"{\"name\": \"IntDistribution\", \"attributes\": {\"log\": false, \"step\": 1, \"low\": 0, \"high\": 6}}"}
{"op_code":7,"worker_id":"1c5af6ae-0350-4cdd-bc45-67712d923d97-140037709906048","trial_id":26,"step":1,"intermediate_value":0.9046034351262634}
{"op_code":6,"worker_id":"1c5af6ae-0350-4cdd-bc45-67712d923d97-140037709906048","trial_id":26,"state":2,"values":[0.9046034351262634],"datetime_complete":"2026-09-30T17:21:19.525144+00:00"}
{"op_code":4,"worker_id":"1c5af6ae-0350-4cdd-bc45-67712d923d97-140037709906048","study_id":0,"datetime_start":"2026-09-30T17:21:19.526761+00:00"}
{"op_code":9,"worker_id":"1c5af6ae-0350-4cdd-bc45-67712d923d97-140037709906048","trial_id":27,"system_attr":{"tpe:relative_params:0":"{\"alpha\": 1, \"entry_z\": 1, \"exit_z\": 0, \"lookback\": 1, \"max_hold\": 0, \"stop_k\": 6, \"threshold\": 2, \"z_window\": 1}"}}
{"op_code":5,"worker_id":"1c5af6ae-0350-4cdd-bc45-67712d923d97-140037709906048","trial_id":27,"param_name":"lookback","param_value_internal":1.0,"distribution":"{\"name\": \"IntDistribution\", \"attributes\": {\"log\": false, \"step\": 1, \"low\": 0, \"high\": 2}}"}
{"op_code":5,"worker_id":"1c5af6ae-0350-4cdd-bc45-67712d923d97-140037709906048","trial_id":27,"param_name":"threshold","param_value_internal":2.0,"distribution":"{\"name\": \"IntDistribution\", \"attributes\": {\"log\": false, \"step\": 1, \"low\": 0, \"high\": 6}}"}
{"op_code":5,"worker_id":"1c5af6ae-0350-4cdd-bc45-67712d923d97-140037709906048","trial_id":27,"param_name":"alpha","param_value_internal":1.0,"distribution":"{\"name\": \"IntDistribution\", \"attributes\": {\"log\": false, \"step\": 1, \"low\": 0, \"high\": 3}}"}
{"op_code":5,"worker_id":"1c5af6ae-0350-4cdd-bc45-67712d923d97-140037709906048","trial_id":27,"param_name":"z_window","param_value_internal":1.0,"distribution":"{\"name\": \"IntDistribution\", \"attributes\": {\"log\": false, \"step\": 1, \"low\": 0, \"high\": 2}}"}
{"op_code":5,"worker_id":"1c5af6ae-0350-4cdd-bc45-67712d923d97-140037709906048","trial_id":27,"param_name":"entry_z","param_value_internal":1.0,"distribution":"{\"name\": \"IntDistribution\", \"attributes\": {\"log\": false, \"step\": 1, \"low\": 0, \"high\": 6}}"}
{"op_code":5,"worker_id":"1c5af6ae-0350-4cdd-bc45-67712d923d97-140037709906048","trial_id":27,"param_name":"exit_z","param_value_internal":0.0,"distribution":"{\"name\": \"IntDistribution\", \"attributes\": {\"log\": false, \"step\": 1, \"low\": 0, \"high\": 4}}"}
{"op_code":5,"worker_id":"1c5af6ae-0350-4cdd-bc45-67712d923d97-140037709906048","trial_id":27,"param_name":"max_hold","param_value_internal":0.0,"distribution":"{\"name\": \"IntDistribution\", \"attributes\": {\"log\": false, \"step\": 1, \"low\": 0, \"high\": 3}}"}
{"op_code":5,"worker_id":"1c5af6ae-0350-4cdd-bc45-67712d923d97-140037709906048","trial_id":27,"param_name":"stop_k","param_value_internal":6.0,"distribution":"{\"name\": \"IntDistribution\", \"attributes\": {\"log\": false, \"step\": 1, \"low\": 0, \"high\": 6}}"}
{"op_code":7,"worker_id":"1c5af6ae-0350-4cdd-bc45-67712d923d97-140037709906048","trial_id":27,"step":1,"intermediate_value":0.7596164926243536}
{"op_code":6,"worker_id":"1c5af6ae-0350-4cdd-bc45-67712d923d97-140037709906048","trial_id":27,"state":2,"values":[0.7596164926243536],"datetime_complete":"2026-09-30T17:21:19.665698+00:00"}
{"op_code":4,"worker_id":"1c5af6ae-0350-4cdd-bc45-67712d923d97-140037709906048","study_id":0,"datetime_start":"2026-09-30T17:21:19.667344+00:00"}
{"op_code":9,"worker_id":"1c5af6ae-0350-4cdd-bc45-67712d923d97-140037709906048","trial_id":28,"system_attr":{"tpe:relative_params:0":"{\"alpha\": 0, \"entry_z\": 1, \"exit_z\": 0, \"lookback\": 0, \"max_hold\": 0, \"stop_k\": 6, \"threshold\": 1, \"z_window\": 0}"}}
{"op_code":5,"worker_id":"1c5af6ae-0350-4cdd-bc45-67712d923d97-140037709906048","trial_id":28,"param_name":"lookback","param_value_internal":0.0,"distribution":"{\"name\": \"IntDistribution\", \"attributes\": {\"log\": false, \"step\": 1, \"low\": 0, \"high\": 2}}"}
{"op_code":5,"worker_id":"1c5af6ae-0350-4cdd-bc45-67712d923d97-140037709906048","trial_id":28,"param_name":"threshold","param_value_internal":1.0,"distribution":"{\"name\": \"IntDistribution\", \"attributes\": {\"log\": false, \"step\": 1, \"low\": 0, \"high\": 6}}"}
{"op_code":5,"worker_id":"1c5af6ae-0350-4cdd-bc45-67712d923d97-140037709906048","trial_id":28,"param_name":"alpha","param_value_internal":0.0,"distribution":"{\"name\": \"IntDistribution\", \"attributes\": {\"log\": false, \"step\": 1, \"low\": 0, \"high\": 3}}"}
{"op_code":5,"worker_id":"1c5af6ae-0350-4cdd-bc45-67712d923d97-140037709906048","trial_id":28,"param_name":"z_window","param_value_internal":0.0,"distribution":"{\"name\": \"IntDistribution\", \"attributes\": {\"log\": false, \"step\": 1, \"low\": 0, \"high\": 2}}"}
{"op_code":5,"worker_id":"1c5af6ae-0350-4cdd-bc45-67712d923d97-140037709906048","trial_id":28,"param_name":"entry_z","param_value_internal":1.0,"distribution":"{\"name\": \"IntDistribution\", \"attributes\": {\"log\": false, \"step\": 1, \"low\": 0, \"high\": 6}}"}
{"op_code":5,"worker_id":"1c5af6ae-0350-4cdd-bc45-67712d923d97-140037709906048","trial_id":28,"param_name":"exit_z","param_value_internal":0.0,"distribution":"{\"name\": \"IntDistribution\", \"attributes\": {\"log\": false, \"step\": 1, \"low\": 0, \"high\": 4}}"}
{"op_code":5,"worker_id":"1c5af6ae-0350-4cdd-bc45-67712d923d97-140037709906048","trial_id":28,"param_name":"max_hold","param_value_internal":0.0,"distribution":"{\"name\": \"IntDistribution\", \"attributes\": {\"log\": false, \"step\": 1, \"low\": 0, \"high\": 3}}"}
{"op_code":5,"worker_id":"1c5af6ae-0350-4cdd-bc45-67712d923d97-140037709906048","trial_id":28,"param_name":"stop_k","param_value_internal":6.0,"distribution":"{\"name\": \"IntDistribution\", \"attributes\": {\"log\": false, \"step\": 1, \"low\": 0, \"high\": 6}}"}
{"op_code":7,"worker_id":"1c5af6ae-0350-4cdd-bc45-67712d923d97-140037709906048","trial_id":28,"step":1,"intermediate_value":1.4068543100747062}
{"op_code":7,"worker_id":"1c5af6ae-0350-4cdd-bc45-67712d923d97-140037709906048","trial_id":28,"step":2,"intermediate_value":1.1611519706092002}
{"op_code":8,"worker_id":"1c5af6ae-0350-4cdd-bc45-67712d923d97-140037709906048","trial_id":28,"user_attr":{"n_trades":2497}}
{"op_code":8,"worker_id":"1c5af6ae-0350-4cdd-bc45-67712d923d97-140037709906048","trial_id":28,"user_attr":{"cagr":0.03731631991080753}}
{"op_code":8,"worker_id":"1c5af6ae-0350-4cdd-bc45-67712d923d97-140037709906048","trial_id":28,"user_attr":{"max_drawdown":-0.14989400930140917}}
{"op_code":8,"worker_id":"1c5af6ae-0350-4cdd-bc45-67712d923d97-140037709906048","trial_id":28,"user_attr":{"sharpe_raw":0.448037831279897}}
{"op_code":6,"worker_id":"1c5af6ae-0350-4cdd-bc45-67712d923d97-140037709906048","trial_id":28,"state":1,"values":[0.448037831279897],"datetime_complete":"2026-09-30T17:21:22.229527+00:00"}
{"op_code":4,"worker_id":"1c5af6ae-0350-4cdd-bc45-67712d923d97-140037709906048","study_id":0,"datetime_start":"2026-09-30T17:21:22.230229+00:00"}
{"op_code":9,"worker_id":"1c5af6ae-0350-4cdd-bc45-67712d923d97-140037709906048","trial_id":29,"system_attr":{"tpe:relative_params:0":"{\"alpha\": 2, \"entry_z\": 1, \"exit_z\": 0, \"lookback\": 2, \"max_hold\": 0, \"stop_k\": 6, \"threshold\": 0, \"z_window\": 0}"}}
{"op_code":5,"worker_id":"1c5af6ae-0350-4cdd-bc45-67712d923d97-140037709906048","trial_id":29,"param_name":"lookback","param_value_internal":2.0,"distribution":"{\"name\": \"IntDistribution\", \"attributes\": {\"log\": false, \"step\": 1, \"low\": 0, \"high\": 2}}"}
{"op_code":5,"worker_id":"1c5af6ae-0350-4cdd-bc45-67712d923d97-140037709906048","trial_id":29,"param_name":"threshold","param_value_internal":0.0,"distribution":"{\"name\": \"IntDistribution\", \"attributes\": {\"log\": false, \"step\": 1, \"low\": 0, \"high\": 6}}"}
{"op_code":5,"worker_id":"1c5af6ae-0350-4cdd-bc45-67712d923d97-140037709906048","trial_id":29,"param_name":"alpha","param_value_internal":2.0,"distribution":"{\"name\": \"IntDistribution\", \"attributes\": {\"log\": false, \"step\": 1, \"low\": 0, \"high\": 3}}"}
{"op_code":5,"worker_id":"1c5af6ae-0350-4cdd-bc45-67712d923d97-140037709906048","trial_id":29,"param_name":"z_window","param_value_internal":0.0,"distribution":"{\"name\": \"IntDistribution\", \"attributes\": {\"log\": false, \"step\": 1, \"low\": 0, \"high\": 2}}"}
{"op_code":5,"worker_id":"1c5af6ae-0350-4cdd-bc45-67712d923d97-140037709906048","trial_id":29,"param_name":"entry_z","param_value_internal":1.0,"distribution":"{\"name\": \"IntDistribution\", \"attributes\": {\"log\": false, \"step\": 1, \"low\": 0, \"high\": 6}}"}
{"op_code":5,"worker_id":"1c5af6ae-0350-4cdd-bc45-67712d923d97-140037709906048","trial_id":29,"param_name":"exit_z","param_value_internal":0.0,"distribution":"{\"name\": \"IntDistribution\", \"attributes\": {\"log\": false, \"step\": 1, \"low\": 0, \"high\": 4}}"}
{"op_code":5,"worker_id":"1c5af6ae-0350-4cdd-bc45-67712d923d97-140037709906048","trial_id":29,"param_name":"max_hold","param_value_internal":0.0,"distribution":"{\"name\": \"IntDistribution\", \"attributes\": {\"log\": false, \"step\": 1, \"low\": 0, \"high\": 3}}"}
{"op_code":5,"worker_id":"1c5af6ae-0350-4cdd-bc45-67712d923d97-140037709906048","trial_id":29,"param_name":"stop_k","param_value_internal":6.0,"distribution":"{\"name\": \"IntDistribution\", \"attributes\": {\"log\": false, \"step\": 1, \"low\": 0, \"high\": 6}}"}
{"op_code":7,"worker_id":"1c5af6ae-0350-4cdd-bc45-67712d923d97-140037709906048","trial_id":29,"step":1,"intermediate_value":1.559244729812147}
{"op_code":7,"worker_id":"1c5af6ae-0350-4cdd-bc45-67712d923d97-140037709906048","trial_id":29,"step":2,"intermediate_value":1.3122451194478744}
{"op_code":8,"worker_id":"1c5af6ae-0350-4cdd-bc45-67712d923d97-140037709906048","trial_id":29,"user_attr":{"n_trades":2492}}
{"op_code":8,"worker_id":"1c5af6ae-0350-4cdd-bc45-67712d923d97-140037709906048","trial_id":29,"user_attr":{"cagr":0.03917502304063647}}
{"op_code":8,"worker_id":"1c5af6ae-0350-4cdd-bc45-67712d923d97-140037709906048","trial_id":29,"user_attr":{"max_drawdown":-0.133505375947518}}
{"op_code":8,"worker_id":"1c5af6ae-0350-4cdd-bc45-67712d923d97-140037709906048","trial_id":29,"user_attr":{"sharpe_raw":0.4653041761877166}}
{"op_code":6,"worker_id":"1c5af6ae-0350-4cdd-bc45-67712d923d97-140037709906048","trial_id":29,"state":1,"values":[0.4653041761877166],"datetime_complete":"2026-09-30T17:21:28.313285+00:00"}
{"op_code":4,"worker_id":"1c5af6ae-0350-4cdd-bc45-67712d923d97-140037709906048","study_id":0,"datetime_start":"2026-09-30T17:21:28.314031+00:00"}
{"op_code":9,"worker_id":"1c5af6ae-0350-4cdd-bc45-67712d923d97-140037709906048","trial_id":30,"system_attr":{"tpe:relative_params:0":"{\"alpha\": 3, \"entry_z\": 5, \"exit_z\": 0, \"lookback\": 1, \"max_hold\": 0, \"stop_k\": 6, \"threshold\": 2, \"z_window\": 0}"}}
{"op_code":5,"worker_id":"1c5af6ae-0350-4cdd-bc45-67712d923d97-140037709906048","trial_id":30,"param_name":"lookback","param_value_internal":1.0,"distribution":"{\"name\": \"IntDistribution\", \"attributes\": {\"log\": false, \"step\": 1, \"low\": 0, \"high\": 2}}"}
{"op_code":5,"worker_id":"1c5af6ae-0350-4cdd-bc45-67712d923d97-140037709906048","trial_id":30,"param_name":"threshold","param_value_internal":2.0,"distribution":"{\"name\": \"IntDistribution\", \"attributes\": {\"log\": false, \"step\": 1, \"low\": 0, \"high\": 6}}"}
{"op_code":5,"worker_id":"1c5af6ae-0350-4cdd-bc45-67712d923d97-140037709906048","trial_id":30,"param_name":"alpha","param_value_internal":3.0,"distribution":"{\"name\": \"IntDistribution\", \"attributes\": {\"log\": false, \"step\": 1, \"low\": 0, \"high\": 3}}"}
{"op_code":5,"worker_id":"1c5af6ae-0350-4cdd-bc45-67712d923d97-140037709906048","trial_id":30,"param_name":"z_window","param_value_internal":0.0,"distribution":"{\"name\": \"IntDistribution\", \"attributes\": {\"log\": false, \"step\": 1, \"low\": 0, \"high\": 2}}"}
{"op_code":5,"worker_id":"1c5af6ae-0350-4cdd-bc45-67712d923d97-140037709906048","trial_id":30,"param_name":"entry_z","param_value_internal":5.0,"distribution":"{\"name\": \"IntDistribution\", \"attributes\": {\"log\": false, \"step\": 1, \"low\": 0, \"high\": 6}}"}
{"op_code":5,"worker_id":"1c5af6ae-0350-4cdd-bc45-67712d923d97-140037709906048","trial_id":30,"param_name":"exit_z","param_value_internal":0.0,"distribution":"{\"name\": \"IntDistribution\", \"attributes\": {\"log\": false, \"step\": 1, \"low\": 0, \"high\": 4}}"}
{"op_code":5,"worker_id":"1c5af6ae-0350-4cdd-bc45-67712d923d97-140037709906048","trial_id":30,"param_name":"max_hold","param_value_internal":0.0,"distribution":"{\"name\": \"IntDistribution\", \"attributes\": {\"log\": false, \"step\": 1, \"low\": 0, \"high\": 3}}"}
{"op_code":5,"worker_id":"1c5af6ae-0350-4cdd-bc45-67712d923d97-140037709906048","trial_id":30,"param_name":"stop_k","param_value_internal":6.0,"distribution":"{\"name\": \"IntDistribution\", \"attributes\": {\"log\": false, \"step\": 1, \"low\": 0, \"high\": 6}}"}
{"op_code":7,"worker_id":"1c5af6ae-0350-4cdd-bc45-67712d923d97-140037709906048","trial_id":30,"step":1,"intermediate_value":1.0917555386871898}
{"op_code":6,"worker_id":"1c5af6ae-0350-4cdd-bc45-67712d923d97-140037709906048","trial_id":30,"state":2,"values":[1.0917555386871898],"datetime_complete":"2026-09-30T17:21:28.425322+00:00"}
{"op_code":4,"worker_id":"1c5af6ae-0350-4cdd-bc45-67712d923d97-140037709906048","study_id":0,"datetime_start":"2026-09-30T17:21:28.426286+00:00"}
{"op_code":9,"worker_id":"1c5af6ae-0350-4cdd-bc45-67712d923d97-140037709906048","trial_id":31,"system_attr":{"tpe:relative_params:0":"{\"alpha\": 3, \"entry_z\": 4, \"exit_z\": 0, \"lookback\": 1, \"max_hold\": 0, \"stop_k\": 6, \"threshold\": 0, \"z_window\": 0}"}}
{"op_code":5,"worker_id":"1c5af6ae-0350-4cdd-bc45-67712d923d97-140037709906048","trial_id":31,"param_name":"lookback","param_value_internal":1.0,"distribution":"{\"name\": \"IntDistribution\", \"attributes\": {\"log\": false, \"step\": 1, \"low\": 0, \"high\": 2}}"}
{"op_code":5,"worker_id":"1c5af6ae-0350-4cdd-bc45-67712d923d97-140037709906048","trial_id":31,"param_name":"threshold","param_value_internal":0.0,"distribution":"{\"name\": \"IntDistribution\", \"attributes\": {\"log\": false, \"step\": 1, \"low\": 0, \"high\": 6}}"}
{"op_code":5,"worker_id":"1c5af6ae-0350-4cdd-bc45-67712d923d97-140037709906048","trial_id":31,"param_name":"alpha","param_value_internal":3.0,"distribution":"{\"name\": \"IntDistribution\", \"attributes\": {\"log\": false, \"step\": 1, \"low\": 0, \"high\": 3}}"}
{"op_code":5,"worker_id":"1c5af6ae-0350-4cdd-bc45-67712d923d97-140037709906048","trial_id":31,"param_name":"z_window","param_value_internal":0.0,"distribution":"{\"name\": \"IntDistribution\", \"attributes\": {\"log\": false, \"step\": 1, \"low\": 0, \"high\": 2}}"}
{"op_code":5,"worker_id":"1c5af6ae-0350-4cdd-bc45-67712d923d97-140037709906048","trial_id":31,"param_name":"entry_z","param_value_internal":4.0,"distribution":"{\"name\": \"IntDistribution\", \"attributes\": {\"log\": false, \"step\": 1, \"low\": 0, \"high\": 6}}"}
{"op_code":5,"worker_id":"1c5af6ae-0350-4cdd-bc45-67712d923d97-140037709906048","trial_id":31,"param_name":"exit_z","param_value_internal":0.0,"distribution":"{\"name\": \"IntDistribution\", \"attributes\": {\"log\": false, \"step\": 1, \"low\": 0, \"high\": 4}}"}
{"op_code":5,"worker_id":"1c5af6ae-0350-4cdd-bc45-67712d923d97-140037709906048","trial_id":31,"param_name":"max_hold","param_value_internal":0.0,"distribution":"{\"name\": \"IntDistribution\", \"attributes\": {\"log\": false, \"step\": 1, \"low\": 0, \"high\": 3}}"}
{"op_code":5,"worker_id":"1c5af6ae-0350-4cdd-bc45-67712d923d97-140037709906048","trial_id":31,"param_name":"stop_k","param_value_internal":6.0,"distribution":"{\"name\": \"IntDistribution\", \"attributes\": {\"log\": false, \"step\": 1, \"low\": 0, \"high\": 6}}"}
{"op_code":7,"worker_id":"1c5af6ae-0350-4cdd-bc45-67712d923d97-140037709906048","trial_id":31,"step":1,"intermediate_value":1.3099903139465465}
{"op_code":7,"worker_id":"1c5af6ae-0350-4cdd-bc45-67712d923d97-140037709906048","trial_id":31,"step":2,"intermediate_value":1.1354159914335804}
{"op_code":8,"worker_id":"1c5af6ae-0350-4cdd-bc45-67712d923d97-140037709906048","trial_id":31,"user_attr":{"n_trades":2368}}
{"op_code":8,"worker_id":"1c5af6ae-0350-4cdd-bc45-67712d923d97-140037709906048","trial_id":31,"user_attr":{"cagr":0.05469527870264623}}
{"op_code":8,"worker_id":"1c5af6ae-0350-4cdd-bc45-67712d923d97-140037709906048","trial_id":31,"user_attr":{"max_drawdown":-0.08226684629638403}}
{"op_code":8,"worker_id":"1c5af6ae-0350-4cdd-bc45-67712d923d97-140037709906048","trial_id":31,"user_attr":{"sharpe_raw":0.6321605161473053}}
{"op_code":6,"worker_id":"1c5af6ae-0350-4cdd-bc45-67712d923d97-140037709906048","trial_id":31,"state":1,"values":[0.6321605161473053],"datetime_complete":"2026-09-30T17:21:28.748213+00:00"}
{"op_code":0,"worker_id":"88b1cc2d-19ff-490b-bebf-a8b887f856df-140037709906048","study_name":"window_7","directions":[2]}
{"op_code":0,"worker_id":"5abcbbe0-b4f5-41aa-b5e8-d0ae7579ca8f-140573304230016","study_name":"window_7","directions":[2]}
{"op_code":0,"worker_id":"6fd9d5d3-2892-42b1-af7d-db7740f2c5b0-140710621134976","study_name":"window_7","directions":[2]}
