{"op_code":0,"worker_id":"0266f42d-d218-47fe-8295-2f766eb3da82-140037709906048","study_name":"window_3","directions":[2]}
{"op_code":4,"worker_id":"0266f42d-d218-47fe-8295-2f766eb3da82-140037709906048","study_id":0,"datetime_start":"2026-09-30T17:18:07.045431+00:00"}
{"op_code":5,"worker_id":"0266f42d-d218-47fe-8295-2f766eb3da82-140037709906048","trial_id":0,"param_name":"lookback","param_value_internal":2.0,"distribution":"{\"name\": \"IntDistribution\", \"attributes\": {\"log\": false, \"step\": 1, \"low\": 0, \"high\": 2}}"}
{"op_code":5,"worker_id":"0266f42d-d218-47fe-8295-2f766eb3da82-140037709906048","trial_id":0,"param_name":"threshold","param_value_internal":3.0,"distribution":"{\"name\": \"IntDistribution\", \"attributes\": {\"log\": false, \"step\": 1, \"low\": 0, \"high\": 6}}"}
{"op_code":5,"worker_id":"0266f42d-d218-47fe-8295-2f766eb3da82-140037709906048","trial_id":0,"param_name":"alpha","param_value_internal":1.0,"distribution":"{\"name\": \"IntDistribution\", \"attributes\": {\"log\": false, \"step\": 1, \"low\": 0, \"high\": 3}}"}
{"op_code":5,"worker_id":"0266f42d-d218-47fe-8295-2f766eb3da82-140037709906048","trial_id":0,"param_name":"z_window","param_value_internal":0.0,"distribution":"{\"name\": \"IntDistribution\", \"attributes\": {\"log\": false, \"step\": 1, \"low\": 0, \"high\": 2}}"}
{"op_code":5,"worker_id":"0266f42d-d218-47fe-8295-2f766eb3da82-140037709906048","trial_id":0,"param_name":"entry_z","param_value_internal":3.0,"distribution":"{\"name\": \"IntDistribution\", \"attributes\": {\"log\": false, \"step\": 1, \"low\": 0, \"high\": 6}}"}
{"op_code":5,"worker_id":"0266f42d-d218-47fe-8295-2f766eb3da82-140037709906048","trial_id":0,"param_name":"exit_z","param_value_internal":2.0,"distribution":"{\"name\": \"IntDistribution\", \"attributes\": {\"log\": false, \"step\": 1, \"low\": 0, \"high\": 4}}"}
{"op_code":5,"worker_id":"0266f42d-d218-47fe-8295-2f766eb3da82-140037709906048","trial_id":0,"param_name":"max_hold","param_value_internal":0.0,"distribution":"{\"name\": \"IntDistribution\", \"attributes\": {\"log\": false, \"step\": 1, \"low\": 0, \"high\": 3}}"}
{"op_code":5,"worker_id":"0266f42d-d218-47fe-8295-2f766eb3da82-140037709906048","trial_id":0,"param_name":"stop_k","param_value_internal":1.0,"distribution":"{\"name\": \"IntDistribution\", \"attributes\": {\"log\": false, \"step\": 1, \"low\": 0, \"high\": 6}}"}
{"op_code":7,"worker_id":"0266f42d-d218-47fe-8295-2f766eb3da82-140037709906048","trial_id":0,"step":1,"intermediate_value":-2.0913387376997}
{"op_code":7,"worker_id":"0266f42d-d218-47fe-8295-2f766eb3da82-140037709906048","trial_id":0,"step":2,"intermediate_value":-0.5913160469574835}
{"op_code":7,"worker_id":"0266f42d-d218-47fe-8295-2f766eb3da82-140037709906048","trial_id":0,"step":3,"intermediate_value":-0.9093013743333044}
{"op_code":8,"worker_id":"0266f42d-d218-47fe-8295-2f766eb3da82-140037709906048","trial_id":0,"user_attr":{"n_trades":2629}}
{"op_code":8,"worker_id":"0266f42d-d218-47fe-8295-2f766eb3da82-140037709906048","trial_id":0,"user_attr":{"cagr":-0.07756596490747247}}
{"op_code":8,"worker_id":"0266f42d-d218-47fe-8295-2f766eb3da82-140037709906048","trial_id":0,"user_attr":{"max_drawdown":-0.2799426233366501}}
{"op_code":8,"worker_id":"0266f42d-d218-47fe-8295-2f766eb3da82-140037709906048","trial_id":0,"user_attr":{"sharpe_raw":-0.9093013743333044}}
{"op_code":6,"worker_id":"0266f42d-d218-47fe-8295-2f766eb3da82-140037709906048","trial_id":0,"state":1,"values":[-0.9093013743333044],"datetime_complete":"2026-09-30T17:18:11.425037+00:00"}
{"op_code":4,"worker_id":"0266f42d-d218-47fe-8295-2f766eb3da82-140037709906048","study_id":0,"datetime_start":"2026-09-30T17:18:11.426126+00:00"}
{"op_code":5,"worker_id":"0266f42d-d218-47fe-8295-2f766eb3da82-140037709906048","trial_id":1,"param_name":"lookback","param_value_internal":0.0,"distribution":"{\"name\": \"IntDistribution\", \"attributes\": {\"log\": false, \"step\": 1, \"low\": 0, \"high\": 2}}"}
{"op_code":5,"worker_id":"0266f42d-d218-47fe-8295-2f766eb3da82-140037709906048","trial_id":1,"param_name":"threshold","param_value_internal":4.0,"distribution":"{\"name\": \"IntDistribution\", \"attributes\": {\"log\": false, \"step\": 1, \"low\": 0, \"high\": 6}}"}
{"op_code":5,"worker_id":"0266f42d-d218-47fe-8295-2f766eb3da82-140037709906048","trial_id":1,"param_name":"alpha","param_value_internal":3.0,"distribution":"{\"name\": \"IntDistribution\", \"attributes\": {\"log\": false, \"step\": 1, \"low\": 0, \"high\": 3}}"}
{"op_code":5,"worker_id":"0266f42d-d218-47fe-8295-2f766eb3da82-140037709906048","trial_id":1,"param_name":"z_window","param_value_internal":1.0,"distribution":"{\"name\": \"IntDistribution\", \"attributes\": {\"log\": false, \"step\": 1, \"low\": 0, \"high\": 2}}"}
{"op_code":5,"worker_id":"0266f42d-d218-47fe-8295-2f766eb3da82-140037709906048","trial_id":1,"param_name":"entry_z","param_value_internal":6.0,"distribution":"{\"name\": \"IntDistribution\", \"attributes\": {\"log\": false, \"step\": 1, \"low\": 0, \"high\": 6}}"}
{"op_code":5,"worker_id":"0266f42d-d218-47fe-8295-2f766eb3da82-140037709906048","trial_id":1,"param_name":"exit_z","param_value_internal":2.0,"distribution":"{\"name\": \"IntDistribution\", \"attributes\": {\"log\": false, \"step\": 1, \"low\": 0, \"high\": 4}}"}
{"op_code":5,"worker_id":"0266f42d-d218-47fe-8295-2f766eb3da82-140037709906048","trial_id":1,"param_name":"max_hold","param_value_internal":2.0,"distribution":"{\"name\": \"IntDistribution\", \"attributes\": {\"log\": false, \"step\": 1, \"low\": 0, \"high\": 3}}"}
{"op_code":5,"worker_id":"0266f42d-d218-47fe-8295-2f766eb3da82-140037709906048","trial_id":1,"param_name":"stop_k","param_value_internal":1.0,"distribution":"{\"name\": \"IntDistribution\", \"attributes\": {\"log\": false, \"step\": 1, \"low\": 0, \"high\": 6}}"}
{"op_code":7,"worker_id":"0266f42d-d218-47fe-8295-2f766eb3da82-140037709906048","trial_id":1,"step":1,"intermediate_value":-0.9086596137183292}
{"op_code":7,"worker_id":"0266f42d-d218-47fe-8295-2f766eb3da82-140037709906048","trial_id":1,"step":2,"intermediate_value":0.007456367542049774}
{"op_code":7,"worker_id":"0266f42d-d218-47fe-8295-2f766eb3da82-140037709906048","trial_id":1,"step":3,"intermediate_value":-0.48049541147043784}
{"op_code":8,"worker_id":"0266f42d-d218-47fe-8295-2f766eb3da82-140037709906048","trial_id":1,"user_attr":{"n_trades":1940}}
{"op_code":8,"worker_id":"0266f42d-d218-47fe-8295-2f766eb3da82-140037709906048","trial_id":1,"user_attr":{"cagr":-0.036162782228061574}}
{"op_code":8,"worker_id":"0266f42d-d218-47fe-8295-2f766eb3da82-140037709906048","trial_id":1,"user_attr":{"max_drawdown":-0.14997753926875146}}
{"op_code":8,"worker_id":"0266f42d-d218-47fe-8295-2f766eb3da82-140037709906048","trial_id":1,"user_attr":{"sharpe_raw":-0.48049541147043784}}
{"op_code":6,"worker_id":"0266f42d-d218-47fe-8295-2f766eb3da82-140037709906048","trial_id":1,"state":1,"values":[-0.48049541147043784],"datetime_complete":"2026-09-30T17:18:13.902403+00:00"}
{"op_code":4,"worker_id":"0266f42d-d218-47fe-8295-2f766eb3da82-140037709906048","study_id":0,"datetime_start":"2026-09-30T17:18:13.903212+00:00"}
{"op_code":5,"worker_id":"0266f42d-d218-47fe-8295-2f766eb3da82-140037709906048","trial_id":2,"param_name":"lookback","param_value_internal":2.0,"distribution":"{\"name\": \"IntDistribution\", \"attributes\": {\"log\": false, \"step\": 1, \"low\": 0, \"high\": 2}}"}
{"op_code":5,"worker_id":"0266f42d-d218-47fe-8295-2f766eb3da82-140037709906048","trial_id":2,"param_name":"threshold","param_value_internal":4.0,"distribution":"{\"name\": \"IntDistribution\", \"attributes\": {\"log\": false, \"step\": 1, \"low\": 0, \"high\": 6}}"}
{"op_code":5,"worker_id":"0266f42d-d218-47fe-8295-2f766eb3da82-140037709906048","trial_id":2,"param_name":"alpha","param_value_internal":1.0,"distribution":"{\"name\": \"IntDistribution\", \"attributes\": {\"log\": false, \"step\": 1, \"low\": 0, \"high\": 3}}"}
{"op_code":5,"worker_id":"0266f42d-d218-47fe-8295-2f766eb3da82-140037709906048","trial_id":2,"param_name":"z_window","param_value_internal":0.0,"distribution":"{\"name\": \"IntDistribution\", \"attributes\": {\"log\": false, \"step\": 1, \"low\": 0, \"high\": 2}}"}
{"op_code":5,"worker_id":"0266f42d-d218-47fe-8295-2f766eb3da82-140037709906048","trial_id":2,"param_name":"entry_z","param_value_internal":3.0,"distribution":"{\"name\": \"IntDistribution\", \"attributes\": {\"log\": false, \"step\": 1, \"low\": 0, \"high\": 6}}"}
{"op_code":5,"worker_id":"0266f42d-d218-47fe-8295-2f766eb3da82-140037709906048","trial_id":2,"param_name":"exit_z","param_value_internal":0.0,"distribution":"{\"name\": \"IntDistribution\", \"attributes\": {\"log\": false, \"step\": 1, \"low\": 0, \"high\": 4}}"}
{"op_code":5,"worker_id":"0266f42d-d218-47fe-8295-2f766eb3da82-140037709906048","trial_id":2,"param_name":"max_hold","param_value_internal":0.0,"distribution":"{\"name\": \"IntDistribution\", \"attributes\": {\"log\": false, \"step\": 1, \"low\": 0, \"high\": 3}}"}
{"op_code":5,"worker_id":"0266f42d-d218-47fe-8295-2f766eb3da82-140037709906048","trial_id":2,"param_name":"stop_k","param_value_internal":3.0,"distribution":"{\"name\": \"IntDistribution\", \"attributes\": {\"log\": false, \"step\": 1, \"low\": 0, \"high\": 6}}"}
{"op_code":7,"worker_id":"0266f42d-d218-47fe-8295-2f766eb3da82-140037709906048","trial_id":2,"step":1,"intermediate_value":-1.4785090961284162}
{"op_code":7,"worker_id":"0266f42d-d218-47fe-8295-2f766eb3da82-140037709906048","trial_id":2,"step":2,"intermediate_value":0.35896282004676455}
{"op_code":7,"worker_id":"0266f42d-d218-47fe-8295-2f766eb3da82-140037709906048","trial_id":2,"step":3,"intermediate_value":-0.48974923122795694}
{"op_code":8,"worker_id":"0266f42d-d218-47fe-8295-2f766eb3da82-140037709906048","trial_id":2,"user_attr":{"n_trades":2238}}
{"op_code":8,"worker_id":"0266f42d-d218-47fe-8295-2f766eb3da82-140037709906048","trial_id":2,"user_attr":{"cagr":-0.04327716147907579}}
{"op_code":8,"worker_id":"0266f42d-d218-47fe-8295-2f766eb3da82-140037709906048","trial_id":2,"user_attr":{"max_drawdown":-0.2125308056676638}}
{"op_code":8,"worker_id":"0266f42d-d218-47fe-8295-2f766eb3da82-140037709906048","trial_id":2,"user_attr":{"sharpe_raw":-0.48974923122795694}}
{"op_code":6,"worker_id":"0266f42d-d218-47fe-8295-2f766eb3da82-140037709906048","trial_id":2,"state":1,"values":[-0.48974923122795694],"datetime_complete":"2026-09-30T17:18:18.024638+00:00"}
{"op_code":4,"worker_id":"0266f42d-d218-47fe-8295-2f766eb3da82-140037709906048","study_id":0,"datetime_start":"2026-09-30T17:18:18.025366+00:00"}
{"op_code":5,"worker_id":"0266f42d-d218-47fe-8295-2f766eb3da82-140037709906048","trial_id":3,"param_name":"lookback","param_value_internal":0.0,"distribution":"{\"name\": \"IntDistribution\", \"attributes\": {\"log\": false, \"step\": 1, \"low\": 0, \"high\": 2}}"}
{"op_code":5,"worker_id":"0266f42d-d218-47fe-8295-2f766eb3da82-140037709906048","trial_id":3,"param_name":"threshold","param_value_internal":2.0,"distribution":"{\"name\": \"IntDistribution\", \"attributes\": {\"log\": false, \"step\": 1, \"low\": 0, \"high\": 6}}"}
{"op_code":5,"worker_id":"0266f42d-d218-47fe-8295-2f766eb3da82-140037709906048","trial_id":3,"param_name":"alpha","param_value_internal":3.0,"distribution":"{\"name\": \"IntDistribution\", \"attributes\": {\"log\": false, \"step\": 1, \"low\": 0, \"high\": 3}}"}
{"op_code":5,"worker_id":"0266f42d-d218-47fe-8295-2f766eb3da82-140037709906048","trial_id":3,"param_name":"z_window","param_value_internal":0.0,"distribution":"{\"name\": \"IntDistribution\", \"attributes\": {\"log\": false, \"step\": 1, \"low\": 0, \"high\": 2}}"}
{"op_code":5,"worker_id":"0266f42d-d218-47fe-8295-2f766eb3da82-140037709906048","trial_id":3,"param_name":"entry_z","param_value_internal":6.0,"distribution":"{\"name\": \"IntDistribution\", \"attributes\": {\"log\": false, \"step\": 1, \"low\": 0, \"high\": 6}}"}
{"op_code":5,"worker_id":"0266f42d-d218-47fe-8295-2f766eb3da82-140037709906048","trial_id":3,"param_name":"exit_z","param_value_internal":1.0,"distribution":"{\"name\": \"IntDistribution\", \"attributes\": {\"log\": false, \"step\": 1, \"low\": 0, \"high\": 4}}"}
{"op_code":5,"worker_id":"0266f42d-d218-47fe-8295-2f766eb3da82-140037709906048","trial_id":3,"param_name":"max_hold","param_value_internal":2.0,"distribution":"{\"name\": \"IntDistribution\", \"attributes\": {\"log\": false, \"step\": 1, \"low\": 0, \"high\": 3}}"}
{"op_code":5,"worker_id":"0266f42d-d218-47fe-8295-2f766eb3da82-140037709906048","trial_id":3,"param_name":"stop_k","param_value_internal":0.0,"distribution":"{\"name\": \"IntDistribution\", \"attributes\": {\"log\": false, \"step\": 1, \"low\": 0, \"high\": 6}}"}
{"op_code":7,"worker_id":"0266f42d-d218-47fe-8295-2f766eb3da82-140037709906048","trial_id":3,"step":1,"intermediate_value":-1.6585376970988033}
{"op_code":7,"worker_id":"0266f42d-d218-47fe-8295-2f766eb3da82-140037709906048","trial_id":3,"step":2,"intermediate_value":-0.6129988000796815}
{"op_code":7,"worker_id":"0266f42d-d218-47fe-8295-2f766eb3da82-140037709906048","trial_id":3,"step":3,"intermediate_value":-1.1264269234526014}
{"op_code":8,"worker_id":"0266f42d-d218-47fe-8295-2f766eb3da82-140037709906048","trial_id":3,"user_attr":{"n_trades":2046}}
{"op_code":8,"worker_id":"0266f42d-d218-47fe-8295-2f766eb3da82-140037709906048","trial_id":3,"user_attr":{"cagr":-0.0864578125353318}}
{"op_code":8,"worker_id":"0266f42d-d218-47fe-8295-2f766eb3da82-140037709906048","trial_id":3,"user_attr":{"max_drawdown":-0.27738945938549164}}
{"op_code":8,"worker_id":"0266f42d-d218-47fe-8295-2f766eb3da82-140037709906048","trial_id":3,"user_attr":{"sharpe_raw":-1.1264269234526014}}
{"op_code":6,"worker_id":"0266f42d-d218-47fe-8295-2f766eb3da82-140037709906048","trial_id":3,"state":1,"values":[-1.1264269234526014],"datetime_complete":"2026-09-30T17:18:20.365705+00:00"}
{"op_code":4,"worker_id":"0266f42d-d218-47fe-8295-2f766eb3da82-140037709906048","study_id":0,"datetime_start":"2026-09-30T17:18:20.366718+00:00"}
{"op_code":5,"worker_id":"0266f42d-d218-47fe-8295-2f766eb3da82-140037709906048","trial_id":4,"param_name":"lookback","param_value_internal":1.0,"distribution":"{\"name\": \"IntDistribution\", \"attributes\": {\"log\": false, \"step\": 1, \"low\": 0, \"high\": 2}}"}
{"op_code":5,"worker_id":"0266f42d-d218-47fe-8295-2f766eb3da82-140037709906048","trial_id":4,"param_name":"threshold","param_value_internal":2.0,"distribution":"{\"name\": \"IntDistribution\", \"attributes\": {\"log\": false, \"step\": 1, \"low\": 0, \"high\": 6}}"}
{"op_code":5,"worker_id":"0266f42d-d218-47fe-8295-2f766eb3da82-140037709906048","trial_id":4,"param_name":"alpha","param_value_internal":3.0,"distribution":"{\"name\": \"IntDistribution\", \"attributes\": {\"log\": false, \"step\": 1, \"low\": 0, \"high\": 3}}"}
{"op_code":5,"worker_id":"0266f42d-d218-47fe-8295-2f766eb3da82-140037709906048","trial_id":4,"param_name":"z_window","param_value_internal":0.0,"distribution":"{\"name\": \"IntDistribution\", \"attributes\": {\"log\": false, \"step\": 1, \"low\": 0, \"high\": 2}}"}
{"op_code":5,"worker_id":"0266f42d-d218-47fe-8295-2f766eb3da82-140037709906048","trial_id":4,"param_name":"entry_z","param_value_internal":3.0,"distribution":"{\"name\": \"IntDistribution\", \"attributes\": {\"log\": false, \"step\": 1, \"low\": 0, \"high\": 6}}"}
{"op_code":5,"worker_id":"0266f42d-d218-47fe-8295-2f766eb3da82-140037709906048","trial_id":4,"param_name":"exit_z","param_value_internal":2.0,"distribution":"{\"name\": \"IntDistribution\", \"attributes\": {\"log\": false, \"step\": 1, \"low\": 0, \"high\": 4}}"}
{"op_code":5,"worker_id":"0266f42d-d218-47fe-8295-2f766eb3da82-140037709906048","trial_id":4,"param_name":"max_hold","param_value_internal":1.0,"distribution":"{\"name\": \"IntDistribution\", \"attributes\": {\"log\": false, \"step\": 1, \"low\": 0, \"high\": 3}}"}
{"op_code":5,"worker_id":"0266f42d-d218-47fe-8295-2f766eb3da82-140037709906048","trial_id":4,"param_name":"stop_k","param_value_internal":0.0,"distribution":"{\"name\": \"IntDistribution\", \"attributes\": {\"log\": false, \"step\": 1, \"low\": 0, \"high\": 6}}"}
{"op_code":7,"worker_id":"0266f42d-d218-47fe-8295-2f766eb3da82-140037709906048","trial_id":4,"step":1,"intermediate_value":-1.7066062957721646}
{"op_code":7,"worker_id":"0266f42d-d218-47fe-8295-2f766eb3da82-140037709906048","trial_id":4,"step":2,"intermediate_value":-0.119139805547746}
{"op_code":7,"worker_id":"0266f42d-d218-47fe-8295-2f766eb3da82-140037709906048","trial_id":4,"step":3,"intermediate_value":-0.7604179846260933}
{"op_code":8,"worker_id":"0266f42d-d218-47fe-8295-2f766eb3da82-140037709906048","trial_id":4,"user_attr":{"n_trades":2671}}
{"op_code":8,"worker_id":"0266f42d-d218-47fe-8295-2f766eb3da82-140037709906048","trial_id":4,"user_attr":{"cagr":-0.06582620182373622}}
{"op_code":8,"worker_id":"0266f42d-d218-47fe-8295-2f766eb3da82-140037709906048","trial_id":4,"user_attr":{"max_drawdown":-0.23314588589658392}}
{"op_code":8,"worker_id":"0266f42d-d218-47fe-8295-2f766eb3da82-140037709906048","trial_id":4,"user_attr":{"sharpe_raw":-0.7604179846260933}}
{"op_code":6,"worker_id":"0266f42d-d218-47fe-8295-2f766eb3da82-140037709906048","trial_id":4,"state":1,"values":[-0.7604179846260933],"datetime_complete":"2026-09-30T17:18:22.864987+00:00"}
{"op_code":4,"worker_id":"0266f42d-d218-47fe-8295-2f766eb3da82-140037709906048","study_id":0,"datetime_start":"2026-09-30T17:18:22.865652+00:00"}
{"op_code":5,"worker_id":"0266f42d-d218-47fe-8295-2f766eb3da82-140037709906048","trial_id":5,"param_name":"lookback","param_value_internal":2.0,"distribution":"{\"name\": \"IntDistribution\", \"attributes\": {\"log\": false, \"step\": 1, \"low\": 0, \"high\": 2}}"}
{"op_code":5,"worker_id":"0266f42d-d218-47fe-8295-2f766eb3da82-140037709906048","trial_id":5,"param_name":"threshold","param_value_internal":2.0,"distribution":"{\"name\": \"IntDistribution\", \"attributes\": {\"log\": false, \"step\": 1, \"low\": 0, \"high\": 6}}"}
{"op_code":5,"worker_id":"0266f42d-d218-47fe-8295-2f766eb3da82-140037709906048","trial_id":5,"param_name":"alpha","param_value_internal":3.0,"distribution":"{\"name\": \"IntDistribution\", \"attributes\": {\"log\": false, \"step\": 1, \"low\": 0, \"high\": 3}}"}
{"op_code":5,"worker_id":"0266f42d-d218-47fe-8295-2f766eb3da82-140037709906048","trial_id":5,"param_name":"z_window","param_value_internal":1.0,"distribution":"{\"name\": \"IntDistribution\", \"attributes\": {\"log\": false, \"step\": 1, \"low\": 0, \"high\": 2}}"}
{"op_code":5,"worker_id":"0266f42d-d218-47fe-8295-2f766eb3da82-140037709906048","trial_id":5,"param_name":"entry_z","param_value_internal":0.0,"distribution":"{\"name\": \"IntDistribution\", \"attributes\": {\"log\": false, \"step\": 1, \"low\": 0, \"high\": 6}}"}
{"op_code":5,"worker_id":"0266f42d-d218-47fe-8295-2f766eb3da82-140037709906048","trial_id":5,"param_name":"exit_z","param_value_internal":4.0,"distribution":"{\"name\": \"IntDistribution\", \"attributes\": {\"log\": false, \"step\": 1, \"low\": 0, \"high\": 4}}"}
{"op_code":5,"worker_id":"0266f42d-d218-47fe-8295-2f766eb3da82-140037709906048","trial_id":5,"param_name":"max_hold","param_value_internal":2.0,"distribution":"{\"name\": \"IntDistribution\", \"attributes\": {\"log\": false, \"step\": 1, \"low\": 0, \"high\": 3}}"}
{"op_code":5,"worker_id":"0266f42d-d218-47fe-8295-2f766eb3da82-140037709906048","trial_id":5,"param_name":"stop_k","param_value_internal":0.0,"distribution":"{\"name\": \"IntDistribution\", \"attributes\": {\"log\": false, \"step\": 1, \"low\": 0, \"high\": 6}}"}
{"op_code":7,"worker_id":"0266f42d-d218-47fe-8295-2f766eb3da82-140037709906048","trial_id":5,"step":1,"intermediate_value":-1.7405494141137337}
{"op_code":7,"worker_id":"0266f42d-d218-47fe-8295-2f766eb3da82-140037709906048","trial_id":5,"step":2,"intermediate_value":-0.4506323874727043}
{"op_code":7,"worker_id":"0266f42d-d218-47fe-8295-2f766eb3da82-140037709906048","trial_id":5,"step":3,"intermediate_value":-0.8284659236668929}
{"op_code":8,"worker_id":"0266f42d-d218-47fe-8295-2f766eb3da82-140037709906048","trial_id":5,"user_attr":{"n_trades":3052}}
{"op_code":8,"worker_id":"0266f42d-d218-47fe-8295-2f766eb3da82-140037709906048","trial_id":5,"user_attr":{"cagr":-0.07313313984574576}}
{"op_code":8,"worker_id":"0266f42d-d218-47fe-8295-2f766eb3da82-140037709906048","trial_id":5,"user_attr":{"max_drawdown":-0.2626505379284223}}
{"op_code":8,"worker_id":"0266f42d-d218-47fe-8295-2f766eb3da82-140037709906048","trial_id":5,"user_attr":{"sharpe_raw":-0.8284659236668929}}
{"op_code":6,"worker_id":"0266f42d-d218-47fe-8295-2f766eb3da82-140037709906048","trial_id":5,"state":1,"values":[-0.8284659236668929],"datetime_complete":"2026-09-30T17:18:27.368968+00:00"}
{"op_code":4,"worker_id":"0266f42d-d218-47fe-8295-2f766eb3da82-140037709906048","study_id":0,"datetime_start":"2026-09-30T17:18:27.370039+00:00"}
{"op_code":5,"worker_id":"0266f42d-d218-47fe-8295-2f766eb3da82-140037709906048","trial_id":6,"param_name":"lookback","param_value_internal":2.0,"distribution":"{\"name\": \"IntDistribution\", \"attributes\": {\"log\": false, \"step\": 1, \"low\": 0, \"high\": 2}}"}
{"op_code":5,"worker_id":"0266f42d-d218-47fe-8295-2f766eb3da82-140037709906048","trial_id":6,"param_name":"threshold","param_value_internal":0.0,"distribution":"{\"name\": \"IntDistribution\", \"attributes\": {\"log\": false, \"step\": 1, \"low\": 0, \"high\": 6}}"}
{"op_code":5,"worker_id":"0266f42d-d218-47fe-8295-2f766eb3da82-140037709906048","trial_id":6,"param_name":"alpha","param_value_internal":0.0,"distribution":"{\"name\": \"IntDistribution\", \"attributes\": {\"log\": false, \"step\": 1, \"low\": 0, \"high\": 3}}"}
{"op_code":5,"worker_id":"0266f42d-d218-47fe-8295-2f766eb3da82-140037709906048","trial_id":6,"param_name":"z_window","param_value_internal":0.0,"distribution":"{\"name\": \"IntDistribution\", \"attributes\": {\"log\": false, \"step\": 1, \"low\": 0, \"high\": 2}}"}
{"op_code":5,"worker_id":"0266f42d-d218-47fe-8295-2f766eb3da82-140037709906048","trial_id":6,"param_name":"entry_z","param_value_internal":6.0,"distribution":"{\"name\": \"IntDistribution\", \"attributes\": {\"log\": false, \"step\": 1, \"low\": 0, \"high\": 6}}"}
{"op_code":5,"worker_id":"0266f42d-d218-47fe-8295-2f766eb3da82-140037709906048","trial_id":6,"param_name":"exit_z","param_value_internal":3.0,"distribution":"{\"name\": \"IntDistribution\", \"attributes\": {\"log\": false, \"step\": 1, \"low\": 0, \"high\": 4}}"}
{"op_code":5,"worker_id":"0266f42d-d218-47fe-8295-2f766eb3da82-140037709906048","trial_id":6,"param_name":"max_hold","param_value_internal":1.0,"distribution":"{\"name\": \"IntDistribution\", \"attributes\": {\"log\": false, \"step\": 1, \"low\": 0, \"high\": 3}}"}
{"op_code":5,"worker_id":"0266f42d-d218-47fe-8295-2f766eb3da82-140037709906048","trial_id":6,"param_name":"stop_k","param_value_internal":1.0,"distribution":"{\"name\": \"IntDistribution\", \"attributes\": {\"log\": false, \"step\": 1, \"low\": 0, \"high\": 6}}"}
{"op_code":7,"worker_id":"0266f42d-d218-47fe-8295-2f766eb3da82-140037709906048","trial_id":6,"step":1,"intermediate_value":-1.8742430507506618}
{"op_code":7,"worker_id":"0266f42d-d218-47fe-8295-2f766eb3da82-140037709906048","trial_id":6,"step":2,"intermediate_value":-0.9140411627048175}
{"op_code":7,"worker_id":"0266f42d-d218-47fe-8295-2f766eb3da82-140037709906048","trial_id":6,"step":3,"intermediate_value":-1.2895743015949135}
{"op_code":8,"worker_id":"0266f42d-d218-47fe-8295-2f766eb3da82-140037709906048","trial_id":6,"user_attr":{"n_trades":2115}}
{"op_code":8,"worker_id":"0266f42d-d218-47fe-8295-2f766eb3da82-140037709906048","trial_id":6,"user_attr":{"cagr":-0.09826491338403665}}
{"op_code":8,"worker_id":"0266f42d-d218-47fe-8295-2f766eb3da82-140037709906048","trial_id":6,"user_attr":{"max_drawdown":-0.29970415987278054}}
{"op_code":8,"worker_id":"0266f42d-d218-47fe-8295-2f766eb3da82-140037709906048","trial_id":6,"user_attr":{"sharpe_raw":-1.2895743015949135}}
{"op_code":6,"worker_id":"0266f42d-d218-47fe-8295-2f766eb3da82-140037709906048","trial_id":6,"state":1,"values":[-1.2895743015949135],"datetime_complete":"2026-09-30T17:18:31.386104+00:00"}
{"op_code":4,"worker_id":"0266f42d-d218-47fe-8295-2f766eb3da82-140037709906048","study_id":0,"datetime_start":"2026-09-30T17:18:31.387279+00:00"}
{"op_code":5,"worker_id":"0266f42d-d218-47fe-8295-2f766eb3da82-140037709906048","trial_id":7,"param_name":"lookback","param_value_internal":2.0,"distribution":"{\"name\": \"IntDistribution\", \"attributes\": {\"log\": false, \"step\": 1, \"low\": 0, \"high\": 2}}"}
{"op_code":5,"worker_id":"0266f42d-d218-47fe-8295-2f766eb3da82-140037709906048","trial_id":7,"param_name":"threshold","param_value_internal":4.0,"distribution":"{\"name\": \"IntDistribution\", \"attributes\": {\"log\": false, \"step\": 1, \"low\": 0, \"high\": 6}}"}
{"op_code":5,"worker_id":"0266f42d-d218-47fe-8295-2f766eb3da82-140037709906048","trial_id":7,"param_name":"alpha","param_value_internal":1.0,"distribution":"{\"name\": \"IntDistribution\", \"attributes\": {\"log\": false, \"step\": 1, \"low\": 0, \"high\": 3}}"}
{"op_code":5,"worker_id":"0266f42d-d218-47fe-8295-2f766eb3da82-140037709906048","trial_id":7,"param_name":"z_window","param_value_internal":0.0,"distribution":"{\"name\": \"IntDistribution\", \"attributes\": {\"log\": false, \"step\": 1, \"low\": 0, \"high\": 2}}"}
{"op_code":5,"worker_id":"0266f42d-d218-47fe-8295-2f766eb3da82-140037709906048","trial_id":7,"param_name":"entry_z","param_value_internal":3.0,"distribution":"{\"name\": \"IntDistribution\", \"attributes\": {\"log\": false, \"step\": 1, \"low\": 0, \"high\": 6}}"}
{"op_code":5,"worker_id":"0266f42d-d218-47fe-8295-2f766eb3da82-140037709906048","trial_id":7,"param_name":"exit_z","param_value_internal":1.0,"distribution":"{\"name\": \"IntDistribution\", \"attributes\": {\"log\": false, \"step\": 1, \"low\": 0, \"high\": 4}}"}
{"op_code":5,"worker_id":"0266f42d-d218-47fe-8295-2f766eb3da82-140037709906048","trial_id":7,"param_name":"max_hold","param_value_internal":1.0,"distribution":"{\"name\": \"IntDistribution\", \"attributes\": {\"log\": false, \"step\": 1, \"low\": 0, \"high\": 3}}"}
{"op_code":5,"worker_id":"0266f42d-d218-47fe-8295-2f766eb3da82-140037709906048","trial_id":7,"param_name":"stop_k","param_value_internal":4.0,"distribution":"{\"name\": \"IntDistribution\", \"attributes\": {\"log\": false, \"step\": 1, \"low\": 0, \"high\": 6}}"}
{"op_code":7,"worker_id":"0266f42d-d218-47fe-8295-2f766eb3da82-140037709906048","trial_id":7,"step":1,"intermediate_value":-1.0124188981655988}
{"op_code":7,"worker_id":"0266f42d-d218-47fe-8295-2f766eb3da82-140037709906048","trial_id":7,"step":2,"intermediate_value":-0.04406479832881497}
{"op_code":7,"worker_id":"0266f42d-d218-47fe-8295-2f766eb3da82-140037709906048","trial_id":7,"step":3,"intermediate_value":-0.53296449516016}
{"op_code":8,"worker_id":"0266f42d-d218-47fe-8295-2f766eb3da82-140037709906048","trial_id":7,"user_attr":{"n_trades":2385}}
{"op_code":8,"worker_id":"0266f42d-d218-47fe-8295-2f766eb3da82-140037709906048","trial_id":7,"user_attr":{"cagr":-0.04628808281524699}}
{"op_code":8,"worker_id":"0266f42d-d218-47fe-8295-2f766eb3da82-140037709906048","trial_id":7,"user_attr":{"max_drawdown":-0.17544526321167653}}
{"op_code":8,"worker_id":"0266f42d-d218-47fe-8295-2f766eb3da82-140037709906048","trial_id":7,"user_attr":{"sharpe_raw":-0.53296449516016}}
{"op_code":6,"worker_id":"0266f42d-d218-47fe-8295-2f766eb3da82-140037709906048","trial_id":7,"state":1,"values":[-0.53296449516016],"datetime_complete":"2026-09-30T17:18:31.658409+00:00"}
{"op_code":4,"worker_id":"0266f42d-d218-47fe-8295-2f766eb3da82-140037709906048","study_id":0,"datetime_start":"2026-09-30T17:18:31.659159+00:00"}
{"op_code":5,"worker_id":"0266f42d-d218-47fe-8295-2f766eb3da82-140037709906048","trial_id":8,"param_name":"lookback","param_value_internal":2.0,"distribution":"{\"name\": \"IntDistribution\", \"attributes\": {\"log\": false, \"step\": 1, \"low\": 0, \"high\": 2}}"}
{"op_code":5,"worker_id":"0266f42d-d218-47fe-8295-2f766eb3da82-140037709906048","trial_id":8,"param_name":"threshold","param_value_internal":3.0,"distribution":"{\"name\": \"IntDistribution\", \"attributes\": {\"log\": false, \"step\": 1, \"low\": 0, \"high\": 6}}"}
{"op_code":5,"worker_id":"0266f42d-d218-47fe-8295-2f766eb3da82-140037709906048","trial_id":8,"param_name":"alpha","param_value_internal":0.0,"distribution":"{\"name\": \"IntDistribution\", \"attributes\": {\"log\": false, \"step\": 1, \"low\": 0, \"high\": 3}}"}
{"op_code":5,"worker_id":"0266f42d-d218-47fe-8295-2f766eb3da82-140037709906048","trial_id":8,"param_name":"z_window","param_value_internal":0.0,"distribution":"{\"name\": \"IntDistribution\", \"attributes\": {\"log\": false, \"step\": 1, \"low\": 0, \"high\": 2}}"}
{"op_code":5,"worker_id":"0266f42d-d218-47fe-8295-2f766eb3da82-140037709906048","trial_id":8,"param_name":"entry_z","param_value_internal":0.0,"distribution":"{\"name\": \"IntDistribution\", \"attributes\": {\"log\": false, \"step\": 1, \"low\": 0, \"high\": 6}}"}
{"op_code":5,"worker_id":"0266f42d-d218-47fe-8295-2f766eb3da82-140037709906048","trial_id":8,"param_name":"exit_z","param_value_internal":0.0,"distribution":"{\"name\": \"IntDistribution\", \"attributes\": {\"log\": false, \"step\": 1, \"low\": 0, \"high\": 4}}"}
{"op_code":5,"worker_id":"0266f42d-d218-47fe-8295-2f766eb3da82-140037709906048","trial_id":8,"param_name":"max_hold","param_value_internal":1.0,"distribution":"{\"name\": \"IntDistribution\", \"attributes\": {\"log\": false, \"step\": 1, \"low\": 0, \"high\": 3}}"}
{"op_code":5,"worker_id":"0266f42d-d218-47fe-8295-2f766eb3da82-140037709906048","trial_id":8,"param_name":"stop_k","param_value_internal":6.0,"distribution":"{\"name\": \"IntDistribution\", \"attributes\": {\"log\": false, \"step\": 1, \"low\": 0, \"high\": 6}}"}
{"op_code":7,"worker_id":"0266f42d-d218-47fe-8295-2f766eb3da82-140037709906048","trial_id":8,"step":1,"intermediate_value":-1.4508408343948176}
{"op_code":7,"worker_id":"0266f42d-d218-47fe-8295-2f766eb3da82-140037709906048","trial_id":8,"step":2,"intermediate_value":0.550383175138992}
{"op_code":7,"worker_id":"0266f42d-d218-47fe-8295-2f766eb3da82-140037709906048","trial_id":8,"step":3,"intermediate_value":-0.19112784465772117}
{"op_code":8,"worker_id":"0266f42d-d218-47fe-8295-2f766eb3da82-140037709906048","trial_id":8,"user_attr":{"n_trades":2289}}
{"op_code":8,"worker_id":"0266f42d-d218-47fe-8295-2f766eb3da82-140037709906048","trial_id":8,"user_attr":{"cagr":-0.021061661227667616}}
{"op_code":8,"worker_id":"0266f42d-d218-47fe-8295-2f766eb3da82-140037709906048","trial_id":8,"user_attr":{"max_drawdown":-0.19821227900513871}}
{"op_code":8,"worker_id":"0266f42d-d218-47fe-8295-2f766eb3da82-140037709906048","trial_id":8,"user_attr":{"sharpe_raw":-0.19112784465772117}}
{"op_code":6,"worker_id":"0266f42d-d218-47fe-8295-2f766eb3da82-140037709906048","trial_id":8,"state":1,"values":[-0.19112784465772117],"datetime_complete":"2026-09-30T17:18:35.737040+00:00"}
{"op_code":4,"worker_id":"0266f42d-d218-47fe-8295-2f766eb3da82-140037709906048","study_id":0,"datetime_start":"2026-09-30T17:18:35.738297+00:00"}
{"op_code":5,"worker_id":"0266f42d-d218-47fe-8295-2f766eb3da82-140037709906048","trial_id":9,"param_name":"lookback","param_value_internal":2.0,"distribution":"{\"name\": \"IntDistribution\", \"attributes\": {\"log\": false, \"step\": 1, \"low\": 0, \"high\": 2}}"}
{"op_code":5,"worker_id":"0266f42d-d218-47fe-8295-2f766eb3da82-140037709906048","trial_id":9,"param_name":"threshold","param_value_internal":1.0,"distribution":"{\"name\": \"IntDistribution\", \"attributes\": {\"log\": false, \"step\": 1, \"low\": 0, \"high\": 6}}"}
{"op_code":5,"worker_id":"0266f42d-d218-47fe-8295-2f766eb3da82-140037709906048","trial_id":9,"param_name":"alpha","param_value_internal":1.0,"distribution":"{\"name\": \"IntDistribution\", \"attributes\": {\"log\": false, \"step\": 1, \"low\": 0, \"high\": 3}}"}
{"op_code":5,"worker_id":"0266f42d-d218-47fe-8295-2f766eb3da82-140037709906048","trial_id":9,"param_name":"z_window","param_value_internal":1.0,"distribution":"{\"name\": \"IntDistribution\", \"attributes\": {\"log\": false, \"step\": 1, \"low\": 0, \"high\": 2}}"}
{"op_code":5,"worker_id":"0266f42d-d218-47fe-8295-2f766eb3da82-140037709906048","trial_id":9,"param_name":"entry_z","param_value_internal":6.0,"distribution":"{\"name\": \"IntDistribution\", \"attributes\": {\"log\": false, \"step\": 1, \"low\": 0, \"high\": 6}}"}
{"op_code":5,"worker_id":"0266f42d-d218-47fe-8295-2f766eb3da82-140037709906048","trial_id":9,"param_name":"exit_z","param_value_internal":3.0,"distribution":"{\"name\": \"IntDistribution\", \"attributes\": {\"log\": false, \"step\": 1, \"low\": 0, \"high\": 4}}"}
{"op_code":5,"worker_id":"0266f42d-d218-47fe-8295-2f766eb3da82-140037709906048","trial_id":9,"param_name":"max_hold","param_value_internal":0.0,"distribution":"{\"name\": \"IntDistribution\", \"attributes\": {\"log\": false, \"step\": 1, \"low\": 0, \"high\": 3}}"}
{"op_code":5,"worker_id":"0266f42d-d218-47fe-8295-2f766eb3da82-140037709906048","trial_id":9,"param_name":"stop_k","param_value_internal":1.0,"distribution":"{\"name\": \"IntDistribution\", \"attributes\": {\"log\": false, \"step\": 1, \"low\": 0, \"high\": 6}}"}
{"op_code":7,"worker_id":"0266f42d-d218-47fe-8295-2f766eb3da82-140037709906048","trial_id":9,"step":1,"intermediate_value":-1.3481768640942304}
{"op_code":7,"worker_id":"0266f42d-d218-47fe-8295-2f766eb3da82-140037709906048","trial_id":9,"step":2,"intermediate_value":-0.26484198924885494}
{"op_code":7,"worker_id":"0266f42d-d218-47fe-8295-2f766eb3da82-140037709906048","trial_id":9,"step":3,"intermediate_value":-0.8593268447300398}
{"op_code":8,"worker_id":"0266f42d-d218-47fe-8295-2f766eb3da82-140037709906048","trial_id":9,"user_attr":{"n_trades":1961}}
{"op_code":8,"worker_id":"0266f42d-d218-47fe-8295-2f766eb3da82-140037709906048","trial_id":9,"user_attr":{"cagr":-0.06436828989220233}}
{"op_code":8,"worker_id":"0266f42d-d218-47fe-8295-2f766eb3da82-140037709906048","trial_id":9,"user_attr":{"max_drawdown":-0.21161874749748633}}
{"op_code":8,"worker_id":"0266f42d-d218-47fe-8295-2f766eb3da82-140037709906048","trial_id":9,"user_attr":{"sharpe_raw":-0.8593268447300398}}
{"op_code":6,"worker_id":"0266f42d-d218-47fe-8295-2f766eb3da82-140037709906048","trial_id":9,"state":1,"values":[-0.8593268447300398],"datetime_complete":"2026-09-30T17:18:39.588943+00:00"}
{"op_code":4,"worker_id":"0266f42d-d218-47fe-8295-2f766eb3da82-140037709906048","study_id":0,"datetime_start":"2026-09-30T17:18:39.589875+00:00"}
{"op_code":5,"worker_id":"0266f42d-d218-47fe-8295-2f766eb3da82-140037709906048","trial_id":10,"param_name":"lookback","param_value_internal":0.0,"distribution":"{\"name\": \"IntDistribution\", \"attributes\": {\"log\": false, \"step\": 1, \"low\": 0, \"high\": 2}}"}
{"op_code":5,"worker_id":"0266f42d-d218-47fe-8295-2f766eb3da82-140037709906048","trial_id":10,"param_name":"threshold","param_value_internal":3.0,"distribution":"{\"name\": \"IntDistribution\", \"attributes\": {\"log\": false, \"step\": 1, \"low\": 0, \"high\": 6}}"}
{"op_code":5,"worker_id":"0266f42d-d218-47fe-8295-2f766eb3da82-140037709906048","trial_id":10,"param_name":"alpha","param_value_internal":3.0,"distribution":"{\"name\": \"IntDistribution\", \"attributes\": {\"log\": false, \"step\": 1, \"low\": 0, \"high\": 3}}"}
{"op_code":5,"worker_id":"0266f42d-d218-47fe-8295-2f766eb3da82-140037709906048","trial_id":10,"param_name":"z_window","param_value_internal":1.0,"distribution":"{\"name\": \"IntDistribution\", \"attributes\": {\"log\": false, \"step\": 1, \"low\": 0, \"high\": 2}}"}
{"op_code":5,"worker_id":"0266f42d-d218-47fe-8295-2f766eb3da82-140037709906048","trial_id":10,"param_name":"entry_z","param_value_internal":6.0,"distribution":"{\"name\": \"IntDistribution\", \"attributes\": {\"log\": false, \"step\": 1, \"low\": 0, \"high\": 6}}"}
{"op_code":5,"worker_id":"0266f42d-d218-47fe-8295-2f766eb3da82-140037709906048","trial_id":10,"param_name":"exit_z","param_value_internal":3.0,"distribution":"{\"name\": \"IntDistribution\", \"attributes\": {\"log\": false, \"step\": 1, \"low\": 0, \"high\": 4}}"}
{"op_code":5,"worker_id":"0266f42d-d218-47fe-8295-2f766eb3da82-140037709906048","trial_id":10,"param_name":"max_hold","param_value_internal":3.0,"distribution":"{\"name\": \"IntDistribution\", \"attributes\": {\"log\": false, \"step\": 1, \"low\": 0, \"high\": 3}}"}
{"op_code":5,"worker_id":"0266f42d-d218-47fe-8295-2f766eb3da82-140037709906048","trial_id":10,"param_name":"stop_k","param_value_internal":5.0,"distribution":"{\"name\": \"IntDistribution\", \"attributes\": {\"log\": false, \"step\": 1, \"low\": 0, \"high\": 6}}"}
{"op_code":7,"worker_id":"0266f42d-d218-47fe-8295-2f766eb3da82-140037709906048","trial_id":10,"step":1,"intermediate_value":-1.3877793681682404}
{"op_code":7,"worker_id":"0266f42d-d218-47fe-8295-2f766eb3da82-140037709906048","trial_id":10,"step":2,"intermediate_value":-0.368695369281538}
{"op_code":7,"worker_id":"0266f42d-d218-47fe-8295-2f766eb3da82-140037709906048","trial_id":10,"step":3,"intermediate_value":-0.7028690828493193}
{"op_code":8,"worker_id":"0266f42d-d218-47fe-8295-2f766eb3da82-140037709906048","trial_id":10,"user_attr":{"n_trades":1922}}
{"op_code":8,"worker_id":"0266f42d-d218-47fe-8295-2f766eb3da82-140037709906048","trial_id":10,"user_attr":{"cagr":-0.05319983040015741}}
{"op_code":8,"worker_id":"0266f42d-d218-47fe-8295-2f766eb3da82-140037709906048","trial_id":10,"user_attr":{"max_drawdown":-0.2012372080743684}}
{"op_code":8,"worker_id":"0266f42d-d218-47fe-8295-2f766eb3da82-140037709906048","trial_id":10,"user_attr":{"sharpe_raw":-0.7028690828493193}}
{"op_code":6,"worker_id":"0266f42d-d218-47fe-8295-2f766eb3da82-140037709906048","trial_id":10,"state":1,"values":[-0.7028690828493193],"datetime_complete":"2026-09-30T17:18:41.811854+00:00"}
{"op_code":4,"worker_id":"0266f42d-d218-47fe-8295-2f766eb3da82-140037709906048","study_id":0,"datetime_start":"2026-09-30T17:18:41.813243+00:00"}
{"op_code":5,"worker_id":"0266f42d-d218-47fe-8295-2f766eb3da82-140037709906048","trial_id":11,"param_name":"lookback","param_value_internal":0.0,"distribution":"{\"name\": \"IntDistribution\", \"attributes\": {\"log\": false, \"step\": 1, \"low\": 0, \"high\": 2}}"}
{"op_code":5,"worker_id":"0266f42d-d218-47fe-8295-2f766eb3da82-140037709906048","trial_id":11,"param_name":"threshold","param_value_internal":6.0,"distribution":"{\"name\": \"IntDistribution\", \"attributes\": {\"log\": false, \"step\": 1, \"low\": 0, \"high\": 6}}"}
{"op_code":5,"worker_id":"0266f42d-d218-47fe-8295-2f766eb3da82-140037709906048","trial_id":11,"param_name":"alpha","param_value_internal":2.0,"distribution":"{\"name\": \"IntDistribution\", \"attributes\": {\"log\": false, \"step\": 1, \"low\": 0, \"high\": 3}}"}
{"op_code":5,"worker_id":"0266f42d-d218-47fe-8295-2f766eb3da82-140037709906048","trial_id":11,"param_name":"z_window","param_value_internal":0.0,"distribution":"{\"name\": \"IntDistribution\", \"attributes\": {\"log\": false, \"step\": 1, \"low\": 0, \"high\": 2}}"}
{"op_code":5,"worker_id":"0266f42d-d218-47fe-8295-2f766eb3da82-140037709906048","trial_id":11,"param_name":"entry_z","param_value_internal":4.0,"distribution":"{\"name\": \"IntDistribution\", \"attributes\": {\"log\": false, \"step\": 1, \"low\": 0, \"high\": 6}}"}
{"op_code":5,"worker_id":"0266f42d-d218-47fe-8295-2f766eb3da82-140037709906048","trial_id":11,"param_name":"exit_z","param_value_internal":3.0,"distribution":"{\"name\": \"IntDistribution\", \"attributes\": {\"log\": false, \"step\": 1, \"low\": 0, \"high\": 4}}"}
{"op_code":5,"worker_id":"0266f42d-d218-47fe-8295-2f766eb3da82-140037709906048","trial_id":11,"param_name":"max_hold","param_value_internal":0.0,"distribution":"{\"name\": \"IntDistribution\", \"attributes\": {\"log\": false, \"step\": 1, \"low\": 0, \"high\": 3}}"}
{"op_code":5,"worker_id":"0266f42d-d218-47fe-8295-2f766eb3da82-140037709906048","trial_id":11,"param_name":"stop_k","param_value_internal":6.0,"distribution":"{\"name\": \"IntDistribution\", \"attributes\": {\"log\": false, \"step\": 1, \"low\": 0, \"high\": 6}}"}
{"op_code":7,"worker_id":"0266f42d-d218-47fe-8295-2f766eb3da82-140037709906048","trial_id":11,"step":1,"intermediate_value":-1.3279561875051327}
{"op_code":7,"worker_id":"0266f42d-d218-47fe-8295-2f766eb3da82-140037709906048","trial_id":11,"step":2,"intermediate_value":-0.1590631866781953}
{"op_code":7,"worker_id":"0266f42d-d218-47fe-8295-2f766eb3da82-140037709906048","trial_id":11,"step":3,"intermediate_value":-1.2310403032152566}
{"op_code":8,"worker_id":"0266f42d-d218-47fe-8295-2f766eb3da82-140037709906048","trial_id":11,"user_attr":{"n_trades":2538}}
{"op_code":8,"worker_id":"0266f42d-d218-47fe-8295-2f766eb3da82-140037709906048","trial_id":11,"user_attr":{"cagr":-0.09838990781309076}}
{"op_code":8,"worker_id":"0266f42d-d218-47fe-8295-2f766eb3da82-140037709906048","trial_id":11,"user_attr":{"max_drawdown":-0.288553179693698}}
{"op_code":8,"worker_id":"0266f42d-d218-47fe-8295-2f766eb3da82-140037709906048","trial_id":11,"user_attr":{"sharpe_raw":-1.2310403032152566}}
{"op_code":6,"worker_id":"0266f42d-d218-47fe-8295-2f766eb3da82-140037709906048","trial_id":11,"state":1,"values":[-1.2310403032152566],"datetime_complete":"2026-09-30T17:18:44.154875+00:00"}
{"op_code":4,"worker_id":"0266f42d-d218-47fe-8295-2f766eb3da82-140037709906048","study_id":0,"datetime_start":"2026-09-30T17:18:44.155729+00:00"}
{"op_code":9,"worker_id":"0266f42d-d218-47fe-8295-2f766eb3da82-140037709906048","trial_id":12,"system_attr":{"tpe:relative_params:0":"{\"alpha\": 1, \"entry_z\": 0, \"exit_z\": 0, \"lookback\": 1, \"max_hold\": 1, \"stop_k\": 4, \"threshold\": 2, \"z_window\": 1}"}}
{"op_code":5,"worker_id":"0266f42d-d218-47fe-8295-2f766eb3da82-140037709906048","trial_id":12,"param_name":"lookback","param_value_internal":1.0,"distribution":"{\"name\": \"IntDistribution\", \"attributes\": {\"log\": false, \"step\": 1, \"low\": 0, \"high\": 2}}"}
{"op_code":5,"worker_id":"0266f42d-d218-47fe-8295-2f766eb3da82-140037709906048","trial_id":12,"param_name":"threshold","param_value_internal":2.0,"distribution":"{\"name\": \"IntDistribution\", \"attributes\": {\"log\": false, \"step\": 1, \"low\": 0, \"high\": 6}}"}
{"op_code":5,"worker_id":"0266f42d-d218-47fe-8295-2f766eb3da82-140037709906048","trial_id":12,"param_name":"alpha","param_value_internal":1.0,"distribution":"{\"name\": \"IntDistribution\", \"attributes\": {\"log\": false, \"step\": 1, \"low\": 0, \"high\": 3}}"}
{"op_code":5,"worker_id":"0266f42d-d218-47fe-8295-2f766eb3da82-140037709906048","trial_id":12,"param_name":"z_window","param_value_internal":1.0,"distribution":"{\"name\": \"IntDistribution\", \"attributes\": {\"log\": false, \"step\": 1, \"low\": 0, \"high\": 2}}"}
{"op_code":5,"worker_id":"0266f42d-d218-47fe-8295-2f766eb3da82-140037709906048","trial_id":12,"param_name":"entry_z","param_value_internal":0.0,"distribution":"{\"name\": \"IntDistribution\", \"attributes\": {\"log\": false, \"step\": 1, \"low\": 0, \"high\": 6}}"}
{"op_code":5,"worker_id":"0266f42d-d218-47fe-8295-2f766eb3da82-140037709906048","trial_id":12,"param_name":"exit_z","param_value_internal":0.0,"distribution":"{\"name\": \"IntDistribution\", \"attributes\": {\"log\": false, \"step\": 1, \"low\": 0, \"high\": 4}}"}
{"op_code":5,"worker_id":"0266f42d-d218-47fe-8295-2f766eb3da82-140037709906048","trial_id":12,"param_name":"max_hold","param_value_internal":1.0,"distribution":"{\"name\": \"IntDistribution\", \"attributes\": {\"log\": false, \"step\": 1, \"low\": 0, \"high\": 3}}"}
{"op_code":5,"worker_id":"0266f42d-d218-47fe-8295-2f766eb3da82-140037709906048","trial_id":12,"param_name":"stop_k","param_value_internal":4.0,"distribution":"{\"name\": \"IntDistribution\", \"attributes\": {\"log\": false, \"step\": 1, \"low\": 0, \"high\": 6}}"}
{"op_code":7,"worker_id":"0266f42d-d218-47fe-8295-2f766eb3da82-140037709906048","trial_id":12,"step":1,"intermediate_value":-1.5327161694513587}
{"op_code":6,"worker_id":"0266f42d-d218-47fe-8295-2f766eb3da82-140037709906048","trial_id":12,"state":2,"values":[-1.5327161694513587],"datetime_complete":"2026-09-30T17:18:46.542496+00:00"}
{"op_code":4,"worker_id":"0266f42d-d218-47fe-8295-2f766eb3da82-140037709906048","study_id":0,"datetime_start":"2026-09-30T17:18:46.543321+00:00"}
{"op_code":9,"worker_id":"0266f42d-d218-47fe-8295-2f766eb3da82-140037709906048","trial_id":13,"system_attr":{"tpe:relative_params:0":"{\"alpha\": 3, \"entry_z\": 2, \"exit_z\": 1, \"lookback\": 1, \"max_hold\": 2, \"stop_k\": 6, \"threshold\": 4, \"z_window\": 0}"}}
{"op_code":5,"worker_id":"0266f42d-d218-47fe-8295-2f766eb3da82-140037709906048","trial_id":13,"param_name":"lookback","param_value_internal":1.0,"distribution":"{\"name\": \"IntDistribution\", \"attributes\": {\"log\": false, \"step\": 1, \"low\": 0, \"high\": 2}}"}
{"op_code":5,"worker_id":"0266f42d-d218-47fe-8295-2f766eb3da82-140037709906048","trial_id":13,"param_name":"threshold","param_value_internal":4.0,"distribution":"{\"name\": \"IntDistribution\", \"attributes\": {\"log\": false, \"step\": 1, \"low\": 0, \"high\": 6}}"}
{"op_code":5,"worker_id":"0266f42d-d218-47fe-8295-2f766eb3da82-140037709906048","trial_id":13,"param_name":"alpha","param_value_internal":3.0,"distribution":"{\"name\": \"IntDistribution\", \"attributes\": {\"log\": false, \"step\": 1, \"low\": 0, \"high\": 3}}"}
{"op_code":5,"worker_id":"0266f42d-d218-47fe-8295-2f766eb3da82-140037709906048","trial_id":13,"param_name":"z_window","param_value_internal":0.0,"distribution":"{\"name\": \"IntDistribution\", \"attributes\": {\"log\": false, \"step\": 1, \"low\": 0, \"high\": 2}}"}
{"op_code":5,"worker_id":"0266f42d-d218-47fe-8295-2f766eb3da82-140037709906048","trial_id":13,"param_name":"entry_z","param_value_internal":2.0,"distribution":"{\"name\": \"IntDistribution\", \"attributes\": {\"log\": false, \"step\": 1, \"low\": 0, \"high\": 6}}"}
{"op_code":5,"worker_id":"0266f42d-d218-47fe-8295-2f766eb3da82-140037709906048","trial_id":13,"param_name":"exit_z","param_value_internal":1.0,"distribution":"{\"name\": \"IntDistribution\", \"attributes\": {\"log\": false, \"step\": 1, \"low\": 0, \"high\": 4}}"}
{"op_code":5,"worker_id":"0266f42d-d218-47fe-8295-2f766eb3da82-140037709906048","trial_id":13,"param_name":"max_hold","param_value_internal":2.0,"distribution":"{\"name\": \"IntDistribution\", \"attributes\": {\"log\": false, \"step\": 1, \"low\": 0, \"high\": 3}}"}
{"op_code":5,"worker_id":"0266f42d-d218-47fe-8295-2f766eb3da82-140037709906048","trial_id":13,"param_name":"stop_k","param_value_internal":6.0,"distribution":"{\"name\": \"IntDistribution\", \"attributes\": {\"log\": false, \"step\": 1, \"low\": 0, \"high\": 6}}"}
{"op_code":7,"worker_id":"0266f42d-d218-47fe-8295-2f766eb3da82-140037709906048","trial_id":13,"step":1,"intermediate_value":-0.1850070736690249}
{"op_code":7,"worker_id":"0266f42d-d218-47fe-8295-2f766eb3da82-140037709906048","trial_id":13,"step":2,"intermediate_value":0.3846425696316151}
{"op_code":7,"worker_id":"0266f42d-d218-47fe-8295-2f766eb3da82-140037709906048","trial_id":13,"step":3,"intermediate_value":0.07006894740716914}
{"op_code":8,"worker_id":"0266f42d-d218-47fe-8295-2f766eb3da82-140037709906048","trial_id":13,"user_attr":{"n_trades":2455}}
{"op_code":8,"worker_id":"0266f42d-d218-47fe-8295-2f766eb3da82-140037709906048","trial_id":13,"user_attr":{"cagr":0.002335648894661757}}
{"op_code":8,"worker_id":"0266f42d-d218-47fe-8295-2f766eb3da82-140037709906048","trial_id":13,"user_attr":{"max_drawdown":-0.10195721548221981}}
{"op_code":8,"worker_id":"0266f42d-d218-47fe-8295-2f766eb3da82-140037709906048","trial_id":13,"user_attr":{"sharpe_raw":0.07006894740716914}}
{"op_code":6,"worker_id":"0266f42d-d218-47fe-8295-2f766eb3da82-140037709906048","trial_id":13,"state":1,"values":[0.07006894740716914],"datetime_complete":"2026-09-30T17:18:49.059788+00:00"}
{"op_code":4,"worker_id":"0266f42d-d218-47fe-8295-2f766eb3da82-140037709906048","study_id":0,"datetime_start":"2026-09-30T17:18:49.060975+00:00"}
{"op_code":9,"worker_id":"0266f42d-d218-47fe-8295-2f766eb3da82-140037709906048","trial_id":14,"system_attr":{"tpe:relative_params:0":"{\"alpha\": 3, \"entry_z\": 3, \"exit_z\": 0, \"lookback\": 1, \"max_hold\": 2, \"stop_k\": 6, \"threshold\": 4, \"z_window\": 0}"}}
{"op_code":5,"worker_id":"0266f42d-d218-47fe-8295-2f766eb3da82-140037709906048","trial_id":14,"param_name":"lookback","param_value_internal":1.0,"distribution":"{\"name\": \"IntDistribution\", \"attributes\": {\"log\": false, \"step\": 1, \"low\": 0, \"high\": 2}}"}
{"op_code":5,"worker_id":"0266f42d-d218-47fe-8295-2f766eb3da82-140037709906048","trial_id":14,"param_name":"threshold","param_value_internal":4.0,"distribution":"{\"name\": \"IntDistribution\", \"attributes\": {\"log\": false, \"step\": 1, \"low\": 0, \"high\": 6}}"}
{"op_code":5,"worker_id":"0266f42d-d218-47fe-8295-2f766eb3da82-140037709906048","trial_id":14,"param_name":"alpha","param_value_internal":3.0,"distribution":"{\"name\": \"IntDistribution\", \"attributes\": {\"log\": false, \"step\": 1, \"low\": 0, \"high\": 3}}"}
{"op_code":5,"worker_id":"0266f42d-d218-47fe-8295-2f766eb3da82-140037709906048","trial_id":14,"param_name":"z_window","param_value_internal":0.0,"distribution":"{\"name\": \"IntDistribution\", \"attributes\": {\"log\": false, \"step\": 1, \"low\": 0, \"high\": 2}}"}
{"op_code":5,"worker_id":"0266f42d-d218-47fe-8295-2f766eb3da82-140037709906048","trial_id":14,"param_name":"entry_z","param_value_internal":3.0,"distribution":"{\"name\": \"IntDistribution\", \"attributes\": {\"log\": false, \"step\": 1, \"low\": 0, \"high\": 6}}"}
{"op_code":5,"worker_id":"0266f42d-d218-47fe-8295-2f766eb3da82-140037709906048","trial_id":14,"param_name":"exit_z","param_value_internal":0.0,"distribution":"{\"name\": \"IntDistribution\", \"attributes\": {\"log\": false, \"step\": 1, \"low\": 0, \"high\": 4}}"}
{"op_code":5,"worker_id":"0266f42d-d218-47fe-8295-2f766eb3da82-140037709906048","trial_id":14,"param_name":"max_hold","param_value_internal":2.0,"distribution":"{\"name\": \"IntDistribution\", \"attributes\": {\"log\": false, \"step\": 1, \"low\": 0, \"high\": 3}}"}
{"op_code":5,"worker_id":"0266f42d-d218-47fe-8295-2f766eb3da82-140037709906048","trial_id":14,"param_name":"stop_k","param_value_internal":6.0,"distribution":"{\"name\": \"IntDistribution\", \"attributes\": {\"log\": false, \"step\": 1, \"low\": 0, \"high\": 6}}"}
{"op_code":7,"worker_id":"0266f42d-d218-47fe-8295-2f766eb3da82-140037709906048","trial_id":14,"step":1,"intermediate_value":-1.3176951514929922}
{"op_code":7,"worker_id":"0266f42d-d218-47fe-8295-2f766eb3da82-140037709906048","trial_id":14,"step":2,"intermediate_value":0.3200807075608161}
{"op_code":7,"worker_id":"0266f42d-d218-47fe-8295-2f766eb3da82-140037709906048","trial_id":14,"step":3,"intermediate_value":-0.0952018933360702}
{"op_code":8,"worker_id":"0266f42d-d218-47fe-8295-2f766eb3da82-140037709906048","trial_id":14,"user_attr":{"n_trades":2171}}
{"op_code":8,"worker_id":"0266f42d-d218-47fe-8295-2f766eb3da82-140037709906048","trial_id":14,"user_attr":{"cagr":-0.011713088565178498}}
{"op_code":8,"worker_id":"0266f42d-d218-47fe-8295-2f766eb3da82-140037709906048","trial_id":14,"user_attr":{"max_drawdown":-0.14904456889716056}}
{"op_code":8,"worker_id":"0266f42d-d218-47fe-8295-2f766eb3da82-140037709906048","trial_id":14,"user_attr":{"sharpe_raw":-0.0952018933360702}}
{"op_code":6,"worker_id":"0266f42d-d218-47fe-8295-2f766eb3da82-140037709906048","trial_id":14,"state":1,"values":[-0.0952018933360702],"datetime_complete":"2026-09-30T17:18:49.388506+00:00"}
{"op_code":4,"worker_id":"0266f42d-d218-47fe-8295-2f766eb3da82-140037709906048","study_id":0,"datetime_start":"2026-09-30T17:18:49.389220+00:00"}
{"op_code":9,"worker_id":"0266f42d-d218-47fe-8295-2f766eb3da82-140037709906048","trial_id":15,"system_attr":{"tpe:relative_params:0":"{\"alpha\": 3, \"entry_z\": 2, \"exit_z\": 0, \"lookback\": 1, \"max_hold\": 2, \"stop_k\": 5, \"threshold\": 6, \"z_window\": 0}"}}
{"op_code":5,"worker_id":"0266f42d-d218-47fe-8295-2f766eb3da82-140037709906048","trial_id":15,"param_name":"lookback","param_value_internal":1.0,"distribution":"{\"name\": \"IntDistribution\", \"attributes\": {\"log\": false, \"step\": 1, \"low\": 0, \"high\": 2}}"}
{"op_code":5,"worker_id":"0266f42d-d218-47fe-8295-2f766eb3da82-140037709906048","trial_id":15,"param_name":"threshold","param_value_internal":6.0,"distribution":"{\"name\": \"IntDistribution\", \"attributes\": {\"log\": false, \"step\": 1, \"low\": 0, \"high\": 6}}"}
{"op_code":5,"worker_id":"0266f42d-d218-47fe-8295-2f766eb3da82-140037709906048","trial_id":15,"param_name":"alpha","param_value_internal":3.0,"distribution":"{\"name\": \"IntDistribution\", \"attributes\": {\"log\": false, \"step\": 1, \"low\": 0, \"high\": 3}}"}
{"op_code":5,"worker_id":"0266f42d-d218-47fe-8295-2f766eb3da82-140037709906048","trial_id":15,"param_name":"z_window","param_value_internal":0.0,"distribution":"{\"name\": \"IntDistribution\", \"attributes\": {\"log\": false, \"step\": 1, \"low\": 0, \"high\": 2}}"}
{"op_code":5,"worker_id":"0266f42d-d218-47fe-8295-2f766eb3da82-140037709906048","trial_id":15,"param_name":"entry_z","param_value_internal":2.0,"distribution":"{\"name\": \"IntDistribution\", \"attributes\": {\"log\": false, \"step\": 1, \"low\": 0, \"high\": 6}}"}
{"op_code":5,"worker_id":"0266f42d-d218-47fe-8295-2f766eb3da82-140037709906048","trial_id":15,"param_name":"exit_z","param_value_internal":0.0,"distribution":"{\"name\": \"IntDistribution\", \"attributes\": {\"log\": false, \"step\": 1, \"low\": 0, \"high\": 4}}"}
{"op_code":5,"worker_id":"0266f42d-d218-47fe-8295-2f766eb3da82-140037709906048","trial_id":15,"param_name":"max_hold","param_value_internal":2.0,"distribution":"{\"name\": \"IntDistribution\", \"attributes\": {\"log\": false, \"step\": 1, \"low\": 0, \"high\": 3}}"}
{"op_code":5,"worker_id":"0266f42d-d218-47fe-8295-2f766eb3da82-140037709906048","trial_id":15,"param_name":"stop_k","param_value_internal":5.0,"distribution":"{\"name\": \"IntDistribution\", \"attributes\": {\"log\": false, \"step\": 1, \"low\": 0, \"high\": 6}}"}
{"op_code":7,"worker_id":"0266f42d-d218-47fe-8295-2f766eb3da82-140037709906048","trial_id":15,"step":1,"intermediate_value":-1.6206136127980655}
{"op_code":6,"worker_id":"0266f42d-d218-47fe-8295-2f766eb3da82-140037709906048","trial_id":15,"state":2,"values":[-1.6206136127980655],"datetime_complete":"2026-09-30T17:18:51.862886+00:00"}
{"op_code":4,"worker_id":"0266f42d-d218-47fe-8295-2f766eb3da82-140037709906048","study_id":0,"datetime_start":"2026-09-30T17:18:51.863686+00:00"}
{"op_code":9,"worker_id":"0266f42d-d218-47fe-8295-2f766eb3da82-140037709906048","trial_id":16,"system_attr":{"tpe:relative_params:0":"{\"alpha\": 3, \"entry_z\": 2, \"exit_z\": 2, \"lookback\": 1, \"max_hold\": 2, \"stop_k\": 6, \"threshold\": 3, \"z_window\": 0}"}}
{"op_code":5,"worker_id":"0266f42d-d218-47fe-8295-2f766eb3da82-140037709906048","trial_id":16,"param_name":"lookback","param_value_internal":1.0,"distribution":"{\"name\": \"IntDistribution\", \"attributes\": {\"log\": false, \"step\": 1, \"low\": 0, \"high\": 2}}"}
{"op_code":5,"worker_id":"0266f42d-d218-47fe-8295-2f766eb3da82-140037709906048","trial_id":16,"param_name":"threshold","param_value_internal":3.0,"distribution":"{\"name\": \"IntDistribution\", \"attributes\": {\"log\": false, \"step\": 1, \"low\": 0, \"high\": 6}}"}
{"op_code":5,"worker_id":"0266f42d-d218-47fe-8295-2f766eb3da82-140037709906048","trial_id":16,"param_name":"alpha","param_value_internal":3.0,"distribution":"{\"name\": \"IntDistribution\", \"attributes\": {\"log\": false, \"step\": 1, \"low\": 0, \"high\": 3}}"}
{"op_code":5,"worker_id":"0266f42d-d218-47fe-8295-2f766eb3da82-140037709906048","trial_id":16,"param_name":"z_window","param_value_internal":0.0,"distribution":"{\"name\": \"IntDistribution\", \"attributes\": {\"log\": false, \"step\": 1, \"low\": 0, \"high\": 2}}"}
{"op_code":5,"worker_id":"0266f42d-d218-47fe-8295-2f766eb3da82-140037709906048","trial_id":16,"param_name":"entry_z","param_value_internal":2.0,"distribution":"{\"name\": \"IntDistribution\", \"attributes\": {\"log\": false, \"step\": 1, \"low\": 0, \"high\": 6}}"}
{"op_code":5,"worker_id":"0266f42d-d218-47fe-8295-2f766eb3da82-140037709906048","trial_id":16,"param_name":"exit_z","param_value_internal":2.0,"distribution":"{\"name\": \"IntDistribution\", \"attributes\": {\"log\": false, \"step\": 1, \"low\": 0, \"high\": 4}}"}
{"op_code":5,"worker_id":"0266f42d-d218-47fe-8295-2f766eb3da82-140037709906048","trial_id":16,"param_name":"max_hold","param_value_internal":2.0,"distribution":"{\"name\": \"IntDistribution\", \"attributes\": {\"log\": false, \"step\": 1, \"low\": 0, \"high\": 3}}"}
{"op_code":5,"worker_id":"0266f42d-d218-47fe-8295-2f766eb3da82-140037709906048","trial_id":16,"param_name":"stop_k","param_value_internal":6.0,"distribution":"{\"name\": \"IntDistribution\", \"attributes\": {\"log\": false, \"step\": 1, \"low\": 0, \"high\": 6}}"}
{"op_code":7,"worker_id":"0266f42d-d218-47fe-8295-2f766eb3da82-140037709906048","trial_id":16,"step":1,"intermediate_value":-0.9350780882402597}
{"op_code":7,"worker_id":"0266f42d-d218-47fe-8295-2f766eb3da82-140037709906048","trial_id":16,"step":2,"intermediate_value":0.18415757834080873}
{"op_code":7,"worker_id":"0266f42d-d218-47fe-8295-2f766eb3da82-140037709906048","trial_id":16,"step":3,"intermediate_value":-0.208437109383686}
{"op_code":8,"worker_id":"0266f42d-d218-47fe-8295-2f766eb3da82-140037709906048","trial_id":16,"user_attr":{"n_trades":2616}}
{"op_code":8,"worker_id":"0266f42d-d218-47fe-8295-2f766eb3da82-140037709906048","trial_id":16,"user_attr":{"cagr":-0.022033166159049822}}
{"op_code":8,"worker_id":"0266f42d-d218-47fe-8295-2f766eb3da82-140037709906048","trial_id":16,"user_attr":{"max_drawdown":-0.17080206193200909}}
{"op_code":8,"worker_id":"0266f42d-d218-47fe-8295-2f766eb3da82-140037709906048","trial_id":16,"user_attr":{"sharpe_raw":-0.208437109383686}}
{"op_code":6,"worker_id":"0266f42d-d218-47fe-8295-2f766eb3da82-140037709906048","trial_id":16,"state":1,"values":[-0.208437109383686],"datetime_complete":"2026-09-30T17:18:54.510718+00:00"}
{"op_code":4,"worker_id":"0266f42d-d218-47fe-8295-2f766eb3da82-140037709906048","study_id":0,"datetime_start":"2026-09-30T17:18:54.511298+00:00"}
{"op_code":9,"worker_id":"0266f42d-d218-47fe-8295-2f766eb3da82-140037709906048","trial_id":17,"system_attr":{"tpe:relative_params:0":"{\"alpha\": 3, \"entry_z\": 4, \"exit_z\": 0, \"lookback\": 1, \"max_hold\": 2, \"stop_k\": 5, \"threshold\": 3, \"z_window\": 1}"}}
{"op_code":5,"worker_id":"0266f42d-d218-47fe-8295-2f766eb3da82-140037709906048","trial_id":17,"param_name":"lookback","param_value_internal":1.0,"distribution":"{\"name\": \"IntDistribution\", \"attributes\": {\"log\": false, \"step\": 1, \"low\": 0, \"high\": 2}}"}
{"op_code":5,"worker_id":"0266f42d-d218-47fe-8295-2f766eb3da82-140037709906048","trial_id":17,"param_name":"threshold","param_value_internal":3.0,"distribution":"{\"name\": \"IntDistribution\", \"attributes\": {\"log\": false, \"step\": 1, \"low\": 0, \"high\": 6}}"}
{"op_code":5,"worker_id":"0266f42d-d218-47fe-8295-2f766eb3da82-140037709906048","trial_id":17,"param_name":"alpha","param_value_internal":3.0,"distribution":"{\"name\": \"IntDistribution\", \"attributes\": {\"log\": false, \"step\": 1, \"low\": 0, \"high\": 3}}"}
{"op_code":5,"worker_id":"0266f42d-d218-47fe-8295-2f766eb3da82-140037709906048","trial_id":17,"param_name":"z_window","param_value_internal":1.0,"distribution":"{\"name\": \"IntDistribution\", \"attributes\": {\"log\": false, \"step\": 1, \"low\": 0, \"high\": 2}}"}
{"op_code":5,"worker_id":"0266f42d-d218-47fe-8295-2f766eb3da82-140037709906048","trial_id":17,"param_name":"entry_z","param_value_internal":4.0,"distribution":"{\"name\": \"IntDistribution\", \"attributes\": {\"log\": false, \"step\": 1, \"low\": 0, \"high\": 6}}"}
{"op_code":5,"worker_id":"0266f42d-d218-47fe-8295-2f766eb3da82-140037709906048","trial_id":17,"param_name":"exit_z","param_value_internal":0.0,"distribution":"{\"name\": \"IntDistribution\", \"attributes\": {\"log\": false, \"step\": 1, \"low\": 0, \"high\": 4}}"}
{"op_code":5,"worker_id":"0266f42d-d218-47fe-8295-2f766eb3da82-140037709906048","trial_id":17,"param_name":"max_hold","param_value_internal":2.0,"distribution":"{\"name\": \"IntDistribution\", \"attributes\": {\"log\": false, \"step\": 1, \"low\": 0, \"high\": 3}}"}
{"op_code":5,"worker_id":"0266f42d-d218-47fe-8295-2f766eb3da82-140037709906048","trial_id":17,"param_name":"stop_k","param_value_internal":5.0,"distribution":"{\"name\": \"IntDistribution\", \"attributes\": {\"log\": false, \"step\": 1, \"low\": 0, \"high\": 6}}"}
{"op_code":7,"worker_id":"0266f42d-d218-47fe-8295-2f766eb3da82-140037709906048","trial_id":17,"step":1,"intermediate_value":-1.58018685017799}
{"op_code":6,"worker_id":"0266f42d-d218-47fe-8295-2f766eb3da82-140037709906048","trial_id":17,"state":2,"values":[-1.58018685017799],"datetime_complete":"2026-09-30T17:18:56.896594+00:00"}
{"op_code":4,"worker_id":"0266f42d-d218-47fe-8295-2f766eb3da82-140037709906048","study_id":0,"datetime_start":"2026-09-30T17:18:56.897318+00:00"}
{"op_code":9,"worker_id":"0266f42d-d218-47fe-8295-2f766eb3da82-140037709906048","trial_id":18,"system_attr":{"tpe:relative_params:0":"{\"alpha\": 3, \"entry_z\": 1, \"exit_z\": 2, \"lookback\": 0, \"max_hold\": 1, \"stop_k\": 6, \"threshold\": 5, \"z_window\": 0}"}}
{"op_code":5,"worker_id":"0266f42d-d218-47fe-8295-2f766eb3da82-140037709906048","trial_id":18,"param_name":"lookback","param_value_internal":0.0,"distribution":"{\"name\": \"IntDistribution\", \"attributes\": {\"log\": false, \"step\": 1, \"low\": 0, \"high\": 2}}"}
{"op_code":5,"worker_id":"0266f42d-d218-47fe-8295-2f766eb3da82-140037709906048","trial_id":18,"param_name":"threshold","param_value_internal":5.0,"distribution":"{\"name\": \"IntDistribution\", \"attributes\": {\"log\": false, \"step\": 1, \"low\": 0, \"high\": 6}}"}
{"op_code":5,"worker_id":"0266f42d-d218-47fe-8295-2f766eb3da82-140037709906048","trial_id":18,"param_name":"alpha","param_value_internal":3.0,"distribution":"{\"name\": \"IntDistribution\", \"attributes\": {\"log\": false, \"step\": 1, \"low\": 0, \"high\": 3}}"}
{"op_code":5,"worker_id":"0266f42d-d218-47fe-8295-2f766eb3da82-140037709906048","trial_id":18,"param_name":"z_window","param_value_internal":0.0,"distribution":"{\"name\": \"IntDistribution\", \"attributes\": {\"log\": false, \"step\": 1, \"low\": 0, \"high\": 2}}"}
{"op_code":5,"worker_id":"0266f42d-d218-47fe-8295-2f766eb3da82-140037709906048","trial_id":18,"param_name":"entry_z","param_value_internal":1.0,"distribution":"{\"name\": \"IntDistribution\", \"attributes\": {\"log\": false, \"step\": 1, \"low\": 0, \"high\": 6}}"}
{"op_code":5,"worker_id":"0266f42d-d218-47fe-8295-2f766eb3da82-140037709906048","trial_id":18,"param_name":"exit_z","param_value_internal":2.0,"distribution":"{\"name\": \"IntDistribution\", \"attributes\": {\"log\": false, \"step\": 1, \"low\": 0, \"high\": 4}}"}
{"op_code":5,"worker_id":"0266f42d-d218-47fe-8295-2f766eb3da82-140037709906048","trial_id":18,"param_name":"max_hold","param_value_internal":1.0,"distribution":"{\"name\": \"IntDistribution\", \"attributes\": {\"log\": false, \"step\": 1, \"low\": 0, \"high\": 3}}"}
{"op_code":5,"worker_id":"0266f42d-d218-47fe-8295-2f766eb3da82-140037709906048","trial_id":18,"param_name":"stop_k","param_value_internal":6.0,"distribution":"{\"name\": \"IntDistribution\", \"attributes\": {\"log\": false, \"step\": 1, \"low\": 0, \"high\": 6}}"}
{"op_code":7,"worker_id":"0266f42d-d218-47fe-8295-2f766eb3da82-140037709906048","trial_id":18,"step":1,"intermediate_value":-0.5356721853377362}
{"op_code":7,"worker_id":"0266f42d-d218-47fe-8295-2f766eb3da82-140037709906048","trial_id":18,"step":2,"intermediate_value":0.36653616678201406}
{"op_code":7,"worker_id":"0266f42d-d218-47fe-8295-2f766eb3da82-140037709906048","trial_id":18,"step":3,"intermediate_value":-0.41111852619418526}
{"op_code":8,"worker_id":"0266f42d-d218-47fe-8295-2f766eb3da82-140037709906048","trial_id":18,"user_attr":{"n_trades":2669}}
{"op_code":8,"worker_id":"0266f42d-d218-47fe-8295-2f766eb3da82-140037709906048","trial_id":18,"user_attr":{"cagr":-0.03773626232136251}}
{"op_code":8,"worker_id":"0266f42d-d218-47fe-8295-2f766eb3da82-140037709906048","trial_id":18,"user_attr":{"max_drawdown":-0.2566922113909318}}
{"op_code":8,"worker_id":"0266f42d-d218-47fe-8295-2f766eb3da82-140037709906048","trial_id":18,"user_attr":{"sharpe_raw":-0.41111852619418526}}
{"op_code":6,"worker_id":"0266f42d-d218-47fe-8295-2f766eb3da82-140037709906048","trial_id":18,"state":1,"values":[-0.41111852619418526],"datetime_complete":"2026-09-30T17:18:59.216956+00:00"}
{"op_code":4,"worker_id":"0266f42d-d218-47fe-8295-2f766eb3da82-140037709906048","study_id":0,"datetime_start":"2026-09-30T17:18:59.218111+00:00"}
{"op_code":9,"worker_id":"0266f42d-d218-47fe-8295-2f766eb3da82-140037709906048","trial_id":19,"system_attr":{"tpe:relative_params:0":"{\"alpha\": 3, \"entry_z\": 2, \"exit_z\": 0, \"lookback\": 0, \"max_hold\": 2, \"stop_k\": 4, \"threshold\": 3, \"z_window\": 0}"}}
{"op_code":5,"worker_id":"0266f42d-d218-47fe-8295-2f766eb3da82-140037709906048","trial_id":19,"param_name":"lookback","param_value_internal":0.0,"distribution":"{\"name\": \"IntDistribution\", \"attributes\": {\"log\": false, \"step\": 1, \"low\": 0, \"high\": 2}}"}
{"op_code":5,"worker_id":"0266f42d-d218-47fe-8295-2f766eb3da82-140037709906048","trial_id":19,"param_name":"threshold","param_value_internal":3.0,"distribution":"{\"name\": \"IntDistribution\", \"attributes\": {\"log\": false, \"step\": 1, \"low\": 0, \"high\": 6}}"}
{"op_code":5,"worker_id":"0266f42d-d218-47fe-8295-2f766eb3da82-140037709906048","trial_id":19,"param_name":"alpha","param_value_internal":3.0,"distribution":"{\"name\": \"IntDistribution\", \"attributes\": {\"log\": false, \"step\": 1, \"low\": 0, \"high\": 3}}"}
{"op_code":5,"worker_id":"0266f42d-d218-47fe-8295-2f766eb3da82-140037709906048","trial_id":19,"param_name":"z_window","param_value_internal":0.0,"distribution":"{\"name\": \"IntDistribution\", \"attributes\": {\"log\": false, \"step\": 1, \"low\": 0, \"high\": 2}}"}
{"op_code":5,"worker_id":"0266f42d-d218-47fe-8295-2f766eb3da82-140037709906048","trial_id":19,"param_name":"entry_z","param_value_internal":2.0,"distribution":"{\"name\": \"IntDistribution\", \"attributes\": {\"log\": false, \"step\": 1, \"low\": 0, \"high\": 6}}"}
{"op_code":5,"worker_id":"0266f42d-d218-47fe-8295-2f766eb3da82-140037709906048","trial_id":19,"param_name":"exit_z","param_value_internal":0.0,"distribution":"{\"name\": \"IntDistribution\", \"attributes\": {\"log\": false, \"step\": 1, \"low\": 0, \"high\": 4}}"}
{"op_code":5,"worker_id":"0266f42d-d218-47fe-8295-2f766eb3da82-140037709906048","trial_id":19,"param_name":"max_hold","param_value_internal":2.0,"distribution":"{\"name\": \"IntDistribution\", \"attributes\": {\"log\": false, \"step\": 1, \"low\": 0, \"high\": 3}}"}
{"op_code":5,"worker_id":"0266f42d-d218-47fe-8295-2f766eb3da82-140037709906048","trial_id":19,"param_name":"stop_k","param_value_internal":4.0,"distribution":"{\"name\": \"IntDistribution\", \"attributes\": {\"log\": false, \"step\": 1, \"low\": 0, \"high\": 6}}"}
{"op_code":7,"worker_id":"0266f42d-d218-47fe-8295-2f766eb3da82-140037709906048","trial_id":19,"step":1,"intermediate_value":-0.9047406138523431}
{"op_code":7,"worker_id":"0266f42d-d218-47fe-8295-2f766eb3da82-140037709906048","trial_id":19,"step":2,"intermediate_value":0.3538053015389555}
{"op_code":7,"worker_id":"0266f42d-d218-47fe-8295-2f766eb3da82-140037709906048","trial_id":19,"step":3,"intermediate_value":-0.11036056535899957}
{"op_code":8,"worker_id":"0266f42d-d218-47fe-8295-2f766eb3da82-140037709906048","trial_id":19,"user_attr":{"n_trades":2270}}
{"op_code":8,"worker_id":"0266f42d-d218-47fe-8295-2f766eb3da82-140037709906048","trial_id":19,"user_attr":{"cagr":-0.013391881740949407}}
{"op_code":8,"worker_id":"0266f42d-d218-47fe-8295-2f766eb3da82-140037709906048","trial_id":19,"user_attr":{"max_drawdown":-0.1526776881805182}}
{"op_code":8,"worker_id":"0266f42d-d218-47fe-8295-2f766eb3da82-140037709906048","trial_id":19,"user_attr":{"sharpe_raw":-0.11036056535899957}}
{"op_code":6,"worker_id":"0266f42d-d218-47fe-8295-2f766eb3da82-140037709906048","trial_id":19,"state":1,"values":[-0.11036056535899957],"datetime_complete":"2026-09-30T17:19:01.454674+00:00"}
{"op_code":4,"worker_id":"0266f42d-d218-47fe-8295-2f766eb3da82-140037709906048","study_id":0,"datetime_start":"2026-09-30T17:19:01.455223+00:00"}
{"op_code":9,"worker_id":"0266f42d-d218-47fe-8295-2f766eb3da82-140037709906048","trial_id":20,"system_attr":{"tpe:relative_params:0":"{\"alpha\": 2, \"entry_z\": 2, \"exit_z\": 1, \"lookback\": 1, \"max_hold\": 2, \"stop_k\": 5, \"threshold\": 4, \"z_window\": 1}"}}
{"op_code":5,"worker_id":"0266f42d-d218-47fe-8295-2f766eb3da82-140037709906048","trial_id":20,"param_name":"lookback","param_value_internal":1.0,"distribution":"{\"name\": \"IntDistribution\", \"attributes\": {\"log\": false, \"step\": 1, \"low\": 0, \"high\": 2}}"}
{"op_code":5,"worker_id":"0266f42d-d218-47fe-8295-2f766eb3da82-140037709906048","trial_id":20,"param_name":"threshold","param_value_internal":4.0,"distribution":"{\"name\": \"IntDistribution\", \"attributes\": {\"log\": false, \"step\": 1, \"low\": 0, \"high\": 6}}"}
{"op_code":5,"worker_id":"0266f42d-d218-47fe-8295-2f766eb3da82-140037709906048","trial_id":20,"param_name":"alpha","param_value_internal":2.0,"distribution":"{\"name\": \"IntDistribution\", \"attributes\": {\"log\": false, \"step\": 1, \"low\": 0, \"high\": 3}}"}
{"op_code":5,"worker_id":"0266f42d-d218-47fe-8295-2f766eb3da82-140037709906048","trial_id":20,"param_name":"z_window","param_value_internal":1.0,"distribution":"{\"name\": \"IntDistribution\", \"attributes\": {\"log\": false, \"step\": 1, \"low\": 0, \"high\": 2}}"}
{"op_code":5,"worker_id":"0266f42d-d218-47fe-8295-2f766eb3da82-140037709906048","trial_id":20,"param_name":"entry_z","param_value_internal":2.0,"distribution":"{\"name\": \"IntDistribution\", \"attributes\": {\"log\": false, \"step\": 1, \"low\": 0, \"high\": 6}}"}
{"op_code":5,"worker_id":"0266f42d-d218-47fe-8295-2f766eb3da82-140037709906048","trial_id":20,"param_name":"exit_z","param_value_internal":1.0,"distribution":"{\"name\": \"IntDistribution\", \"attributes\": {\"log\": false, \"step\": 1, \"low\": 0, \"high\": 4}}"}
{"op_code":5,"worker_id":"0266f42d-d218-47fe-8295-2f766eb3da82-140037709906048","trial_id":20,"param_name":"max_hold","param_value_internal":2.0,"distribution":"{\"name\": \"IntDistribution\", \"attributes\": {\"log\": false, \"step\": 1, \"low\": 0, \"high\": 3}}"}
{"op_code":5,"worker_id":"0266f42d-d218-47fe-8295-2f766eb3da82-140037709906048","trial_id":20,"param_name":"stop_k","param_value_internal":5.0,"distribution":"{\"name\": \"IntDistribution\", \"attributes\": {\"log\": false, \"step\": 1, \"low\": 0, \"high\": 6}}"}
{"op_code":7,"worker_id":"0266f42d-d218-47fe-8295-2f766eb3da82-140037709906048","trial_id":20,"step":1,"intermediate_value":-0.6541607280051971}
{"op_code":7,"worker_id":"0266f42d-d218-47fe-8295-2f766eb3da82-140037709906048","trial_id":20,"step":2,"intermediate_value":0.7258027781047525}
{"op_code":7,"worker_id":"0266f42d-d218-47fe-8295-2f766eb3da82-140037709906048","trial_id":20,"step":3,"intermediate_value":0.2855471977596525}
{"op_code":8,"worker_id":"0266f42d-d218-47fe-8295-2f766eb3da82-140037709906048","trial_id":20,"user_attr":{"n_trades":2411}}
{"op_code":8,"worker_id":"0266f42d-d218-47fe-8295-2f766eb3da82-140037709906048","trial_id":20,"user_attr":{"cagr":0.020325454505607743}}
{"op_code":8,"worker_id":"0266f42d-d218-47fe-8295-2f766eb3da82-140037709906048","trial_id":20,"user_attr":{"max_drawdown":-0.10831253192077284}}
{"op_code":8,"worker_id":"0266f42d-d218-47fe-8295-2f766eb3da82-140037709906048","trial_id":20,"user_attr":{"sharpe_raw":0.2855471977596525}}
{"op_code":6,"worker_id":"0266f42d-d218-47fe-8295-2f766eb3da82-140037709906048","trial_id":20,"state":1,"values":[0.2855471977596525],"datetime_complete":"2026-09-30T17:19:04.230139+00:00"}
{"op_code":4,"worker_id":"0266f42d-d218-47fe-8295-2f766eb3da82-140037709906048","study_id":0,"datetime_start":"2026-09-30T17:19:04.231258+00:00"}
{"op_code":9,"worker_id":"0266f42d-d218-47fe-8295-2f766eb3da82-140037709906048","trial_id":21,"system_attr":{"tpe:relative_params:0":"{\"alpha\": 2, \"entry_z\": 2, \"exit_z\": 0, \"lookback\": 0, \"max_hold\": 3, \"stop_k\": 6, \"threshold\": 5, \"z_window\": 0}"}}
{"op_code":5,"worker_id":"0266f42d-d218-47fe-8295-2f766eb3da82-140037709906048","trial_id":21,"param_name":"lookback","param_value_internal":0.0,"distribution":"{\"name\": \"IntDistribution\", \"attributes\": {\"log\": false, \"step\": 1, \"low\": 0, \"high\": 2}}"}
{"op_code":5,"worker_id":"0266f42d-d218-47fe-8295-2f766eb3da82-140037709906048","trial_id":21,"param_name":"threshold","param_value_internal":5.0,"distribution":"{\"name\": \"IntDistribution\", \"attributes\": {\"log\": false, \"step\": 1, \"low\": 0, \"high\": 6}}"}
{"op_code":5,"worker_id":"0266f42d-d218-47fe-8295-2f766eb3da82-140037709906048","trial_id":21,"param_name":"alpha","param_value_internal":2.0,"distribution":"{\"name\": \"IntDistribution\", \"attributes\": {\"log\": false, \"step\": 1, \"low\": 0, \"high\": 3}}"}
{"op_code":5,"worker_id":"0266f42d-d218-47fe-8295-2f766eb3da82-140037709906048","trial_id":21,"param_name":"z_window","param_value_internal":0.0,"distribution":"{\"name\": \"IntDistribution\", \"attributes\": {\"log\": false, \"step\": 1, \"low\": 0, \"high\": 2}}"}
{"op_code":5,"worker_id":"0266f42d-d218-47fe-8295-2f766eb3da82-140037709906048","trial_id":21,"param_name":"entry_z","param_value_internal":2.0,"distribution":"{\"name\": \"IntDistribution\", \"attributes\": {\"log\": false, \"step\": 1, \"low\": 0, \"high\": 6}}"}
{"op_code":5,"worker_id":"0266f42d-d218-47fe-8295-2f766eb3da82-140037709906048","trial_id":21,"param_name":"exit_z","param_value_internal":0.0,"distribution":"{\"name\": \"IntDistribution\", \"attributes\": {\"log\": false, \"step\": 1, \"low\": 0, \"high\": 4}}"}
{"op_code":5,"worker_id":"0266f42d-d218-47fe-8295-2f766eb3da82-140037709906048","trial_id":21,"param_name":"max_hold","param_value_internal":3.0,"distribution":"{\"name\": \"IntDistribution\", \"attributes\": {\"log\": false, \"step\": 1, \"low\": 0, \"high\": 3}}"}
{"op_code":5,"worker_id":"0266f42d-d218-47fe-8295-2f766eb3da82-140037709906048","trial_id":21,"param_name":"stop_k","param_value_internal":6.0,"distribution":"{\"name\": \"IntDistribution\", \"attributes\": {\"log\": false, \"step\": 1, \"low\": 0, \"high\": 6}}"}
{"op_code":7,"worker_id":"0266f42d-d218-47fe-8295-2f766eb3da82-140037709906048","trial_id":21,"step":1,"intermediate_value":0.04530071966713836}
{"op_code":7,"worker_id":"0266f42d-d218-47fe-8295-2f766eb3da82-140037709906048","trial_id":21,"step":2,"intermediate_value":0.7488616879180936}
{"op_code":7,"worker_id":"0266f42d-d218-47fe-8295-2f766eb3da82-140037709906048","trial_id":21,"step":3,"intermediate_value":-0.04248316360472256}
{"op_code":8,"worker_id":"0266f42d-d218-47fe-8295-2f766eb3da82-140037709906048","trial_id":21,"user_attr":{"n_trades":2245}}
{"op_code":8,"worker_id":"0266f42d-d218-47fe-8295-2f766eb3da82-140037709906048","trial_id":21,"user_attr":{"cagr":-0.007614045232242073}}
{"op_code":8,"worker_id":"0266f42d-d218-47fe-8295-2f766eb3da82-140037709906048","trial_id":21,"user_attr":{"max_drawdown":-0.2023366746970341}}
{"op_code":8,"worker_id":"0266f42d-d218-47fe-8295-2f766eb3da82-140037709906048","trial_id":21,"user_attr":{"sharpe_raw":-0.04248316360472256}}
{"op_code":6,"worker_id":"0266f42d-d218-47fe-8295-2f766eb3da82-140037709906048","trial_id":21,"state":1,"values":[-0.04248316360472256],"datetime_complete":"2026-09-30T17:19:06.492619+00:00"}
{"op_code":4,"worker_id":"0266f42d-d218-47fe-8295-2f766eb3da82-140037709906048","study_id":0,"datetime_start":"2026-09-30T17:19:06.493830+00:00"}
{"op_code":9,"worker_id":"0266f42d-d218-47fe-8295-2f766eb3da82-140037709906048","trial_id":22,"system_attr":{"tpe:relative_params:0":"{\"alpha\": 2, \"entry_z\": 2, \"exit_z\": 1, \"lookback\": 1, \"max_hold\": 2, \"stop_k\": 6, \"threshold\": 4, \"z_window\": 2}"}}
{"op_code":5,"worker_id":"0266f42d-d218-47fe-8295-2f766eb3da82-140037709906048","trial_id":22,"param_name":"lookback","param_value_internal":1.0,"distribution":"{\"name\": \"IntDistribution\", \"attributes\": {\"log\": false, \"step\": 1, \"low\": 0, \"high\": 2}}"}
{"op_code":5,"worker_id":"0266f42d-d218-47fe-8295-2f766eb3da82-140037709906048","trial_id":22,"param_name":"threshold","param_value_internal":4.0,"distribution":"{\"name\": \"IntDistribution\", \"attributes\": {\"log\": false, \"step\": 1, \"low\": 0, \"high\": 6}}"}
{"op_code":5,"worker_id":"0266f42d-d218-47fe-8295-2f766eb3da82-140037709906048","trial_id":22,"param_name":"alpha","param_value_internal":2.0,"distribution":"{\"name\": \"IntDistribution\", \"attributes\": {\"log\": false, \"step\": 1, \"low\": 0, \"high\": 3}}"}
{"op_code":5,"worker_id":"0266f42d-d218-47fe-8295-2f766eb3da82-140037709906048","trial_id":22,"param_name":"z_window","param_value_internal":2.0,"distribution":"{\"name\": \"IntDistribution\", \"attributes\": {\"log\": false, \"step\": 1, \"low\": 0, \"high\": 2}}"}
{"op_code":5,"worker_id":"0266f42d-d218-47fe-8295-2f766eb3da82-140037709906048","trial_id":22,"param_name":"entry_z","param_value_internal":2.0,"distribution":"{\"name\": \"IntDistribution\", \"attributes\": {\"log\": false, \"step\": 1, \"low\": 0, \"high\": 6}}"}
{"op_code":5,"worker_id":"0266f42d-d218-47fe-8295-2f766eb3da82-140037709906048","trial_id":22,"param_name":"exit_z","param_value_internal":1.0,"distribution":"{\"name\": \"IntDistribution\", \"attributes\": {\"log\": false, \"step\": 1, \"low\": 0, \"high\": 4}}"}
{"op_code":5,"worker_id":"0266f42d-d218-47fe-8295-2f766eb3da82-140037709906048","trial_id":22,"param_name":"max_hold","param_value_internal":2.0,"distribution":"{\"name\": \"IntDistribution\", \"attributes\": {\"log\": false, \"step\": 1, \"low\": 0, \"high\": 3}}"}
{"op_code":5,"worker_id":"0266f42d-d218-47fe-8295-2f766eb3da82-140037709906048","trial_id":22,"param_name":"stop_k","param_value_internal":6.0,"distribution":"{\"name\": \"IntDistribution\", \"attributes\": {\"log\": false, \"step\": 1, \"low\": 0, \"high\": 6}}"}
{"op_code":7,"worker_id":"0266f42d-d218-47fe-8295-2f766eb3da82-140037709906048","trial_id":22,"step":1,"intermediate_value":-0.8358738492396282}
{"op_code":7,"worker_id":"0266f42d-d218-47fe-8295-2f766eb3da82-140037709906048","trial_id":22,"step":2,"intermediate_value":0.23602073860403014}
{"op_code":7,"worker_id":"0266f42d-d218-47fe-8295-2f766eb3da82-140037709906048","trial_id":22,"step":3,"intermediate_value":-0.09752972539603531}
{"op_code":8,"worker_id":"0266f42d-d218-47fe-8295-2f766eb3da82-140037709906048","trial_id":22,"user_attr":{"n_trades":2301}}
{"op_code":8,"worker_id":"0266f42d-d218-47fe-8295-2f766eb3da82-140037709906048","trial_id":22,"user_attr":{"cagr":-0.012650728113938303}}
{"op_code":8,"worker_id":"0266f42d-d218-47fe-8295-2f766eb3da82-140037709906048","trial_id":22,"user_attr":{"max_drawdown":-0.1326988564127093}}
{"op_code":8,"worker_id":"0266f42d-d218-47fe-8295-2f766eb3da82-140037709906048","trial_id":22,"user_attr":{"sharpe_raw":-0.09752972539603531}}
{"op_code":6,"worker_id":"0266f42d-d218-47fe-8295-2f766eb3da82-140037709906048","trial_id":22,"state":1,"values":[-0.09752972539603531],"datetime_complete":"2026-09-30T17:19:09.327896+00:00"}
{"op_code":4,"worker_id":"0266f42d-d218-47fe-8295-2f766eb3da82-140037709906048","study_id":0,"datetime_start":"2026-09-30T17:19:09.328851+00:00"}
{"op_code":9,"worker_id":"0266f42d-d218-47fe-8295-2f766eb3da82-140037709906048","trial_id":23,"system_attr":{"tpe:relative_params:0":"{\"alpha\": 3, \"entry_z\": 2, \"exit_z\": 2, \"lookback\": 1, \"max_hold\": 2, \"stop_k\": 4, \"threshold\": 3, \"z_window\": 1}"}}
{"op_code":5,"worker_id":"0266f42d-d218-47fe-8295-2f766eb3da82-140037709906048","trial_id":23,"param_name":"lookback","param_value_internal":1.0,"distribution":"{\"name\": \"IntDistribution\", \"attributes\": {\"log\": false, \"step\": 1, \"low\": 0, \"high\": 2}}"}
{"op_code":5,"worker_id":"0266f42d-d218-47fe-8295-2f766eb3da82-140037709906048","trial_id":23,"param_name":"threshold","param_value_internal":3.0,"distribution":"{\"name\": \"IntDistribution\", \"attributes\": {\"log\": false, \"step\": 1, \"low\": 0, \"high\": 6}}"}
{"op_code":5,"worker_id":"0266f42d-d218-47fe-8295-2f766eb3da82-140037709906048","trial_id":23,"param_name":"alpha","param_value_internal":3.0,"distribution":"{\"name\": \"IntDistribution\", \"attributes\": {\"log\": false, \"step\": 1, \"low\": 0, \"high\": 3}}"}
{"op_code":5,"worker_id":"0266f42d-d218-47fe-8295-2f766eb3da82-140037709906048","trial_id":23,"param_name":"z_window","param_value_internal":1.0,"distribution":"{\"name\": \"IntDistribution\", \"attributes\": {\"log\": false, \"step\": 1, \"low\": 0, \"high\": 2}}"}
{"op_code":5,"worker_id":"0266f42d-d218-47fe-8295-2f766eb3da82-140037709906048","trial_id":23,"param_name":"entry_z","param_value_internal":2.0,"distribution":"{\"name\": \"IntDistribution\", \"attributes\": {\"log\": false, \"step\": 1, \"low\": 0, \"high\": 6}}"}
{"op_code":5,"worker_id":"0266f42d-d218-47fe-8295-2f766eb3da82-140037709906048","trial_id":23,"param_name":"exit_z","param_value_internal":2.0,"distribution":"{\"name\": \"IntDistribution\", \"attributes\": {\"log\": false, \"step\": 1, \"low\": 0, \"high\": 4}}"}
{"op_code":5,"worker_id":"0266f42d-d218-47fe-8295-2f766eb3da82-140037709906048","trial_id":23,"param_name":"max_hold","param_value_internal":2.0,"distribution":"{\"name\": \"IntDistribution\", \"attributes\": {\"log\": false, \"step\": 1, \"low\": 0, \"high\": 3}}"}
{"op_code":5,"worker_id":"0266f42d-d218-47fe-8295-2f766eb3da82-140037709906048","trial_id":23,"param_name":"stop_k","param_value_internal":4.0,"distribution":"{\"name\": \"IntDistribution\", \"attributes\": {\"log\": false, \"step\": 1, \"low\": 0, \"high\": 6}}"}
{"op_code":7,"worker_id":"0266f42d-d218-47fe-8295-2f766eb3da82-140037709906048","trial_id":23,"step":1,"intermediate_value":-0.7955758078136445}
{"op_code":7,"worker_id":"0266f42d-d218-47fe-8295-2f766eb3da82-140037709906048","trial_id":23,"step":2,"intermediate_value":0.3885739726301439}
{"op_code":7,"worker_id":"0266f42d-d218-47fe-8295-2f766eb3da82-140037709906048","trial_id":23,"step":3,"intermediate_value":-0.12518338848056468}
{"op_code":8,"worker_id":"0266f42d-d218-47fe-8295-2f766eb3da82-140037709906048","trial_id":23,"user_attr":{"n_trades":2587}}
{"op_code":8,"worker_id":"0266f42d-d218-47fe-8295-2f766eb3da82-140037709906048","trial_id":23,"user_attr":{"cagr":-0.014196803416109627}}
{"op_code":8,"worker_id":"0266f42d-d218-47fe-8295-2f766eb3da82-140037709906048","trial_id":23,"user_attr":{"max_drawdown":-0.14159576104387817}}
{"op_code":8,"worker_id":"0266f42d-d218-47fe-8295-2f766eb3da82-140037709906048","trial_id":23,"user_attr":{"sharpe_raw":-0.12518338848056468}}
{"op_code":6,"worker_id":"0266f42d-d218-47fe-8295-2f766eb3da82-140037709906048","trial_id":23,"state":1,"values":[-0.12518338848056468],"datetime_complete":"2026-09-30T17:19:09.685681+00:00"}
{"op_code":4,"worker_id":"0266f42d-d218-47fe-8295-2f766eb3da82-140037709906048","study_id":0,"datetime_start":"2026-09-30T17:19:09.686684+00:00"}
{"op_code":9,"worker_id":"0266f42d-d218-47fe-8295-2f766eb3da82-140037709906048","trial_id":24,"system_attr":{"tpe:relative_params:0":"{\"alpha\": 2, \"entry_z\": 2, \"exit_z\": 1, \"lookback\": 0, \"max_hold\": 3, \"stop_k\": 6, \"threshold\": 5, \"z_window\": 0}"}}
{"op_code":5,"worker_id":"0266f42d-d218-47fe-8295-2f766eb3da82-140037709906048","trial_id":24,"param_name":"lookback","param_value_internal":0.0,"distribution":"{\"name\": \"IntDistribution\", \"attributes\": {\"log\": false, \"step\": 1, \"low\": 0, \"high\": 2}}"}
{"op_code":5,"worker_id":"0266f42d-d218-47fe-8295-2f766eb3da82-140037709906048","trial_id":24,"param_name":"threshold","param_value_internal":5.0,"distribution":"{\"name\": \"IntDistribution\", \"attributes\": {\"log\": false, \"step\": 1, \"low\": 0, \"high\": 6}}"}
{"op_code":5,"worker_id":"0266f42d-d218-47fe-8295-2f766eb3da82-140037709906048","trial_id":24,"param_name":"alpha","param_value_internal":2.0,"distribution":"{\"name\": \"IntDistribution\", \"attributes\": {\"log\": false, \"step\": 1, \"low\": 0, \"high\": 3}}"}
{"op_code":5,"worker_id":"0266f42d-d218-47fe-8295-2f766eb3da82-140037709906048","trial_id":24,"param_name":"z_window","param_value_internal":0.0,"distribution":"{\"name\": \"IntDistribution\", \"attributes\": {\"log\": false, \"step\": 1, \"low\": 0, \"high\": 2}}"}
{"op_code":5,"worker_id":"0266f42d-d218-47fe-8295-2f766eb3da82-140037709906048","trial_id":24,"param_name":"entry_z","param_value_internal":2.0,"distribution":"{\"name\": \"IntDistribution\", \"attributes\": {\"log\": false, \"step\": 1, \"low\": 0, \"high\": 6}}"}
{"op_code":5,"worker_id":"0266f42d-d218-47fe-8295-2f766eb3da82-140037709906048","trial_id":24,"param_name":"exit_z","param_value_internal":1.0,"distribution":"{\"name\": \"IntDistribution\", \"attributes\": {\"log\": false, \"step\": 1, \"low\": 0, \"high\": 4}}"}
{"op_code":5,"worker_id":"0266f42d-d218-47fe-8295-2f766eb3da82-140037709906048","trial_id":24,"param_name":"max_hold","param_value_internal":3.0,"distribution":"{\"name\": \"IntDistribution\", \"attributes\": {\"log\": false, \"step\": 1, \"low\": 0, \"high\": 3}}"}
{"op_code":5,"worker_id":"0266f42d-d218-47fe-8295-2f766eb3da82-140037709906048","trial_id":24,"param_name":"stop_k","param_value_internal":6.0,"distribution":"{\"name\": \"IntDistribution\", \"attributes\": {\"log\": false, \"step\": 1, \"low\": 0, \"high\": 6}}"}
{"op_code":7,"worker_id":"0266f42d-d218-47fe-8295-2f766eb3da82-140037709906048","trial_id":24,"step":1,"intermediate_value":-0.3621438883106589}
{"op_code":7,"worker_id":"0266f42d-d218-47fe-8295-2f766eb3da82-140037709906048","trial_id":24,"step":2,"intermediate_value":0.2695905043566461}
{"op_code":7,"worker_id":"0266f42d-d218-47fe-8295-2f766eb3da82-140037709906048","trial_id":24,"step":3,"intermediate_value":-0.07940204757994247}
{"op_code":8,"worker_id":"0266f42d-d218-47fe-8295-2f766eb3da82-140037709906048","trial_id":24,"user_attr":{"n_trades":2467}}
{"op_code":8,"worker_id":"0266f42d-d218-47fe-8295-2f766eb3da82-140037709906048","trial_id":24,"user_attr":{"cagr":-0.010430686874115414}}
{"op_code":8,"worker_id":"0266f42d-d218-47fe-8295-2f766eb3da82-140037709906048","trial_id":24,"user_attr":{"max_drawdown":-0.16149369554953308}}
{"op_code":8,"worker_id":"0266f42d-d218-47fe-8295-2f766eb3da82-140037709906048","trial_id":24,"user_attr":{"sharpe_raw":-0.07940204757994247}}
{"op_code":6,"worker_id":"0266f42d-d218-47fe-8295-2f766eb3da82-140037709906048","trial_id":24,"state":1,"values":[-0.07940204757994247],"datetime_complete":"2026-09-30T17:19:10.011364+00:00"}
{"op_code":4,"worker_id":"0266f42d-d218-47fe-8295-2f766eb3da82-140037709906048","study_id":0,"datetime_start":"2026-09-30T17:19:10.012395+00:00"}
{"op_code":9,"worker_id":"0266f42d-d218-47fe-8295-2f766eb3da82-140037709906048","trial_id":25,"system_attr":{"tpe:relative_params:0":"{\"alpha\": 1, \"entry_z\": 1, \"exit_z\": 0, \"lookback\": 1, \"max_hold\": 3, \"stop_k\": 5, \"threshold\": 4, \"z_window\": 1}"}}
{"op_code":5,"worker_id":"0266f42d-d218-47fe-8295-2f766eb3da82-140037709906048","trial_id":25,"param_name":"lookback","param_value_internal":1.0,"distribution":"{\"name\": \"IntDistribution\", \"attributes\": {\"log\": false, \"step\": 1, \"low\": 0, \"high\": 2}}"}
{"op_code":5,"worker_id":"0266f42d-d218-47fe-8295-2f766eb3da82-140037709906048","trial_id":25,"param_name":"threshold","param_value_internal":4.0,"distribution":"{\"name\": \"IntDistribution\", \"attributes\": {\"log\": false, \"step\": 1, \"low\": 0, \"high\": 6}}"}
{"op_code":5,"worker_id":"0266f42d-d218-47fe-8295-2f766eb3da82-140037709906048","trial_id":25,"param_name":"alpha","param_value_internal":1.0,"distribution":"{\"name\": \"IntDistribution\", \"attributes\": {\"log\": false, \"step\": 1, \"low\": 0, \"high\": 3}}"}
{"op_code":5,"worker_id":"0266f42d-d218-47fe-8295-2f766eb3da82-140037709906048","trial_id":25,"param_name":"z_window","param_value_internal":1.0,"distribution":"{\"name\": \"IntDistribution\", \"attributes\": {\"log\": false, \"step\": 1, \"low\": 0, \"high\": 2}}"}
{"op_code":5,"worker_id":"0266f42d-d218-47fe-8295-2f766eb3da82-140037709906048","trial_id":25,"param_name":"entry_z","param_value_internal":1.0,"distribution":"{\"name\": \"IntDistribution\", \"attributes\": {\"log\": false, \"step\": 1, \"low\": 0, \"high\": 6}}"}
{"op_code":5,"worker_id":"0266f42d-d218-47fe-8295-2f766eb3da82-140037709906048","trial_id":25,"param_name":"exit_z","param_value_internal":0.0,"distribution":"{\"name\": \"IntDistribution\", \"attributes\": {\"log\": false, \"step\": 1, \"low\": 0, \"high\": 4}}"}
{"op_code":5,"worker_id":"0266f42d-d218-47fe-8295-2f766eb3da82-140037709906048","trial_id":25,"param_name":"max_hold","param_value_internal":3.0,"distribution":"{\"name\": \"IntDistribution\", \"attributes\": {\"log\": false, \"step\": 1, \"low\": 0, \"high\": 3}}"}
{"op_code":5,"worker_id":"0266f42d-d218-47fe-8295-2f766eb3da82-140037709906048","trial_id":25,"param_name":"stop_k","param_value_internal":5.0,"distribution":"{\"name\": \"IntDistribution\", \"attributes\": {\"log\": false, \"step\": 1, \"low\": 0, \"high\": 6}}"}
{"op_code":7,"worker_id":"0266f42d-d218-47fe-8295-2f766eb3da82-140037709906048","trial_id":25,"step":1,"intermediate_value":-1.1591711457871863}
{"op_code":7,"worker_id":"0266f42d-d218-47fe-8295-2f766eb3da82-140037709906048","trial_id":25,"step":2,"intermediate_value":0.5203681039373832}
{"op_code":7,"worker_id":"0266f42d-d218-47fe-8295-2f766eb3da82-140037709906048","trial_id":25,"step":3,"intermediate_value":0.04659766214035291}
{"op_code":8,"worker_id":"0266f42d-d218-47fe-8295-2f766eb3da82-140037709906048","trial_id":25,"user_attr":{"n_trades":2261}}
{"op_code":8,"worker_id":"0266f42d-d218-47fe-8295-2f766eb3da82-140037709906048","trial_id":25,"user_attr":{"cagr":0.0003415004933611243}}
{"op_code":8,"worker_id":"0266f42d-d218-47fe-8295-2f766eb3da82-140037709906048","trial_id":25,"user_attr":{"max_drawdown":-0.1516337579325009}}
{"op_code":8,"worker_id":"0266f42d-d218-47fe-8295-2f766eb3da82-140037709906048","trial_id":25,"user_attr":{"sharpe_raw":0.04659766214035291}}
{"op_code":6,"worker_id":"0266f42d-d218-47fe-8295-2f766eb3da82-140037709906048","trial_id":25,"state":1,"values":[0.04659766214035291],"datetime_complete":"2026-09-30T17:19:12.596489+00:00"}
{"op_code":4,"worker_id":"0266f42d-d218-47fe-8295-2f766eb3da82-140037709906048","study_id":0,"datetime_start":"2026-09-30T17:19:12.597305+00:00"}
{"op_code":9,"worker_id":"0266f42d-d218-47fe-8295-2f766eb3da82-140037709906048","trial_id":26,"system_attr":{"tpe:relative_params:0":"{\"alpha\": 1, \"entry_z\": 1, \"exit_z\": 0, \"lookback\": 1, \"max_hold\": 2, \"stop_k\": 5, \"threshold\": 4, \"z_window\": 2}"}}
{"op_code":5,"worker_id":"0266f42d-d218-47fe-8295-2f766eb3da82-140037709906048","trial_id":26,"param_name":"lookback","param_value_internal":1.0,"distribution":"{\"name\": \"IntDistribution\", \"attributes\": {\"log\": false, \"step\": 1, \"low\": 0, \"high\": 2}}"}
{"op_code":5,"worker_id":"0266f42d-d218-47fe-8295-2f766eb3da82-140037709906048","trial_id":26,"param_name":"threshold","param_value_internal":4.0,"distribution":"{\"name\": \"IntDistribution\", \"attributes\": {\"log\": false, \"step\": 1, \"low\": 0, \"high\": 6}}"}
{"op_code":5,"worker_id":"0266f42d-d218-47fe-8295-2f766eb3da82-140037709906048","trial_id":26,"param_name":"alpha","param_value_internal":1.0,"distribution":"{\"name\": \"IntDistribution\", \"attributes\": {\"log\": false, \"step\": 1, \"low\": 0, \"high\": 3}}"}
{"op_code":5,"worker_id":"0266f42d-d218-47fe-8295-2f766eb3da82-140037709906048","trial_id":26,"param_name":"z_window","param_value_internal":2.0,"distribution":"{\"name\": \"IntDistribution\", \"attributes\": {\"log\": false, \"step\": 1, \"low\": 0, \"high\": 2}}"}
{"op_code":5,"worker_id":"0266f42d-d218-47fe-8295-2f766eb3da82-140037709906048","trial_id":26,"param_name":"entry_z","param_value_internal":1.0,"distribution":"{\"name\": \"IntDistribution\", \"attributes\": {\"log\": false, \"step\": 1, \"low\": 0, \"high\": 6}}"}
{"op_code":5,"worker_id":"0266f42d-d218-47fe-8295-2f766eb3da82-140037709906048","trial_id":26,"param_name":"exit_z","param_value_internal":0.0,"distribution":"{\"name\": \"IntDistribution\", \"attributes\": {\"log\": false, \"step\": 1, \"low\": 0, \"high\": 4}}"}
{"op_code":5,"worker_id":"0266f42d-d218-47fe-8295-2f766eb3da82-140037709906048","trial_id":26,"param_name":"max_hold","param_value_internal":2.0,"distribution":"{\"name\": \"IntDistribution\", \"attributes\": {\"log\": false, \"step\": 1, \"low\": 0, \"high\": 3}}"}
{"op_code":5,"worker_id":"0266f42d-d218-47fe-8295-2f766eb3da82-140037709906048","trial_id":26,"param_name":"stop_k","param_value_internal":5.0,"distribution":"{\"name\": \"IntDistribution\", \"attributes\": {\"log\": false, \"step\": 1, \"low\": 0, \"high\": 6}}"}
{"op_code":7,"worker_id":"0266f42d-d218-47fe-8295-2f766eb3da82-140037709906048","trial_id":26,"step":1,"intermediate_value":-0.9184621652301104}
{"op_code":7,"worker_id":"0266f42d-d218-47fe-8295-2f766eb3da82-140037709906048","trial_id":26,"step":2,"intermediate_value":0.5364573176730879}
{"op_code":7,"worker_id":"0266f42d-d218-47fe-8295-2f766eb3da82-140037709906048","trial_id":26,"step":3,"intermediate_value":0.21772268657330907}
{"op_code":8,"worker_id":"0266f42d-d218-47fe-8295-2f766eb3da82-140037709906048","trial_id":26,"user_attr":{"n_trades":2182}}
{"op_code":8,"worker_id":"0266f42d-d218-47fe-8295-2f766eb3da82-140037709906048","trial_id":26,"user_attr":{"cagr":0.015240869650065436}}
{"op_code":8,"worker_id":"0266f42d-d218-47fe-8295-2f766eb3da82-140037709906048","trial_id":26,"user_attr":{"max_drawdown":-0.12688319436261208}}
{"op_code":8,"worker_id":"0266f42d-d218-47fe-8295-2f766eb3da82-140037709906048","trial_id":26,"user_attr":{"sharpe_raw":0.21772268657330907}}
{"op_code":6,"worker_id":"0266f42d-d218-47fe-8295-2f766eb3da82-140037709906048","trial_id":26,"state":1,"values":[0.21772268657330907],"datetime_complete":"2026-09-30T17:19:15.458621+00:00"}
{"op_code":4,"worker_id":"0266f42d-d218-47fe-8295-2f766eb3da82-140037709906048","study_id":0,"datetime_start":"2026-09-30T17:19:15.459665+00:00"}
{"op_code":9,"worker_id":"0266f42d-d218-47fe-8295-2f766eb3da82-140037709906048","trial_id":27,"system_attr":{"tpe:relative_params:0":"{\"alpha\": 2, \"entry_z\": 0, \"exit_z\": 0, \"lookback\": 1, \"max_hold\": 2, \"stop_k\": 5, \"threshold\": 4, \"z_window\": 2}"}}
{"op_code":5,"worker_id":"0266f42d-d218-47fe-8295-2f766eb3da82-140037709906048","trial_id":27,"param_name":"lookback","param_value_internal":1.0,"distribution":"{\"name\": \"IntDistribution\", \"attributes\": {\"log\": false, \"step\": 1, \"low\": 0, \"high\": 2}}"}
{"op_code":5,"worker_id":"0266f42d-d218-47fe-8295-2f766eb3da82-140037709906048","trial_id":27,"param_name":"threshold","param_value_internal":4.0,"distribution":"{\"name\": \"IntDistribution\", \"attributes\": {\"log\": false, \"step\": 1, \"low\": 0, \"high\": 6}}"}
{"op_code":5,"worker_id":"0266f42d-d218-47fe-8295-2f766eb3da82-140037709906048","trial_id":27,"param_name":"alpha","param_value_internal":2.0,"distribution":"{\"name\": \"IntDistribution\", \"attributes\": {\"log\": false, \"step\": 1, \"low\": 0, \"high\": 3}}"}
{"op_code":5,"worker_id":"0266f42d-d218-47fe-8295-2f766eb3da82-140037709906048","trial_id":27,"param_name":"z_window","param_value_internal":2.0,"distribution":"{\"name\": \"IntDistribution\", \"attributes\": {\"log\": false, \"step\": 1, \"low\": 0, \"high\": 2}}"}
{"op_code":5,"worker_id":"0266f42d-d218-47fe-8295-2f766eb3da82-140037709906048","trial_id":27,"param_name":"entry_z","param_value_internal":0.0,"distribution":"{\"name\": \"IntDistribution\", \"attributes\": {\"log\": false, \"step\": 1, \"low\": 0, \"high\": 6}}"}
{"op_code":5,"worker_id":"0266f42d-d218-47fe-8295-2f766eb3da82-140037709906048","trial_id":27,"param_name":"exit_z","param_value_internal":0.0,"distribution":"{\"name\": \"IntDistribution\", \"attributes\": {\"log\": false, \"step\": 1, \"low\": 0, \"high\": 4}}"}
{"op_code":5,"worker_id":"0266f42d-d218-47fe-8295-2f766eb3da82-140037709906048","trial_id":27,"param_name":"max_hold","param_value_internal":2.0,"distribution":"{\"name\": \"IntDistribution\", \"attributes\": {\"log\": false, \"step\": 1, \"low\": 0, \"high\": 3}}"}
{"op_code":5,"worker_id":"0266f42d-d218-47fe-8295-2f766eb3da82-140037709906048","trial_id":27,"param_name":"stop_k","param_value_internal":5.0,"distribution":"{\"name\": \"IntDistribution\", \"attributes\": {\"log\": false, \"step\": 1, \"low\": 0, \"high\": 6}}"}
{"op_code":7,"worker_id":"0266f42d-d218-47fe-8295-2f766eb3da82-140037709906048","trial_id":27,"step":1,"intermediate_value":-1.584109332430797}
{"op_code":6,"worker_id":"0266f42d-d218-47fe-8295-2f766eb3da82-140037709906048","trial_id":27,"state":2,"values":[-1.584109332430797],"datetime_complete":"2026-09-30T17:19:15.637964+00:00"}
{"op_code":4,"worker_id":"0266f42d-d218-47fe-8295-2f766eb3da82-140037709906048","study_id":0,"datetime_start":"2026-09-30T17:19:15.638937+00:00"}
{"op_code":9,"worker_id":"0266f42d-d218-47fe-8295-2f766eb3da82-140037709906048","trial_id":28,"system_attr":{"tpe:relative_params:0":"{\"alpha\": 2, \"entry_z\": 2, \"exit_z\": 1, \"lookback\": 0, \"max_hold\": 2, \"stop_k\": 6, \"threshold\": 5, \"z_window\": 1}"}}
{"op_code":5,"worker_id":"0266f42d-d218-47fe-8295-2f766eb3da82-140037709906048","trial_id":28,"param_name":"lookback","param_value_internal":0.0,"distribution":"{\"name\": \"IntDistribution\", \"attributes\": {\"log\": false, \"step\": 1, \"low\": 0, \"high\": 2}}"}
{"op_code":5,"worker_id":"0266f42d-d218-47fe-8295-2f766eb3da82-140037709906048","trial_id":28,"param_name":"threshold","param_value_internal":5.0,"distribution":"{\"name\": \"IntDistribution\", \"attributes\": {\"log\": false, \"step\": 1, \"low\": 0, \"high\": 6}}"}
{"op_code":5,"worker_id":"0266f42d-d218-47fe-8295-2f766eb3da82-140037709906048","trial_id":28,"param_name":"alpha","param_value_internal":2.0,"distribution":"{\"name\": \"IntDistribution\", \"attributes\": {\"log\": false, \"step\": 1, \"low\": 0, \"high\": 3}}"}
{"op_code":5,"worker_id":"0266f42d-d218-47fe-8295-2f766eb3da82-140037709906048","trial_id":28,"param_name":"z_window","param_value_internal":1.0,"distribution":"{\"name\": \"IntDistribution\", \"attributes\": {\"log\": false, \"step\": 1, \"low\": 0, \"high\": 2}}"}
{"op_code":5,"worker_id":"0266f42d-d218-47fe-8295-2f766eb3da82-140037709906048","trial_id":28,"param_name":"entry_z","param_value_internal":2.0,"distribution":"{\"name\": \"IntDistribution\", \"attributes\": {\"log\": false, \"step\": 1, \"low\": 0, \"high\": 6}}"}
{"op_code":5,"worker_id":"0266f42d-d218-47fe-8295-2f766eb3da82-140037709906048","trial_id":28,"param_name":"exit_z","param_value_internal":1.0,"distribution":"{\"name\": \"IntDistribution\", \"attributes\": {\"log\": false, \"step\": 1, \"low\": 0, \"high\": 4}}"}
{"op_code":5,"worker_id":"0266f42d-d218-47fe-8295-2f766eb3da82-140037709906048","trial_id":28,"param_name":"max_hold","param_value_internal":2.0,"distribution":"{\"name\": \"IntDistribution\", \"attributes\": {\"log\": false, \"step\": 1, \"low\": 0, \"high\": 3}}"}
{"op_code":5,"worker_id":"0266f42d-d218-47fe-8295-2f766eb3da82-140037709906048","trial_id":28,"param_name":"stop_k","param_value_internal":6.0,"distribution":"{\"name\": \"IntDistribution\", \"attributes\": {\"log\": false, \"step\": 1, \"low\": 0, \"high\": 6}}"}
{"op_code":7,"worker_id":"0266f42d-d218-47fe-8295-2f766eb3da82-140037709906048","trial_id":28,"step":1,"intermediate_value":-0.7152430111118842}
{"op_code":7,"worker_id":"0266f42d-d218-47fe-8295-2f766eb3da82-140037709906048","trial_id":28,"step":2,"intermediate_value":0.3760479139102505}
{"op_code":7,"worker_id":"0266f42d-d218-47fe-8295-2f766eb3da82-140037709906048","trial_id":28,"step":3,"intermediate_value":-0.06058566430222222}
{"op_code":8,"worker_id":"0266f42d-d218-47fe-8295-2f766eb3da82-140037709906048","trial_id":28,"user_attr":{"n_trades":2428}}
{"op_code":8,"worker_id":"0266f42d-d218-47fe-8295-2f766eb3da82-140037709906048","trial_id":28,"user_attr":{"cagr":-0.009028520461803358}}
{"op_code":8,"worker_id":"0266f42d-d218-47fe-8295-2f766eb3da82-140037709906048","trial_id":28,"user_attr":{"max_drawdown":-0.15451802010873106}}
{"op_code":8,"worker_id":"0266f42d-d218-47fe-8295-2f766eb3da82-140037709906048","trial_id":28,"user_attr":{"sharpe_raw":-0.06058566430222222}}
{"op_code":6,"worker_id":"0266f42d-d218-47fe-8295-2f766eb3da82-140037709906048","trial_id":28,"state":1,"values":[-0.06058566430222222],"datetime_complete":"2026-09-30T17:19:17.830760+00:00"}
{"op_code":4,"worker_id":"0266f42d-d218-47fe-8295-2f766eb3da82-140037709906048","study_id":0,"datetime_start":"2026-09-30T17:19:17.831816+00:00"}
{"op_code":9,"worker_id":"0266f42d-d218-47fe-8295-2f766eb3da82-140037709906048","trial_id":29,"system_attr":{"tpe:relative_params:0":"{\"alpha\": 1, \"entry_z\": 0, \"exit_z\": 1, \"lookback\": 1, \"max_hold\": 2, \"stop_k\": 5, \"threshold\": 3, \"z_window\": 2}"}}
{"op_code":5,"worker_id":"0266f42d-d218-47fe-8295-2f766eb3da82-140037709906048","trial_id":29,"param_name":"lookback","param_value_internal":1.0,"distribution":"{\"name\": \"IntDistribution\", \"attributes\": {\"log\": false, \"step\": 1, \"low\": 0, \"high\": 2}}"}
{"op_code":5,"worker_id":"0266f42d-d218-47fe-8295-2f766eb3da82-140037709906048","trial_id":29,"param_name":"threshold","param_value_internal":3.0,"distribution":"{\"name\": \"IntDistribution\", \"attributes\": {\"log\": false, \"step\": 1, \"low\": 0, \"high\": 6}}"}
{"op_code":5,"worker_id":"0266f42d-d218-47fe-8295-2f766eb3da82-140037709906048","trial_id":29,"param_name":"alpha","param_value_internal":1.0,"distribution":"{\"name\": \"IntDistribution\", \"attributes\": {\"log\": false, \"step\": 1, \"low\": 0, \"high\": 3}}"}
{"op_code":5,"worker_id":"0266f42d-d218-47fe-8295-2f766eb3da82-140037709906048","trial_id":29,"param_name":"z_window","param_value_internal":2.0,"distribution":"{\"name\": \"IntDistribution\", \"attributes\": {\"log\": false, \"step\": 1, \"low\": 0, \"high\": 2}}"}
{"op_code":5,"worker_id":"0266f42d-d218-47fe-8295-2f766eb3da82-140037709906048","trial_id":29,"param_name":"entry_z","param_value_internal":0.0,"distribution":"{\"name\": \"IntDistribution\", \"attributes\": {\"log\": false, \"step\": 1, \"low\": 0, \"high\": 6}}"}
{"op_code":5,"worker_id":"0266f42d-d218-47fe-8295-2f766eb3da82-140037709906048","trial_id":29,"param_name":"exit_z","param_value_internal":1.0,"distribution":"{\"name\": \"IntDistribution\", \"attributes\": {\"log\": false, \"step\": 1, \"low\": 0, \"high\": 4}}"}
{"op_code":5,"worker_id":"0266f42d-d218-47fe-8295-2f766eb3da82-140037709906048","trial_id":29,"param_name":"max_hold","param_value_internal":2.0,"distribution":"{\"name\": \"IntDistribution\", \"attributes\": {\"log\": false, \"step\": 1, \"low\": 0, \"high\": 3}}"}
{"op_code":5,"worker_id":"0266f42d-d218-47fe-8295-2f766eb3da82-140037709906048","trial_id":29,"param_name":"stop_k","param_value_internal":5.0,"distribution":"{\"name\": \"IntDistribution\", \"attributes\": {\"log\": false, \"step\": 1, \"low\": 0, \"high\": 6}}"}
{"op_code":7,"worker_id":"0266f42d-d218-47fe-8295-2f766eb3da82-140037709906048","trial_id":29,"step":1,"intermediate_value":-0.8343851195182493}
{"op_code":7,"worker_id":"0266f42d-d218-47fe-8295-2f766eb3da82-140037709906048","trial_id":29,"step":2,"intermediate_value":0.21989663295667175}
{"op_code":6,"worker_id":"0266f42d-d218-47fe-8295-2f766eb3da82-140037709906048","trial_id":29,"state":2,"values":[0.21989663295667175],"datetime_complete":"2026-09-30T17:19:20.469830+00:00"}
{"op_code":4,"worker_id":"0266f42d-d218-47fe-8295-2f766eb3da82-140037709906048","study_id":0,"datetime_start":"2026-09-30T17:19:20.470513+00:00"}
{"op_code":9,"worker_id":"0266f42d-d218-47fe-8295-2f766eb3da82-140037709906048","trial_id":30,"system_attr":{"tpe:relative_params:0":"{\"alpha\": 1, \"entry_z\": 2, \"exit_z\": 0, \"lookback\": 1, \"max_hold\": 1, \"stop_k\": 4, \"threshold\": 3, \"z_window\": 1}"}}
{"op_code":5,"worker_id":"0266f42d-d218-47fe-8295-2f766eb3da82-140037709906048","trial_id":30,"param_name":"lookback","param_value_internal":1.0,"distribution":"{\"name\": \"IntDistribution\", \"attributes\": {\"log\": false, \"step\": 1, \"low\": 0, \"high\": 2}}"}
{"op_code":5,"worker_id":"0266f42d-d218-47fe-8295-2f766eb3da82-140037709906048","trial_id":30,"param_name":"threshold","param_value_internal":3.0,"distribution":"{\"name\": \"IntDistribution\", \"attributes\": {\"log\": false, \"step\": 1, \"low\": 0, \"high\": 6}}"}
{"op_code":5,"worker_id":"0266f42d-d218-47fe-8295-2f766eb3da82-140037709906048","trial_id":30,"param_name":"alpha","param_value_internal":1.0,"distribution":"{\"name\": \"IntDistribution\", \"attributes\": {\"log\": false, \"step\": 1, \"low\": 0, \"high\": 3}}"}
{"op_code":5,"worker_id":"0266f42d-d218-47fe-8295-2f766eb3da82-140037709906048","trial_id":30,"param_name":"z_window","param_value_internal":1.0,"distribution":"{\"name\": \"IntDistribution\", \"attributes\": {\"log\": false, \"step\": 1, \"low\": 0, \"high\": 2}}"}
{"op_code":5,"worker_id":"0266f42d-d218-47fe-8295-2f766eb3da82-140037709906048","trial_id":30,"param_name":"entry_z","param_value_internal":2.0,"distribution":"{\"name\": \"IntDistribution\", \"attributes\": {\"log\": false, \"step\": 1, \"low\": 0, \"high\": 6}}"}
{"op_code":5,"worker_id":"0266f42d-d218-47fe-8295-2f766eb3da82-140037709906048","trial_id":30,"param_name":"exit_z","param_value_internal":0.0,"distribution":"{\"name\": \"IntDistribution\", \"attributes\": {\"log\": false, \"step\": 1, \"low\": 0, \"high\": 4}}"}
{"op_code":5,"worker_id":"0266f42d-d218-47fe-8295-2f766eb3da82-140037709906048","trial_id":30,"param_name":"max_hold","param_value_internal":1.0,"distribution":"{\"name\": \"IntDistribution\", \"attributes\": {\"log\": false, \"step\": 1, \"low\": 0, \"high\": 3}}"}
{"op_code":5,"worker_id":"0266f42d-d218-47fe-8295-2f766eb3da82-140037709906048","trial_id":30,"param_name":"stop_k","param_value_internal":4.0,"distribution":"{\"name\": \"IntDistribution\", \"attributes\": {\"log\": false, \"step\": 1, \"low\": 0, \"high\": 6}}"}
{"op_code":7,"worker_id":"0266f42d-d218-47fe-8295-2f766eb3da82-140037709906048","trial_id":30,"step":1,"intermediate_value":-0.9497545501895466}
{"op_code":7,"worker_id":"0266f42d-d218-47fe-8295-2f766eb3da82-140037709906048","trial_id":30,"step":2,"intermediate_value":0.23239995059995353}
{"op_code":6,"worker_id":"0266f42d-d218-47fe-8295-2f766eb3da82-140037709906048","trial_id":30,"state":2,"values":[0.23239995059995353],"datetime_complete":"2026-09-30T17:19:22.976782+00:00"}
{"op_code":4,"worker_id":"0266f42d-d218-47fe-8295-2f766eb3da82-140037709906048","study_id":0,"datetime_start":"2026-09-30T17:19:22.977533+00:00"}
{"op_code":9,"worker_id":"0266f42d-d218-47fe-8295-2f766eb3da82-140037709906048","trial_id":31,"system_attr":{"tpe:relative_params:0":"{\"alpha\": 1, \"entry_z\": 2, \"exit_z\": 0, \"lookback\": 1, \"max_hold\": 3, \"stop_k\": 5, \"threshold\": 4, \"z_window\": 2}"}}
{"op_code":5,"worker_id":"0266f42d-d218-47fe-8295-2f766eb3da82-140037709906048","trial_id":31,"param_name":"lookback","param_value_internal":1.0,"distribution":"{\"name\": \"IntDistribution\", \"attributes\": {\"log\": false, \"step\": 1, \"low\": 0, \"high\": 2}}"}
{"op_code":5,"worker_id":"0266f42d-d218-47fe-8295-2f766eb3da82-140037709906048","trial_id":31,"param_name":"threshold","param_value_internal":4.0,"distribution":"{\"name\": \"IntDistribution\", \"attributes\": {\"log\": false, \"step\": 1, \"low\": 0, \"high\": 6}}"}
{"op_code":5,"worker_id":"0266f42d-d218-47fe-8295-2f766eb3da82-140037709906048","trial_id":31,"param_name":"alpha","param_value_internal":1.0,"distribution":"{\"name\": \"IntDistribution\", \"attributes\": {\"log\": false, \"step\": 1, \"low\": 0, \"high\": 3}}"}
{"op_code":5,"worker_id":"0266f42d-d218-47fe-8295-2f766eb3da82-140037709906048","trial_id":31,"param_name":"z_window","param_value_internal":2.0,"distribution":"{\"name\": \"IntDistribution\", \"attributes\": {\"log\": false, \"step\": 1, \"low\": 0, \"high\": 2}}"}
{"op_code":5,"worker_id":"0266f42d-d218-47fe-8295-2f766eb3da82-140037709906048","trial_id":31,"param_name":"entry_z","param_value_internal":2.0,"distribution":"{\"name\": \"IntDistribution\", \"attributes\": {\"log\": false, \"step\": 1, \"low\": 0, \"high\": 6}}"}
{"op_code":5,"worker_id":"0266f42d-d218-47fe-8295-2f766eb3da82-140037709906048","trial_id":31,"param_name":"exit_z","param_value_internal":0.0,"distribution":"{\"name\": \"IntDistribution\", \"attributes\": {\"log\": false, \"step\": 1, \"low\": 0, \"high\": 4}}"}
{"op_code":5,"worker_id":"0266f42d-d218-47fe-8295-2f766eb3da82-140037709906048","trial_id":31,"param_name":"max_hold","param_value_internal":3.0,"distribution":"{\"name\": \"IntDistribution\", \"attributes\": {\"log\": false, \"step\": 1, \"low\": 0, \"high\": 3}}"}
{"op_code":5,"worker_id":"0266f42d-d218-47fe-8295-2f766eb3da82-140037709906048","trial_id":31,"param_name":"stop_k","param_value_internal":5.0,"distribution":"{\"name\": \"IntDistribution\", \"attributes\": {\"log\": false, \"step\": 1, \"low\": 0, \"high\": 6}}"}
{"op_code":7,"worker_id":"0266f42d-d218-47fe-8295-2f766eb3da82-140037709906048","trial_id":31,"step":1,"intermediate_value":-1.1755822187332412}
{"op_code":6,"worker_id":"0266f42d-d218-47fe-8295-2f766eb3da82-140037709906048","trial_id":31,"state":2,"values":[-1.1755822187332412],"datetime_complete":"2026-09-30T17:19:23.072737+00:00"}
{"op_code":0,"worker_id":"49da847c-0913-4495-99ee-34aa6ea6978c-140037709906048","study_name":"window_3","directions":[2]}
{"op_code":0,"worker_id":"c4098b41-19ee-43bb-b36b-ae202f0341b8-140573304230016","study_name":"window_3","directions":[2]}
{"op_code":0,"worker_id":"c37d34df-3671-4b8d-b077-c10d423168c5-140710621134976","study_name":"window_3","directions":[2]}
