ticker,side,entry_date,exit_date,days_held,reason,entry_px,exit_px,ret_gross,pnl_net,notional
IT,-1,2019-02-05,2019-02-05,0,STOP_LOSS,129.1199951171875,134.284794921875,-0.040000000000000036,-400.00000000000034,10000.0
XOM,1,2019-02-05,2019-02-06,1,RESIDUAL_REVERTED,53.23251724243164,53.515743255615234,0.005320545182819769,53.2054518281984,10000.0
NI,1,2019-02-05,2019-02-06,1,RESIDUAL_REVERTED,20.363813400268555,20.47275161743164,0.005349598084691154,53.49598084691214,10000.0
CLX,-1,2019-02-05,2019-02-06,1,RESIDUAL_REVERTED,124.51311492919922,120.6391372680664,0.03111300896564706,311.13008965647015,10000.0
SYY,-1,2019-02-05,2019-02-06,1,RESIDUAL_REVERTED,53.57318878173828,53.712669372558594,-0.0026035521497249636,-26.035521497248983,10000.0
GD,-1,2019-02-05,2019-02-06,1,RESIDUAL_REVERTED,147.13229370117188,144.91610717773438,0.015062543155472174,150.6254315547212,10000.0
MCK,-1,2019-02-05,2019-02-06,1,RESIDUAL_REVERTED,125.43705749511719,124.28257751464844,0.009203659616407123,92.03659616407134,10000.0
CHD,1,2019-02-06,2019-02-07,1,RESIDUAL_REVERTED,56.24172592163086,56.760955810546875,0.009232111575657065,92.53490858235213,10023.157521876796
GILD,1,2019-02-06,2019-02-07,1,RESIDUAL_REVERTED,50.701446533203125,51.33915328979492,0.012577683679580565,126.06810478077522,10023.157521876796
EL,-1,2019-02-06,2019-02-07,1,RESIDUAL_REVERTED,135.6870880126953,134.95350646972656,0.005406421154090291,54.18941085705414,10023.157521876796
TTWO,1,2019-02-07,2019-02-08,1,RESIDUAL_REVERTED,92.55999755859375,95.4000015258789,0.030682844016793887,308.63334854879764,10058.824676743483
OMC,1,2019-02-07,2019-02-08,1,RESIDUAL_REVERTED,55.65239334106445,56.05939483642578,0.007313279284630658,73.56299413616055,10058.824676743483
SWKS,-1,2019-02-07,2019-02-08,1,RESIDUAL_REVERTED,70.6744384765625,66.86856842041016,0.053850729318698054,541.6750449315534,10058.824676743483
CTSH,-1,2019-02-07,2019-02-08,1,RESIDUAL_REVERTED,65.70655822753906,64.18303680419922,0.023186748240015098,233.23143537010284,10058.824676743483
MCHP,-1,2019-02-07,2019-02-08,1,RESIDUAL_REVERTED,37.79739761352539,37.40493392944336,0.010383351999387225,104.44431731874958,10058.824676743483
ADM,1,2019-02-06,2019-02-11,3,RESIDUAL_REVERTED,33.21421432495117,33.31776428222656,0.0031176398231886893,31.24859504429594,10023.157521876796
CPRI,-1,2019-02-07,2019-02-11,2,RESIDUAL_REVERTED,47.75,45.900001525878906,0.038743423541803046,389.7133047838125,10058.824676743483
TAP,1,2019-02-13,2019-02-14,1,RESIDUAL_REVERTED,47.40325164794922,47.611751556396484,0.004398430512652096,44.94745562341802,10218.975949290674
EG,1,2019-02-13,2019-02-14,1,RESIDUAL_REVERTED,180.63226318359375,181.23406982421875,0.0033316674995835793,34.04623004927761,10218.975949290674
FMC,1,2019-02-13,2019-02-14,1,RESIDUAL_REVERTED,58.76595687866211,58.97060775756836,0.0034824733532172747,35.5873114405719,10218.975949290674
GILD,1,2019-02-13,2019-02-14,1,RESIDUAL_REVERTED,49.193458557128906,49.61359786987305,0.00854055244471641,87.27570002621223,10218.975949290674
DHI,-1,2019-02-13,2019-02-14,1,RESIDUAL_REVERTED,37.5757942199707,36.57917404174805,0.026522930490527674,271.0371887874111,10218.975949290674
FLR,-1,2019-02-13,2019-02-14,1,RESIDUAL_REVERTED,35.172767639160156,34.49120330810547,0.01937761446716113,198.01937619454685,10218.975949290674
BHF,-1,2019-02-13,2019-02-15,2,RESIDUAL_REVERTED,40.970001220703125,41.36000061035156,-0.009519145180092448,-97.27591565317088,10218.975949290674
TROW,-1,2019-02-13,2019-02-15,2,RESIDUAL_REVERTED,71.03263092041016,71.28778076171875,-0.0035920088838392594,-36.706652393592584,10218.975949290676
COTY,-1,2019-02-13,2019-02-15,2,RESIDUAL_REVERTED,10.385453224182129,10.527459144592285,-0.01367354099477347,-139.72958656722977,10218.975949290674
FIS,1,2019-02-13,2019-02-19,3,RESIDUAL_REVERTED,91.22075653076172,92.4603271484375,0.013588690390413216,138.8625002819895,10218.975949290674
AIG,1,2019-02-15,2019-02-19,1,RESIDUAL_REVERTED,33.29461669921875,34.514102935791016,0.036627129472281306,376.04247178558063,10266.774306464878
MGM,1,2019-02-15,2019-02-19,1,RESIDUAL_REVERTED,26.851511001586914,27.57196617126465,0.026831084836721253,275.4686924162299,10266.774306464878
EQIX,-1,2019-02-15,2019-02-19,1,RESIDUAL_REVERTED,364.1101989746094,364.568115234375,-0.00125763096187681,-12.9118132464124,10266.774306464878
IQV,-1,2019-02-15,2019-02-19,1,RESIDUAL_REVERTED,142.80999755859375,141.32000732421875,0.01043337483262452,107.11710466130664,10266.774306464878
PEP,-1,2019-02-19,2019-02-20,1,RESIDUAL_REVERTED,91.68001556396484,90.85584259033203,0.008989668779645799,92.75382608771908,10317.824645300672
ITW,-1,2019-02-19,2019-02-20,1,RESIDUAL_REVERTED,119.75743865966797,119.82423400878906,-0.0005577553250024625,-5.7548216383587985,10317.824645300672
KO,1,2019-02-15,2019-02-21,3,RESIDUAL_REVERTED,36.3054084777832,35.593536376953125,-0.01960788022163973,-201.30968086377206,10266.774306464878
IFF,1,2019-02-15,2019-02-21,3,RESIDUAL_REVERTED,109.43144989013672,106.2287826538086,-0.029266424227618604,-300.4717723022156,10266.774306464878
ANET,-1,2019-02-19,2019-02-21,2,RESIDUAL_REVERTED,16.536874771118164,16.76187515258789,-0.01360597964149135,-140.38411206843924,10317.824645300672
ECL,-1,2019-02-20,2019-02-21,1,RESIDUAL_REVERTED,152.6299285888672,152.22451782226562,0.0026561682256538433,27.27955124236568,10270.264879646564
ALLE,1,2019-02-20,2019-02-22,2,RESIDUAL_REVERTED,79.43196105957031,80.11107635498047,0.008549647853977271,87.80714808804771,10270.264879646564
GRMN,-1,2019-02-21,2019-02-22,1,RESIDUAL_REVERTED,69.2705307006836,69.5146713256836,-0.0035244514879628763,-36.13926966051509,10253.870647373798
EXR,1,2019-02-22,2019-02-25,1,RESIDUAL_REVERTED,69.21013641357422,70.46200561523438,0.018087945878035194,184.8980471032363,10222.169413264626
HRL,1,2019-02-22,2019-02-25,1,RESIDUAL_REVERTED,33.04267883300781,34.46118927001953,0.04292964393657761,438.83409317082595,10222.169413264626
ALB,-1,2019-02-22,2019-02-25,1,RESIDUAL_REVERTED,80.90090942382812,81.04501342773438,-0.0017812408405857294,-18.20814563829327,10222.169413264626
CPRT,-1,2019-02-22,2019-02-25,1,TRAILING_STOP,14.104999542236328,14.744323337503053,-0.04532604154663877,-463.3304755224124,10222.169413264626
ALK,1,2019-02-20,2019-02-26,4,RESIDUAL_REVERTED,62.35773468017578,61.36979293823242,-0.01584313072003618,-162.71314901763733,10270.264879646564
HST,-1,2019-02-21,2019-02-26,3,RESIDUAL_REVERTED,14.532852172851562,14.65095329284668,-0.008126492899703353,-83.32800701036017,10253.870647373798
INTU,-1,2019-02-25,2019-02-26,1,RESIDUAL_REVERTED,234.14312744140625,233.38507080078125,0.0032375780101199236,33.070924202350035,10214.711151045041
TJX,1,2019-02-26,2019-02-27,1,RESIDUAL_REVERTED,44.8488655090332,45.07514572143555,0.0050453943446298055,51.34498639086495,10176.605213329696
YUM,1,2019-02-26,2019-02-27,1,RESIDUAL_REVERTED,81.26634979248047,81.08358001708984,-0.002249021592053091,-22.88740485857819,10176.605213329696
CVS,1,2019-02-21,2019-02-27,4,TRAILING_STOP,50.24718475341797,46.45544433975673,-0.07546174839981079,-773.7750069163269,10253.870647373798
J,-1,2019-02-20,2019-02-28,6,RESIDUAL_REVERTED,55.6481819152832,58.03999710083008,-0.04298101219529671,-441.42638004101605,10270.264879646564
OKE,1,2019-02-27,2019-02-28,1,RESIDUAL_REVERTED,40.23065185546875,40.47917175292969,0.006177376850709848,62.61376257157593,10135.97908704267
KHC,1,2019-02-25,2019-03-01,4,RESIDUAL_REVERTED,23.692113876342773,22.615808486938477,-0.04542884586077467,-464.0425383931616,10214.711151045041
SJM,-1,2019-02-27,2019-03-01,2,RESIDUAL_REVERTED,83.94409942626953,82.76736450195312,0.0140180778918233,142.0869443520562,10135.97908704267
DHR,-1,2019-02-26,2019-03-04,4,RESIDUAL_REVERTED,104.7931137084961,109.38096618652344,-0.04378009504316682,-445.5327434563607,10176.605213329696
AZO,-1,2019-02-27,2019-03-04,3,RESIDUAL_REVERTED,900.0,934.4099731445312,-0.03823330349392351,-387.53196464296514,10135.97908704267
UNH,1,2019-02-28,2019-03-04,2,RESIDUAL_REVERTED,218.34881591796875,216.9671630859375,-0.006327732194116087,-63.61058139853547,10052.66649206249
HUM,1,2019-02-28,2019-03-04,2,RESIDUAL_REVERTED,269.10040283203125,272.07171630859375,0.011041653766743487,110.99806283789829,10052.66649206249
CI,1,2019-02-28,2019-03-04,2,RESIDUAL_REVERTED,161.92684936523438,160.9376983642578,-0.006108628710149722,-61.408007146973176,10052.66649206249
BBY,-1,2019-02-28,2019-03-04,2,RESIDUAL_REVERTED,51.1277961730957,50.031494140625,0.02144238779154728,215.55317326189677,10052.66649206249
HPQ,1,2019-03-01,2019-03-05,2,RESIDUAL_REVERTED,15.086353302001953,14.79856014251709,-0.019076390014455824,-190.7577851656024,9999.679447791139
XRAY,-1,2019-03-04,2019-03-05,1,RESIDUAL_REVERTED,43.356727600097656,43.28624725341797,0.0016255919341922054,16.351771130345156,10058.964237215347
MNST,-1,2019-03-01,2019-03-06,3,RESIDUAL_REVERTED,16.092500686645508,15.682499885559082,0.025477755699377935,254.76939004291302,9999.679447791139
SPG,1,2019-03-04,2019-03-06,2,RESIDUAL_REVERTED,118.01866149902344,117.41984558105469,-0.005073908739201438,-51.03826655052156,10058.964237215347
ELV,1,2019-03-05,2019-03-06,1,RESIDUAL_REVERTED,264.4116516113281,268.8581237792969,0.016816475903659756,169.07129990935337,10053.90789829869
UNH,1,2019-03-05,2019-03-06,1,RESIDUAL_REVERTED,206.83236694335938,211.3882598876953,0.022026982583357224,221.45725417050338,10053.90789829869
ETN,-1,2019-03-05,2019-03-06,1,RESIDUAL_REVERTED,69.79069519042969,69.42950439453125,0.005175343144424915,52.03242331613939,10053.90789829869
AON,1,2019-03-06,2019-03-07,1,RESIDUAL_REVERTED,157.07237243652344,154.12936401367188,-0.01873663953246074,-189.54331152375056,10116.184985860013
WTW,-1,2019-03-06,2019-03-07,1,RESIDUAL_REVERTED,155.50006103515625,153.90872192382812,0.010233688017449394,103.52588107209688,10116.18498586001
KSS,-1,2019-03-06,2019-03-07,1,RESIDUAL_REVERTED,47.658626556396484,46.182533264160156,0.030972216341350167,313.3206699311747,10116.184985860013
CNC,1,2019-03-05,2019-03-08,3,RESIDUAL_REVERTED,58.81999969482422,56.029998779296875,-0.04743286178175288,-476.88562370647537,10053.90789829869
BF-B,1,2019-03-07,2019-03-08,1,RESIDUAL_REVERTED,42.454158782958984,43.18329620361328,0.017174699524301396,173.75140605258875,10116.707183537026
LYB,-1,2019-03-07,2019-03-08,1,RESIDUAL_REVERTED,55.65707778930664,53.9727783203125,0.03026208949327458,306.15269816545094,10116.707183537026
DLTR,-1,2019-03-07,2019-03-08,1,TRAILING_STOP,99.43000030517578,103.56709344471041,-0.04160809742368343,-420.93693809948667,10116.707183537026
XOM,-1,2019-03-08,2019-03-11,1,RESIDUAL_REVERTED,56.4796028137207,57.25996780395508,-0.013816757756037079,-139.24536583901025,10078.005875015611
TGT,-1,2019-03-06,2019-03-12,4,RESIDUAL_REVERTED,62.35987091064453,62.0513916015625,0.00494675990468374,50.04233827641611,10116.184985860013
HAL,1,2019-03-07,2019-03-12,3,RESIDUAL_REVERTED,24.72490882873535,24.096683502197266,-0.025408600326483732,-257.05136944655936,10116.707183537026
KR,1,2019-03-08,2019-03-12,2,RESIDUAL_REVERTED,21.753047943115234,21.0395565032959,-0.032799607746240134,-330.55463956481583,10078.005875015611
JCI,-1,2019-03-08,2019-03-12,2,RESIDUAL_REVERTED,30.064725875854492,30.850046157836914,-0.02612098594296941,-263.24744979444523,10078.005875015611
COST,-1,2019-03-11,2019-03-12,1,RESIDUAL_REVERTED,205.64697265625,208.16856384277344,-0.012261747177471971,-122.41351756214227,9983.366627151425
HCA,1,2019-03-07,2019-03-13,4,RESIDUAL_REVERTED,121.0116958618164,121.0586166381836,0.0003877375325833654,3.9226270812129003,10116.707183537026
EOG,1,2019-03-11,2019-03-13,2,RESIDUAL_REVERTED,63.92604446411133,64.83222198486328,0.014175404224497035,141.5182574612257,9983.366627151425
WY,-1,2019-03-12,2019-03-13,1,RESIDUAL_REVERTED,19.44133186340332,19.403728485107422,0.0019341976444876563,19.29732209515837,9976.913243666735
KO,-1,2019-03-12,2019-03-13,1,RESIDUAL_REVERTED,36.344947814941406,36.48732376098633,-0.003917351780771794,-39.08307886168446,9976.913243666733
NDAQ,1,2019-03-11,2019-03-14,3,RESIDUAL_REVERTED,24.911394119262695,25.327943801879883,0.016721251352813438,166.93438271988725,9983.366627151425
FFIV,1,2019-03-13,2019-03-14,1,RESIDUAL_REVERTED,149.77999877929688,152.99000549316406,0.021431477767583473,214.52893681811403,10009.992737999746
FITB,-1,2019-03-13,2019-03-14,1,RESIDUAL_REVERTED,20.953157424926758,21.005598068237305,-0.002502756135844386,-25.052570744785694,10009.992737999746
WBD,1,2019-03-14,2019-03-15,1,RESIDUAL_REVERTED,27.100000381469727,27.520000457763672,0.015498157578666794,155.66209263983515,10043.90953245339
MLM,1,2019-03-14,2019-03-15,1,RESIDUAL_REVERTED,180.91954040527344,181.96377563476562,0.0057718211485229265,57.971649453264504,10043.90953245339
TTWO,-1,2019-03-14,2019-03-15,1,RESIDUAL_REVERTED,93.5999984741211,92.31999969482422,0.013675200856448466,137.3524802402974,10043.90953245339
BA,1,2019-03-13,2019-03-18,3,RESIDUAL_REVERTED,369.5665588378906,361.3340148925781,-0.022276214523305082,-222.9847456084083,10009.992737999746
DVA,-1,2019-03-14,2019-03-18,2,RESIDUAL_REVERTED,53.61000061035156,53.349998474121094,0.004849881239886944,48.71176841656679,10043.90953245339
DG,1,2019-03-15,2019-03-18,1,RESIDUAL_REVERTED,100.72772216796875,104.16007995605469,0.0340756021699995,343.2251305021532,10072.459726165383
AIZ,1,2019-03-15,2019-03-18,1,RESIDUAL_REVERTED,85.81863403320312,86.44862365722656,0.0073409421056467306,73.94134371123948,10072.459726165383
FTI,-1,2019-03-15,2019-03-18,1,RESIDUAL_REVERTED,16.41204261779785,16.05695152282715,0.021636008584673627,217.92782510409324,10072.459726165383
NTRS,-1,2019-03-15,2019-03-20,3,RESIDUAL_REVERTED,75.76237487792969,75.92259979248047,-0.0021148349006869793,-21.301589364659247,10072.459726165383
ADBE,1,2019-03-18,2019-03-20,2,RESIDUAL_REVERTED,257.1099853515625,260.5400085449219,0.013340684488271748,135.29455490258655,10141.500237227578
ULTA,-1,2019-03-18,2019-03-20,2,RESIDUAL_REVERTED,338.6000061035156,335.0,0.010632032010108872,107.82475515272994,10141.500237227578
BSX,1,2019-03-19,2019-03-20,1,RESIDUAL_REVERTED,38.119998931884766,38.11000061035156,-0.00026228546205020464,-2.6491169239333963,10100.1287041453
BDX,1,2019-03-19,2019-03-20,1,RESIDUAL_REVERTED,166.03880310058594,168.03379821777344,0.012015234270141839,121.3554125388903,10100.1287041453
AIV,1,2019-03-19,2019-03-20,1,RESIDUAL_REVERTED,1.6343706846237183,1.6291286945343018,-0.0032073446609961476,-32.39459387461438,10100.1287041453
EW,-1,2019-03-19,2019-03-20,1,RESIDUAL_REVERTED,64.04000091552734,62.74333190917969,0.020247798060747058,204.5053663890892,10100.1287041453
AVGO,-1,2019-03-18,2019-03-21,3,RESIDUAL_REVERTED,23.913846969604492,24.26462745666504,-0.014668509316230205,-148.76069071032353,10141.500237227578
WHR,1,2019-03-18,2019-03-22,4,RESIDUAL_REVERTED,96.4461898803711,96.65636444091797,0.002179189875800791,22.100254642398667,10141.500237227578
NOV,-1,2019-03-19,2019-03-22,3,RESIDUAL_REVERTED,25.41874885559082,24.67535972595215,0.029245701032022398,295.38534446638175,10100.1287041453
HAL,-1,2019-03-21,2019-03-22,1,RESIDUAL_REVERTED,25.68878173828125,25.61993408203125,0.0026800670016750017,27.2186636797291,10155.96388549892
GOOG,-1,2019-03-21,2019-03-22,1,RESIDUAL_REVERTED,60.229530334472656,60.74068832397461,-0.008486833396563753,-86.19197347774778,10155.96388549892
KEY,1,2019-03-21,2019-03-22,1,TRAILING_STOP,11.50015926361084,10.881278308718967,-0.05381498992367484,-546.5430941633298,10155.96388549892
UNM,1,2019-03-21,2019-03-22,1,TRAILING_STOP,26.20420265197754,25.2984622587701,-0.03456469961084985,-351.03784096090936,10155.96388549892
FITB,1,2019-03-21,2019-03-22,1,STOP_LOSS,19.762039184570312,18.5451408952118,-0.061577566869143396,-625.3795452799154,10155.96388549892
MTB,1,2019-03-21,2019-03-22,1,TRAILING_STOP,128.74742126464844,122.73735687632596,-0.04668104672922657,-474.0910247193128,10155.96388549892
EOG,-1,2019-03-21,2019-03-25,2,RESIDUAL_REVERTED,70.59345245361328,68.92108917236328,0.02369006222423964,240.59541639459988,10155.96388549892
CTAS,1,2019-03-25,2019-03-26,1,RESIDUAL_REVERTED,45.08824157714844,46.1055908203125,0.02256351562132486,225.6741450701082,10001.72796019525
NKE,1,2019-03-25,2019-03-26,1,RESIDUAL_REVERTED,72.64485168457031,74.56169128417969,0.026386447974764193,263.91007447943633,10001.72796019525
RF,1,2019-03-25,2019-03-26,1,RESIDUAL_REVERTED,10.046294212341309,10.046292304992676,-1.8985594019138574e-07,-0.0018988874651118827,10001.72796019525
AMG,1,2019-03-25,2019-03-26,1,RESIDUAL_REVERTED,97.47110748291016,98.50363159179688,0.010593129959744818,105.94960410436131,10001.72796019525
KEY,1,2019-03-25,2019-03-26,1,RESIDUAL_REVERTED,10.53187370300293,10.609055519104004,0.007328403119671645,73.2966943856018,10001.72796019525
FIS,-1,2019-03-25,2019-03-26,1,RESIDUAL_REVERTED,94.04829406738281,92.76205444335938,0.013676373790489915,136.78737013442395,10001.72796019525
CAG,-1,2019-03-22,2019-03-27,3,RESIDUAL_REVERTED,18.67411994934082,19.50887680053711,-0.04470126857173562,-451.1730949766789,10093.071391310667
TRV,-1,2019-03-25,2019-03-27,2,RESIDUAL_REVERTED,115.63297271728516,115.65009307861328,-0.000148057780802624,-1.4808336459774925,10001.72796019525
CB,-1,2019-03-25,2019-03-27,2,RESIDUAL_REVERTED,121.39543914794922,122.08757019042969,-0.005701458368933876,-57.02443558245438,10001.72796019525
TMO,-1,2019-03-26,2019-03-28,2,RESIDUAL_REVERTED,266.3475646972656,264.7010498046875,0.006181828223019714,61.84915387982904,10004.993935211103
PSA,1,2019-03-27,2019-03-28,1,RESIDUAL_REVERTED,161.67535400390625,161.33746337890625,-0.002089932798241101,-21.016406984547526,10056.020462588713
CNC,1,2019-03-27,2019-03-29,2,RESIDUAL_REVERTED,50.150001525878906,53.13999938964844,0.05962109217936118,599.5509229575441,10056.020462588713
CCL,1,2019-03-27,2019-04-01,3,RESIDUAL_REVERTED,48.814884185791016,48.05171203613281,-0.01563400512748414,-157.21587547419776,10056.020462588713
ELV,1,2019-03-27,2019-04-01,3,RESIDUAL_REVERTED,260.0896301269531,260.99920654296875,0.0034971652486555094,35.16756530153315,10056.020462588713
HCA,1,2019-03-27,2019-04-01,3,RESIDUAL_REVERTED,121.29318237304688,123.5264892578125,0.01841246837680388,185.15615876390686,10056.020462588713
EXC,1,2019-03-29,2019-04-01,1,RESIDUAL_REVERTED,27.193899154663086,27.538543701171875,0.012673598020962462,127.42218159224609,10054.144165018264
PVH,-1,2019-03-29,2019-04-01,1,RESIDUAL_REVERTED,126.44738006591797,121.79198455810547,0.03681686014677099,370.16201961895104,10054.144165018264
ACN,-1,2019-03-29,2019-04-01,1,RESIDUAL_REVERTED,155.386962890625,155.56423950195312,-0.001140871846841529,-11.470490021955468,10054.144165018264
CHD,-1,2019-03-29,2019-04-01,1,RESIDUAL_REVERTED,65.99320983886719,64.98766326904297,0.015237121702057266,153.19621825241168,10054.144165018264
WY,-1,2019-03-29,2019-04-01,1,RESIDUAL_REVERTED,20.095645904541016,19.8925838470459,0.01010477883914307,101.59490320436984,10054.144165018264
COR,-1,2019-03-29,2019-04-02,2,RESIDUAL_REVERTED,62.010826110839844,60.87846755981445,0.018260659017852454,183.59529831372984,10054.144165018264
AMT,1,2019-04-02,2019-04-03,1,RESIDUAL_REVERTED,157.600830078125,159.28298950195312,0.010673544187516315,108.81192464950338,10194.544823899112
LNC,-1,2019-04-02,2019-04-03,1,RESIDUAL_REVERTED,44.0384635925293,44.138092041015625,-0.002262305274955745,-23.063172530880344,10194.544823899112
PRU,-1,2019-04-02,2019-04-03,1,RESIDUAL_REVERTED,65.87348175048828,66.1484146118164,-0.004173650064065226,-42.54846265738236,10194.544823899112
WYNN,-1,2019-04-02,2019-04-03,1,TRAILING_STOP,120.93026733398438,129.20405707562898,-0.06841785703486547,-697.4889102970573,10194.544823899112
WFC,1,2019-04-01,2019-04-04,3,RESIDUAL_REVERTED,39.60227584838867,40.027488708496094,0.010737081417625749,109.0987994454064,10160.936217388888
ATO,1,2019-04-03,2019-04-04,1,RESIDUAL_REVERTED,83.74694061279297,84.86509704589844,0.013351609323560831,136.03004139747975,10188.288025881222
DAL,-1,2019-04-03,2019-04-05,2,RESIDUAL_REVERTED,52.59141159057617,53.98232650756836,-0.026447567671703753,-269.45543702330247,10188.288025881222
MO,1,2019-04-04,2019-04-05,1,RESIDUAL_REVERTED,30.517765045166016,30.607616424560547,0.002944231966579114,29.786369427849326,10116.855521563071
BWA,-1,2019-04-02,2019-04-08,4,RESIDUAL_REVERTED,31.84517478942871,33.00775146484375,-0.036507153221874145,-372.1738099133493,10194.544823899112
HSY,-1,2019-04-04,2019-04-08,2,RESIDUAL_REVERTED,96.25114440917969,96.93734741210938,-0.007129297081523767,-72.12606854407721,10116.855521563071
FE,1,2019-04-05,2019-04-08,1,RESIDUAL_REVERTED,29.747264862060547,30.152236938476562,0.013613758383968833,137.19319626304562,10077.540117400735
LW,1,2019-04-05,2019-04-08,1,RESIDUAL_REVERTED,61.70214080810547,63.22293472290039,0.024647344401300675,248.38460199149955,10077.540117400735
EMN,-1,2019-04-04,2019-04-09,3,RESIDUAL_REVERTED,61.363677978515625,61.61404037475586,-0.004079977023670134,-41.27653807976727,10116.855521563071
STZ,-1,2019-04-05,2019-04-09,2,RESIDUAL_REVERTED,167.91156005859375,167.77127075195312,0.0008354952249366443,8.419736647196224,10077.540117400735
ABT,1,2019-04-02,2019-04-10,6,RESIDUAL_REVERTED,69.66525268554688,68.69658660888672,-0.013904579963737396,-141.75086369781013,10194.544823899112
RSG,1,2019-04-02,2019-04-10,6,RESIDUAL_REVERTED,72.24081420898438,71.64595794677734,-0.008234351574252452,-83.9454662194611,10194.544823899112
APA,-1,2019-04-08,2019-04-10,2,RESIDUAL_REVERTED,29.235322952270508,28.645549774169922,0.020173308126729017,203.61577343606993,10093.325901580081
CE,1,2019-04-09,2019-04-10,1,RESIDUAL_REVERTED,89.19990539550781,89.61225128173828,0.004622716631841106,46.73505981630282,10109.869052840753
GEN,-1,2019-04-09,2019-04-10,1,RESIDUAL_REVERTED,11.904011726379395,11.805097579956055,0.008309311910718709,84.00605533657645,10109.869052840753
DLTR,1,2019-04-09,2019-04-11,2,RESIDUAL_REVERTED,102.0,103.55999755859375,0.015294093711703427,154.62128470719688,10109.869052840753
DIS,-1,2019-04-10,2019-04-11,1,RESIDUAL_REVERTED,112.62483215332031,112.76852416992188,-0.0012758466659106293,-12.947390979857605,10148.077606658211
CNC,-1,2019-04-10,2019-04-11,1,RESIDUAL_REVERTED,58.15999984741211,57.41999816894531,0.012723550213346924,129.11957499725713,10148.077606658211
BA,1,2019-04-09,2019-04-12,3,RESIDUAL_REVERTED,361.6172180175781,366.9493408203125,0.014745212719586842,149.07216975130413,10109.869052840753
COR,1,2019-04-11,2019-04-12,1,RESIDUAL_REVERTED,59.00175094604492,59.05717086791992,0.0009392928343039397,9.552742667623624,10170.143238347642
WBD,-1,2019-04-11,2019-04-12,1,RESIDUAL_REVERTED,30.780000686645508,30.280000686645508,0.016244314127547566,165.20700148587315,10170.143238347642
HUM,1,2019-04-11,2019-04-12,1,TRAILING_STOP,250.51661682128906,236.0071389578009,-0.057918225336081375,-589.036647778843,10170.143238347642
UNH,1,2019-04-12,2019-04-12,0,STOP_LOSS,207.5955047607422,197.0503726167042,-0.0507965341358978,-515.498163803465,10148.294023846862
CAG,-1,2019-04-11,2019-04-15,2,RESIDUAL_REVERTED,21.588577270507812,21.415864944458008,0.008000171752204688,81.36289265130426,10170.143238347642
KR,-1,2019-04-11,2019-04-15,2,RESIDUAL_REVERTED,21.30286407470703,21.76154327392578,-0.02153133952365316,-218.97680706904828,10170.143238347642
RSG,1,2019-04-12,2019-04-15,1,RESIDUAL_REVERTED,69.97850799560547,71.34854125976562,0.019577914754144166,198.68243529886402,10148.294023846862
FAST,-1,2019-04-12,2019-04-16,2,RESIDUAL_REVERTED,14.229484558105469,14.285350799560547,-0.0039260903110684975,-39.84311884090053,10148.294023846862
ELV,1,2019-04-15,2019-04-16,1,RESIDUAL_REVERTED,229.29745483398438,239.95175170898438,0.04646495916282145,468.32218304047586,10079.040022383128
CVX,1,2019-04-15,2019-04-16,1,RESIDUAL_REVERTED,86.71887969970703,87.01512908935547,0.0034162040685292716,34.43205753133435,10079.040022383128
NOV,1,2019-04-15,2019-04-16,1,RESIDUAL_REVERTED,23.914052963256836,24.7828311920166,0.03632919229938203,366.16338316632493,10079.040022383128
UNH,1,2019-04-15,2019-04-16,1,RESIDUAL_REVERTED,198.1769256591797,208.92092895507812,0.05421419905552338,546.4270820620662,10079.040022383128
JPM,-1,2019-04-15,2019-04-16,1,RESIDUAL_REVERTED,91.30519104003906,90.46558380126953,0.009195613406047687,92.68295554991778,10079.040022383128
DIS,-1,2019-04-15,2019-04-17,2,RESIDUAL_REVERTED,125.52716827392578,124.33941650390625,0.009462109170085165,95.36897702144634,10079.040022383128
TMO,1,2019-04-17,2019-04-17,0,STOP_LOSS,263.57415771484375,250.51729939097115,-0.049537702926091054,-508.09765788161843,10256.786808215282
BFH,1,2019-04-16,2019-04-18,2,RESIDUAL_REVERTED,115.64847564697266,115.16435241699219,-0.004186161791343457,-42.66985164003831,10193.072739872428
HUM,1,2019-04-17,2019-04-18,1,RESIDUAL_REVERTED,221.45269775390625,218.89654541015625,-0.01154265615039185,-118.39056333510442,10256.786808215282
PGR,-1,2019-04-17,2019-04-18,1,RESIDUAL_REVERTED,63.324798583984375,62.439476013183594,0.01398066145645338,143.39666399667445,10256.786808215282
HCA,1,2019-04-17,2019-04-22,2,RESIDUAL_REVERTED,107.68693542480469,108.0716323852539,0.003572364269924355,36.64097871789929,10256.786808215282
CI,1,2019-04-17,2019-04-22,2,RESIDUAL_REVERTED,135.91036987304688,134.47128295898438,-0.010588499725272982,-108.6039843009706,10256.786808215282
OMC,-1,2019-04-17,2019-04-22,2,RESIDUAL_REVERTED,62.39236831665039,62.56726837158203,-0.002803228337863395,-28.752115436211863,10256.786808215282
CSX,-1,2019-04-18,2019-04-22,1,RESIDUAL_REVERTED,24.08159637451172,23.737699508666992,0.014280484586508213,144.47802514951078,10117.165441711233
HON,-1,2019-04-22,2019-04-23,1,RESIDUAL_REVERTED,142.6730194091797,142.67303466796875,-1.0694936669608524e-07,-0.0010892509883048975,10184.73528661723
WM,-1,2019-04-16,2019-04-24,5,RESIDUAL_REVERTED,92.50008392333984,93.8255386352539,-0.014329227128188737,-146.0588544237818,10193.072739872428
GPC,1,2019-04-22,2019-04-24,2,RESIDUAL_REVERTED,84.10413360595703,84.33635711669922,0.002761142654773563,28.12150702745687,10184.73528661723
ISRG,1,2019-04-23,2019-04-24,1,RESIDUAL_REVERTED,165.32666015625,168.3333282470703,0.018186226516514026,184.5127130247007,10145.739296557904
KMB,-1,2019-04-23,2019-04-24,1,RESIDUAL_REVERTED,98.9637451171875,95.58375549316406,0.03415381683485241,346.5157215888026,10145.739296557904
QCOM,-1,2019-04-17,2019-04-24,4,TRAILING_STOP,66.28337860107422,73.97257080078124,-0.11600483201051559,-1189.8368306546868,10256.786808215282
LOW,1,2019-04-22,2019-04-25,3,RESIDUAL_REVERTED,98.73346710205078,99.20548248291016,0.004780702984647611,48.69019438257622,10184.73528661723
GWW,1,2019-04-23,2019-04-25,2,RESIDUAL_REVERTED,262.3653869628906,266.91607666015625,0.01734485539401298,175.97638096415292,10145.739296557904
VNO,-1,2019-04-23,2019-04-25,2,RESIDUAL_REVERTED,50.30375289916992,51.24077606201172,-0.018627301321235246,-188.98774300368092,10145.739296557904
BNY,1,2019-04-18,2019-04-26,5,RESIDUAL_REVERTED,39.2520637512207,39.33283615112305,0.0020577873411773417,20.818974974549157,10117.165441711233
HAS,-1,2019-04-24,2019-04-26,2,RESIDUAL_REVERTED,76.73201751708984,77.49942779541016,-0.010001174257530776,-101.44492151253004,10143.301066486672
EBAY,-1,2019-04-25,2019-04-26,1,RESIDUAL_REVERTED,33.954803466796875,33.85743713378906,0.002867527509120227,29.008430500881516,10116.182114598434
MCO,-1,2019-04-25,2019-04-26,1,RESIDUAL_REVERTED,181.78623962402344,181.4766845703125,0.0017028519559630917,17.22636050072245,10116.182114598434
RHI,1,2019-04-25,2019-04-29,2,RESIDUAL_REVERTED,48.3811149597168,48.35004806518555,-0.0006421285362504525,-6.495889213690557,10116.182114598434
TEL,-1,2019-04-25,2019-04-29,2,RESIDUAL_REVERTED,84.74711608886719,83.65217590332031,0.012920087857605678,130.70196170415136,10116.182114598434
MMM,1,2019-04-26,2019-04-29,1,RESIDUAL_REVERTED,122.70259094238281,123.34015655517578,0.005196024043961245,52.713172115533204,10144.905348695465
F,-1,2019-04-29,2019-04-30,1,RESIDUAL_REVERTED,7.241608619689941,7.192679405212402,0.006756677562565372,68.52370823194963,10141.627685713114
COF,-1,2019-04-29,2019-04-30,1,RESIDUAL_REVERTED,82.60357666015625,81.87306213378906,0.008843618592602076,89.68868716062032,10141.627685713114
IRM,1,2019-04-26,2019-05-01,3,RESIDUAL_REVERTED,22.434782028198242,22.25645637512207,-0.007948624276894467,-80.63804094143714,10144.905348695465
BEN,1,2019-04-30,2019-05-01,1,RESIDUAL_REVERTED,24.14423179626465,24.49087142944336,0.014357037163317043,145.08882468833988,10105.763677971794
CINF,-1,2019-04-26,2019-05-02,4,RESIDUAL_REVERTED,77.56999969482422,78.8944320678711,-0.017074028339015834,-173.21440142025926,10144.905348695465
INTC,1,2019-04-29,2019-05-02,3,RESIDUAL_REVERTED,45.18320083618164,43.99668884277344,-0.02626002521844517,-266.3193987829082,10141.627685713114
CL,-1,2019-04-29,2019-05-02,3,RESIDUAL_REVERTED,60.03000259399414,60.08055877685547,-0.0008421819203183745,-8.541095479508055,10141.627685713114
CHRW,1,2019-04-30,2019-05-02,2,RESIDUAL_REVERTED,68.5477066040039,68.19429779052734,-0.005155662107241388,-52.10190285925544,10105.763677971794
ROL,1,2019-04-25,2019-05-03,6,RESIDUAL_REVERTED,23.88666534423828,22.836774826049805,-0.043952996496504304,-444.63651704094474,10116.182114598434
CLX,1,2019-05-02,2019-05-03,1,RESIDUAL_REVERTED,117.8213119506836,118.50552368164062,0.0058071983720857645,58.26782959855748,10033.72467498961
IR,-1,2019-04-30,2019-05-06,4,RESIDUAL_REVERTED,30.639211654663086,31.69639015197754,-0.03450410243024504,-348.69030508058876,10105.763677971794
FIS,-1,2019-05-01,2019-05-06,3,RESIDUAL_REVERTED,98.61398315429688,98.8780517578125,-0.002677800805413577,-26.89387166667935,10043.26819691313
TFX,-1,2019-05-03,2019-05-06,1,RESIDUAL_REVERTED,285.3088684082031,282.70458984375,0.009127927144301329,91.32598988471929,10005.1181874009
JKHY,1,2019-05-02,2019-05-07,3,RESIDUAL_REVERTED,127.95304107666016,124.89849090576172,-0.023872431207542566,-239.52940205911182,10033.72467498961
FLR,1,2019-05-03,2019-05-07,2,RESIDUAL_REVERTED,29.037639617919922,27.396547317504883,-0.05651603649637815,-565.4496246297263,10005.1181874009
CTSH,1,2019-05-03,2019-05-07,2,RESIDUAL_REVERTED,53.37187957763672,52.40376281738281,-0.01813907937878878,-181.48363299542785,10005.1181874009
SYY,-1,2019-05-07,2019-05-08,1,RESIDUAL_REVERTED,60.10356521606445,59.96328353881836,0.0023339992684593414,23.427610671546194,10037.53985193425
ANET,1,2019-05-06,2019-05-09,3,RESIDUAL_REVERTED,16.75,16.4581241607666,-0.01742542323781482,-173.15367660515233,9936.841948802272
FTNT,1,2019-05-06,2019-05-09,3,RESIDUAL_REVERTED,16.729999542236328,16.049999237060547,-0.04064556627506544,-403.88856799489315,9936.84194880227
O,1,2019-05-08,2019-05-09,1,RESIDUAL_REVERTED,45.326847076416016,45.286197662353516,-0.000896806565741648,-8.928455090131596,9955.831537369852
MOS,1,2019-05-08,2019-05-09,1,RESIDUAL_REVERTED,20.698402404785156,20.174072265625,-0.025331913492943725,-252.20026325497415,9955.831537369852
STX,-1,2019-05-01,2019-05-10,7,RESIDUAL_REVERTED,38.496883392333984,36.52327346801758,0.0512667455233381,514.8856748737799,10043.26819691313
CNC,-1,2019-05-07,2019-05-10,3,RESIDUAL_REVERTED,55.63999938964844,54.9900016784668,0.011682201982600504,117.26056795869766,10037.53985193425
CPAY,-1,2019-05-09,2019-05-13,2,RESIDUAL_REVERTED,265.5899963378906,256.5400085449219,0.034075032635849434,337.69723990183854,9910.401070212225
MPC,1,2019-05-10,2019-05-13,1,RESIDUAL_REVERTED,42.17097854614258,41.62981414794922,-0.012832626058255414,-127.32678607354794,9922.11457697988
KLAC,1,2019-05-08,2019-05-13,3,TRAILING_STOP,10.594744682312012,9.972004984826834,-0.05877816938098057,-585.185552432033,9955.831537369852
CNP,1,2019-05-10,2019-05-14,2,RESIDUAL_REVERTED,23.507793426513672,24.366453170776367,0.03652659901691324,362.4211005532145,9922.11457697988
OXY,1,2019-05-10,2019-05-14,2,RESIDUAL_REVERTED,48.04350662231445,46.32096862792969,-0.03585371084434352,-355.7446270074825,9922.11457697988
NWSA,-1,2019-05-13,2019-05-14,1,RESIDUAL_REVERTED,10.809508323669434,10.661178588867188,0.013722153715118646,135.97580134867565,9909.217180599137
UNH,-1,2019-05-07,2019-05-15,6,RESIDUAL_REVERTED,209.95672607421875,206.27880859375,0.0175175025313008,175.83262976429063,10037.53985193425
BKNG,-1,2019-05-13,2019-05-15,2,RESIDUAL_REVERTED,70.33252716064453,69.49633026123047,0.011889191717853853,117.81258283399386,9909.217180599137
IVZ,1,2019-05-14,2019-05-15,1,RESIDUAL_REVERTED,14.356131553649902,14.471323013305664,0.00802385093959912,79.53075310646209,9911.793439975836
ADM,1,2019-05-14,2019-05-15,1,RESIDUAL_REVERTED,33.02078628540039,33.02078628540039,0.0,0.0,9911.793439975836
XRAY,-1,2019-05-14,2019-05-15,1,RESIDUAL_REVERTED,48.430091857910156,48.32417678833008,0.0021869681744735026,21.676776805182456,9911.793439975836
MET,-1,2019-05-03,2019-05-16,9,RESIDUAL_REVERTED,37.199951171875,37.22980499267578,-0.0008025231179160652,-8.029338642872439,10005.1181874009
INTC,1,2019-05-10,2019-05-16,4,RESIDUAL_REVERTED,40.4669075012207,39.62166213989258,-0.020887322840338785,-207.24641042821048,9922.11457697988
RL,1,2019-05-15,2019-05-16,1,RESIDUAL_REVERTED,98.3512191772461,100.88555145263672,0.025768183623868568,255.84988924546136,9928.906630751893
XYL,1,2019-05-15,2019-05-16,1,RESIDUAL_REVERTED,68.58956909179688,70.18618774414062,0.023277863871792537,231.12373694637992,9928.906630751893
LNC,-1,2019-05-15,2019-05-16,1,RESIDUAL_REVERTED,45.35610580444336,46.00037384033203,-0.01420465942703486,-141.03673717265772,9928.906630751893
A,1,2019-05-16,2019-05-17,1,RESIDUAL_REVERTED,64.11930084228516,64.91606903076172,0.012426339308289958,124.01763096692727,9980.222484685482
SCHW,1,2019-05-16,2019-05-17,1,RESIDUAL_REVERTED,38.84806442260742,39.073875427246094,0.005812670669565367,58.011746512467035,9980.222484685482
PGR,-1,2019-05-16,2019-05-17,1,RESIDUAL_REVERTED,63.619903564453125,63.34117126464844,0.004381212233720344,43.7254728451544,9980.222484685482
GOOGL,-1,2019-05-16,2019-05-20,2,RESIDUAL_REVERTED,58.03971481323242,57.106597900390625,0.016077213953316294,160.45417218798613,9980.222484685482
GOOG,-1,2019-05-16,2019-05-20,2,RESIDUAL_REVERTED,57.67918014526367,56.68806457519531,0.01718324649504821,171.49262302977368,9980.222484685482
MTD,-1,2019-05-17,2019-05-20,1,RESIDUAL_REVERTED,737.6199951171875,721.780029296875,0.021474425754681392,214.49884053223883,9988.571661129441
QRVO,1,2019-05-17,2019-05-20,1,TRAILING_STOP,66.26000213623047,60.91132464245278,-0.08072256748167339,-806.3031499610516,9988.571661129441
CSCO,-1,2019-05-17,2019-05-21,2,RESIDUAL_REVERTED,45.232784271240234,45.96261978149414,-0.016135100282074655,-161.16660542701166,9988.571661129441
DE,1,2019-05-20,2019-05-21,1,RESIDUAL_REVERTED,121.06314086914062,123.85543060302734,0.023064738894433168,229.06609732330116,9931.441165310009
AOS,1,2019-05-17,2019-05-22,3,RESIDUAL_REVERTED,38.79142761230469,38.704261779785156,-0.0022470385310563445,-22.44470539277523,9988.571661129441
SWKS,1,2019-05-17,2019-05-22,3,RESIDUAL_REVERTED,60.207515716552734,57.83988571166992,-0.03932449257712667,-392.795512144182,9988.571661129441
AEP,-1,2019-05-21,2019-05-22,1,RESIDUAL_REVERTED,67.01728057861328,67.36662292480469,-0.005212720408456661,-51.30792280942057,9842.83038203674
NOC,-1,2019-05-21,2019-05-22,1,RESIDUAL_REVERTED,278.71014404296875,279.2496337890625,-0.0019356659871359039,-19.052431987657368,9842.830382036742
KEYS,1,2019-05-20,2019-05-23,3,RESIDUAL_REVERTED,77.80999755859375,74.66999816894531,-0.04035470361355431,-400.7803646815381,9931.441165310009
AZO,-1,2019-05-22,2019-05-23,1,RESIDUAL_REVERTED,1021.4000244140625,1037.219970703125,-0.01548849217830961,-152.80535958490918,9865.73501317968
HUM,-1,2019-05-20,2019-05-24,4,TRAILING_STOP,231.38720703125,245.4509394615318,-0.060780077735163696,-603.633766049747,9931.441165310009
KSS,1,2019-05-22,2019-05-28,3,RESIDUAL_REVERTED,36.48825454711914,34.155513763427734,-0.06393127905526474,-630.729058212886,9865.73501317968
LOW,1,2019-05-23,2019-05-28,2,RESIDUAL_REVERTED,84.88975524902344,83.14289093017578,-0.020578034578180193,-201.42194782237075,9788.201446407696
TMO,-1,2019-05-23,2019-05-28,2,RESIDUAL_REVERTED,263.56427001953125,268.3467102050781,-0.018145252333301665,-177.60938513425694,9788.201446407696
NTAP,1,2019-05-24,2019-05-28,1,RESIDUAL_REVERTED,51.07167053222656,51.434574127197266,0.007105770991800764,68.88987892970482,9694.919665887828
CDNS,1,2019-05-21,2019-05-29,5,RESIDUAL_REVERTED,65.4000015258789,63.439998626708984,-0.029969462590828,-294.9843369223154,9842.830382036742
TGT,-1,2019-05-23,2019-05-29,3,RESIDUAL_REVERTED,63.73255920410156,65.5509262084961,-0.028531209590552775,-279.26922698200923,9788.201446407696
NWS,-1,2019-05-21,2019-05-30,6,RESIDUAL_REVERTED,11.077655792236328,11.040481567382812,0.0033557844322594788,33.03041696540944,9842.830382036742
QCOM,1,2019-05-23,2019-05-30,4,RESIDUAL_REVERTED,56.36021041870117,55.47721481323242,-0.01566700335057225,-153.3517848569458,9788.201446407696
CPRT,-1,2019-05-24,2019-05-30,3,RESIDUAL_REVERTED,17.655000686645508,17.6299991607666,0.0014161158259153872,13.729129169842356,9694.919665887828
INTU,-1,2019-05-28,2019-05-30,2,RESIDUAL_REVERTED,243.39419555664062,237.31884765625,0.024960939953791228,240.22312313280457,9623.961420423913
MO,1,2019-05-29,2019-05-30,1,RESIDUAL_REVERTED,27.63109588623047,28.260093688964844,0.022764127971045323,218.90502166009034,9616.226983898741
AMD,-1,2019-05-29,2019-05-30,1,RESIDUAL_REVERTED,29.0,28.399999618530273,0.020689668326542288,198.95654684961113,9616.226983898741
GIS,1,2019-05-29,2019-05-31,2,RESIDUAL_REVERTED,37.33130645751953,36.981201171875,-0.00937832931303717,-90.1841434039171,9616.226983898741
PEP,-1,2019-05-30,2019-05-31,1,RESIDUAL_REVERTED,101.40467071533203,101.28596496582031,0.0011706142199796599,11.359127201273754,9703.561606719164
PVH,1,2019-05-31,2019-06-03,1,RESIDUAL_REVERTED,81.90929412841797,83.68905639648438,0.021728453248248902,210.4073611243951,9683.49466574897
KEYS,-1,2019-05-31,2019-06-03,1,RESIDUAL_REVERTED,78.58000183105469,75.1500015258789,0.043649786526477885,422.6824749902303,9683.49466574897
GILD,1,2019-05-29,2019-06-04,4,RESIDUAL_REVERTED,48.18467712402344,48.457366943359375,0.005659264222816152,54.42076932845817,9616.226983898741
CPRI,1,2019-05-30,2019-06-04,3,RESIDUAL_REVERTED,34.5,34.209999084472656,-0.008405823638473753,-81.5664275311461,9703.561606719164
NUE,1,2019-05-31,2019-06-04,2,RESIDUAL_REVERTED,41.30305480957031,43.48371505737305,0.05279658509175089,511.2554501057324,9683.49466574897
SBAC,-1,2019-05-31,2019-06-04,2,RESIDUAL_REVERTED,192.25234985351562,197.35122680664062,-0.02652179261793175,-256.8236373418424,9683.49466574897
GPN,-1,2019-05-31,2019-06-04,2,RESIDUAL_REVERTED,142.7504119873047,141.76068115234375,0.0069332958215837515,67.1385331043658,9683.49466574897
DG,-1,2019-05-31,2019-06-05,3,RESIDUAL_REVERTED,113.95287322998047,117.78262329101562,-0.033608192162964956,-325.44474953553646,9683.49466574897
RSG,1,2019-06-05,2019-06-06,1,RESIDUAL_REVERTED,76.53112030029297,77.684814453125,0.015074836854669815,147.29522181993897,9770.93306149511
VTR,1,2019-06-05,2019-06-06,1,RESIDUAL_REVERTED,47.317138671875,48.53446960449219,0.02572706141550274,251.37739495985085,9770.93306149511
WELL,1,2019-06-05,2019-06-06,1,RESIDUAL_REVERTED,65.21612548828125,66.38965606689453,0.01799448479692578,175.82290642685328,9770.93306149511
CB,1,2019-06-05,2019-06-06,1,RESIDUAL_REVERTED,130.79226684570312,132.99282836914062,0.016824859577007967,164.39457669599906,9770.93306149511
WYNN,-1,2019-06-05,2019-06-06,1,RESIDUAL_REVERTED,106.77467346191406,103.6071548461914,0.029665448865572874,289.85911510471897,9770.93306149511
MAT,-1,2019-06-05,2019-06-06,1,RESIDUAL_REVERTED,10.84000015258789,10.960000038146973,-0.011070099987999793,-108.16520596680476,9770.93306149511
DOC,1,2019-06-05,2019-06-07,2,RESIDUAL_REVERTED,21.226125717163086,21.791337966918945,0.026628140117856747,260.18177464368995,9770.93306149511
MGM,-1,2019-06-05,2019-06-10,3,RESIDUAL_REVERTED,25.289106369018555,26.180662155151367,-0.03525453897513153,-344.4697404398809,9770.93306149511
VRTX,1,2019-06-07,2019-06-10,1,RESIDUAL_REVERTED,169.42999267578125,173.2899932861328,0.02278227455122428,223.63131327674208,9816.022222624159
NSC,1,2019-06-07,2019-06-10,1,RESIDUAL_REVERTED,173.70960998535156,176.86390686035156,0.01815844774083586,178.24372655240506,9816.022222624159
HAS,-1,2019-06-05,2019-06-11,4,RESIDUAL_REVERTED,79.05360412597656,81.50896453857422,-0.031059436691651676,-303.47967684187284,9770.93306149511
CPB,-1,2019-06-06,2019-06-11,3,RESIDUAL_REVERTED,31.99518585205078,32.16386795043945,-0.005272108721877,-51.93546630229851,9850.985448533847
SHW,-1,2019-06-07,2019-06-11,2,RESIDUAL_REVERTED,145.80015563964844,148.40016174316406,-0.017832670288375096,-175.0458878394196,9816.022222624159
SCHW,1,2019-06-10,2019-06-11,1,RESIDUAL_REVERTED,39.245479583740234,39.516448974609375,0.006904473935423816,67.6360989364046,9795.981499675723
CF,1,2019-06-10,2019-06-12,2,RESIDUAL_REVERTED,35.46693801879883,35.382930755615234,-0.002368607719647753,-23.202837401658066,9795.981499675723
IFF,-1,2019-06-07,2019-06-13,4,RESIDUAL_REVERTED,122.75413513183594,125.05266571044922,-0.018724669243481706,-183.8017694053032,9816.022222624159
CRM,1,2019-06-11,2019-06-13,2,RESIDUAL_REVERTED,152.400634765625,149.3096466064453,-0.020281990058199417,-198.84547474332746,9804.041623762654
RTX,1,2019-06-11,2019-06-13,2,RESIDUAL_REVERTED,68.44384002685547,66.5862045288086,-0.027141018056818456,-266.09167074034144,9804.041623762652
RF,-1,2019-06-12,2019-06-13,1,RESIDUAL_REVERTED,10.726766586303711,10.644944190979004,0.007627871331625791,74.12369952067638,9717.48162732554
DLR,-1,2019-06-12,2019-06-13,1,RESIDUAL_REVERTED,92.77338409423828,92.69541931152344,0.0008403787732443879,8.16636528899644,9717.48162732554
SLB,-1,2019-06-12,2019-06-13,1,RESIDUAL_REVERTED,30.522375106811523,30.00814437866211,0.01684766425777451,163.7168678882727,9717.48162732554
MAC,1,2019-06-07,2019-06-14,5,RESIDUAL_REVERTED,24.308170318603516,23.76108741760254,-0.022506132457953187,-220.92069635259125,9816.022222624159
MSCI,1,2019-06-12,2019-06-17,3,RESIDUAL_REVERTED,218.32904052734375,218.32907104492188,1.3977791524233396e-07,0.0013582893234169579,9717.48162732554
MNST,1,2019-06-14,2019-06-17,1,RESIDUAL_REVERTED,15.202500343322754,15.369999885559082,0.011017894323541055,107.5470288680771,9761.123651212469
UNP,1,2019-06-14,2019-06-17,1,RESIDUAL_REVERTED,142.77684020996094,141.30213928222656,-0.010328712454805378,-100.81983942917316,9761.123651212467
AAL,-1,2019-06-14,2019-06-17,1,RESIDUAL_REVERTED,32.62771224975586,31.766738891601562,0.02638779426408422,257.57452269448083,9761.123651212469
DIS,-1,2019-06-14,2019-06-17,1,RESIDUAL_REVERTED,136.06358337402344,134.87586975097656,0.008729107330519015,85.20589601790142,9761.123651212469
LYB,-1,2019-06-11,2019-06-18,5,RESIDUAL_REVERTED,53.78644943237305,54.91572570800781,-0.020995553481451434,-205.84128024608367,9804.041623762652
FFIV,1,2019-06-17,2019-06-18,1,RESIDUAL_REVERTED,136.94000244140625,140.32000732421875,0.024682377848348036,240.58439208215458,9747.212912805158
NWS,-1,2019-06-18,2019-06-18,0,STOP_LOSS,11.839709281921387,12.313297653198243,-0.040000000000000036,-390.5112057760261,9762.780144400645
NWSA,-1,2019-06-18,2019-06-18,0,STOP_LOSS,11.356472969055176,11.810731887817383,-0.040000000000000036,-390.5112057760258,9762.780144400645
AMAT,1,2019-06-13,2019-06-19,4,RESIDUAL_REVERTED,38.86713409423828,39.87594223022461,0.02595530026835391,253.57256184971624,9769.586913964005
UAL,-1,2019-06-14,2019-06-19,3,RESIDUAL_REVERTED,87.06999969482422,87.76000213623047,-0.00792468638824717,-77.35384373276,9761.123651212469
CF,-1,2019-06-14,2019-06-19,3,RESIDUAL_REVERTED,37.81907653808594,39.583168029785156,-0.046645546459144205,-455.3129467660827,9761.123651212469
TSN,1,2019-06-18,2019-06-20,2,RESIDUAL_REVERTED,63.59651184082031,62.90892028808594,-0.010811780911119673,-105.5530400046887,9762.780144400645
BA,-1,2019-06-19,2019-06-20,1,RESIDUAL_REVERTED,368.7137145996094,366.3564453125,0.006393223777068191,61.978500221702795,9694.404948566415
NWSA,-1,2019-06-19,2019-06-20,1,STOP_LOSS,11.959059715270996,12.610827767178051,-0.054499941251634265,-528.344500166422,9694.404948566415
NWS,-1,2019-06-19,2019-06-20,1,STOP_LOSS,12.313669204711914,12.92303606087197,-0.04948702503124558,-479.74726035273716,9694.404948566415
ECL,1,2019-06-18,2019-06-21,3,RESIDUAL_REVERTED,176.04551696777344,178.01771545410156,0.011202775965542866,109.37023875856977,9762.780144400645
IQV,-1,2019-06-20,2019-06-21,1,RESIDUAL_REVERTED,156.8800048828125,155.75999450683594,0.007139280603753129,68.88324252500205,9648.485099295558
RJF,1,2019-06-20,2019-06-24,2,RESIDUAL_REVERTED,48.74471664428711,49.0729866027832,0.006734472597135666,64.97745850507762,9648.485099295558
ADBE,-1,2019-06-20,2019-06-24,2,RESIDUAL_REVERTED,293.25,300.0,-0.023017902813299296,-222.08789231115097,9648.48509929556
ORCL,-1,2019-06-21,2019-06-24,1,RESIDUAL_REVERTED,51.43670654296875,50.635536193847656,0.01557584851300342,149.66673279749165,9608.897561666896
SLG,1,2019-06-19,2019-06-24,3,TRAILING_STOP,54.32679748535156,53.318458455323054,-0.018560619743882234,-179.93416389355158,9694.404948566415
AMP,1,2019-06-18,2019-06-25,5,RESIDUAL_REVERTED,130.59722900390625,130.0685272216797,-0.004048338439177401,-39.52303813181466,9762.780144400645
ETN,-1,2019-06-21,2019-06-25,2,RESIDUAL_REVERTED,72.5204849243164,72.0916519165039,0.0059132672411117415,56.8199791746036,9608.897561666898
ARE,1,2019-06-24,2019-06-25,1,RESIDUAL_REVERTED,110.15834045410156,110.10552978515625,-0.00047940690398573516,-4.605031475457857,9605.684518040305
BMY,1,2019-06-25,2019-06-26,1,RESIDUAL_REVERTED,34.781185150146484,34.81913757324219,0.001091176822522577,10.470378268593159,9595.491814414334
WAB,1,2019-06-25,2019-06-26,1,RESIDUAL_REVERTED,65.43547058105469,65.83809661865234,0.006153024254619277,59.04129386909221,9595.491814414332
DUK,-1,2019-06-24,2019-06-27,3,RESIDUAL_REVERTED,67.32657623291016,66.1621322631836,0.01729545797336074,166.13471288712756,9605.684518040305
HCA,-1,2019-06-25,2019-06-27,2,RESIDUAL_REVERTED,123.82740020751953,126.22809600830078,-0.019387436034011607,-186.03198376684057,9595.491814414332
ABBV,1,2019-06-26,2019-06-27,1,RESIDUAL_REVERTED,49.7227668762207,50.40309143066406,0.013682355129933876,130.75799365867817,9556.687603628301
MOS,-1,2019-06-26,2019-06-27,1,RESIDUAL_REVERTED,20.847434997558594,20.942197799682617,-0.004545537718914527,-43.440283970176274,9556.687603628301
ATO,-1,2019-06-26,2019-06-27,1,RESIDUAL_REVERTED,90.27200317382812,87.49581909179688,0.030753544669718025,293.9020191127234,9556.687603628301
CCL,1,2019-06-21,2019-06-28,5,RESIDUAL_REVERTED,44.36524200439453,43.7564582824707,-0.013722087256134552,-131.85413077645183,9608.897561666896
GIS,1,2019-06-27,2019-06-28,1,RESIDUAL_REVERTED,38.967647552490234,39.690673828125,0.018554527179523328,178.54770490678231,9622.864715400918
LEN,1,2019-06-26,2019-07-01,3,RESIDUAL_REVERTED,41.86680603027344,42.936492919921875,0.02554976104159845,244.17108462190882,9556.687603628301
CAG,1,2019-06-28,2019-07-01,1,RESIDUAL_REVERTED,18.44105339050293,19.31057357788086,0.047151329642900475,454.7453573539487,9644.380355717496
MAC,-1,2019-06-28,2019-07-01,1,RESIDUAL_REVERTED,22.552093505859375,22.734458923339844,-0.008086407474015012,-77.98838939071841,9644.380355717496
TRIP,-1,2019-06-28,2019-07-01,1,RESIDUAL_REVERTED,41.671451568603516,41.87598419189453,-0.004908219310630235,-47.336733900996265,9644.380355717496
MKC,-1,2019-06-28,2019-07-01,1,RESIDUAL_REVERTED,66.73568725585938,66.9732894897461,-0.0035603474491208154,-34.33734499782901,9644.380355717496
ROL,-1,2019-06-28,2019-07-01,1,RESIDUAL_REVERTED,22.281463623046875,21.977148056030273,0.013657790716307905,131.7209284868606,9644.380355717496
DINO,-1,2019-06-21,2019-07-01,6,TRAILING_STOP,34.499324798583984,36.898590087890625,-0.06954528250376413,-668.2534954758551,9608.897561666896
PAYX,1,2019-06-27,2019-07-02,3,RESIDUAL_REVERTED,65.58232116699219,66.44693756103516,0.013183680886216242,126.86477761907562,9622.864715400918
AXP,1,2019-07-01,2019-07-02,1,RESIDUAL_REVERTED,113.99919128417969,113.52609252929688,-0.004150018518144227,-40.21563962830982,9690.472332227824
CSCO,1,2019-07-01,2019-07-03,2,RESIDUAL_REVERTED,44.81111145019531,45.510093688964844,0.015598413343226314,151.1559929291886,9690.472332227824
LHX,1,2019-07-02,2019-07-03,1,RESIDUAL_REVERTED,158.6977996826172,160.96878051757812,0.01431009654514881,138.2778891343584,9662.95990373561
COTY,1,2019-07-02,2019-07-03,1,RESIDUAL_REVERTED,10.730284690856934,11.232964515686035,0.04684683019243896,452.67904176664786,9662.95990373561
QRVO,-1,2019-07-02,2019-07-03,1,RESIDUAL_REVERTED,70.37000274658203,69.9000015258789,0.006678999607200531,64.53890540144508,9662.95990373561
MCHP,-1,2019-07-02,2019-07-03,1,RESIDUAL_REVERTED,39.753047943115234,38.91362762451172,0.02111587317291208,204.04183580221607,9662.95990373561
SWKS,-1,2019-07-02,2019-07-03,1,RESIDUAL_REVERTED,68.49967956542969,68.33181762695312,0.0024505507112076996,23.67957326447068,9662.95990373561
CBOE,-1,2019-07-02,2019-07-03,1,TRAILING_STOP,97.20097351074219,99.62074700947198,-0.024894539749258593,-240.55493941903745,9662.95990373561
ADP,1,2019-07-03,2019-07-05,1,RESIDUAL_REVERTED,138.8500518798828,138.841552734375,-6.121096386169089e-05,-0.5972662287995746,9757.504066578504
EOG,1,2019-07-03,2019-07-08,2,RESIDUAL_REVERTED,64.96794891357422,64.93103790283203,-0.0005681418508577396,-5.543646420137588,9757.504066578504
GEN,-1,2019-07-05,2019-07-08,1,RESIDUAL_REVERTED,12.363425254821777,12.874844551086426,-0.04136550233643321,-402.15096617371626,9721.892481878936
CAG,-1,2019-07-05,2019-07-08,1,RESIDUAL_REVERTED,20.296030044555664,20.22357177734375,0.0035700709475127157,34.7078459043986,9721.892481878936
MSI,-1,2019-07-02,2019-07-09,4,RESIDUAL_REVERTED,151.9869384765625,153.84475708007812,-0.012223541194640974,-118.1155884454762,9662.95990373561
AVGO,1,2019-07-05,2019-07-10,3,RESIDUAL_REVERTED,23.806529998779297,23.320581436157227,-0.020412406287140028,-198.44721922000502,9721.892481878936
NCLH,1,2019-07-05,2019-07-10,3,RESIDUAL_REVERTED,52.72999954223633,50.970001220703125,-0.03337755237648843,-324.4929755125031,9721.892481878936
JEF,-1,2019-07-05,2019-07-10,3,RESIDUAL_REVERTED,15.018819808959961,15.450607299804688,-0.028749761721432288,-279.50209233540374,9721.892481878936
MSCI,1,2019-07-09,2019-07-10,1,RESIDUAL_REVERTED,215.8649139404297,221.26571655273438,0.025019362867812367,238.7349477339958,9542.007484176622
NKE,-1,2019-07-09,2019-07-10,1,RESIDUAL_REVERTED,78.765625,79.10538482666016,-0.004313554633257333,-41.15997059394581,9542.007484176622
ZBH,-1,2019-07-09,2019-07-10,1,RESIDUAL_REVERTED,110.50249481201172,110.85993957519531,-0.0032347212050884977,-30.865733948179074,9542.007484176622
ROK,1,2019-07-08,2019-07-10,2,TRAILING_STOP,139.71636962890625,135.3731299348079,-0.031086119011209723,-300.9087337340053,9679.842428239343
IPGP,1,2019-07-08,2019-07-11,3,RESIDUAL_REVERTED,147.41000366210938,142.72999572753906,-0.03174823837124208,-307.3179448078052,9679.842428239343
EXPD,1,2019-07-11,2019-07-12,1,RESIDUAL_REVERTED,66.06349182128906,67.05872344970703,0.015064774824652183,144.02091562749587,9560.110742035027
CFG,1,2019-07-11,2019-07-12,1,RESIDUAL_REVERTED,25.65804100036621,26.039255142211914,0.014857492114860316,142.0392699669766,9560.110742035027
PEP,-1,2019-07-11,2019-07-12,1,RESIDUAL_REVERTED,106.97748565673828,106.81006622314453,0.0015649969015999465,14.96154369023735,9560.110742035027
UNM,1,2019-07-11,2019-07-15,2,RESIDUAL_REVERTED,25.20321273803711,25.51011085510254,0.012176944275134272,116.41293576987215,9560.110742035027
SJM,1,2019-07-11,2019-07-15,2,RESIDUAL_REVERTED,92.281982421875,89.64602661132812,-0.028564143740393177,-273.0763774095655,9560.110742035027
GIS,-1,2019-07-11,2019-07-15,2,RESIDUAL_REVERTED,41.98159408569336,41.082977294921875,0.021405018326298375,204.6343456347014,9560.110742035027
ES,-1,2019-07-11,2019-07-15,2,RESIDUAL_REVERTED,59.62334060668945,59.37785339355469,0.004117300551039982,39.36184922618384,9560.110742035027
IRM,1,2019-07-12,2019-07-15,1,RESIDUAL_REVERTED,20.786800384521484,21.213302612304688,0.02051793541543745,196.23950353023724,9564.29092678538
CI,-1,2019-07-12,2019-07-15,1,RESIDUAL_REVERTED,157.30735778808594,161.0399932861328,-0.023728295678802525,-226.94432306885128,9564.29092678538
LHX,-1,2019-07-10,2019-07-16,4,RESIDUAL_REVERTED,166.65049743652344,166.62442016601562,0.0001564788038976861,1.4961633486713062,9561.444179047383
JNJ,1,2019-07-15,2019-07-16,1,RESIDUAL_REVERTED,110.93817138671875,108.92244720458984,-0.0181697981581318,-173.93877557281473,9572.961353726972
JBHT,-1,2019-07-15,2019-07-16,1,TRAILING_STOP,87.09353637695312,93.30244445800781,-0.07129011335791513,-682.4575000781359,9572.961353726972
GEN,1,2019-07-16,2019-07-17,1,RESIDUAL_REVERTED,11.251214027404785,11.717945098876953,0.041482729804565244,398.10840017240145,9596.967269222194
DTE,1,2019-07-16,2019-07-17,1,RESIDUAL_REVERTED,86.46231842041016,86.79593658447266,0.003858538264499556,37.03026543144394,9596.967269222194
AWK,1,2019-07-16,2019-07-17,1,RESIDUAL_REVERTED,100.1302719116211,100.92803955078125,0.007967297241180837,76.46189084777778,9596.967269222194
CF,-1,2019-07-16,2019-07-17,1,RESIDUAL_REVERTED,40.22161865234375,40.04520797729492,0.004385966576174738,42.09197767545198,9596.967269222194
GILD,-1,2019-07-16,2019-07-17,1,RESIDUAL_REVERTED,52.054203033447266,51.33538055419922,0.013809115063891597,132.52562528509054,9596.967269222194
ILMN,1,2019-07-15,2019-07-18,3,RESIDUAL_REVERTED,296.85797119140625,294.7470703125,-0.007110810838039439,-68.07151734621442,9572.961353726972
CSX,1,2019-07-18,2019-07-19,1,RESIDUAL_REVERTED,21.6177978515625,21.79030990600586,0.007980093792527176,76.22307882425648,9551.651998831781
NSC,1,2019-07-18,2019-07-19,1,RESIDUAL_REVERTED,167.96279907226562,170.2442626953125,0.01358314838552599,129.74150642703825,9551.651998831781
CTAS,-1,2019-07-18,2019-07-19,1,RESIDUAL_REVERTED,60.39019012451172,60.970863342285156,-0.009615356675914066,-91.84254081297416,9551.651998831781
JBHT,-1,2019-07-17,2019-07-19,2,TRAILING_STOP,91.05487823486328,94.53029288831304,-0.03816835210613778,-365.3408332432172,9571.826214222849
WEC,-1,2019-07-16,2019-07-22,4,RESIDUAL_REVERTED,68.21633911132812,68.68373107910156,-0.006851613174530868,-65.7547073773438,9596.967269222194
PLD,-1,2019-07-17,2019-07-22,3,RESIDUAL_REVERTED,66.86626434326172,66.14681243896484,0.010759564802417132,102.9886844294053,9571.826214222849
TXT,1,2019-07-18,2019-07-22,2,RESIDUAL_REVERTED,48.3178596496582,48.64485168457031,0.006767519035053571,64.64098671830169,9551.651998831781
USB,-1,2019-07-18,2019-07-22,2,RESIDUAL_REVERTED,40.63578414916992,41.046485900878906,-0.01010689864384906,-96.5375786335101,9551.651998831781
CCI,1,2019-07-19,2019-07-22,1,RESIDUAL_REVERTED,92.79246520996094,91.30085754394531,-0.016074663633955377,-153.05693718735583,9521.626123737096
TEL,1,2019-07-17,2019-07-23,4,RESIDUAL_REVERTED,79.890869140625,79.85537719726562,-0.00044425531654812556,-4.252334684743429,9571.826214222849
AXP,1,2019-07-22,2019-07-23,1,RESIDUAL_REVERTED,113.8537368774414,115.34139251708984,0.013066375162106736,124.60207459332258,9536.085796363468
SYF,1,2019-07-22,2019-07-23,1,RESIDUAL_REVERTED,29.532609939575195,29.725627899169922,0.0065357569137860505,62.32553867403993,9536.085796363468
CFG,-1,2019-07-22,2019-07-23,1,RESIDUAL_REVERTED,26.77967071533203,26.933616638183594,-0.005748611492949474,-54.8192524067281,9536.085796363468
STT,-1,2019-07-22,2019-07-23,1,RESIDUAL_REVERTED,48.0401725769043,47.67921447753906,0.007513671995815652,71.6510207978311,9536.085796363468
HPE,1,2019-07-23,2019-07-24,1,RESIDUAL_REVERTED,11.572216987609863,11.76508903503418,0.016666819126431864,159.33818964494807,9560.203925910108
AMCR,1,2019-07-23,2019-07-24,1,RESIDUAL_REVERTED,38.15399169921875,38.29532241821289,0.0037042184238100795,35.41308351773709,9560.203925910108
HAL,-1,2019-07-23,2019-07-24,1,RESIDUAL_REVERTED,20.541479110717773,20.619583129882812,-0.003802258773287992,-36.35036925171419,9560.203925910108
AMAT,-1,2019-07-23,2019-07-24,1,RESIDUAL_REVERTED,47.3018913269043,47.62881088256836,-0.0069113421576467715,-66.07384042884324,9560.203925910108
LRCX,-1,2019-07-23,2019-07-24,1,RESIDUAL_REVERTED,19.102367401123047,19.323204040527344,-0.011560694795939908,-110.52259977439401,9560.203925910108
ZION,1,2019-07-24,2019-07-25,1,RESIDUAL_REVERTED,33.44680404663086,34.128273010253906,0.020374710919254246,194.74240084189805,9558.044853429803
WHR,1,2019-07-24,2019-07-25,1,RESIDUAL_REVERTED,104.10538482666016,107.26496887207031,0.030349861831556524,290.0853406814144,9558.044853429803
SWK,-1,2019-07-24,2019-07-25,1,RESIDUAL_REVERTED,120.24842071533203,121.89643859863281,-0.013705110416395216,-130.99406008111427,9558.044853429803
PHM,1,2019-07-24,2019-07-26,2,RESIDUAL_REVERTED,28.787370681762695,29.474559783935547,0.023871200665373626,228.16200666486472,9558.044853429803
APH,1,2019-07-25,2019-07-26,1,RESIDUAL_REVERTED,10.772658348083496,10.983177185058594,0.019541957998932435,187.0403693246136,9571.219492684946
AFL,1,2019-07-25,2019-07-26,1,RESIDUAL_REVERTED,45.47107696533203,45.42041015625,-0.001114264549323507,-10.664870574493179,9571.219492684946
TXN,-1,2019-07-25,2019-07-26,1,RESIDUAL_REVERTED,105.15328216552734,104.52361297607422,0.005988107803063469,57.31349412897954,9571.219492684946
EW,-1,2019-07-25,2019-07-26,1,RESIDUAL_REVERTED,70.8499984741211,70.6433334350586,0.002916937805411357,27.918651982102723,9571.219492684946
LEN,-1,2019-07-24,2019-07-29,3,RESIDUAL_REVERTED,40.22610092163086,41.814449310302734,-0.03948551692261493,-377.40434180721587,9558.044853429803
AAL,1,2019-07-26,2019-07-29,1,RESIDUAL_REVERTED,31.66777801513672,30.648469924926758,-0.03218754690407222,-308.50798983233494,9584.700280259745
BAX,-1,2019-07-26,2019-07-29,1,RESIDUAL_REVERTED,75.72769927978516,75.20689392089844,0.006877342951652876,65.91727091614968,9584.700280259745
UPS,-1,2019-07-25,2019-07-30,3,RESIDUAL_REVERTED,85.26593017578125,87.0260009765625,-0.02064213452140562,-197.5704003019017,9571.219492684946
ALGN,1,2019-07-26,2019-07-31,3,RESIDUAL_REVERTED,203.25999450683594,208.0,0.023319913516009816,223.51438161253319,9584.700280259745
MHK,1,2019-07-29,2019-07-31,2,RESIDUAL_REVERTED,127.45999908447266,125.16999816894531,-0.0179664281498203,-171.18231645197878,9527.899203141866
GOOG,-1,2019-07-29,2019-07-31,2,RESIDUAL_REVERTED,61.47026824951172,60.57624435424805,0.01454400510560283,138.5738146561641,9527.899203141866
GOOGL,-1,2019-07-29,2019-07-31,2,RESIDUAL_REVERTED,61.53940963745117,60.66621780395508,0.014189148687651643,135.192778474337,9527.899203141866
XOM,-1,2019-07-30,2019-07-31,1,RESIDUAL_REVERTED,54.35356903076172,54.33908462524414,0.0002664849020196369,2.5263578720119817,9480.303960432864
AMZN,1,2019-07-29,2019-07-31,2,TRAILING_STOP,96.5,92.74704345703125,-0.038890741377914484,-370.5470637842277,9527.899203141866
PFE,1,2019-07-30,2019-08-01,2,RESIDUAL_REVERTED,26.544673919677734,25.770540237426758,-0.029163427834655198,-276.47816040068005,9480.303960432864
MRK,-1,2019-07-30,2019-08-01,2,RESIDUAL_REVERTED,64.06693267822266,63.357547760009766,0.011072559408701332,104.97122881443963,9480.303960432864
WMB,1,2019-07-29,2019-08-02,4,RESIDUAL_REVERTED,17.11505126953125,17.45612335205078,0.019928195197797427,189.8738351451507,9527.899203141866
MLM,-1,2019-07-31,2019-08-02,2,RESIDUAL_REVERTED,235.6287078857422,231.01417541503906,0.01958391450731356,186.6745471004394,9532.034416854032
XEL,1,2019-08-01,2019-08-02,1,RESIDUAL_REVERTED,47.24965286254883,48.846038818359375,0.033786194375956535,321.97600333463834,9529.8097131581
MDLZ,1,2019-08-01,2019-08-02,1,RESIDUAL_REVERTED,44.78745651245117,44.846168518066406,0.001310902877436515,12.492654974401265,9529.8097131581
AMD,1,2019-08-01,2019-08-02,1,RESIDUAL_REVERTED,30.5,29.479999542236328,-0.03344263795946467,-318.701976059736,9529.8097131581
ALL,-1,2019-08-01,2019-08-02,1,RESIDUAL_REVERTED,91.0097427368164,88.46597290039062,0.027950522218065155,266.3631581215586,9529.8097131581
AKAM,-1,2019-08-01,2019-08-05,2,RESIDUAL_REVERTED,88.12000274658203,86.55999755859375,0.017703190414945724,168.70803597023706,9529.8097131581
SPGI,-1,2019-08-02,2019-08-05,1,RESIDUAL_REVERTED,228.6785430908203,223.71250915527344,0.021716221681430725,207.92157794380984,9574.48220017023
MCO,-1,2019-08-01,2019-08-06,3,RESIDUAL_REVERTED,200.24246215820312,191.8993682861328,0.04166495848157714,397.0591260360627,9529.8097131581
PRU,1,2019-08-02,2019-08-06,2,RESIDUAL_REVERTED,62.85731887817383,60.225215911865234,-0.04187424811118612,-400.92424318606334,9574.48220017023
NTAP,1,2019-08-05,2019-08-06,1,RESIDUAL_REVERTED,37.66364288330078,37.80495071411133,0.003751836519063856,35.98143675119864,9590.353036005075
XEL,1,2019-08-05,2019-08-06,1,RESIDUAL_REVERTED,48.188232421875,47.65878677368164,-0.010987031928421986,-105.36951501142634,9590.353036005075
PWR,1,2019-08-05,2019-08-06,1,RESIDUAL_REVERTED,32.35091781616211,32.33124542236328,-0.0006080938386545665,-5.831834591716714,9590.353036005075
FTNT,-1,2019-08-05,2019-08-06,1,RESIDUAL_REVERTED,16.673999786376953,16.29199981689453,0.02290991809862708,219.7142025917961,9590.353036005075
NWL,-1,2019-08-05,2019-08-06,1,RESIDUAL_REVERTED,10.623473167419434,10.778975486755371,-0.014637615861151643,-140.37990371387164,9590.353036005075
MTD,1,2019-08-05,2019-08-07,2,RESIDUAL_REVERTED,701.47998046875,701.260009765625,-0.0003135808708012444,-3.007351256321412,9590.353036005075
WEC,-1,2019-08-06,2019-08-07,1,RESIDUAL_REVERTED,69.095703125,69.52349853515625,-0.006191346072306869,-59.67947197043004,9639.17559662333
J,-1,2019-08-06,2019-08-08,2,RESIDUAL_REVERTED,64.03955841064453,65.45886993408203,-0.022163043572792418,-213.63346875376024,9639.17559662333
IFF,1,2019-08-07,2019-08-08,1,RESIDUAL_REVERTED,97.10002136230469,100.58535766601562,0.035894289772669286,345.38478824447816,9622.276702838186
MOS,1,2019-08-07,2019-08-08,1,RESIDUAL_REVERTED,18.822994232177734,19.632768630981445,0.04302048806982106,413.9550400989663,9622.276702838186
DXC,1,2019-08-07,2019-08-08,1,RESIDUAL_REVERTED,47.34458923339844,48.56526184082031,0.02578272675266491,248.0885309678108,9622.276702838186
ZTS,-1,2019-08-07,2019-08-08,1,RESIDUAL_REVERTED,112.68323516845703,114.0947036743164,-0.012525984932446166,-120.5284929955784,9622.276702838186
UDR,-1,2019-08-07,2019-08-08,1,RESIDUAL_REVERTED,35.201744079589844,35.31615447998047,-0.003250134428906426,-31.273692796357807,9622.276702838188
AES,1,2019-08-07,2019-08-09,2,RESIDUAL_REVERTED,12.044183731079102,12.159625053405762,0.009584819104741182,92.22778157246964,9622.276702838186
TDG,-1,2019-08-07,2019-08-12,3,RESIDUAL_REVERTED,391.0496520996094,402.6800842285156,-0.029741573906179264,-286.18165370316956,9622.276702838186
NI,-1,2019-08-09,2019-08-12,1,RESIDUAL_REVERTED,22.928585052490234,22.70598030090332,0.009708612680516815,93.80159672614302,9661.68903971047
CNP,1,2019-08-08,2019-08-13,3,RESIDUAL_REVERTED,22.80487823486328,22.73943519592285,-0.002869694732260508,-27.811339869948355,9691.393149696029
WAB,1,2019-08-09,2019-08-13,2,RESIDUAL_REVERTED,68.65079498291016,65.18464660644531,-0.050489559186134736,-487.81442060849105,9661.68903971047
AMD,-1,2019-08-09,2019-08-13,2,RESIDUAL_REVERTED,33.45000076293945,32.36000061035156,0.03258595299631639,314.8353449130301,9661.68903971047
GEN,-1,2019-08-09,2019-08-13,2,RESIDUAL_REVERTED,11.405135154724121,10.705041885375977,0.06138403971987638,593.0735037746824,9661.68903971047
PRGO,1,2019-08-09,2019-08-14,3,RESIDUAL_REVERTED,36.538211822509766,36.654903411865234,0.0031936863774919555,30.856404669687667,9661.68903971047
AWK,-1,2019-08-13,2019-08-14,1,RESIDUAL_REVERTED,106.41541290283203,106.69407653808594,-0.0026186397971161846,-25.17827207832286,9615.01925772719
KHC,1,2019-08-09,2019-08-14,3,TRAILING_STOP,19.208457946777344,17.73798251183853,-0.07655353901980033,-739.6364888986524,9661.68903971047
AIZ,-1,2019-08-08,2019-08-15,5,RESIDUAL_REVERTED,104.1871566772461,106.58145904541016,-0.022980782320235482,-222.71579635298588,9691.393149696029
AMGN,-1,2019-08-13,2019-08-15,2,RESIDUAL_REVERTED,163.47845458984375,161.86077880859375,0.009895345446643944,95.14393703134463,9615.01925772719
SO,1,2019-08-14,2019-08-15,1,RESIDUAL_REVERTED,43.48400115966797,43.33237075805664,-0.003487038854924185,-33.4995486848428,9606.87565541098
BBY,-1,2019-08-14,2019-08-15,1,RESIDUAL_REVERTED,51.151058197021484,50.5238151550293,0.012262562380942366,117.8049120104334,9606.87565541098
DLTR,-1,2019-08-14,2019-08-15,1,RESIDUAL_REVERTED,92.30000305175781,93.72000122070312,-0.015384595037868376,-147.7978915376546,9606.87565541098
DXC,1,2019-08-12,2019-08-15,3,TRAILING_STOP,34.4597282409668,29.29900493621826,-0.14976099836484802,-1432.912397009469,9567.99442214324
UDR,1,2019-08-14,2019-08-16,2,RESIDUAL_REVERTED,35.68227767944336,35.57550048828125,-0.0029924432549220947,-28.748030255910372,9606.87565541098
CBRE,1,2019-08-15,2019-08-16,1,RESIDUAL_REVERTED,50.0,50.81999969482422,0.016399993896484277,156.51556194789757,9543.635377903976
BRK-B,-1,2019-08-15,2019-08-19,2,RESIDUAL_REVERTED,197.0800018310547,202.72000122070312,-0.028617816811688845,-273.1180089624094,9543.635377903976
TPR,1,2019-08-16,2019-08-19,1,RESIDUAL_REVERTED,15.76524829864502,17.039201736450195,0.08080769891297357,764.886910735916,9465.520253950881
CMS,-1,2019-08-16,2019-08-19,1,RESIDUAL_REVERTED,49.56877899169922,49.62556838989258,-0.0011456686920383596,-10.844350208806663,9465.520253950881
CSCO,1,2019-08-16,2019-08-20,2,RESIDUAL_REVERTED,37.88017654418945,39.61017990112305,0.04567041431064722,432.29423166375955,9465.520253950881
A,-1,2019-08-16,2019-08-20,2,RESIDUAL_REVERTED,66.44682312011719,67.89173889160156,-0.021745445510199524,-205.83195490797894,9465.520253950881
BFH,1,2019-08-19,2019-08-20,1,TRAILING_STOP,97.82806396484375,95.96098327636719,-0.01908532800104812,-181.4789540578227,9508.820285816204
WMT,-1,2019-08-16,2019-08-21,3,RESIDUAL_REVERTED,34.56892776489258,34.53862380981445,0.0008766240967676975,8.297703143055562,9465.520253950881
BF-B,-1,2019-08-16,2019-08-21,3,RESIDUAL_REVERTED,49.67898941040039,50.941650390625,-0.025416398264338946,-240.57943255358154,9465.520253950881
CBOE,1,2019-08-20,2019-08-21,1,RESIDUAL_REVERTED,108.83413696289062,109.54470825195312,0.006528937600752904,61.99921133650883,9496.064310579399
NVDA,-1,2019-08-20,2019-08-21,1,RESIDUAL_REVERTED,4.227819442749023,4.227075576782227,0.00017594553808886193,1.6707901448509832,9496.064310579399
KSS,1,2019-08-21,2019-08-22,1,RESIDUAL_REVERTED,30.930692672729492,32.19123077392578,0.04075363311561597,385.9075281315629,9469.279144678045
M,1,2019-08-15,2019-08-23,6,RESIDUAL_REVERTED,12.521970748901367,11.50910758972168,-0.08088688110603937,-771.95490013191,9543.635377903976
AMAT,1,2019-08-19,2019-08-23,4,RESIDUAL_REVERTED,44.46227264404297,43.6402473449707,-0.0184881529932861,-175.80052422983243,9508.820285816204
EL,-1,2019-08-20,2019-08-23,3,RESIDUAL_REVERTED,181.56674194335938,183.5154571533203,-0.010732776218283613,-101.91913319987898,9496.064310579399
MKC,1,2019-08-21,2019-08-23,2,RESIDUAL_REVERTED,69.81891632080078,70.52115631103516,0.010058019047556543,95.2421900038023,9469.279144678045
AFL,1,2019-08-22,2019-08-23,1,RESIDUAL_REVERTED,41.62358474731445,41.87815856933594,0.00611609556377557,57.84492802613515,9457.819522758888
TGT,-1,2019-08-22,2019-08-26,2,RESIDUAL_REVERTED,86.98588562011719,86.58968353271484,0.004554785923921334,43.07834323325088,9457.819522758888
LOW,-1,2019-08-22,2019-08-26,2,RESIDUAL_REVERTED,95.17401123046875,94.48905181884766,0.007196916498164896,68.0671373600097,9457.819522758888
PNW,1,2019-08-23,2019-08-26,1,RESIDUAL_REVERTED,70.79969787597656,70.09272766113281,-0.009985497622916228,-94.61317160830902,9475.058247590643
MDT,-1,2019-08-21,2019-08-27,4,RESIDUAL_REVERTED,86.58381652832031,86.87617492675781,-0.003376594035236158,-31.973911477905133,9469.279144678045
TJX,-1,2019-08-22,2019-08-27,3,RESIDUAL_REVERTED,48.974510192871094,49.15712356567383,-0.0037287432193515713,-35.265780415338476,9457.819522758888
CBRE,1,2019-08-26,2019-08-27,1,RESIDUAL_REVERTED,49.65999984741211,49.79999923706055,0.0028191580764922453,26.87752201185226,9533.88255733939
HAS,1,2019-08-26,2019-08-27,1,RESIDUAL_REVERTED,81.13409423828125,82.9491958618164,0.02237162614035504,213.28845623884817,9533.88255733939
KMI,1,2019-08-26,2019-08-27,1,RESIDUAL_REVERTED,13.231775283813477,13.419168472290039,0.014162361773616405,135.0222938842117,9533.88255733939
MCD,1,2019-08-26,2019-08-27,1,RESIDUAL_REVERTED,182.31854248046875,183.58421325683594,0.006942084766297318,66.18502086497323,9533.88255733939
CRM,-1,2019-08-26,2019-08-28,2,RESIDUAL_REVERTED,150.6343536376953,149.64328002929688,0.006579333229537854,62.7265903160139,9533.88255733939
ROK,1,2019-08-27,2019-08-28,1,RESIDUAL_REVERTED,129.427490234375,129.11721801757812,-0.002397266733945136,-22.793961930846972,9508.312783090045
BMY,-1,2019-08-27,2019-08-28,1,RESIDUAL_REVERTED,37.01963424682617,36.537071228027344,0.013035326485976828,123.94396145836573,9508.312783090045
FTI,-1,2019-08-27,2019-08-29,2,RESIDUAL_REVERTED,17.508638381958008,17.622106552124023,-0.006480696424853827,-61.62048865976461,9508.312783090045
PM,1,2019-08-28,2019-08-29,1,RESIDUAL_REVERTED,50.53946304321289,52.90061569213867,0.046718989612274164,445.78277361759257,9541.78969445166
MO,1,2019-08-28,2019-08-29,1,RESIDUAL_REVERTED,25.76738166809082,26.33783721923828,0.02213866967530853,211.24253015672758,9541.78969445166
ADSK,1,2019-08-29,2019-08-30,1,RESIDUAL_REVERTED,142.02000427246094,143.7899932861328,0.012462955643038898,119.55216459012196,9592.601306969833
COTY,-1,2019-08-29,2019-08-30,1,RESIDUAL_REVERTED,9.038573265075684,9.12557601928711,-0.009625717650328491,-92.33567171306319,9592.601306969833
SJM,1,2019-08-28,2019-09-03,3,RESIDUAL_REVERTED,81.26282501220703,82.86783599853516,0.019750863769343763,188.45858837084333,9541.78969445166
GIS,-1,2019-08-28,2019-09-03,3,RESIDUAL_REVERTED,39.96162414550781,41.30570602416992,-0.033634315606594356,-320.93156603493617,9541.78969445166
COST,-1,2019-08-28,2019-09-03,3,RESIDUAL_REVERTED,266.2151794433594,265.73223876953125,0.0018140989361986604,17.309750534135784,9541.78969445166
BBY,1,2019-08-30,2019-09-03,1,RESIDUAL_REVERTED,46.96190643310547,47.066444396972656,0.0022260161864615657,21.365112333829327,9597.914185786165
DG,-1,2019-08-30,2019-09-03,1,RESIDUAL_REVERTED,141.78982543945312,140.69439697265625,0.0077257198349866,74.15079599962773,9597.914185786165
UNM,1,2019-08-28,2019-09-04,4,RESIDUAL_REVERTED,19.286685943603516,19.83618927001953,0.028491329615820238,271.8582753094594,9541.78969445166
HPE,-1,2019-08-29,2019-09-04,3,RESIDUAL_REVERTED,11.001641273498535,10.937353134155273,0.00584350441402981,56.05440807930677,9592.601306969833
HRB,1,2019-08-30,2019-09-04,2,RESIDUAL_REVERTED,18.21058464050293,18.278228759765625,0.0037145495654349325,35.65192796789329,9597.914185786165
ULTA,1,2019-09-03,2019-09-04,1,RESIDUAL_REVERTED,234.0500030517578,238.0,0.016876722481258266,162.36774058284817,9620.810009950568
AJG,-1,2019-09-03,2019-09-04,1,RESIDUAL_REVERTED,82.38926696777344,82.62725067138672,-0.0028885279888017923,-27.789978988687214,9620.810009950568
PNW,1,2019-09-04,2019-09-05,1,RESIDUAL_REVERTED,71.35034942626953,71.00804901123047,-0.0047974595470311465,-46.333462577482244,9657.916262400904
PFE,-1,2019-09-04,2019-09-05,1,RESIDUAL_REVERTED,24.41844367980957,24.290632247924805,0.005234216953410753,50.551629035280506,9657.916262400904
NEE,-1,2019-09-04,2019-09-05,1,RESIDUAL_REVERTED,47.33414840698242,45.98918151855469,0.02841430412698276,274.42296991279176,9657.916262400904
AMT,-1,2019-09-04,2019-09-06,2,RESIDUAL_REVERTED,196.27247619628906,194.39404296875,0.00957053818213649,92.43145634918493,9657.916262400904
MSCI,1,2019-09-05,2019-09-06,1,RESIDUAL_REVERTED,216.29598999023438,219.61343383789062,0.015337518960966579,148.39229437949228,9675.117257044345
TSN,1,2019-09-05,2019-09-09,2,RESIDUAL_REVERTED,70.18849182128906,70.18849182128906,0.0,0.0,9675.117257044345
FTV,1,2019-09-05,2019-09-09,2,RESIDUAL_REVERTED,41.472042083740234,41.92515563964844,0.010925759454846196,105.70800384789759,9675.117257044345
IPGP,-1,2019-09-05,2019-09-09,2,RESIDUAL_REVERTED,127.91000366210938,135.1999969482422,-0.05699314422185675,-551.4153531941025,9675.117257044345
APD,1,2019-09-06,2019-09-09,1,TRAILING_STOP,190.33384704589844,182.00085250470104,-0.04378093896871593,-420.9392104050886,9614.66839954882
PSA,1,2019-09-04,2019-09-10,4,TRAILING_STOP,194.13156127929688,187.82373046875,-0.03249255694941744,-313.8103941687662,9657.916262400904
MOS,-1,2019-09-06,2019-09-10,2,TRAILING_STOP,16.741886138916016,18.460900739200696,-0.10267747528690219,-987.2098769864339,9614.66839954882
CPRT,-1,2019-09-06,2019-09-11,3,RESIDUAL_REVERTED,20.174999237060547,20.2450008392334,-0.0034697201893452156,-33.36020905977317,9614.66839954882
CNP,-1,2019-09-09,2019-09-11,2,TRAILING_STOP,23.4633731842041,24.290171508789065,-0.035237828682773475,-338.67689717945825,9611.173839011995
PVH,-1,2019-09-05,2019-09-12,5,RESIDUAL_REVERTED,81.63623046875,88.8283462524414,-0.08809955754197296,-852.3735495123138,9675.117257044345
WEC,1,2019-09-09,2019-09-12,3,RESIDUAL_REVERTED,73.84184265136719,73.40327453613281,-0.005939289967410555,-57.08354835708286,9611.173839011995
IDXX,1,2019-09-10,2019-09-12,2,RESIDUAL_REVERTED,265.0400085449219,272.6000061035156,0.028523986246825173,268.8799020862389,9426.449015910854
SPG,-1,2019-09-10,2019-09-12,2,RESIDUAL_REVERTED,107.83123016357422,108.0155258178711,-0.001709112044973482,-16.11085755442188,9426.449015910854
PWR,-1,2019-09-11,2019-09-12,1,RESIDUAL_REVERTED,37.6541862487793,37.388526916503906,0.007055240299715715,65.39255296211084,9268.649994068292
ROP,1,2019-09-10,2019-09-13,3,RESIDUAL_REVERTED,338.705322265625,343.907958984375,0.015360363055263448,144.79367920632137,9426.449015910854
MKTX,1,2019-09-10,2019-09-13,3,RESIDUAL_REVERTED,341.0028381347656,319.3876953125,-0.06338698803944631,-597.5142110259915,9426.449015910854
SBUX,1,2019-09-11,2019-09-13,2,RESIDUAL_REVERTED,77.1542739868164,78.83971405029297,0.02184506413428977,202.47425355870553,9268.649994068292
CNP,-1,2019-09-12,2019-09-13,1,RESIDUAL_REVERTED,25.20722007751465,24.554309844970703,0.02590171508544703,241.392452360968,9319.55476942895
NKTR,-1,2019-09-13,2019-09-16,1,RESIDUAL_REVERTED,300.29998779296875,301.5,-0.003996044807895727,-37.498374287909726,9383.872326410608
BEN,-1,2019-09-12,2019-09-17,3,RESIDUAL_REVERTED,21.042491912841797,20.885669708251953,0.007452644165881206,69.45532548099543,9319.55476942895
LKQ,-1,2019-09-13,2019-09-17,2,RESIDUAL_REVERTED,28.643712997436523,27.870731353759766,0.02698608395308022,253.2339664055031,9383.872326410608
PGR,1,2019-09-16,2019-09-17,1,RESIDUAL_REVERTED,59.6507682800293,60.3484001159668,0.011695269919449913,109.38547078247126,9352.966758001663
AVY,-1,2019-09-16,2019-09-17,1,RESIDUAL_REVERTED,101.77021026611328,99.49174499511719,0.022388332155728663,209.3973264196301,9352.966758001663
TSCO,1,2019-09-13,2019-09-18,3,RESIDUAL_REVERTED,17.796310424804688,17.07939910888672,-0.04028426672748586,-378.02241573379797,9383.872326410608
AEE,-1,2019-09-13,2019-09-18,3,RESIDUAL_REVERTED,62.498046875,63.73488998413086,-0.019790108186974686,-185.70784855242292,9383.872326410608
CBOE,1,2019-09-16,2019-09-18,2,RESIDUAL_REVERTED,102.08039855957031,104.62052154541016,0.024883552784695784,232.73504201623868,9352.966758001663
AVGO,1,2019-09-16,2019-09-18,2,RESIDUAL_REVERTED,24.070911407470703,24.212745666503906,0.005892351005420737,55.11096308017769,9352.966758001663
APA,-1,2019-09-17,2019-09-18,1,RESIDUAL_REVERTED,23.46561622619629,21.26493263244629,0.09378332844688841,879.2485901702228,9375.31867050508
MSCI,-1,2019-09-18,2019-09-19,1,RESIDUAL_REVERTED,223.02383422851562,217.2345428466797,0.025958173492363512,246.08029316816328,9479.877050692949
NDAQ,-1,2019-09-18,2019-09-19,1,RESIDUAL_REVERTED,31.160587310791016,30.940216064453125,0.007072114660097384,67.04277746612665,9479.877050692949
GM,-1,2019-09-18,2019-09-19,1,RESIDUAL_REVERTED,35.7421989440918,35.83589172363281,-0.0026213490582258636,-24.85006677893071,9479.877050692949
ORCL,1,2019-09-13,2019-09-20,5,RESIDUAL_REVERTED,48.8068962097168,48.544769287109375,-0.005370694368293738,-50.3979102562407,9383.872326410608
FDX,1,2019-09-19,2019-09-20,1,RESIDUAL_REVERTED,106.61627960205078,108.84484100341797,0.020902637098999977,198.83342469194247,9512.360749039388
SRE,1,2019-09-19,2019-09-20,1,RESIDUAL_REVERTED,55.917518615722656,56.42485427856445,0.009072928760096133,86.30497141636835,9512.360749039388
PHM,1,2019-09-19,2019-09-20,1,RESIDUAL_REVERTED,32.603759765625,33.22789764404297,0.0191431259126138,182.0963195450656,9512.360749039386
KLAC,-1,2019-09-19,2019-09-20,1,RESIDUAL_REVERTED,14.636824607849121,14.581452369689941,0.0037830772481542985,35.98599552592736,9512.360749039388
GLW,1,2019-09-18,2019-09-23,3,RESIDUAL_REVERTED,23.563581466674805,23.079452514648438,-0.020545643823756343,-194.7701773765393,9479.877050692949
AMT,-1,2019-09-20,2019-09-23,1,RESIDUAL_REVERTED,188.0501708984375,186.06466674804688,0.010558374613033217,100.91292832515857,9557.619616999742
MSFT,-1,2019-09-20,2019-09-23,1,RESIDUAL_REVERTED,132.59112548828125,130.91738891601562,0.012623292592938706,120.64862891739837,9557.619616999742
ROST,1,2019-09-23,2019-09-24,1,RESIDUAL_REVERTED,98.51958465576172,101.26871490478516,0.027904403562288627,267.646439297884,9591.548470134443
FE,1,2019-09-23,2019-09-24,1,RESIDUAL_REVERTED,35.54963684082031,35.886924743652344,0.009487801643158766,91.00270933537821,9591.548470134443
SBAC,-1,2019-09-23,2019-09-24,1,RESIDUAL_REVERTED,232.97894287109375,232.6071014404297,0.0015960302080596511,15.308401100402621,9591.548470134443
NFLX,1,2019-09-23,2019-09-24,1,TRAILING_STOP,26.834999084472656,25.604187219652466,-0.04586591789870287,-439.92517465261557,9591.548470134443
AZO,1,2019-09-24,2019-09-24,0,STOP_LOSS,1160.0,1100.7961492459226,-0.05103780237420463,-490.6706076737102,9613.866288288762
PNW,-1,2019-09-19,2019-09-25,4,RESIDUAL_REVERTED,71.72988891601562,72.65264892578125,-0.012864372491166565,-122.3705519459949,9512.360749039388
MSCI,1,2019-09-23,2019-09-25,2,RESIDUAL_REVERTED,209.70750427246094,209.70748901367188,-7.276224622820848e-08,-0.0006979026115268381,9591.548470134443
REGN,-1,2019-09-23,2019-09-25,2,RESIDUAL_REVERTED,294.5801086425781,287.4969482421875,0.024044937837214286,230.6281867270106,9591.548470134443
EQIX,-1,2019-09-24,2019-09-25,1,RESIDUAL_REVERTED,510.7414855957031,504.0304260253906,0.013139836413494144,126.32463032932019,9613.866288288762
NUE,1,2019-09-25,2019-09-26,1,RESIDUAL_REVERTED,44.019500732421875,44.48584747314453,0.010594094275566679,101.5553803393004,9586.037059677541
AAP,-1,2019-09-24,2019-09-27,3,RESIDUAL_REVERTED,141.92010498046875,140.74095153808594,0.00830857222480974,79.87750241591122,9613.866288288762
PCAR,1,2019-09-25,2019-09-27,2,RESIDUAL_REVERTED,35.37554931640625,35.71794509887695,0.009678882422665458,92.7821255999336,9586.037059677541
ISRG,-1,2019-09-25,2019-09-27,2,RESIDUAL_REVERTED,180.0066680908203,182.35667419433594,-0.013055105838245762,-125.14672838343596,9586.037059677541
CTAS,-1,2019-09-26,2019-09-30,2,RESIDUAL_REVERTED,61.86046600341797,62.057884216308594,-0.0031913470047204573,-30.561931622105366,9576.499069796884
SBAC,1,2019-09-26,2019-10-01,3,RESIDUAL_REVERTED,223.51063537597656,218.42288208007812,-0.022762913663325723,-217.98902152270585,9576.499069796884
MPC,-1,2019-09-26,2019-10-01,3,RESIDUAL_REVERTED,48.545021057128906,49.81352996826172,-0.026130566709199776,-250.23934778391663,9576.499069796884
WFC,-1,2019-09-30,2019-10-01,1,RESIDUAL_REVERTED,42.38898468017578,42.28879928588867,0.0023634770929996662,22.37150260373414,9465.504307190367
MU,1,2019-09-30,2019-10-02,2,RESIDUAL_REVERTED,41.93090057373047,40.78024673461914,-0.027441667681046833,-259.74922363143565,9465.504307190367
EMR,-1,2019-09-30,2019-10-02,2,RESIDUAL_REVERTED,57.50613784790039,55.21276092529297,0.03988055898786391,377.4896028727849,9465.504307190367
SRE,-1,2019-10-01,2019-10-02,1,RESIDUAL_REVERTED,58.89353561401367,58.0826301574707,0.013769006192082212,130.6709874895773,9490.226503399997
SLB,1,2019-09-25,2019-10-02,5,TRAILING_STOP,29.736732482910156,27.155797304082604,-0.08679283039287611,-831.999288660418,9586.037059677541
MKC,-1,2019-10-02,2019-10-03,1,RESIDUAL_REVERTED,71.81299591064453,71.53119659423828,0.003924071302593868,37.065595251242996,9445.698712646285
V,-1,2019-10-02,2019-10-03,1,RESIDUAL_REVERTED,164.2106170654297,161.61387634277344,0.015813476430830198,149.36933396515482,9445.698712646283
AZO,1,2019-09-25,2019-10-04,7,RESIDUAL_REVERTED,1096.8199462890625,1052.5999755859375,-0.040316526748749526,-386.4757195309938,9586.037059677541
PAYX,-1,2019-10-03,2019-10-04,1,RESIDUAL_REVERTED,67.04153442382812,66.93672943115234,0.0015632845157333985,14.697380527108942,9401.603085803854
NKE,-1,2019-09-26,2019-10-07,7,RESIDUAL_REVERTED,82.1242904663086,82.91307067871094,-0.00960471266081675,-91.97952186197764,9576.499069796884
SCHW,1,2019-10-02,2019-10-07,3,RESIDUAL_REVERTED,33.762027740478516,32.546199798583984,-0.03601169785299452,-340.1556480502371,9445.698712646283
DHI,1,2019-10-03,2019-10-07,2,RESIDUAL_REVERTED,47.83713150024414,48.6638298034668,0.017281519131606693,162.4739835950922,9401.603085803854
XEL,1,2019-10-03,2019-10-07,2,RESIDUAL_REVERTED,51.38108825683594,51.99469757080078,0.011942318366197746,112.2769372032976,9401.603085803854
LEN,-1,2019-10-03,2019-10-07,2,RESIDUAL_REVERTED,50.87057876586914,51.958709716796875,-0.02139018224926903,-201.1020034406342,9401.603085803854
LW,-1,2019-10-04,2019-10-07,1,RESIDUAL_REVERTED,68.96942138671875,68.56268310546875,0.0058973712273062695,55.07191728410146,9338.384029328967
CCL,1,2019-09-27,2019-10-08,7,RESIDUAL_REVERTED,41.44892120361328,38.852352142333984,-0.0626450335950588,-596.759324635694,9526.043652449483
PEP,-1,2019-10-04,2019-10-08,2,RESIDUAL_REVERTED,110.63018798828125,110.47765350341797,0.0013787781403701294,12.875559766020393,9338.384029328967
HPQ,1,2019-10-07,2019-10-08,1,RESIDUAL_REVERTED,12.835506439208984,12.897627830505371,0.004839808354317965,45.259869637319014,9351.583022277824
D,-1,2019-10-07,2019-10-08,1,RESIDUAL_REVERTED,60.18959426879883,59.85728454589844,0.005521049392962163,51.63055176838225,9351.583022277824
HLT,1,2019-10-08,2019-10-09,1,RESIDUAL_REVERTED,88.67925262451172,89.93781280517578,0.014192273202764838,133.27817882156353,9390.897209870518
CBOE,-1,2019-10-08,2019-10-10,2,RESIDUAL_REVERTED,106.94139862060547,106.2378158569336,0.00657914308908536,61.78405647863025,9390.897209870518
TMO,1,2019-10-09,2019-10-10,1,RESIDUAL_REVERTED,273.48590087890625,271.1209411621094,-0.008647464857225007,-81.05502877832188,9373.270677197323
WAT,1,2019-10-09,2019-10-10,1,RESIDUAL_REVERTED,207.2100067138672,208.38999938964844,0.0056946703226099515,53.377686351224845,9373.270677197323
RVTY,1,2019-10-09,2019-10-10,1,RESIDUAL_REVERTED,78.23331451416016,79.2950210571289,0.013571028526173201,127.20492374378797,9373.270677197323
MSI,-1,2019-10-09,2019-10-10,1,RESIDUAL_REVERTED,156.70736694335938,155.71131896972656,0.0063561017778623885,59.577462415718834,9373.270677197323
GD,-1,2019-10-09,2019-10-10,1,RESIDUAL_REVERTED,151.7406463623047,150.47640991210938,0.008331560992410392,78.09397634544104,9373.270677197323
HOG,1,2019-10-08,2019-10-11,3,RESIDUAL_REVERTED,29.11501121520996,29.762012481689453,0.02222225716133308,208.68693277338784,9390.897209870518
MCO,-1,2019-10-08,2019-10-11,3,RESIDUAL_REVERTED,194.95974731445312,202.7000274658203,-0.039701939800336206,-372.8368356974251,9390.897209870518
COP,-1,2019-10-08,2019-10-14,4,RESIDUAL_REVERTED,42.02983856201172,43.53479766845703,-0.03580692093843907,-336.25911393484193,9390.897209870518
EVRG,1,2019-10-10,2019-10-14,2,RESIDUAL_REVERTED,48.564456939697266,48.992671966552734,0.008817457330722034,82.53544942680425,9360.459181268936
SWKS,-1,2019-10-11,2019-10-14,1,RESIDUAL_REVERTED,72.6611099243164,71.85892486572266,0.01104008814934565,103.39167475033845,9365.113154143262
PSX,-1,2019-10-11,2019-10-14,1,RESIDUAL_REVERTED,81.19819641113281,80.4393539428711,0.009345558174955637,87.52220979708846,9365.11315414326
DAL,1,2019-10-11,2019-10-15,2,RESIDUAL_REVERTED,50.908409118652344,50.63245391845703,-0.00542062116991604,-50.76473062200792,9365.11315414326
FCX,-1,2019-10-11,2019-10-15,2,RESIDUAL_REVERTED,8.462285041809082,8.721519470214844,-0.030634093170459176,-286.89174891591665,9365.11315414326
LMT,1,2019-10-14,2019-10-15,1,RESIDUAL_REVERTED,317.55072021484375,318.3138732910156,0.0024032478202398178,22.357286064471747,9302.946569297912
FAST,-1,2019-10-14,2019-10-15,1,RESIDUAL_REVERTED,14.822015762329102,14.943608283996582,-0.008203507783098862,-76.31679458698807,9302.946569297912
HRL,1,2019-10-11,2019-10-16,3,RESIDUAL_REVERTED,33.728675842285156,33.37244415283203,-0.010561686178219953,-98.91138615758092,9365.11315414326
IPGP,1,2019-10-15,2019-10-16,1,RESIDUAL_REVERTED,125.87000274658203,131.77000427246094,0.0468737697397017,436.82827532084997,9319.247795657024
PPL,-1,2019-10-15,2019-10-16,1,RESIDUAL_REVERTED,24.12318992614746,23.79963493347168,0.013412612248477007,124.99545713062123,9319.247795657024
RMD,1,2019-10-11,2019-10-17,4,RESIDUAL_REVERTED,123.10822296142578,123.30558776855469,0.0016031813503696313,15.013974752823941,9365.11315414326
PG,1,2019-10-16,2019-10-17,1,RESIDUAL_REVERTED,98.49478912353516,98.82070922851562,0.003309008607264463,31.01547823183702,9373.042476755
DHR,1,2019-10-16,2019-10-17,1,RESIDUAL_REVERTED,117.87071228027344,118.53226470947266,0.0056125259311758935,52.606443954801456,9373.042476755
PLD,-1,2019-10-16,2019-10-17,1,RESIDUAL_REVERTED,73.30461120605469,73.20589447021484,0.0013466647488568073,12.622345892982974,9373.042476755
UNH,-1,2019-10-16,2019-10-17,1,RESIDUAL_REVERTED,209.31204223632812,211.4381103515625,-0.010157409447249632,-95.2058302028625,9373.042476755
UDR,-1,2019-10-15,2019-10-18,3,RESIDUAL_REVERTED,37.27099609375,37.94696807861328,-0.018136676121104145,-169.0201789621451,9319.247795657024
USB,-1,2019-10-17,2019-10-18,1,RESIDUAL_REVERTED,41.231178283691406,41.231178283691406,-0.0,-0.0,9376.839601979153
EXC,1,2019-10-17,2019-10-21,2,RESIDUAL_REVERTED,24.608469009399414,24.875106811523438,0.010835204824086286,101.59997769004823,9376.839601979153
C,1,2019-10-17,2019-10-21,2,RESIDUAL_REVERTED,55.07454299926758,55.45989990234375,0.006997005913990106,65.60980214958379,9376.839601979153
MTB,1,2019-10-18,2019-10-21,1,RESIDUAL_REVERTED,121.49415588378906,122.69441223144531,0.009879128250451119,92.47811884689477,9360.959439176435
HPE,-1,2019-10-15,2019-10-21,4,TRAILING_STOP,12.097613334655762,12.834482192993164,-0.060910267005022334,-567.6378715194361,9319.247795657024
TXT,1,2019-10-18,2019-10-22,2,RESIDUAL_REVERTED,47.33550262451172,45.85844421386719,-0.03120402929617705,-292.099652580387,9360.959439176435
CCI,-1,2019-10-18,2019-10-22,2,RESIDUAL_REVERTED,103.02913665771484,104.95838928222656,-0.0187253109857759,-175.2868766238135,9360.959439176435
ISRG,-1,2019-10-21,2019-10-22,1,RESIDUAL_REVERTED,188.07000732421875,185.71665954589844,0.012513147693259286,116.40284691757708,9302.443299720806
IBM,1,2019-10-18,2019-10-23,3,RESIDUAL_REVERTED,96.01448059082031,95.51371765136719,-0.005215493916872815,-48.822027011117726,9360.959439176435
ROST,1,2019-10-22,2019-10-23,1,RESIDUAL_REVERTED,104.05522918701172,104.70980072021484,0.006290616418966444,58.4208198405532,9286.978564519193
DOV,-1,2019-10-18,2019-10-24,4,RESIDUAL_REVERTED,92.39546966552734,94.23407745361328,-0.01989932834089947,-186.27680546601323,9360.959439176435
STT,-1,2019-10-21,2019-10-24,3,RESIDUAL_REVERTED,52.22425842285156,53.429927825927734,-0.02308638627884485,-214.75979935440733,9302.443299720806
COTY,-1,2019-10-22,2019-10-24,2,RESIDUAL_REVERTED,11.405832290649414,11.650593757629395,-0.0214593254348161,-199.29229532217923,9286.978564519193
GILD,1,2019-10-23,2019-10-24,1,RESIDUAL_REVERTED,50.72653579711914,51.52156448364258,0.015672836199640328,144.58750034898202,9225.356438823786
BIIB,-1,2019-10-23,2019-10-24,1,RESIDUAL_REVERTED,285.239990234375,278.2099914550781,0.024645908778500814,227.36729324040635,9225.356438823786
HOG,-1,2019-10-23,2019-10-24,1,RESIDUAL_REVERTED,34.50667953491211,34.24787139892578,0.0075002329831381775,69.19232264367264,9225.356438823786
MDLZ,1,2019-10-22,2019-10-25,3,RESIDUAL_REVERTED,45.11901092529297,44.76488494873047,-0.007848708765997858,-72.89079006897599,9286.978564519193
GD,1,2019-10-24,2019-10-25,1,RESIDUAL_REVERTED,150.8878936767578,150.2534637451172,-0.0042046443633161346,-39.002990441942785,9276.168701027
TXN,1,2019-10-24,2019-10-28,2,RESIDUAL_REVERTED,97.73477935791016,99.58568572998047,0.018938052392712734,175.6725688636905,9276.168701027
ALLE,-1,2019-10-25,2019-10-28,1,RESIDUAL_REVERTED,104.13465881347656,103.84249877929688,0.0028055984194752526,26.02146185873445,9274.834801055074
LUV,-1,2019-10-25,2019-10-28,1,RESIDUAL_REVERTED,51.112125396728516,51.88697052001953,-0.01515971244155323,-140.60382852690577,9274.834801055074
CME,1,2019-10-22,2019-10-28,4,TRAILING_STOP,157.24839782714844,150.83287021247617,-0.0407986835053441,-378.89649917473366,9286.978564519193
BAX,1,2019-10-25,2019-10-29,2,RESIDUAL_REVERTED,68.2650146484375,68.81368255615234,0.008037322053477292,74.54483428887953,9274.834801055074
ORLY,-1,2019-10-25,2019-10-29,2,RESIDUAL_REVERTED,29.1213321685791,29.224000930786133,-0.0035255517025354344,-32.69890962359375,9274.834801055074
PYPL,-1,2019-10-25,2019-10-29,2,RESIDUAL_REVERTED,103.30792236328125,105.66166687011719,-0.022783775464567224,-211.31575357819233,9274.834801055074
LRCX,-1,2019-10-25,2019-10-30,3,RESIDUAL_REVERTED,24.506532669067383,25.56170082092285,-0.04305660723629501,-399.3429192105495,9274.834801055074
PLD,1,2019-10-29,2019-10-30,1,RESIDUAL_REVERTED,70.74620056152344,71.72515106201172,0.0138374992963326,127.02282638730082,9179.60851647282
T,-1,2019-10-29,2019-10-30,1,RESIDUAL_REVERTED,18.36241340637207,18.314708709716797,0.002597953526017438,23.848196312829884,9179.60851647282
VTR,1,2019-10-28,2019-10-31,3,RESIDUAL_REVERTED,49.521419525146484,50.41828918457031,0.018110742139942237,167.22425621930302,9233.42925028452
VFC,1,2019-10-28,2019-10-31,3,RESIDUAL_REVERTED,68.15868377685547,65.88941192626953,-0.033293950599388,-307.41733732191744,9233.42925028452
AMG,-1,2019-10-29,2019-10-31,2,RESIDUAL_REVERTED,80.88274383544922,79.24803161621094,0.02021088976115848,185.5280557770233,9179.60851647282
IPGP,1,2019-10-30,2019-10-31,1,RESIDUAL_REVERTED,125.01000213623047,133.7100067138672,0.06959446787430523,637.5089381015592,9160.339285199594
XRX,-1,2019-10-30,2019-10-31,1,RESIDUAL_REVERTED,22.991073608398438,23.05864143371582,-0.00293887212351418,-26.92106576720413,9160.339285199594
L,1,2019-10-29,2019-11-01,3,RESIDUAL_REVERTED,47.800689697265625,47.8979377746582,0.002034449251851367,18.675447678625936,9179.60851647282
LDOS,-1,2019-10-30,2019-11-01,2,RESIDUAL_REVERTED,79.21449279785156,78.60381317138672,0.007709190640445618,70.61880188076697,9160.339285199594
GRMN,-1,2019-10-31,2019-11-01,1,RESIDUAL_REVERTED,81.8103256225586,80.5735092163086,0.015118096607464881,140.32042587891084,9281.619870693556
XYL,1,2019-11-01,2019-11-04,1,RESIDUAL_REVERTED,71.34910583496094,72.96983337402344,0.022715456908618314,210.93716348288032,9286.062980439125
WDC,1,2019-11-01,2019-11-04,1,RESIDUAL_REVERTED,38.163108825683594,40.210845947265625,0.05365750287628335,498.2669510822605,9286.062980439125
ADM,-1,2019-11-01,2019-11-04,1,RESIDUAL_REVERTED,34.56687545776367,34.87763977050781,-0.008990234397200814,-83.48388282131613,9286.062980439125
CHRW,1,2019-10-31,2019-11-05,3,RESIDUAL_REVERTED,65.6700668334961,64.64784240722656,-0.015566063437415734,-144.4782837091943,9281.619870693556
FMC,-1,2019-10-31,2019-11-05,3,RESIDUAL_REVERTED,75.35153198242188,79.40605163574219,-0.0538080586638392,-499.4259464977345,9281.619870693556
ANET,1,2019-11-04,2019-11-05,1,RESIDUAL_REVERTED,11.725625038146973,12.010000228881836,0.024252454756970687,224.75145924136794,9267.163324024697
CHD,1,2019-11-01,2019-11-06,3,RESIDUAL_REVERTED,64.23843383789062,62.601409912109375,-0.025483559109058862,-236.64193485246332,9286.062980439125
KHC,-1,2019-11-01,2019-11-06,3,RESIDUAL_REVERTED,22.67461395263672,23.39467430114746,-0.031756234086931734,-294.8903897528167,9286.062980439125
QRVO,-1,2019-11-04,2019-11-06,2,RESIDUAL_REVERTED,98.31999969482422,100.76000213623047,-0.02481694923697897,-229.98272178311512,9267.163324024697
FTNT,-1,2019-11-04,2019-11-06,2,RESIDUAL_REVERTED,18.149999618530273,18.327999114990234,-0.009807134997305011,-90.88432176078409,9267.163324024697
UAA,1,2019-11-05,2019-11-06,1,RESIDUAL_REVERTED,17.25,18.110000610351562,0.049855107846467295,459.2369368696116,9211.432021847528
UA,1,2019-11-05,2019-11-06,1,RESIDUAL_REVERTED,15.670000076293945,16.440000534057617,0.04913851014771553,452.6360458805458,9211.432021847528
CVX,-1,2019-11-05,2019-11-06,1,RESIDUAL_REVERTED,89.3642807006836,89.88764190673828,-0.0058564921235995104,-53.94667908302218,9211.432021847528
BDX,1,2019-11-06,2019-11-07,1,RESIDUAL_REVERTED,168.4311065673828,171.51052856445312,0.01828297670085277,170.09579573098284,9303.506672578593
KR,-1,2019-11-06,2019-11-07,1,RESIDUAL_REVERTED,24.082138061523438,23.299467086791992,0.03250006177740239,302.36454160527967,9303.506672578593
BR,1,2019-11-07,2019-11-08,1,RESIDUAL_REVERTED,103.49836730957031,105.95314025878906,0.023717987182120037,222.21958254484463,9369.242880456797
DVA,-1,2019-11-07,2019-11-08,1,RESIDUAL_REVERTED,70.0,69.1500015258789,0.012142835344587044,113.76917360083142,9369.242880456797
COTY,-1,2019-11-07,2019-11-08,1,RESIDUAL_REVERTED,12.864604949951172,12.668795585632324,0.015220783310535335,142.60721566720926,9369.242880456797
HPQ,-1,2019-11-07,2019-11-08,1,RESIDUAL_REVERTED,15.390181541442871,14.986407279968262,0.026235834865711016,245.80990902840338,9369.242880456797
DOC,1,2019-11-07,2019-11-11,2,RESIDUAL_REVERTED,23.775678634643555,23.36527442932129,-0.01726151381959984,-161.7273154601929,9369.242880456797
EXPE,1,2019-11-08,2019-11-11,1,RESIDUAL_REVERTED,97.17411041259766,98.85830688476562,0.017331740573872434,162.82494283457157,9394.609972412742
RL,-1,2019-11-08,2019-11-11,1,RESIDUAL_REVERTED,101.99186706542969,99.46763610839844,0.024749335703521447,232.5103560108931,9394.609972412742
IQV,1,2019-11-06,2019-11-12,4,RESIDUAL_REVERTED,139.67999267578125,139.89999389648438,0.001575037458755979,14.653371507098063,9303.506672578593
FANG,1,2019-11-07,2019-11-12,3,RESIDUAL_REVERTED,59.58976745605469,59.635746002197266,0.0007715845875131411,7.229163403226774,9369.242880456797
CVS,-1,2019-11-07,2019-11-12,3,RESIDUAL_REVERTED,57.942256927490234,57.62813186645508,0.005421346659455373,50.79391359159084,9369.242880456797
DIS,-1,2019-11-11,2019-11-12,1,RESIDUAL_REVERTED,132.52096557617188,133.0317840576172,-0.0038546239021455264,-36.32272184911486,9423.15586973285
ED,-1,2019-11-11,2019-11-12,1,RESIDUAL_REVERTED,68.43109893798828,68.24539947509766,0.00271367062304384,25.571341260057117,9423.15586973285
DUK,1,2019-11-11,2019-11-13,2,RESIDUAL_REVERTED,68.32405090332031,66.82058715820312,-0.02200489762008717,-207.3555801715948,9423.15586973285
CNP,1,2019-11-12,2019-11-13,1,RESIDUAL_REVERTED,22.90964698791504,23.141050338745117,0.010100694740174054,95.2346464061065,9428.524359549678
BA,-1,2019-11-12,2019-11-13,1,RESIDUAL_REVERTED,364.3223571777344,359.7297058105469,0.01260601024533603,118.85607467488377,9428.524359549678
NWSA,-1,2019-11-11,2019-11-14,3,RESIDUAL_REVERTED,11.930839538574219,12.192235946655273,-0.021909305479796304,-206.45480053371273,9423.15586973285
NWS,1,2019-11-12,2019-11-14,2,RESIDUAL_REVERTED,12.463218688964844,12.397720336914062,-0.005255332004145519,-49.55002581860687,9428.524359549678
AAP,1,2019-11-13,2019-11-14,1,RESIDUAL_REVERTED,135.65736389160156,137.96328735351562,0.016998144411509042,160.5753853125311,9446.64202310284
DXC,-1,2019-11-13,2019-11-14,1,RESIDUAL_REVERTED,34.02573776245117,33.83074951171875,0.00573061051882906,54.13502614520578,9446.64202310284
TSN,-1,2019-11-13,2019-11-14,1,RESIDUAL_REVERTED,72.52786254882812,75.59009552001953,-0.04222146997824194,-398.8511125736355,9446.64202310284
PGR,1,2019-11-14,2019-11-15,1,RESIDUAL_REVERTED,58.760257720947266,60.1080436706543,0.02293703264726421,217.58427143475416,9486.156068261318
DIS,-1,2019-11-14,2019-11-15,1,RESIDUAL_REVERTED,142.64076232910156,141.81190490722656,0.005810803366029793,55.12218761213688,9486.156068261318
ROK,-1,2019-11-13,2019-11-18,3,RESIDUAL_REVERTED,174.4677734375,177.79344177246094,-0.019061791581539866,-180.0699213898022,9446.64202310284
CNP,1,2019-11-15,2019-11-18,1,TRAILING_STOP,21.22365379333496,20.912485193164027,-0.014661405769286207,-138.64020413255685,9456.133082612774
BXP,1,2019-11-13,2019-11-19,4,RESIDUAL_REVERTED,97.40731811523438,100.26992797851562,0.029388036942919804,277.618264761485,9446.64202310284
CSCO,1,2019-11-15,2019-11-19,2,RESIDUAL_REVERTED,37.057106018066406,37.32021713256836,0.007100152785100899,67.13998964279774,9456.133082612774
CPRT,-1,2019-11-15,2019-11-19,2,RESIDUAL_REVERTED,21.625,21.559999465942383,0.0030058050431267525,28.42329250819571,9456.133082612774
DHR,-1,2019-11-18,2019-11-19,1,RESIDUAL_REVERTED,122.50992584228516,120.41370391845703,0.01711062927690221,161.65642648459956,9447.719535529932
AMAT,-1,2019-11-18,2019-11-20,2,RESIDUAL_REVERTED,58.071266174316406,56.520809173583984,0.026699211208488394,252.24665931767555,9447.719535529932
NVDA,-1,2019-11-19,2019-11-20,1,RESIDUAL_REVERTED,5.23616361618042,5.137906551361084,0.018765086811976084,177.35582028061793,9451.372224264263
WHR,1,2019-11-18,2019-11-21,3,RESIDUAL_REVERTED,107.51969909667969,105.8759765625,-0.015287640757826959,-144.43334223988506,9447.719535529932
KSS,1,2019-11-20,2019-11-21,1,RESIDUAL_REVERTED,31.810314178466797,32.27033615112305,0.014461409279876047,136.9873901704883,9472.61691577428
AME,-1,2019-11-20,2019-11-21,1,RESIDUAL_REVERTED,94.23179626464844,94.04080963134766,0.0020267748347320147,19.198861583947856,9472.61691577428
GM,1,2019-11-14,2019-11-21,5,TRAILING_STOP,34.75846481323242,32.94406581695841,-0.05220020521686797,-495.1792934824777,9486.156068261318
NWS,-1,2019-11-15,2019-11-22,5,RESIDUAL_REVERTED,12.425790786743164,12.088947296142578,0.027108414778716394,256.3407778062088,9456.133082612774
AEE,1,2019-11-19,2019-11-22,3,RESIDUAL_REVERTED,61.842742919921875,61.43317413330078,-0.006622746134521074,-62.59403886416609,9451.372224264263
LOW,-1,2019-11-21,2019-11-22,1,RESIDUAL_REVERTED,105.00711059570312,103.33036041259766,0.015967968012768896,151.28208308466262,9474.097328081398
TGT,-1,2019-11-21,2019-11-25,2,RESIDUAL_REVERTED,105.09500885009766,105.65959167480469,-0.005372118342102494,-50.8959720310501,9474.097328081398
UA,1,2019-11-22,2019-11-25,1,RESIDUAL_REVERTED,15.300000190734863,15.789999961853027,0.03202612843200425,303.39463131919103,9473.347112915584
SCHW,-1,2019-11-22,2019-11-25,1,RESIDUAL_REVERTED,43.433265686035156,43.45146942138672,-0.00041911965549989993,-3.9704659783952394,9473.347112915584
KLAC,1,2019-11-22,2019-11-26,2,RESIDUAL_REVERTED,14.880087852478027,15.193510055541992,0.021063195739920992,199.5389645515561,9473.347112915584
AMAT,1,2019-11-22,2019-11-26,2,RESIDUAL_REVERTED,53.253658294677734,54.86369323730469,0.03023332094328368,286.41074367190674,9473.347112915584
SJM,-1,2019-11-25,2019-11-26,1,RESIDUAL_REVERTED,85.76351928710938,84.38421630859375,0.016082630353567384,152.08930587775876,9456.743240015036
ROP,-1,2019-11-20,2019-11-26,4,TRAILING_STOP,335.0731201171875,348.9721739655008,-0.041480659037801404,-392.9303924789425,9472.61691577428
HD,1,2019-11-20,2019-11-27,5,RESIDUAL_REVERTED,188.88381958007812,186.46969604492188,-0.01278099701987856,-121.06948857096192,9472.61691577428
INTU,1,2019-11-25,2019-11-27,2,RESIDUAL_REVERTED,248.56272888183594,254.68006896972656,0.024610850208354185,232.7384913388764,9456.743240015036
FE,-1,2019-11-25,2019-11-27,2,RESIDUAL_REVERTED,35.89031982421875,36.10944366455078,-0.006105374413079678,-57.736958208651956,9456.743240015036
CMCSA,1,2019-11-26,2019-11-27,1,RESIDUAL_REVERTED,33.40370559692383,33.695716857910156,0.008741882248334054,83.30023158400263,9528.866806673861
INCY,-1,2019-11-26,2019-11-27,1,RESIDUAL_REVERTED,94.0,94.41000366210938,-0.004361741086269966,-41.562449856263285,9528.866806673861
GILD,-1,2019-11-26,2019-11-29,2,RESIDUAL_REVERTED,51.69136047363281,51.745391845703125,-0.0010452689109985425,-9.96022823006311,9528.866806673861
BBY,-1,2019-11-27,2019-11-29,1,RESIDUAL_REVERTED,61.900840759277344,60.38133239746094,0.024547459181136766,234.70601891153532,9561.316190797166
HRL,-1,2019-11-27,2019-12-02,2,RESIDUAL_REVERTED,36.035064697265625,36.165283203125,-0.0036136609425667654,-34.551354878214894,9561.316190797168
CME,1,2019-11-29,2019-12-02,1,RESIDUAL_REVERTED,152.49807739257812,154.63308715820312,0.014000240541582665,133.88315793025,9562.918403622947
HP,-1,2019-11-29,2019-12-02,1,RESIDUAL_REVERTED,29.24320411682129,29.18458366394043,0.002004583787969416,19.16967119757658,9562.918403622947
HPE,1,2019-11-27,2019-12-03,3,RESIDUAL_REVERTED,12.899263381958008,12.551072120666504,-0.026993112008125486,-258.0896788832915,9561.316190797166
ADSK,-1,2019-11-29,2019-12-03,2,RESIDUAL_REVERTED,178.5,172.1999969482422,0.03529413474374121,337.51493068087126,9562.918403622947
DE,1,2019-11-29,2019-12-04,3,RESIDUAL_REVERTED,153.48568725585938,149.6280517578125,-0.025133519398562787,-240.34979520432995,9562.918403622947
DLTR,1,2019-11-27,2019-12-05,5,RESIDUAL_REVERTED,94.5,89.94999694824219,-0.04814818044188163,-460.35997721638614,9561.316190797166
APA,1,2019-12-03,2019-12-05,2,RESIDUAL_REVERTED,16.227434158325195,15.831232070922852,-0.024415572020612952,-233.06552025788383,9545.773494928448
AFL,1,2019-12-03,2019-12-05,2,RESIDUAL_REVERTED,44.40678787231445,44.69673156738281,0.006529265208329305,62.32688676702768,9545.773494928448
EIX,-1,2019-12-03,2019-12-05,2,RESIDUAL_REVERTED,52.44685745239258,51.869632720947266,0.011005897388023156,105.05980357449408,9545.773494928448
CCI,-1,2019-12-04,2019-12-05,1,RESIDUAL_REVERTED,97.81349182128906,98.53237915039062,-0.0073495722902421345,-69.68300864371312,9481.233178185159
CPRI,-1,2019-12-05,2019-12-06,1,RESIDUAL_REVERTED,37.59000015258789,37.38999938964844,0.005320584254525085,50.674051351324316,9524.151658387349
MCHP,-1,2019-12-05,2019-12-06,1,RESIDUAL_REVERTED,42.37149429321289,42.972171783447266,-0.014176452831180741,-135.01868674213975,9524.151658387349
ADI,-1,2019-12-05,2019-12-06,1,RESIDUAL_REVERTED,101.40411376953125,102.107177734375,-0.006933288391451908,-66.03369013152354,9524.151658387349
UNM,1,2019-12-04,2019-12-09,3,RESIDUAL_REVERTED,22.544029235839844,22.88796615600586,0.015256231109709306,144.64788457143632,9481.233178185159
SNPS,1,2019-12-06,2019-12-09,1,RESIDUAL_REVERTED,132.1300048828125,134.24000549316406,0.01596912534910566,152.41041524592148,9544.067812985017
GD,-1,2019-12-06,2019-12-09,1,RESIDUAL_REVERTED,156.90701293945312,156.94129943847656,-0.00021851476477130483,-2.0855197331160955,9544.067812985017
KMI,-1,2019-12-06,2019-12-09,1,RESIDUAL_REVERTED,13.35717487335205,13.296187400817871,0.004565896090486299,43.57722191464422,9544.067812985017
J,1,2019-12-05,2019-12-10,3,RESIDUAL_REVERTED,67.77346801757812,67.10150909423828,-0.009914778496587506,-94.429854060817,9524.151658387349
BF-B,1,2019-12-06,2019-12-10,2,RESIDUAL_REVERTED,55.75040054321289,55.995540618896484,0.0043970998108540105,41.96621877525375,9544.067812985017
ULTA,-1,2019-12-09,2019-12-10,1,RESIDUAL_REVERTED,260.3900146484375,251.6999969482422,0.03337308349526402,317.52792799582437,9514.491762227644
MMM,-1,2019-12-09,2019-12-10,1,RESIDUAL_REVERTED,111.99625396728516,111.81775665283203,0.0015937793285949464,15.164000292724998,9514.491762227644
GS,-1,2019-12-09,2019-12-10,1,RESIDUAL_REVERTED,191.9530487060547,189.4405517578125,0.013089122393099784,124.53634718393695,9514.491762227644
FFIV,1,2019-12-06,2019-12-11,3,RESIDUAL_REVERTED,138.57000732421875,138.39999389648438,-0.0012269136086323629,-11.709746681461763,9544.067812985017
STX,1,2019-12-10,2019-12-11,1,RESIDUAL_REVERTED,45.53865432739258,45.95979309082031,0.009247940450765713,88.51938980101613,9571.794960432098
IFF,1,2019-12-10,2019-12-11,1,RESIDUAL_REVERTED,111.38178253173828,111.9398422241211,0.005010331848691596,47.95786913939891,9571.794960432098
ORLY,1,2019-12-11,2019-12-12,1,RESIDUAL_REVERTED,29.29800033569336,29.630666732788086,0.011354576874976763,108.75265248376044,9577.869231166977
BEN,1,2019-12-11,2019-12-12,1,RESIDUAL_REVERTED,18.645479202270508,18.710220336914062,0.0034722161839462196,33.256432552177685,9577.869231166978
AZO,-1,2019-12-11,2019-12-12,1,RESIDUAL_REVERTED,1266.56005859375,1239.1700439453125,0.02162551587079764,207.12636306702564,9577.869231166977
VNO,-1,2019-12-11,2019-12-12,1,RESIDUAL_REVERTED,50.90882873535156,49.78327178955078,0.02210926815173775,211.75967915414924,9577.869231166977
FCX,-1,2019-12-10,2019-12-12,2,TRAILING_STOP,11.193546295166016,12.09843102207775,-0.08083986102800256,-773.782574389866,9571.794960432098
WMB,-1,2019-12-10,2019-12-13,3,RESIDUAL_REVERTED,15.862654685974121,16.014232635498047,-0.009555648315155763,-91.46470638666909,9571.794960432098
GIS,1,2019-12-12,2019-12-13,1,RESIDUAL_REVERTED,40.2645263671875,39.98550796508789,-0.006929633284522785,-66.38813441189106,9580.324338398603
USB,1,2019-12-12,2019-12-13,1,RESIDUAL_REVERTED,44.5567512512207,45.50477600097656,0.021276792475526163,203.83857279633864,9580.324338398603
SWKS,-1,2019-12-12,2019-12-13,1,RESIDUAL_REVERTED,91.60584259033203,94.66783905029297,-0.033425776930565476,-320.2297842577795,9580.324338398603
WYNN,-1,2019-12-13,2019-12-16,1,RESIDUAL_REVERTED,125.58879089355469,124.71797943115234,0.00693383108640977,66.37151470060914,9572.127424721479
SWK,-1,2019-12-13,2019-12-16,1,RESIDUAL_REVERTED,134.4778289794922,134.1466522216797,0.0024626866772440303,23.57315068174404,9572.127424721479
AMD,-1,2019-12-13,2019-12-16,1,RESIDUAL_REVERTED,42.349998474121094,41.72999954223633,0.014639880855335297,140.1348050300102,9572.127424721479
META,1,2019-12-13,2019-12-17,2,RESIDUAL_REVERTED,194.53677368164062,196.95364379882812,0.01242371851577384,118.92141672185862,9572.127424721479
AVGO,1,2019-12-16,2019-12-17,1,RESIDUAL_REVERTED,26.932546615600586,27.421274185180664,0.018146355654945268,173.64217862711567,9568.983542973567
JKHY,1,2019-12-12,2019-12-18,4,RESIDUAL_REVERTED,133.7204132080078,135.71539306640625,0.014919037494261822,142.9292180117568,9580.324338398603
PPL,-1,2019-12-16,2019-12-18,2,RESIDUAL_REVERTED,27.14307403564453,27.424867630004883,-0.010381786307265717,-99.3431423208931,9568.983542973567
ADBE,-1,2019-12-16,2019-12-18,2,RESIDUAL_REVERTED,319.2699890136719,322.1000061035156,-0.008864024766582546,-84.81970711593925,9568.983542973567
ORCL,1,2019-12-16,2019-12-19,3,RESIDUAL_REVERTED,49.56929016113281,48.389076232910156,-0.023809377225015416,-227.83153883462214,9568.983542973567
DTE,-1,2019-12-17,2019-12-19,2,RESIDUAL_REVERTED,86.19166564941406,87.68926239013672,-0.017375192014668306,-165.82025851750635,9543.506533770656
SO,-1,2019-12-17,2019-12-19,2,RESIDUAL_REVERTED,48.30763626098633,49.2288818359375,-0.019070392307627415,-181.99841358941092,9543.506533770656
LOW,1,2019-12-18,2019-12-19,1,RESIDUAL_REVERTED,105.59837341308594,105.30714416503906,-0.0027578952083630037,-26.228767930147118,9510.429493699228
JCI,1,2019-12-13,2019-12-20,5,RESIDUAL_REVERTED,36.47806930541992,36.09261703491211,-0.010566685075367843,-101.14565599832315,9572.127424721479
FDX,1,2019-12-19,2019-12-20,1,RESIDUAL_REVERTED,104.8232192993164,105.7426528930664,0.008771277965854196,83.51696307680554,9521.641361946264
SYK,-1,2019-12-19,2019-12-20,1,RESIDUAL_REVERTED,194.40248107910156,195.08168029785156,-0.0034937785514868036,-33.26650636531823,9521.641361946264
DAL,-1,2019-12-17,2019-12-23,4,RESIDUAL_REVERTED,56.0030517578125,56.72203063964844,-0.012838208977346222,-122.52153125721743,9543.506533770656
DRI,1,2019-12-20,2019-12-23,1,RESIDUAL_REVERTED,90.80925750732422,90.75972747802734,-0.0005454292949469419,-5.188706813048466,9513.069541952684
ECL,-1,2019-12-20,2019-12-23,1,RESIDUAL_REVERTED,179.43263244628906,178.4928436279297,0.00523755799347525,49.825253421940594,9513.069541952684
LDOS,-1,2019-12-19,2019-12-24,3,RESIDUAL_REVERTED,87.31471252441406,89.2634048461914,-0.022318029406928064,-212.50427191813935,9521.641361946264
CAG,-1,2019-12-20,2019-12-24,2,RESIDUAL_REVERTED,24.7666072845459,25.053478240966797,-0.011582973522574536,-110.18963262284885,9513.069541952684
FFIV,1,2019-12-23,2019-12-24,1,RESIDUAL_REVERTED,138.57000732421875,139.60000610351562,0.007433057118102937,70.50825519279063,9485.767978436405
MAA,1,2019-12-18,2019-12-26,5,RESIDUAL_REVERTED,100.87317657470703,101.68952178955078,0.008092787820944247,76.9658879785583,9510.429493699228
CPAY,1,2019-12-20,2019-12-26,3,RESIDUAL_REVERTED,290.45001220703125,286.3800048828125,-0.014012763481372037,-133.30439347322718,9513.069541952684
CCL,-1,2019-12-23,2019-12-26,2,RESIDUAL_REVERTED,48.952816009521484,49.61434555053711,-0.01351361565976017,-128.18702269824922,9485.767978436405
WTW,1,2019-12-24,2019-12-26,1,RESIDUAL_REVERTED,184.04066467285156,184.75332641601562,0.0038723058538767674,36.54482509550221,9437.484143695638
APA,-1,2019-12-24,2019-12-26,1,RESIDUAL_REVERTED,22.5329532623291,22.33063507080078,0.008978769412643195,84.73699396172,9437.484143695638
KMX,1,2019-12-23,2019-12-27,3,RESIDUAL_REVERTED,92.0999984741211,89.27999877929688,-0.03061888970189941,-290.4436834695537,9485.767978436405
AMZN,-1,2019-12-27,2019-12-31,2,RESIDUAL_REVERTED,94.14600372314453,92.0999984741211,0.02173225806843737,205.75889526358407,9467.902259195811
AAL,1,2019-12-30,2019-12-31,1,RESIDUAL_REVERTED,28.395065307617188,28.096172332763672,-0.010526229526696462,-99.75785947046114,9477.074313975045
DD,-1,2020-01-02,2020-01-03,1,RESIDUAL_REVERTED,71.35643768310547,69.09901428222656,0.03163587581129179,299.94218143868653,9481.077218403678
KIM,1,2020-01-03,2020-01-06,1,RESIDUAL_REVERTED,14.499163627624512,14.71479606628418,0.014872060499326656,141.28603075617787,9500.097902545172
WY,1,2020-01-03,2020-01-06,1,RESIDUAL_REVERTED,22.812612533569336,22.91427993774414,0.004456631349224027,42.33843413317967,9500.097902545172
SLG,1,2020-01-03,2020-01-06,1,RESIDUAL_REVERTED,57.656463623046875,58.42475891113281,0.013325397358897817,126.59257949984622,9500.097902545172
FE,1,2020-01-03,2020-01-06,1,RESIDUAL_REVERTED,35.81476593017578,35.89030838012695,0.0021092543253933282,20.038122592603223,9500.097902545172
IRM,1,2020-01-03,2020-01-06,1,RESIDUAL_REVERTED,22.067049026489258,22.26297950744629,0.008878870968285657,84.35014346277958,9500.097902545172
WAB,-1,2020-01-03,2020-01-06,1,RESIDUAL_REVERTED,76.65094757080078,76.44901275634766,0.0026344725127709356,25.0277467928886,9500.097902545172
LW,-1,2020-01-06,2020-01-07,1,RESIDUAL_REVERTED,81.95724487304688,80.27290344238281,0.02055146477011438,195.18074279982395,9497.169422378714
GE,-1,2020-01-03,2020-01-08,3,RESIDUAL_REVERTED,55.9351692199707,57.965667724609375,-0.03630092717970568,-344.86236216036707,9500.097902545172
RTX,-1,2020-01-03,2020-01-08,3,RESIDUAL_REVERTED,81.4493408203125,82.63117218017578,-0.014510017490142024,-137.84658672399297,9500.097902545172
UAA,1,2020-01-07,2020-01-08,1,RESIDUAL_REVERTED,20.3700008392334,20.75,0.018654842666216753,177.1553172309457,9496.478764292551
UA,1,2020-01-07,2020-01-08,1,RESIDUAL_REVERTED,18.34000015258789,18.670000076293945,0.0179934526150749,170.87444065536204,9496.478764292551
PKG,1,2020-01-07,2020-01-09,2,RESIDUAL_REVERTED,85.88380432128906,86.7676773071289,0.01029149783040939,97.73299059924483,9496.478764292551
HST,1,2020-01-07,2020-01-09,2,RESIDUAL_REVERTED,13.593777656555176,13.632461547851562,0.002845705754038974,27.02418426265709,9496.478764292551
APA,-1,2020-01-08,2020-01-09,1,RESIDUAL_REVERTED,27.405391693115234,27.489696502685547,-0.0030762125392826967,-29.26768298332142,9514.194032297532
PSX,1,2020-01-09,2020-01-10,1,RESIDUAL_REVERTED,79.0467529296875,80.77479553222656,0.021861019440939877,208.0022418073419,9514.754898292156
WAT,1,2020-01-09,2020-01-10,1,RESIDUAL_REVERTED,227.8300018310547,230.19000244140625,0.010358603306783065,98.55957155267983,9514.754898292156
GPC,1,2020-01-07,2020-01-10,3,TRAILING_STOP,83.3747787475586,80.95926607943015,-0.028971743066834477,-275.129542798734,9496.478764292551
TROW,-1,2020-01-03,2020-01-13,6,RESIDUAL_REVERTED,92.80863952636719,95.85731506347656,-0.032849048888850874,-312.06918044957615,9500.097902545172
MKC,1,2020-01-10,2020-01-13,1,RESIDUAL_REVERTED,70.59931945800781,71.72563934326172,0.015953693235298605,151.69827973877668,9508.662195104387
HSIC,1,2020-01-10,2020-01-13,1,RESIDUAL_REVERTED,66.47000122070312,66.4800033569336,0.00015047594473860393,1.430824927009623,9508.662195104387
ALGN,-1,2020-01-10,2020-01-13,1,RESIDUAL_REVERTED,297.2099914550781,295.6499938964844,0.005248805906410858,49.90912229173003,9508.662195104387
CRM,-1,2020-01-07,2020-01-13,4,TRAILING_STOP,169.98495483398438,179.98027588965465,-0.058801210174348695,-558.4044437354049,9496.478764292551
CL,-1,2020-01-09,2020-01-14,3,RESIDUAL_REVERTED,59.16632843017578,59.814449310302734,-0.01095421834214072,-104.22670262784514,9514.754898292156
HOG,1,2020-01-13,2020-01-14,1,RESIDUAL_REVERTED,30.38773536682129,30.666526794433594,0.009174472011385992,87.24374118836566,9509.401857686431
JKHY,1,2020-01-13,2020-01-14,1,RESIDUAL_REVERTED,134.03298950195312,135.31088256835938,0.009534168201087656,90.66423680291877,9509.401857686431
UNH,1,2020-01-14,2020-01-15,1,RESIDUAL_REVERTED,253.96493530273438,257.0060119628906,0.011974395821734873,113.67631451189771,9493.281849390822
BAX,-1,2020-01-14,2020-01-15,1,RESIDUAL_REVERTED,78.75833892822266,79.14875793457031,-0.004957176746750225,-47.059876034145894,9493.281849390822
TROW,-1,2020-01-14,2020-01-15,1,RESIDUAL_REVERTED,98.15692138671875,97.16817474365234,0.010073121987709266,95.62698613261995,9493.281849390822
LH,-1,2020-01-09,2020-01-16,5,RESIDUAL_REVERTED,142.03366088867188,145.87063598632812,-0.027014547633632535,-257.03679942225284,9514.754898292156
CB,1,2020-01-13,2020-01-16,3,RESIDUAL_REVERTED,135.76010131835938,136.5164337158203,0.005571094821793965,52.977779447714894,9509.401857686431
ILMN,1,2020-01-14,2020-01-16,2,RESIDUAL_REVERTED,315.2529296875,314.6206359863281,-0.0020056711345985967,-19.04040137793241,9493.281849390822
ALB,-1,2020-01-14,2020-01-17,3,RESIDUAL_REVERTED,70.0540771484375,74.42899322509766,-0.06245055612380912,-592.8607309345208,9493.281849390822
BSX,1,2020-01-15,2020-01-17,2,RESIDUAL_REVERTED,42.810001373291016,43.20000076293945,0.009110006473668442,86.08898577953202,9449.936839053107
WFC,1,2020-01-15,2020-01-17,2,RESIDUAL_REVERTED,41.1594123840332,41.61458969116211,0.011058887403005757,104.50578746860498,9449.936839053107
BLK,-1,2020-01-16,2020-01-17,1,RESIDUAL_REVERTED,456.8494873046875,456.9772033691406,-0.0002795582965553489,-2.630934411542194,9411.04035887712
PRGO,-1,2020-01-15,2020-01-21,3,RESIDUAL_REVERTED,44.64067077636719,46.11586380004883,-0.03304594214257661,-312.2820660343523,9449.936839053107
PNC,1,2020-01-16,2020-01-21,2,RESIDUAL_REVERTED,121.1691665649414,120.03305053710938,-0.009376279956692768,-88.24054908856654,9411.04035887712
COTY,-1,2020-01-16,2020-01-21,2,RESIDUAL_REVERTED,11.266624450683594,10.870956420898438,0.03511859577081666,330.5025221462468,9411.04035887712
PPG,1,2020-01-17,2020-01-21,1,RESIDUAL_REVERTED,111.37287139892578,111.61738586425781,0.00219545803444543,20.688640213515765,9423.382223173088
BNY,1,2020-01-17,2020-01-22,2,RESIDUAL_REVERTED,38.751014709472656,38.808921813964844,0.0014943377593163998,14.081715876557805,9423.382223173088
MS,-1,2020-01-17,2020-01-22,2,RESIDUAL_REVERTED,45.80732345581055,45.742191314697266,0.0014218717925336133,13.398841373392687,9423.382223173088
CDW,1,2020-01-21,2020-01-22,1,RESIDUAL_REVERTED,124.62701416015625,125.57905578613281,0.007639127298300741,72.06331037772567,9433.448031917933
CFG,-1,2020-01-21,2020-01-22,1,RESIDUAL_REVERTED,30.368667602539062,30.084562301635742,0.009355211253310514,88.25189918571871,9433.448031917933
COST,-1,2020-01-22,2020-01-23,1,RESIDUAL_REVERTED,285.2698974609375,284.0137023925781,0.004403531811593919,41.57180034590767,9440.558652592119
GRMN,-1,2020-01-22,2020-01-23,1,RESIDUAL_REVERTED,87.23172760009766,86.4887466430664,0.008517324802247983,80.40830435879948,9440.55865259212
UAL,1,2020-01-22,2020-01-23,1,TRAILING_STOP,86.75,81.73244051326252,-0.05783930244077795,-546.0353271171783,9440.55865259212
EXPD,1,2020-01-21,2020-01-24,3,RESIDUAL_REVERTED,70.93656921386719,69.03490447998047,-0.026807960336415193,-252.8915006752894,9433.448031917933
YUM,-1,2020-01-21,2020-01-24,3,RESIDUAL_REVERTED,92.2181167602539,93.46025848388672,-0.013469606269038259,-127.06483074936784,9433.448031917933
MGM,1,2020-01-22,2020-01-24,2,RESIDUAL_REVERTED,32.35822296142578,32.06071853637695,-0.009194090336897776,-86.7973490827138,9440.55865259212
COF,-1,2020-01-23,2020-01-24,1,RESIDUAL_REVERTED,94.88700103759766,93.95970916748047,0.009772591187171775,91.72041129623483,9385.475104763787
ETN,-1,2020-01-23,2020-01-27,2,RESIDUAL_REVERTED,85.73409271240234,84.4258041381836,0.015259840430194349,143.2208524602572,9385.475104763787
VFC,1,2020-01-24,2020-01-27,1,RESIDUAL_REVERTED,69.3799819946289,66.97724151611328,-0.03463161000390047,-324.6246224531114,9373.650904955031
ZION,1,2020-01-23,2020-01-28,3,RESIDUAL_REVERTED,37.95199203491211,37.37154769897461,-0.015294173107001874,-143.5430809437134,9385.475104763787
MTB,-1,2020-01-24,2020-01-28,2,RESIDUAL_REVERTED,137.5884552001953,136.4849395751953,0.00802040856839592,75.18051003525319,9373.650904955033
SYF,1,2020-01-27,2020-01-28,1,RESIDUAL_REVERTED,27.259937286376953,27.540361404418945,0.010287041936157815,95.84200779513236,9316.770398131475
AMGN,1,2020-01-27,2020-01-28,1,RESIDUAL_REVERTED,182.22787475585938,182.13829040527344,-0.000491606186517668,-4.580181966085611,9316.770398131475
INTC,-1,2020-01-27,2020-01-28,1,RESIDUAL_REVERTED,58.8531608581543,58.65911865234375,0.003297056657300401,30.717919865698352,9316.770398131475
NTRS,1,2020-01-23,2020-01-29,4,RESIDUAL_REVERTED,85.41403198242188,81.9712905883789,-0.040306508358620485,-378.29573075978647,9385.475104763787
DVA,-1,2020-01-27,2020-01-29,2,RESIDUAL_REVERTED,82.0999984741211,82.8499984741211,-0.009135201144204741,-85.11057160130368,9316.770398131475
RCL,1,2020-01-28,2020-01-29,1,RESIDUAL_REVERTED,114.13111114501953,116.2848892211914,0.01887108654742886,175.97232940129533,9324.97071427358
WMT,-1,2020-01-28,2020-01-29,1,RESIDUAL_REVERTED,35.30230712890625,35.47885513305664,-0.005001033034632174,-46.63448658905964,9324.97071427358
LUV,-1,2020-01-24,2020-01-30,4,RESIDUAL_REVERTED,50.85783767700195,50.58347702026367,0.005394658311679401,50.56764376519696,9373.650904955031
BWA,1,2020-01-29,2020-01-30,1,RESIDUAL_REVERTED,28.752788543701172,27.876665115356445,-0.030470902918272147,-283.63933679952436,9308.530750148442
PHM,-1,2020-01-29,2020-01-30,1,RESIDUAL_REVERTED,43.91386795043945,42.97953414916992,0.02127650887696808,198.05303713706414,9308.530750148442
MMM,1,2020-01-29,2020-01-31,2,RESIDUAL_REVERTED,109.97980499267578,107.10385131835938,-0.026149834276465,-243.4165364737599,9308.530750148442
ADP,1,2020-01-30,2020-01-31,1,RESIDUAL_REVERTED,145.42742919921875,150.19578552246094,0.032788562305602564,304.87550637175053,9298.227337026508
EBAY,1,2020-01-30,2020-01-31,1,RESIDUAL_REVERTED,30.75852394104004,31.206106185913086,0.01455148646700355,135.30302926186312,9298.227337026508
AVY,-1,2020-01-30,2020-01-31,1,RESIDUAL_REVERTED,119.99068450927734,119.7778091430664,0.001774099106789273,16.49597681334195,9298.227337026508
NSC,-1,2020-01-30,2020-01-31,1,RESIDUAL_REVERTED,185.24400329589844,185.30511474609375,-0.000329897049880179,-3.067457767600351,9298.227337026508
PFE,1,2020-01-29,2020-02-03,3,RESIDUAL_REVERTED,25.890544891357422,25.702180862426758,-0.0072753984020452744,-67.72326974501958,9308.530750148442
XRX,-1,2020-01-29,2020-02-03,3,RESIDUAL_REVERTED,25.06424903869629,24.248048782348633,0.03256432120058883,303.1259852533921,9308.530750148442
MDLZ,-1,2020-01-31,2020-02-03,1,RESIDUAL_REVERTED,49.556732177734375,48.980384826660156,0.011630051574166744,108.70822458261154,9347.183362804672
TMO,1,2020-01-31,2020-02-04,2,RESIDUAL_REVERTED,316.38916015625,316.0061340332031,-0.0012106170857993925,-11.31585988311111,9347.183362804672
CE,1,2020-02-03,2020-02-04,1,RESIDUAL_REVERTED,93.39369201660156,94.66890716552734,0.013654189286136154,128.18454733623904,9387.928103969658
LYB,1,2020-02-03,2020-02-04,1,RESIDUAL_REVERTED,50.963287353515625,52.44612503051758,0.029096193632800693,273.1529739239126,9387.928103969658
AMZN,-1,2020-02-03,2020-02-04,1,RESIDUAL_REVERTED,100.52999877929688,101.49400329589844,-0.009589222404328579,-90.02293050481215,9387.928103969658
CL,-1,2020-02-03,2020-02-05,2,RESIDUAL_REVERTED,63.540618896484375,64.56158447265625,-0.01606791992119483,-150.84447700051962,9387.928103969658
NOW,-1,2020-01-31,2020-02-06,4,RESIDUAL_REVERTED,67.9000015258789,68.00199890136719,-0.001502170444715123,-14.041062588937294,9347.183362804672
BR,1,2020-02-03,2020-02-06,3,RESIDUAL_REVERTED,107.03762817382812,107.45452880859375,0.003894897914671569,36.565021595237255,9387.928103969658
SYY,1,2020-02-04,2020-02-06,2,RESIDUAL_REVERTED,63.847679138183594,63.64646911621094,-0.003151406984382099,-29.468141485039816,9350.788911454443
GILD,-1,2020-02-04,2020-02-06,2,RESIDUAL_REVERTED,52.97880172729492,52.42564392089844,0.010441115849388782,97.6326703076758,9350.788911454443
HIG,1,2020-02-05,2020-02-06,1,RESIDUAL_REVERTED,50.287357330322266,51.47932052612305,0.02370303907543092,221.45580417522243,9342.928705069322
TXT,-1,2020-02-05,2020-02-06,1,RESIDUAL_REVERTED,50.77866744995117,50.848087310791016,-0.0013671067857041752,-12.772781231050553,9342.928705069322
IT,1,2020-02-05,2020-02-07,2,RESIDUAL_REVERTED,154.0,154.19000244140625,0.0012337820870536031,11.52713807693315,9342.928705069322
LIN,-1,2020-02-04,2020-02-10,4,RESIDUAL_REVERTED,191.56341552734375,195.2709197998047,-0.019353926543096867,-180.97448171229328,9350.788911454443
ICE,1,2020-02-05,2020-02-10,3,RESIDUAL_REVERTED,85.8115234375,84.8306884765625,-0.01143010777161979,-106.7906820015022,9342.928705069322
XYL,1,2020-02-07,2020-02-10,1,RESIDUAL_REVERTED,76.76383209228516,77.3531723022461,0.007677316177395088,72.13642359452986,9396.046994511846
WTW,1,2020-02-07,2020-02-10,1,RESIDUAL_REVERTED,191.58319091796875,191.17987060546875,-0.002105196758481198,-19.78052767538372,9396.046994511846
CTSH,-1,2020-02-07,2020-02-10,1,RESIDUAL_REVERTED,63.303489685058594,61.7877311706543,0.023944312105783627,224.98188179720177,9396.046994511846
FMC,-1,2020-02-07,2020-02-10,1,RESIDUAL_REVERTED,88.7932357788086,86.96861267089844,0.02054912282344845,193.0805237451177,9396.046994511846
BIIB,-1,2020-02-06,2020-02-11,3,RESIDUAL_REVERTED,338.3900146484375,338.05999755859375,0.0009752565842896521,9.207754025559533,9441.365660982929
BDX,1,2020-02-07,2020-02-11,2,RESIDUAL_REVERTED,172.31265258789062,173.72344970703125,0.008187426157931332,76.92944094401811,9396.046994511846
CAH,-1,2020-02-07,2020-02-12,3,RESIDUAL_REVERTED,50.13875961303711,50.910919189453125,-0.015400452312251511,-144.70337366265298,9396.046994511846
TTWO,1,2020-02-10,2020-02-12,2,RESIDUAL_REVERTED,112.5,112.52999877929688,0.00026665581597229426,2.5249733277022273,9469.035274915046
NWSA,1,2020-02-11,2020-02-12,1,RESIDUAL_REVERTED,12.939081192016602,13.219146728515625,0.021644932305689757,204.7080121361688,9457.549196509024
NWS,1,2020-02-11,2020-02-12,1,RESIDUAL_REVERTED,13.333398818969727,13.604743003845215,0.020350713914702778,192.4678780323819,9457.549196509024
NCLH,1,2020-02-11,2020-02-12,1,RESIDUAL_REVERTED,51.599998474121094,52.849998474121094,0.024224806917909403,229.1073032020597,9457.549196509024
L,-1,2020-02-11,2020-02-12,1,RESIDUAL_REVERTED,54.402347564697266,53.37036895751953,0.01896937638491547,179.403810387435,9457.549196509024
CMG,-1,2020-02-11,2020-02-12,1,RESIDUAL_REVERTED,17.860000610351562,17.81279945373535,0.0026428418254842434,24.994806583108794,9457.549196509024
UA,1,2020-02-12,2020-02-13,1,RESIDUAL_REVERTED,15.260000228881836,15.449999809265137,0.012450824215827883,118.83535756114738,9544.376781906552
TMUS,-1,2020-02-12,2020-02-13,1,RESIDUAL_REVERTED,89.37579345703125,90.44071197509766,-0.01191506645004936,-113.721883580724,9544.376781906552
NVDA,-1,2020-02-11,2020-02-14,3,RESIDUAL_REVERTED,6.637746810913086,7.132871150970459,-0.07459223049052444,-705.4596895414762,9457.549196509024
WU,1,2020-02-13,2020-02-14,1,RESIDUAL_REVERTED,15.845152854919434,15.887669563293457,0.0026832627468673653,25.559957614282144,9525.700621052954
MDT,1,2020-02-13,2020-02-14,1,RESIDUAL_REVERTED,94.31646728515625,95.833740234375,0.01608704177427933,153.2403438201566,9525.700621052954
PVH,-1,2020-02-13,2020-02-14,1,RESIDUAL_REVERTED,87.69413757324219,88.32752227783203,-0.007222657319149173,-68.80087131067103,9525.700621052954
SPGI,-1,2020-02-13,2020-02-14,1,RESIDUAL_REVERTED,269.8778381347656,269.7079772949219,0.0006293989940697742,5.995466388700664,9525.700621052954
AMCR,1,2020-02-13,2020-02-18,2,RESIDUAL_REVERTED,37.37062072753906,37.04502487182617,-0.008712615669050239,-82.9937684896676,9525.700621052954
ELV,-1,2020-02-13,2020-02-18,2,RESIDUAL_REVERTED,267.81207275390625,270.2837219238281,-0.009229043129034276,-87.91310186596661,9525.700621052954
KHC,1,2020-02-14,2020-02-19,2,RESIDUAL_REVERTED,19.899309158325195,19.549190521240234,-0.017594512166191567,-167.47322235287743,9518.491946294609
EFX,-1,2020-02-14,2020-02-19,2,RESIDUAL_REVERTED,154.31747436523438,151.5908966064453,0.01766862612289699,168.17867545288527,9518.491946294609
ANET,1,2020-02-18,2020-02-19,1,RESIDUAL_REVERTED,13.948749542236328,14.123125076293945,0.012501158869446583,117.96490406246204,9436.317488194907
PPL,1,2020-02-18,2020-02-19,1,RESIDUAL_REVERTED,26.975521087646484,27.348709106445312,0.013834321034477792,130.54504551494583,9436.317488194907
EXPE,-1,2020-02-18,2020-02-19,1,RESIDUAL_REVERTED,119.95516204833984,118.8840560913086,0.008929219374482766,84.25894893936004,9436.317488194907
TAP,1,2020-02-13,2020-02-20,4,RESIDUAL_REVERTED,45.98871612548828,45.53115463256836,-0.009949429587714165,-94.77528760281172,9525.700621052954
DLR,-1,2020-02-18,2020-02-20,2,RESIDUAL_REVERTED,104.93827819824219,106.4061279296875,-0.01398774362080113,-131.9927897493521,9436.317488194907
LDOS,-1,2020-02-19,2020-02-20,1,RESIDUAL_REVERTED,113.44330596923828,110.22297668457031,0.028387124803478492,268.11330463222293,9444.891178248829
NVDA,-1,2020-02-18,2020-02-21,3,RESIDUAL_REVERTED,7.092646598815918,7.553256988525391,-0.06494196253713946,-612.8129768069072,9436.317488194907
VMC,1,2020-02-19,2020-02-21,2,RESIDUAL_REVERTED,128.88619995117188,127.9133529663086,-0.007548108216642646,-71.29106070783517,9444.891178248829
PSA,1,2020-02-20,2020-02-21,1,RESIDUAL_REVERTED,164.89833068847656,167.20474243164062,0.013986871386353128,131.73693027843083,9418.613115079092
GRMN,-1,2020-02-20,2020-02-21,1,RESIDUAL_REVERTED,89.41749572753906,85.81488037109375,0.040289826136740814,379.4742848557633,9418.613115079092
FANG,-1,2020-02-20,2020-02-21,1,RESIDUAL_REVERTED,61.77159118652344,59.397544860839844,0.03843265617871172,361.98231953213957,9418.613115079092
VNO,1,2020-02-20,2020-02-24,2,RESIDUAL_REVERTED,50.42465591430664,49.97401809692383,-0.008936854584563614,-84.17277579772527,9418.613115079092
EXR,1,2020-02-20,2020-02-24,2,RESIDUAL_REVERTED,82.78524017333984,83.92559051513672,0.013774802602603442,129.73953645050665,9418.613115079092
HRL,1,2020-02-21,2020-02-25,2,RESIDUAL_REVERTED,36.952884674072266,36.568389892578125,-0.010405000445443457,-98.9334794580889,9508.262875799704
HST,-1,2020-02-21,2020-02-25,2,RESIDUAL_REVERTED,13.230142593383789,12.773662567138672,0.034503031469471535,328.06389322372553,9508.262875799704
HAS,1,2020-02-24,2020-02-25,1,RESIDUAL_REVERTED,68.26105499267578,68.16751098632812,-0.0013703861793183947,-13.038345122637136,9514.358302359784
ED,1,2020-02-24,2020-02-25,1,RESIDUAL_REVERTED,70.80601501464844,70.6002426147461,-0.0029061429295205166,-27.650085109327666,9514.358302359784
PNW,-1,2020-02-24,2020-02-25,1,RESIDUAL_REVERTED,78.14387512207031,76.35120391845703,0.022940648909628658,218.26555341484644,9514.358302359784
VTR,-1,2020-02-21,2020-02-26,3,RESIDUAL_REVERTED,48.953914642333984,46.33571243286133,0.05348299984999583,508.5304219601163,9508.262875799704
LYV,1,2020-02-25,2020-02-26,1,TRAILING_STOP,68.41999816894531,60.83971644409323,-0.11079044033492313,-1060.0560796137652,9568.118660862625
TAP,1,2020-02-26,2020-02-27,1,RESIDUAL_REVERTED,42.87732696533203,42.26168441772461,-0.014358230588982224,-136.78248851869643,9526.416759433892
HPQ,-1,2020-02-26,2020-02-27,1,RESIDUAL_REVERTED,18.405946731567383,17.43474006652832,0.052765917407192164,502.67011991477966,9526.416759433892
XRX,-1,2020-02-26,2020-02-27,1,RESIDUAL_REVERTED,25.04384994506836,23.71751594543457,0.05296046744182681,504.523484625272,9526.416759433892
LNC,1,2020-02-25,2020-02-27,2,TRAILING_STOP,40.32952117919922,35.13425020695128,-0.12882054684367306,-1232.5702781574767,9568.118660862625
DRI,1,2020-02-26,2020-02-27,1,TRAILING_STOP,93.09736633300781,85.37581384932064,-0.08294061140319808,-790.1268305091199,9526.416759433892
DE,-1,2020-02-24,2020-02-28,4,RESIDUAL_REVERTED,158.00816345214844,142.23570251464844,0.09982054466620371,949.7284278909709,9514.358302359784
TJX,-1,2020-02-27,2020-02-28,1,RESIDUAL_REVERTED,56.82044219970703,54.13398742675781,0.04727972308816475,449.58260752821036,9508.9940922423
MA,1,2020-02-26,2020-02-28,2,TRAILING_STOP,290.9569396972656,264.00534525955493,-0.09263086993475134,-882.4402717873561,9526.416759433892
JNJ,-1,2020-02-24,2020-03-02,5,RESIDUAL_REVERTED,122.5556411743164,112.751220703125,0.0799997484999172,761.1462713268816,9514.358302359784
LOW,1,2020-02-27,2020-03-02,2,RESIDUAL_REVERTED,97.60049438476562,95.02971649169922,-0.02633980400685021,-250.46504069195822,9508.9940922423
TTWO,1,2020-05-27,2020-05-28,1,RESIDUAL_REVERTED,130.44000244140625,133.9199981689453,0.02667889958912162,253.6551856406528,9507.707946997964
VRTX,1,2020-05-27,2020-05-28,1,RESIDUAL_REVERTED,264.3800048828125,276.2699890136719,0.044973083861352015,427.5909468295822,9507.707946997964
LYB,-1,2020-05-27,2020-05-28,1,RESIDUAL_REVERTED,45.86723709106445,44.86379623413086,0.02187707218861623,208.00081310475483,9507.707946997964
TFX,1,2020-05-27,2020-05-29,2,RESIDUAL_REVERTED,335.6960754394531,345.1691589355469,0.028219226226260608,268.3001614495506,9507.707946997964
CMG,1,2020-05-27,2020-05-29,2,RESIDUAL_REVERTED,20.434600830078125,20.020000457763672,-0.020289134872857106,-192.90316886837715,9507.707946997964
INTU,1,2020-05-27,2020-05-29,2,RESIDUAL_REVERTED,270.90130615234375,273.50372314453125,0.009606513269168282,91.33592255221232,9507.707946997964
GS,-1,2020-05-27,2020-05-29,2,RESIDUAL_REVERTED,174.54579162597656,170.6446075439453,0.022350490640249077,212.5019374795995,9507.707946997964
MS,-1,2020-05-27,2020-05-29,2,RESIDUAL_REVERTED,37.849159240722656,36.385780334472656,0.038663445519168116,367.60074822091775,9507.707946997964
MTB,-1,2020-05-27,2020-05-29,2,RESIDUAL_REVERTED,93.49162292480469,86.71247100830078,0.07251079513248349,689.4114631242542,9507.707946997964
LUV,-1,2020-05-27,2020-05-29,2,RESIDUAL_REVERTED,32.04045486450195,28.900672912597656,0.09799430018026689,931.7011865844275,9507.707946997964
HPQ,1,2020-05-29,2020-06-01,1,RESIDUAL_REVERTED,11.874367713928223,11.898086547851562,0.0019974818444874476,19.47147715960759,9748.012084987791
DLTR,-1,2020-05-29,2020-06-02,2,RESIDUAL_REVERTED,97.0199966430664,96.75,0.0027828968502205953,27.127712127225227,9748.012084987791
DXC,1,2020-06-01,2020-06-02,1,RESIDUAL_REVERTED,14.300000190734863,15.0,0.04895103496003261,481.6033306506531,9838.470852431825
COTY,1,2020-06-01,2020-06-02,1,RESIDUAL_REVERTED,3.990000009536743,4.5,0.12781954617650992,1257.5488794286568,9838.470852431825
GEN,-1,2020-06-01,2020-06-02,1,RESIDUAL_REVERTED,19.5716495513916,18.699865341186523,0.044543215834512595,438.2371306614321,9838.470852431825
CSCO,-1,2020-06-01,2020-06-02,1,RESIDUAL_REVERTED,39.422569274902344,38.79549026489258,0.01590659922840143,156.49661286994254,9838.470852431825
ANET,-1,2020-06-01,2020-06-02,1,RESIDUAL_REVERTED,14.561875343322754,14.668749809265137,-0.007339333940349135,-72.2078230483892,9838.470852431825
STX,-1,2020-06-01,2020-06-02,1,RESIDUAL_REVERTED,42.959835052490234,42.41294860839844,0.012730180258457402,125.24550741903604,9838.470852431825
WHR,1,2020-05-29,2020-06-03,3,RESIDUAL_REVERTED,91.92815399169922,99.07898712158203,0.0777871937962391,758.2705051830255,9748.012084987791
PFE,1,2020-06-02,2020-06-03,1,RESIDUAL_REVERTED,24.620912551879883,25.14756202697754,0.021390331247386873,214.90982467903638,10047.054540368115
NTAP,1,2020-06-02,2020-06-03,1,RESIDUAL_REVERTED,36.69116973876953,37.897945404052734,0.03289008428663065,330.4484706650829,10047.054540368115
WU,-1,2020-06-03,2020-06-04,1,RESIDUAL_REVERTED,14.23470687866211,14.007685661315918,0.01594842937626606,162.37011543976436,10180.947076920207
QCOM,-1,2020-06-03,2020-06-04,1,RESIDUAL_REVERTED,74.38092803955078,73.50535583496094,0.011771461148270101,119.84462296855993,10180.947076920207
GLW,-1,2020-06-03,2020-06-05,2,RESIDUAL_REVERTED,20.823869705200195,22.13338851928711,-0.0628854690614924,-640.2336324223563,10180.947076920207
TSN,1,2020-06-04,2020-06-05,1,RESIDUAL_REVERTED,51.060176849365234,55.07689666748047,0.07866639063873837,798.2709510013493,10147.547695015883
JBHT,1,2020-06-04,2020-06-05,1,RESIDUAL_REVERTED,109.92382049560547,113.08259582519531,0.02873604024449028,291.6003389468609,10147.547695015883
EFX,-1,2020-06-03,2020-06-08,3,RESIDUAL_REVERTED,160.56561279296875,167.36058044433594,-0.042318946959885695,-430.8469593495895,10180.947076920207
PRGO,1,2020-06-04,2020-06-09,3,RESIDUAL_REVERTED,43.47868347167969,45.55059814453125,0.04765357429005701,483.5669179463363,10147.547695015883
CPB,1,2020-06-04,2020-06-09,3,RESIDUAL_REVERTED,38.782325744628906,39.533470153808594,0.01936821463791949,196.53988180559384,10147.54769501588
DGX,1,2020-06-04,2020-06-10,4,RESIDUAL_REVERTED,105.11163330078125,103.93299865722656,-0.011213170288981944,-113.7861803197795,10147.547695015883
AAL,-1,2020-06-05,2020-06-10,3,RESIDUAL_REVERTED,21.25,17.690000534057617,0.16752938663258277,1707.345184661867,10191.317588993108
DAL,-1,2020-06-05,2020-06-10,3,RESIDUAL_REVERTED,35.907405853271484,31.119749069213867,0.13333340769927604,1358.843103086021,10191.317588993108
IQV,1,2020-06-08,2020-06-10,2,RESIDUAL_REVERTED,148.6199951171875,147.27000427246094,-0.009083507529805024,-93.94832750642462,10342.73678952308
BALL,1,2020-06-08,2020-06-10,2,RESIDUAL_REVERTED,67.4171142578125,67.1760482788086,-0.003575738618565527,-36.98292335995634,10342.73678952308
OXY,-1,2020-06-08,2020-06-10,2,RESIDUAL_REVERTED,21.820602416992188,20.420305252075195,0.06417316709031595,663.7261761652228,10342.73678952308
KMI,-1,2020-06-09,2020-06-10,1,RESIDUAL_REVERTED,12.196443557739258,11.952235221862793,0.02002291362398856,204.81392158363732,10228.976932620782
EG,-1,2020-06-03,2020-06-11,6,RESIDUAL_REVERTED,184.7013702392578,187.0779266357422,-0.012867020929004713,-130.99845911582145,10180.947076920207
APTV,1,2020-06-10,2020-06-11,1,RESIDUAL_REVERTED,78.91999816894531,76.45999908447266,-0.03117079500187636,-324.99048434159903,10426.121127870987
HSIC,1,2020-06-10,2020-06-12,2,RESIDUAL_REVERTED,61.220001220703125,57.310001373291016,-0.06386801322195734,-665.8956420485927,10426.121127870987
SYY,1,2020-06-11,2020-06-12,1,RESIDUAL_REVERTED,45.643341064453125,47.17720413208008,0.03360540731365358,356.9653214425524,10622.258439269732
IDXX,-1,2020-06-11,2020-06-12,1,RESIDUAL_REVERTED,320.20001220703125,304.9599914550781,0.047595315961760254,505.56974664451667,10622.258439269732
WFC,1,2020-06-11,2020-06-15,2,RESIDUAL_REVERTED,23.642662048339844,23.34712791442871,-0.012500036303309758,-132.7786161140105,10622.258439269732
MSFT,-1,2020-06-11,2020-06-15,2,RESIDUAL_REVERTED,183.22389221191406,175.11244201660156,0.04427070125729515,470.25483004269284,10622.258439269732
CRM,-1,2020-06-11,2020-06-15,2,RESIDUAL_REVERTED,173.3310546875,168.7779998779297,0.02626796922097463,279.0251577399749,10622.258439269732
BKR,1,2020-06-11,2020-06-16,3,RESIDUAL_REVERTED,13.5797700881958,14.695097923278809,0.08213156981593572,872.4227606077935,10622.258439269732
ACN,-1,2020-06-11,2020-06-16,3,RESIDUAL_REVERTED,186.02096557617188,184.06590270996094,0.010509906021374693,111.63893793147876,10622.258439269732
PNR,1,2020-07-02,2020-07-06,1,RESIDUAL_REVERTED,34.45817947387695,35.08352279663086,0.01814789209128076,196.14924684210058,10808.376303732866
FDX,-1,2020-07-02,2020-07-06,1,RESIDUAL_REVERTED,114.15464782714844,113.65083312988281,0.004413440073228525,47.70212110542809,10808.376303732866
STZ,-1,2020-07-02,2020-07-06,1,RESIDUAL_REVERTED,169.19265747070312,168.2446746826172,0.0056029782985711485,60.559097872606294,10808.376303732866
EXR,-1,2020-07-02,2020-07-06,1,RESIDUAL_REVERTED,77.02272033691406,77.77662658691406,-0.009788102091204287,-105.79349070109173,10808.376303732866
ESS,-1,2020-07-02,2020-07-06,1,RESIDUAL_REVERTED,195.9329376220703,195.6988525390625,0.0011947204275543077,12.912987958763642,10808.376303732866
RHI,1,2020-07-02,2020-07-07,2,RESIDUAL_REVERTED,41.778255462646484,41.570255279541016,-0.004978670861243595,-53.811348160750484,10808.376303732866
AMGN,-1,2020-07-02,2020-07-07,2,RESIDUAL_REVERTED,208.87510681152344,209.47811889648438,-0.0028869504564996706,-31.20324690408143,10808.376303732866
D,1,2020-07-07,2020-07-08,1,RESIDUAL_REVERTED,54.77020263671875,56.49513244628906,0.03149394609714107,340.7334616822217,10819.014569697025
LDOS,1,2020-07-07,2020-07-08,1,RESIDUAL_REVERTED,80.99258422851562,81.22298431396484,0.0028447059399803187,30.776915011151278,10819.014569697023
FCX,-1,2020-07-07,2020-07-09,2,RESIDUAL_REVERTED,11.801929473876953,12.10859203338623,-0.02598410371694393,-281.122396694136,10819.014569697025
PAYX,1,2020-07-08,2020-07-09,1,RESIDUAL_REVERTED,61.60523223876953,61.67958068847656,0.0012068528435842385,13.093214090194593,10849.056005294015
ROL,-1,2020-07-08,2020-07-09,1,RESIDUAL_REVERTED,27.971267700195312,27.706344604492188,0.009471258097511037,102.75420954049216,10849.056005294015
WMT,-1,2020-07-08,2020-07-09,1,RESIDUAL_REVERTED,39.30552673339844,38.571617126464844,0.01867191888590014,202.57269371943727,10849.056005294015
PM,-1,2020-07-08,2020-07-09,1,RESIDUAL_REVERTED,54.67063903808594,53.68955612182617,0.01794533470838522,194.6899412850182,10849.056005294015
GWW,1,2020-07-09,2020-07-10,1,RESIDUAL_REVERTED,289.49285888671875,288.5133361816406,-0.0033835815807167213,-36.77965805414124,10870.037318961438
OKE,1,2020-07-07,2020-07-13,4,RESIDUAL_REVERTED,18.736814498901367,18.331695556640625,-0.021621548437942617,-233.92384756951154,10819.014569697025
APD,-1,2020-07-08,2020-07-13,3,RESIDUAL_REVERTED,230.2323760986328,238.58953857421875,-0.03629881521096623,-393.80787914959024,10849.056005294015
ALL,1,2020-07-09,2020-07-13,2,RESIDUAL_REVERTED,76.34880065917969,76.09021759033203,-0.003386864844177051,-36.8153472504829,10870.037318961438
CF,1,2020-07-09,2020-07-13,2,RESIDUAL_REVERTED,24.2281436920166,25.520658493041992,0.05334766119334544,579.8910680509756,10870.037318961438
FFIV,-1,2020-07-10,2020-07-13,1,RESIDUAL_REVERTED,144.4600067138672,143.2100067138672,0.008652913899387271,92.75430418178657,10719.429923872773
PNR,-1,2020-07-10,2020-07-13,1,RESIDUAL_REVERTED,35.28582763671875,35.681270599365234,-0.011206849580452705,-120.13103874504466,10719.429923872773
AMD,-1,2020-07-10,2020-07-13,1,RESIDUAL_REVERTED,57.540000915527344,56.68000030517578,0.014946134804796118,160.21404467276764,10719.429923872773
COO,-1,2020-07-10,2020-07-13,1,RESIDUAL_REVERTED,72.15239715576172,72.75952911376953,-0.008414577781763022,-90.19947687058529,10719.429923872773
MHK,1,2020-07-10,2020-07-14,2,RESIDUAL_REVERTED,73.26000213623047,69.88999938964844,-0.046000582150070746,-493.10001681503655,10719.429923872773
ROST,1,2020-07-15,2020-07-16,1,RESIDUAL_REVERTED,76.86833190917969,78.03400421142578,0.015164532302110345,163.78361533996554,10800.439609810652
WFC,1,2020-07-15,2020-07-16,1,RESIDUAL_REVERTED,21.713001251220703,21.65215301513672,-0.0028023871679445644,-30.26701337069317,10800.439609810652
FRT,1,2020-07-15,2020-07-16,1,RESIDUAL_REVERTED,62.38850402832031,62.194522857666016,-0.00310924542390445,-33.58121743295972,10800.439609810652
XYL,-1,2020-07-15,2020-07-16,1,RESIDUAL_REVERTED,68.92545318603516,69.40772247314453,-0.006996969404142961,-75.57034550113872,10800.439609810652
CAT,-1,2020-07-15,2020-07-16,1,RESIDUAL_REVERTED,124.97808074951172,123.31076049804688,0.013340901392193572,144.0875998268257,10800.439609810652
EW,-1,2020-07-15,2020-07-16,1,RESIDUAL_REVERTED,72.19000244140625,71.95999908447266,0.0031860832408238116,34.41109963434727,10800.439609810652
ALGN,-1,2020-07-15,2020-07-17,2,RESIDUAL_REVERTED,303.5199890136719,312.8299865722656,-0.030673424800942373,-331.2864721886475,10800.439609810654
PLD,1,2020-07-13,2020-07-20,5,RESIDUAL_REVERTED,80.17528533935547,79.71344757080078,-0.005760350793887148,-62.19801735541093,10797.609309039784
INTU,1,2020-07-15,2020-07-20,3,RESIDUAL_REVERTED,276.0513610839844,277.46014404296875,0.00510333639889482,55.11827658481287,10800.439609810652
TT,-1,2020-07-15,2020-07-20,3,RESIDUAL_REVERTED,92.37393951416016,94.2968521118164,-0.020816613514263782,-224.82857714157407,10800.439609810652
PKG,-1,2020-07-17,2020-07-20,1,RESIDUAL_REVERTED,89.37146759033203,87.55606079101562,0.02031304675042389,218.4907633059265,10756.178823906232
HIG,-1,2020-07-17,2020-07-20,1,RESIDUAL_REVERTED,37.0648307800293,36.714263916015625,0.009458207595610002,101.7341722520092,10756.178823906232
KHC,-1,2020-07-17,2020-07-21,2,RESIDUAL_REVERTED,25.483211517333984,25.299135208129883,0.007223434498390913,77.69655318746548,10756.178823906232
DPZ,1,2020-07-20,2020-07-21,1,RESIDUAL_REVERTED,359.3340759277344,362.9173889160156,0.009972093459351905,107.74379529240467,10804.531238258787
ISRG,-1,2020-07-20,2020-07-22,2,RESIDUAL_REVERTED,215.14666748046875,223.14999389648438,-0.03719939755396018,-401.92205291616983,10804.531238258787
AMZN,-1,2020-07-21,2020-07-22,1,RESIDUAL_REVERTED,161.62449645996094,156.25,0.03325298192834503,356.9619513595707,10734.73507214386
NOW,-1,2020-07-21,2020-07-22,1,RESIDUAL_REVERTED,89.44599914550781,88.0,0.01616616907767454,173.5395421803205,10734.735072143858
ADBE,-1,2020-07-21,2020-07-22,1,RESIDUAL_REVERTED,456.07000732421875,447.54998779296875,0.018681385301430598,200.53972199149968,10734.735072143858
FE,1,2020-07-22,2020-07-22,0,STOP_LOSS,22.2940673828125,18.949957275390624,-0.15000000000000002,-1627.0697278174566,10847.13151878304
PPG,1,2020-07-20,2020-07-23,3,RESIDUAL_REVERTED,99.52023315429688,98.32075500488281,-0.012052605901298308,-130.22275696299982,10804.531238258787
DOC,1,2020-07-21,2020-07-23,2,RESIDUAL_REVERTED,18.474124908447266,19.016429901123047,0.029354840641345525,315.1164373698456,10734.735072143858
PEG,1,2020-07-21,2020-07-23,2,RESIDUAL_REVERTED,42.381107330322266,42.78588104248047,0.009550805480455171,102.5253665582665,10734.735072143858
CVX,-1,2020-07-22,2020-07-23,1,RESIDUAL_REVERTED,68.73677825927734,69.15707397460938,-0.006114568153698707,-66.32552494373296,10847.13151878304
FE,1,2020-07-23,2020-07-24,1,RESIDUAL_REVERTED,21.295028686523438,21.47178077697754,0.008300157424345755,88.71426681463062,10688.26315925258
NVR,-1,2020-07-23,2020-07-24,1,RESIDUAL_REVERTED,3757.860107421875,3712.0,0.01220378250145604,130.43723891384448,10688.26315925258
BBY,-1,2020-07-23,2020-07-24,1,RESIDUAL_REVERTED,74.66918182373047,73.66967010498047,0.013385866757044673,143.07166651398467,10688.26315925258
LMT,-1,2020-07-23,2020-07-24,1,RESIDUAL_REVERTED,332.7454528808594,327.8697509765625,0.014652948258447429,156.61456704519745,10688.26315925258
NCLH,1,2020-07-17,2020-07-27,6,RESIDUAL_REVERTED,15.34000015258789,14.279999732971191,-0.06910041780135678,-743.2564506780265,10756.178823906232
HCA,-1,2020-07-23,2020-07-27,2,RESIDUAL_REVERTED,118.81055450439453,118.81055450439453,-0.0,-0.0,10688.26315925258
TRV,1,2020-07-24,2020-07-27,1,RESIDUAL_REVERTED,105.3308334350586,103.72541809082031,-0.015241646646877549,-162.69192470908558,10674.169824191198
AAPL,1,2020-07-24,2020-07-27,1,RESIDUAL_REVERTED,88.02073669433594,90.65442657470703,0.029921243326069158,319.3844326134102,10674.169824191198
ALLE,1,2020-07-24,2020-07-28,2,RESIDUAL_REVERTED,94.5888671875,92.79378509521484,-0.018977731160759403,-202.57152528779156,10674.169824191198
GL,-1,2020-07-24,2020-07-28,2,RESIDUAL_REVERTED,77.18560028076172,75.2269515991211,0.025375830135621946,270.8659202974577,10674.169824191198
AMD,-1,2020-07-27,2020-07-28,1,RESIDUAL_REVERTED,69.27999877929688,68.0999984741211,0.017032337268579778,182.46597127719926,10712.914405106407
NRG,-1,2020-07-27,2020-07-28,1,RESIDUAL_REVERTED,29.032058715820312,28.21744728088379,0.028059030980556066,300.59399718492546,10712.914405106407
CMCSA,-1,2020-07-27,2020-07-28,1,RESIDUAL_REVERTED,33.770057678222656,33.504276275634766,0.007870327173272407,84.31414134744985,10712.914405106407
INTC,1,2020-07-27,2020-07-29,2,RESIDUAL_REVERTED,45.4903450012207,44.11752700805664,-0.03017822777838297,-323.29677108762104,10712.914405106407
HAS,1,2020-07-28,2020-07-29,1,RESIDUAL_REVERTED,56.50307083129883,57.32925033569336,0.014621851383285867,156.77901437013875,10722.240998109906
AVY,1,2020-07-28,2020-07-29,1,RESIDUAL_REVERTED,105.05833435058594,105.90956115722656,0.008102420544761735,86.87610574897126,10722.240998109906
AEP,1,2020-07-28,2020-07-29,1,RESIDUAL_REVERTED,66.767822265625,68.06504821777344,0.019428909138111905,208.32144610921637,10722.240998109906
RVTY,-1,2020-07-28,2020-07-29,1,RESIDUAL_REVERTED,112.87973022460938,117.14958953857422,-0.037826625785414514,-405.58619781653294,10722.240998109906
EXR,-1,2020-07-29,2020-07-30,1,RESIDUAL_REVERTED,78.43624877929688,78.42056274414062,0.00019998451481773039,2.158585512690784,10793.763280413114
DUK,-1,2020-07-29,2020-07-30,1,RESIDUAL_REVERTED,66.27528381347656,66.10282135009766,0.002602213879072668,28.087680615715513,10793.763280413114
LW,1,2020-07-29,2020-07-31,2,RESIDUAL_REVERTED,55.51282501220703,53.41614532470703,-0.037769284611960385,-407.67271737204993,10793.763280413114
WAB,-1,2020-07-29,2020-07-31,2,RESIDUAL_REVERTED,62.228660583496094,60.55881881713867,0.026833966064831016,289.63947757842465,10793.763280413114
STX,1,2020-07-30,2020-07-31,1,RESIDUAL_REVERTED,36.404788970947266,36.917415618896484,0.014081297061172782,150.29980195999593,10673.718572021724
MO,1,2020-07-30,2020-07-31,1,RESIDUAL_REVERTED,25.618186950683594,25.63680648803711,0.0007268093323449243,7.757758268969491,10673.718572021724
CHRW,-1,2020-07-30,2020-07-31,1,RESIDUAL_REVERTED,82.01441955566406,81.2844467163086,0.008900542652259147,95.00188740849049,10673.718572021724
ADP,1,2020-07-30,2020-08-03,2,RESIDUAL_REVERTED,116.96607971191406,116.17335510253906,-0.006777388891954561,-72.3399416858693,10673.718572021724
QCOM,-1,2020-07-31,2020-08-03,1,RESIDUAL_REVERTED,92.51432800292969,94.03783416748047,-0.01646778609798183,-176.0719294332855,10691.900440391502
PSA,-1,2020-07-29,2020-08-04,4,RESIDUAL_REVERTED,149.34088134765625,151.17910766601562,-0.012308929087408327,-132.85966680487786,10793.763280413114
GE,1,2020-07-30,2020-08-04,3,RESIDUAL_REVERTED,31.50262451171875,29.563989639282227,-0.061538836921836926,-656.8482265532273,10673.718572021724
UPS,-1,2020-07-31,2020-08-04,2,RESIDUAL_REVERTED,108.779296875,108.6335678100586,0.001339676474548912,14.323687488211329,10691.900440391502
FLS,1,2020-08-03,2020-08-04,1,RESIDUAL_REVERTED,24.740005493164062,24.890052795410156,0.006064966407851147,64.63387308621026,10656.921859046215
PEG,-1,2020-08-03,2020-08-04,1,RESIDUAL_REVERTED,44.93124771118164,44.178348541259766,0.016756694021975882,178.57477880814383,10656.921859046215
UAA,1,2020-08-03,2020-08-05,2,RESIDUAL_REVERTED,10.619999885559082,10.039999961853027,-0.05461392937439957,-582.0163777584445,10656.921859046215
AAPL,-1,2020-08-03,2020-08-05,2,RESIDUAL_REVERTED,104.67198944091797,105.81110382080078,-0.010882704971665547,-115.9761364980946,10656.921859046215
CBRE,1,2020-08-04,2020-08-05,1,RESIDUAL_REVERTED,41.150001525878906,42.040000915527344,0.02162817391607441,229.16070598375862,10595.471761647077
MCK,-1,2020-08-04,2020-08-05,1,RESIDUAL_REVERTED,153.09706115722656,152.16302490234375,0.006100941767416268,64.64235621611272,10595.471761647077
NWL,1,2020-08-03,2020-08-06,3,RESIDUAL_REVERTED,12.270885467529297,12.472784042358398,0.016453464207074386,175.3432823654047,10656.921859046215
WMB,-1,2020-08-05,2020-08-06,1,RESIDUAL_REVERTED,16.005504608154297,15.637055397033691,0.02302015588642503,244.95251088727116,10640.784193460648
VNO,-1,2020-08-05,2020-08-06,1,RESIDUAL_REVERTED,29.025320053100586,28.075780868530273,0.03271416758999279,348.10439739381843,10640.784193460648
EVRG,1,2020-08-05,2020-08-07,2,RESIDUAL_REVERTED,43.846923828125,42.633304595947266,-0.027678549057055468,-294.52146730424147,10640.784193460648
MOS,-1,2020-08-05,2020-08-07,2,RESIDUAL_REVERTED,13.946935653686523,13.95566177368164,-0.0006256657528072029,-6.657574252860381,10640.784193460648
ANET,1,2020-08-06,2020-08-07,1,RESIDUAL_REVERTED,14.86312484741211,14.688750267028809,-0.011732026890271419,-124.72993622189816,10631.576060001009
MCHP,1,2020-08-06,2020-08-07,1,RESIDUAL_REVERTED,43.297035217285156,43.81389236450195,0.01193747203758777,126.9141419317502,10631.576060001009
AIZ,-1,2020-08-06,2020-08-07,1,RESIDUAL_REVERTED,109.203369140625,106.40947723388672,0.02558430137023049,272.00144595959375,10631.576060001009
DIS,-1,2020-08-06,2020-08-10,2,RESIDUAL_REVERTED,123.09573364257812,125.80081939697266,-0.021975463115960103,-233.63380757107717,10631.576060001009
BIIB,-1,2020-08-10,2020-08-11,1,RESIDUAL_REVERTED,308.0,300.2699890136719,0.025097438267299155,265.3920596832566,10574.468073462745
PWR,-1,2020-08-07,2020-08-11,2,TRAILING_STOP,45.148963928222656,49.26927649551784,-0.09126040132051783,-972.9356562249734,10661.093334532925
IPGP,1,2020-08-05,2020-08-12,5,RESIDUAL_REVERTED,171.10000610351562,160.3800048828125,-0.06265342395264162,-666.6815632614572,10640.784193460648
AES,-1,2020-08-07,2020-08-12,3,RESIDUAL_REVERTED,13.087105751037598,13.533169746398926,-0.034084235571028465,-363.37521665894263,10661.093334532925
NWS,-1,2020-08-10,2020-08-12,2,RESIDUAL_REVERTED,13.867938995361328,14.274153709411621,-0.029291642700920884,-309.7435405601669,10574.468073462745
ULTA,-1,2020-08-11,2020-08-12,1,RESIDUAL_REVERTED,221.92999267578125,217.83999633789062,0.018429218550309767,192.76499800059898,10459.748875101304
RMD,1,2020-08-07,2020-08-13,4,RESIDUAL_REVERTED,167.18653869628906,166.36293029785156,-0.004926284166536066,-52.51957529187286,10661.093334532925
ILMN,1,2020-08-10,2020-08-13,3,RESIDUAL_REVERTED,347.2859802246094,336.6342468261719,-0.030671360218884836,-324.33331940427274,10574.468073462745
ZTS,1,2020-08-10,2020-08-13,3,RESIDUAL_REVERTED,149.79029846191406,149.16983032226562,-0.004142245165538516,-43.80203925544263,10574.468073462747
PPG,-1,2020-08-12,2020-08-13,1,RESIDUAL_REVERTED,108.22039794921875,106.35926055908203,0.017197657977658154,179.37039449263935,10429.931489837953
BR,-1,2020-08-12,2020-08-13,1,RESIDUAL_REVERTED,126.95353698730469,123.96112823486328,0.02357089706559845,245.84284154821444,10429.931489837953
CPAY,1,2020-08-10,2020-08-14,4,RESIDUAL_REVERTED,239.4499969482422,235.13999938964844,-0.017999572409789444,-190.3359037832995,10574.468073462745
COP,-1,2020-08-13,2020-08-14,1,RESIDUAL_REVERTED,33.22029495239258,32.46951675415039,0.022599985921802124,236.62953907436287,10470.340109640814
SHW,-1,2020-08-13,2020-08-14,1,RESIDUAL_REVERTED,210.54383850097656,211.33856201171875,-0.0037746225033248315,-39.52158139531541,10470.340109640814
ABBV,-1,2020-08-13,2020-08-14,1,RESIDUAL_REVERTED,75.45297241210938,75.64329528808594,-0.0025224039543074728,-26.410427295502846,10470.340109640814
HPE,1,2020-08-14,2020-08-17,1,RESIDUAL_REVERTED,7.959179401397705,8.09252643585205,0.016753867167629055,176.12054132343334,10512.232164746136
GPC,1,2020-08-14,2020-08-17,1,RESIDUAL_REVERTED,78.655517578125,79.26458740234375,0.00774351047418631,81.40157987478908,10512.232164746136
KEYS,-1,2020-08-14,2020-08-17,1,RESIDUAL_REVERTED,102.55000305175781,103.5,-0.009263743734485574,-97.38262485162367,10512.232164746136
PAYC,-1,2020-08-14,2020-08-18,2,RESIDUAL_REVERTED,296.0260009765625,291.79241943359375,0.014301384098027059,150.33946991566881,10512.232164746136
MCK,-1,2020-08-17,2020-08-18,1,RESIDUAL_REVERTED,154.05992126464844,149.80404663085938,0.027624800784353254,291.1390537408363,10539.046272715132
AMAT,-1,2020-08-17,2020-08-18,1,RESIDUAL_REVERTED,64.57723999023438,63.90395736694336,0.010426004942187594,109.88014852527134,10539.046272715132
CINF,1,2020-08-13,2020-08-19,4,RESIDUAL_REVERTED,68.50173950195312,67.24395751953125,-0.018361314494590553,-192.24920761844024,10470.340109640814
CSCO,1,2020-08-14,2020-08-19,3,RESIDUAL_REVERTED,35.80615234375,35.477500915527344,-0.009178630115503683,-96.48789072850528,10512.232164746136
CB,1,2020-08-18,2020-08-19,1,RESIDUAL_REVERTED,114.85305786132812,114.43321228027344,-0.0036555019855161186,-38.62974799196237,10567.563126766514
BRK-B,1,2020-08-18,2020-08-19,1,RESIDUAL_REVERTED,206.9499969482422,209.19000244140625,0.010823897203169786,114.38221697212762,10567.563126766514
GM,-1,2020-08-18,2020-08-19,1,RESIDUAL_REVERTED,29.281837463378906,28.419198989868164,0.029459847749977897,311.3188008028221,10567.563126766514
AXP,1,2020-08-18,2020-08-20,2,RESIDUAL_REVERTED,91.1814193725586,88.90629577636719,-0.024951614175860448,-263.6777579181271,10567.563126766514
DVA,-1,2020-08-18,2020-08-20,2,RESIDUAL_REVERTED,86.16000366210938,86.18000030517578,-0.00023208730520507537,-2.4525972486767245,10567.563126766514
GOOG,-1,2020-08-19,2020-08-20,1,RESIDUAL_REVERTED,76.93677520751953,76.44840240478516,0.006347716048886842,67.09924784790519,10570.612694572468
ORCL,-1,2020-08-19,2020-08-21,2,RESIDUAL_REVERTED,51.1396598815918,50.95564270019531,0.00359832626620038,38.03651330871104,10570.612694572468
STZ,-1,2020-08-19,2020-08-21,2,RESIDUAL_REVERTED,160.0606231689453,160.78823852539062,-0.004545873569899328,-48.05266886589851,10570.612694572468
GILD,1,2020-08-20,2020-08-21,1,RESIDUAL_REVERTED,52.2345085144043,52.18690872192383,-0.000911270993721347,-9.631937517776166,10569.783943678543
REG,1,2020-08-20,2020-08-21,1,RESIDUAL_REVERTED,31.542442321777344,32.374149322509766,0.026367869432805557,278.7026829598793,10569.783943678543
TGT,-1,2020-08-20,2020-08-21,1,RESIDUAL_REVERTED,130.69354248046875,128.5003204345703,0.01678141095782293,177.37588809426816,10569.783943678543
TJX,1,2020-08-20,2020-08-24,2,RESIDUAL_REVERTED,49.101478576660156,47.399444580078125,-0.034663599669910394,-366.38675922112014,10569.783943678543
EL,1,2020-08-21,2020-08-24,1,RESIDUAL_REVERTED,185.05665588378906,194.2186737060547,0.049509258548469326,524.0769872652902,10585.433969935575
SNPS,-1,2020-08-21,2020-08-24,1,RESIDUAL_REVERTED,213.61000061035156,214.89999389648438,-0.006039011668212524,-63.9255592575349,10585.433969935575
JKHY,1,2020-08-20,2020-08-26,4,RESIDUAL_REVERTED,157.7443084716797,153.53045654296875,-0.026713178874960608,-282.3525291571711,10569.783943678543
KEYS,1,2020-08-24,2020-08-26,2,RESIDUAL_REVERTED,97.1500015258789,97.58999633789062,0.004529025271239995,47.99642380168786,10597.517330378243
NWS,1,2020-08-24,2020-08-26,2,RESIDUAL_REVERTED,13.877387046813965,14.085216522216797,0.014976124446319794,158.70973836177512,10597.517330378243
DE,-1,2020-08-24,2020-08-26,2,RESIDUAL_REVERTED,189.2136688232422,191.26902770996094,-0.010862634288005824,-115.1169551207038,10597.517330378243
ULTA,-1,2020-08-24,2020-08-26,2,RESIDUAL_REVERTED,214.94000244140625,219.02000427246094,-0.018982049803255796,-201.16260175610583,10597.517330378243
HUM,1,2020-08-25,2020-08-26,1,RESIDUAL_REVERTED,386.5680236816406,382.06866455078125,-0.011639242915148174,-122.69949588299038,10541.879465656648
IP,-1,2020-08-25,2020-08-26,1,RESIDUAL_REVERTED,27.260725021362305,26.2707462310791,0.03631520399796506,382.8305033172803,10541.879465656648
VFC,-1,2020-08-25,2020-08-26,1,RESIDUAL_REVERTED,54.554054260253906,52.65081787109375,0.034887166773721945,367.77630702683865,10541.879465656648
FRT,-1,2020-08-21,2020-08-27,4,RESIDUAL_REVERTED,62.57469940185547,62.38850021362305,0.0029756305665433747,31.498340881066426,10585.433969935575
AMCR,1,2020-08-25,2020-08-27,2,RESIDUAL_REVERTED,40.365604400634766,40.9581184387207,0.014678686145886521,154.74094006414086,10541.879465656648
NFLX,-1,2020-08-27,2020-08-28,1,RESIDUAL_REVERTED,53.77799987792969,53.20000076293945,0.010747873039202438,114.74519224620478,10676.083707695085
ADBE,-1,2020-08-27,2020-08-28,1,RESIDUAL_REVERTED,519.010009765625,512.3300170898438,0.012870643244044189,137.40806464529598,10676.083707695085
META,-1,2020-08-27,2020-08-28,1,RESIDUAL_REVERTED,297.31243896484375,292.2013244628906,0.017191055038761727,183.53314261741392,10676.083707695085
CRM,-1,2020-08-27,2020-08-31,2,RESIDUAL_REVERTED,261.9983825683594,264.9421691894531,-0.011235896161785108,-119.95536795418833,10676.083707695085
DGX,1,2020-08-28,2020-08-31,1,RESIDUAL_REVERTED,98.14967346191406,98.06062316894531,-0.0009072907716122236,-9.713876854876043,10706.464960086154
COTY,1,2020-08-28,2020-08-31,1,RESIDUAL_REVERTED,3.609999895095825,3.75,0.038781193621186594,415.20949061555183,10706.464960086154
RVTY,1,2020-08-28,2020-08-31,1,RESIDUAL_REVERTED,113.22486877441406,115.44361114501953,0.01959589262166439,209.8027377154615,10706.464960086154
ABT,-1,2020-08-28,2020-08-31,1,RESIDUAL_REVERTED,101.50374603271484,98.96480560302734,0.025013268267647937,267.8036802448074,10706.464960086154
DLTR,1,2020-08-28,2020-09-01,2,RESIDUAL_REVERTED,97.22000122070312,96.22000122070312,-0.010285949263977634,-110.12615537600095,10706.464960086154
LOW,1,2020-08-28,2020-09-01,2,RESIDUAL_REVERTED,148.64865112304688,147.15396118164062,-0.010055186711173003,-107.65550419029749,10706.464960086154
HPQ,-1,2020-08-31,2020-09-01,1,RESIDUAL_REVERTED,15.806402206420898,15.590855598449707,0.013636664761297324,146.65590706617192,10754.529031350941
SWK,-1,2020-08-31,2020-09-01,1,RESIDUAL_REVERTED,135.09884643554688,131.4437713623047,0.027054820745534336,290.9618551458444,10754.52903135094
KO,-1,2020-08-31,2020-09-02,2,RESIDUAL_REVERTED,41.367130279541016,41.00163269042969,0.00883545913486028,95.02120177117033,10754.529031350943
DINO,1,2020-09-01,2020-09-02,1,RESIDUAL_REVERTED,19.66212272644043,19.481285095214844,-0.009197258797617347,-99.52677505325879,10821.352018390791
WST,-1,2020-09-01,2020-09-02,1,RESIDUAL_REVERTED,281.1233825683594,279.4000549316406,0.006130146916184409,66.33647770448393,10821.352018390791
NDAQ,-1,2020-09-01,2020-09-02,1,RESIDUAL_REVERTED,41.19287872314453,41.40091323852539,-0.005050254360202677,-54.65058021416577,10821.352018390791
ABBV,1,2020-09-02,2020-09-03,1,RESIDUAL_REVERTED,73.01821899414062,74.45368194580078,0.01965896965763214,213.28533601018253,10849.263197645683
NI,1,2020-09-02,2020-09-03,1,RESIDUAL_REVERTED,17.545612335205078,18.41469383239746,0.04953269686966588,537.3932652282051,10849.263197645683
CVS,1,2020-09-02,2020-09-04,2,RESIDUAL_REVERTED,49.68909454345703,49.81270980834961,0.002487774551505728,26.990520885691375,10849.263197645683
ATO,1,2020-09-02,2020-09-04,2,RESIDUAL_REVERTED,83.97789764404297,84.83050537109375,0.01015276341716409,110.15000249624067,10849.263197645683
ALB,-1,2020-09-02,2020-09-04,2,RESIDUAL_REVERTED,90.05904388427734,86.38240051269531,0.04082481018015682,442.9191106384457,10849.263197645683
FANG,1,2020-09-03,2020-09-04,1,RESIDUAL_REVERTED,28.607112884521484,28.504833221435547,-0.0035753228051642605,-38.78919870359093,10849.145886229715
DXC,-1,2020-09-03,2020-09-04,1,RESIDUAL_REVERTED,22.600000381469727,21.100000381469727,0.0663716802956289,720.0760422414762,10849.145886229715
IBM,-1,2020-09-03,2020-09-04,1,RESIDUAL_REVERTED,96.25418853759766,93.37085723876953,0.029955385242293908,324.9903445718589,10849.145886229715
EMN,-1,2020-09-02,2020-09-11,6,RESIDUAL_REVERTED,61.44093322753906,63.08488464355469,-0.02675661533211815,-290.28956201631274,10849.263197645683
BF-B,-1,2020-09-03,2020-09-11,5,RESIDUAL_REVERTED,69.93293762207031,69.65945434570312,0.003910650484112876,42.42721761219587,10849.145886229715
LUV,1,2020-09-10,2020-09-11,1,RESIDUAL_REVERTED,36.28190994262695,35.85041809082031,-0.011892754612118361,-130.69443525922372,10989.416625652877
AKAM,-1,2020-09-10,2020-09-11,1,RESIDUAL_REVERTED,109.16000366210938,106.83000183105469,0.02134483100849749,234.56724075653295,10989.416625652877
EOG,1,2020-09-11,2020-09-14,1,RESIDUAL_REVERTED,29.20359230041504,29.83351707458496,0.02157011259744812,238.10653965082042,11038.724929001517
PNR,1,2020-09-11,2020-09-14,1,RESIDUAL_REVERTED,40.49587631225586,41.3180046081543,0.02030153118700695,224.10301841091518,11038.724929001519
DOV,-1,2020-09-10,2020-09-15,3,RESIDUAL_REVERTED,103.3916015625,105.69084930419922,-0.022238244760231618,-244.38533669342712,10989.416625652877
SHW,-1,2020-09-10,2020-09-15,3,RESIDUAL_REVERTED,220.21141052246094,227.74757385253906,-0.03422240161033563,-376.0842292263911,10989.416625652877
KIM,1,2020-09-14,2020-09-15,1,RESIDUAL_REVERTED,9.194708824157715,9.603877067565918,0.044500402485087465,489.7805891591106,11006.20582753699
HII,-1,2020-09-14,2020-09-15,1,RESIDUAL_REVERTED,129.7548828125,128.67654418945312,0.00831058222760761,91.46797854372059,11006.20582753699
XYL,-1,2020-09-14,2020-09-15,1,RESIDUAL_REVERTED,79.14942169189453,78.61908721923828,0.006700421321089167,73.74621619112501,11006.20582753699
TAP,1,2020-09-11,2020-09-17,4,RESIDUAL_REVERTED,29.9571590423584,29.006267547607422,-0.031741711335392275,-350.3880202071647,11038.724929001517
AVY,-1,2020-09-14,2020-09-17,3,RESIDUAL_REVERTED,109.227294921875,114.3694076538086,-0.0470771773265235,-518.1411034351756,11006.20582753699
C,1,2020-09-15,2020-09-17,2,RESIDUAL_REVERTED,39.166690826416016,37.001609802246094,-0.055278630348563396,-611.7661679885884,11066.955967089852
CFG,1,2020-09-16,2020-09-17,1,RESIDUAL_REVERTED,20.898984909057617,21.141088485717773,0.011584465834760582,126.30363821023133,10902.84524222441
NEE,-1,2020-09-16,2020-09-17,1,RESIDUAL_REVERTED,61.02369689941406,59.57296371459961,0.023773275932556293,259.19634839336,10902.845242224412
AMT,-1,2020-09-16,2020-09-17,1,RESIDUAL_REVERTED,222.09095764160156,217.5821533203125,0.020301611417089416,221.34532744830224,10902.845242224412
SBAC,-1,2020-09-16,2020-09-17,1,RESIDUAL_REVERTED,292.8101806640625,293.36688232421875,-0.0019012373780642466,-20.728896901766593,10902.845242224412
CMCSA,-1,2020-09-16,2020-09-17,1,RESIDUAL_REVERTED,36.7796630859375,35.91196060180664,0.02359190953172763,257.2189385929852,10902.84524222441
KR,1,2020-09-15,2020-09-18,3,RESIDUAL_REVERTED,28.830663681030273,28.531896591186523,-0.010362823872151483,-114.68491548780754,11066.955967089852
GEN,1,2020-09-14,2020-09-21,5,RESIDUAL_REVERTED,18.82306671142578,18.18828582763672,-0.033723563408705526,-371.1684801142085,11006.20582753699
CPRT,1,2020-09-18,2020-09-21,1,RESIDUAL_REVERTED,25.479999542236328,25.522499084472656,0.0016679569466191424,18.33391323730306,10991.838413134006
GPN,-1,2020-09-18,2020-09-21,1,RESIDUAL_REVERTED,172.9036865234375,166.82388305664062,0.03516294874356396,386.50545071856794,10991.838413134006
FMC,-1,2020-09-18,2020-09-21,1,RESIDUAL_REVERTED,94.38251495361328,90.7540054321289,0.03844472170791058,422.57816885125874,10991.838413134006
AMT,1,2020-09-18,2020-09-22,2,RESIDUAL_REVERTED,208.40516662597656,202.80682373046875,-0.026862783615893338,-295.2713768328836,10991.838413134006
MKC,1,2020-09-18,2020-09-22,2,RESIDUAL_REVERTED,84.64459991455078,83.60205078125,-0.012316782575063745,-135.38408383480527,10991.838413134006
MET,-1,2020-09-18,2020-09-22,2,RESIDUAL_REVERTED,32.51532745361328,30.90656089782715,0.04947717528237161,543.8451158421362,10991.838413134006
NUE,-1,2020-09-18,2020-09-22,2,RESIDUAL_REVERTED,44.2149543762207,41.365577697753906,0.06444373218666544,708.3550909351093,10991.838413134006
F,-1,2020-09-18,2020-09-22,2,RESIDUAL_REVERTED,5.360684394836426,5.0526838302612305,0.05745545566380872,631.5410846095701,10991.838413134008
HRB,1,2020-09-21,2020-09-22,1,RESIDUAL_REVERTED,11.011926651000977,11.488249778747559,0.043255203457361,476.39606350432393,11013.612824037102
FRT,1,2020-09-22,2020-09-23,1,RESIDUAL_REVERTED,57.93361282348633,57.96506881713867,0.0005429662007820912,6.104945056881293,11243.692605706805
CAG,-1,2020-09-22,2020-09-23,1,RESIDUAL_REVERTED,26.22074317932129,26.50542640686035,-0.010857176152183845,-122.07475122116497,11243.692605706805
AMZN,-1,2020-09-23,2020-09-24,1,RESIDUAL_REVERTED,156.02149963378906,148.88949584960938,0.04571167307659396,513.1550651914592,11225.9086280133
UHS,1,2020-09-22,2020-09-25,3,RESIDUAL_REVERTED,104.41777801513672,98.48734283447266,-0.05679526315724104,-638.5884804002426,11243.692605706805
HCA,1,2020-09-23,2020-09-25,2,RESIDUAL_REVERTED,115.75951385498047,110.34172821044922,-0.046802076685623084,-525.3958364740769,11225.9086280133
PGR,1,2020-09-23,2020-09-25,2,RESIDUAL_REVERTED,80.3073959350586,77.65430450439453,-0.033036701038214655,-370.8669872259894,11225.9086280133
KMX,-1,2020-09-23,2020-09-25,2,RESIDUAL_REVERTED,108.27999877929688,95.25,0.12033615557990018,1350.8826871863525,11225.9086280133
ALB,1,2020-09-24,2020-09-25,1,RESIDUAL_REVERTED,74.63427734375,77.34675598144531,0.036343604228954884,404.5129936034291,11130.238791263115
NKE,-1,2020-09-24,2020-09-25,1,RESIDUAL_REVERTED,114.48374938964844,111.95757293701172,0.022065808170195544,245.59771405648058,11130.238791263117
COST,-1,2020-09-22,2020-09-28,4,RESIDUAL_REVERTED,312.15338134765625,314.95703125,-0.008981641942302776,-100.98682109377611,11243.692605706805
CFG,1,2020-09-23,2020-09-28,3,RESIDUAL_REVERTED,19.3057861328125,19.49321937561035,0.00970865633279172,108.98848889270191,11225.9086280133
CMCSA,-1,2020-09-23,2020-09-28,3,RESIDUAL_REVERTED,36.115211486816406,36.65458297729492,-0.014934745451384401,-167.6560878198781,11225.9086280133
GS,-1,2020-09-25,2020-09-28,1,RESIDUAL_REVERTED,167.96092224121094,172.15646362304688,-0.024979270927142583,-282.9161642027311,11326.037698534794
NOV,1,2020-09-28,2020-09-29,1,RESIDUAL_REVERTED,8.897100448608398,8.770256996154785,-0.014256718038229255,-161.2404260659413,11309.785718815241
APA,1,2020-09-28,2020-09-29,1,RESIDUAL_REVERTED,8.66368293762207,8.672222137451172,0.0009856316177061508,11.147282393945716,11309.785718815241
SLB,1,2020-09-28,2020-09-29,1,RESIDUAL_REVERTED,14.371570587158203,14.362785339355469,-0.0006112935082115412,-6.913598589175858,11309.785718815241
NCLH,-1,2020-09-28,2020-09-29,1,RESIDUAL_REVERTED,16.920000076293945,16.600000381469727,0.0189125114291554,213.89645166839128,11309.785718815241
BA,-1,2020-09-28,2020-09-30,2,RESIDUAL_REVERTED,160.3300018310547,164.5,-0.026008845015416338,-294.1544639182342,11309.785718815241
DVN,-1,2020-09-29,2020-09-30,1,RESIDUAL_REVERTED,7.340281963348389,7.227469444274902,0.015368962614349613,173.489250365028,11288.286315632338
PM,1,2020-09-28,2020-10-01,3,RESIDUAL_REVERTED,58.04655838012695,56.82933044433594,-0.02096985540158658,-237.1645711464845,11309.785718815241
LLY,1,2020-09-29,2020-10-01,2,RESIDUAL_REVERTED,139.040283203125,139.369140625,0.002365195282251875,26.699001538442342,11288.286315632338
PCAR,-1,2020-09-29,2020-10-01,2,RESIDUAL_REVERTED,46.79678726196289,46.661155700683594,0.0028983092475995953,32.7169446181489,11288.286315632338
TPR,1,2020-09-30,2020-10-02,2,RESIDUAL_REVERTED,13.607829093933105,13.327797889709473,-0.02057868321909495,-231.70013750805313,11259.230488229638
HAS,-1,2020-09-30,2020-10-02,2,RESIDUAL_REVERTED,66.73738861083984,64.62480163574219,0.03165522384186481,356.4134613920583,11259.230488229638
MU,1,2020-10-01,2020-10-02,1,RESIDUAL_REVERTED,45.9289665222168,45.69493865966797,-0.005095430624062147,-57.27930710963629,11241.308406623453
NRG,-1,2020-10-01,2020-10-02,1,RESIDUAL_REVERTED,26.088815689086914,25.63126564025879,0.017538168626777484,197.15196242097375,11241.308406623453
NOV,1,2020-09-30,2020-10-05,3,RESIDUAL_REVERTED,8.444090843200684,8.05450439453125,-0.046137169282485235,-519.4690230259699,11259.230488229638
WMB,1,2020-10-02,2020-10-05,1,RESIDUAL_REVERTED,13.852062225341797,14.513120651245117,0.047722744465725775,532.7551225465636,11163.547455431544
VLO,1,2020-10-02,2020-10-05,1,RESIDUAL_REVERTED,31.658802032470703,33.44183349609375,0.0563202442655375,628.7337195598247,11163.547455431544
DUK,-1,2020-10-01,2020-10-06,3,RESIDUAL_REVERTED,69.8184814453125,72.74508666992188,-0.0419173428585915,-471.2057786596026,11241.308406623453
MAA,-1,2020-10-02,2020-10-06,2,RESIDUAL_REVERTED,95.66584014892578,100.54532623291016,-0.05100552168243477,-569.4025617909034,11163.547455431544
ADI,1,2020-10-05,2020-10-06,1,RESIDUAL_REVERTED,104.3138656616211,104.85641479492188,0.00520112192046196,57.75573105885975,11104.475523182884
TXN,1,2020-10-05,2020-10-06,1,RESIDUAL_REVERTED,120.536376953125,121.85790252685547,0.01096370744778885,121.7462209973099,11104.475523182884
PAYC,-1,2020-09-30,2020-10-07,5,RESIDUAL_REVERTED,294.254638671875,332.83331298828125,-0.13110642704064746,-1476.157480538912,11259.230488229638
RHI,-1,2020-10-05,2020-10-07,2,RESIDUAL_REVERTED,44.53193283081055,44.878082275390625,-0.007773061319731989,-86.31576916516391,11104.475523182884
URI,-1,2020-10-05,2020-10-07,2,RESIDUAL_REVERTED,180.2125244140625,190.4361572265625,-0.05673097830320506,-629.9677599741603,11104.475523182884
SCHW,1,2020-10-06,2020-10-07,1,RESIDUAL_REVERTED,34.31831741333008,34.6417236328125,0.009423720154671855,104.30308069974618,11068.142834020633
YUM,1,2020-10-06,2020-10-08,2,RESIDUAL_REVERTED,84.52574157714844,84.19499969482422,-0.003912913109698546,-43.308681195255765,11068.142834020633
BA,1,2020-10-07,2020-10-08,1,RESIDUAL_REVERTED,163.7100067138672,166.22000122070312,0.015331955310605494,169.41051871008986,11049.505120387637
SNA,-1,2020-10-07,2020-10-08,1,RESIDUAL_REVERTED,135.27288818359375,135.53834533691406,-0.0019623825356640534,-21.683355875978563,11049.505120387637
DHI,1,2020-10-06,2020-10-09,3,RESIDUAL_REVERTED,71.38514709472656,73.81133270263672,0.03398726074894354,376.17585650640945,11068.142834020633
PAYX,1,2020-10-07,2020-10-09,2,RESIDUAL_REVERTED,67.03870391845703,68.79740905761719,0.026234175727791076,289.8746590333763,11049.505120387637
STE,-1,2020-10-07,2020-10-09,2,RESIDUAL_REVERTED,172.97926330566406,177.6095428466797,-0.026767830157963246,-295.77127639208186,11049.505120387637
ARE,1,2020-10-08,2020-10-09,1,RESIDUAL_REVERTED,128.5402374267578,131.30604553222656,0.021517060811753197,237.6658462393492,11045.460544942507
PM,-1,2020-10-08,2020-10-09,1,RESIDUAL_REVERTED,60.047367095947266,60.146270751953125,-0.0016470939657990957,-18.192911413047064,11045.460544942507
MLM,-1,2020-10-08,2020-10-12,2,RESIDUAL_REVERTED,260.0277404785156,264.5060119628906,-0.01722228357687472,-190.22805374218183,11045.460544942507
IBM,-1,2020-10-09,2020-10-12,1,RESIDUAL_REVERTED,99.11499786376953,96.16407012939453,0.0297727669674267,330.1514168145839,11089.040436711548
BMY,-1,2020-10-08,2020-10-13,3,RESIDUAL_REVERTED,48.450599670410156,49.015933990478516,-0.011668262599722201,-128.8813341732598,11045.460544942507
AMGN,1,2020-10-09,2020-10-13,2,RESIDUAL_REVERTED,198.32485961914062,198.90695190429688,0.0029350444834503886,32.54682696052956,11089.040436711548
DPZ,1,2020-10-09,2020-10-13,2,RESIDUAL_REVERTED,371.00079345703125,362.3655700683594,-0.023275484961117754,-258.102793917906,11089.040436711548
WY,1,2020-10-12,2020-10-13,1,RESIDUAL_REVERTED,23.287410736083984,23.295324325561523,0.0003398226435400442,3.7720040107120814,11099.919568095233
EBAY,-1,2020-10-12,2020-10-13,1,RESIDUAL_REVERTED,50.87358093261719,50.28518295288086,0.011565884864988552,128.3803917352231,11099.919568095233
IFF,-1,2020-10-12,2020-10-13,1,RESIDUAL_REVERTED,102.73804473876953,100.98556518554688,0.017057746793591955,189.33961742180543,11099.919568095233
CF,1,2020-10-13,2020-10-14,1,RESIDUAL_REVERTED,25.69780158996582,25.636552810668945,-0.0023834248654480694,-26.544084682513265,11136.950472958728
MHK,1,2020-10-12,2020-10-15,3,RESIDUAL_REVERTED,106.36000061035156,102.66999816894531,-0.03469351654974617,-385.0952432365639,11099.919568095233
F,-1,2020-10-13,2020-10-15,2,RESIDUAL_REVERTED,5.73468542098999,5.44135046005249,0.05115101167778813,569.6662836972592,11136.950472958728
WAT,-1,2020-10-14,2020-10-15,1,RESIDUAL_REVERTED,215.44000244140625,210.05999755859375,0.0249721723999502,277.9518074869119,11130.461660895213
DIS,-1,2020-10-14,2020-10-15,1,RESIDUAL_REVERTED,125.20939636230469,121.19540405273438,0.032058235453475525,356.82296063086164,11130.461660895213
WRB,1,2020-10-14,2020-10-16,2,RESIDUAL_REVERTED,24.226411819458008,24.195276260375977,-0.0012851906965860582,-14.30476577529093,11130.461660895213
BAC,1,2020-10-15,2020-10-16,1,RESIDUAL_REVERTED,20.448883056640625,20.977659225463867,0.02585843771313101,288.3327034758627,11150.43014874197
FAST,1,2020-10-14,2020-10-19,3,RESIDUAL_REVERTED,19.639589309692383,19.45037841796875,-0.009634157249421405,-107.23261789972109,11130.461660895213
VRTX,1,2020-10-16,2020-10-19,1,RESIDUAL_REVERTED,217.7899932861328,219.0800018310547,0.0059231763840823515,66.19662208404749,11175.865412676385
MS,-1,2020-10-13,2020-10-20,5,RESIDUAL_REVERTED,42.55850601196289,42.9248161315918,-0.008607212845440193,-95.85810316988044,11136.950472958728
RCL,1,2020-10-14,2020-10-20,4,RESIDUAL_REVERTED,59.30928039550781,58.77758026123047,-0.008964872457255746,-99.78316918030008,11130.461660895213
BLK,-1,2020-10-14,2020-10-20,4,RESIDUAL_REVERTED,557.2665405273438,552.742919921875,0.008117516980632011,90.35171153459008,11130.461660895213
IT,-1,2020-10-16,2020-10-20,2,RESIDUAL_REVERTED,130.27000427246094,125.18000030517578,0.03907272434442666,436.6715085799171,11175.865412676385
CHRW,1,2020-10-19,2020-10-20,1,RESIDUAL_REVERTED,87.57212829589844,87.93022918701172,0.004089210780664043,45.64024147328191,11161.136933584678
SCHW,-1,2020-10-16,2020-10-21,3,RESIDUAL_REVERTED,36.295719146728516,36.1571159362793,0.0038187206014269615,42.677507490162206,11175.865412676385
ROST,1,2020-10-20,2020-10-21,1,RESIDUAL_REVERTED,86.447509765625,86.52269744873047,0.0008697495544904843,9.822751460817532,11293.770040010291
PH,-1,2020-10-16,2020-10-22,4,RESIDUAL_REVERTED,206.9251708984375,206.73995971679688,0.0008950635673584673,10.003109964588722,11175.865412676385
JBHT,1,2020-10-19,2020-10-22,3,RESIDUAL_REVERTED,118.56482696533203,118.5363998413086,-0.00023976017804794303,-2.675996178414294,11161.136933584678
ZBH,1,2020-10-20,2020-10-22,2,RESIDUAL_REVERTED,132.68716430664062,131.93751525878906,-0.0056497480503775455,-63.80695526496002,11293.770040010291
PM,1,2020-10-21,2020-10-22,1,RESIDUAL_REVERTED,56.24352264404297,56.874977111816406,0.011227150044811784,126.46204606886467,11263.949048877714
IQV,-1,2020-10-21,2020-10-22,1,RESIDUAL_REVERTED,173.89999389648438,169.8699951171875,0.02317423186165135,261.03336693651875,11263.949048877712
TRV,-1,2020-10-21,2020-10-23,2,RESIDUAL_REVERTED,105.31515502929688,113.25155639648438,-0.07535858789724736,-848.8352944699668,11263.949048877714
PNR,-1,2020-10-21,2020-10-23,2,RESIDUAL_REVERTED,47.67319869995117,48.332969665527344,-0.013839452429627919,-155.88688703169532,11263.949048877714
CB,-1,2020-10-22,2020-10-23,1,RESIDUAL_REVERTED,117.16614532470703,118.5718002319336,-0.011997108066762907,-134.92942467525702,11246.829146189695
UNP,1,2020-10-22,2020-10-26,2,RESIDUAL_REVERTED,170.0641632080078,163.52426147460938,-0.03845549591420616,-432.50239227907275,11246.829146189693
GPC,1,2020-10-23,2020-10-26,1,RESIDUAL_REVERTED,82.11231231689453,82.2048110961914,0.0011264909815216217,12.614514528578006,11198.06082383181
CINF,1,2020-10-23,2020-10-26,1,RESIDUAL_REVERTED,66.65513610839844,66.51717376708984,-0.0020697931076794074,-23.177669112541505,11198.06082383181
SNA,-1,2020-10-23,2020-10-26,1,RESIDUAL_REVERTED,146.3436737060547,143.5952606201172,0.01878053909906585,210.30561913569122,11198.06082383181
KMB,1,2020-10-23,2020-10-27,2,RESIDUAL_REVERTED,110.24647521972656,108.68696594238281,-0.014145661112843544,-158.4039735349338,11198.06082383181
ALGN,-1,2020-10-23,2020-10-27,2,RESIDUAL_REVERTED,451.3399963378906,455.3500061035156,-0.008884676293175131,-99.49114553103146,11198.06082383181
ITW,-1,2020-10-26,2020-10-27,1,RESIDUAL_REVERTED,178.24099731445312,175.33677673339844,0.016293785519675086,181.46919698005257,11137.325746734816
IBM,1,2020-10-21,2020-10-28,5,RESIDUAL_REVERTED,87.59664154052734,81.58966064453125,-0.06857547036454492,-772.4306041890571,11263.949048877714
EG,-1,2020-10-26,2020-10-28,2,RESIDUAL_REVERTED,188.0768585205078,176.6417236328125,0.06080032906572841,677.1530703136857,11137.325746734816
MSI,-1,2020-10-26,2020-10-29,3,RESIDUAL_REVERTED,160.29550170898438,152.3216094970703,0.0497449530829045,554.0257467403476,11137.325746734816
PRGO,1,2020-11-05,2020-11-06,1,RESIDUAL_REVERTED,34.94626235961914,35.82785415649414,0.025227069716436734,283.2164909907513,11226.68998715382
J,1,2020-11-05,2020-11-06,1,RESIDUAL_REVERTED,76.3314437866211,77.00146484375,0.008777785718319553,98.54547903323872,11226.68998715382
JCI,1,2020-11-05,2020-11-06,1,RESIDUAL_REVERTED,38.05872344970703,38.86505126953125,0.021186412647017594,237.85328672798167,11226.689987153819
CAT,1,2020-11-05,2020-11-06,1,RESIDUAL_REVERTED,142.4993438720703,148.16607666015625,0.039766728983491095,446.44873810082015,11226.689987153817
BIIB,-1,2020-11-05,2020-11-06,1,RESIDUAL_REVERTED,348.0,328.8999938964844,0.054885075010102424,616.1777220601026,11226.689987153819
CI,-1,2020-11-05,2020-11-06,1,RESIDUAL_REVERTED,187.5660858154297,191.24542236328125,-0.019616214369756246,-220.22515745080514,11226.689987153819
UNH,-1,2020-11-05,2020-11-06,1,RESIDUAL_REVERTED,322.48748779296875,315.54364013671875,0.021532145956335014,241.73472740992057,11226.689987153819
LLY,-1,2020-11-05,2020-11-06,1,RESIDUAL_REVERTED,138.75840759277344,136.28729248046875,0.01780875952076999,199.93342219545875,11226.689987153819
ELV,-1,2020-11-05,2020-11-06,1,RESIDUAL_REVERTED,301.8330078125,291.925537109375,0.03282434474257223,368.5087424563208,11226.689987153817
FLS,1,2020-11-09,2020-11-10,1,RESIDUAL_REVERTED,28.667604446411133,29.00528907775879,0.01177931110284769,135.08719619111253,11468.174582676129
DXC,1,2020-11-09,2020-11-10,1,RESIDUAL_REVERTED,19.09000015258789,19.649999618530273,0.02933470201499544,336.4154840387487,11468.174582676129
REG,1,2020-11-09,2020-11-10,1,RESIDUAL_REVERTED,29.816240310668945,36.054107666015625,0.2092103930727518,2399.2613122686153,11468.174582676129
NWS,-1,2020-11-09,2020-11-10,1,RESIDUAL_REVERTED,15.224529266357422,15.186490058898926,0.0024985473634677735,28.653777367334182,11468.174582676129
MTD,-1,2020-11-09,2020-11-10,1,RESIDUAL_REVERTED,1182.47998046875,1182.1099853515625,0.00031289757399599605,3.58836400508186,11468.174582676129
NWSA,-1,2020-11-09,2020-11-10,1,RESIDUAL_REVERTED,15.118412017822266,14.919113159179688,0.013182525943044476,151.17950895549188,11468.174582676129
CVS,-1,2020-11-09,2020-11-10,1,RESIDUAL_REVERTED,57.340599060058594,56.88352584838867,0.007971197008095121,91.41507892174066,11468.174582676129
MCHP,-1,2020-11-09,2020-11-10,1,RESIDUAL_REVERTED,58.06395721435547,55.22701644897461,0.04885889459631021,560.3223331470567,11468.174582676129
VMC,1,2020-11-05,2020-11-11,4,RESIDUAL_REVERTED,126.71115112304688,133.9613037109375,0.05721795219783088,642.3682110248342,11226.689987153819
GEN,1,2020-11-09,2020-11-12,3,RESIDUAL_REVERTED,18.003141403198242,17.765098571777344,-0.013222294159096593,-151.63557780001878,11468.174582676129
CDW,1,2020-11-11,2020-11-12,1,RESIDUAL_REVERTED,127.86345672607422,127.99287414550781,0.0010121532981142156,11.967361692219292,11823.665164669157
ADSK,1,2020-11-11,2020-11-12,1,RESIDUAL_REVERTED,252.83999633789062,247.97999572753906,-0.019221644837618013,-227.27029247418636,11823.665164669157
PAYC,1,2020-11-11,2020-11-12,1,RESIDUAL_REVERTED,377.1344909667969,372.5700988769531,-0.012102823261120443,-143.0997297866568,11823.665164669157
LUMN,-1,2020-11-11,2020-11-12,1,RESIDUAL_REVERTED,8.31779956817627,8.173951148986816,0.01729404730306494,204.47902465338893,11823.665164669157
BRK-B,-1,2020-11-11,2020-11-12,1,RESIDUAL_REVERTED,228.5,225.00999450683594,0.015273547016035338,180.58930579443296,11823.665164669157
O,-1,2020-11-11,2020-11-12,1,RESIDUAL_REVERTED,46.437339782714844,45.412147521972656,0.022076894704545325,261.0298108622011,11823.665164669157
EXR,-1,2020-11-11,2020-11-13,2,RESIDUAL_REVERTED,91.88624572753906,93.0817642211914,-0.013010853628706132,-153.83597681234312,11823.665164669155
ARE,-1,2020-11-11,2020-11-16,3,RESIDUAL_REVERTED,127.5423355102539,130.9917755126953,-0.027045451133079546,-319.7763584249545,11823.665164669157
BWA,1,2020-11-13,2020-11-16,1,RESIDUAL_REVERTED,29.62377166748047,31.071006774902344,0.04885384358435951,579.4325256830527,11860.530987341925
EFX,-1,2020-11-13,2020-11-16,1,RESIDUAL_REVERTED,156.7524871826172,158.6509246826172,-0.012111051850732801,-143.64350576492072,11860.530987341925
APD,1,2020-11-12,2020-11-18,4,RESIDUAL_REVERTED,241.26263427734375,231.6516571044922,-0.03983616112639832,-471.8663520541735,11845.176309960283
RSG,1,2020-11-16,2020-11-18,2,RESIDUAL_REVERTED,94.26770782470703,94.02659606933594,-0.002557734360311925,-30.24933400653862,11826.612832010514
CINF,1,2020-11-16,2020-11-18,2,RESIDUAL_REVERTED,69.82833862304688,68.72462463378906,-0.01580610409787886,-186.93267354806787,11826.612832010514
CSCO,-1,2020-11-16,2020-11-18,2,RESIDUAL_REVERTED,35.49856948852539,35.6346435546875,-0.0038332267503369266,-45.33408867354053,11826.612832010513
MGM,-1,2020-11-16,2020-11-18,2,RESIDUAL_REVERTED,27.2602481842041,26.500795364379883,0.027859350901444868,329.4817568625122,11826.612832010514
PFE,1,2020-11-17,2020-11-18,1,RESIDUAL_REVERTED,27.188858032226562,27.51670265197754,0.012058050373516593,142.12312490933272,11786.575815065637
CVX,-1,2020-11-17,2020-11-18,1,RESIDUAL_REVERTED,67.96134185791016,68.72431945800781,-0.01122664119394301,-132.32365758094807,11786.575815065637
IFF,-1,2020-11-13,2020-11-19,4,RESIDUAL_REVERTED,94.84761810302734,95.56571197509766,-0.007571026942292836,-89.79639965506361,11860.530987341925
IPGP,1,2020-11-16,2020-11-19,3,RESIDUAL_REVERTED,204.02999877929688,198.4499969482422,-0.02734892841464298,-323.4451877303538,11826.612832010514
LOW,1,2020-11-19,2020-11-20,1,RESIDUAL_REVERTED,133.45156860351562,134.11618041992188,0.004980172382842651,58.657149369892274,11778.136349652223
JCI,-1,2020-11-19,2020-11-20,1,RESIDUAL_REVERTED,41.02421951293945,40.78232192993164,0.005896457894379092,69.44928505998016,11778.136349652223
GD,-1,2020-11-19,2020-11-20,1,RESIDUAL_REVERTED,134.58436584472656,132.3780517578125,0.016393539272307023,193.08534080261074,11778.136349652223
SLB,-1,2020-11-17,2020-11-23,4,RESIDUAL_REVERTED,17.077220916748047,18.09623146057129,-0.059670747880521624,-703.3137938354347,11786.575815065637
CNP,1,2020-11-19,2020-11-23,2,RESIDUAL_REVERTED,20.399883270263672,20.356679916381836,-0.002117823583079659,-24.944014926020863,11778.136349652223
DVA,1,2020-11-19,2020-11-23,2,RESIDUAL_REVERTED,108.38999938964844,109.79000091552734,0.012916334844196076,152.13035293270522,11778.136349652223
NEM,1,2020-11-19,2020-11-23,2,RESIDUAL_REVERTED,51.379241943359375,51.31181716918945,-0.0013122960094321678,-15.456401330196918,11778.136349652223
EL,1,2020-11-20,2020-11-23,1,RESIDUAL_REVERTED,222.77674865722656,221.96788024902344,-0.0036308475326914946,-42.692306147262784,11758.220570505631
FISV,-1,2020-11-20,2020-11-24,2,RESIDUAL_REVERTED,112.69000244140625,113.83000183105469,-0.010116242478929616,-118.94901041197325,11758.220570505631
TGT,-1,2020-11-19,2020-11-25,4,RESIDUAL_REVERTED,142.90618896484375,150.54660034179688,-0.0534645240510383,-629.7124541423907,11778.136349652223
LVS,1,2020-11-23,2020-11-25,2,RESIDUAL_REVERTED,52.61514663696289,54.3323860168457,0.0326377381732208,384.70091621706155,11786.996824820053
AMCR,1,2020-11-24,2020-11-25,1,RESIDUAL_REVERTED,43.57099914550781,43.91110610961914,0.007805810534101454,90.90537910453412,11645.860312314004
CF,-1,2020-11-23,2020-11-27,3,RESIDUAL_REVERTED,30.074495315551758,34.07795715332031,-0.13311817191819442,-1569.0634697256087,11786.996824820053
LUMN,-1,2020-11-23,2020-11-27,3,RESIDUAL_REVERTED,8.597034454345703,9.182496070861816,-0.068100415279849,-802.6993786725084,11786.996824820053
STE,1,2020-11-24,2020-11-27,2,RESIDUAL_REVERTED,179.72801208496094,180.1170654296875,0.002164678394944053,25.209542208602784,11645.860312314007
VRSK,1,2020-11-24,2020-11-27,2,RESIDUAL_REVERTED,189.87698364257812,189.98255920410156,0.0005560208483308404,6.475341130394693,11645.860312314006
RSG,1,2020-11-24,2020-11-27,2,RESIDUAL_REVERTED,91.14274597167969,90.35453796386719,-0.008648060790898415,-100.71410794320303,11645.860312314006
OXY,-1,2020-11-24,2020-11-27,2,RESIDUAL_REVERTED,15.761637687683105,15.529438018798828,0.014731950669423677,171.5662396240095,11645.860312314006
DLTR,-1,2020-11-25,2020-11-30,2,RESIDUAL_REVERTED,111.05999755859375,109.3499984741211,0.015397074752954931,177.50860949966216,11528.722978083611
GAP,1,2020-11-27,2020-11-30,1,RESIDUAL_REVERTED,17.816997528076172,17.630390167236328,-0.010473558215731149,-120.77036699028058,11530.977773044222
COO,-1,2020-11-30,2020-12-01,1,RESIDUAL_REVERTED,84.86363220214844,84.55128479003906,0.0036805802910409025,42.390225894256744,11517.266991142837
ECL,-1,2020-11-30,2020-12-01,1,RESIDUAL_REVERTED,208.89686584472656,210.8368377685547,-0.009286744997266227,-106.9579216121761,11517.266991142837
ADSK,-1,2020-11-27,2020-12-02,3,RESIDUAL_REVERTED,272.19000244140625,277.989990234375,-0.021308599658127703,-245.70898903256918,11530.977773044222
XRX,1,2020-12-01,2020-12-02,1,RESIDUAL_REVERTED,15.83545207977295,15.86385440826416,0.0017935912627016215,20.510577538045926,11435.480292846441
TFX,-1,2020-12-01,2020-12-02,1,RESIDUAL_REVERTED,369.6947326660156,364.1907653808594,0.014887870447774398,170.24994910797565,11435.480292846441
PPL,1,2020-11-27,2020-12-03,4,RESIDUAL_REVERTED,23.383895874023438,22.589874267578125,-0.033955916102387795,-391.54491383998834,11530.977773044222
PNW,1,2020-11-30,2020-12-03,3,RESIDUAL_REVERTED,65.45664978027344,64.59169006347656,-0.013214237509869386,-152.19190148554057,11517.266991142837
EOG,1,2020-12-01,2020-12-03,2,RESIDUAL_REVERTED,37.15567398071289,37.37030792236328,0.005776612793023439,66.05834175402308,11435.480292846441
COP,1,2020-12-01,2020-12-03,2,RESIDUAL_REVERTED,33.42448043823242,32.729835510253906,-0.020782519843867142,-237.6580961102332,11435.480292846441
AAP,-1,2020-12-02,2020-12-03,1,RESIDUAL_REVERTED,132.9114227294922,130.67832946777344,0.01680136451675529,189.68011714717832,11289.56621100736
CRM,1,2020-12-03,2020-12-04,1,RESIDUAL_REVERTED,221.8743896484375,219.6272735595703,-0.010127875021663235,-115.13800876247427,11368.427090203748
NTAP,-1,2020-12-03,2020-12-04,1,RESIDUAL_REVERTED,51.918155670166016,51.305809020996094,0.011794460748184799,134.084467084009,11368.427090203748
GS,-1,2020-12-03,2020-12-04,1,RESIDUAL_REVERTED,207.67356872558594,208.0324249267578,-0.001727982060375055,-19.64443806655367,11368.427090203748
ILMN,-1,2020-11-30,2020-12-04,4,TRAILING_STOP,308.6770324707031,340.7495007081409,-0.10390299524627511,-1196.678537430795,11517.266991142837
SRE,-1,2020-12-03,2020-12-07,2,RESIDUAL_REVERTED,54.109214782714844,52.78593826293945,0.024455659264124296,278.0223792870627,11368.427090203748
DVA,1,2020-12-04,2020-12-07,1,RESIDUAL_REVERTED,106.12000274658203,109.33999633789062,0.030342946739249976,344.6510881507734,11358.523979642103
GLW,1,2020-12-04,2020-12-07,1,RESIDUAL_REVERTED,32.24287796020508,32.754390716552734,0.015864364123419072,180.19576031762915,11358.523979642103
TSN,-1,2020-12-04,2020-12-07,1,RESIDUAL_REVERTED,57.90087127685547,58.32808303833008,-0.007378330447427528,-83.80694331682993,11358.523979642103
IP,1,2020-12-04,2020-12-08,2,RESIDUAL_REVERTED,35.884456634521484,35.60481262207031,-0.0077929008456031346,-88.51585112575656,11358.523979642103
CMI,1,2020-12-04,2020-12-08,2,RESIDUAL_REVERTED,193.4763946533203,191.8282928466797,-0.008518361165421595,-96.75600956469317,11358.523979642103
D,1,2020-12-07,2020-12-08,1,RESIDUAL_REVERTED,58.91470718383789,58.86799621582031,-0.0007928575096167734,-9.051767780760436,11416.638766700704
EMR,-1,2020-12-07,2020-12-08,1,RESIDUAL_REVERTED,71.14726257324219,69.71234893798828,0.02016821987742312,230.2532809079327,11416.638766700704
HPE,-1,2020-12-07,2020-12-08,1,RESIDUAL_REVERTED,10.279707908630371,10.144163131713867,0.013185664234944494,150.5359654693667,11416.638766700704
OXY,-1,2020-12-07,2020-12-08,1,RESIDUAL_REVERTED,16.560401916503906,16.588266372680664,-0.0016825954054284775,-19.209583934286822,11416.638766700706
LUMN,1,2020-12-08,2020-12-09,1,RESIDUAL_REVERTED,8.628080368041992,8.991914749145508,0.042168636079369604,481.4745178782863,11417.834737933139
TYL,-1,2020-12-08,2020-12-10,2,RESIDUAL_REVERTED,434.760009765625,442.6000061035156,-0.01803292888441388,-205.89700184313935,11417.834737933139
AZO,1,2020-12-09,2020-12-10,1,RESIDUAL_REVERTED,1107.1700439453125,1127.5699462890625,0.018425265798428292,210.90980669364993,11446.77146050398
NI,1,2020-12-09,2020-12-10,1,RESIDUAL_REVERTED,19.244958877563477,19.137392044067383,-0.005589351174010493,-63.98002550139813,11446.77146050398
EFX,-1,2020-12-09,2020-12-10,1,RESIDUAL_REVERTED,175.3341827392578,171.11744689941406,0.024049707672316956,275.2915074169412,11446.77146050398
T,-1,2020-12-09,2020-12-11,2,RESIDUAL_REVERTED,16.14723777770996,15.850340843200684,0.018386855919042766,210.47013758249741,11446.77146050398
FISV,1,2020-12-10,2020-12-11,1,RESIDUAL_REVERTED,112.33999633789062,114.25,0.017001991493435398,195.4550238878056,11496.007627299005
BF-B,1,2020-12-10,2020-12-14,2,RESIDUAL_REVERTED,68.00418090820312,67.57090759277344,-0.006371274672281602,-73.24422222816574,11496.007627299005
LOW,-1,2020-12-10,2020-12-14,2,RESIDUAL_REVERTED,143.24102783203125,142.59442138671875,0.004514114811230874,51.89429830041304,11496.007627299005
SBUX,-1,2020-12-11,2020-12-14,1,RESIDUAL_REVERTED,91.62700653076172,91.11799621582031,0.005555243308865698,63.939109930955944,11509.686682654334
APA,-1,2020-12-11,2020-12-14,1,RESIDUAL_REVERTED,13.957951545715332,14.274596214294434,-0.022685611677474293,-261.1042826120947,11509.686682654334
QRVO,1,2020-12-10,2020-12-15,3,RESIDUAL_REVERTED,159.4600067138672,159.4499969482422,-6.277289102940564e-05,-0.7216376340618096,11496.007627299005
BWA,1,2020-12-11,2020-12-15,2,RESIDUAL_REVERTED,30.79118537902832,29.93858528137207,-0.027689745852946257,-318.700299089739,11509.686682654334
GLW,1,2020-12-14,2020-12-15,1,RESIDUAL_REVERTED,32.0434684753418,32.069480895996094,0.0008117854243623324,9.325195310736202,11487.266253962462
DIS,-1,2020-12-14,2020-12-15,1,RESIDUAL_REVERTED,168.5100860595703,165.30084228515625,0.01904481713503814,218.7728851882101,11487.266253962462
DOC,1,2020-12-11,2020-12-16,3,RESIDUAL_REVERTED,21.431726455688477,21.966236114501953,0.024940112030573447,287.05287530219897,11509.686682654336
INCY,-1,2020-12-15,2020-12-16,1,RESIDUAL_REVERTED,87.22000122070312,85.93000030517578,0.01479019602697662,169.30671940136358,11447.22619582293
REGN,-1,2020-12-15,2020-12-16,1,RESIDUAL_REVERTED,496.00933837890625,487.202392578125,0.017755604823015525,203.25242465270333,11447.22619582293
MO,1,2020-12-16,2020-12-17,1,RESIDUAL_REVERTED,26.71622657775879,27.203710556030273,0.01824673768403029,210.7793341425103,11551.617488696933
AIV,-1,2020-12-16,2020-12-17,1,RESIDUAL_REVERTED,1.7304158210754395,1.6050740480422974,0.07243448164686983,836.7354249766785,11551.617488696933
AAP,-1,2020-12-10,2020-12-18,6,RESIDUAL_REVERTED,137.3687744140625,140.85751342773438,-0.0253968853442339,-291.9627876269511,11496.007627299006
PWR,1,2020-12-15,2020-12-18,3,RESIDUAL_REVERTED,68.20846557617188,68.21835327148438,0.00014496287563403598,1.6594228273785787,11447.22619582293
MCD,-1,2020-12-15,2020-12-18,3,RESIDUAL_REVERTED,186.556884765625,188.2455291748047,-0.009051632756953198,-103.61608761036439,11447.22619582293
TSN,1,2020-12-16,2020-12-21,3,RESIDUAL_REVERTED,56.527076721191406,53.745948791503906,-0.049199924903331915,-568.338712955905,11551.617488696933
EL,-1,2020-12-17,2020-12-21,2,RESIDUAL_REVERTED,238.22454833984375,236.47439575195312,0.007346650880806438,85.26896869203097,11606.508880774696
KMX,-1,2020-12-17,2020-12-21,2,RESIDUAL_REVERTED,98.72000122070312,97.5199966430664,0.012155637791716911,141.08451798104286,11606.508880774696
ACN,-1,2020-12-18,2020-12-22,2,RESIDUAL_REVERTED,240.66690063476562,237.9034881591797,0.011482312143038187,132.90943309239785,11575.145444289432
DD,-1,2020-12-21,2020-12-22,1,RESIDUAL_REVERTED,78.82561492919922,79.49011993408203,-0.008430064332256348,-97.68790145653071,11588.037481842628
INTC,1,2020-12-21,2020-12-23,2,RESIDUAL_REVERTED,41.874454498291016,41.738853454589844,-0.0032382760641503916,-37.525264407928944,11588.037481842628
FDX,1,2020-12-21,2020-12-23,2,RESIDUAL_REVERTED,196.52960205078125,197.9620361328125,0.0072886428664376,84.46106672804397,11588.037481842628
ATO,1,2020-12-21,2020-12-23,2,RESIDUAL_REVERTED,81.57121276855469,80.21053314208984,-0.016680880181658586,-193.29866477518613,11588.037481842626
GS,-1,2020-12-22,2020-12-23,1,RESIDUAL_REVERTED,224.8009796142578,220.11001586914062,0.020867185513010367,241.17341747503798,11557.544131894052
MS,-1,2020-12-22,2020-12-23,1,RESIDUAL_REVERTED,57.24074935913086,56.1923942565918,0.01831483889146246,211.67455875660647,11557.544131894052
T,1,2020-12-18,2020-12-24,4,RESIDUAL_REVERTED,15.37633991241455,14.96484375,-0.026761645798576317,-309.7699424470785,11575.145444289432
FTNT,-1,2020-12-21,2020-12-24,3,RESIDUAL_REVERTED,28.67799949645996,29.993999481201172,-0.04588883492042939,-531.7615390560256,11588.037481842628
KMX,1,2020-12-23,2020-12-24,1,RESIDUAL_REVERTED,92.94000244140625,93.27999877929688,0.00365823465633075,42.23947490492865,11546.409367652293
ISRG,-1,2020-12-23,2020-12-24,1,RESIDUAL_REVERTED,272.336669921875,270.2366638183594,0.0077110662479571435,89.03512756000018,11546.409367652293
EW,-1,2020-12-23,2020-12-24,1,RESIDUAL_REVERTED,88.5,88.5199966430664,-0.0002259507691120266,-2.608920077102287,11546.409367652293
IFF,1,2020-12-24,2020-12-28,1,RESIDUAL_REVERTED,94.7296142578125,95.16866302490234,0.00463475725653173,53.68729417312552,11583.625894854567
PAYX,1,2020-12-24,2020-12-28,1,RESIDUAL_REVERTED,79.69882202148438,80.31187438964844,0.007692113291195124,89.10256270604397,11583.625894854567
CTAS,1,2020-12-24,2020-12-29,2,RESIDUAL_REVERTED,80.84062194824219,84.75813293457031,0.04845968390540456,561.3388493431112,11583.625894854567
CNP,-1,2020-12-24,2020-12-29,2,RESIDUAL_REVERTED,18.550840377807617,18.619966506958008,-0.0037263071506499212,-43.16414800245067,11583.625894854567
FIS,-1,2020-12-28,2020-12-29,1,RESIDUAL_REVERTED,121.85385131835938,122.90325164794922,-0.008611958655686092,-99.59205244428709,11564.390451239533
YUM,-1,2020-12-29,2020-12-31,2,RESIDUAL_REVERTED,98.43718719482422,97.63806915283203,0.008118050350327422,94.53779369262833,11645.381540262992
INTC,-1,2020-12-30,2020-12-31,1,RESIDUAL_REVERTED,44.39668273925781,44.071224212646484,0.007330694694528184,85.32698519695724,11639.6861078729
STX,1,2020-12-30,2021-01-04,2,RESIDUAL_REVERTED,51.00489044189453,52.74938201904297,0.03420243749245544,398.1056365363253,11639.6861078729
FCX,-1,2020-12-31,2021-01-04,1,RESIDUAL_REVERTED,24.67253875732422,25.313737869262695,-0.025988371859305914,-302.25507575049886,11630.39675539615
LRCX,1,2021-01-04,2021-01-05,1,RESIDUAL_REVERTED,45.1414794921875,45.264198303222656,0.002718537638014107,31.74568313137626,11677.485235983648
WDC,-1,2021-01-04,2021-01-05,1,RESIDUAL_REVERTED,41.33183288574219,39.6093635559082,0.04167415789654383,486.64936355894235,11677.485235983648
EVRG,-1,2021-01-04,2021-01-05,1,RESIDUAL_REVERTED,44.196319580078125,42.94291687011719,0.02835988882942908,331.17218309979626,11677.48523598365
ETR,-1,2020-12-30,2021-01-06,4,RESIDUAL_REVERTED,39.459598541259766,39.84756851196289,-0.009832081041003304,-114.44233710444763,11639.6861078729
IFF,1,2021-01-04,2021-01-06,2,RESIDUAL_REVERTED,94.30779266357422,94.76405334472656,0.004837995549105578,56.49562159643499,11677.485235983648
TDY,1,2021-01-05,2021-01-06,1,RESIDUAL_REVERTED,362.0,376.9800109863281,0.04138124581858604,483.8460396952102,11692.399059621726
TDG,1,2021-01-05,2021-01-06,1,RESIDUAL_REVERTED,492.7586669921875,499.43280029296875,0.013544425999689302,158.3668338218838,11692.399059621726
GILD,-1,2021-01-05,2021-01-06,1,RESIDUAL_REVERTED,48.83094787597656,48.4012565612793,0.008799569399894014,102.88807697639753,11692.399059621726
TPR,-1,2021-01-05,2021-01-06,1,RESIDUAL_REVERTED,28.344545364379883,28.808338165283203,-0.016362682658729755,-191.31901533182165,11692.399059621726
PEG,1,2021-01-05,2021-01-07,2,RESIDUAL_REVERTED,45.91917419433594,46.817604064941406,0.019565462279508727,228.7671927579918,11692.399059621726
DD,-1,2021-01-06,2021-01-07,1,TRAILING_STOP,83.84867095947266,89.82588162193034,-0.07128569354840097,-840.4018087000351,11789.207158788817
ARE,1,2021-01-07,2021-01-08,1,RESIDUAL_REVERTED,130.77626037597656,131.20321655273438,0.0032647834976342605,38.273781191059214,11723.221836545374
VRSN,1,2021-01-06,2021-01-11,3,RESIDUAL_REVERTED,200.05886840820312,198.4088134765625,-0.008247846970091954,-97.23557654440285,11789.207158788819
CE,-1,2021-01-06,2021-01-11,3,RESIDUAL_REVERTED,122.26569366455078,123.50049591064453,-0.010099335382511843,-119.06315699051767,11789.207158788819
KO,1,2021-01-07,2021-01-11,2,RESIDUAL_REVERTED,42.27371597290039,42.721012115478516,0.010580951598029964,124.04284282545449,11723.221836545374
CL,1,2021-01-07,2021-01-11,2,RESIDUAL_REVERTED,71.51241302490234,71.89653015136719,0.005371334992305243,62.969351673193195,11723.221836545374
COR,-1,2021-01-07,2021-01-11,2,RESIDUAL_REVERTED,95.99144744873047,98.351806640625,-0.024589265550508665,-288.2654148463361,11723.221836545374
CME,-1,2021-01-07,2021-01-11,2,RESIDUAL_REVERTED,157.80545043945312,158.82952880859375,-0.006489499356890471,-76.07784056894425,11723.221836545374
CNC,-1,2021-01-07,2021-01-11,2,RESIDUAL_REVERTED,67.73999786376953,66.8499984741211,0.013138462027092124,154.02510493462856,11723.221836545374
ETR,1,2021-01-08,2021-01-11,1,RESIDUAL_REVERTED,38.748985290527344,38.802066802978516,0.0013698813543938648,15.860628844259397,11578.10404046151
XYL,-1,2021-01-08,2021-01-11,1,RESIDUAL_REVERTED,98.78216552734375,99.41664123535156,-0.006422978324282402,-74.36591128817163,11578.10404046151
AVY,1,2021-01-11,2021-01-12,1,RESIDUAL_REVERTED,140.5283966064453,146.00840759277344,0.03899575543920197,454.96367584054065,11667.00505520072
UHS,1,2021-01-12,2021-01-13,1,RESIDUAL_REVERTED,131.17733764648438,133.07005310058594,0.014428677148505153,169.64278646268198,11757.33469649769
TSLA,1,2021-01-12,2021-01-13,1,RESIDUAL_REVERTED,277.0,284.2533264160156,0.026185293920633956,307.8692647510604,11757.334696497688
LLY,-1,2021-01-12,2021-01-13,1,RESIDUAL_REVERTED,172.62985229492188,169.8343505859375,0.01619361698930566,190.393774890158,11757.33469649769
BIIB,-1,2021-01-12,2021-01-13,1,RESIDUAL_REVERTED,268.7799987792969,269.6099853515625,-0.003087977438928302,-36.30638428471291,11757.33469649769
GM,-1,2021-01-12,2021-01-13,1,TRAILING_STOP,44.378028869628906,48.67206573486328,-0.09676042344848468,-1137.6446838586787,11757.33469649769
META,1,2021-01-12,2021-01-14,2,RESIDUAL_REVERTED,254.19541931152344,250.9960174560547,-0.012586386741878286,-147.98236154382408,11757.33469649769
BMY,-1,2021-01-12,2021-01-14,2,RESIDUAL_REVERTED,52.456722259521484,52.09555435180664,0.006885064337951219,80.95000582821288,11757.33469649769
SO,1,2021-01-13,2021-01-14,1,RESIDUAL_REVERTED,47.54749298095703,48.129112243652344,0.012232385478835983,143.60381157494825,11739.640793973238
COO,-1,2021-01-14,2021-01-15,1,RESIDUAL_REVERTED,95.33602142333984,93.82427215576172,0.015857062682165024,184.98599060468408,11665.84217471401
ROP,1,2021-01-14,2021-01-19,2,RESIDUAL_REVERTED,400.0351867675781,401.9385986328125,0.004758111106711871,55.50737322065461,11665.84217471401
INTC,-1,2021-01-14,2021-01-19,2,RESIDUAL_REVERTED,52.840274810791016,52.37922286987305,0.00872538877908735,101.78900840985378,11665.84217471401
MSCI,1,2021-01-15,2021-01-19,1,RESIDUAL_REVERTED,384.1899719238281,390.79486083984375,0.017191726486096792,200.1898141638047,11644.543922083814
AMAT,-1,2021-01-15,2021-01-19,1,RESIDUAL_REVERTED,100.34834289550781,100.29106903076172,0.0005707504787172413,6.6461290179733705,11644.543922083814
BKNG,1,2021-01-12,2021-01-20,5,RESIDUAL_REVERTED,87.42176055908203,85.17971801757812,-0.025646275334259228,-301.53184282341954,11757.334696497692
NOC,-1,2021-01-12,2021-01-20,5,RESIDUAL_REVERTED,268.2696228027344,272.9461364746094,-0.017432140184256983,-204.95550662257585,11757.33469649769
DD,1,2021-01-14,2021-01-20,3,RESIDUAL_REVERTED,92.48695373535156,95.62915802001953,0.0339745678472585,396.3419464602319,11665.84217471401
DUK,-1,2021-01-14,2021-01-20,3,RESIDUAL_REVERTED,73.34555053710938,72.33619689941406,0.013761620579623712,160.5408937501861,11665.84217471401
BLK,1,2021-01-15,2021-01-20,2,RESIDUAL_REVERTED,647.6678466796875,644.639892578125,-0.004675165082048682,-54.440165140907844,11644.543922083816
NI,-1,2021-01-19,2021-01-20,1,RESIDUAL_REVERTED,19.04638671875,18.442392349243164,0.03171175606301435,370.16578233255404,11672.825106153025
LYV,-1,2021-01-20,2021-01-21,1,RESIDUAL_REVERTED,76.52999877929688,73.75,0.03632560856709344,427.9822636220798,11781.833271467329
XRX,1,2021-01-20,2021-01-22,2,RESIDUAL_REVERTED,15.155801773071289,14.746575355529785,-0.027001304429080997,-318.124866895565,11781.833271467329
FMC,1,2021-01-20,2021-01-22,2,RESIDUAL_REVERTED,98.61974334716797,96.43944549560547,-0.022108127415088386,-260.4742711489268,11781.833271467329
KMX,-1,2021-01-20,2021-01-22,2,RESIDUAL_REVERTED,117.05999755859375,119.77999877929688,-0.02323595829003544,-273.7621864759657,11781.833271467329
USB,1,2021-01-21,2021-01-22,1,RESIDUAL_REVERTED,36.191200256347656,35.929813385009766,-0.007222387472270886,-85.05430114580624,11776.479934420315
NFLX,-1,2021-01-21,2021-01-22,1,RESIDUAL_REVERTED,58.244998931884766,58.209999084472656,0.0006009073406120224,7.07657323916344,11776.479934420315
F,-1,2021-01-21,2021-01-25,2,RESIDUAL_REVERTED,8.272025108337402,8.426029205322266,-0.018617460049733303,-219.24814470555737,11776.479934420315
CLX,-1,2021-01-25,2021-01-25,0,STOP_LOSS,167.8553924560547,174.56960815429687,-0.040000000000000036,-467.09379268027203,11677.344817006806
FAST,1,2021-01-21,2021-01-26,3,RESIDUAL_REVERTED,21.27492332458496,21.113616943359375,-0.0075819958908703855,-89.28922247169251,11776.479934420315
GOOG,-1,2021-01-21,2021-01-26,3,RESIDUAL_REVERTED,94.00958251953125,93.55587005615234,0.004826236339094958,56.83607540612173,11776.479934420315
PCAR,-1,2021-01-22,2021-01-26,2,RESIDUAL_REVERTED,53.81611633300781,52.619598388671875,0.0222334502350936,261.76557638242457,11773.502250642588
IBM,1,2021-01-25,2021-01-26,1,RESIDUAL_REVERTED,90.46653747558594,90.7864761352539,0.003536541450525954,41.29741397742891,11677.344817006804
CSX,1,2021-01-25,2021-01-26,1,RESIDUAL_REVERTED,27.09420394897461,27.165237426757812,0.0026217222663924566,30.61475491908841,11677.344817006804
ISRG,1,2021-01-25,2021-01-26,1,RESIDUAL_REVERTED,249.1366729736328,251.4933319091797,0.009459301625161842,110.45952680508654,11677.344817006804
BNY,1,2021-01-21,2021-01-27,4,RESIDUAL_REVERTED,36.333229064941406,34.82112503051758,-0.0416176616650592,-490.1095575160637,11776.479934420315
LDOS,-1,2021-01-25,2021-01-27,2,RESIDUAL_REVERTED,103.78533172607422,102.20734405517578,0.01520434193016118,177.5463434341669,11677.344817006804
CLX,-1,2021-01-26,2021-01-27,1,TRAILING_STOP,174.25868225097656,182.31870307917677,-0.046253195101015,-538.2154087656935,11636.286046623447
IRM,-1,2021-01-26,2021-01-27,1,TRAILING_STOP,25.469505310058594,27.621146187960253,-0.0844790996805076,-983.0229688436026,11636.286046623447
KR,-1,2021-01-27,2021-01-27,0,STOP_LOSS,32.75774383544922,35.373477717200174,-0.0798508558736668,-929.1542973384494,11636.121957270903
ROK,1,2021-01-27,2021-01-28,1,RESIDUAL_REVERTED,223.54074096679688,222.74989318847656,-0.003537823910308102,-41.16655048369352,11636.121957270903
AXP,1,2021-01-27,2021-01-28,1,RESIDUAL_REVERTED,107.48263549804688,109.8875503540039,0.022374915211310853,260.3572421824092,11636.121957270903
AES,1,2021-01-27,2021-01-29,2,RESIDUAL_REVERTED,19.226024627685547,19.61985969543457,0.020484477440120274,238.35987772420523,11636.121957270903
LUMN,-1,2021-01-27,2021-01-29,2,RESIDUAL_REVERTED,12.872818946838379,10.490568161010742,0.18506053690848556,2153.3869769451717,11636.121957270903
TEL,1,2021-01-27,2021-02-01,3,RESIDUAL_REVERTED,112.12512969970703,111.84137725830078,-0.00253067659467765,-29.447261490080738,11636.121957270903
BEN,1,2021-02-03,2021-02-04,1,RESIDUAL_REVERTED,19.68752098083496,19.79485321044922,0.00545178997999507,63.84571453546508,11710.963696280056
WBD,1,2021-02-03,2021-02-04,1,RESIDUAL_REVERTED,40.540000915527344,40.720001220703125,0.004440066628287553,51.99745909294054,11710.963696280056
WAT,-1,2021-02-03,2021-02-04,1,RESIDUAL_REVERTED,289.6600036621094,281.04998779296875,0.02972455900119464,348.10323135092494,11710.963696280056
SYK,-1,2021-02-03,2021-02-04,1,RESIDUAL_REVERTED,220.742431640625,220.9974822998047,-0.0011554219878981975,-13.531104954159238,11710.963696280056
VRTX,1,2021-02-03,2021-02-05,2,RESIDUAL_REVERTED,218.4199981689453,214.5,-0.017947066211003393,-210.17744085179578,11710.963696280056
SNA,1,2021-02-03,2021-02-05,2,RESIDUAL_REVERTED,154.0604705810547,163.8573760986328,0.06359129944643227,744.715399216443,11710.963696280056
LVS,-1,2021-02-03,2021-02-05,2,RESIDUAL_REVERTED,49.049285888671875,51.79875183105469,-0.05605516762513796,-656.4600330468829,11710.963696280056
EXPE,-1,2021-02-03,2021-02-08,3,RESIDUAL_REVERTED,136.09329223632812,140.15696716308594,-0.029859479919856602,-349.68328533124367,11710.963696280056
RTX,-1,2021-02-03,2021-02-08,3,RESIDUAL_REVERTED,61.53170394897461,63.75444030761719,-0.03612343257202477,-423.0402074360032,11710.963696280056
IP,1,2021-02-05,2021-02-08,1,RESIDUAL_REVERTED,34.58184814453125,34.88358688354492,0.008725350298011358,101.92804390611533,11681.828284801979
ALGN,-1,2021-02-05,2021-02-08,1,RESIDUAL_REVERTED,622.0900268554688,622.1900024414062,-0.00016070919259525418,-1.8773771916868847,11681.828284801979
CBOE,1,2021-02-08,2021-02-09,1,RESIDUAL_REVERTED,84.61611938476562,86.04032897949219,0.016831421779701428,195.65813815772907,11624.575791552623
UNM,1,2021-02-08,2021-02-09,1,RESIDUAL_REVERTED,19.698936462402344,20.01898193359375,0.016246840117599692,188.86262432027564,11624.575791552623
AON,-1,2021-02-08,2021-02-09,1,RESIDUAL_REVERTED,215.09364318847656,216.44837951660156,-0.006298355953448187,-73.21571614303505,11624.575791552623
DVA,1,2021-02-03,2021-02-10,5,RESIDUAL_REVERTED,111.27999877929688,111.9000015258789,0.005571556015306012,65.24829022703885,11710.963696280056
APD,1,2021-02-05,2021-02-10,3,RESIDUAL_REVERTED,223.37060546875,222.55043029785156,-0.003671813348839148,-42.893493034982555,11681.828284801979
HPQ,-1,2021-02-09,2021-02-10,1,RESIDUAL_REVERTED,22.20103645324707,22.103551864624023,0.004390992683082073,51.085610718582465,11634.182611009213
OXY,-1,2021-02-09,2021-02-10,1,RESIDUAL_REVERTED,22.86028480529785,23.07402229309082,-0.009349729874906787,-108.77646472827274,11634.182611009213
HAS,1,2021-02-09,2021-02-11,2,RESIDUAL_REVERTED,74.96852111816406,74.28295135498047,-0.009144768403567816,-106.39190554249525,11634.182611009213
IT,-1,2021-02-10,2021-02-11,1,RESIDUAL_REVERTED,183.44000244140625,180.8300018310547,0.014228088615432899,165.1425057710218,11606.794857314486
MET,-1,2021-02-05,2021-02-11,4,TRAILING_STOP,43.952476501464844,46.95145414440853,-0.06823227908087803,-797.0777677035043,11681.82828480198
JKHY,1,2021-02-10,2021-02-12,2,RESIDUAL_REVERTED,138.8617401123047,139.67935180664062,0.005887955124821875,68.34028726288183,11606.794857314486
FMC,1,2021-02-11,2021-02-12,1,RESIDUAL_REVERTED,92.1549301147461,93.00001525878906,0.00917026515011976,106.29216329679937,11590.958555370933
GRMN,-1,2021-02-09,2021-02-12,3,TRAILING_STOP,110.52249145507812,115.67227577728794,-0.046594898960479414,-542.0935632477405,11634.182611009213
TYL,-1,2021-02-11,2021-02-12,1,TRAILING_STOP,451.45001220703125,474.28024338709537,-0.050570895033212215,-586.1651484379757,11590.958555370933
TTWO,1,2021-02-10,2021-02-16,3,RESIDUAL_REVERTED,202.50999450683594,200.72999572753906,-0.008789683608612209,-102.02005450586108,11606.794857314486
UAA,-1,2021-02-11,2021-02-16,2,RESIDUAL_REVERTED,22.829999923706055,22.3700008392334,0.02014888681602689,233.5449120214277,11590.958555370933
AZO,1,2021-02-12,2021-02-17,2,RESIDUAL_REVERTED,1151.1199951171875,1165.3699951171875,0.012379248089204875,141.954117633841,11467.103382282929
ILMN,-1,2021-02-16,2021-02-17,1,RESIDUAL_REVERTED,494.5330810546875,477.5,0.03444275359367499,393.9208950106281,11436.974513064692
AKAM,1,2021-02-11,2021-02-18,4,RESIDUAL_REVERTED,105.91000366210938,101.22000122070312,-0.04428290321251449,-513.2812958477584,11590.958555370933
ZBRA,-1,2021-02-12,2021-02-18,3,RESIDUAL_REVERTED,470.4599914550781,471.8599853515625,-0.002975797989015705,-34.12378318483292,11467.103382282929
KLAC,-1,2021-02-12,2021-02-18,3,RESIDUAL_REVERTED,30.353628158569336,30.869163513183594,-0.01698430750752644,-194.76081006529077,11467.103382282929
NWL,1,2021-02-16,2021-02-18,2,RESIDUAL_REVERTED,18.60260581970215,18.395572662353516,-0.011129255726601617,-127.28501409452203,11436.974513064692
MHK,-1,2021-02-16,2021-02-18,2,RESIDUAL_REVERTED,172.0,171.22000122070312,0.0045348766238190175,51.86526836651122,11436.97451306469
CBOE,-1,2021-02-17,2021-02-18,1,RESIDUAL_REVERTED,89.77311706542969,88.83293914794922,0.010472822468615361,119.44645729915352,11405.374019955663
DVA,1,2021-02-16,2021-02-18,2,TRAILING_STOP,105.43000030517578,100.53112920087865,-0.04646562733678217,-531.4261955843398,11436.974513064692
HSIC,1,2021-02-18,2021-02-19,1,RESIDUAL_REVERTED,64.16999816894531,64.86000061035156,0.0107527265247791,123.6999681393704,11504.056004243135
ALLE,1,2021-02-17,2021-02-22,3,RESIDUAL_REVERTED,100.86002349853516,100.42469024658203,-0.004316212081384774,-49.22801313764413,11405.374019955663
VZ,-1,2021-02-18,2021-02-22,2,RESIDUAL_REVERTED,40.610382080078125,40.31795883178711,0.00720070172485443,82.8372759125754,11504.056004243135
WAB,1,2021-02-19,2021-02-22,1,RESIDUAL_REVERTED,70.38331604003906,71.072021484375,0.009785066732919345,112.32471729503462,11479.19787988226
WMT,1,2021-02-19,2021-02-22,1,RESIDUAL_REVERTED,42.644134521484375,42.62556076049805,-0.00043555253717175724,-4.999793761279883,11479.19787988226
MOS,1,2021-02-19,2021-02-22,1,RESIDUAL_REVERTED,25.10528564453125,25.526044845581055,0.016759785449462106,192.38889359874693,11479.19787988226
FE,-1,2021-02-19,2021-02-22,1,RESIDUAL_REVERTED,27.17316436767578,27.372968673706055,-0.007353001046427776,-84.40655402292555,11479.19787988226
LKQ,-1,2021-02-19,2021-02-22,1,RESIDUAL_REVERTED,34.245643615722656,33.36845016479492,0.025614745652641324,294.0367339895231,11479.19787988226
RSG,-1,2021-02-19,2021-02-22,1,RESIDUAL_REVERTED,85.46709442138672,84.05133819580078,0.01656492753346328,190.15208102253533,11479.19787988226
ADP,-1,2021-02-19,2021-02-22,1,RESIDUAL_REVERTED,152.37667846679688,148.71774291992188,0.02401243801670272,275.64352757213805,11479.19787988226
ZTS,1,2021-02-22,2021-02-23,1,RESIDUAL_REVERTED,149.8990936279297,151.19068908691406,0.008616432746353375,99.97502614231952,11602.832527722263
NRG,1,2021-02-23,2021-02-24,1,RESIDUAL_REVERTED,31.94733428955078,33.12002182006836,0.036706897667550864,425.81618808094515,11600.44065661724
PFG,-1,2021-02-23,2021-02-24,1,RESIDUAL_REVERTED,48.31690216064453,48.194705963134766,0.002529056956165898,29.33817513720764,11600.44065661724
ORCL,-1,2021-02-23,2021-02-24,1,RESIDUAL_REVERTED,59.741153717041016,59.80607604980469,-0.0010867271340484486,-12.606513628465546,11600.44065661724
VNO,-1,2021-02-23,2021-02-24,1,TRAILING_STOP,34.50949478149414,37.73759609936105,-0.09354241023539966,-1085.1331788126988,11600.44065661724
BXP,-1,2021-02-23,2021-02-24,1,TRAILING_STOP,73.44781494140625,78.1232226408571,-0.06365618505030679,-738.4397971027294,11600.44065661724
SLG,-1,2021-02-23,2021-02-25,2,TRAILING_STOP,46.890411376953125,50.90369517343983,-0.08558858151667348,-992.8652607682172,11600.44065661724
VTRS,1,2021-02-23,2021-02-26,3,RESIDUAL_REVERTED,12.569778442382812,11.92292308807373,-0.05146115798891204,-596.9721093711778,11600.44065661724
ANET,1,2021-02-23,2021-02-26,3,RESIDUAL_REVERTED,17.431249618530273,17.629375457763672,0.011366129426704008,131.85210990990976,11600.44065661724
BIO,1,2021-02-23,2021-02-26,3,RESIDUAL_REVERTED,599.1699829101562,588.5999755859375,-0.01764108287414612,-204.64433499999816,11600.44065661724
LDOS,1,2021-02-24,2021-02-26,2,RESIDUAL_REVERTED,85.70344543457031,82.65882873535156,-0.03552502100447219,-408.92313758463973,11510.848580023658
VRSK,1,2021-02-25,2021-02-26,1,RESIDUAL_REVERTED,161.67996215820312,158.27838134765625,-0.02103897579601388,-238.9110536996874,11355.640883666607
BA,-1,2021-02-25,2021-02-26,1,RESIDUAL_REVERTED,227.8000030517578,218.50999450683594,0.04078142414603536,463.0992073268672,11355.640883666607
IR,-1,2021-02-25,2021-02-26,1,RESIDUAL_REVERTED,47.731101989746094,46.100616455078125,0.0341598133438914,387.906572986313,11355.640883666607
PRU,-1,2021-02-25,2021-02-26,1,RESIDUAL_REVERTED,69.25505828857422,67.03907775878906,0.03199738162881238,363.3507749944248,11355.640883666607
RTX,-1,2021-02-25,2021-02-26,1,RESIDUAL_REVERTED,68.03389739990234,65.61107635498047,0.0356119689965807,404.3967310854395,11355.640883666607
RSG,-1,2021-02-26,2021-03-01,1,RESIDUAL_REVERTED,84.34007263183594,83.61355590820312,0.008614134431733644,98.16621506599128,11395.946492819594
UHS,1,2021-03-01,2021-03-02,1,RESIDUAL_REVERTED,122.23807525634766,123.64545440673828,0.011513426953420058,131.4035950660308,11413.07410883405
RJF,1,2021-03-01,2021-03-02,1,RESIDUAL_REVERTED,73.51007843017578,74.4782943725586,0.013171199964131297,150.3238812929017,11413.07410883405
SBUX,-1,2021-03-01,2021-03-02,1,RESIDUAL_REVERTED,95.7097396850586,94.57286834716797,0.011878324417468944,135.56819686534575,11413.07410883405
MNST,-1,2021-03-01,2021-03-02,1,RESIDUAL_REVERTED,22.032499313354492,21.889999389648438,0.006467714882427367,73.81650926795301,11413.07410883405
KMI,1,2021-03-01,2021-03-03,2,RESIDUAL_REVERTED,10.994674682617188,11.172248840332031,0.01615092422839881,184.33169514487776,11413.07410883405
ETSY,-1,2021-03-01,2021-03-03,2,RESIDUAL_REVERTED,224.57000732421875,235.1999969482422,-0.04733485896305201,-540.2362532765195,11413.07410883405
XRAY,-1,2021-03-02,2021-03-03,1,RESIDUAL_REVERTED,53.65793991088867,53.0130615234375,0.012018321771617435,136.21897495137387,11334.275911389726
EOG,1,2021-03-01,2021-03-04,3,RESIDUAL_REVERTED,50.492835998535156,52.02782440185547,0.030400122571147437,346.95885182214397,11413.07410883405
TEL,-1,2021-03-01,2021-03-04,3,RESIDUAL_REVERTED,120.86508178710938,119.40434265136719,0.012085700138896316,137.9349913423701,11413.07410883405
TGT,1,2021-03-03,2021-03-04,1,RESIDUAL_REVERTED,148.76255798339844,146.5269012451172,-0.015028356386092456,-170.33601018861907,11334.30734622795
CRM,1,2021-03-01,2021-03-05,4,RESIDUAL_REVERTED,215.7806854248047,206.07595825195312,-0.04497495757669867,-513.3025238645299,11413.07410883405
WM,-1,2021-03-03,2021-03-05,2,TRAILING_STOP,104.34342193603516,107.57749145507813,-0.030994474390781734,-351.30089877991156,11334.30734622795
WY,1,2021-03-03,2021-03-08,3,RESIDUAL_REVERTED,27.03219985961914,27.16195297241211,0.00479994648851334,54.4040687462574,11334.30734622795
MKTX,1,2021-03-04,2021-03-08,2,RESIDUAL_REVERTED,471.97869873046875,471.70782470703125,-0.0005739115433940345,-6.504901202737477,11334.327175697936
REG,-1,2021-03-04,2021-03-08,2,RESIDUAL_REVERTED,44.647621154785156,46.28474426269531,-0.0366676446710239,-415.60308146362286,11334.327175697936
TYL,1,2021-03-05,2021-03-08,1,RESIDUAL_REVERTED,431.0299987792969,398.5400085449219,-0.07537756148386099,-849.3407801518907,11267.819805151717
HPQ,1,2021-03-05,2021-03-08,1,RESIDUAL_REVERTED,22.988990783691406,24.05314826965332,0.04628987396509965,521.5859586419274,11267.819805151717
EIX,-1,2021-03-05,2021-03-08,1,RESIDUAL_REVERTED,44.2791862487793,44.69596481323242,-0.009412516348233924,-106.05853812494328,11267.819805151717
DLTR,-1,2021-03-04,2021-03-08,2,TRAILING_STOP,101.80000305175781,106.24405331496106,-0.043654716404515126,-494.7968384910812,11334.327175697936
NCLH,1,2021-03-08,2021-03-09,1,RESIDUAL_REVERTED,29.510000228881836,29.559999465942383,0.0016943150346577784,18.97345229711333,11198.302505145644
NOV,-1,2021-03-08,2021-03-09,1,RESIDUAL_REVERTED,15.656000137329102,15.284531593322754,0.023726912413640222,265.7011427210391,11198.302505145644
FOXA,-1,2021-03-03,2021-03-10,5,RESIDUAL_REVERTED,35.426971435546875,37.898136138916016,-0.06975376678373402,-790.6106312839468,11334.30734622795
AVGO,1,2021-03-09,2021-03-10,1,RESIDUAL_REVERTED,38.980159759521484,40.02335739135742,0.026762271839614993,297.9116332219175,11131.776667066495
ADBE,1,2021-03-09,2021-03-10,1,RESIDUAL_REVERTED,437.8399963378906,445.7300109863281,0.018020314988191677,200.5981219187413,11131.776667066495
ADSK,1,2021-03-09,2021-03-10,1,RESIDUAL_REVERTED,262.239990234375,269.760009765625,0.028676097511020515,319.21591317570153,11131.776667066495
DIS,-1,2021-03-09,2021-03-10,1,RESIDUAL_REVERTED,194.0968475341797,191.30450439453125,0.014386339474971255,160.14551809198215,11131.776667066495
EL,1,2021-03-09,2021-03-11,2,RESIDUAL_REVERTED,262.7486572265625,267.104248046875,0.016577024089439174,184.53172996821723,11131.776667066495
ROST,-1,2021-03-09,2021-03-11,2,RESIDUAL_REVERTED,114.79956817626953,114.62096405029297,0.001555790921637601,17.318717080319857,11131.776667066495
MO,-1,2021-03-09,2021-03-11,2,RESIDUAL_REVERTED,30.280176162719727,30.984376907348633,-0.023256164060759366,-258.88242445703196,11131.776667066495
EMR,1,2021-03-10,2021-03-11,1,RESIDUAL_REVERTED,81.00395965576172,82.51915740966797,0.01870523071150232,209.56617933438207,11203.613714612693
TSLA,-1,2021-03-10,2021-03-11,1,RESIDUAL_REVERTED,233.43333435058594,233.13333129882812,0.0012851765691151984,14.398621835438187,11203.613714612693
JBHT,1,2021-03-11,2021-03-12,1,RESIDUAL_REVERTED,149.1405792236328,152.4427490234375,0.02214132342112718,251.04367278235992,11338.241531796397
LH,1,2021-03-11,2021-03-12,1,RESIDUAL_REVERTED,190.38291931152344,192.9246368408203,0.013350554443058327,151.37181085879288,11338.241531796397
BEN,-1,2021-03-11,2021-03-12,1,RESIDUAL_REVERTED,21.87247085571289,22.179128646850586,-0.014020262875677814,-158.9651268237128,11338.241531796395
CTVA,-1,2021-03-11,2021-03-12,1,RESIDUAL_REVERTED,44.53618240356445,44.300540924072266,0.0052910120889330114,59.99077301197767,11338.241531796397
GE,1,2021-03-11,2021-03-15,2,RESIDUAL_REVERTED,61.70661163330078,61.94975280761719,0.003940277514528079,44.67581816202472,11338.241531796397
ACN,-1,2021-03-12,2021-03-15,1,RESIDUAL_REVERTED,242.48680114746094,241.3062286376953,0.004868605236157508,55.05623153539501,11308.4197351862
TRMB,-1,2021-03-12,2021-03-15,1,RESIDUAL_REVERTED,73.05000305175781,74.6500015258789,-0.021902784493895933,-247.6858804263034,11308.4197351862
NVR,1,2021-03-12,2021-03-16,2,RESIDUAL_REVERTED,4564.43994140625,4645.740234375,0.01781166890405017,201.4218281511626,11308.4197351862
ULTA,1,2021-03-15,2021-03-16,1,RESIDUAL_REVERTED,318.3800048828125,320.17999267578125,0.00565358303085417,63.936481522560285,11309.01963827707
DHI,1,2021-03-15,2021-03-16,1,RESIDUAL_REVERTED,76.72047424316406,79.78362274169922,0.03992608920568674,451.5249269067129,11309.01963827707
BA,-1,2021-03-15,2021-03-16,1,RESIDUAL_REVERTED,274.1499938964844,263.2300109863281,0.03983214719413597,450.4625348532268,11309.01963827707
LLY,1,2021-03-16,2021-03-17,1,RESIDUAL_REVERTED,181.64889526367188,179.9323272705078,-0.009449922558969481,-107.73275053824553,11400.38448632467
AMT,-1,2021-03-12,2021-03-18,4,RESIDUAL_REVERTED,181.14280700683594,186.9861602783203,-0.032258268313485106,-364.79003801914735,11308.4197351862
NOV,1,2021-03-17,2021-03-18,1,RESIDUAL_REVERTED,13.590276718139648,14.161069869995117,0.04200011255794389,477.06470893781096,11358.653105504112
VFC,1,2021-03-17,2021-03-18,1,RESIDUAL_REVERTED,63.433128356933594,65.46399688720703,0.03201589741634514,363.6574726136694,11358.653105504112
RMD,-1,2021-03-17,2021-03-18,1,RESIDUAL_REVERTED,182.12847900390625,180.93817138671875,0.00653553811955998,74.23491035787993,11358.653105504112
ORCL,1,2021-03-12,2021-03-19,5,RESIDUAL_REVERTED,62.096683502197266,61.93901824951172,-0.0025390285566534443,-28.712400638260636,11308.4197351862
NEM,-1,2021-03-16,2021-03-19,3,RESIDUAL_REVERTED,52.58122253417969,53.360904693603516,-0.014828148183831269,-169.04659051587416,11400.38448632467
NRG,1,2021-03-18,2021-03-19,1,RESIDUAL_REVERTED,31.257511138916016,31.73175621032715,0.015172195550166245,172.7192710123997,11383.933883616955
MAA,-1,2021-03-15,2021-03-22,5,RESIDUAL_REVERTED,115.9222183227539,115.4967041015625,0.003670687356988611,41.511875406159554,11309.01963827707
MCD,-1,2021-03-16,2021-03-22,4,RESIDUAL_REVERTED,193.30364990234375,196.65771484375,-0.017351275793813015,-197.8112153777271,11400.38448632467
MPC,1,2021-03-19,2021-03-22,1,RESIDUAL_REVERTED,46.552467346191406,46.938499450683594,0.008292409113816124,94.63607185692742,11412.373721317255
HIG,-1,2021-03-19,2021-03-22,1,RESIDUAL_REVERTED,60.81878662109375,60.64861297607422,0.0027980440662147554,31.932324572356677,11412.373721317255
PPL,-1,2021-03-19,2021-03-22,1,RESIDUAL_REVERTED,24.239219665527344,24.092071533203125,0.0060706629320039784,69.28067411617698,11412.373721317255
V,1,2021-03-22,2021-03-23,1,RESIDUAL_REVERTED,198.31271362304688,200.71304321289062,0.012103760500228544,138.97131038201545,11481.663932411131
FDX,-1,2021-03-22,2021-03-23,1,RESIDUAL_REVERTED,202.7858428955078,196.85997009277344,0.0292223200501619,335.5208581413183,11481.663932411131
DRI,1,2021-03-17,2021-03-24,5,RESIDUAL_REVERTED,117.59825134277344,115.254638671875,-0.019928975508890168,-226.36631955357024,11358.653105504112
TRV,1,2021-03-22,2021-03-24,2,RESIDUAL_REVERTED,134.12515258789062,132.81219482421875,-0.009789049543198147,-112.39457707272403,11481.66393241113
VLO,1,2021-03-19,2021-03-25,4,RESIDUAL_REVERTED,61.71760940551758,58.406986236572266,-0.05364146798351754,-612.1764795879766,11412.373721317255
NTRS,1,2021-03-23,2021-03-25,2,RESIDUAL_REVERTED,84.41357421875,84.81398010253906,0.00474338265492058,54.31504306575086,11450.698165666177
PEP,-1,2021-03-23,2021-03-25,2,RESIDUAL_REVERTED,116.0785140991211,116.69056701660156,-0.0052727494164668265,-60.37666207115328,11450.698165666177
PLD,-1,2021-03-23,2021-03-25,2,RESIDUAL_REVERTED,88.47679901123047,88.50245666503906,-0.0002899930161954778,-3.3206224986063306,11450.698165666176
RL,1,2021-03-24,2021-03-25,1,RESIDUAL_REVERTED,103.11373138427734,100.78286743164062,-0.022604787173787888,-257.1609427231856,11376.393006760323
BALL,-1,2021-03-23,2021-03-26,3,RESIDUAL_REVERTED,78.30601501464844,78.50171661376953,-0.002499189865356799,-28.617468806893626,11450.698165666177
CL,-1,2021-03-24,2021-03-26,2,RESIDUAL_REVERTED,67.51306915283203,68.2944107055664,-0.011573189643706128,-131.66115372857,11376.393006760323
GIS,1,2021-03-25,2021-03-26,1,RESIDUAL_REVERTED,47.309295654296875,48.20725631713867,0.01898063901444358,216.6636206602513,11414.980312063111
WBD,1,2021-03-25,2021-03-26,1,TRAILING_STOP,58.189998626708984,52.90400142669677,-0.09084030460151893,-1036.9402885681543,11414.980312063111
NKE,1,2021-03-26,2021-03-29,1,RESIDUAL_REVERTED,119.6383056640625,120.85649108886719,0.010182235681482243,115.93672128725926,11386.175385638198
MSCI,1,2021-03-26,2021-03-29,1,RESIDUAL_REVERTED,388.24273681640625,398.45465087890625,0.026302910767211696,299.4895551482641,11386.175385638198
CE,-1,2021-03-26,2021-03-29,1,RESIDUAL_REVERTED,141.02902221679688,139.46571350097656,0.011085014213720656,126.21591598971514,11386.175385638198
CSX,-1,2021-03-23,2021-03-30,5,RESIDUAL_REVERTED,28.95374870300293,29.74055290222168,-0.027174519171576206,-311.16721683082693,11450.698165666177
NFLX,1,2021-03-26,2021-03-30,2,RESIDUAL_REVERTED,50.28200149536133,51.05099868774414,0.01529368699560929,174.13660242506106,11386.175385638198
DRI,-1,2021-03-26,2021-03-30,2,RESIDUAL_REVERTED,122.2519760131836,119.1634292602539,0.025263777761732165,287.65780449886904,11386.175385638198
NI,1,2021-03-29,2021-03-30,1,RESIDUAL_REVERTED,19.917020797729492,20.125883102416992,0.010486623818322771,118.55577453646762,11305.428380993404
NUE,-1,2021-03-29,2021-03-30,1,RESIDUAL_REVERTED,73.57283782958984,72.78841400146484,0.010661867222546029,120.53697629215544,11305.428380993406
ANET,-1,2021-03-29,2021-03-30,1,RESIDUAL_REVERTED,19.409374237060547,19.058124542236328,0.01809690979905665,204.59331765053275,11305.428380993406
WBD,1,2021-03-29,2021-03-31,2,RESIDUAL_REVERTED,43.0,44.150001525878906,0.02674422153206768,302.3548811362118,11305.428380993404
TPR,1,2021-03-30,2021-03-31,1,RESIDUAL_REVERTED,34.56652069091797,35.756649017333984,0.03443008733964681,391.53607034370486,11371.916268502875
TFC,1,2021-03-30,2021-03-31,1,RESIDUAL_REVERTED,44.78664016723633,45.35150146484375,0.012612272219978848,143.42570364116392,11371.916268502875
BR,-1,2021-03-30,2021-03-31,1,RESIDUAL_REVERTED,142.28477478027344,138.61180114746094,0.02581424216670103,293.55740045458083,11371.916268502875
MCO,1,2021-03-31,2021-04-01,1,RESIDUAL_REVERTED,284.4029541015625,290.1798400878906,0.020312327642930006,234.19028293398472,11529.465605853293
GM,-1,2021-03-31,2021-04-01,1,RESIDUAL_REVERTED,55.86072540283203,55.51567077636719,0.00617705237403432,71.21811289198331,11529.465605853293
ZION,-1,2021-03-31,2021-04-01,1,RESIDUAL_REVERTED,45.88772964477539,45.31454849243164,0.012490945984489521,144.01393211274376,11529.465605853293
TROW,1,2021-03-31,2021-04-05,2,RESIDUAL_REVERTED,133.81088256835938,136.61642456054688,0.02096647102491267,241.73220655785036,11529.465605853293
DXC,-1,2021-03-31,2021-04-05,2,RESIDUAL_REVERTED,31.350000381469727,30.81999969482422,0.016905922813282626,194.91625561095248,11529.465605853293
L,1,2021-04-01,2021-04-05,1,RESIDUAL_REVERTED,50.089874267578125,51.65947723388672,0.031335733803679267,362.5627454752806,11570.265044589769
CPAY,1,2021-04-01,2021-04-05,1,RESIDUAL_REVERTED,273.32000732421875,282.07000732421875,0.03201375591074296,370.40764096009764,11570.265044589769
PVH,-1,2021-04-01,2021-04-05,1,RESIDUAL_REVERTED,104.03364562988281,101.46748352050781,0.024666655617400446,285.39974325694266,11570.265044589769
KR,1,2021-04-01,2021-04-06,2,RESIDUAL_REVERTED,31.947959899902344,32.55209732055664,0.01891004691839937,218.7942548515094,11570.265044589769
KMX,1,2021-04-05,2021-04-06,1,RESIDUAL_REVERTED,125.56999969482422,127.27999877929688,0.013617895107338684,159.37513644932673,11703.360555585456
FANG,-1,2021-04-05,2021-04-06,1,RESIDUAL_REVERTED,64.7601547241211,61.237953186035156,0.054388405232979276,636.5271164848476,11703.360555585456
ARE,-1,2021-04-05,2021-04-06,1,RESIDUAL_REVERTED,135.64320373535156,135.969482421875,-0.0024054186095459062,-28.15148127463043,11703.360555585456
PWR,-1,2021-03-31,2021-04-06,3,TRAILING_STOP,87.36861419677734,93.20478892984774,-0.0667994426456826,-770.1618764735665,11529.465605853293
COP,1,2021-04-06,2021-04-07,1,RESIDUAL_REVERTED,43.39729690551758,43.537479400634766,0.003230212596475379,38.14790451914019,11809.719447185693
MPC,1,2021-04-06,2021-04-08,2,RESIDUAL_REVERTED,47.70180130004883,46.675289154052734,-0.021519358137845446,-254.13758229146745,11809.719447185693
WAT,-1,2021-04-06,2021-04-08,2,RESIDUAL_REVERTED,294.9800109863281,297.510009765625,-0.008576848210281485,-101.29017110452,11809.719447185693
ILMN,-1,2021-04-07,2021-04-08,1,RESIDUAL_REVERTED,400.92413330078125,394.1828918457031,0.016814257100409402,196.52468734538493,11687.979205492255
STZ,-1,2021-04-07,2021-04-08,1,RESIDUAL_REVERTED,213.7826690673828,203.20347595214844,0.049485737835464505,578.3882747893506,11687.979205492255
VFC,-1,2021-04-06,2021-04-09,3,RESIDUAL_REVERTED,69.3502197265625,69.86002349853516,-0.00735114861903452,-86.8150028053635,11809.719447185693
PAYX,1,2021-04-07,2021-04-09,2,RESIDUAL_REVERTED,80.65481567382812,81.28912353515625,0.007864475989794562,91.9198318308116,11687.979205492253
ROK,1,2021-04-07,2021-04-12,3,RESIDUAL_REVERTED,238.61053466796875,241.1029510498047,0.010445542085156356,122.0872786814022,11687.979205492255
YUM,-1,2021-04-07,2021-04-12,3,RESIDUAL_REVERTED,102.6351318359375,103.75386047363281,-0.010900055543199505,-127.39962252762525,11687.979205492255
PPG,1,2021-04-08,2021-04-12,2,RESIDUAL_REVERTED,132.23622131347656,134.42471313476562,0.016549866591401452,194.3859479287676,11745.469176758357
CDW,-1,2021-04-09,2021-04-12,1,RESIDUAL_REVERTED,161.5636749267578,163.0882110595703,-0.009436131813067572,-110.92969377411767,11755.844022917992
STZ,1,2021-04-09,2021-04-13,2,RESIDUAL_REVERTED,203.36636352539062,204.11749267578125,0.003693477807094947,43.41994900231689,11755.844022917992
IPGP,-1,2021-04-09,2021-04-13,2,RESIDUAL_REVERTED,229.66000366210938,225.14999389648438,0.01963776754205937,230.85853218277123,11755.844022917992
WAT,-1,2021-04-09,2021-04-13,2,RESIDUAL_REVERTED,305.45001220703125,307.20001220703125,-0.005729251694427395,-67.35218928772699,11755.844022917992
CAG,1,2021-04-12,2021-04-13,1,RESIDUAL_REVERTED,27.672555923461914,28.555164337158203,0.0318947196687378,373.44347839762617,11708.630214538709
OXY,1,2021-04-06,2021-04-14,6,RESIDUAL_REVERTED,23.816152572631836,23.23980712890625,-0.024199771225344335,-285.79250885739356,11809.719447185693
AMD,1,2021-04-13,2021-04-14,1,RESIDUAL_REVERTED,79.66999816894531,79.87999725341797,0.0026358615451118617,31.07902555562771,11790.841447367691
FTV,-1,2021-04-13,2021-04-14,1,RESIDUAL_REVERTED,53.93032455444336,53.665321350097656,0.004913806963616207,57.93791881096935,11790.841447367691
PCAR,-1,2021-04-13,2021-04-14,1,RESIDUAL_REVERTED,52.331947326660156,52.55223083496094,-0.004209350493413755,-49.63178426424092,11790.841447367691
HON,-1,2021-04-12,2021-04-15,3,RESIDUAL_REVERTED,199.60621643066406,203.6666259765625,-0.02034209965253697,-238.17812261885214,11708.630214538709
BEN,1,2021-04-14,2021-04-15,1,RESIDUAL_REVERTED,22.828401565551758,23.192108154296875,0.015932196903963414,187.96617721677586,11797.88188344672
DHR,-1,2021-04-14,2021-04-15,1,RESIDUAL_REVERTED,208.9159698486328,205.8471221923828,0.01468938759671412,173.30365980620005,11797.881883446722
WST,-1,2021-04-14,2021-04-15,1,RESIDUAL_REVERTED,301.6080017089844,297.0922546386719,0.014972238948320893,176.64070664303085,11797.881883446722
INTC,1,2021-04-13,2021-04-16,3,RESIDUAL_REVERTED,59.673118591308594,59.41846466064453,-0.004267481517232996,-50.31719794926644,11790.841447367691
WAT,1,2021-04-15,2021-04-16,1,RESIDUAL_REVERTED,298.4700012207031,299.7799987792969,0.004389042628190509,52.17229090483825,11886.941031226015
WFC,-1,2021-04-15,2021-04-16,1,RESIDUAL_REVERTED,37.03009033203125,37.531436920166016,-0.013538897249221638,-160.93607322932536,11886.941031226012
SLB,-1,2021-04-15,2021-04-16,1,RESIDUAL_REVERTED,24.16024398803711,23.87610626220703,0.011760548691924111,139.7969487957646,11886.941031226013
WTW,1,2021-04-15,2021-04-19,2,RESIDUAL_REVERTED,220.5399627685547,223.73876953125,0.014504431407981633,172.41332083813953,11886.941031226013
TFC,1,2021-04-16,2021-04-19,1,RESIDUAL_REVERTED,44.7247314453125,45.00328826904297,0.006228250337759533,74.2585356338307,11922.85659804489
UNH,-1,2021-04-16,2021-04-19,1,RESIDUAL_REVERTED,357.31634521484375,353.7605895996094,0.009951281722352823,118.64770494235748,11922.85659804489
BDX,-1,2021-04-16,2021-04-20,2,RESIDUAL_REVERTED,180.37864685058594,180.1906280517578,0.0010423561885563037,12.427863360241762,11922.85659804489
NEM,-1,2021-04-16,2021-04-20,2,RESIDUAL_REVERTED,56.171165466308594,55.6570930480957,0.009151891614590624,109.11669132161322,11922.85659804489
STT,1,2021-04-19,2021-04-20,1,RESIDUAL_REVERTED,67.99880981445312,68.0751724243164,0.0011229992123633625,13.392354584858081,11925.524468243382
BNY,1,2021-04-19,2021-04-20,1,RESIDUAL_REVERTED,39.831764221191406,40.15028381347656,0.007996622758569494,95.36392037063328,11925.524468243382
SHW,-1,2021-04-19,2021-04-20,1,RESIDUAL_REVERTED,253.03067016601562,253.48765563964844,-0.0018060477543413445,-21.53806668521346,11925.524468243382
JBHT,1,2021-04-20,2021-04-21,1,RESIDUAL_REVERTED,159.25645446777344,160.85520935058594,0.010038870249594822,119.95758613404621,11949.311341969635
MS,-1,2021-04-20,2021-04-21,1,RESIDUAL_REVERTED,66.85868835449219,64.68375396728516,0.03253031790984717,388.71489675801536,11949.311341969635
SYF,1,2021-04-14,2021-04-22,6,RESIDUAL_REVERTED,35.726646423339844,35.797542572021484,0.0019844053606812295,23.411780054196353,11797.881883446722
ZION,1,2021-04-21,2021-04-22,1,RESIDUAL_REVERTED,43.26272964477539,44.60015106201172,0.03091393974022716,369.9290681456627,11966.41616223011
UAL,1,2021-04-21,2021-04-22,1,RESIDUAL_REVERTED,49.880001068115234,52.34000015258789,0.04931834466309093,590.1638366708477,11966.41616223011
JNJ,-1,2021-04-21,2021-04-22,1,RESIDUAL_REVERTED,142.9416961669922,142.48631286621094,0.0031857975173965603,38.12257890176617,11966.41616223011
PPG,-1,2021-04-19,2021-04-23,4,RESIDUAL_REVERTED,149.65455627441406,153.1918182373047,-0.023636179552091408,-281.8738375842605,11925.524468243382
DOV,-1,2021-04-21,2021-04-23,2,RESIDUAL_REVERTED,135.71902465820312,137.7001953125,-0.014597589831538249,-174.68083488972522,11966.41616223011
IBM,-1,2021-04-21,2021-04-23,2,RESIDUAL_REVERTED,106.57384490966797,109.08261108398438,-0.023540167631587616,-281.69144240823636,11966.41616223011
NFLX,1,2021-04-22,2021-04-23,1,RESIDUAL_REVERTED,51.38199996948242,50.9010009765625,-0.009361235319870875,-112.14552932588406,11979.778896043308
ISRG,-1,2021-04-22,2021-04-23,1,RESIDUAL_REVERTED,294.96331787109375,283.7300109863281,0.0380837419576181,456.23480818623267,11979.778896043308
MO,1,2021-04-20,2021-04-26,4,RESIDUAL_REVERTED,30.193437576293945,31.120136260986328,0.030692056257283218,366.74893594352443,11949.311341969635
HBAN,1,2021-04-23,2021-04-26,1,RESIDUAL_REVERTED,11.374834060668945,11.814743995666504,0.038673965057534065,465.73500202164206,12042.59768370745
LYB,1,2021-04-23,2021-04-26,1,RESIDUAL_REVERTED,71.21459197998047,72.8477783203125,0.022933310364133597,276.1766302708593,12042.59768370745
DOW,1,2021-04-23,2021-04-26,1,RESIDUAL_REVERTED,45.51633834838867,46.45496368408203,0.02062172331414236,248.3391174169469,12042.59768370745
EFX,-1,2021-04-23,2021-04-27,2,RESIDUAL_REVERTED,213.18894958496094,217.99952697753906,-0.022564853393871598,-271.73945121423617,12042.59768370745
AZO,1,2021-04-27,2021-04-28,1,RESIDUAL_REVERTED,1451.3299560546875,1464.25,0.008902209929184224,107.58170480979513,12084.831257136395
KMB,1,2021-04-26,2021-04-29,3,RESIDUAL_REVERTED,106.6082992553711,105.20885467529297,-0.013126975947021502,-159.07213139281674,12117.957101072485
MAS,1,2021-04-27,2021-04-29,2,RESIDUAL_REVERTED,57.28684997558594,58.04597473144531,0.013251291634692741,160.1396233443638,12084.831257136393
STX,-1,2021-04-26,2021-04-29,3,STOP_LOSS,76.53475952148438,81.84894561767578,-0.06943493556936886,-841.4095705453437,12117.957101072485
APTV,-1,2021-04-26,2021-04-30,4,RESIDUAL_REVERTED,145.75,143.5500030517578,0.015094318684337527,182.91230628671843,12117.957101072485
MCK,1,2021-04-27,2021-04-30,3,RESIDUAL_REVERTED,185.3125,184.54608154296875,-0.004135816294266403,-49.98064202672511,12084.831257136393
RSG,1,2021-04-27,2021-04-30,3,RESIDUAL_REVERTED,97.8873291015625,99.29977416992188,0.014429294182640273,174.37558535678815,12084.831257136393
CFG,-1,2021-04-26,2021-05-03,5,RESIDUAL_REVERTED,36.21955490112305,37.82799530029297,-0.04440806640393169,-538.1350436244225,12117.957101072485
AMGN,1,2021-04-29,2021-05-03,2,RESIDUAL_REVERTED,198.26380920410156,202.98695373535156,0.02382252489856973,284.82293713275675,11956.03481769711
TFX,1,2021-04-30,2021-05-03,1,RESIDUAL_REVERTED,404.1269226074219,408.597412109375,0.011062092753211239,131.8701643364648,11920.905680182783
META,-1,2021-04-30,2021-05-03,1,RESIDUAL_REVERTED,323.04595947265625,323.07574462890625,-9.220098681517186e-05,-1.0991192674422252,11920.905680182783
FITB,-1,2021-04-26,2021-05-04,6,RESIDUAL_REVERTED,31.770383834838867,33.21149826049805,-0.04536030893271348,-549.6742777380178,12117.957101072485
BMY,1,2021-04-30,2021-05-04,2,RESIDUAL_REVERTED,50.148170471191406,51.264381408691406,0.022258258417248378,265.3385991971518,11920.905680182783
RMD,1,2021-05-03,2021-05-04,1,RESIDUAL_REVERTED,181.45237731933594,184.17591857910156,0.015009675265772238,180.0787594971355,11997.512025312257
AON,-1,2021-05-03,2021-05-04,1,RESIDUAL_REVERTED,242.12771606445312,242.95578002929688,-0.0034199470358169393,-41.030855688144634,11997.512025312257
UPS,-1,2021-04-28,2021-05-04,4,TRAILING_STOP,152.70396423339844,166.84296860578988,-0.09259094512294941,-1112.3731146342327,12013.84339642647
EL,1,2021-05-04,2021-05-05,1,RESIDUAL_REVERTED,270.83221435546875,272.9270935058594,0.007734970359327686,92.5549865257073,11965.784253341653
KEYS,1,2021-05-04,2021-05-05,1,RESIDUAL_REVERTED,139.3000030517578,141.41000366210938,0.015147168443116144,181.24774963935224,11965.784253341653
MHK,-1,2021-05-04,2021-05-05,1,RESIDUAL_REVERTED,221.0,221.82000732421875,-0.003710440381080371,-44.39832908489385,11965.784253341653
IPGP,1,2021-05-05,2021-05-06,1,RESIDUAL_REVERTED,189.75,189.8300018310547,0.0004216170279562892,5.05231780331274,11983.192016233499
INCY,1,2021-05-05,2021-05-06,1,RESIDUAL_REVERTED,81.76000213623047,81.20999908447266,-0.006727043020881784,-80.6114482206904,11983.192016233499
HSIC,-1,2021-05-05,2021-05-06,1,RESIDUAL_REVERTED,79.55999755859375,78.2699966430664,0.016214189983820626,194.2977519638124,11983.192016233499
AMCR,-1,2021-05-05,2021-05-06,1,RESIDUAL_REVERTED,46.202396392822266,47.08061981201172,-0.01900817896376239,-227.77865840169437,11983.192016233499
IT,-1,2021-05-05,2021-05-07,2,RESIDUAL_REVERTED,228.24000549316406,231.47999572753906,-0.014195540467913492,-170.10788720122008,11983.192016233499
VRSK,1,2021-05-06,2021-05-07,1,RESIDUAL_REVERTED,166.1187744140625,168.95814514160156,0.017092413169758514,202.58476814279288,11852.32103452922
BKR,-1,2021-05-04,2021-05-07,3,TRAILING_STOP,19.07354164123535,20.778660896232996,-0.08939709714483879,-1069.7063773101659,11965.784253341653
TMUS,-1,2021-05-06,2021-05-07,1,TRAILING_STOP,127.10376739501953,132.98517003040305,-0.0462724493217026,-548.4359244148037,11852.321034529221
COR,1,2021-05-06,2021-05-10,2,RESIDUAL_REVERTED,107.31473541259766,110.1667251586914,0.02657593791876378,314.986548006906,11852.321034529221
CAH,1,2021-05-07,2021-05-10,1,RESIDUAL_REVERTED,50.2802848815918,50.555912017822266,0.005481813336570385,64.5475210468006,11774.848409410391
IRM,-1,2021-05-07,2021-05-10,1,RESIDUAL_REVERTED,33.03303527832031,33.42781448364258,-0.011951042403341106,-140.72171263377606,11774.848409410391
ALL,-1,2021-05-07,2021-05-10,1,RESIDUAL_REVERTED,113.91365814208984,116.7759780883789,-0.025127100586294526,-295.8678003716253,11774.848409410391
DXCM,1,2021-05-03,2021-05-10,5,TRAILING_STOP,96.5250015258789,87.31560256038323,-0.09540946718375953,-1144.6762298657898,11997.512025312257
MNST,1,2021-05-10,2021-05-11,1,RESIDUAL_REVERTED,22.78499984741211,22.475000381469727,-0.01360541882898425,-160.0458650053131,11763.391264689377
CNC,-1,2021-05-10,2021-05-11,1,RESIDUAL_REVERTED,70.11000061035156,70.01000213623047,0.0014263082762878687,16.778222318039177,11763.391264689377
MCK,-1,2021-05-10,2021-05-12,2,RESIDUAL_REVERTED,191.133544921875,191.57981872558594,-0.0023348795413873358,-27.466101601258604,11763.391264689377
ALGN,1,2021-05-11,2021-05-12,1,RESIDUAL_REVERTED,539.9099731445312,553.4199829101562,0.025022708298830576,291.7767151678805,11660.477022845596
QCOM,1,2021-05-11,2021-05-12,1,RESIDUAL_REVERTED,111.25791931152344,111.95079803466797,0.006227680037808936,72.61771998650524,11660.477022845596
QRVO,1,2021-05-11,2021-05-12,1,RESIDUAL_REVERTED,164.69400024414062,168.92999267578125,0.02572038098146412,299.91191145319607,11660.477022845596
CME,-1,2021-05-11,2021-05-12,1,STOP_LOSS,165.74301147460938,172.99993121671324,-0.04378416729332546,-510.54427668824934,11660.477022845596
CTSH,1,2021-05-07,2021-05-13,4,RESIDUAL_REVERTED,68.92462921142578,65.02152252197266,-0.05662862077183428,-666.7934252223378,11774.848409410391
MSI,-1,2021-05-10,2021-05-13,3,RESIDUAL_REVERTED,187.34747314453125,183.16836547851562,0.022306720212829423,262.4026776954671,11763.391264689377
VTRS,-1,2021-05-11,2021-05-13,2,TRAILING_STOP,11.930908203125,12.78444736898855,-0.07154016704612531,-834.1924740518806,11660.477022845596
BAX,1,2021-05-12,2021-05-14,2,RESIDUAL_REVERTED,75.12261962890625,75.36568450927734,0.0032355751379784525,37.90919316433961,11716.3692845118
DHI,1,2021-05-13,2021-05-14,1,RESIDUAL_REVERTED,87.917236328125,90.93910217285156,0.034371711065260824,396.690572508691,11541.193621565813
PHM,1,2021-05-13,2021-05-14,1,RESIDUAL_REVERTED,52.91537857055664,55.47763442993164,0.048421761850546474,558.8449290145049,11541.193621565813
GAP,1,2021-05-13,2021-05-14,1,RESIDUAL_REVERTED,26.696481704711914,27.7597599029541,0.039828401734844254,459.667296059346,11541.193621565813
PRGO,-1,2021-05-13,2021-05-14,1,RESIDUAL_REVERTED,35.11167526245117,36.35564422607422,-0.03542892654151886,-408.892101019901,11541.193621565813
PSX,-1,2021-05-13,2021-05-14,1,RESIDUAL_REVERTED,68.56929016113281,69.44929504394531,-0.012833804765144174,-148.1174256959029,11541.193621565813
TDY,1,2021-05-14,2021-05-17,1,RESIDUAL_REVERTED,413.2799987792969,423.3800048828125,0.024438652084175283,282.93390871434633,11577.312355027712
GEN,-1,2021-05-12,2021-05-17,3,TRAILING_STOP,21.40379524230957,23.5695121351734,-0.1011837792478405,-1185.5065232702211,11716.369284511802
PH,-1,2021-05-14,2021-05-18,2,RESIDUAL_REVERTED,296.4068908691406,297.32391357421875,-0.0030937968492876777,-35.81785248720487,11577.312355027712
AVY,1,2021-05-17,2021-05-18,1,RESIDUAL_REVERTED,198.9137725830078,200.72866821289062,0.009124032018071881,105.6015775371522,11574.003393235504
FE,-1,2021-05-14,2021-05-19,3,RESIDUAL_REVERTED,30.209503173828125,30.387163162231445,-0.005880930493330272,-68.08536925949058,11577.312355027712
DIS,1,2021-05-17,2021-05-19,2,RESIDUAL_REVERTED,167.4435577392578,162.60545349121094,-0.028893940820230002,-334.4185690972875,11574.003393235504
FOXA,1,2021-05-17,2021-05-19,2,RESIDUAL_REVERTED,35.23780059814453,34.46302795410156,-0.02198697509184966,-254.47732432005242,11574.003393235502
STE,1,2021-05-17,2021-05-19,2,RESIDUAL_REVERTED,187.746337890625,184.5224151611328,-0.01717169434948096,-198.7452486684955,11574.003393235504
STX,-1,2021-05-17,2021-05-19,2,RESIDUAL_REVERTED,83.71967315673828,81.57630920410156,0.02560167606751107,296.31388567788974,11574.003393235504
CMCSA,1,2021-05-18,2021-05-19,1,RESIDUAL_REVERTED,44.08355712890625,43.29862976074219,-0.017805445369774242,-203.59331755097594,11434.3288428262
RCL,-1,2021-05-17,2021-05-20,3,RESIDUAL_REVERTED,81.2251968383789,81.930908203125,-0.008688330619257334,-100.55876806883664,11574.003393235505
DD,-1,2021-05-18,2021-05-20,2,RESIDUAL_REVERTED,96.93580627441406,95.22784423828125,0.017619516479780106,201.46734548140148,11434.3288428262
T,1,2021-05-19,2021-05-21,2,RESIDUAL_REVERTED,15.840635299682617,16.364112854003906,0.033046499993076406,379.0257137624661,11469.466171663411
CVS,-1,2021-05-19,2021-05-21,2,RESIDUAL_REVERTED,74.52330780029297,75.18852233886719,-0.008926261571169825,-102.37945512995188,11469.466171663411
PGR,1,2021-05-20,2021-05-21,1,RESIDUAL_REVERTED,88.63192749023438,91.21480560302734,0.02914162182784019,335.5576413362598,11514.720879936991
STE,1,2021-05-20,2021-05-24,2,RESIDUAL_REVERTED,180.64236450195312,182.439697265625,0.00994967469910657,114.56772700638355,11514.720879936991
DE,1,2021-05-20,2021-05-24,2,RESIDUAL_REVERTED,334.3064880371094,337.6687927246094,0.010057551402133713,115.8098971311877,11514.720879936991
TTWO,-1,2021-05-20,2021-05-24,2,RESIDUAL_REVERTED,179.9499969482422,184.36000061035156,-0.024506828212827347,-282.18928652327185,11514.720879936991
NWS,-1,2021-05-21,2021-05-24,1,RESIDUAL_REVERTED,24.49064826965332,24.271047592163086,0.008966715583529239,103.04733138022166,11492.204745459616
HRL,-1,2021-05-21,2021-05-25,2,RESIDUAL_REVERTED,41.415504455566406,41.306453704833984,0.0026330900025477444,30.26000942250102,11492.204745459616
LW,-1,2021-05-24,2021-05-25,1,RESIDUAL_REVERTED,72.68699645996094,72.6418228149414,0.0006214817948133611,7.162323800068899,11524.591484163218
TJX,1,2021-05-20,2021-05-26,4,RESIDUAL_REVERTED,63.02556610107422,62.821651458740234,-0.0032354273820717205,-37.25504323186068,11514.720879936991
TGT,-1,2021-05-20,2021-05-26,4,RESIDUAL_REVERTED,186.15638732910156,192.88525390625,-0.03614631049566208,-416.2146761970856,11514.720879936991
VFC,1,2021-05-24,2021-05-26,2,RESIDUAL_REVERTED,65.22162628173828,65.50578308105469,0.004356788009071355,50.21020198764741,11524.591484163218
PGR,1,2021-05-24,2021-05-26,2,RESIDUAL_REVERTED,88.67660522460938,87.79180145263672,-0.009977871499833979,-114.99089291706122,11524.591484163218
DG,1,2021-05-25,2021-05-26,1,RESIDUAL_REVERTED,182.0489959716797,183.2696075439453,0.006704851986415239,76.96732793722474,11479.347805614261
TROW,1,2021-05-25,2021-05-26,1,RESIDUAL_REVERTED,145.9656524658203,146.50189208984375,0.0036737384101304116,42.17212095673189,11479.347805614261
NVR,-1,2021-05-26,2021-05-27,1,RESIDUAL_REVERTED,4845.0,4859.0400390625,-0.0028978408797730726,-33.37176417446786,11516.078887355075
SNPS,-1,2021-05-26,2021-05-27,1,RESIDUAL_REVERTED,257.989990234375,253.8699951171875,0.015969592903370522,183.90709167416045,11516.078887355075
BALL,1,2021-05-27,2021-05-28,1,RESIDUAL_REVERTED,77.23436737060547,76.90798950195312,-0.004225811381172284,-48.74495085425933,11535.051249906306
ZBH,1,2021-05-27,2021-05-28,1,RESIDUAL_REVERTED,153.1846923828125,156.8426055908203,0.023879104048246447,275.4466889983685,11535.051249906304
SYK,1,2021-05-27,2021-05-28,1,RESIDUAL_REVERTED,240.9803466796875,242.66619873046875,0.00699580722664539,80.69699489381854,11535.051249906304
MGM,-1,2021-05-25,2021-06-01,4,RESIDUAL_REVERTED,42.107051849365234,43.126495361328125,-0.02421075490181246,-277.92367615438553,11479.347805614261
BSX,1,2021-05-27,2021-06-01,2,RESIDUAL_REVERTED,42.04999923706055,42.81999969482422,0.018311545106641347,211.22461127007986,11535.051249906304
MDT,1,2021-05-27,2021-06-01,2,RESIDUAL_REVERTED,105.10269165039062,108.06441497802734,0.028179329007942844,325.0500042945914,11535.051249906304
F,-1,2021-05-27,2021-06-01,2,RESIDUAL_REVERTED,10.545368194580078,10.79470157623291,-0.02364387634952192,-272.7333254381823,11535.051249906304
GE,-1,2021-05-28,2021-06-01,1,RESIDUAL_REVERTED,69.48680877685547,69.19503021240234,0.004199049713019876,48.192243140791525,11476.94036375961
TDG,-1,2021-05-28,2021-06-01,1,RESIDUAL_REVERTED,539.1362915039062,543.3003540039062,-0.007723580411150621,-88.64307177347843,11476.94036375961
HCA,-1,2021-05-26,2021-06-02,4,RESIDUAL_REVERTED,200.7313995361328,207.46380615234375,-0.033539379647473,-386.24214185324996,11516.078887355075
HPQ,1,2021-06-01,2021-06-02,1,RESIDUAL_REVERTED,24.29880142211914,24.380565643310547,0.0033649487384581622,38.989614068874594,11586.986043281999
HPE,1,2021-06-01,2021-06-02,1,RESIDUAL_REVERTED,13.870946884155273,13.63890552520752,-0.016728588241716524,-193.83391848058034,11586.986043281999
COST,1,2021-06-01,2021-06-03,2,RESIDUAL_REVERTED,359.37554931640625,359.10125732421875,-0.000763246115962124,-8.843722093242265,11586.986043281999
ABT,1,2021-06-02,2021-06-03,1,RESIDUAL_REVERTED,95.62264251708984,96.71636199951172,0.011437871341261063,132.15063977835962,11553.779181064769
NUE,-1,2021-06-02,2021-06-03,1,RESIDUAL_REVERTED,102.01838684082031,96.18534851074219,0.057176343507366334,660.6028472648171,11553.779181064769
APA,-1,2021-06-02,2021-06-04,2,RESIDUAL_REVERTED,19.920671463012695,20.289730072021484,-0.018526414116814882,-214.0500977226398,11553.779181064769
SPG,-1,2021-06-02,2021-06-04,2,RESIDUAL_REVERTED,100.78108215332031,100.98356628417969,-0.00200914821048781,-23.213254766008344,11553.779181064769
PWR,1,2021-06-03,2021-06-04,1,RESIDUAL_REVERTED,92.27571105957031,92.84085845947266,0.006124552099495695,70.8010180098851,11560.195237087735
HCA,1,2021-06-03,2021-06-04,1,RESIDUAL_REVERTED,199.72865295410156,204.9618377685547,0.026201472533115888,302.8941379820113,11560.195237087735
SLB,-1,2021-06-03,2021-06-07,2,RESIDUAL_REVERTED,31.424474716186523,32.55664825439453,-0.036028399788170073,-416.49533563109554,11560.195237087735
LUV,1,2021-06-04,2021-06-07,1,RESIDUAL_REVERTED,53.83531188964844,53.8812141418457,0.0008526420779608745,9.843969398115895,11545.254043358096
GM,-1,2021-06-04,2021-06-07,1,RESIDUAL_REVERTED,60.9311408996582,61.324119567871094,-0.006449553748879344,-74.46173649710548,11545.254043358096
BIIB,-1,2021-06-07,2021-06-07,0,STOP_LOSS,295.3500061035156,315.04789922212615,-0.06669338991551177,-768.0653812840801,11516.364399186761
DRI,1,2021-06-02,2021-06-08,4,RESIDUAL_REVERTED,115.39055633544922,116.06423950195312,0.0058382868399164956,67.45427694411264,11553.779181064769
DVN,-1,2021-06-02,2021-06-08,4,RESIDUAL_REVERTED,23.26217269897461,23.377172470092773,-0.004943638438521081,-57.11770686969517,11553.779181064769
KIM,1,2021-06-07,2021-06-08,1,RESIDUAL_REVERTED,17.17475700378418,17.42699432373047,0.014686514626711222,169.1352541951939,11516.364399186761
ADSK,-1,2021-06-07,2021-06-08,1,RESIDUAL_REVERTED,283.9700012207031,281.989990234375,0.006972606183106134,80.29907361667273,11516.364399186761
AOS,1,2021-06-04,2021-06-09,3,RESIDUAL_REVERTED,62.53190231323242,61.80656814575195,-0.011599425903391691,-133.9183188117659,11545.254043358096
URI,1,2021-06-08,2021-06-09,1,RESIDUAL_REVERTED,304.30120849609375,309.8269958496094,0.018158939889936665,208.57853356344089,11486.272592324185
BIIB,-1,2021-06-08,2021-06-09,1,RESIDUAL_REVERTED,389.1000061035156,395.0,-0.015163181197470177,-174.1684326009476,11486.272592324185
LLY,-1,2021-06-08,2021-06-09,1,RESIDUAL_REVERTED,211.19009399414062,210.84718322753906,0.0016237066811053413,18.650337549154564,11486.272592324185
CAH,-1,2021-06-08,2021-06-09,1,RESIDUAL_REVERTED,52.41419982910156,52.50312042236328,-0.0016964981541576218,-19.48644025102909,11486.272592324185
AEP,1,2021-06-09,2021-06-10,1,RESIDUAL_REVERTED,69.0948257446289,70.2878189086914,0.017266027538324513,198.8186789614118,11515.021536951888
GNRC,-1,2021-06-09,2021-06-10,1,RESIDUAL_REVERTED,350.7900085449219,341.92999267578125,0.02525732105624101,290.83859592832385,11515.021536951888
CMS,1,2021-06-09,2021-06-11,2,RESIDUAL_REVERTED,51.1396484375,51.2161750793457,0.001496424871579416,17.2313646246676,11515.021536951888
NRG,-1,2021-06-09,2021-06-11,2,RESIDUAL_REVERTED,31.34823226928711,31.678855895996094,-0.010546802890474494,-121.44666242980071,11515.021536951888
BF-B,1,2021-06-10,2021-06-11,1,RESIDUAL_REVERTED,66.49676513671875,67.12763977050781,0.009487298103779462,108.94532630187376,11483.28271233226
CPB,1,2021-06-10,2021-06-14,2,RESIDUAL_REVERTED,37.26225280761719,37.45769119262695,0.00524494281166521,60.229161116367095,11483.282712332259
ROK,-1,2021-06-10,2021-06-15,3,RESIDUAL_REVERTED,256.8547058105469,259.2747497558594,-0.009421840015255478,-108.19365256554426,11483.28271233226
VRTX,1,2021-06-14,2021-06-15,1,RESIDUAL_REVERTED,195.66000366210938,195.91000366210938,0.0012777266447963065,14.584393405414309,11414.32986845203
CCI,1,2021-06-14,2021-06-15,1,RESIDUAL_REVERTED,150.3592071533203,152.68435668945312,0.015463965128266866,176.51079904827813,11414.32986845203
REGN,-1,2021-06-14,2021-06-15,1,RESIDUAL_REVERTED,520.0919799804688,523.0640869140625,-0.005714579435940115,-65.22809474129268,11414.32986845203
MOS,1,2021-06-07,2021-06-15,6,TRAILING_STOP,32.05788040161133,28.903671141268582,-0.098391073297042,-1133.1074537158297,11516.364399186761
CAT,1,2021-06-11,2021-06-16,3,RESIDUAL_REVERTED,206.54359436035156,199.88998413085938,-0.03221407204661986,-370.257305369114,11493.651123437046
ADBE,-1,2021-06-11,2021-06-16,3,RESIDUAL_REVERTED,529.75,548.4600219726562,-0.03531858796159737,-405.9395282030247,11493.651123437046
SRE,-1,2021-06-10,2021-06-17,5,RESIDUAL_REVERTED,58.6297607421875,59.35715866088867,-0.01240663290269528,-142.46887312977262,11483.28271233226
PPL,-1,2021-06-10,2021-06-17,5,RESIDUAL_REVERTED,24.119592666625977,23.738061904907227,0.015818292082795837,181.64592001299158,11483.28271233226
ETN,-1,2021-06-16,2021-06-17,1,RESIDUAL_REVERTED,136.09259033203125,134.6924285888672,0.010288302542761696,116.51268974634336,11324.772892523028
GLW,1,2021-06-15,2021-06-17,2,TRAILING_STOP,36.43907928466797,34.743247616905556,-0.04653881769389123,-527.389158585968,11332.242302648647
FAST,1,2021-06-16,2021-06-17,1,TRAILING_STOP,22.618541717529297,21.917008666992185,-0.03101583909777106,-351.247333853294,11324.772892523028
ARE,1,2021-06-16,2021-06-18,2,RESIDUAL_REVERTED,147.26974487304688,145.7975311279297,-0.009996715526235933,-113.21053300578039,11324.772892523028
XOM,-1,2021-06-16,2021-06-18,2,RESIDUAL_REVERTED,53.17425537109375,50.42957305908203,0.05161675124281595,584.5479852747469,11324.772892523028
STT,-1,2021-06-17,2021-06-18,1,RESIDUAL_REVERTED,74.62313079833984,68.67736053466797,0.0796773091675772,901.0442381932984,11308.668021132888
TTWO,1,2021-06-16,2021-06-21,3,RESIDUAL_REVERTED,177.0,171.85000610351562,-0.029096010714600995,-329.50571342127284,11324.772892523028
WTW,1,2021-06-17,2021-06-22,3,RESIDUAL_REVERTED,223.87429809570312,213.87759399414062,-0.044653201312501944,-504.9682297238997,11308.668021132888
RF,1,2021-06-18,2021-06-22,2,RESIDUAL_REVERTED,15.616499900817871,15.979300498962402,0.02323187656957182,263.280890853359,11332.743184344989
MET,1,2021-06-18,2021-06-22,2,RESIDUAL_REVERTED,50.251617431640625,50.8746452331543,0.012398164145884571,140.5052102226631,11332.743184344989
AMD,-1,2021-06-18,2021-06-22,2,RESIDUAL_REVERTED,84.27999877929688,82.9000015258789,0.016373959105430824,185.56187345281498,11332.743184344989
GL,1,2021-06-21,2021-06-22,1,RESIDUAL_REVERTED,89.06110382080078,91.56796264648438,0.028147628068114106,319.0618209507249,11335.300444450644
LEN,-1,2021-06-21,2021-06-22,1,RESIDUAL_REVERTED,87.86149597167969,87.12156677246094,0.008421541097561658,95.46069854615021,11335.300444450644
PSA,-1,2021-06-21,2021-06-22,1,RESIDUAL_REVERTED,238.0615692138672,241.3138427734375,-0.013661480810657656,-154.85698950490246,11335.300444450644
AMZN,1,2021-06-22,2021-06-23,1,RESIDUAL_REVERTED,172.9029998779297,175.25,0.013574085607116704,155.0985047576005,11426.073862115922
KR,-1,2021-06-18,2021-06-24,4,RESIDUAL_REVERTED,34.86452865600586,34.96274185180664,-0.002816994796339012,-31.92427857854636,11332.743184344989
KIM,1,2021-06-23,2021-06-24,1,RESIDUAL_REVERTED,16.348220825195312,16.51479721069336,0.010189266910398231,116.14567815858199,11398.82576243573
TSCO,-1,2021-06-23,2021-06-24,1,RESIDUAL_REVERTED,32.64669418334961,32.96852493286133,-0.009857988919314886,-112.36949805929129,11398.82576243573
DHR,-1,2021-06-18,2021-06-25,5,RESIDUAL_REVERTED,222.22012329101562,231.3482208251953,-0.041076826882260775,-465.51312988445943,11332.743184344989
EVRG,1,2021-06-23,2021-06-25,2,RESIDUAL_REVERTED,50.31731033325195,49.796905517578125,-0.010342460919059104,-117.89190997115585,11398.82576243573
CTAS,-1,2021-06-23,2021-06-25,2,RESIDUAL_REVERTED,88.73477935791016,89.91300201416016,-0.013278025423353546,-151.3538982699992,11398.82576243573
CMCSA,1,2021-06-24,2021-06-25,1,RESIDUAL_REVERTED,44.1628532409668,44.36900329589844,0.0046679514524756716,53.08815613621175,11372.902369851392
WAB,-1,2021-06-23,2021-06-28,3,RESIDUAL_REVERTED,78.6767807006836,80.54195404052734,-0.02370678265217263,-270.22948484004894,11398.82576243573
LLY,-1,2021-06-25,2021-06-28,1,RESIDUAL_REVERTED,222.05868530273438,218.1341552734375,0.01767339126567613,200.52771641457437,11346.306625600671
IRM,1,2021-06-23,2021-06-29,4,RESIDUAL_REVERTED,35.72651672363281,35.03239822387695,-0.01942866429227641,-221.46395906451502,11398.82576243573
EQIX,1,2021-06-25,2021-06-29,2,RESIDUAL_REVERTED,703.77294921875,714.4441528320312,0.015162849929266642,172.04234461542598,11346.306625600671
ABBV,1,2021-06-28,2021-06-29,1,RESIDUAL_REVERTED,93.23149108886719,92.7293701171875,-0.005385744299649442,-61.14193170696169,11352.55004789979
FDX,1,2021-06-28,2021-06-29,1,RESIDUAL_REVERTED,213.04588317871094,215.22723388671875,0.010238877538778945,116.23736969330425,11352.55004789979
NKE,-1,2021-06-28,2021-06-29,1,RESIDUAL_REVERTED,140.21188354492188,139.61065673828125,0.004287987518889591,48.679592912963656,11352.55004789979
INTC,-1,2021-06-29,2021-06-30,1,RESIDUAL_REVERTED,52.66482925415039,51.55754852294922,0.0210250511941783,238.77715186459744,11356.792887653613
META,-1,2021-06-29,2021-06-30,1,RESIDUAL_REVERTED,352.8901062011719,348.8291320800781,0.011507758505359456,130.69122994650203,11356.792887653613
RTX,1,2021-06-23,2021-07-01,6,RESIDUAL_REVERTED,78.05027770996094,76.26464080810547,-0.022878033932063557,-260.7827225786847,11398.82576243573
ACN,-1,2021-06-25,2021-07-01,4,RESIDUAL_REVERTED,268.3429870605469,271.2344970703125,-0.010775426037548108,-122.26128784350095,11346.306625600671
KMX,-1,2021-06-28,2021-07-01,3,RESIDUAL_REVERTED,127.55999755859375,129.5,-0.01520854874989408,-172.65581083909694,11352.55004789979
NOC,1,2021-06-30,2021-07-01,1,RESIDUAL_REVERTED,331.710205078125,334.6757507324219,0.008940170090933508,101.38400426667951,11340.276889082455
LMT,1,2021-06-30,2021-07-01,1,RESIDUAL_REVERTED,325.2618408203125,327.70233154296875,0.0075031571994468305,85.08788018403929,11340.276889082455
FOXA,1,2021-06-30,2021-07-01,1,RESIDUAL_REVERTED,34.537715911865234,34.65906524658203,0.0035135309765839118,39.844414132830934,11340.276889082457
ATO,1,2021-06-30,2021-07-02,2,RESIDUAL_REVERTED,84.46198272705078,85.1556625366211,0.008212923580210418,93.13682746845949,11340.276889082457
MS,-1,2021-06-30,2021-07-02,2,RESIDUAL_REVERTED,76.33668518066406,77.8012924194336,-0.019186151917695682,-217.57627518266966,11340.276889082455
WMT,-1,2021-07-01,2021-07-02,1,RESIDUAL_REVERTED,43.804603576660156,43.47391891479492,0.00754908468208193,85.91463870612209,11380.802087178152
SYY,-1,2021-07-01,2021-07-02,1,RESIDUAL_REVERTED,67.95370483398438,67.35799407958984,0.00876642054837029,99.76889727397422,11380.802087178152
MU,1,2021-07-02,2021-07-06,1,RESIDUAL_REVERTED,78.60580444335938,78.78131866455078,0.002232840468134656,25.460393337960248,11402.692535051998
WRB,-1,2021-07-02,2021-07-06,1,RESIDUAL_REVERTED,29.826061248779297,29.869388580322266,-0.0014526668869072612,-16.564313867254356,11402.692535051998
JBHT,-1,2021-07-02,2021-07-06,1,RESIDUAL_REVERTED,158.48342895507812,157.9400634765625,0.003428531816216829,39.094494146963925,11402.692535051998
KLAC,1,2021-07-02,2021-07-07,2,RESIDUAL_REVERTED,29.788537979125977,29.82556915283203,0.001243134984738159,14.175086010536491,11402.692535051998
IBM,1,2021-07-06,2021-07-07,1,RESIDUAL_REVERTED,109.27108001708984,108.31101989746094,-0.00878604036382502,-99.87651305692282,11367.636491649493
APH,-1,2021-07-06,2021-07-07,1,RESIDUAL_REVERTED,16.7014217376709,16.560649871826172,0.008428735472693849,95.81480093785494,11367.636491649493
GOOGL,-1,2021-07-06,2021-07-08,2,RESIDUAL_REVERTED,124.46414184570312,122.85692596435547,0.012913083700364925,146.7912414919925,11367.636491649493
HLT,-1,2021-07-06,2021-07-08,2,RESIDUAL_REVERTED,125.3121566772461,120.50914764404297,0.03832835664598566,435.7028256738633,11367.636491649493
EXR,-1,2021-07-07,2021-07-08,1,RESIDUAL_REVERTED,137.99832153320312,137.9821014404297,0.00011753833375094391,1.3338428284912744,11348.151585318381
TER,1,2021-07-02,2021-07-08,3,TRAILING_STOP,128.31332397460938,117.87312541262668,-0.08136488276189158,-927.7787412844016,11402.692535051998
HAL,1,2021-07-07,2021-07-09,2,RESIDUAL_REVERTED,19.946073532104492,19.918922424316406,-0.0013612256940888079,-15.447395518350358,11348.15158531838
MKTX,1,2021-07-08,2021-07-09,1,RESIDUAL_REVERTED,419.8979797363281,432.1810607910156,0.029252536681411367,330.88743884508546,11311.410099191438
WYNN,1,2021-07-08,2021-07-09,1,RESIDUAL_REVERTED,106.77391815185547,109.23458099365234,0.023045542248410156,260.6775793300098,11311.410099191438
OTIS,-1,2021-07-08,2021-07-09,1,RESIDUAL_REVERTED,76.10851287841797,76.95293426513672,-0.011094966315630117,-125.49971403280759,11311.410099191438
GS,1,2021-07-02,2021-07-12,5,RESIDUAL_REVERTED,331.7525939941406,326.4631042480469,-0.01594407953954735,-181.80543674387235,11402.692535052
AMZN,-1,2021-07-07,2021-07-12,3,RESIDUAL_REVERTED,185.86900329589844,187.1999969482422,-0.007160923170308475,-81.26324162747977,11348.151585318381
NSC,1,2021-07-09,2021-07-12,1,RESIDUAL_REVERTED,236.97540283203125,234.1691131591797,-0.011842113735494597,-134.1584194573661,11328.925093435853
CNP,-1,2021-07-09,2021-07-12,1,RESIDUAL_REVERTED,22.237384796142578,22.211101531982422,0.001181940430545425,13.390114602552035,11328.925093435853
BALL,-1,2021-07-09,2021-07-12,1,RESIDUAL_REVERTED,79.62471008300781,78.54176330566406,0.01360063699088876,154.08059769279166,11328.925093435853
BA,-1,2021-07-09,2021-07-12,1,RESIDUAL_REVERTED,237.77000427246094,237.99000549316406,-0.0009252690278418463,-10.482303507696177,11328.925093435853
IFF,1,2021-07-12,2021-07-13,1,RESIDUAL_REVERTED,127.98123931884766,129.33016967773438,0.010540063262913346,120.11565578065188,11396.103873806356
SPGI,1,2021-07-12,2021-07-14,2,RESIDUAL_REVERTED,376.9485168457031,370.2496032714844,-0.01777142839100443,-202.52504392979813,11396.103873806356
AKAM,1,2021-07-13,2021-07-14,1,RESIDUAL_REVERTED,115.30999755859375,115.63999938964844,0.00286186660343124,32.51797507320932,11362.50551797936
PTC,1,2021-07-13,2021-07-14,1,RESIDUAL_REVERTED,142.8800048828125,144.1300048828125,0.008748599924987666,99.40601492226531,11362.50551797936
ALB,-1,2021-07-13,2021-07-14,1,RESIDUAL_REVERTED,174.5856170654297,174.20997619628906,0.002151614064518581,24.44772668065381,11362.50551797936
TROW,-1,2021-07-13,2021-07-14,1,RESIDUAL_REVERTED,167.29568481445312,163.3513946533203,0.02357675970846118,267.89106228346316,11362.50551797936
CHTR,1,2021-07-12,2021-07-14,2,TRAILING_STOP,727.52001953125,701.76,-0.03540798718892646,-403.51309996741037,11396.103873806356
CINF,-1,2021-07-12,2021-07-15,3,RESIDUAL_REVERTED,103.44523620605469,102.82154846191406,0.006029158683521052,68.70891862906794,11396.103873806356
DIS,-1,2021-07-13,2021-07-15,2,RESIDUAL_REVERTED,178.48687744140625,177.86636352539062,0.003476524016278626,39.50202331835343,11362.50551797936
CAG,1,2021-07-14,2021-07-16,2,RESIDUAL_REVERTED,25.59548568725586,26.760652542114258,0.04552235769601132,519.0046942864781,11401.09433154324
BLK,1,2021-07-15,2021-07-16,1,RESIDUAL_REVERTED,772.6752319335938,778.6548461914062,0.007738845520968374,88.3536641431045,11416.90500265323
ILMN,1,2021-07-15,2021-07-19,2,RESIDUAL_REVERTED,448.3657531738281,451.36187744140625,0.0066823218463265555,76.29143371666444,11416.90500265323
WFC,-1,2021-07-15,2021-07-19,2,RESIDUAL_REVERTED,39.305782318115234,37.6485710144043,0.04216202314200379,481.3598129319242,11416.90500265323
USB,-1,2021-07-16,2021-07-19,1,RESIDUAL_REVERTED,47.395870208740234,44.9114990234375,0.05241746114927526,596.8514415520656,11386.500384906903
HON,-1,2021-07-16,2021-07-19,1,RESIDUAL_REVERTED,206.2722930908203,200.48008728027344,0.028080386966933046,319.73733700731856,11386.500384906903
MPC,1,2021-07-15,2021-07-19,2,TRAILING_STOP,48.35950469970703,44.7518295641025,-0.07460115975146431,-851.714353970225,11416.90500265323
HIG,-1,2021-07-13,2021-07-20,5,RESIDUAL_REVERTED,56.96589279174805,55.3900146484375,0.027663538059019555,314.32710384244115,11362.50551797936
ENPH,1,2021-07-15,2021-07-20,3,RESIDUAL_REVERTED,171.99000549316406,167.52999877929688,-0.025931778425604235,-296.06065083497623,11416.90500265323
KO,-1,2021-07-15,2021-07-21,4,RESIDUAL_REVERTED,48.2197265625,49.15428924560547,-0.019381335186422932,-221.27486264796985,11416.90500265323
LYB,1,2021-07-19,2021-07-21,2,RESIDUAL_REVERTED,65.48334503173828,67.490234375,0.03064732478600507,350.4345862905159,11434.42661757346
KIM,1,2021-07-20,2021-07-21,1,RESIDUAL_REVERTED,15.610529899597168,16.689306259155273,0.06910568484840107,793.8104600507024,11486.905336255675
WELL,1,2021-07-20,2021-07-21,1,RESIDUAL_REVERTED,74.80311584472656,77.59513092041016,0.03732484996319063,428.74701821711795,11486.905336255675
KR,-1,2021-07-20,2021-07-21,1,RESIDUAL_REVERTED,36.61444854736328,36.301971435546875,0.008534256945374907,98.03220164680376,11486.905336255675
MKC,-1,2021-07-20,2021-07-21,1,RESIDUAL_REVERTED,79.13401794433594,78.18780517578125,0.011957092450686213,137.34998907789003,11486.905336255673
DGX,-1,2021-07-20,2021-07-21,1,RESIDUAL_REVERTED,124.37427520751953,124.11113739013672,0.0021156932729358147,24.302768346766253,11486.905336255675
DD,1,2021-07-19,2021-07-22,3,RESIDUAL_REVERTED,84.35539245605469,85.11597442626953,0.00901640011468241,103.09736546601593,11434.42661757346
HCA,-1,2021-07-21,2021-07-22,1,RESIDUAL_REVERTED,240.23876953125,238.72642517089844,0.006295171937911737,73.56140388156479,11685.368502574574
PPG,1,2021-07-21,2021-07-23,2,RESIDUAL_REVERTED,142.4354705810547,144.711181640625,0.01597713722773353,186.69873612226903,11685.368502574574
ELV,1,2021-07-22,2021-07-23,1,RESIDUAL_REVERTED,357.0243225097656,356.7648620605469,-0.0007267304574513078,-8.508937803174243,11708.519597508208
EXR,1,2021-07-22,2021-07-23,1,RESIDUAL_REVERTED,135.54547119140625,136.80833435058594,0.00931689674379732,109.0870681127114,11708.519597508206
NCLH,-1,2021-07-22,2021-07-23,1,RESIDUAL_REVERTED,25.670000076293945,25.75,-0.0031164753980632565,-36.48931327337705,11708.519597508206
CCL,-1,2021-07-22,2021-07-23,1,RESIDUAL_REVERTED,22.40003776550293,22.350830078125,0.0021967680542803736,25.720901814721163,11708.519597508204
LRCX,-1,2021-07-22,2021-07-26,2,RESIDUAL_REVERTED,59.93756866455078,60.80618667602539,-0.014492046154490401,-169.68040640784466,11708.519597508206
DPZ,-1,2021-07-23,2021-07-26,1,RESIDUAL_REVERTED,502.3291015625,485.4888916015625,0.033524257122583334,391.81558769685364,11687.52483505178
NFLX,1,2021-07-22,2021-07-27,3,RESIDUAL_REVERTED,51.020999908447266,51.80799865722656,0.015424996573793148,180.6038746757534,11708.519597508206
CMG,-1,2021-07-22,2021-07-27,3,RESIDUAL_REVERTED,34.952999114990234,36.13740158081055,-0.03388557479499266,-396.74991656000117,11708.519597508204
INTC,1,2021-07-26,2021-07-27,1,RESIDUAL_REVERTED,48.32719039916992,48.610870361328125,0.00586998664344196,68.73536353379824,11709.628608881188
VRSN,1,2021-07-26,2021-07-27,1,RESIDUAL_REVERTED,217.15850830078125,219.29962158203125,0.00985967944799282,115.45318453861509,11709.628608881188
WYNN,1,2021-07-26,2021-07-27,1,RESIDUAL_REVERTED,99.04450225830078,97.47161865234375,-0.01588057459115766,-185.9556305580917,11709.628608881188
CCI,1,2021-07-23,2021-07-28,3,RESIDUAL_REVERTED,149.71588134765625,151.01023864746094,0.00864542417379921,101.04360974083575,11687.52483505178
META,-1,2021-07-26,2021-07-28,2,RESIDUAL_REVERTED,366.0738525390625,371.0066223144531,-0.013474794064578077,-157.784834077367,11709.628608881188
HAS,-1,2021-07-27,2021-07-28,1,RESIDUAL_REVERTED,83.50218963623047,82.34896087646484,0.013810760709264791,162.51420933172145,11767.216357799993
LW,1,2021-07-28,2021-07-29,1,RESIDUAL_REVERTED,58.75706100463867,60.91750717163086,0.036769132595342535,430.0141331375285,11694.976269089302
PTC,1,2021-07-28,2021-07-29,1,RESIDUAL_REVERTED,144.0,136.55999755859375,-0.051666683620876785,-604.2406388486984,11694.976269089302
IPGP,1,2021-07-28,2021-07-29,1,RESIDUAL_REVERTED,201.41000366210938,210.27000427246094,0.043989873637137356,514.4605282665584,11694.976269089302
PNR,-1,2021-07-28,2021-07-29,1,RESIDUAL_REVERTED,67.75430297851562,67.23017120361328,0.00773577104126566,90.46965875071064,11694.976269089302
AON,-1,2021-07-27,2021-07-30,3,RESIDUAL_REVERTED,241.54042053222656,253.1315155029297,-0.04798822054363616,-564.6877737627896,11767.21635779999
GRMN,-1,2021-07-29,2021-07-30,1,RESIDUAL_REVERTED,140.8957061767578,140.75250244140625,0.0010163811179022542,11.947487489773478,11754.928618146878
PTC,1,2021-07-30,2021-08-02,1,RESIDUAL_REVERTED,133.1199951171875,135.67999267578125,0.0192307515962582,223.3511329065537,11614.269561362898
CTSH,-1,2021-07-30,2021-08-02,1,RESIDUAL_REVERTED,67.16374206542969,67.31012725830078,-0.002179527053875141,-25.313614719988642,11614.269561362898
RHI,-1,2021-07-26,2021-08-03,6,RESIDUAL_REVERTED,75.85643768310547,79.89786529541016,-0.053277318784570094,-623.8576162442854,11709.628608881188
DGX,1,2021-07-30,2021-08-03,2,RESIDUAL_REVERTED,128.14898681640625,130.62611389160156,0.019330055872733398,224.50447954213203,11614.269561362898
DXCM,-1,2021-08-02,2021-08-03,1,RESIDUAL_REVERTED,129.29750061035156,128.08999633789062,0.009338960666377072,108.1984217534477,11585.702694197338
LOW,1,2021-07-28,2021-08-04,5,RESIDUAL_REVERTED,175.79396057128906,175.24026489257812,-0.0031496854437521593,-36.835496519778,11694.976269089302
TEL,-1,2021-07-29,2021-08-04,4,RESIDUAL_REVERTED,132.3699188232422,137.52493286132812,-0.03894399939135407,-457.7839329505231,11754.928618146878
PYPL,1,2021-07-30,2021-08-04,3,RESIDUAL_REVERTED,277.1542053222656,271.0483093261719,-0.022030681399887175,-255.87027239879347,11614.269561362898
HUM,1,2021-07-29,2021-08-05,5,RESIDUAL_REVERTED,420.4369201660156,401.41259765625,-0.04524893413797626,-531.8979908391403,11754.928618146878
FTV,-1,2021-08-02,2021-08-05,3,RESIDUAL_REVERTED,54.0123176574707,54.5207633972168,-0.009413514579590831,-109.06218122663185,11585.702694197338
DXC,-1,2021-08-03,2021-08-05,2,RESIDUAL_REVERTED,44.0,40.88999938964844,0.07068183205344458,818.9359121819675,11586.22928113615
LDOS,1,2021-08-04,2021-08-05,1,RESIDUAL_REVERTED,88.79153442382812,88.79153442382812,0.0,0.0,11565.230043918673
IT,-1,2021-08-04,2021-08-05,1,RESIDUAL_REVERTED,295.2799987792969,291.7799987792969,0.011853156375200458,137.08448022573424,11565.230043918673
GPN,1,2021-08-03,2021-08-06,3,RESIDUAL_REVERTED,165.7219696044922,163.36647033691406,-0.014213560659456892,-164.68157270180455,11586.22928113615
ETN,-1,2021-08-04,2021-08-06,2,RESIDUAL_REVERTED,150.2140350341797,150.1494903564453,0.0004296847343171484,4.969402798738411,11565.230043918671
AMGN,1,2021-08-05,2021-08-06,1,RESIDUAL_REVERTED,194.28994750976562,196.92294311523438,0.013551887986054556,157.34283679414816,11610.399743272754
DVA,-1,2021-08-05,2021-08-06,1,RESIDUAL_REVERTED,134.07000732421875,130.50999450683594,0.026553387207428947,308.2954400161548,11610.399743272754
LUMN,1,2021-08-05,2021-08-09,2,RESIDUAL_REVERTED,10.530716896057129,10.48578929901123,-0.00426633794160014,-49.53388894186935,11610.399743272754
CAH,1,2021-08-06,2021-08-09,1,RESIDUAL_REVERTED,45.25258255004883,45.718910217285156,0.01030499567003873,120.8189861346402,11724.31216889438
CI,1,2021-08-06,2021-08-09,1,RESIDUAL_REVERTED,187.8878936767578,189.75634765625,0.009944515013333932,116.59259838458262,11724.31216889438
FRT,-1,2021-08-06,2021-08-09,1,RESIDUAL_REVERTED,98.60267639160156,97.7349624633789,0.008800105230171607,103.17518083765262,11724.31216889438
BKNG,-1,2021-08-06,2021-08-09,1,RESIDUAL_REVERTED,86.26792907714844,85.29655456542969,0.011259972531044049,132.0154329671365,11724.312168894377
WYNN,-1,2021-08-06,2021-08-10,2,RESIDUAL_REVERTED,95.86011505126953,92.92659759521484,0.03060206483672312,358.7881611584876,11724.31216889438
EXPE,1,2021-08-09,2021-08-10,1,RESIDUAL_REVERTED,145.03929138183594,147.00205993652344,0.013532667844606605,159.09531104964003,11756.389270504915
APD,1,2021-08-10,2021-08-11,1,RESIDUAL_REVERTED,242.1199493408203,245.19725036621094,0.012709820210059952,149.57379496168406,11768.364342659708
DRI,1,2021-08-10,2021-08-11,1,RESIDUAL_REVERTED,117.4970703125,118.65931701660156,0.009891707946507955,116.40922308568813,11768.364342659708
MAR,1,2021-08-10,2021-08-11,1,RESIDUAL_REVERTED,131.29348754882812,131.7057342529297,0.003139886918978041,36.951333257284,11768.364342659708
MRNA,-1,2021-08-10,2021-08-11,1,RESIDUAL_REVERTED,485.5,443.57000732421875,0.08636455751963179,1016.3695791836185,11768.364342659708
CTVA,-1,2021-08-09,2021-08-12,3,RESIDUAL_REVERTED,42.40547561645508,43.24679946899414,-0.019839981519098826,-233.24654585814866,11756.389270504917
MNST,-1,2021-08-09,2021-08-12,3,RESIDUAL_REVERTED,24.34000015258789,24.717500686645508,-0.015509471310232614,-182.33538210282146,11756.389270504915
TSN,-1,2021-08-10,2021-08-12,2,RESIDUAL_REVERTED,65.79048156738281,67.94420623779297,-0.03273611347873029,-385.25051058035126,11768.364342659708
SYY,-1,2021-08-11,2021-08-12,1,RESIDUAL_REVERTED,68.94361114501953,68.3216323852539,0.009021557609701136,106.6196910556065,11818.324026546776
ISRG,1,2021-08-11,2021-08-13,2,RESIDUAL_REVERTED,333.1700134277344,333.89666748046875,0.0021810307754241975,25.776128415833497,11818.324026546776
GEN,-1,2021-08-12,2021-08-13,1,RESIDUAL_REVERTED,23.283119201660156,23.39971160888672,-0.005007593966114721,-59.27265473207519,11836.553668919738
VTR,1,2021-08-09,2021-08-16,5,RESIDUAL_REVERTED,49.065956115722656,48.042327880859375,-0.020862290596132316,-245.26520932252544,11756.389270504915
STZ,1,2021-08-12,2021-08-16,2,RESIDUAL_REVERTED,194.81996154785156,194.0455780029297,-0.00397486755858778,-47.0487331840723,11836.553668919738
COO,-1,2021-08-13,2021-08-16,1,RESIDUAL_REVERTED,109.71560668945312,109.26325225830078,0.004122972517781487,48.45062532714967,11751.382071598102
J,-1,2021-08-13,2021-08-16,1,RESIDUAL_REVERTED,110.88282775878906,109.02157592773438,0.016785753652527657,197.25580453057574,11751.382071598102
PRGO,1,2021-08-12,2021-08-17,3,RESIDUAL_REVERTED,34.540714263916016,32.83868408203125,-0.04927605633398391,-583.2586853899124,11836.553668919738
CRM,-1,2021-08-13,2021-08-17,2,RESIDUAL_REVERTED,246.99484252929688,243.60946655273438,0.013706261806502917,161.067519261568,11751.382071598102
HPQ,1,2021-08-16,2021-08-17,1,RESIDUAL_REVERTED,23.795841217041016,24.092050552368164,0.012447945530709825,146.61901523867954,11778.571401759482
MRNA,1,2021-08-12,2021-08-18,4,RESIDUAL_REVERTED,400.0,406.5,0.016250000000000098,192.34399711994575,11836.553668919738
EBAY,-1,2021-08-16,2021-08-18,2,RESIDUAL_REVERTED,67.35760498046875,66.68148040771484,0.010037835712091603,118.23136465400181,11778.571401759482
TMUS,1,2021-08-17,2021-08-18,1,RESIDUAL_REVERTED,133.63584899902344,133.34109497070312,-0.002205650882814103,-25.8518724542284,11720.745407017741
AAP,-1,2021-08-17,2021-08-18,1,RESIDUAL_REVERTED,186.40216064453125,184.05357360839844,0.012599569811916345,147.6763500034176,11720.745407017741
BDX,-1,2021-08-13,2021-08-19,4,RESIDUAL_REVERTED,171.99705505371094,173.93997192382812,-0.011296221726066591,-132.74621746849496,11751.3820715981
CF,1,2021-08-17,2021-08-19,2,RESIDUAL_REVERTED,42.142086029052734,40.21508026123047,-0.04572639727643735,-535.9474608572717,11720.745407017741
LOW,1,2021-08-18,2021-08-19,1,RESIDUAL_REVERTED,171.78195190429688,180.4051055908203,0.050198251859005394,591.6631196982737,11786.528370751063
HD,1,2021-08-18,2021-08-19,1,RESIDUAL_REVERTED,279.90814208984375,279.4259948730469,-0.0017225194422608725,-20.30252427537808,11786.52837075106
KR,-1,2021-08-18,2021-08-20,2,RESIDUAL_REVERTED,40.58930969238281,41.235286712646484,-0.015914954581868646,-187.58206369840897,11786.52837075106
JKHY,1,2021-08-19,2021-08-20,1,RESIDUAL_REVERTED,162.00900268554688,164.56068420410156,0.015750245210183866,187.12671403127015,11880.876236153948
IQV,-1,2021-08-17,2021-08-23,4,RESIDUAL_REVERTED,254.6199951171875,256.8800048828125,-0.008876010560697978,-104.03346001194069,11720.745407017741
TJX,-1,2021-08-19,2021-08-23,2,RESIDUAL_REVERTED,66.35347747802734,69.13487243652344,-0.041917847627762184,-498.0207597514008,11880.876236153948
ROST,-1,2021-08-19,2021-08-23,2,RESIDUAL_REVERTED,116.21112823486328,116.90059661865234,-0.005932894674214317,-70.48798734647772,11880.876236153948
ILMN,1,2021-08-20,2021-08-23,1,RESIDUAL_REVERTED,473.2587585449219,475.7781982421875,0.005323598669387364,62.71557109748019,11780.672246786473
CF,1,2021-08-20,2021-08-23,1,RESIDUAL_REVERTED,39.197532653808594,40.47621536254883,0.03262151013517922,384.30331909776913,11780.672246786471
SNPS,-1,2021-08-20,2021-08-23,1,RESIDUAL_REVERTED,315.3399963378906,316.42999267578125,-0.0034565749684434266,-40.72077679967944,11780.672246786473
DE,1,2021-08-20,2021-08-24,2,RESIDUAL_REVERTED,339.9067687988281,341.7794189453125,0.00550930525185489,64.90331947960065,11780.672246786473
TGT,-1,2021-08-23,2021-08-24,1,RESIDUAL_REVERTED,217.58554077148438,216.93515014648438,0.002989126128022712,35.25951585357374,11795.927753941054
STE,1,2021-08-19,2021-08-25,4,RESIDUAL_REVERTED,205.2681427001953,203.63861083984375,-0.007938552173347158,-94.31695586578809,11880.876236153948
XOM,-1,2021-08-24,2021-08-26,2,RESIDUAL_REVERTED,46.4008674621582,46.325340270996094,0.0016277107582892691,19.25639648265675,11830.355230246994
BBY,-1,2021-08-25,2021-08-26,1,RESIDUAL_REVERTED,96.3281021118164,95.84818267822266,0.004982133178920822,58.40181235492162,11722.25034088158
IRM,1,2021-08-23,2021-08-27,4,RESIDUAL_REVERTED,37.48221969604492,37.56387710571289,0.002178563871887862,25.698182040135833,11795.927753941054
PPL,1,2021-08-24,2021-08-27,3,RESIDUAL_REVERTED,24.268888473510742,24.119592666625977,-0.006151736493730242,-72.77722800370304,11830.355230246994
XEL,1,2021-08-24,2021-08-27,3,RESIDUAL_REVERTED,58.356346130371094,58.47475051879883,0.0020289890693843127,24.003661449105472,11830.355230246994
APA,-1,2021-08-24,2021-08-27,3,RESIDUAL_REVERTED,15.153043746948242,15.393706321716309,-0.01588212762974006,-187.89121167194554,11830.355230246994
STX,1,2021-08-25,2021-08-30,3,RESIDUAL_REVERTED,73.94116973876953,74.32852172851562,0.005238651094033209,61.40877957278941,11722.25034088158
CPB,1,2021-08-26,2021-08-30,2,RESIDUAL_REVERTED,33.49542236328125,33.84843826293945,0.010539228191527084,123.33213422198155,11702.197920065188
NTAP,-1,2021-08-27,2021-08-30,1,RESIDUAL_REVERTED,76.67048645019531,77.71465301513672,-0.01361888535322775,-159.33771492866043,11699.761823084687
ADI,-1,2021-08-27,2021-08-30,1,RESIDUAL_REVERTED,153.89382934570312,153.5902557373047,0.0019726171587848285,23.07915092591247,11699.761823084687
LVS,-1,2021-08-24,2021-08-31,5,RESIDUAL_REVERTED,38.37049102783203,40.960426330566406,-0.06749810162334824,-798.5265195715199,11830.355230246993
BKR,-1,2021-08-24,2021-08-31,5,RESIDUAL_REVERTED,19.382410049438477,20.247215270996094,-0.04461804385273904,-527.8473084566419,11830.355230246994
AZO,1,2021-08-30,2021-08-31,1,RESIDUAL_REVERTED,1555.75,1551.02001953125,-0.0030403216896994767,-35.49910064205047,11676.100184503543
ZION,-1,2021-08-30,2021-08-31,1,RESIDUAL_REVERTED,48.66250991821289,48.31755828857422,0.007088652644888893,82.76781845486875,11676.100184503543
ETR,1,2021-08-30,2021-09-01,2,RESIDUAL_REVERTED,46.17512893676758,46.60749435424805,0.009363599570507919,109.33032667282583,11676.100184503543
AAP,1,2021-08-30,2021-09-01,2,RESIDUAL_REVERTED,180.79225158691406,180.61500549316406,-0.0009803854545435975,-11.44707878668127,11676.100184503543
COF,1,2021-08-31,2021-09-01,1,RESIDUAL_REVERTED,151.12127685546875,151.97291564941406,0.005635465843501386,65.85655218399874,11686.088428686331
SYF,1,2021-08-31,2021-09-01,1,RESIDUAL_REVERTED,44.02320098876953,44.103729248046875,0.0018292231702525807,21.37646372337366,11686.08842868633
AAPL,-1,2021-08-31,2021-09-01,1,RESIDUAL_REVERTED,148.90016174316406,149.06597900390625,-0.0011136137046525718,-13.013788227968146,11686.08842868633
XYL,-1,2021-08-31,2021-09-01,1,RESIDUAL_REVERTED,128.10064697265625,128.07240295410156,0.00022048302816701781,2.576584164184503,11686.08842868633
WFC,1,2021-09-01,2021-09-03,2,RESIDUAL_REVERTED,40.45957946777344,39.38833236694336,-0.026476970717981385,-310.46114926565355,11725.70505034434
WU,-1,2021-09-01,2021-09-03,2,RESIDUAL_REVERTED,13.96701717376709,13.999226570129395,-0.00230610415678445,-27.040697157828006,11725.70505034434
ANET,1,2021-09-02,2021-09-03,1,RESIDUAL_REVERTED,22.6143741607666,22.64812469482422,0.0014924372356130977,17.405687224594896,11662.592442249901
EMR,1,2021-09-02,2021-09-03,1,RESIDUAL_REVERTED,94.73072814941406,95.84488677978516,0.011761322351642622,137.16750916913324,11662.592442249903
MPC,1,2021-09-02,2021-09-03,1,RESIDUAL_REVERTED,51.743263244628906,51.63591003417969,-0.0020747282586658367,-24.1967101092389,11662.592442249903
PVH,-1,2021-09-02,2021-09-03,1,RESIDUAL_REVERTED,120.25296783447266,118.1921157836914,0.017137639826220297,199.86930871527807,11662.592442249903
BF-B,-1,2021-09-02,2021-09-03,1,RESIDUAL_REVERTED,64.4619140625,62.822959899902344,0.02542515509248744,296.52322162467505,11662.592442249903
CMCSA,-1,2021-09-01,2021-09-08,4,RESIDUAL_REVERTED,48.580894470214844,47.904052734375,0.013932261709483695,163.36559148961237,11725.70505034434
DD,1,2021-09-07,2021-09-08,1,RESIDUAL_REVERTED,81.58599853515625,81.19849395751953,-0.004749645583730144,-55.58222306903926,11702.393807958122
NOW,-1,2021-09-07,2021-09-08,1,RESIDUAL_REVERTED,135.7259979248047,132.06199645996094,0.026995575798777205,315.91285906987514,11702.393807958122
CPB,-1,2021-09-01,2021-09-09,5,RESIDUAL_REVERTED,35.03062438964844,35.342594146728516,-0.00890562936047079,-104.42478316856746,11725.70505034434
ABBV,1,2021-09-02,2021-09-09,4,RESIDUAL_REVERTED,94.5122299194336,91.0913314819336,-0.03619529917362152,-422.1310225872523,11662.592442249903
TDY,1,2021-09-07,2021-09-09,2,RESIDUAL_REVERTED,445.04998779296875,445.8900146484375,0.0018874887731925583,22.088136932000022,11702.393807958122
AVGO,-1,2021-09-07,2021-09-09,2,RESIDUAL_REVERTED,45.21830749511719,44.786659240722656,0.009545873746847788,111.70957382666195,11702.393807958122
MMM,1,2021-09-08,2021-09-09,1,RESIDUAL_REVERTED,130.2836456298828,131.61712646484375,0.010235212781419811,120.14077964006289,11737.985541263748
SWK,1,2021-09-08,2021-09-09,1,RESIDUAL_REVERTED,152.46800231933594,156.5357208251953,0.02667916181744001,313.1596156661461,11737.985541263748
EG,-1,2021-09-09,2021-09-10,1,RESIDUAL_REVERTED,239.38308715820312,237.94776916503906,0.005995903930403834,70.73764160709453,11797.660941230388
GIS,-1,2021-09-09,2021-09-10,1,RESIDUAL_REVERTED,48.54795455932617,47.955596923828125,0.012201495220033998,143.94910358200457,11797.660941230388
EMR,1,2021-09-10,2021-09-13,1,RESIDUAL_REVERTED,91.51507568359375,91.32484436035156,-0.002078688367148307,-24.48693493617195,11779.993251111673
ODFL,1,2021-09-10,2021-09-13,1,RESIDUAL_REVERTED,142.24691772460938,143.3871612548828,0.008015945431457006,94.42778308384418,11779.993251111673
TSCO,-1,2021-09-07,2021-09-14,5,RESIDUAL_REVERTED,36.22727966308594,37.00215148925781,-0.02138918056719108,-250.30461422679528,11702.393807958122
PHM,1,2021-09-09,2021-09-14,3,RESIDUAL_REVERTED,46.98814010620117,46.255592346191406,-0.015590056519668272,-183.926200873664,11797.660941230388
O,1,2021-09-10,2021-09-14,2,RESIDUAL_REVERTED,52.24726104736328,51.394046783447266,-0.016330315634011106,-192.37100795717419,11779.993251111673
UPS,-1,2021-09-13,2021-09-14,1,RESIDUAL_REVERTED,153.70944213867188,154.12783813476562,-0.002721992808459195,-31.78381380544762,11676.670748971706
DLR,1,2021-09-10,2021-09-15,3,RESIDUAL_REVERTED,132.44232177734375,130.0513153076172,-0.018053190533356966,-212.6664626439785,11779.993251111673
WAT,1,2021-09-14,2021-09-15,1,RESIDUAL_REVERTED,405.8299865722656,409.3699951171875,0.008722885597542085,101.86935484060244,11678.40088024404
XYL,1,2021-09-14,2021-09-15,1,RESIDUAL_REVERTED,125.21510314941406,124.1717758178711,-0.008332280254547353,-97.30770905914547,11678.40088024404
TDG,-1,2021-09-10,2021-09-16,4,RESIDUAL_REVERTED,498.93408203125,508.75811767578125,-0.019690047239378394,-231.9486235939485,11779.993251111673
ADI,-1,2021-09-10,2021-09-16,4,RESIDUAL_REVERTED,156.009521484375,158.61276245117188,-0.016686423636377956,-196.56595782172153,11779.993251111673
EXPD,-1,2021-09-13,2021-09-16,3,RESIDUAL_REVERTED,119.57687377929688,121.28538513183594,-0.014287974744116916,-166.83597675667772,11676.670748971706
CMCSA,1,2021-09-15,2021-09-16,1,RESIDUAL_REVERTED,44.19340515136719,45.58687973022461,0.031531278797925166,367.9750002225181,11670.157832188255
EMN,1,2021-09-15,2021-09-16,1,RESIDUAL_REVERTED,86.06018829345703,87.63512420654297,0.018300400502443193,213.5685622557694,11670.157832188255
ZBH,-1,2021-09-15,2021-09-16,1,RESIDUAL_REVERTED,137.3519287109375,136.403564453125,0.006904630074823115,80.57812274605959,11670.157832188255
AME,-1,2021-09-15,2021-09-16,1,RESIDUAL_REVERTED,127.11673736572266,127.48457336425781,-0.0028936865920092814,-33.7697792456352,11670.157832188255
SBUX,1,2021-09-16,2021-09-17,1,RESIDUAL_REVERTED,101.96177673339844,101.73970794677734,-0.0021779611314712843,-25.539080324093757,11726.141460955001
CNP,1,2021-09-16,2021-09-20,2,RESIDUAL_REVERTED,22.070999145507812,21.47162628173828,-0.027156580443777667,-318.4419038795412,11726.141460955001
LHX,1,2021-09-17,2021-09-20,1,RESIDUAL_REVERTED,200.03219604492188,199.24473571777344,-0.003936667910057867,-46.09103437941946,11708.133739618024
CPRT,-1,2021-09-17,2021-09-20,1,RESIDUAL_REVERTED,37.834999084472656,35.40250015258789,0.06429229524900537,752.742791202364,11708.133739618024
HCA,-1,2021-09-17,2021-09-20,1,RESIDUAL_REVERTED,250.64654541015625,243.98170471191406,0.026590594685180657,311.32623879007116,11708.133739618024
AIZ,1,2021-09-16,2021-09-20,2,STOP_LOSS,151.02471923828125,144.94032524745438,-0.04028740474747805,-472.4158071636774,11726.141460955001
BLK,1,2021-09-17,2021-09-20,1,TRAILING_STOP,777.720703125,752.967501749085,-0.03182788021001992,-372.64507814745485,11708.133739618024
NWSA,-1,2021-09-17,2021-09-21,2,RESIDUAL_REVERTED,21.476781845092773,21.132234573364258,0.016042779323906964,187.831005879482,11708.133739618024
IFF,1,2021-09-20,2021-09-21,1,RESIDUAL_REVERTED,116.92015075683594,117.5815658569336,0.00565698124588665,66.47075667356039,11750.216906215412
DG,-1,2021-09-17,2021-09-22,3,RESIDUAL_REVERTED,203.64218139648438,202.32723999023438,0.006457117072861562,75.60079026143343,11708.133739618024
WY,-1,2021-09-17,2021-09-22,3,RESIDUAL_REVERTED,28.899255752563477,28.98810386657715,-0.003074408378346938,-35.99558446388803,11708.133739618024
GWW,-1,2021-09-21,2021-09-22,1,RESIDUAL_REVERTED,385.1153564453125,384.21124267578125,0.0023476440354817107,27.598866122679084,11755.984172028077
AMP,1,2021-09-21,2021-09-23,2,RESIDUAL_REVERTED,240.50259399414062,243.533447265625,0.012602164580221675,148.150847338378,11755.984172028077
IVZ,1,2021-09-21,2021-09-23,2,RESIDUAL_REVERTED,19.59103775024414,19.80961799621582,0.011157155060300683,131.16333829375873,11755.984172028077
PRU,1,2021-09-21,2021-09-23,2,RESIDUAL_REVERTED,77.8421401977539,79.36262512207031,0.01953292805739526,229.62879307610234,11755.984172028077
VZ,-1,2021-09-21,2021-09-23,2,RESIDUAL_REVERTED,39.57659912109375,39.51100158691406,0.001657482846845304,19.485342112921927,11755.984172028077
DIS,1,2021-09-22,2021-09-23,1,RESIDUAL_REVERTED,167.67625427246094,169.61538696289062,0.01156474241891603,135.4045234824149,11708.390777553166
PFG,1,2021-09-21,2021-09-24,3,RESIDUAL_REVERTED,52.461883544921875,53.911712646484375,0.027635856808706505,324.88669522358873,11755.984172028077
AZO,-1,2021-09-22,2021-09-24,2,RESIDUAL_REVERTED,1655.0,1660.0,-0.0030211480362538623,-35.372781805296576,11708.390777553166
REGN,-1,2021-09-23,2021-09-24,1,RESIDUAL_REVERTED,640.9515380859375,638.2867431640625,0.0041575606945774,48.87951087562567,11756.776260507366
GIS,-1,2021-09-23,2021-09-24,1,RESIDUAL_REVERTED,49.51052474975586,49.62569808959961,-0.0023262395304004535,-27.349077687265357,11756.776260507366
MGM,-1,2021-09-23,2021-09-27,2,RESIDUAL_REVERTED,43.08249282836914,44.65185546875,-0.03642692280209614,-428.26318124301724,11756.776260507364
CRM,-1,2021-09-24,2021-09-28,2,RESIDUAL_REVERTED,273.28302001953125,269.95648193359375,0.01217250192016961,143.43043435423024,11783.151507790555
COST,-1,2021-09-27,2021-09-28,1,RESIDUAL_REVERTED,441.1889953613281,433.2191162109375,0.01806454656436618,212.0823254939632,11740.251809714051
CME,-1,2021-09-27,2021-09-28,1,RESIDUAL_REVERTED,160.85321044921875,162.28793334960938,-0.008919454553526496,-104.71664246370058,11740.251809714051
TRMB,1,2021-09-24,2021-09-28,2,TRAILING_STOP,88.75,85.68000030517578,-0.03459154585717428,-407.5974257237695,11783.151507790557
DLR,1,2021-09-24,2021-09-28,2,TRAILING_STOP,130.22007751464844,122.44636459792659,-0.05969673083513094,-703.4156239501395,11783.151507790557
AON,1,2021-09-24,2021-09-28,2,TRAILING_STOP,287.4657287597656,278.476904296875,-0.031269203816648994,-368.44976609955785,11783.151507790557
ETR,1,2021-09-24,2021-09-29,3,RESIDUAL_REVERTED,42.94706726074219,41.74651336669922,-0.02795426953729141,-329.3893932475184,11783.151507790555
NKE,1,2021-09-27,2021-09-30,3,RESIDUAL_REVERTED,136.41937255859375,133.10720825195312,-0.024279281193864244,-285.044874974821,11740.251809714051
DOW,-1,2021-09-28,2021-09-30,2,RESIDUAL_REVERTED,45.75394058227539,44.81832504272461,0.02044885156652998,238.84804689495735,11680.267036897869
TROW,1,2021-09-29,2021-09-30,1,RESIDUAL_REVERTED,162.2632293701172,161.65704345703125,-0.003735818123668966,-43.48993594048982,11641.341869656702
EXR,-1,2021-09-29,2021-09-30,1,RESIDUAL_REVERTED,140.20111083984375,140.93458557128906,-0.005231590014170395,-60.902727876838824,11641.341869656702
CE,-1,2021-09-27,2021-10-01,4,RESIDUAL_REVERTED,143.69606018066406,140.5968475341797,0.021567833123523616,253.21179186005926,11740.251809714051
KMB,-1,2021-09-29,2021-10-01,2,RESIDUAL_REVERTED,109.83462524414062,109.07775115966797,0.006891033522354872,80.22087706899752,11641.341869656702
XYL,1,2021-09-29,2021-10-01,2,TRAILING_STOP,121.61521911621094,115.07342529296875,-0.05379091425219651,-626.1984222912082,11641.341869656702
IFF,-1,2021-09-29,2021-10-01,2,TRAILING_STOP,116.44772338867188,123.12772030444712,-0.057364770399840115,-667.8029034989016,11641.341869656702
MS,1,2021-09-30,2021-10-04,2,RESIDUAL_REVERTED,85.47614288330078,84.4698486328125,-0.011772808371362298,-136.49274122757956,11593.898152593942
KEYS,1,2021-09-29,2021-10-04,3,TRAILING_STOP,168.57000732421875,160.67992929179684,-0.04680594227682833,-544.8839755759764,11641.3418696567
IBM,-1,2021-10-01,2021-10-04,1,TRAILING_STOP,111.32656860351562,115.2623211669922,-0.035353219028007254,-408.58013280354925,11557.08430623719
MO,1,2021-10-01,2021-10-05,2,RESIDUAL_REVERTED,30.96663475036621,31.695335388183594,0.02353179942514627,271.95898983387957,11557.08430623719
CF,-1,2021-10-04,2021-10-05,1,RESIDUAL_REVERTED,55.27096939086914,54.94680404663086,0.00586502006045575,67.22109774982479,11461.358538746703
LYV,-1,2021-10-04,2021-10-05,1,RESIDUAL_REVERTED,98.33999633789062,98.5999984741211,-0.0026439103712909695,-30.302804709677158,11461.358538746703
PAYX,-1,2021-10-01,2021-10-05,2,TRAILING_STOP,97.04985046386719,100.34178316089645,-0.03392001823078439,-392.01651036227685,11557.08430623719
KMX,1,2021-10-01,2021-10-06,3,RESIDUAL_REVERTED,129.0,125.19000244140625,-0.02953486479530043,-341.33692241260337,11557.08430623719
BMY,1,2021-10-04,2021-10-06,2,RESIDUAL_REVERTED,48.794532775878906,48.556297302246094,-0.004882421453384245,-55.95918281450575,11461.358538746703
MRK,-1,2021-10-04,2021-10-06,2,RESIDUAL_REVERTED,72.23292541503906,69.94160461425781,0.031721279286636705,363.56895521186215,11461.358538746705
WMB,-1,2021-10-05,2021-10-06,1,RESIDUAL_REVERTED,22.25168228149414,21.713851928710938,0.024170323213292266,275.65456695899576,11404.670286221133
MA,1,2021-10-05,2021-10-07,2,RESIDUAL_REVERTED,337.4306640625,339.2568054199219,0.005411901027120747,61.72094683597345,11404.670286221131
IPGP,1,2021-10-05,2021-10-07,2,RESIDUAL_REVERTED,153.30999755859375,156.63999938964844,0.021720708917120524,247.71752358274387,11404.670286221131
VTR,1,2021-10-06,2021-10-07,1,RESIDUAL_REVERTED,45.827720642089844,46.50992965698242,0.014886383292343153,170.25392239985032,11436.889609541375
CE,-1,2021-10-06,2021-10-07,1,RESIDUAL_REVERTED,146.06224060058594,149.15220642089844,-0.02115513090588661,-241.94889684602208,11436.889609541375
NDAQ,-1,2021-10-06,2021-10-07,1,RESIDUAL_REVERTED,60.3632926940918,60.98875045776367,-0.010361558088647582,-118.50399604271416,11436.889609541375
CDW,1,2021-10-07,2021-10-08,1,RESIDUAL_REVERTED,165.528076171875,166.2283935546875,0.004230807238316148,48.43315747923771,11447.73438047607
CBRE,1,2021-10-07,2021-10-08,1,RESIDUAL_REVERTED,98.05000305175781,98.55000305175781,0.005099438902985698,58.37702205084652,11447.73438047607
CSX,-1,2021-10-07,2021-10-08,1,RESIDUAL_REVERTED,30.651315689086914,30.08128547668457,0.018597251034326634,212.89639004800512,11447.73438047607
AOS,-1,2021-10-06,2021-10-11,3,RESIDUAL_REVERTED,57.36125946044922,58.50794982910156,-0.019990676275910335,-228.63115778766505,11436.889609541375
ICE,-1,2021-10-07,2021-10-12,3,RESIDUAL_REVERTED,115.81849670410156,119.77899932861328,-0.0341957695637356,-391.4640869016123,11447.73438047607
PNW,1,2021-10-08,2021-10-12,2,RESIDUAL_REVERTED,54.53248977661133,54.23521041870117,-0.005451417295046279,-62.334555841257696,11434.559577359949
RHI,-1,2021-10-08,2021-10-12,2,RESIDUAL_REVERTED,87.66166687011719,88.63687133789062,-0.011124639795160762,-127.2053565144359,11434.559577359949
AVY,1,2021-10-11,2021-10-12,1,RESIDUAL_REVERTED,189.19178771972656,188.40658569335938,-0.00415029656324406,-47.06340601783652,11339.769411815052
LW,1,2021-10-08,2021-10-13,3,RESIDUAL_REVERTED,52.19208526611328,50.62260055541992,-0.03007131642069827,-343.8522591821175,11434.559577359949
SRE,1,2021-10-08,2021-10-13,3,RESIDUAL_REVERTED,53.77341842651367,52.57638168334961,-0.022260752211614054,-254.5418974005482,11434.559577359949
CB,-1,2021-10-11,2021-10-13,2,RESIDUAL_REVERTED,171.39541625976562,169.4576416015625,0.011305872120093596,128.20598284133024,11339.769411815052
IP,-1,2021-10-12,2021-10-13,1,RESIDUAL_REVERTED,44.312583923339844,44.2646598815918,0.001081499599097091,12.249093947619999,11326.0272660727
CHTR,1,2021-10-11,2021-10-14,3,RESIDUAL_REVERTED,700.0,702.8099975585938,0.004014282226562527,45.52103480316626,11339.769411815052
MGM,-1,2021-10-13,2021-10-14,1,RESIDUAL_REVERTED,48.510292053222656,48.6302375793457,-0.00247257893214603,-27.980088810966013,11316.155956518554
FAST,-1,2021-10-13,2021-10-14,1,RESIDUAL_REVERTED,24.029380798339844,24.073707580566406,-0.001844690988859199,-20.874810921514527,11316.155956518554
LKQ,-1,2021-10-08,2021-10-15,5,RESIDUAL_REVERTED,45.16291427612305,47.71635437011719,-0.056538426160512634,-646.4920023425469,11434.559577359949
TXN,1,2021-10-13,2021-10-15,2,RESIDUAL_REVERTED,164.17738342285156,167.38873291015625,0.01956024283219082,221.3467584364463,11316.155956518554
TEL,1,2021-10-13,2021-10-15,2,RESIDUAL_REVERTED,131.3341522216797,136.94134521484375,0.0426940966862881,483.13305652471735,11316.155956518554
JPM,1,2021-10-14,2021-10-18,2,RESIDUAL_REVERTED,143.58932495117188,147.7882080078125,0.029242306543807883,331.09634264383385,11322.511175642641
ATO,-1,2021-10-14,2021-10-18,2,RESIDUAL_REVERTED,81.73094940185547,81.62492370605469,0.0012972527124268662,14.6881583340861,11322.511175642643
BLK,-1,2021-10-14,2021-10-19,3,RESIDUAL_REVERTED,781.2550048828125,796.5966796875,-0.019637217949072472,-222.3426196869038,11322.511175642641
USB,1,2021-10-15,2021-10-19,2,RESIDUAL_REVERTED,48.80458450317383,49.31500244140625,0.010458401468395495,118.57917902717217,11338.174326689441
DPZ,1,2021-10-18,2021-10-19,1,RESIDUAL_REVERTED,425.2859802246094,427.3473205566406,0.004846951058538496,54.97908148548217,11343.023855920695
JBHT,-1,2021-10-18,2021-10-19,1,RESIDUAL_REVERTED,182.60421752929688,181.47731018066406,0.006171310629514926,70.0013236928852,11343.023855920695
ETN,-1,2021-10-15,2021-10-20,3,RESIDUAL_REVERTED,148.8560333251953,149.6703643798828,-0.00547059488619106,-62.02655849033006,11338.174326689441
MDT,1,2021-10-19,2021-10-20,1,RESIDUAL_REVERTED,103.72296905517578,104.82232666015625,0.01059897932921361,120.60545602006549,11378.968886904513
IP,1,2021-10-18,2021-10-21,3,RESIDUAL_REVERTED,42.30816650390625,42.707454681396484,0.009437614779486347,107.05108958670326,11343.023855920695
CDW,-1,2021-10-19,2021-10-21,2,RESIDUAL_REVERTED,174.36102294921875,175.7989044189453,-0.008246576243965631,-93.83753450357008,11378.968886904513
MNST,1,2021-10-14,2021-10-22,6,RESIDUAL_REVERTED,21.489999771118164,21.420000076293945,-0.0032573148240929717,-36.880983498379635,11322.511175642641
ULTA,1,2021-10-20,2021-10-22,2,RESIDUAL_REVERTED,366.25,371.8800048828125,0.015372026983788478,174.30316399932826,11338.983738654075
AKAM,-1,2021-10-15,2021-10-25,6,RESIDUAL_REVERTED,105.54000091552734,107.93000030517578,-0.0226454365066886,-256.7579068168132,11338.174326689441
D,-1,2021-10-20,2021-10-25,3,RESIDUAL_REVERTED,60.2537841796875,61.483428955078125,-0.02040776014538115,-231.4032604308298,11338.983738654075
NDAQ,1,2021-10-21,2021-10-25,2,RESIDUAL_REVERTED,61.900447845458984,62.68149185180664,0.012617744031474754,142.94842542180268,11329.158767622792
ELV,-1,2021-10-21,2021-10-25,2,RESIDUAL_REVERTED,390.38720703125,402.8052062988281,-0.03180944212289227,-360.37422011975514,11329.158767622792
WU,1,2021-10-20,2021-10-26,4,RESIDUAL_REVERTED,12.873669624328613,12.769429206848145,-0.008097179788075004,-91.8137899459409,11338.983738654075
CCI,-1,2021-10-20,2021-10-26,4,RESIDUAL_REVERTED,135.0292205810547,139.0020751953125,-0.029422184303233845,-333.61766937005217,11338.983738654075
HON,1,2021-10-25,2021-10-26,1,RESIDUAL_REVERTED,193.37701416015625,194.6167755126953,0.006411110223846439,72.4021586569086,11293.232549271414
IBM,1,2021-10-22,2021-10-27,3,RESIDUAL_REVERTED,101.1019058227539,100.6202621459961,-0.004763942606603289,-53.81669606103902,11296.671791646608
POOL,-1,2021-10-22,2021-10-27,3,RESIDUAL_REVERTED,465.9735412597656,467.8605041503906,-0.004049506513875478,-45.74594600538522,11296.671791646608
BALL,1,2021-10-26,2021-10-27,1,RESIDUAL_REVERTED,82.23320770263672,83.63651275634766,0.017064943626976303,192.5834346830771,11285.324985113903
TSLA,-1,2021-10-26,2021-10-27,1,RESIDUAL_REVERTED,341.5633239746094,346.5533447265625,-0.01460935762624227,-164.87134863589642,11285.324985113903
DE,-1,2021-10-26,2021-10-27,1,RESIDUAL_REVERTED,331.864501953125,321.8905334472656,0.03005433978976202,339.1729917405047,11285.324985113903
INTC,1,2021-10-25,2021-10-28,3,RESIDUAL_REVERTED,45.8964729309082,44.33988571166992,-0.03391518170865859,-383.01203398667747,11293.232549271414
NUE,-1,2021-10-26,2021-10-28,2,RESIDUAL_REVERTED,102.29090118408203,101.61051177978516,0.006651514420353499,75.0645018768606,11285.324985113903
LMT,1,2021-10-27,2021-10-28,1,RESIDUAL_REVERTED,291.3100280761719,288.6856994628906,-0.009008713605269447,-101.91762901910748,11313.227779767847
UPS,-1,2021-10-27,2021-10-28,1,RESIDUAL_REVERTED,171.4005126953125,168.37698364257812,0.017640140074196342,199.56692272639373,11313.227779767847
FFIV,-1,2021-10-28,2021-10-29,1,RESIDUAL_REVERTED,216.24000549316406,212.41000366210938,0.017711809719574645,200.15499012583152,11300.65155931671
MSFT,-1,2021-10-28,2021-10-29,1,RESIDUAL_REVERTED,311.26837158203125,311.0763854980469,0.000616786353873966,6.970087671671362,11300.651559316711
GLW,1,2021-10-27,2021-11-01,3,RESIDUAL_REVERTED,32.190006256103516,31.39586067199707,-0.024670563211085628,-279.1037010621732,11313.227779767847
ROL,1,2021-10-28,2021-11-01,2,RESIDUAL_REVERTED,32.51494598388672,32.93552017211914,0.012934795845604086,146.17162084207004,11300.65155931671
FISV,1,2021-10-28,2021-11-01,2,RESIDUAL_REVERTED,98.70999908447266,98.73999786376953,0.0003039082116818026,3.4343608062311777,11300.65155931671
DXCM,-1,2021-11-01,2021-11-02,1,RESIDUAL_REVERTED,156.8175048828125,157.66250610351562,-0.005388436841502919,-60.33356227847237,11196.858022677201
AOS,-1,2021-10-29,2021-11-02,2,TRAILING_STOP,64.68706512451172,71.16825007592571,-0.1001929047010992,-1128.8597666798976,11266.86335771553
ENPH,-1,2021-10-28,2021-11-03,4,RESIDUAL_REVERTED,216.22000122070312,234.4499969482422,-0.08431225429941192,-952.7834080181555,11300.65155931671
MO,1,2021-10-29,2021-11-03,3,RESIDUAL_REVERTED,30.163005828857422,30.04041862487793,-0.004064157421015735,-45.79030632683,11266.86335771553
TER,-1,2021-10-29,2021-11-03,3,RESIDUAL_REVERTED,132.65597534179688,137.56149291992188,-0.03697924323036039,-416.64008054819783,11266.86335771553
CBRE,1,2021-11-02,2021-11-03,1,RESIDUAL_REVERTED,101.47000122070312,102.0999984741211,0.006208704502207452,68.95112128945985,11105.556926561017
MRSH,1,2021-11-02,2021-11-03,1,RESIDUAL_REVERTED,151.54701232910156,152.2245330810547,0.004470696858621004,49.649578464813956,11105.556926561017
GWW,-1,2021-11-01,2021-11-04,3,RESIDUAL_REVERTED,442.5191345214844,452.501953125,-0.022559066545925655,-252.59066523885733,11196.858022677201
AON,1,2021-11-02,2021-11-04,2,TRAILING_STOP,297.4502258300781,281.09590691905277,-0.05498169942680742,-610.6023929034776,11105.556926561017
NOC,1,2021-10-29,2021-11-05,5,RESIDUAL_REVERTED,324.5613098144531,332.8597106933594,0.02556805333220491,288.0717632167371,11266.86335771553
UA,-1,2021-11-03,2021-11-05,2,RESIDUAL_REVERTED,22.100000381469727,22.399999618530273,-0.013574625877024404,-150.03550487389276,11052.643824816894
BR,1,2021-11-04,2021-11-05,1,RESIDUAL_REVERTED,155.57861328125,157.20469665527344,0.010451843860337373,114.42780669853279,10948.097601492398
FMC,-1,2021-11-04,2021-11-05,1,RESIDUAL_REVERTED,91.39287567138672,89.85921478271484,0.016780967634570598,183.7196715107639,10948.097601492398
CVS,-1,2021-11-04,2021-11-05,1,RESIDUAL_REVERTED,82.03956604003906,80.67620849609375,0.016618292974391546,181.93869345383408,10948.097601492398
QRVO,1,2021-11-05,2021-11-08,1,RESIDUAL_REVERTED,154.00999450683594,156.75,0.017791088831202062,194.86456816291934,10952.930987628206
ANET,-1,2021-11-03,2021-11-09,4,RESIDUAL_REVERTED,30.689374923706055,32.96562576293945,-0.07417064847010302,-819.7817597957494,11052.643824816894
PAYC,1,2021-11-04,2021-11-09,3,RESIDUAL_REVERTED,505.28887939453125,499.50787353515625,-0.011440991668572154,-125.25709344538949,10948.097601492398
MRK,1,2021-11-08,2021-11-09,1,RESIDUAL_REVERTED,69.00617218017578,71.76093292236328,0.039920497763515916,434.33253111098537,10879.937762397596
BIO,1,2021-11-08,2021-11-09,1,RESIDUAL_REVERTED,730.8699951171875,731.0900268554688,0.0003010545510846452,3.2754547788876107,10879.937762397596
PFE,-1,2021-11-08,2021-11-09,1,RESIDUAL_REVERTED,37.63669204711914,37.419898986816406,0.005760151822889248,62.67009333499602,10879.937762397596
LYV,-1,2021-11-08,2021-11-09,1,RESIDUAL_REVERTED,118.81999969482422,116.80999755859375,0.016916362071982216,184.0489665093503,10879.937762397596
CRL,1,2021-11-04,2021-11-10,4,RESIDUAL_REVERTED,386.010009765625,381.57000732421875,-0.011502298720445392,-125.92828903295694,10948.097601492398
EXPE,-1,2021-11-08,2021-11-10,2,RESIDUAL_REVERTED,180.8725128173828,183.8413543701172,-0.016414000704086273,-178.58330609240898,10879.937762397596
PEP,1,2021-11-09,2021-11-10,1,RESIDUAL_REVERTED,138.016845703125,140.08316040039062,0.014971467336025723,163.33240685166118,10909.579080377562
QCOM,-1,2021-11-05,2021-11-11,4,RESIDUAL_REVERTED,140.88833618164062,145.13101196289062,-0.030113747498445198,-329.8337981293328,10952.930987628206
PYPL,1,2021-11-10,2021-11-11,1,RESIDUAL_REVERTED,201.84901428222656,205.6268768310547,0.018716279404495273,205.07280543401592,10956.921565552217
TSLA,1,2021-11-10,2021-11-11,1,RESIDUAL_REVERTED,336.8033447265625,367.5899963378906,0.09140839036596438,1001.5545636732514,10956.921565552217
LOW,1,2021-11-10,2021-11-11,1,RESIDUAL_REVERTED,211.91334533691406,213.46205139160156,0.007308204456049072,80.07542300994882,10956.921565552217
DHI,-1,2021-11-10,2021-11-11,1,RESIDUAL_REVERTED,92.17575073242188,90.76130676269531,0.015345076752697917,168.1348023966895,10956.921565552217
SJM,-1,2021-11-10,2021-11-11,1,RESIDUAL_REVERTED,108.40935516357422,107.56216430664062,0.007814739379782387,85.6254864395073,10956.921565552217
JCI,-1,2021-11-10,2021-11-12,2,RESIDUAL_REVERTED,69.21932220458984,69.93980407714844,-0.010408681414548981,-114.04710586003456,10956.921565552217
AMD,1,2021-11-11,2021-11-12,1,RESIDUAL_REVERTED,142.9600067138672,146.02999877929688,0.021474481821858404,238.48762333389573,11105.62877895126
FTNT,1,2021-11-11,2021-11-12,1,RESIDUAL_REVERTED,67.77799987792969,67.86799621582031,0.0013278104702516558,14.746170171418697,11105.62877895126
CAH,-1,2021-11-11,2021-11-12,1,RESIDUAL_REVERTED,45.370513916015625,45.587806701660156,-0.004789295224796319,-53.18813487939251,11105.62877895126
COO,1,2021-11-12,2021-11-15,1,RESIDUAL_REVERTED,102.67547607421875,105.06967163085938,0.023318085760907437,260.60444290052925,11176.065032637931
SYK,1,2021-11-12,2021-11-15,1,RESIDUAL_REVERTED,250.68954467773438,252.22178649902344,0.006112108996243926,68.30932762859295,11176.065032637931
TPR,-1,2021-11-12,2021-11-15,1,RESIDUAL_REVERTED,40.94422149658203,40.09011459350586,0.020860255045940246,233.1355669908421,11176.065032637931
POOL,-1,2021-11-12,2021-11-16,2,RESIDUAL_REVERTED,516.841552734375,529.0372314453125,-0.023596552263291715,-263.7166026405875,11176.065032637931
WDC,-1,2021-11-12,2021-11-16,2,RESIDUAL_REVERTED,44.91969299316406,44.31043243408203,0.013563328653531714,151.58464309091224,11176.065032637931
HPE,1,2021-11-15,2021-11-16,1,RESIDUAL_REVERTED,12.765782356262207,12.861833572387695,0.007524115126275044,83.80100500719722,11137.655870595889
DGX,1,2021-11-15,2021-11-16,1,RESIDUAL_REVERTED,136.54318237304688,134.0188446044922,-0.018487468394123074,-205.90706089226086,11137.655870595889
CAH,-1,2021-11-15,2021-11-16,1,RESIDUAL_REVERTED,46.54755783081055,45.723628997802734,0.017700796162123056,197.14537628929108,11137.655870595889
LH,-1,2021-11-15,2021-11-16,1,RESIDUAL_REVERTED,239.44911193847656,233.1681671142578,0.026230812774250545,292.1497658856337,11137.655870595889
DIS,1,2021-11-12,2021-11-17,3,RESIDUAL_REVERTED,158.54299926757812,153.89874267578125,-0.02929335646008946,-327.38445682220475,11176.065032637931
TTWO,1,2021-11-16,2021-11-17,1,RESIDUAL_REVERTED,177.80999755859375,178.99000549316406,0.006636341886127495,74.382905640577,11208.41977657398
DLTR,-1,2021-11-16,2021-11-18,2,RESIDUAL_REVERTED,130.08999633789062,132.25999450683594,-0.01668074586849122,-186.96480188040218,11208.41977657398
WMT,1,2021-11-17,2021-11-18,1,RESIDUAL_REVERTED,44.82688522338867,44.50751495361328,-0.007124525118884617,-79.74664751796222,11193.2579627773
IQV,-1,2021-11-17,2021-11-18,1,RESIDUAL_REVERTED,269.0,267.2300109863281,0.00657988480918914,73.65034803461357,11193.2579627773
AMT,1,2021-11-16,2021-11-19,3,RESIDUAL_REVERTED,225.25184631347656,224.19483947753906,-0.004692555702591195,-52.59613413959816,11208.41977657398
PGR,1,2021-11-18,2021-11-19,1,RESIDUAL_REVERTED,81.06278991699219,80.91948699951172,-0.001767801449064521,-19.79064885548949,11195.063148049026
NVR,1,2021-11-17,2021-11-22,3,RESIDUAL_REVERTED,5165.759765625,5248.0,0.015920259188640262,178.19956793272698,11193.2579627773
QCOM,-1,2021-11-17,2021-11-22,3,RESIDUAL_REVERTED,162.16461181640625,162.45162963867188,-0.0017699165005899964,-19.811131963679635,11193.257962777298
CSCO,1,2021-11-19,2021-11-22,1,RESIDUAL_REVERTED,46.8780517578125,46.702964782714844,-0.0037349456415597393,-41.47054851367717,11103.387436813719
BBWI,-1,2021-11-19,2021-11-22,1,RESIDUAL_REVERTED,68.81405639648438,67.61357879638672,0.01744523812374743,193.70123781544115,11103.387436813719
HD,-1,2021-11-17,2021-11-22,3,TRAILING_STOP,346.0742492675781,364.67781237629816,-0.05375598776300783,-601.7046380752461,11193.2579627773
AAPL,-1,2021-11-19,2021-11-22,1,TRAILING_STOP,153.99169921875,160.31047111096032,-0.04103319805072281,-455.607495728686,11103.387436813719
MDLZ,1,2021-11-22,2021-11-23,1,RESIDUAL_REVERTED,53.22029113769531,53.748966217041016,0.009933712650648241,110.3646092286113,11110.106876446638
TGT,1,2021-11-18,2021-11-24,4,RESIDUAL_REVERTED,219.9002685546875,212.86764526367188,-0.03198096726865374,-358.02894810826746,11195.063148049026
ROST,1,2021-11-22,2021-11-24,2,RESIDUAL_REVERTED,107.74650573730469,108.04946899414062,0.002811815146698038,31.239566796626388,11110.106876446638
CPRT,1,2021-11-23,2021-11-24,1,RESIDUAL_REVERTED,36.584999084472656,36.91999816894531,0.009156733438728804,101.14268571641811,11045.716946245248
AMGN,1,2021-11-23,2021-11-24,1,RESIDUAL_REVERTED,174.544677734375,176.33126831054688,0.010235720729856457,113.06087392281039,11045.716946245248
GILD,-1,2021-11-23,2021-11-24,1,RESIDUAL_REVERTED,58.472381591796875,59.20046615600586,-0.01245176858524144,-137.53871127272524,11045.716946245248
LYB,-1,2021-11-23,2021-11-26,2,RESIDUAL_REVERTED,66.45706176757812,62.66034698486328,0.057130343739739575,631.0456059908576,11045.716946245246
AIZ,-1,2021-11-23,2021-11-26,2,RESIDUAL_REVERTED,150.7488250732422,144.62437438964844,0.040626855171960075,448.7527426455705,11045.716946245248
TRV,-1,2021-11-23,2021-11-26,2,RESIDUAL_REVERTED,144.16929626464844,140.40457153320312,0.026113221254368102,288.43925053042557,11045.716946245248
LOW,-1,2021-11-17,2021-11-29,7,RESIDUAL_REVERTED,227.76451110839844,228.0286865234375,-0.0011598620599559961,-12.982635238325987,11193.2579627773
BBY,1,2021-11-24,2021-11-29,2,RESIDUAL_REVERTED,95.17990112304688,91.68051147460938,-0.036766056774040434,-408.5358952836123,11111.768058087442
ADSK,1,2021-11-26,2021-11-29,1,RESIDUAL_REVERTED,258.17999267578125,257.2099914550781,-0.00375707354644339,-41.69804457452315,11098.543602905082
GAP,1,2021-11-26,2021-11-29,1,RESIDUAL_REVERTED,14.470500946044922,14.462248802185059,-0.0005702735441317497,-6.329205795129751,11098.543602905082
STZ,1,2021-11-26,2021-11-29,1,RESIDUAL_REVERTED,209.3610382080078,210.768798828125,0.0067240811956545965,74.6275083394466,11098.543602905082
CLX,-1,2021-11-29,2021-11-30,1,RESIDUAL_REVERTED,145.29844665527344,143.3550262451172,0.01337536948875373,149.1464952089069,11150.83178332476
RVTY,-1,2021-11-29,2021-11-30,1,RESIDUAL_REVERTED,180.61827087402344,183.13894653320312,-0.013955817686560623,-155.61897542158565,11150.83178332476
MRNA,-1,2021-11-29,2021-12-01,2,RESIDUAL_REVERTED,370.3299865722656,330.0,0.10890283810273005,1214.3572284101926,11150.83178332476
WMT,1,2021-11-30,2021-12-01,1,RESIDUAL_REVERTED,44.30083465576172,43.99711990356445,-0.006855734311944084,-76.39988896655055,11143.939582583705
DXCM,1,2021-11-30,2021-12-01,1,RESIDUAL_REVERTED,143.0,141.8524932861328,-0.00802452247459573,-89.42479363597975,11143.939582583705
DE,1,2021-11-30,2021-12-01,1,RESIDUAL_REVERTED,325.1400451660156,332.1086120605469,0.021432508846989773,238.84258369404358,11143.939582583704
STZ,1,2021-11-30,2021-12-01,1,RESIDUAL_REVERTED,205.96034240722656,207.66065979003906,0.008255557176393813,91.99943039429765,11143.939582583705
HPQ,-1,2021-11-26,2021-12-01,3,TRAILING_STOP,28.697025299072266,31.320981829912228,-0.09143653404817509,-1014.8123600321858,11098.543602905082
LH,-1,2021-12-01,2021-12-02,1,RESIDUAL_REVERTED,232.53273010253906,233.1437225341797,-0.002627554544133215,-29.2530856580831,11133.198252115972
TPR,1,2021-11-26,2021-12-03,5,RESIDUAL_REVERTED,37.72150421142578,36.50336456298828,-0.032292976483915714,-358.4050075743269,11098.543602905082
LRCX,-1,2021-11-30,2021-12-03,3,RESIDUAL_REVERTED,64.19701385498047,63.5762825012207,0.009669162418706634,107.75256180825555,11143.939582583705
AAPL,-1,2021-12-01,2021-12-03,2,RESIDUAL_REVERTED,163.59356689453125,160.21389770507812,0.020658936983946274,230.00004112024496,11133.198252115972
DG,1,2021-12-03,2021-12-06,1,RESIDUAL_REVERTED,200.01612854003906,204.28216552734375,0.021328464951518633,239.80357676537642,11243.35845596337
MMM,1,2021-12-03,2021-12-06,1,RESIDUAL_REVERTED,120.20756530761719,123.47633361816406,0.027192700411009296,305.73727810660057,11243.35845596337
CL,1,2021-12-03,2021-12-06,1,RESIDUAL_REVERTED,67.88640594482422,69.02051544189453,0.0167059882061229,187.83141376253747,11243.35845596337
KR,-1,2021-12-03,2021-12-06,1,RESIDUAL_REVERTED,40.575557708740234,39.5746955871582,0.024666626365715705,277.3357221290587,11243.358455963367
DAL,-1,2021-12-03,2021-12-06,1,RESIDUAL_REVERTED,35.212425231933594,35.95566177368164,-0.021107223852165014,-237.3160837801515,11243.35845596337
CCL,-1,2021-12-03,2021-12-06,1,RESIDUAL_REVERTED,17.498802185058594,17.28227996826172,0.012373545029370825,139.12020213621994,11243.358455963371
PVH,1,2021-12-03,2021-12-07,2,RESIDUAL_REVERTED,100.25098419189453,104.55241394042969,0.04290660868028606,482.41438152220485,11243.35845596337
MPWR,1,2021-12-07,2021-12-08,1,RESIDUAL_REVERTED,505.2598571777344,517.1928100585938,0.023617456861730668,268.26083598840125,11358.582660230699
KEYS,1,2021-12-07,2021-12-08,1,RESIDUAL_REVERTED,199.69000244140625,202.44000244140625,0.013771345417289638,156.42296526487263,11358.582660230699
ODFL,1,2021-12-07,2021-12-08,1,RESIDUAL_REVERTED,173.90652465820312,177.6510772705078,0.021531984608767596,244.57282701750162,11358.582660230699
CME,1,2021-12-07,2021-12-08,1,RESIDUAL_REVERTED,183.662109375,187.3419647216797,0.020036007204764283,227.5806440162918,11358.582660230699
HST,-1,2021-12-07,2021-12-08,1,RESIDUAL_REVERTED,13.082999229431152,13.098750114440918,-0.0012039200441389397,-13.674825337660007,11358.582660230699
UAL,-1,2021-12-07,2021-12-08,1,RESIDUAL_REVERTED,44.97999954223633,43.7400016784668,0.027567760702291055,313.1306886944322,11358.582660230699
NCLH,-1,2021-12-07,2021-12-08,1,RESIDUAL_REVERTED,20.780000686645508,20.6299991607666,0.007218552498667985,81.99252524333454,11358.582660230697
MKC,1,2021-12-08,2021-12-09,1,RESIDUAL_REVERTED,78.74382781982422,79.51476287841797,0.009790418880293084,112.4526206345484,11485.986657925583
AMGN,-1,2021-12-07,2021-12-10,3,RESIDUAL_REVERTED,180.5172882080078,184.0991668701172,-0.019842302627447017,-225.3804345631704,11358.582660230699
MKTX,-1,2021-12-07,2021-12-10,3,RESIDUAL_REVERTED,341.80426025390625,358.0086364746094,-0.04740835064099502,-538.4916695409437,11358.582660230699
KHC,1,2021-12-09,2021-12-10,1,RESIDUAL_REVERTED,25.966896057128906,26.265451431274414,0.011497537999484608,131.36855549954936,11425.798767130633
BF-B,1,2021-12-09,2021-12-10,1,RESIDUAL_REVERTED,63.62553024291992,64.17784118652344,0.008680649756392045,99.18335728447671,11425.798767130633
NVR,-1,2021-12-09,2021-12-10,1,RESIDUAL_REVERTED,5890.2099609375,5874.5498046875,0.002658675387440246,30.377489964015506,11425.798767130633
NCLH,-1,2021-12-09,2021-12-10,1,RESIDUAL_REVERTED,21.1200008392334,21.5,-0.0179923837910414,-205.5773565374208,11425.798767130633
CPB,-1,2021-12-09,2021-12-10,1,TRAILING_STOP,34.54280090332031,35.499823075609875,-0.027705401625308657,-316.5563437333102,11425.798767130633
LH,1,2021-12-10,2021-12-13,1,RESIDUAL_REVERTED,231.8484344482422,234.93597412109375,0.013317060691823812,152.30525117646346,11436.851922584836
ODFL,1,2021-12-09,2021-12-14,3,RESIDUAL_REVERTED,173.86264038085938,174.03817749023438,0.0010096309879481513,11.535840497354792,11425.798767130633
WMT,1,2021-12-13,2021-12-14,1,RESIDUAL_REVERTED,44.08938217163086,45.051395416259766,0.021819612733151583,249.43810924180366,11431.83026630072
C,1,2021-12-13,2021-12-14,1,RESIDUAL_REVERTED,51.36738967895508,51.33342742919922,-0.0006611636286780742,-7.558310381299393,11431.83026630072
ORCL,-1,2021-12-13,2021-12-14,1,RESIDUAL_REVERTED,96.09588623046875,93.8069839477539,0.023818941398025317,272.29409518518906,11431.83026630072
AVGO,-1,2021-12-13,2021-12-14,1,RESIDUAL_REVERTED,58.03560256958008,56.55632400512695,0.025489156637593102,291.38771231211626,11431.83026630072
COST,-1,2021-12-13,2021-12-14,1,RESIDUAL_REVERTED,522.4808349609375,528.1950073242188,-0.010936616198962579,-125.02554007421442,11431.83026630072
F,-1,2021-12-13,2021-12-14,1,RESIDUAL_REVERTED,15.6544771194458,14.593155860900879,0.067796659731711,775.0399066750648,11431.83026630072
GM,-1,2021-12-13,2021-12-14,1,RESIDUAL_REVERTED,59.493404388427734,55.5635986328125,0.06605447773601669,755.123577807282,11431.83026630072
NXPI,1,2021-12-09,2021-12-15,4,RESIDUAL_REVERTED,205.5614013671875,202.4173583984375,-0.015294909199095708,-174.75655467040266,11425.798767130633
ADBE,1,2021-12-15,2021-12-16,1,RESIDUAL_REVERTED,615.9600219726562,578.4000244140625,-0.06097797944468075,-707.2272279380346,11598.075803407544
SNPS,1,2021-12-15,2021-12-16,1,RESIDUAL_REVERTED,347.0199890136719,363.0799865722656,0.04627974775816446,536.7560226617721,11598.075803407542
MSCI,1,2021-12-15,2021-12-16,1,RESIDUAL_REVERTED,561.9230346679688,574.9002685546875,0.023094326244138985,267.84974640814943,11598.075803407544
BRK-B,-1,2021-12-15,2021-12-16,1,RESIDUAL_REVERTED,295.82000732421875,296.8800048828125,-0.0035832517488649795,-41.558825406028376,11598.075803407544
PRU,-1,2021-12-15,2021-12-16,1,RESIDUAL_REVERTED,85.1172103881836,85.74312591552734,-0.007353571909713752,-85.2872844346695,11598.075803407544
ALGN,1,2021-12-14,2021-12-17,3,RESIDUAL_REVERTED,620.2000122070312,592.469970703125,-0.04471144946486971,-516.9124783082597,11561.07629018835
CNC,-1,2021-12-15,2021-12-17,2,RESIDUAL_REVERTED,81.95999908447266,83.12000274658203,-0.014153290325367163,-164.15093406124393,11598.075803407544
TRV,-1,2021-12-15,2021-12-20,3,RESIDUAL_REVERTED,143.44479370117188,142.9417724609375,0.003506723578147297,40.67124588094895,11598.075803407544
SCHW,-1,2021-12-15,2021-12-20,3,RESIDUAL_REVERTED,75.83679962158203,76.51173400878906,-0.008899826872638128,-103.22086670606089,11598.075803407544
SWKS,1,2021-12-17,2021-12-20,1,RESIDUAL_REVERTED,126.16004943847656,130.2559051513672,0.032465552535218434,372.49601213090426,11473.576854323424
TGT,1,2021-12-17,2021-12-20,1,RESIDUAL_REVERTED,193.05784606933594,189.7948455810547,-0.016901672502392606,-193.9226384228071,11473.576854323424
ACN,-1,2021-12-17,2021-12-20,1,RESIDUAL_REVERTED,365.94708251953125,360.88763427734375,0.013825628031663428,158.62940578057925,11473.576854323424
MDT,1,2021-12-16,2021-12-21,3,RESIDUAL_REVERTED,88.05929565429688,85.74713897705078,-0.026256815479460127,-306.11753200755345,11658.59326112948
ADBE,1,2021-12-17,2021-12-21,2,RESIDUAL_REVERTED,566.0900268554688,550.9099731445312,-0.026815617641702816,-307.67104990822776,11473.576854323426
CAG,-1,2021-12-17,2021-12-21,2,RESIDUAL_REVERTED,26.882911682128906,26.718847274780273,0.0061029255048179465,70.02238481573929,11473.576854323424
PFG,1,2021-12-21,2021-12-22,1,RESIDUAL_REVERTED,57.23570251464844,59.113101959228516,0.032801195094960045,377.9294919061389,11521.820799883248
AMP,1,2021-12-21,2021-12-22,1,RESIDUAL_REVERTED,268.56494140625,275.08740234375,0.024286345430447165,279.822919933676,11521.820799883248
D,-1,2021-12-21,2021-12-22,1,RESIDUAL_REVERTED,63.07434844970703,61.890037536621094,0.018776427219541758,216.33862968560965,11521.820799883248
COR,-1,2021-12-21,2021-12-22,1,RESIDUAL_REVERTED,121.12498474121094,121.61203002929688,-0.004021014236877063,-46.329405471077884,11521.820799883248
AEP,-1,2021-12-21,2021-12-22,1,RESIDUAL_REVERTED,73.90101623535156,72.7710952758789,0.015289653878022613,176.16465207481667,11521.820799883248
FDX,-1,2021-12-20,2021-12-23,3,RESIDUAL_REVERTED,183.072509765625,183.48934936523438,-0.002276909843771824,-26.21568785329375,11513.713608381357
GIS,1,2021-12-22,2021-12-23,1,RESIDUAL_REVERTED,53.99321365356445,54.748085021972656,0.013980856432285416,162.59378688976932,11629.744406379636
HST,-1,2021-12-22,2021-12-27,2,RESIDUAL_REVERTED,13.248406410217285,13.579222679138184,-0.024970268776308924,-290.3978436270737,11629.744406379636
CTAS,1,2021-12-23,2021-12-27,1,RESIDUAL_REVERTED,103.25743103027344,104.7926254272461,0.014867640824054229,172.97592742290465,11634.38971050797
PAYX,-1,2021-12-23,2021-12-27,1,RESIDUAL_REVERTED,115.35763549804688,115.91718292236328,-0.004850545192787603,-56.43313308132304,11634.38971050797
ISRG,-1,2021-12-23,2021-12-27,1,RESIDUAL_REVERTED,360.6499938964844,363.4599914550781,-0.0077914809542469765,-90.64912584370995,11634.389710507969
CCI,1,2021-12-22,2021-12-28,3,RESIDUAL_REVERTED,156.70875549316406,161.00216674804688,0.02739739232419658,318.62467013171363,11629.744406379636
KMX,1,2021-12-23,2021-12-28,2,RESIDUAL_REVERTED,128.1999969482422,126.94999694824219,-0.00975039024770541,-113.43983997134073,11634.38971050797
FTV,-1,2021-12-27,2021-12-28,1,RESIDUAL_REVERTED,55.204261779785156,55.735782623291016,-0.009628257427409137,-111.72817196943761,11604.194508902066
IEX,1,2021-12-20,2021-12-29,6,RESIDUAL_REVERTED,212.9140625,221.43930053710938,0.04004074666091806,461.01768971956267,11513.713608381357
ATO,-1,2021-12-23,2021-12-29,3,RESIDUAL_REVERTED,90.85572814941406,92.17298126220703,-0.014498294599837758,-168.67880951226456,11634.389710507969
FISV,1,2021-12-28,2021-12-29,1,RESIDUAL_REVERTED,104.0,104.27999877929688,0.0026922959547777126,31.36878121973171,11651.31239159123
AMZN,1,2021-12-28,2021-12-29,1,RESIDUAL_REVERTED,170.1824951171875,170.83999633789062,0.0038635067622576624,45.01492421408849,11651.31239159123
APA,-1,2021-12-28,2021-12-29,1,RESIDUAL_REVERTED,24.3626708984375,24.026697158813477,0.013790513405719018,160.6775797304592,11651.31239159123
DVN,-1,2021-12-28,2021-12-29,1,RESIDUAL_REVERTED,36.11433029174805,35.599552154541016,0.014254123862976753,166.07924999597765,11651.312391591227
DXCM,1,2021-12-29,2021-12-30,1,RESIDUAL_REVERTED,133.9949951171875,133.1750030517578,-0.00611957233710525,-71.51468411009823,11686.22252840751
TER,1,2021-12-29,2021-12-30,1,RESIDUAL_REVERTED,161.7757110595703,163.72943115234375,0.012076720788166018,141.13124654395196,11686.22252840751
CPB,-1,2021-12-29,2021-12-30,1,RESIDUAL_REVERTED,35.983821868896484,35.91756057739258,0.0018414189505862044,21.519231624577657,11686.22252840751
FFIV,-1,2021-12-28,2021-12-31,3,RESIDUAL_REVERTED,245.0,245.39999389648438,-0.001632628148915849,-19.0222605823235,11651.31239159123
BIIB,-1,2021-12-30,2021-12-31,1,RESIDUAL_REVERTED,245.19000244140625,239.75999450683594,0.022146122927128475,259.2477151898571,11706.234813330908
WDC,-1,2021-12-30,2021-12-31,1,RESIDUAL_REVERTED,49.16193771362305,49.139373779296875,0.00045897162267305447,5.372829587665971,11706.234813330908
EXC,-1,2021-12-30,2022-01-04,3,RESIDUAL_REVERTED,34.06761932373047,34.03153991699219,0.0010590527737037725,12.39752044868585,11706.234813330908
GWW,1,2021-12-31,2022-01-05,3,RESIDUAL_REVERTED,492.717041015625,496.25,0.007170360856796343,84.02211798823565,11717.976217137691
C,-1,2022-01-04,2022-01-05,1,RESIDUAL_REVERTED,54.39899826049805,54.432960510253906,-0.0006243175580775695,-7.309815798446067,11708.48986044054
ZTS,1,2022-01-04,2022-01-05,1,STOP_LOSS,221.4975128173828,207.34735884141483,-0.06388403100324791,-747.9855292455971,11708.48986044054
MHK,-1,2022-01-03,2022-01-06,3,RESIDUAL_REVERTED,183.35000610351562,183.67999267578125,-0.0017997630830692835,-21.086842650580838,11716.454709483412
MRSH,1,2022-01-04,2022-01-06,2,RESIDUAL_REVERTED,155.71437072753906,153.41258239746094,-0.014782118820013568,-173.07628831995618,11708.48986044054
WBD,-1,2022-01-04,2022-01-06,2,RESIDUAL_REVERTED,25.770000457763672,26.59000015258789,-0.031819933265743394,-372.5633660018521,11708.48986044054
WAB,-1,2022-01-05,2022-01-07,2,RESIDUAL_REVERTED,95.48572540283203,93.81055450439453,0.017543678820790665,203.2386820838382,11584.724285021895
ARE,1,2022-01-06,2022-01-07,1,RESIDUAL_REVERTED,168.2205352783203,168.60906982421875,0.0023096736986101263,26.603785889049984,11518.417473888287
CCI,1,2022-01-06,2022-01-07,1,RESIDUAL_REVERTED,149.0262451171875,151.51898193359375,0.016726830998432973,192.6666224551272,11518.417473888287
WMT,-1,2022-01-06,2022-01-07,1,RESIDUAL_REVERTED,45.152000427246094,45.1142692565918,0.0008356478184193827,9.625340433697842,11518.417473888287
SLB,-1,2022-01-04,2022-01-10,4,TRAILING_STOP,28.901031494140625,31.750138012704078,-0.09858148208796913,-1154.240283454186,11708.48986044054
CTAS,1,2022-01-04,2022-01-11,5,RESIDUAL_REVERTED,101.89440155029297,95.45233154296875,-0.06322300253311308,-740.2458841055617,11708.48986044054
FTV,1,2022-01-04,2022-01-11,5,RESIDUAL_REVERTED,54.58415603637695,53.43252944946289,-0.021098184354935823,-247.027877593471,11708.48986044054
HUM,1,2022-01-07,2022-01-11,2,RESIDUAL_REVERTED,350.2669372558594,366.40460205078125,0.0460724752423145,530.0170658000912,11503.985036890464
LW,-1,2022-01-07,2022-01-11,2,RESIDUAL_REVERTED,61.76030731201172,62.35237121582031,-0.009586479238477663,-110.28271371590685,11503.985036890463
FOX,1,2022-01-10,2022-01-11,1,RESIDUAL_REVERTED,33.778289794921875,33.68484878540039,-0.0027663037438778737,-31.45324634176783,11370.134755222436
APH,1,2022-01-10,2022-01-11,1,RESIDUAL_REVERTED,19.457998275756836,19.630537033081055,0.008867240857924674,100.82172346161768,11370.134755222436
WBD,-1,2022-01-10,2022-01-11,1,RESIDUAL_REVERTED,30.170000076293945,28.899999618530273,0.0420948112214814,478.6236760838926,11370.134755222436
CAG,-1,2022-01-10,2022-01-11,1,RESIDUAL_REVERTED,27.203229904174805,26.77353858947754,0.01579559913329709,179.59809068506286,11370.134755222436
KEY,-1,2022-01-07,2022-01-12,3,RESIDUAL_REVERTED,20.555309295654297,20.95060920715332,-0.0192310368972457,-221.23356070980188,11503.985036890463
COR,-1,2022-01-11,2022-01-12,1,RESIDUAL_REVERTED,128.91729736328125,129.71945190429688,-0.00622224137041294,-71.87367316400379,11551.090497030145
APTV,1,2022-01-12,2022-01-13,1,RESIDUAL_REVERTED,161.77999877929688,160.52999877929688,-0.007726542276126902,-89.03987082494076,11523.896154694134
UNP,1,2022-01-12,2022-01-13,1,RESIDUAL_REVERTED,222.27566528320312,222.1769256591797,-0.00044422147560607694,-5.119162154569972,11523.896154694135
ES,1,2022-01-12,2022-01-13,1,RESIDUAL_REVERTED,70.78299713134766,72.04739379882812,0.017862999854812767,205.85135533817763,11523.896154694135
ILMN,-1,2022-01-12,2022-01-13,1,RESIDUAL_REVERTED,409.5330810546875,403.26849365234375,0.015296901989481082,176.27991001531365,11523.896154694135
YUM,1,2022-01-12,2022-01-14,2,RESIDUAL_REVERTED,119.69754791259766,116.96778106689453,-0.022805536899522694,-262.8086389821442,11523.896154694135
WAB,1,2022-01-12,2022-01-14,2,RESIDUAL_REVERTED,90.45044708251953,90.0511245727539,-0.004414820740480274,-50.87593575488509,11523.896154694135
CRL,-1,2022-01-12,2022-01-14,2,RESIDUAL_REVERTED,358.0,349.70001220703125,0.02318432344404675,267.1737357860358,11523.896154694134
APA,-1,2022-01-12,2022-01-14,2,RESIDUAL_REVERTED,28.282411575317383,27.834440231323242,0.015839220174035495,182.52952845692081,11523.896154694135
FCX,-1,2022-01-13,2022-01-14,1,RESIDUAL_REVERTED,41.758426666259766,40.63235092163086,0.026966431317652084,310.59110582587823,11517.69406071046
NOW,1,2022-01-14,2022-01-18,1,RESIDUAL_REVERTED,104.25199890136719,104.94000244140625,0.00659942780272238,76.44693145802148,11583.872684611555
BWA,-1,2022-01-14,2022-01-18,1,RESIDUAL_REVERTED,40.69675827026367,40.80390167236328,-0.002632725717072626,-30.497159520071428,11583.872684611555
BSX,-1,2022-01-13,2022-01-19,3,RESIDUAL_REVERTED,44.2400016784668,44.16999816894531,0.001582357750125385,18.225112460538938,11517.69406071046
LUMN,1,2022-01-14,2022-01-19,2,RESIDUAL_REVERTED,11.444406509399414,11.41637897491455,-0.00244901598539371,-28.369089377379538,11583.872684611555
TECH,1,2022-01-14,2022-01-19,2,RESIDUAL_REVERTED,96.82683563232422,93.03934478759766,-0.039116127466032435,-453.11624048155653,11583.872684611555
LRCX,-1,2022-01-18,2022-01-19,1,RESIDUAL_REVERTED,68.2753677368164,65.81647491455078,0.03601434754249888,417.31232150139357,11587.390858849845
JPM,1,2022-01-18,2022-01-20,2,RESIDUAL_REVERTED,139.11851501464844,133.05477905273438,-0.04358683645577721,-505.0577103138556,11587.390858849843
MNST,1,2022-01-18,2022-01-20,2,RESIDUAL_REVERTED,22.084999084472656,21.844999313354492,-0.010867094456295523,-125.92127096513634,11587.390858849845
WYNN,-1,2022-01-18,2022-01-20,2,RESIDUAL_REVERTED,87.63856506347656,86.8183364868164,0.009359219609153424,108.44893574507236,11587.390858849845
GS,1,2022-01-19,2022-01-20,1,RESIDUAL_REVERTED,319.12066650390625,310.7138671875,-0.0263436379990869,-303.7878834952488,11531.736182594757
WMB,-1,2022-01-19,2022-01-20,1,RESIDUAL_REVERTED,24.289690017700195,23.5156192779541,0.03186828399959074,367.49664367528595,11531.736182594757
LVS,-1,2022-01-18,2022-01-21,3,RESIDUAL_REVERTED,39.956356048583984,40.96980667114258,-0.025363940128231732,-293.901887986287,11587.390858849843
USB,1,2022-01-20,2022-01-21,1,RESIDUAL_REVERTED,46.2149772644043,46.27215576171875,0.001237228723219408,14.238158650211268,11508.105480417496
BNY,1,2022-01-20,2022-01-21,1,RESIDUAL_REVERTED,51.99427795410156,52.36279296875,0.0070876071204171165,81.5649303455184,11508.105480417496
CME,-1,2022-01-20,2022-01-24,2,RESIDUAL_REVERTED,190.70541381835938,181.3451385498047,0.04908237831921247,564.8451869272541,11508.105480417496
VFC,1,2022-01-21,2022-01-24,1,RESIDUAL_REVERTED,56.6755256652832,56.743709564208984,0.0012030571948897784,13.872927409987204,11531.394740761105
ARE,1,2022-01-21,2022-01-24,1,RESIDUAL_REVERTED,160.55422973632812,157.11373901367188,-0.02142883889329128,-247.104400114716,11531.394740761105
TRV,-1,2022-01-21,2022-01-24,1,RESIDUAL_REVERTED,151.209716796875,148.16404724121094,0.020142022749473187,232.26561520156628,11531.394740761105
PG,-1,2022-01-20,2022-01-25,3,RESIDUAL_REVERTED,142.45626831054688,142.7498321533203,-0.0020607295576033913,-23.715093115515057,11508.105480417496
NTRS,1,2022-01-21,2022-01-25,2,RESIDUAL_REVERTED,103.1939926147461,99.39481353759766,-0.036815893841145475,-424.53860461620354,11531.394740761105
MS,-1,2022-01-21,2022-01-25,2,RESIDUAL_REVERTED,84.27287292480469,82.93331146240234,0.015895523860894323,183.29756025115887,11531.394740761105
BLK,1,2022-01-25,2022-01-26,1,RESIDUAL_REVERTED,688.7621459960938,721.6781005859375,0.04779001688927087,552.2953886428846,11556.710472033299
WMB,1,2022-01-25,2022-01-26,1,RESIDUAL_REVERTED,22.904504776000977,23.82524299621582,0.04019900142873123,464.5682207766994,11556.710472033299
SRE,1,2022-01-25,2022-01-26,1,RESIDUAL_REVERTED,56.462738037109375,57.790863037109375,0.0235221501147731,271.8386785561384,11556.710472033299
PLD,1,2022-01-25,2022-01-26,1,RESIDUAL_REVERTED,130.84764099121094,133.5770721435547,0.020859612994682086,241.06850793820348,11556.710472033299
SBAC,-1,2022-01-25,2022-01-26,1,RESIDUAL_REVERTED,298.1959228515625,299.11712646484375,-0.0030892562328552753,-35.70163985703385,11556.710472033299
GPC,-1,2022-01-25,2022-01-26,1,RESIDUAL_REVERTED,115.37936401367188,115.84101867675781,-0.004001189181725984,-46.24058491703996,11556.710472033299
URI,-1,2022-01-25,2022-01-26,1,RESIDUAL_REVERTED,293.654052734375,301.6346130371094,-0.027176741572006113,-314.07373392094615,11556.710472033299
SYF,1,2022-01-31,2022-02-01,1,RESIDUAL_REVERTED,36.841026306152344,38.23448944091797,0.03782367850411705,441.66905850811753,11677.051941419251
VFC,1,2022-01-31,2022-02-01,1,RESIDUAL_REVERTED,52.84886169433594,55.74656677246094,0.05483003768150341,640.2531979568896,11677.05194141925
CE,1,2022-01-31,2022-02-01,1,RESIDUAL_REVERTED,140.43162536621094,144.60580444335938,0.029723924837181226,347.08781422660616,11677.05194141925
WDC,1,2022-01-31,2022-02-01,1,RESIDUAL_REVERTED,37.24001693725586,38.646575927734375,0.037770095347925636,441.043365210084,11677.05194141925
V,-1,2022-01-31,2022-02-01,1,RESIDUAL_REVERTED,217.54750061035156,218.8495635986328,-0.0059851893707267845,-69.88936716120679,11677.05194141925
NI,-1,2022-01-31,2022-02-01,1,RESIDUAL_REVERTED,24.8879451751709,25.008012771606445,-0.00482432742399852,-56.33392191244323,11677.05194141925
MA,-1,2022-01-31,2022-02-01,1,RESIDUAL_REVERTED,368.59124755859375,375.48260498046875,-0.018696476021936803,-218.31972162965496,11677.05194141925
CHD,-1,2022-01-31,2022-02-01,1,RESIDUAL_REVERTED,96.83006286621094,97.2363052368164,-0.004195415747759723,-48.990087602438976,11677.05194141925
AAPL,-1,2022-01-31,2022-02-01,1,RESIDUAL_REVERTED,166.21139526367188,169.97203063964844,-0.02262561703432442,-264.2005053164663,11677.05194141925
CAT,1,2022-01-31,2022-02-02,2,RESIDUAL_REVERTED,184.91799926757812,188.39476013183594,0.018801635741401812,219.54767713599367,11677.05194141925
BR,1,2022-02-02,2022-02-03,1,RESIDUAL_REVERTED,141.0721893310547,139.88951110839844,-0.00838349662158322,-99.2004594121597,11832.826312205914
SO,1,2022-02-02,2022-02-03,1,RESIDUAL_REVERTED,57.283660888671875,58.08335876464844,0.0139603137015063,165.18996729383164,11832.826312205914
MOS,-1,2022-02-02,2022-02-03,1,RESIDUAL_REVERTED,38.221588134765625,38.248104095458984,-0.0006937430386164678,-8.208940881250605,11832.826312205914
XOM,-1,2022-02-02,2022-02-03,1,RESIDUAL_REVERTED,68.09149932861328,68.11700439453125,-0.0003745704848541198,-4.432227488958616,11832.826312205914
FDX,1,2022-02-02,2022-02-04,2,RESIDUAL_REVERTED,185.36911010742188,180.10292053222656,-0.028409207834808825,-336.1612219766525,11832.826312205914
T,1,2022-02-02,2022-02-04,2,RESIDUAL_REVERTED,14.2487211227417,14.425283432006836,0.01239144957250482,146.62587054790666,11832.826312205914
UPS,-1,2022-02-02,2022-02-04,2,RESIDUAL_REVERTED,182.9810791015625,180.31549072265625,0.014567562897728537,172.37544156095672,11832.826312205916
VZ,-1,2022-02-02,2022-02-04,2,RESIDUAL_REVERTED,39.9841423034668,39.95427322387695,0.0007470231414030692,8.839395083421143,11832.826312205914
TECH,-1,2022-02-02,2022-02-07,3,RESIDUAL_REVERTED,98.92720031738281,100.33804321289062,-0.014261425482389845,-168.75297069758702,11832.826312205914
PYPL,1,2022-02-03,2022-02-07,2,RESIDUAL_REVERTED,128.51678466796875,125.1839599609375,-0.025932991676081985,-304.97915619944996,11760.276639456637
META,1,2022-02-04,2022-02-07,1,RESIDUAL_REVERTED,232.7408905029297,235.4449920654297,0.011618506557471209,136.5557519799264,11753.296458925173
MCK,-1,2022-02-04,2022-02-07,1,RESIDUAL_REVERTED,257.238037109375,260.1678466796875,-0.011389488130275183,-133.86403051053298,11753.296458925173
CLX,1,2022-02-07,2022-02-08,1,RESIDUAL_REVERTED,119.29542541503906,123.47148895263672,0.0350060660169389,410.4719371108231,11725.737388263027
NWL,1,2022-02-07,2022-02-08,1,RESIDUAL_REVERTED,17.004030227661133,17.553062438964844,0.03228835775712624,378.6048037583474,11725.737388263027
XYL,1,2022-02-04,2022-02-09,3,RESIDUAL_REVERTED,85.7178955078125,87.7807846069336,0.024066025966924087,282.85513777744916,11753.296458925173
ZBH,1,2022-02-08,2022-02-09,1,RESIDUAL_REVERTED,101.50047302246094,112.2672348022461,0.10607597638882527,1244.0034087515928,11727.475448273553
AVY,1,2022-02-08,2022-02-09,1,RESIDUAL_REVERTED,166.19723510742188,171.13389587402344,0.02970362752070299,348.34856247370703,11727.475448273553
TSN,-1,2022-02-08,2022-02-09,1,RESIDUAL_REVERTED,85.60531616210938,85.04785919189453,0.0065119433606108945,76.36865588211212,11727.475448273553
GEN,-1,2022-02-07,2022-02-09,2,TRAILING_STOP,24.991437911987305,27.366491743491984,-0.09503470107918321,-1114.351947626579,11725.737388263027
DXC,-1,2022-02-04,2022-02-10,4,RESIDUAL_REVERTED,34.77000045776367,38.380001068115234,-0.10382515279908477,-1220.2878007408488,11753.296458925173
AMZN,-1,2022-02-07,2022-02-10,3,RESIDUAL_REVERTED,158.52000427246094,158.35000610351562,0.0010724083040846155,12.574778146688475,11725.737388263027
RCL,-1,2022-02-08,2022-02-10,2,RESIDUAL_REVERTED,80.64514923095703,84.45409393310547,-0.047230921369370016,-553.899470758625,11727.475448273553
GILD,1,2022-02-09,2022-02-10,1,RESIDUAL_REVERTED,54.0109748840332,53.351585388183594,-0.012208435364578829,-142.94387382708675,11708.615359656958
WTW,1,2022-02-09,2022-02-11,2,RESIDUAL_REVERTED,211.85044860839844,213.06515502929688,0.005733792063588261,67.13476582480811,11708.615359656958
CVS,1,2022-02-10,2022-02-11,1,RESIDUAL_REVERTED,89.60536193847656,90.36776733398438,0.008508479615664921,99.8427169157627,11734.495635617648
KO,1,2022-02-10,2022-02-11,1,RESIDUAL_REVERTED,52.547119140625,53.774620056152344,0.02336000404213112,274.1178654803978,11734.495635617648
OMC,-1,2022-02-10,2022-02-11,1,RESIDUAL_REVERTED,76.6002426147461,72.69843292236328,0.05093730201360602,597.7235481687974,11734.495635617648
AIZ,-1,2022-02-10,2022-02-11,1,RESIDUAL_REVERTED,153.17626953125,149.87002563476562,0.021584569898471462,253.28404127029782,11734.495635617648
DIS,-1,2022-02-11,2022-02-14,1,RESIDUAL_REVERTED,148.86672973632812,144.82363891601562,0.027159129695893736,321.7163960380263,11845.607706887131
MCO,-1,2022-02-11,2022-02-14,1,RESIDUAL_REVERTED,335.4822692871094,317.610595703125,0.05327158905286167,631.0343458427027,11845.607706887133
ORLY,-1,2022-02-11,2022-02-15,2,RESIDUAL_REVERTED,44.04399871826172,44.32733154296875,-0.006432949617482198,-76.20219756686458,11845.607706887131
CDW,1,2022-02-10,2022-02-16,4,RESIDUAL_REVERTED,174.6192169189453,170.4629669189453,-0.023801790394749278,-279.3020055070719,11734.495635617648
LUMN,1,2022-02-11,2022-02-16,3,RESIDUAL_REVERTED,10.20186996459961,9.286317825317383,-0.08974356098040692,-1063.0670175930031,11845.607706887131
IQV,1,2022-02-16,2022-02-17,1,RESIDUAL_REVERTED,228.4199981689453,232.38999938964844,0.017380269908621626,206.005724820933,11852.849576216437
STZ,1,2022-02-16,2022-02-17,1,RESIDUAL_REVERTED,201.7605743408203,201.8981170654297,0.0006817125945379754,8.08023683727216,11852.849576216437
XRAY,-1,2022-02-16,2022-02-17,1,RESIDUAL_REVERTED,50.877384185791016,50.66989517211914,0.00407821701120048,48.33849277292622,11852.849576216437
DGX,-1,2022-02-16,2022-02-17,1,RESIDUAL_REVERTED,119.57593536376953,120.0702133178711,-0.004133590530551956,-48.994826768304236,11852.849576216437
MPWR,-1,2022-02-16,2022-02-18,2,RESIDUAL_REVERTED,456.0299987792969,447.80413818359375,0.01803798131202361,213.8014791500195,11852.849576216437
HSIC,-1,2022-02-16,2022-02-22,3,RESIDUAL_REVERTED,82.04000091552734,83.66999816894531,-0.019868323198780846,-235.49624620680004,11852.849576216438
VNO,-1,2022-02-16,2022-02-22,3,RESIDUAL_REVERTED,38.63756561279297,38.87638854980469,-0.006181107252073881,-73.2637344732934,11852.849576216438
TJX,1,2022-02-17,2022-02-22,2,RESIDUAL_REVERTED,62.0965690612793,61.90911865234375,-0.003018691882164415,-35.348268067228084,11709.796642737523
FIS,1,2022-02-16,2022-02-23,4,RESIDUAL_REVERTED,90.08450317382812,83.73767852783203,-0.0704541227668114,-835.0821191793008,11852.849576216437
AKAM,1,2022-02-17,2022-02-23,3,RESIDUAL_REVERTED,104.41000366210938,100.48999786376953,-0.037544350740813415,-439.6367122585366,11709.796642737523
CL,1,2022-03-21,2022-03-22,1,RESIDUAL_REVERTED,66.08235168457031,66.78268432617188,0.010597877099538522,124.1359071919356,11713.28050193565
VZ,1,2022-03-21,2022-03-22,1,RESIDUAL_REVERTED,38.3492317199707,38.21486282348633,-0.0035038223833412374,-41.04125440503718,11713.280501935647
FDX,1,2022-03-21,2022-03-22,1,RESIDUAL_REVERTED,159.78453063964844,163.7255859375,0.024664811306043033,288.9058533549945,11713.28050193565
CINF,1,2022-03-21,2022-03-22,1,RESIDUAL_REVERTED,115.00103759765625,118.08094787597656,0.026781586867900442,313.70023927067376,11713.28050193565
HCA,1,2022-03-21,2022-03-22,1,RESIDUAL_REVERTED,251.9771270751953,253.14218139648438,0.004623651102035886,54.158122301230186,11713.28050193565
MTCH,-1,2022-03-21,2022-03-22,1,RESIDUAL_REVERTED,97.52123260498047,96.04261016845703,0.015162056477615926,177.59742050850622,11713.28050193565
MSCI,-1,2022-03-21,2022-03-22,1,RESIDUAL_REVERTED,487.00537109375,485.48907470703125,0.0031135106032061932,36.469423041104825,11713.28050193565
PEP,-1,2022-03-21,2022-03-22,1,RESIDUAL_REVERTED,139.8289031982422,140.32009887695312,-0.003512833666545756,-41.14680609289225,11713.28050193565
ZBRA,-1,2022-03-21,2022-03-22,1,RESIDUAL_REVERTED,437.6199951171875,429.8299865722656,0.0178008514963669,208.50636675024677,11713.28050193565
HPQ,-1,2022-03-21,2022-03-24,3,RESIDUAL_REVERTED,30.98598289489746,31.783723831176758,-0.02574521966868648,-301.5609795632755,11713.28050193565
WY,1,2022-03-23,2022-03-24,1,RESIDUAL_REVERTED,32.538978576660156,32.624603271484375,0.0026314499892026166,31.006877138002938,11783.190737133431
LNT,1,2022-03-23,2022-03-24,1,RESIDUAL_REVERTED,51.623958587646484,52.063499450683594,0.008514280482595282,100.32539091587356,11783.190737133431
AEE,1,2022-03-23,2022-03-24,1,RESIDUAL_REVERTED,77.61802673339844,77.84532928466797,0.0029284762939190134,34.50679474042161,11783.190737133431
ALGN,-1,2022-03-23,2022-03-24,1,RESIDUAL_REVERTED,451.2200012207031,438.8500061035156,0.0274145540617049,323.03091948252444,11783.190737133431
HWM,-1,2022-03-23,2022-03-24,1,RESIDUAL_REVERTED,36.60502624511719,36.43724060058594,0.00458367775528179,54.010349268041026,11783.190737133431
CBOE,-1,2022-03-23,2022-03-24,1,RESIDUAL_REVERTED,112.95508575439453,109.44241333007812,0.03109795721774078,366.4331614318553,11783.190737133431
WFC,-1,2022-03-23,2022-03-24,1,RESIDUAL_REVERTED,47.10089874267578,46.16351318359375,0.019901649100226515,234.50492733146837,11783.190737133431
CNC,1,2022-03-24,2022-03-25,1,RESIDUAL_REVERTED,82.70999908447266,85.01000213623047,0.02780804107383439,332.0273548527408,11939.976425205972
ADBE,1,2022-03-24,2022-03-25,1,RESIDUAL_REVERTED,426.0799865722656,435.44000244140625,0.021967743532007145,262.29433988713754,11939.976425205972
NVDA,-1,2022-03-25,2022-03-28,1,RESIDUAL_REVERTED,27.771846771240234,27.642370223999023,0.004662151145644833,55.73829490033742,11955.488605813509
INTC,-1,2022-03-25,2022-03-28,1,RESIDUAL_REVERTED,47.371402740478516,47.997535705566406,-0.01321753059579267,-158.02203643499047,11955.488605813509
GIS,-1,2022-03-25,2022-03-28,1,RESIDUAL_REVERTED,55.693695068359375,56.28705596923828,-0.010654004912954873,-127.37383434311202,11955.488605813509
ANET,-1,2022-03-25,2022-03-28,1,RESIDUAL_REVERTED,35.0,34.502498626708984,0.01421432495117192,169.939199993066,11955.488605813509
AVGO,-1,2022-03-25,2022-03-28,1,RESIDUAL_REVERTED,58.15998840332031,58.048702239990234,0.0019134488569417796,22.87621600697386,11955.488605813509
FDS,1,2022-03-25,2022-03-29,2,RESIDUAL_REVERTED,400.2288513183594,413.1078186035156,0.03217900769205606,384.71575980876156,11955.488605813509
POOL,1,2022-03-25,2022-03-29,2,RESIDUAL_REVERTED,420.8758850097656,419.22503662109375,-0.003922411445914875,-46.89434534894827,11955.488605813509
SWK,1,2022-03-25,2022-03-29,2,RESIDUAL_REVERTED,117.11398315429688,119.8592529296875,0.023441007652978074,280.2486999039673,11955.488605813509
LOW,1,2022-03-28,2022-03-29,1,RESIDUAL_REVERTED,193.19903564453125,199.03030395507812,0.03018269884781355,358.13024195587104,11865.414811366833
INTU,-1,2022-03-29,2022-03-30,1,RESIDUAL_REVERTED,471.7757568359375,464.845947265625,0.014688778450144824,176.1550031198633,11992.488260187904
MSCI,-1,2022-03-29,2022-03-30,1,RESIDUAL_REVERTED,490.20849609375,484.2097473144531,0.012237137518215646,146.75372802550555,11992.488260187904
TSLA,-1,2022-03-29,2022-03-30,1,RESIDUAL_REVERTED,369.3299865722656,363.72332763671875,0.015180622043668879,182.05343164104903,11992.488260187905
SNPS,-1,2022-03-29,2022-03-31,2,RESIDUAL_REVERTED,336.6099853515625,334.1499938964844,0.007308135712340347,87.64273173410193,11992.488260187904
ADBE,-1,2022-03-29,2022-03-31,2,RESIDUAL_REVERTED,459.1600036621094,461.5899963378906,-0.005292256852514221,-63.467328173675696,11992.488260187904
FMC,1,2022-03-30,2022-03-31,1,RESIDUAL_REVERTED,113.2525863647461,113.18344116210938,-0.00061053972236913,-7.354386669078247,12045.713652406277
ADM,1,2022-03-30,2022-03-31,1,RESIDUAL_REVERTED,77.52152252197266,78.01298522949219,0.006339693694486392,76.36613488774816,12045.713652406277
DE,1,2022-03-30,2022-03-31,1,RESIDUAL_REVERTED,390.8055725097656,391.183349609375,0.0009666625201458778,11.644139916191657,12045.713652406277
AIZ,1,2022-03-30,2022-03-31,1,RESIDUAL_REVERTED,168.4964599609375,168.68194580078125,0.0011008292986496304,13.260274511713082,12045.713652406275
BRK-B,1,2022-03-30,2022-03-31,1,RESIDUAL_REVERTED,354.6600036621094,359.0,0.012237061673369354,147.40414086424255,12045.713652406277
PSX,-1,2022-03-31,2022-04-01,1,RESIDUAL_REVERTED,74.19837951660156,73.71224212646484,0.0065518599368864505,79.75694982866615,12173.176868394385
ELV,-1,2022-03-31,2022-04-01,1,RESIDUAL_REVERTED,467.3598937988281,461.5458984375,0.012440081912186374,151.435317374358,12173.176868394385
POOL,1,2022-04-01,2022-04-04,1,RESIDUAL_REVERTED,397.2514953613281,397.4753112792969,0.0005634111402530451,6.863852342834815,12182.670615551098
MAS,1,2022-04-01,2022-04-04,1,RESIDUAL_REVERTED,47.344600677490234,47.43645477294922,0.0019401176511064655,23.635814298846356,12182.670615551098
TFX,-1,2022-04-01,2022-04-04,1,RESIDUAL_REVERTED,343.32977294921875,342.03662109375,0.0037665007737619494,45.88603829996028,12182.670615551096
PAYX,-1,2022-03-31,2022-04-05,3,RESIDUAL_REVERTED,119.42997741699219,120.85887145996094,-0.011964282953682126,-145.64333249868739,12173.176868394385
HPQ,1,2022-04-01,2022-04-05,2,RESIDUAL_REVERTED,30.339401245117188,30.4317684173584,0.00304446259486002,37.089684994546474,12182.670615551098
AMD,1,2022-04-01,2022-04-05,2,RESIDUAL_REVERTED,110.4800033569336,109.69000244140625,-0.007150623565560954,-87.11369159502678,12182.670615551098
MKC,-1,2022-04-01,2022-04-05,2,RESIDUAL_REVERTED,90.0018310546875,90.685791015625,-0.00759940051132868,-92.5809933051666,12182.670615551098
IQV,-1,2022-04-04,2022-04-05,1,RESIDUAL_REVERTED,240.3699951171875,237.55999755859375,0.011690300851501023,141.32621773449313,12089.185687325333
AOS,-1,2022-04-04,2022-04-06,2,RESIDUAL_REVERTED,60.38543701171875,59.30287170410156,0.01792758918689452,216.72995460645328,12089.185687325333
EG,1,2022-04-05,2022-04-06,1,RESIDUAL_REVERTED,273.2198791503906,273.2382507324219,6.724101514277159e-05,0.8146507468234891,12115.38441372569
GPC,-1,2022-04-05,2022-04-06,1,RESIDUAL_REVERTED,112.7643051147461,110.56236267089844,0.01952694553127443,236.5764515372726,12115.38441372569
JBHT,1,2022-04-04,2022-04-07,3,RESIDUAL_REVERTED,174.25027465820312,164.80987548828125,-0.05417724126082146,-654.9587296290943,12089.185687325331
SBUX,1,2022-04-05,2022-04-07,2,RESIDUAL_REVERTED,77.60961151123047,74.40876007080078,-0.04124297723055226,-499.67452351467676,12115.38441372569
CTSH,1,2022-04-06,2022-04-07,1,RESIDUAL_REVERTED,79.4054946899414,80.08879852294922,0.008605246219747675,104.06968548598424,12093.748723558983
MKTX,1,2022-04-06,2022-04-08,2,RESIDUAL_REVERTED,283.39593505859375,268.10076904296875,-0.05397101413068128,-652.7118832521106,12093.748723558983
GL,-1,2022-04-06,2022-04-08,2,RESIDUAL_REVERTED,97.06946563720703,98.48783874511719,-0.014611938971738736,-176.7131182881867,12093.748723558983
BR,-1,2022-04-06,2022-04-08,2,RESIDUAL_REVERTED,145.37379455566406,145.91709899902344,-0.0037372928526766547,-45.19788066662501,12093.748723558983
AMT,-1,2022-04-06,2022-04-08,2,RESIDUAL_REVERTED,225.558837890625,229.85081481933594,-0.019028192239543884,-230.12217560861933,12093.748723558983
ANET,1,2022-04-07,2022-04-08,1,RESIDUAL_REVERTED,33.025001525878906,33.04499816894531,0.0006055001405749216,7.254978633398213,11981.795126438412
ABBV,-1,2022-04-07,2022-04-08,1,TRAILING_STOP,142.7161407470703,149.62104191862272,-0.04838206201069917,-579.703954806835,11981.795126438414
GPN,1,2022-04-08,2022-04-11,1,RESIDUAL_REVERTED,128.00775146484375,127.96001434326172,-0.0003729236787284318,-4.456196348127107,11949.352112262965
CMS,1,2022-04-08,2022-04-12,2,RESIDUAL_REVERTED,63.15828323364258,62.55024719238281,-0.009627178101254685,-115.03854097935958,11949.352112262965
LUV,1,2022-04-08,2022-04-12,2,RESIDUAL_REVERTED,38.870853424072266,39.38496780395508,0.013226217965269349,158.04473558054053,11949.352112262965
DOV,1,2022-04-11,2022-04-12,1,RESIDUAL_REVERTED,142.75054931640625,141.8043975830078,-0.006628007653415757,-78.69712886995914,11873.421544618008
CAH,-1,2022-04-11,2022-04-12,1,RESIDUAL_REVERTED,57.11014938354492,57.39592361450195,-0.005003913210553934,-59.4135709215902,11873.421544618008
AAP,-1,2022-04-11,2022-04-12,1,RESIDUAL_REVERTED,203.34791564941406,200.12307739257812,0.015858722950451987,188.2973027500247,11873.421544618008
DVA,-1,2022-04-11,2022-04-12,1,RESIDUAL_REVERTED,121.45999908447266,118.95999908447266,0.020582908108383147,244.38954458496895,11873.421544618008
AJG,-1,2022-04-07,2022-04-13,4,RESIDUAL_REVERTED,170.9552001953125,171.76739501953125,-0.004750922015187786,-56.92457424766629,11981.795126438412
CPT,1,2022-04-11,2022-04-13,2,RESIDUAL_REVERTED,143.5059051513672,141.413818359375,-0.014578402120703604,-173.0955138260675,11873.421544618008
IP,-1,2022-04-11,2022-04-13,2,RESIDUAL_REVERTED,38.27915954589844,37.66044235229492,0.016163290964151034,191.91356716568035,11873.421544618008
TTWO,-1,2022-08-17,2022-08-18,1,RESIDUAL_REVERTED,134.30999755859375,132.41000366210938,0.014146332596391309,169.16541633123305,11958.252443066864
TGT,-1,2022-08-17,2022-08-18,1,RESIDUAL_REVERTED,151.7608184814453,151.6039581298828,0.0010336024352799456,12.360078846846296,11958.252443066864
BBY,-1,2022-08-17,2022-08-18,1,RESIDUAL_REVERTED,67.78871154785156,66.73854064941406,0.015491825621972377,185.25516159151672,11958.252443066864
UHS,1,2022-08-17,2022-08-19,2,RESIDUAL_REVERTED,104.92623901367188,105.7486572265625,0.007838060533013724,93.72950651781717,11958.252443066864
HD,-1,2022-08-17,2022-08-19,2,RESIDUAL_REVERTED,293.83074951171875,291.03656005859375,0.009509520217908851,113.71724337820223,11958.252443066864
WMT,-1,2022-08-17,2022-08-19,2,RESIDUAL_REVERTED,44.08296585083008,44.1943244934082,-0.0025261150294411117,-30.207921222283144,11958.252443066864
NTAP,1,2022-12-01,2022-12-02,1,RESIDUAL_REVERTED,62.10163116455078,61.2994384765625,-0.012917417351932525,-155.17247028096673,12012.654391611193
HRL,1,2022-12-01,2022-12-02,1,RESIDUAL_REVERTED,40.71469497680664,41.06986999511719,0.00872350925170573,104.79250172276292,12012.654391611191
HPE,-1,2022-12-01,2022-12-02,1,RESIDUAL_REVERTED,14.78139877319336,14.988826751708984,-0.014033041236381827,-168.57407443588218,12012.654391611193
STT,-1,2022-12-01,2022-12-02,1,RESIDUAL_REVERTED,70.41836547851562,68.82218170166016,0.022667151758051785,272.29266011167823,12012.654391611195
EL,-1,2022-12-01,2022-12-02,1,RESIDUAL_REVERTED,218.43714904785156,213.8845977783203,0.020841469911942245,250.361375065326,12012.654391611193
QCOM,-1,2022-12-01,2022-12-02,1,RESIDUAL_REVERTED,116.55852508544922,113.78987121582031,0.023753336511415202,285.34062215927037,12012.654391611193
TJX,1,2022-12-01,2022-12-05,2,RESIDUAL_REVERTED,76.40958404541016,74.90778350830078,-0.01965460950836817,-236.10403122610197,12012.654391611193
INTU,-1,2022-12-01,2022-12-05,2,RESIDUAL_REVERTED,396.16802978515625,389.6314392089844,0.016499540812812907,198.20328140460538,12012.654391611193
HII,-1,2022-12-05,2022-12-06,1,RESIDUAL_REVERTED,219.6782989501953,218.32952880859375,0.00613975139122569,73.5474528086778,11978.897535457858
FMC,-1,2022-12-05,2022-12-06,1,RESIDUAL_REVERTED,116.53633880615234,114.3887710571289,0.018428309753198313,220.75083428524098,11978.897535457858
MPC,1,2022-12-01,2022-12-06,3,TRAILING_STOP,113.62076568603516,103.20148241186985,-0.0917022800476156,-1101.587797134749,12012.654391611193
ENPH,-1,2022-12-05,2022-12-07,2,RESIDUAL_REVERTED,334.010009765625,309.2200012207031,0.07421935816329883,889.0660865856049,11978.897535457858
CRL,1,2022-12-01,2022-12-08,5,RESIDUAL_REVERTED,231.49000549316406,212.89999389648438,-0.08030589293509971,-964.6869374390844,12012.654391611193
DG,-1,2022-12-05,2022-12-09,4,RESIDUAL_REVERTED,225.2911834716797,229.6784210205078,-0.01947363177387551,-233.2726396624915,11978.897535457858
TRMB,1,2022-12-14,2022-12-15,1,RESIDUAL_REVERTED,54.86000061035156,54.11000061035156,-0.013671162808162274,-163.45447427526418,11956.150078007582
CPRT,1,2022-12-14,2022-12-15,1,RESIDUAL_REVERTED,31.329999923706055,30.924999237060547,-0.012926929065807613,-154.55630395855482,11956.150078007582
LUV,1,2022-12-14,2022-12-15,1,RESIDUAL_REVERTED,34.97825241088867,34.68448257446289,-0.008398642475755391,-100.41542989166001,11956.150078007582
CBRE,-1,2022-12-14,2022-12-15,1,RESIDUAL_REVERTED,79.38999938964844,78.04000091552734,0.017004641447284308,203.31004516643952,11956.150078007582
HAL,-1,2022-12-14,2022-12-15,1,RESIDUAL_REVERTED,34.276493072509766,33.47486114501953,0.023387221259608793,279.6211272874524,11956.150078007582
COO,-1,2022-12-14,2022-12-15,1,RESIDUAL_REVERTED,81.15657806396484,80.49669647216797,0.008130968647751202,97.21508143208831,11956.150078007582
MTCH,-1,2022-12-14,2022-12-15,1,RESIDUAL_REVERTED,44.92486572265625,41.56437683105469,0.0748024248385637,894.3490175687501,11956.150078007582
FAST,1,2022-12-14,2022-12-15,1,TRAILING_STOP,22.96091651916504,21.699815899124474,-0.054923792740936506,-656.67710886402,11956.150078007582
MRNA,-1,2022-12-14,2022-12-16,2,RESIDUAL_REVERTED,195.0800018310547,206.3699951171875,-0.057873657884780494,-691.9461392337025,11956.150078007582
UAL,1,2022-12-14,2022-12-19,3,RESIDUAL_REVERTED,41.66999816894531,38.66999816894531,-0.07199424362431961,-860.7739815250056,11956.150078007582
CPT,-1,2023-01-12,2023-01-13,1,RESIDUAL_REVERTED,103.84738159179688,102.39704895019531,0.013966001062044375,165.3688664478818,11840.817261378237
AOS,-1,2023-01-12,2023-01-13,1,RESIDUAL_REVERTED,58.42351531982422,56.80323791503906,0.02773330902660298,328.38504423733696,11840.817261378237
BIO,-1,2023-01-12,2023-01-13,1,RESIDUAL_REVERTED,460.1499938964844,449.30999755859375,0.023557527940181178,278.9403834694973,11840.817261378237
TFX,1,2023-01-12,2023-01-17,2,RESIDUAL_REVERTED,232.04551696777344,233.02426147460938,0.004217898796863517,49.943368880647675,11840.817261378237
ISRG,1,2023-01-12,2023-01-17,2,RESIDUAL_REVERTED,258.739990234375,258.4800109863281,-0.0010047895874595314,-11.89752989124367,11840.817261378237
SYK,1,2023-01-12,2023-01-17,2,RESIDUAL_REVERTED,249.447998046875,250.7908935546875,0.005383468772357736,63.74466996582395,11840.817261378237
CL,1,2023-01-12,2023-01-17,2,RESIDUAL_REVERTED,70.75526428222656,71.48694610595703,0.010341023118957793,122.44616504726606,11840.817261378237
FRT,-1,2023-01-12,2023-01-17,2,RESIDUAL_REVERTED,92.5594482421875,93.9020004272461,-0.014504755706254091,-171.7481617386872,11840.817261378237
SCHW,1,2023-01-12,2023-01-18,3,RESIDUAL_REVERTED,79.28134155273438,77.25286102294922,-0.02558585021465487,-302.95737686872366,11840.817261378237
JPM,-1,2023-01-17,2023-01-18,1,RESIDUAL_REVERTED,130.23036193847656,128.1547088623047,0.015938319185140992,189.42451660515647,11884.848985942861
WFC,-1,2023-01-17,2023-01-19,2,RESIDUAL_REVERTED,39.87764358520508,39.03169631958008,0.021213572056169694,252.12010033999385,11884.848985942861
BF-B,-1,2023-01-17,2023-01-19,2,RESIDUAL_REVERTED,61.591407775878906,61.05129623413086,0.008769267682814164,104.22142212755598,11884.848985942861
GS,1,2023-01-18,2023-01-19,1,RESIDUAL_REVERTED,318.3812561035156,316.2880554199219,-0.006574509784939009,-78.00984702911968,11865.500178861297
TRV,1,2023-01-18,2023-01-19,1,RESIDUAL_REVERTED,172.56015014648438,171.2990264892578,-0.007308313397710986,-86.71679392771352,11865.500178861295
ADP,1,2023-01-18,2023-01-19,1,RESIDUAL_REVERTED,217.60635375976562,213.12954711914062,-0.020572959214083086,-244.10845123440936,11865.500178861297
MS,-1,2023-01-18,2023-01-20,2,RESIDUAL_REVERTED,86.04721069335938,83.67378234863281,0.02758286207770977,327.2844549165714,11865.500178861297
XRAY,-1,2023-01-12,2023-01-23,6,RESIDUAL_REVERTED,32.63161087036133,33.903564453125,-0.0389791845648344,-461.54540142973974,11840.817261378237
EMR,1,2023-01-18,2023-01-24,4,RESIDUAL_REVERTED,84.77388000488281,83.32014465332031,-0.017148387586822356,-203.47419597862347,11865.500178861297
GS,1,2023-01-23,2023-01-24,1,RESIDUAL_REVERTED,312.3028259277344,310.7763977050781,-0.004887654212291537,-57.91257501970264,11848.74635240419
SYF,-1,2023-01-23,2023-01-24,1,RESIDUAL_REVERTED,32.44965744018555,31.500953674316406,0.029236171987882642,346.4119861996861,11848.746352404189
PPG,-1,2023-01-23,2023-01-24,1,RESIDUAL_REVERTED,119.6208267211914,119.74955749511719,-0.00107615686544138,-12.751109734013022,11848.746352404189
FAST,-1,2023-01-23,2023-01-24,1,RESIDUAL_REVERTED,22.404233932495117,22.349477767944336,0.0024440096776244813,28.95845075299382,11848.746352404189
NEE,1,2023-01-23,2023-01-25,2,RESIDUAL_REVERTED,72.98686218261719,72.22454071044922,-0.010444639615559859,-123.75588554704076,11848.746352404189
EG,1,2023-01-23,2023-01-25,2,RESIDUAL_REVERTED,317.8150634765625,320.52642822265625,0.008531265687769185,101.0848031993449,11848.746352404189
KEY,-1,2023-01-23,2023-01-25,2,RESIDUAL_REVERTED,14.38615608215332,14.583453178405762,-0.013714372006376152,-162.49811528606344,11848.746352404189
WDC,-1,2023-01-24,2023-01-25,1,RESIDUAL_REVERTED,30.93682098388672,30.560733795166016,0.012156620388261152,144.59407210083052,11894.265633272165
PCAR,-1,2023-01-25,2023-01-26,1,RESIDUAL_REVERTED,65.5170669555664,66.16752624511719,-0.009928089271638463,-118.3039538145662,11916.084815285056
TRV,-1,2023-01-25,2023-01-26,1,RESIDUAL_REVERTED,181.22927856445312,178.42674255371094,0.015464035573840684,184.27075948447097,11916.084815285056
RTX,-1,2023-01-25,2023-01-27,2,RESIDUAL_REVERTED,91.81376647949219,92.32229614257812,-0.005538708219747557,-65.99971691362728,11916.084815285058
NDAQ,1,2023-01-26,2023-01-27,1,RESIDUAL_REVERTED,54.901649475097656,56.73234176635742,0.033344941522934324,396.58470214981264,11893.399239493234
COF,-1,2023-01-26,2023-01-27,1,RESIDUAL_REVERTED,109.32424926757812,110.09376525878906,-0.007038840846073313,-83.71574436560314,11893.399239493234
WMB,1,2023-01-23,2023-01-30,5,RESIDUAL_REVERTED,27.121662139892578,26.813264846801758,-0.011370884700949269,-134.73072862398158,11848.746352404189
MMM,1,2023-01-25,2023-01-30,3,RESIDUAL_REVERTED,84.4459228515625,84.42379760742188,-0.0002620048830482835,-3.122072408421764,11916.084815285056
STX,-1,2023-01-27,2023-01-30,1,RESIDUAL_REVERTED,62.23650360107422,61.981285095214844,0.004100784766048027,49.035517564915935,11957.593573527796
NEE,1,2023-01-26,2023-01-31,3,RESIDUAL_REVERTED,67.35454559326172,66.8523178100586,-0.007456479422130791,-88.6828866884671,11893.399239493234
MKTX,-1,2023-01-26,2023-01-31,3,RESIDUAL_REVERTED,349.3974914550781,346.8289489746094,0.007351347800958585,87.43251434517161,11893.399239493234
URI,-1,2023-01-27,2023-01-31,2,RESIDUAL_REVERTED,415.87506103515625,413.9593811035156,0.0046063832894241985,55.08125921882499,11957.593573527796
CL,1,2023-01-30,2023-01-31,1,RESIDUAL_REVERTED,66.45111846923828,67.53717041015625,0.016343621686679688,194.74083992019078,11915.403063869668
AXP,-1,2023-01-30,2023-02-01,2,RESIDUAL_REVERTED,167.60958862304688,166.25750732421875,0.008066849336817783,96.11976130369345,11915.403063869668
LHX,-1,2023-01-30,2023-02-01,2,RESIDUAL_REVERTED,196.7661590576172,197.8690185546875,-0.005604924659566857,-66.78493646136276,11915.403063869668
CEG,1,2023-01-31,2023-02-01,1,RESIDUAL_REVERTED,80.50772094726562,83.009033203125,0.03106922201285256,371.204444191781,11947.658169175373
CINF,-1,2023-01-31,2023-02-01,1,RESIDUAL_REVERTED,101.62480163574219,102.70787048339844,-0.010657524838654453,-127.33246370173887,11947.658169175374
TMO,1,2023-01-25,2023-02-02,6,RESIDUAL_REVERTED,564.52001953125,584.8018188476562,0.03592751118595805,428.11527049397887,11916.084815285056
GLW,1,2023-02-01,2023-02-02,1,RESIDUAL_REVERTED,31.59817886352539,32.486087799072266,0.028100003464814005,336.14336887736795,11962.395993946306
IP,-1,2023-02-01,2023-02-02,1,RESIDUAL_REVERTED,34.752708435058594,34.710636138916016,0.0012106192017004025,14.481906288615592,11962.395993946306
AOS,-1,2023-02-01,2023-02-03,2,RESIDUAL_REVERTED,64.08714294433594,65.01362609863281,-0.014456615035898679,-172.93575379145832,11962.395993946306
ODFL,-1,2023-02-02,2023-02-03,1,RESIDUAL_REVERTED,182.7571258544922,178.73226928710938,0.022022980217949684,265.037312383701,12034.579778066764
JNJ,1,2023-01-31,2023-02-06,4,RESIDUAL_REVERTED,145.2668914794922,147.8272705078125,0.01762534464834875,210.58159297237427,11947.658169175374
CAT,1,2023-02-01,2023-02-06,3,RESIDUAL_REVERTED,238.8742218017578,235.42039489746094,-0.014458767791039495,-172.9615059009305,11962.395993946306
IEX,1,2023-02-02,2023-02-06,2,RESIDUAL_REVERTED,219.0601348876953,217.810791015625,-0.005703200505700501,-68.63562147616277,12034.579778066764
AMD,-1,2023-02-02,2023-02-06,2,RESIDUAL_REVERTED,84.29000091552734,84.62999725341797,-0.004033649711682408,-48.54327925201768,12034.579778066764
AFL,1,2023-02-03,2023-02-06,1,RESIDUAL_REVERTED,63.228607177734375,63.76311111450195,0.008453514328808476,100.72165983364062,11914.76774226249
SYK,-1,2023-02-02,2023-02-07,3,RESIDUAL_REVERTED,267.080078125,259.6600341796875,0.027782094409302016,334.34583157052737,12034.579778066764
APD,1,2023-02-03,2023-02-07,2,RESIDUAL_REVERTED,266.9170837402344,257.5198669433594,-0.0352065018289367,-419.4772923093198,11914.76774226249
CLX,-1,2023-02-06,2023-02-07,1,RESIDUAL_REVERTED,135.67906188964844,133.13980102539062,0.018715200627809958,224.35564437552063,11987.883477035148
GWW,-1,2023-02-03,2023-02-08,3,RESIDUAL_REVERTED,650.2026977539062,652.9115600585938,-0.00416618127553936,-49.63908227021432,11914.767742262487
PH,-1,2023-02-06,2023-02-08,2,RESIDUAL_REVERTED,333.78338623046875,332.019775390625,0.005283698687825078,63.34036419741094,11987.883477035148
CPAY,1,2023-02-07,2023-02-08,1,RESIDUAL_REVERTED,210.02000427246094,210.50999450683594,0.002333064586263589,28.12765658826714,12056.098555468643
TECH,1,2023-02-07,2023-02-08,1,RESIDUAL_REVERTED,73.75196075439453,76.49042510986328,0.037130732897912466,447.65177525401515,12056.098555468643
L,-1,2023-02-07,2023-02-09,2,RESIDUAL_REVERTED,60.3420524597168,61.58744430541992,-0.02063887115100238,-248.82426467010401,12056.098555468643
CARR,1,2023-02-08,2023-02-09,1,RESIDUAL_REVERTED,42.594852447509766,43.27080535888672,0.01586935680103463,192.57706561485114,12135.152547726222
SWKS,-1,2023-02-08,2023-02-09,1,RESIDUAL_REVERTED,108.1773681640625,107.85662841796875,0.002964943144182608,35.98003734999041,12135.152547726222
TSN,1,2023-02-07,2023-02-10,3,RESIDUAL_REVERTED,52.92158889770508,53.35169982910156,0.008127324601456376,97.98382638744418,12056.098555468643
GRMN,1,2023-02-07,2023-02-10,3,RESIDUAL_REVERTED,91.02381134033203,89.04300689697266,-0.02176138764342972,-262.3574341329456,12056.098555468643
CINF,-1,2023-02-08,2023-02-10,2,RESIDUAL_REVERTED,116.4871826171875,114.37568664550781,0.018126423218756238,219.9669109042537,12135.152547726222
LUMN,1,2023-02-09,2023-02-10,1,RESIDUAL_REVERTED,3.9700000286102295,3.950000047683716,-0.005037778534604964,-61.0454357994342,12117.530649691646
JKHY,1,2023-02-09,2023-02-10,1,RESIDUAL_REVERTED,157.16358947753906,158.91151428222656,0.01112169052958234,134.7674258685983,12117.530649691646
FTNT,-1,2023-02-09,2023-02-10,1,RESIDUAL_REVERTED,60.7599983215332,57.41999816894531,0.054970379276725545,666.1052557108968,12117.530649691646
CME,-1,2023-02-09,2023-02-10,1,RESIDUAL_REVERTED,163.01144409179688,158.31591796875,0.028804886363700155,349.0440933730219,12117.530649691644
IFF,1,2023-02-10,2023-02-13,1,RESIDUAL_REVERTED,83.26126861572266,86.10733795166016,0.03418239216451302,418.6136311170997,12246.469735131315
MPWR,-1,2023-02-10,2023-02-13,1,RESIDUAL_REVERTED,495.34228515625,479.91522216796875,0.031144248029248978,381.40709091362135,12246.469735131315
CBRE,-1,2023-02-10,2023-02-13,1,RESIDUAL_REVERTED,87.05999755859375,87.47000122070312,-0.004709438015242595,-57.67399012314618,12246.469735131315
NWS,1,2023-02-13,2023-02-14,1,RESIDUAL_REVERTED,18.239656448364258,18.278423309326172,0.002125416181585571,26.173334092200786,12314.451314977749
EXPE,1,2023-02-13,2023-02-14,1,RESIDUAL_REVERTED,107.02626037597656,109.23562622070312,0.020643212581334724,254.20983631758227,12314.451314977749
MSI,-1,2023-02-13,2023-02-14,1,RESIDUAL_REVERTED,260.8736267089844,259.7706604003906,0.004227971690768717,52.06515154707544,12314.451314977749
DXCM,-1,2023-02-13,2023-02-14,1,RESIDUAL_REVERTED,119.69000244140625,117.5,0.01829728796670682,225.32106186213906,12314.451314977749
GPN,-1,2023-02-13,2023-02-14,1,RESIDUAL_REVERTED,112.31012725830078,109.60954284667969,0.02404577821740017,296.11056518892724,12314.451314977749
LYV,1,2023-02-13,2023-02-15,2,RESIDUAL_REVERTED,76.4800033569336,77.81999969482422,0.017520871849819875,215.7599233905706,12314.451314977749
FIS,1,2023-02-14,2023-02-15,1,RESIDUAL_REVERTED,59.282737731933594,59.803157806396484,0.008778610677802057,109.04138888393277,12421.258088100349
ILMN,-1,2023-02-14,2023-02-15,1,RESIDUAL_REVERTED,207.9863739013672,206.24513244628906,0.00837190159343737,103.98955038026463,12421.258088100349
NWSA,1,2023-02-13,2023-02-16,3,RESIDUAL_REVERTED,18.017498016357422,18.24961280822754,0.012882742745934372,158.64390834819272,12314.451314977749
WHR,-1,2023-02-14,2023-02-16,2,RESIDUAL_REVERTED,120.48857116699219,118.81204223632812,0.013914422873688714,172.83463766105402,12421.258088100349
MRSH,1,2023-02-15,2023-02-16,1,RESIDUAL_REVERTED,156.89942932128906,156.83334350585938,-0.00042119857105638037,-5.240233493080465,12441.242333604932
LDOS,1,2023-02-15,2023-02-16,1,RESIDUAL_REVERTED,90.18631744384766,93.05271911621094,0.03178311027222036,395.4213770123818,12441.242333604934
ECL,-1,2023-02-15,2023-02-17,2,RESIDUAL_REVERTED,152.9188232421875,154.96482849121094,-0.013379682145363114,-166.45986791706991,12441.242333604934
CDNS,-1,2023-02-15,2023-02-17,2,RESIDUAL_REVERTED,199.10000610351562,192.3300018310547,0.03400303397751325,423.0399857920448,12441.242333604932
HWM,-1,2023-02-15,2023-02-17,2,RESIDUAL_REVERTED,42.07859420776367,42.50431823730469,-0.01011735390776125,-125.87245174130194,12441.242333604932
MLM,-1,2023-02-16,2023-02-17,1,RESIDUAL_REVERTED,365.8861083984375,359.215576171875,0.018231171048720185,226.83451702856522,12442.125435737627
AKAM,1,2023-02-16,2023-02-21,2,RESIDUAL_REVERTED,78.02999877929688,76.7300033569336,-0.01666020047033756,-207.28830403647495,12442.125435737627
OGN,1,2023-02-17,2023-02-21,1,RESIDUAL_REVERTED,21.193822860717773,22.335952758789062,0.05388975389561268,672.5331599826386,12479.796461594018
HSIC,1,2023-02-17,2023-02-21,1,RESIDUAL_REVERTED,82.36000061035156,82.54000091552734,0.0021855306440243805,27.27497759799943,12479.796461594018
VMC,1,2023-02-17,2023-02-21,1,RESIDUAL_REVERTED,178.40890502929688,178.91412353515625,0.0028318009450056802,35.34029941341933,12479.796461594018
WST,-1,2023-02-17,2023-02-21,1,RESIDUAL_REVERTED,314.1608581542969,306.4647521972656,0.024497341910275083,305.72184089031015,12479.796461594018
DVN,1,2023-02-16,2023-02-22,3,RESIDUAL_REVERTED,49.541622161865234,46.67392349243164,-0.057884634057078,-720.2078777399346,12442.125435737627
BIO,-1,2023-02-21,2023-02-22,1,RESIDUAL_REVERTED,476.2799987792969,467.2300109863281,0.01900140215033974,238.731714405464,12563.89989099806
IEX,-1,2023-02-21,2023-02-22,1,RESIDUAL_REVERTED,218.6500244140625,215.67466735839844,0.01360785146783039,170.9676835733927,12563.89989099806
DE,-1,2023-02-21,2023-02-23,2,RESIDUAL_REVERTED,411.906005859375,410.0558776855469,0.004491627088486161,56.43235308743573,12563.89989099806
NDSN,1,2023-02-22,2023-02-23,1,RESIDUAL_REVERTED,206.2701873779297,212.68231201171875,0.03108604648737101,392.01299132752257,12610.57727256442
HD,1,2023-02-22,2023-02-23,1,RESIDUAL_REVERTED,269.8410949707031,269.15185546875,-0.0025542421625139866,-32.21046816322534,12610.57727256442
DOV,1,2023-02-22,2023-02-23,1,RESIDUAL_REVERTED,142.62159729003906,143.0426788330078,0.002952438837944271,37.23195810841576,12610.57727256442
SWK,1,2023-02-22,2023-02-23,1,RESIDUAL_REVERTED,72.29700469970703,73.46031951904297,0.016090774772314242,202.9139586417002,12610.57727256442
TAP,-1,2023-02-22,2023-02-23,1,RESIDUAL_REVERTED,46.68042755126953,46.87383270263672,-0.004143174377629011,-52.247820642799695,12610.57727256442
PG,-1,2023-02-21,2023-02-24,3,RESIDUAL_REVERTED,126.7279281616211,126.78266143798828,-0.0004318959298172942,-5.426297225554494,12563.89989099806
KEYS,1,2023-02-23,2023-02-24,1,RESIDUAL_REVERTED,160.8699951171875,158.77999877929688,-0.012991834408698444,-164.25357283957374,12642.831464169598
GRMN,-1,2023-02-23,2023-02-27,2,RESIDUAL_REVERTED,91.9537582397461,92.30714416503906,-0.003843083002345704,-48.58745070147086,12642.8314641696
EBAY,1,2023-02-24,2023-02-27,1,RESIDUAL_REVERTED,41.823978424072266,42.394596099853516,0.013643314129409223,172.23451554439137,12624.096602241752
GM,1,2023-02-24,2023-02-27,1,RESIDUAL_REVERTED,37.463077545166016,38.060020446777344,0.01593416613708909,201.15445259078237,12624.096602241752
NVDA,-1,2023-02-24,2023-02-27,1,RESIDUAL_REVERTED,23.147605895996094,23.591121673583984,-0.019160330428150463,-241.8818622558444,12624.096602241752
NI,-1,2023-02-23,2023-02-28,3,RESIDUAL_REVERTED,24.9465274810791,24.481239318847656,0.018651420025666776,235.80675995194287,12642.831464169598
DG,1,2023-02-24,2023-02-28,2,RESIDUAL_REVERTED,200.81674194335938,201.4781494140625,0.003293587299059375,41.57856423124157,12624.096602241752
ADSK,1,2023-02-27,2023-02-28,1,RESIDUAL_REVERTED,195.0,195.11000061035156,0.0005641056941105838,7.1212114468355505,12623.895701076966
LIN,-1,2023-02-27,2023-02-28,1,RESIDUAL_REVERTED,329.6815490722656,327.9866943359375,0.005140884411328095,64.89798861989895,12623.895701076965
PWR,-1,2023-02-24,2023-03-01,3,RESIDUAL_REVERTED,157.49041748046875,161.18350219726562,-0.023449583637397353,-296.0298091208515,12624.096602241752
HSIC,1,2023-02-28,2023-03-01,1,RESIDUAL_REVERTED,78.22000122070312,77.77999877929688,-0.005625190929935631,-71.02685846924904,12626.568476327666
SCHW,1,2023-02-28,2023-03-01,1,RESIDUAL_REVERTED,74.31741333007812,73.89904022216797,-0.005629543456416641,-71.08181594290774,12626.568476327666
UNP,-1,2023-02-28,2023-03-01,1,RESIDUAL_REVERTED,194.59951782226562,190.4954833984375,0.021089643333939145,266.28982569731045,12626.568476327666
DPZ,1,2023-02-24,2023-03-02,4,RESIDUAL_REVERTED,284.3744812011719,284.28033447265625,-0.00033106602293553333,-4.1794094552580425,12624.096602241752
XRAY,-1,2023-03-01,2023-03-02,1,RESIDUAL_REVERTED,35.23042678833008,33.931007385253906,0.03688344199981697,466.2597445494864,12641.437980538793
ABT,-1,2023-03-01,2023-03-02,1,RESIDUAL_REVERTED,93.68250274658203,93.28245544433594,0.00427024567573997,53.98204587153133,12641.43798053879
VRSK,-1,2023-03-02,2023-03-03,1,TRAILING_STOP,171.61477661132812,181.53111826117356,-0.057782563049940006,-732.9497460942902,12684.61811672875
LYV,-1,2023-02-28,2023-03-06,4,RESIDUAL_REVERTED,71.81999969482422,73.54000091552734,-0.023948777889330364,-302.3908839439927,12626.568476327666
GS,1,2023-03-01,2023-03-06,3,RESIDUAL_REVERTED,321.6459655761719,329.6274719238281,0.024814570061088004,313.69184844098,12641.43798053879
LOW,1,2023-03-02,2023-03-06,2,RESIDUAL_REVERTED,179.6935577392578,186.81939697265625,0.039655507537661894,503.01496934030075,12684.61811672875
PFG,1,2023-03-03,2023-03-06,1,RESIDUAL_REVERTED,75.36109161376953,76.31527709960938,0.01266151359285117,159.92620246272233,12630.891345645963
CRM,-1,2023-03-03,2023-03-06,1,RESIDUAL_REVERTED,184.54698181152344,181.60317993164062,0.01595150379045107,201.48171117684663,12630.891345645963
DXCM,-1,2023-03-03,2023-03-06,1,RESIDUAL_REVERTED,120.52999877929688,114.0999984741211,0.05334771733425292,673.8292211871825,12630.891345645963
ARE,1,2023-03-02,2023-03-07,3,RESIDUAL_REVERTED,118.7520980834961,121.49861907958984,0.02312818923133997,293.3722481309866,12684.61811672875
COO,-1,2023-03-06,2023-03-07,1,RESIDUAL_REVERTED,87.74317932128906,86.47578430175781,0.014444370825570707,181.69295878932215,12578.80741109697
NWL,1,2023-03-07,2023-03-08,1,RESIDUAL_REVERTED,11.444257736206055,11.376237869262695,-0.005943580484749633,-75.36766593359492,12680.515747532549
DXCM,1,2023-03-07,2023-03-08,1,RESIDUAL_REVERTED,113.23999786376953,113.51000213623047,0.002384354270173583,30.23484187063385,12680.515747532549
BRK-B,-1,2023-03-07,2023-03-08,1,RESIDUAL_REVERTED,316.3900146484375,310.7200012207031,0.017920961993805995,227.2470407733894,12680.515747532549
IT,-1,2023-03-07,2023-03-08,1,RESIDUAL_REVERTED,340.8800048828125,333.70001220703125,0.021063108932568797,267.09108451143163,12680.515747532547
UHS,1,2023-03-01,2023-03-09,6,RESIDUAL_REVERTED,130.5218048095703,121.28313446044922,-0.07078258198007759,-894.7936202035532,12641.43798053879
FSLR,-1,2023-03-02,2023-03-09,5,RESIDUAL_REVERTED,195.72999572753906,214.64999389648438,-0.09666376427700141,-1226.1429355792484,12684.61811672875
EMN,1,2023-03-07,2023-03-09,2,RESIDUAL_REVERTED,71.97042083740234,72.66542053222656,0.00965674073789824,122.45245299675686,12680.515747532549
MRK,-1,2023-03-07,2023-03-09,2,RESIDUAL_REVERTED,99.94127655029297,97.73268127441406,0.02209893001284091,280.2258300314493,12680.515747532549
UAL,-1,2023-03-08,2023-03-09,1,RESIDUAL_REVERTED,54.22999954223633,53.7599983215332,0.008666812182749006,109.70991218126605,12658.62347861193
CFG,1,2023-03-08,2023-03-09,1,STOP_LOSS,33.52802276611328,31.150184721871824,-0.07092091474731199,-897.7611565449592,12658.62347861193
BF-B,1,2023-03-09,2023-03-10,1,RESIDUAL_REVERTED,59.034969329833984,57.15253448486328,-0.03188677603020951,-405.12884230844867,12705.230592287851
ON,-1,2023-03-09,2023-03-10,1,RESIDUAL_REVERTED,82.87999725341797,82.33999633789062,0.0065154552777820784,82.7803617179598,12705.230592287851
KIM,-1,2023-03-09,2023-03-10,1,RESIDUAL_REVERTED,16.925535202026367,16.527984619140625,0.02348821340894125,298.4231675614656,12705.230592287851
MET,1,2023-03-09,2023-03-10,1,TRAILING_STOP,60.714290618896484,57.22691345214844,-0.05743914869463451,-729.7776291900409,12705.230592287851
SCHW,1,2023-03-10,2023-03-13,1,STOP_LOSS,62.43195343017578,49.21531295776367,-0.21169673134116596,-2667.7749708605857,12601.871337168903
ZION,1,2023-03-10,2023-03-13,1,TRAILING_STOP,33.0302848815918,23.004648208618164,-0.3035286165079687,-3825.0285723823026,12601.871337168903
AMP,1,2023-03-10,2023-03-13,1,TRAILING_STOP,296.3260192871094,274.6224755478907,-0.07324211283043014,-922.9876823514879,12601.871337168903
BSX,-1,2023-03-10,2023-03-13,1,TRAILING_STOP,47.060001373291016,48.048000793457035,-0.020994462204303233,-264.5695114916856,12601.871337168901
GE,-1,2023-03-10,2023-03-14,2,RESIDUAL_REVERTED,72.10431671142578,71.53155517578125,0.007943512424323007,100.10312153652109,12601.871337168903
WM,-1,2023-03-10,2023-03-14,2,TRAILING_STOP,142.88002014160156,146.36003662109374,-0.024356214928044517,-306.93388678364965,12601.871337168903
BXP,1,2023-03-15,2023-03-16,1,RESIDUAL_REVERTED,42.720767974853516,45.32408905029297,0.06093806827095971,717.9502844455479,11781.638388227184
CHRW,1,2023-03-15,2023-03-16,1,RESIDUAL_REVERTED,88.86642456054688,89.56769561767578,0.007891293709595626,92.97236890174864,11781.638388227182
JBHT,1,2023-03-15,2023-03-16,1,RESIDUAL_REVERTED,160.85498046875,163.03115844726562,0.01352881938858208,159.39165785591146,11781.638388227186
C,-1,2023-03-15,2023-03-16,1,RESIDUAL_REVERTED,40.53416061401367,39.838375091552734,0.017165410900858435,202.23666401924726,11781.638388227182
EMN,-1,2023-03-15,2023-03-16,1,RESIDUAL_REVERTED,69.64925384521484,68.62665557861328,0.014682113736266822,172.97935481551863,11781.638388227184
FTV,-1,2023-03-15,2023-03-16,1,RESIDUAL_REVERTED,48.190696716308594,47.5300407409668,0.01370920157537836,161.51685555242187,11781.638388227184
SCHW,-1,2023-03-15,2023-03-17,2,RESIDUAL_REVERTED,54.245243072509766,53.75080871582031,0.009114796591998653,107.3872374291742,11781.638388227184
FISV,-1,2023-03-15,2023-03-17,2,RESIDUAL_REVERTED,109.16999816894531,109.06999969482422,0.0009159886030807307,10.791846489234056,11781.638388227184
UAL,1,2023-03-15,2023-03-20,3,RESIDUAL_REVERTED,44.65999984741211,43.25,-0.031571873090676106,-371.9683919933465,11781.638388227184
DG,1,2023-03-17,2023-03-20,1,RESIDUAL_REVERTED,197.05322265625,194.36099243164062,-0.01366245214525541,-162.14614027027716,11868.01157994072
HIG,-1,2023-03-17,2023-03-20,1,RESIDUAL_REVERTED,62.957664489746094,62.23691940307617,0.011448091229421475,135.8660792789918,11868.01157994072
PGR,-1,2023-03-17,2023-03-20,1,RESIDUAL_REVERTED,129.7574005126953,124.69160461425781,0.039040516212729415,463.33329849953566,11868.01157994072
REG,1,2023-03-17,2023-03-21,2,RESIDUAL_REVERTED,50.29277420043945,50.423011779785156,0.0025895882940687454,30.733263861287394,11868.01157994072
FRT,1,2023-03-17,2023-03-21,2,RESIDUAL_REVERTED,82.23868560791016,82.89972686767578,0.008038081529139207,95.39604466833114,11868.01157994072
AON,-1,2023-03-17,2023-03-21,2,RESIDUAL_REVERTED,290.15582275390625,296.0366516113281,-0.020267829890870948,-240.53883984512512,11868.01157994072
FDX,-1,2023-03-20,2023-03-21,1,RESIDUAL_REVERTED,165.1713104248047,163.8423614501953,0.00804588261237038,95.39590585151254,11856.487404482223
NEM,-1,2023-03-20,2023-03-21,1,RESIDUAL_REVERTED,45.05091094970703,43.589603424072266,0.0324368030485801,384.58654678715993,11856.48740448222
ALK,1,2023-03-15,2023-03-22,5,RESIDUAL_REVERTED,41.02000045776367,40.599998474121094,-0.010238956093504559,-120.63167816660567,11781.638388227184
UPS,1,2023-03-21,2023-03-22,1,RESIDUAL_REVERTED,152.64405822753906,154.19842529296875,0.010182951655495653,121.40151206089901,11922.035591260037
PKG,-1,2023-03-21,2023-03-22,1,RESIDUAL_REVERTED,123.12370300292969,121.31282043457031,0.014707830614193673,175.34728005264057,11922.035591260037
MSFT,1,2023-03-21,2023-03-23,2,RESIDUAL_REVERTED,267.4371032714844,270.414306640625,0.011132349747740022,132.72026990691097,11922.035591260037
CPAY,-1,2023-03-21,2023-03-23,2,RESIDUAL_REVERTED,203.77999877929688,202.24000549316406,0.007557136595141012,90.09645145528468,11922.035591260037
ED,1,2023-03-22,2023-03-23,1,RESIDUAL_REVERTED,83.08655548095703,81.40937805175781,-0.020185906365845385,-241.50015399152164,11963.800367177979
USB,-1,2023-03-22,2023-03-23,1,RESIDUAL_REVERTED,31.904918670654297,29.80344009399414,0.0658669153290482,788.0186257985479,11963.800367177977
TFC,-1,2023-03-22,2023-03-23,1,RESIDUAL_REVERTED,28.073659896850586,27.215879440307617,0.03055463590050822,365.5495642054896,11963.800367177977
KEY,-1,2023-03-22,2023-03-23,1,RESIDUAL_REVERTED,10.541759490966797,10.159331321716309,0.03627745155618378,434.01618824815245,11963.800367177975
BF-B,-1,2023-03-23,2023-03-24,1,RESIDUAL_REVERTED,57.1708984375,57.014793395996094,0.0027304983089353474,33.14991678368943,12140.610625983278
ATO,1,2023-03-22,2023-03-27,3,RESIDUAL_REVERTED,101.21092987060547,100.99058532714844,-0.002177082492362592,-26.046180321504085,11963.800367177977
MTB,1,2023-03-23,2023-03-27,2,RESIDUAL_REVERTED,105.79167938232422,107.18428039550781,0.013163615714529175,159.81433282017318,12140.610625983278
FDS,1,2023-03-24,2023-03-27,1,RESIDUAL_REVERTED,374.4366455078125,383.22344970703125,0.023466731434104382,282.0689276176718,12019.949536207669
GPC,1,2023-03-24,2023-03-27,1,RESIDUAL_REVERTED,140.08938598632812,142.10890197753906,0.014415910077641536,173.27851165176014,12019.94953620767
ACN,-1,2023-03-24,2023-03-27,1,RESIDUAL_REVERTED,254.1400604248047,254.40316772460938,-0.0010352846354284573,-12.444069073462511,12019.949536207669
MU,-1,2023-03-24,2023-03-27,1,RESIDUAL_REVERTED,59.60839080810547,60.278263092041016,-0.011237885721358198,-135.07881926439407,12019.949536207669
CBRE,1,2023-03-23,2023-03-28,3,RESIDUAL_REVERTED,71.72000122070312,68.41000366210938,-0.04615166623335565,-560.3094094795113,12140.610625983278
REGN,-1,2023-03-24,2023-03-28,2,RESIDUAL_REVERTED,797.5239868164062,816.296875,-0.023538963710085126,-282.93715592984614,12019.949536207669
NFLX,-1,2023-03-24,2023-03-28,2,RESIDUAL_REVERTED,32.0629997253418,32.60599899291992,-0.016935385716544626,-203.56248168907754,12019.949536207669
AEE,-1,2023-03-27,2023-03-28,1,RESIDUAL_REVERTED,75.9234619140625,75.23177337646484,0.009110339810117885,109.6128578379137,12031.698062039111
MCHP,1,2023-03-28,2023-03-29,1,RESIDUAL_REVERTED,71.06220245361328,72.87960815429688,0.025574857490097136,310.163668731106,12127.679258866026
HPE,-1,2023-03-28,2023-03-29,1,RESIDUAL_REVERTED,13.718873023986816,13.865500450134277,-0.010688008110512515,-129.62073428045318,12127.679258866026
BAC,-1,2023-03-28,2023-03-29,1,RESIDUAL_REVERTED,25.98589324951172,26.08661460876465,-0.003876001424535369,-47.006902083671946,12127.679258866026
AMT,1,2023-03-28,2023-03-30,2,RESIDUAL_REVERTED,170.1505889892578,178.72056579589844,0.05036701228922391,610.8349702710703,12127.679258866026
NKE,1,2023-03-28,2023-03-30,2,RESIDUAL_REVERTED,109.28520202636719,112.13895416259766,0.0261128870452374,316.6887186076362,12127.679258866026
MKC,-1,2023-03-29,2023-03-30,1,RESIDUAL_REVERTED,74.66898345947266,74.58653259277344,0.0011042184167937563,13.403902935688304,12138.81486835566
OXY,-1,2023-03-29,2023-03-30,1,RESIDUAL_REVERTED,58.9970703125,59.04412078857422,-0.0007975052968731688,-9.680769155276668,12138.81486835566
AVGO,1,2023-03-28,2023-03-31,3,RESIDUAL_REVERTED,59.8792724609375,60.387821197509766,0.008492901060279667,102.99918003635388,12127.679258866026
CDW,1,2023-03-29,2023-03-31,2,RESIDUAL_REVERTED,177.8985137939453,180.97669982910156,0.017303045256025218,210.03846302166895,12138.81486835566
ULTA,1,2023-03-30,2023-03-31,1,RESIDUAL_REVERTED,527.8099975585938,538.75,0.020727160326651006,253.27406902122397,12219.429243067312
PAYX,-1,2023-03-30,2023-03-31,1,RESIDUAL_REVERTED,104.8432846069336,101.67835235595703,0.030187267242171578,368.87117610727984,12219.429243067312
CTAS,-1,2023-03-30,2023-03-31,1,RESIDUAL_REVERTED,113.16871643066406,112.2506103515625,0.008112719734380547,99.13280476309873,12219.429243067312
WM,-1,2023-03-31,2023-04-03,1,RESIDUAL_REVERTED,153.7491455078125,154.1468048095703,-0.0025864163371080995,-31.84295100306503,12311.610681623404
DLR,-1,2023-04-03,2023-04-04,1,RESIDUAL_REVERTED,87.64220428466797,83.28692626953125,0.04969384385849618,610.5572901872647,12286.376798016136
KIM,-1,2023-04-03,2023-04-04,1,RESIDUAL_REVERTED,16.536441802978516,16.53643798828125,2.3068428567363242e-07,0.002834274055703366,12286.376798016136
VTR,1,2023-04-03,2023-04-05,2,RESIDUAL_REVERTED,39.1973876953125,38.0967903137207,-0.02807833496831258,-344.9810032816004,12286.376798016137
EXR,1,2023-04-04,2023-04-05,1,RESIDUAL_REVERTED,134.57302856445312,137.3762969970703,0.020830834101906115,256.2832518725756,12303.072004645523
COP,-1,2023-04-04,2023-04-05,1,RESIDUAL_REVERTED,97.14811706542969,95.87471008300781,0.01310789154630998,161.26733352333565,12303.072004645523
INTC,-1,2023-03-30,2023-04-06,5,RESIDUAL_REVERTED,31.086471557617188,31.818490982055664,-0.023547845341074458,-287.7412299719504,12219.429243067312
SPG,-1,2023-04-03,2023-04-06,3,RESIDUAL_REVERTED,93.96961975097656,92.12396240234375,0.01964100050126716,241.31673284859176,12286.376798016134
SCHW,1,2023-03-31,2023-04-10,5,RESIDUAL_REVERTED,49.87139892578125,47.075927734375,-0.05605359487842876,-690.1100374486547,12311.610681623404
MU,1,2023-04-03,2023-04-10,4,RESIDUAL_REVERTED,58.9188232421875,60.39021682739258,0.02497323443064836,306.830568080135,12286.376798016136
NEM,-1,2023-04-05,2023-04-10,2,RESIDUAL_REVERTED,47.85329818725586,47.40935134887695,0.009277246400899886,113.55731186856515,12240.411320491687
MKTX,1,2023-04-06,2023-04-10,1,RESIDUAL_REVERTED,317.7685546875,322.8116149902344,0.015870230796416696,193.48489058570527,12191.68725822136
CMI,1,2023-04-06,2023-04-10,1,RESIDUAL_REVERTED,204.44277954101562,204.41493225097656,-0.00013621068008162762,-1.6606380127849947,12191.687258221362
JNJ,-1,2023-04-06,2023-04-10,1,RESIDUAL_REVERTED,150.19346618652344,148.96286010742188,0.008193472794437606,99.89225786852819,12191.68725822136
ABT,-1,2023-04-05,2023-04-11,3,RESIDUAL_REVERTED,95.47801208496094,96.93859100341797,-0.015297542193875469,-187.24820864561116,12240.411320491687
CSX,-1,2023-04-10,2023-04-11,1,RESIDUAL_REVERTED,28.39849853515625,28.636497497558594,-0.008380688229263633,-102.84064831893673,12271.1459376139
ICE,-1,2023-04-10,2023-04-11,1,RESIDUAL_REVERTED,102.8160400390625,101.85989379882812,0.00929958243743978,114.11653324869522,12271.1459376139
CAG,1,2023-04-11,2023-04-12,1,RESIDUAL_REVERTED,30.721662521362305,30.83611488342285,0.0037254612109927088,46.03155499266523,12355.934577130685
INCY,1,2023-04-11,2023-04-12,1,RESIDUAL_REVERTED,74.2300033569336,74.30999755859375,0.0010776532135599037,13.315412603579869,12355.934577130685
MU,-1,2023-04-11,2023-04-12,1,RESIDUAL_REVERTED,62.81844711303711,63.52915954589844,-0.011313753610980859,-139.79199943905445,12355.934577130685
CTAS,1,2023-04-03,2023-04-13,7,RESIDUAL_REVERTED,111.36396026611328,110.28839111328125,-0.009658143893786386,-118.66359504851822,12286.376798016136
AMCR,1,2023-04-11,2023-04-13,2,RESIDUAL_REVERTED,46.08692932128906,45.631866455078125,-0.00987401141522204,-122.00263906032455,12355.934577130685
ORCL,1,2023-04-11,2023-04-13,2,RESIDUAL_REVERTED,89.90255737304688,90.59514617919922,0.007703772021506294,95.18730309486169,12355.934577130685
WDC,-1,2023-04-11,2023-04-13,2,RESIDUAL_REVERTED,28.80817413330078,28.612607955932617,0.006788565511415046,83.87907133160974,12355.934577130685
KMX,-1,2023-04-12,2023-04-13,1,RESIDUAL_REVERTED,73.0,69.66999816894531,0.045616463439105304,563.1025073079633,12344.282411539081
MHK,-1,2023-04-12,2023-04-13,1,RESIDUAL_REVERTED,101.7699966430664,98.36000061035156,0.03350688950766678,413.61850681487425,12344.282411539081
WHR,-1,2023-04-12,2023-04-14,2,RESIDUAL_REVERTED,112.85343933105469,111.88774108886719,0.008557100677761609,105.63126739026215,12344.282411539081
FTV,-1,2023-04-13,2023-04-14,1,RESIDUAL_REVERTED,49.586238861083984,49.87574768066406,-0.005838491207029062,-72.90170694201133,12486.394918989441
PH,1,2023-04-14,2023-04-17,1,RESIDUAL_REVERTED,307.9664001464844,308.4185791015625,0.0014682736651239203,18.265567580985483,12440.165627735903
JKHY,-1,2023-04-14,2023-04-17,1,RESIDUAL_REVERTED,150.62832641601562,146.68299865722656,0.026192468924421175,325.8386516191254,12440.165627735903
AAL,1,2023-04-13,2023-04-18,3,RESIDUAL_REVERTED,13.149999618530273,13.199999809265137,0.003802295983674764,47.47696925105143,12486.394918989441
SYY,1,2023-04-13,2023-04-18,3,RESIDUAL_REVERTED,68.09011840820312,68.88528442382812,0.01167814117840038,145.81788267322085,12486.394918989441
PGR,1,2023-04-14,2023-04-18,2,RESIDUAL_REVERTED,126.04769897460938,126.0111312866211,-0.0002901099209724478,-3.6090154671464703,12440.165627735903
PSA,1,2023-04-14,2023-04-18,2,RESIDUAL_REVERTED,264.40496826171875,254.36898803710938,-0.03795685191011755,-472.1895244693055,12440.165627735903
C,-1,2023-04-17,2023-04-18,1,RESIDUAL_REVERTED,44.387760162353516,44.53940963745117,-0.0034164705437484955,-42.22446235081734,12359.088658931812
STT,1,2023-04-18,2023-04-19,1,RESIDUAL_REVERTED,65.55034637451172,67.44355010986328,0.028881674011835612,356.74527407046065,12351.959721042027
ENPH,-1,2023-04-14,2023-04-20,4,RESIDUAL_REVERTED,209.77000427246094,220.5,-0.05115123949562572,-636.3298913895692,12440.165627735903
JPM,-1,2023-04-17,2023-04-20,3,RESIDUAL_REVERTED,130.11810302734375,130.08090209960938,0.0002859012456287724,3.533478842425465,12359.088658931812
JNJ,1,2023-04-19,2023-04-20,1,RESIDUAL_REVERTED,146.57412719726562,146.97222900390625,0.0027160441904241495,33.553016842210184,12353.63436298519
MAR,-1,2023-04-19,2023-04-20,1,RESIDUAL_REVERTED,166.66867065429688,167.17141723632812,-0.0030164432226980065,-37.264036649916626,12353.634362985189
MTB,-1,2023-04-18,2023-04-21,3,RESIDUAL_REVERTED,112.91527557373047,110.68357849121094,0.019764350493590155,244.12846120938303,12351.959721042027
CDW,1,2023-04-20,2023-04-21,1,RESIDUAL_REVERTED,155.9521484375,156.43667602539062,0.003106899088888282,38.305881578632714,12329.296987994712
OMC,1,2023-04-20,2023-04-21,1,RESIDUAL_REVERTED,80.61576080322266,81.64203643798828,0.012730458964106184,156.95760936194455,12329.296987994712
CSCO,1,2023-04-20,2023-04-24,2,RESIDUAL_REVERTED,43.6552848815918,43.14179611206055,-0.011762350673555577,-145.02151473120585,12329.296987994714
T,1,2023-04-21,2023-04-24,1,RESIDUAL_REVERTED,14.988045692443848,15.172565460205078,0.012311129252445152,152.5158123157083,12388.450254099662
DHI,-1,2023-04-21,2023-04-24,1,RESIDUAL_REVERTED,103.9275894165039,102.77915954589844,0.011050288735197977,136.89595228943742,12388.450254099662
TAP,-1,2023-04-14,2023-04-25,7,RESIDUAL_REVERTED,49.58670425415039,51.44719314575195,-0.03751991425092216,-466.753947619921,12440.165627735903
SNA,-1,2023-04-21,2023-04-25,2,RESIDUAL_REVERTED,237.21511840820312,235.49073791503906,0.007269268943460472,90.05497668973234,12388.450254099662
MRSH,-1,2023-04-21,2023-04-25,2,RESIDUAL_REVERTED,170.60592651367188,169.91404724121094,0.004055423434575101,50.24041147854328,12388.450254099664
WRB,1,2023-04-24,2023-04-25,1,RESIDUAL_REVERTED,35.548606872558594,35.35828399658203,-0.005353877204214208,-66.44503493675371,12410.638571324202
ALB,1,2023-04-24,2023-04-25,1,RESIDUAL_REVERTED,169.6610870361328,170.97232055664062,0.007728546029111216,95.91619144914333,12410.638571324203
HPE,1,2023-04-20,2023-04-26,4,RESIDUAL_REVERTED,13.471437454223633,12.912419319152832,-0.04149654682140358,-511.62324973731273,12329.296987994714
CARR,1,2023-04-25,2023-04-26,1,RESIDUAL_REVERTED,40.728824615478516,39.21506118774414,-0.03716688222716569,-462.4925555204268,12443.673717199405
T,1,2023-04-25,2023-04-26,1,RESIDUAL_REVERTED,14.686103820800781,14.585457801818848,-0.00685314636271217,-85.27831727380163,12443.673717199405
HCA,-1,2023-04-24,2023-04-27,3,RESIDUAL_REVERTED,276.2236022949219,271.31927490234375,0.017754917942681137,220.3498694501346,12410.638571324203
KDP,-1,2023-04-26,2023-04-27,1,RESIDUAL_REVERTED,32.13421630859375,31.31142807006836,0.0256047395282315,317.66365671297706,12406.439689133533
MDT,-1,2023-04-25,2023-04-28,3,RESIDUAL_REVERTED,79.89798736572266,81.45851135253906,-0.019531455525573005,-243.04305978222195,12443.673717199405
UPS,1,2023-04-26,2023-04-28,2,RESIDUAL_REVERTED,144.88037109375,146.21151733398438,0.009187899162496072,113.98911682934708,12406.439689133533
PEP,-1,2023-04-26,2023-04-28,2,RESIDUAL_REVERTED,166.78945922851562,168.04608154296875,-0.007534183036899567,-93.4723874541867,12406.439689133533
ODFL,1,2023-04-27,2023-04-28,1,RESIDUAL_REVERTED,149.602294921875,155.69557189941406,0.04072983626836124,502.85905796272516,12346.208677331306
MSCI,1,2023-04-26,2023-05-01,3,RESIDUAL_REVERTED,443.5827941894531,462.2816467285156,0.04215414300103859,522.9828327894963,12406.439689133533
BRO,-1,2023-04-26,2023-05-01,3,RESIDUAL_REVERTED,61.43034744262695,62.61994934082031,-0.019365052416550066,-240.2513548828392,12406.439689133533
WAB,1,2023-04-27,2023-05-02,3,RESIDUAL_REVERTED,94.9312973022461,95.71684265136719,0.008274882693534158,102.16342851480897,12346.208677331304
HAS,-1,2023-04-28,2023-05-02,2,RESIDUAL_REVERTED,51.874534606933594,51.17588806152344,0.013468006040034397,167.05339667602755,12403.721544187887
RMD,-1,2023-05-01,2023-05-02,1,RESIDUAL_REVERTED,231.29222106933594,226.58514404296875,0.020351212006201047,252.71304013865486,12417.591643271771
L,-1,2023-05-02,2023-05-03,1,RESIDUAL_REVERTED,59.167137145996094,58.71201705932617,0.0076921093130956075,95.4245745385812,12405.514619523594
ENPH,1,2023-04-27,2023-05-04,5,RESIDUAL_REVERTED,166.52999877929688,158.8699951171875,-0.04599774045672833,-567.8977023644919,12346.208677331306
CMCSA,-1,2023-04-28,2023-05-04,4,RESIDUAL_REVERTED,33.38274002075195,33.99135971069336,-0.018231567857014408,-226.13929101237167,12403.721544187887
TMUS,1,2023-05-01,2023-05-04,3,RESIDUAL_REVERTED,137.4200439453125,133.2364959716797,-0.03044350630027226,-378.0350294261524,12417.591643271771
GPN,1,2023-05-02,2023-05-04,2,RESIDUAL_REVERTED,99.23916625976562,99.3644027709961,0.0012619665798345725,15.655344855487705,12405.514619523594
LDOS,1,2023-05-03,2023-05-04,1,RESIDUAL_REVERTED,77.26427459716797,76.97653198242188,-0.0037241353296371127,-45.761779669974324,12287.89386513349
AME,-1,2023-05-03,2023-05-04,1,RESIDUAL_REVERTED,142.91604614257812,141.29287719726562,0.01135749965887789,139.55975038158064,12287.893865133488
BR,-1,2023-05-03,2023-05-05,2,RESIDUAL_REVERTED,145.58737182617188,144.0193328857422,0.01077043235797881,132.34592969644248,12287.893865133488
FSLR,1,2023-05-01,2023-05-08,5,RESIDUAL_REVERTED,182.5800018310547,179.6999969482422,-0.015773933913515004,-195.87426994598474,12417.59164327177
RSG,-1,2023-05-01,2023-05-08,5,RESIDUAL_REVERTED,139.35223388671875,140.035888671875,-0.004905947799243693,-60.920056394216886,12417.591643271771
BWA,1,2023-05-05,2023-05-08,1,RESIDUAL_REVERTED,36.701480865478516,37.727508544921875,0.027956029436633445,345.8154238517644,12369.976381503184
TFX,1,2023-05-05,2023-05-08,1,RESIDUAL_REVERTED,243.5733184814453,249.27015686035156,0.02338859779233249,289.3164022876314,12369.976381503184
BALL,-1,2023-05-05,2023-05-08,1,RESIDUAL_REVERTED,56.634639739990234,55.64421844482422,0.017487906689493293,216.32499271096304,12369.976381503184
VMC,-1,2023-05-05,2023-05-08,1,RESIDUAL_REVERTED,187.94815063476562,188.64938354492188,-0.0037309912749230456,-46.152273950393656,12369.976381503182
VRSK,-1,2023-05-04,2023-05-09,3,RESIDUAL_REVERTED,203.77200317382812,205.1862335205078,-0.006940258350766948,-85.62870765116638,12337.97119983332
AES,1,2023-05-09,2023-05-10,1,RESIDUAL_REVERTED,18.521312713623047,19.3094539642334,0.042553206827000256,528.2498346391583,12413.866639634318
WELL,1,2023-05-09,2023-05-10,1,RESIDUAL_REVERTED,70.93640899658203,73.21270751953125,0.03208928327706717,398.35208316295984,12413.866639634318
VTRS,-1,2023-05-09,2023-05-10,1,RESIDUAL_REVERTED,8.386852264404297,8.438516616821289,-0.006160160068189979,-76.47140556531124,12413.866639634318
PGR,-1,2023-05-09,2023-05-11,2,RESIDUAL_REVERTED,122.36672973632812,121.80957794189453,0.004553131358777995,56.521965480607676,12413.866639634318
DVA,-1,2023-05-10,2023-05-11,1,RESIDUAL_REVERTED,101.5,98.76000213623047,0.026995052845020018,334.53139665388665,12392.322347892727
LYV,-1,2023-05-08,2023-05-12,4,RESIDUAL_REVERTED,77.16000366210938,77.81999969482422,-0.008553602921081094,-106.5403714271577,12455.61343098827
TSN,1,2023-05-09,2023-05-12,3,RESIDUAL_REVERTED,44.506160736083984,43.53286361694336,-0.02186881777810845,-271.47658746390215,12413.866639634316
AXON,1,2023-05-11,2023-05-12,1,RESIDUAL_REVERTED,197.83999633789062,205.1199951171875,0.03679740656112518,454.8455761897138,12360.805249526418
J,1,2023-05-11,2023-05-12,1,RESIDUAL_REVERTED,91.45179748535156,93.75050354003906,0.025135712122615228,310.6976423558066,12360.805249526418
MET,1,2023-05-05,2023-05-12,5,TRAILING_STOP,49.45225524902344,45.140990164096394,-0.08718035331689311,-1078.4189114610701,12369.976381503184
BSX,-1,2023-05-09,2023-05-15,4,RESIDUAL_REVERTED,53.13999938964844,53.369998931884766,-0.004328181123034236,-53.729463253529914,12413.866639634318
AKAM,-1,2023-05-11,2023-05-15,2,RESIDUAL_REVERTED,85.31999969482422,85.2300033569336,0.0010548094023972165,13.03829359840087,12360.805249526418
MOS,1,2023-05-05,2023-05-16,7,RESIDUAL_REVERTED,35.142635345458984,32.55717086791992,-0.07357059173631808,-910.0664821514673,12369.976381503186
STE,-1,2023-05-12,2023-05-16,2,RESIDUAL_REVERTED,201.29727172851562,203.21347045898438,-0.009519248393257351,-118.50022286334828,12448.485213106185
AXON,1,2023-05-15,2023-05-16,1,RESIDUAL_REVERTED,200.1999969482422,203.25,0.01523478071054285,188.50264737079524,12373.1775962057
GEN,1,2023-05-15,2023-05-16,1,RESIDUAL_REVERTED,15.101044654846191,15.212631225585938,0.007389327910101606,91.42946654828705,12373.1775962057
MHK,1,2023-05-15,2023-05-16,1,RESIDUAL_REVERTED,95.0999984741211,94.91000366210938,-0.00199784242965495,-24.71965919135561,12373.1775962057
PYPL,1,2023-05-15,2023-05-16,1,RESIDUAL_REVERTED,61.068965911865234,61.11841583251953,0.0008097389552275125,10.019043899595774,12373.1775962057
FSLR,-1,2023-05-15,2023-05-16,1,RESIDUAL_REVERTED,228.0800018310547,220.0,0.03542617400117254,438.3343424705925,12373.1775962057
TPR,-1,2023-05-12,2023-05-17,3,RESIDUAL_REVERTED,37.192630767822266,38.765708923339844,-0.042295425815335186,-526.5139828442292,12448.485213106185
WDC,-1,2023-05-16,2023-05-18,2,RESIDUAL_REVERTED,27.642305374145508,27.84539222717285,-0.007346957870500104,-91.48846131076327,12452.56375813906
STX,-1,2023-05-16,2023-05-18,2,RESIDUAL_REVERTED,56.290470123291016,56.3365592956543,-0.0008187739818539264,-10.195835212542471,12452.56375813906
GEN,1,2023-05-17,2023-05-18,1,RESIDUAL_REVERTED,14.422242164611816,14.868578910827637,0.030947805557655084,385.67044297235293,12461.964136806339
CZR,1,2023-05-17,2023-05-18,1,RESIDUAL_REVERTED,41.7599983215332,43.34000015258789,0.03783529440996114,471.5020820424438,12461.964136806339
EBAY,1,2023-05-17,2023-05-18,1,RESIDUAL_REVERTED,40.509300231933594,41.214874267578125,0.017417581434505447,217.05727518671,12461.964136806339
FRT,1,2023-05-17,2023-05-18,1,RESIDUAL_REVERTED,77.3069839477539,78.21156311035156,0.011701131209684634,145.81907749515594,12461.964136806339
IT,-1,2023-05-17,2023-05-18,1,RESIDUAL_REVERTED,321.82000732421875,324.79998779296875,-0.009259773789476622,-115.39496887939795,12461.964136806339
BRK-B,-1,2023-05-17,2023-05-18,1,RESIDUAL_REVERTED,325.0199890136719,326.8699951171875,-0.005691976389297748,-70.93320563097663,12461.964136806339
KEYS,-1,2023-05-18,2023-05-19,1,RESIDUAL_REVERTED,157.0,157.49000549316406,-0.003121054096586473,-39.204443360190886,12561.282870127201
AES,1,2023-05-17,2023-05-22,3,RESIDUAL_REVERTED,17.904504776000977,17.887371063232422,-0.0009569498281527533,-11.92547443916288,12461.964136806339
MOH,1,2023-05-19,2023-05-22,1,RESIDUAL_REVERTED,283.7900085449219,286.6700134277344,0.010148366031556888,127.15795311507438,12529.894243040799
CAG,1,2023-05-19,2023-05-22,1,RESIDUAL_REVERTED,29.491130828857422,29.606599807739258,0.003915379832395205,49.059295221246344,12529.894243040799
CPRT,-1,2023-05-19,2023-05-22,1,RESIDUAL_REVERTED,44.209999084472656,44.29999923706055,-0.0020357420142878,-25.50763214514225,12529.894243040799
TTWO,-1,2023-05-19,2023-05-22,1,RESIDUAL_REVERTED,140.1999969482422,137.42999267578125,0.01975752020510768,247.55963867474162,12529.894243040799
SNPS,-1,2023-05-19,2023-05-22,1,RESIDUAL_REVERTED,413.0299987792969,405.760009765625,0.017601600453134636,220.54619218603614,12529.894243040799
BBWI,-1,2023-05-19,2023-05-22,1,RESIDUAL_REVERTED,33.40313720703125,33.53885269165039,-0.0040629562360559035,-50.90841195188434,12529.894243040799
PODD,1,2023-05-19,2023-05-23,2,RESIDUAL_REVERTED,302.9700012207031,303.4599914550781,0.001617289607554362,20.264467743026128,12529.894243040799
BWA,-1,2023-05-22,2023-05-24,2,RESIDUAL_REVERTED,38.81241989135742,38.9890251159668,-0.00455022451843301,-57.08597335862393,12545.748704787406
PEP,1,2023-05-23,2023-05-24,1,RESIDUAL_REVERTED,165.02850341796875,164.83380126953125,-0.0011798092111662273,-14.794609265054518,12539.83197031491
TGT,1,2023-05-19,2023-05-24,3,TRAILING_STOP,137.60171508789062,126.69095825148449,-0.07929230263908471,-993.5241663549166,12529.894243040799
NKE,1,2023-05-23,2023-05-25,2,RESIDUAL_REVERTED,101.70612335205078,100.39044189453125,-0.012936108605431373,-162.21662826185445,12539.83197031491
KMB,1,2023-05-23,2023-05-25,2,RESIDUAL_REVERTED,121.736328125,118.79423522949219,-0.024167747958414254,-303.05949849943556,12539.83197031491
PFE,-1,2023-05-23,2023-05-25,2,RESIDUAL_REVERTED,31.436429977416992,31.4038143157959,0.001037511627259291,13.010221473079937,12539.83197031491
EPAM,-1,2023-05-23,2023-05-25,2,RESIDUAL_REVERTED,261.32000732421875,256.2099914550781,0.019554629289446845,245.21176553146157,12539.83197031491
MTCH,-1,2023-05-23,2023-05-25,2,RESIDUAL_REVERTED,32.577484130859375,32.70230484008789,-0.0038315024182693502,-48.04639651895156,12539.83197031491
AZO,1,2023-05-24,2023-05-26,2,RESIDUAL_REVERTED,2463.409912109375,2461.14990234375,-0.0009174314654315507,-11.385865926240136,12410.590169680847
GLW,-1,2023-05-25,2023-05-26,1,RESIDUAL_REVERTED,29.22792625427246,28.720338821411133,0.017366522292601272,216.6609262393467,12475.780849436496
ADI,1,2023-05-25,2023-05-30,2,RESIDUAL_REVERTED,157.3939971923828,168.36839294433594,0.06972563088628547,869.8816905259972,12475.780849436496
INTU,1,2023-05-25,2023-05-30,2,RESIDUAL_REVERTED,408.01971435546875,413.7427673339844,0.01402641288437767,174.9904532492077,12475.780849436496
DLTR,1,2023-05-26,2023-05-30,1,RESIDUAL_REVERTED,136.50999450683594,141.89999389648438,0.03948428398316661,494.5829179184268,12526.070325329487
MDT,1,2023-05-26,2023-05-31,2,RESIDUAL_REVERTED,73.80756378173828,73.65596771240234,-0.002053936772445586,-25.72775645543406,12526.070325329487
AVGO,-1,2023-05-30,2023-05-31,1,RESIDUAL_REVERTED,79.98078155517578,76.12883758544922,0.048160869334206824,602.4396122525033,12508.902363699923
NVDA,-1,2023-05-26,2023-06-01,3,RESIDUAL_REVERTED,37.77014923095703,38.36725997924805,-0.015809065106939357,-198.02546130723505,12526.070325329487
CDNS,-1,2023-05-26,2023-06-01,3,RESIDUAL_REVERTED,226.25999450683594,228.57000732421875,-0.01020955039983007,-127.88554629826703,12526.070325329487
SNPS,-1,2023-05-26,2023-06-01,3,RESIDUAL_REVERTED,434.29998779296875,446.5299987792969,-0.02816028397439929,-352.7376974445739,12526.070325329487
ULTA,1,2023-05-30,2023-06-01,2,RESIDUAL_REVERTED,417.6499938964844,408.1099853515625,-0.022842113454660806,-285.72976698490794,12508.902363699923
MDLZ,1,2023-05-31,2023-06-01,1,RESIDUAL_REVERTED,66.09354400634766,67.14236450195312,0.015868728351210004,197.41294211723286,12440.37567144951
MA,1,2023-05-31,2023-06-01,1,RESIDUAL_REVERTED,358.0289306640625,360.147705078125,0.005917886049411347,73.62072563550674,12440.37567144951
GEN,-1,2023-05-23,2023-06-02,7,RESIDUAL_REVERTED,15.97813892364502,16.559162139892578,-0.03636363527843289,-455.993876221363,12539.83197031491
EW,-1,2023-06-01,2023-06-05,2,RESIDUAL_REVERTED,84.05999755859375,84.94000244140625,-0.01046877121545342,-131.22006115420206,12534.428201134146
DG,1,2023-06-02,2023-06-05,1,RESIDUAL_REVERTED,151.5200958251953,153.12684631347656,0.010604207181434955,132.2813585007385,12474.422296494415
ROST,1,2023-06-02,2023-06-05,1,RESIDUAL_REVERTED,97.9658203125,100.04690551757812,0.02124297227787908,264.99380702698807,12474.422296494415
NTAP,-1,2023-06-02,2023-06-05,1,RESIDUAL_REVERTED,67.53842163085938,66.62016296386719,0.013596093080336713,169.60340666656518,12474.422296494415
HRL,-1,2023-06-02,2023-06-05,1,RESIDUAL_REVERTED,35.334110260009766,35.79037857055664,-0.012912970135355861,-161.08184257044886,12474.422296494415
MTCH,-1,2023-06-02,2023-06-06,2,RESIDUAL_REVERTED,36.79248809814453,37.18614959716797,-0.010699507409592357,-133.4701737917266,12474.422296494415
MMM,-1,2023-06-05,2023-06-06,1,RESIDUAL_REVERTED,76.5470962524414,74.39256286621094,0.02814650707487487,352.12007809665016,12510.258454448587
TGT,1,2023-05-31,2023-06-07,5,RESIDUAL_REVERTED,119.2489013671875,117.28569030761719,-0.016463137496967373,-204.80761519300154,12440.37567144951
AAP,1,2023-06-01,2023-06-07,4,RESIDUAL_REVERTED,67.3266372680664,62.49549102783203,-0.07175683260399268,-899.4308662155478,12534.428201134146
CRM,1,2023-06-02,2023-06-07,3,RESIDUAL_REVERTED,208.9118194580078,210.854736328125,0.009300176864850407,116.01433364423254,12474.422296494415
EPAM,1,2023-06-06,2023-06-07,1,RESIDUAL_REVERTED,197.99000549316406,209.6300048828125,0.0587908433087565,732.9890402592295,12467.741556448405
PAYC,-1,2023-06-06,2023-06-07,1,RESIDUAL_REVERTED,296.6484375,301.3652038574219,-0.01590018945379379,-198.2394528084662,12467.741556448405
FTNT,-1,2023-06-06,2023-06-07,1,RESIDUAL_REVERTED,71.3499984741211,69.54000091552734,0.025367871020351096,316.2800597190543,12467.741556448405
TSCO,-1,2023-06-07,2023-06-08,1,RESIDUAL_REVERTED,40.734886169433594,40.860748291015625,-0.0030897869962989155,-38.8321562869608,12567.907216088379
MAS,-1,2023-06-07,2023-06-09,2,RESIDUAL_REVERTED,50.186279296875,51.442108154296875,-0.025023350505684494,-314.4911473910996,12567.907216088379
CPB,1,2023-06-08,2023-06-09,1,RESIDUAL_REVERTED,40.0157356262207,40.310420989990234,0.007364237072189139,92.1772420051091,12516.875964411183
PTC,1,2023-06-08,2023-06-09,1,RESIDUAL_REVERTED,135.75999450683594,137.91000366210938,0.015836838849939472,198.22774755306145,12516.875964411183
FICO,1,2023-06-08,2023-06-09,1,RESIDUAL_REVERTED,756.1099853515625,769.6699829101562,0.01793389562536829,224.47634710143257,12516.875964411183
INTU,1,2023-06-08,2023-06-09,1,RESIDUAL_REVERTED,410.8276672363281,412.2218322753906,0.003393551968982944,42.47666907454252,12516.875964411183
WHR,-1,2023-06-08,2023-06-09,1,RESIDUAL_REVERTED,123.17764282226562,121.19486236572266,0.016096918329602583,201.4831301408925,12516.875964411183
BF-B,-1,2023-06-08,2023-06-12,2,RESIDUAL_REVERTED,60.12385177612305,59.35917663574219,0.012718332538444121,159.19379085784036,12516.875964411183
CHRW,1,2023-06-06,2023-06-13,5,RESIDUAL_REVERTED,84.9579086303711,84.00133514404297,-0.01125938128361792,-140.37905592966104,12467.741556448405
BBWI,-1,2023-06-06,2023-06-13,5,RESIDUAL_REVERTED,35.87766647338867,38.43452072143555,-0.07126590158653023,-888.5248427681463,12467.741556448405
WMB,1,2023-06-12,2023-06-13,1,RESIDUAL_REVERTED,26.597007751464844,26.993974685668945,0.014925247904333805,187.55537826908352,12566.315780565568
GLW,-1,2023-06-12,2023-06-13,1,RESIDUAL_REVERTED,30.5978946685791,30.718944549560547,-0.0039561506532588275,-49.714238384341726,12566.315780565568
MTCH,-1,2023-06-12,2023-06-13,1,RESIDUAL_REVERTED,39.893741607666016,41.0458984375,-0.028880641007926533,-362.9232548507564,12566.315780565568
ADBE,-1,2023-06-09,2023-06-14,3,RESIDUAL_REVERTED,456.9100036621094,476.1499938964844,-0.04210892753532969,-528.7994602082899,12557.894279416712
PLD,1,2023-06-12,2023-06-14,2,RESIDUAL_REVERTED,108.31704711914062,108.92576599121094,0.005619788281347571,70.62003416333467,12566.315780565568
TGT,1,2023-06-12,2023-06-14,2,RESIDUAL_REVERTED,113.08391571044922,114.7717514038086,0.014925515116412047,187.55873614043858,12566.315780565568
V,1,2023-06-14,2023-06-15,1,RESIDUAL_REVERTED,218.28472900390625,216.60665893554688,-0.00768752846805576,-95.93572215214755,12479.397318760106
CMI,-1,2023-06-14,2023-06-15,1,RESIDUAL_REVERTED,224.26361083984375,218.61097717285156,0.02520530926004294,314.54706879829956,12479.397318760106
STLD,-1,2023-06-14,2023-06-15,1,RESIDUAL_REVERTED,104.23213958740234,99.12179565429688,0.04902848539168925,611.8459491399157,12479.397318760106
FMC,1,2023-06-12,2023-06-16,4,RESIDUAL_REVERTED,93.09203338623047,93.69133758544922,0.006437760326195585,80.89892917857061,12566.315780565568
FCX,-1,2023-06-14,2023-06-16,2,RESIDUAL_REVERTED,38.90737533569336,38.13114929199219,0.019950614427313162,248.97164419182846,12479.397318760106
CVS,1,2023-06-15,2023-06-16,1,RESIDUAL_REVERTED,59.64541244506836,61.29067611694336,0.02758407737376678,345.76842312220293,12535.072985657942
NKE,-1,2023-06-15,2023-06-16,1,RESIDUAL_REVERTED,103.95587921142578,105.97307586669922,-0.019404353756374393,-243.23499057567946,12535.072985657942
CCL,-1,2023-06-13,2023-06-20,4,RESIDUAL_REVERTED,14.821818351745605,15.737109184265137,-0.06175293818870298,-773.571671470358,12526.880406993707
BIIB,1,2023-06-14,2023-06-20,3,RESIDUAL_REVERTED,304.6000061035156,296.0,-0.02823376865131444,-352.3404168057065,12479.397318760106
HUM,1,2023-06-15,2023-06-21,3,RESIDUAL_REVERTED,439.1278991699219,427.0013427734375,-0.02761508986199024,-346.15716692555014,12535.072985657942
DPZ,-1,2023-06-16,2023-06-21,2,RESIDUAL_REVERTED,313.48126220703125,305.8046569824219,0.024488242680162364,307.4659364519873,12555.655400338812
ETN,1,2023-06-20,2023-06-21,1,RESIDUAL_REVERTED,181.90757751464844,185.61114501953125,0.020359610938057715,254.90772437634644,12520.265006629088
GLW,-1,2023-06-20,2023-06-21,1,RESIDUAL_REVERTED,32.73955535888672,32.357784271240234,0.011660851329883926,145.99694885305067,12520.265006629088
BALL,-1,2023-06-20,2023-06-21,1,RESIDUAL_REVERTED,54.042625427246094,53.59330368041992,0.008314210186384563,104.09611485434905,12520.265006629088
MAR,1,2023-06-16,2023-06-22,3,RESIDUAL_REVERTED,171.927978515625,170.94842529296875,-0.0056974625719060645,-71.53537670918111,12555.655400338812
LEN,-1,2023-06-16,2023-06-22,3,RESIDUAL_REVERTED,111.01673126220703,111.9176025390625,-0.00811473429827192,-101.8858075144125,12555.655400338812
GNRC,-1,2023-06-21,2023-06-23,2,RESIDUAL_REVERTED,128.89999389648438,122.81999969482422,0.047168304806459616,590.9505739297564,12528.552305505518
FMC,-1,2023-06-22,2023-06-23,1,RESIDUAL_REVERTED,95.66546630859375,94.49332427978516,0.01225250943770606,153.2996668529664,12511.695472047542
CTVA,-1,2023-06-22,2023-06-23,1,RESIDUAL_REVERTED,56.368408203125,55.50907516479492,0.01524494066310067,190.7400550661502,12511.695472047542
INTC,1,2023-06-22,2023-06-26,2,RESIDUAL_REVERTED,32.03699493408203,32.52700424194336,0.015295108323035711,191.36773754980146,12511.695472047542
FFIV,1,2023-06-22,2023-06-26,2,RESIDUAL_REVERTED,145.0500030517578,144.4499969482422,-0.00413654664523877,-51.75521193114762,12511.695472047542
ARE,1,2023-06-20,2023-06-27,5,RESIDUAL_REVERTED,97.10035705566406,96.39214324951172,-0.007293627208253772,-91.31814550689703,12520.26500662909
TDG,-1,2023-06-22,2023-06-27,3,RESIDUAL_REVERTED,720.7459106445312,731.994873046875,-0.01560738983906873,-195.27490877995623,12511.69547204754
HCA,-1,2023-06-23,2023-06-27,2,RESIDUAL_REVERTED,285.4966735839844,286.6961364746094,-0.004201320020886801,-52.71153367042058,12546.421936049854
KMX,-1,2023-06-26,2023-06-27,1,RESIDUAL_REVERTED,86.41000366210938,81.72000122070312,0.054276151401933204,679.4230373512702,12517.892661915426
DGX,-1,2023-06-26,2023-06-27,1,RESIDUAL_REVERTED,132.99375915527344,131.9149627685547,0.00811163165528117,101.54053437380448,12517.892661915426
NVR,-1,2023-06-26,2023-06-27,1,RESIDUAL_REVERTED,6184.0,6155.02001953125,0.0046862840344032985,58.66240052590848,12517.892661915428
BWA,1,2023-06-21,2023-06-28,5,RESIDUAL_REVERTED,39.12300109863281,39.156761169433594,0.0008629212957276255,10.811154589056777,12528.552305505518
AWK,1,2023-06-27,2023-06-28,1,RESIDUAL_REVERTED,129.67898559570312,132.04669189453125,0.018258211135379065,231.32064872586088,12669.403755422103
CCL,1,2023-06-27,2023-06-28,1,RESIDUAL_REVERTED,14.51672077178955,15.687899589538574,0.0806779186677602,1022.141125748961,12669.403755422103
TXN,-1,2023-06-28,2023-06-29,1,RESIDUAL_REVERTED,159.16354370117188,160.3300323486328,-0.007328868284379286,-94.06700722764083,12835.134099508186
REGN,1,2023-06-28,2023-06-30,2,RESIDUAL_REVERTED,701.5892333984375,703.5211181640625,0.002753583826061723,35.34261766173939,12835.134099508186
DAL,-1,2023-06-28,2023-06-30,2,RESIDUAL_REVERTED,44.66225051879883,45.029052734375,-0.00821280189232243,-105.41241362065367,12835.134099508185
NWL,-1,2023-06-28,2023-06-30,2,RESIDUAL_REVERTED,7.576892375946045,7.722603797912598,-0.01923102701433832,-246.83281060029736,12835.134099508186
GNRC,-1,2023-06-28,2023-06-30,2,RESIDUAL_REVERTED,144.3300018310547,148.6300048828125,-0.02979285662859743,-382.395310035469,12835.134099508186
SJM,1,2023-06-29,2023-06-30,1,RESIDUAL_REVERTED,127.86270904541016,129.87710571289062,0.015754371876831375,200.15268189141457,12704.580255958259
FDS,1,2023-06-23,2023-07-03,6,RESIDUAL_REVERTED,386.2026672363281,382.7117004394531,-0.009039209443726604,-113.40973564931981,12546.421936049856
ODFL,-1,2023-06-28,2023-07-03,3,RESIDUAL_REVERTED,176.87277221679688,180.51968383789062,-0.02061884130262648,-264.6455930956899,12835.134099508186
WFC,-1,2023-06-30,2023-07-03,1,RESIDUAL_REVERTED,39.62486267089844,39.56028366088867,0.0016297598441191719,20.73737083854875,12724.188114818242
GIS,1,2023-06-29,2023-07-05,3,RESIDUAL_REVERTED,66.34935760498047,66.37531280517578,0.00039118992454811874,4.9699037917446045,12704.580255958259
HSY,1,2023-06-29,2023-07-05,3,RESIDUAL_REVERTED,225.82327270507812,228.84324645996094,0.013373173272654082,169.90055311926903,12704.580255958259
CCL,-1,2023-07-03,2023-07-05,1,RESIDUAL_REVERTED,18.256622314453125,18.630611419677734,-0.02048512034608585,-261.4390448247929,12762.387548030505
ROST,-1,2023-07-03,2023-07-05,1,RESIDUAL_REVERTED,107.62883758544922,107.45454406738281,0.001619394225344406,20.667336696887816,12762.387548030505
EFX,1,2023-07-05,2023-07-06,1,RESIDUAL_REVERTED,222.15902709960938,222.95751953125,0.003594238064801303,45.724889505429886,12721.71978623751
BBY,1,2023-07-03,2023-07-07,3,RESIDUAL_REVERTED,70.12014770507812,68.4991455078125,-0.023117495474816785,-295.0344363894527,12762.387548030505
FIS,-1,2023-07-05,2023-07-07,2,RESIDUAL_REVERTED,52.984893798828125,53.38677978515625,-0.007584916332077585,-96.49318017874678,12721.71978623751
QRVO,1,2023-07-06,2023-07-07,1,RESIDUAL_REVERTED,96.0999984741211,98.91999816894531,0.029344430172739466,369.4013589365248,12588.465911997591
PCG,-1,2023-07-06,2023-07-07,1,RESIDUAL_REVERTED,17.46527671813965,17.1114501953125,0.020258855816447485,255.02791586142345,12588.465911997593
GPN,-1,2023-07-05,2023-07-07,2,TRAILING_STOP,97.06200408935547,103.07586961532162,-0.06195900839250945,-788.2251430026423,12721.71978623751
DOC,-1,2023-07-05,2023-07-10,3,RESIDUAL_REVERTED,16.678234100341797,16.580791473388672,0.005842502651472459,74.32668158238205,12721.71978623751
LVS,1,2023-07-06,2023-07-10,2,RESIDUAL_REVERTED,50.95420455932617,52.38054656982422,0.02799262637565758,352.3842229172505,12588.465911997593
NKE,1,2023-07-03,2023-07-11,5,RESIDUAL_REVERTED,103.24007415771484,98.21098327636719,-0.04871258493736608,-621.688887437019,12762.387548030505
SBAC,-1,2023-07-06,2023-07-11,3,RESIDUAL_REVERTED,223.34820556640625,224.2000274658203,-0.0038138739339941274,-48.01082201074031,12588.465911997593
DHI,1,2023-07-07,2023-07-11,2,RESIDUAL_REVERTED,110.84210205078125,115.19491577148438,0.039270400327746646,495.3762067602047,12614.493425731518
BIIB,1,2023-07-10,2023-07-11,1,RESIDUAL_REVERTED,275.0,280.0,0.018181818181818077,229.89475753755556,12644.211664565555
GRMN,1,2023-07-10,2023-07-11,1,RESIDUAL_REVERTED,99.50919342041016,100.49052429199219,0.009861710640504118,124.69355671323116,12644.211664565555
SLB,-1,2023-07-10,2023-07-11,1,RESIDUAL_REVERTED,48.713340759277344,49.72743225097656,-0.02081753121204466,-263.2212709787914,12644.211664565555
BKR,-1,2023-07-10,2023-07-11,1,RESIDUAL_REVERTED,30.8264217376709,31.209186553955078,-0.0124167773847208,-157.00036144420136,12644.211664565555
FMC,1,2023-07-11,2023-07-12,1,RESIDUAL_REVERTED,82.11092376708984,84.193603515625,0.02536422260261917,322.4969104392939,12714.63807473416
VRSN,1,2023-07-12,2023-07-13,1,RESIDUAL_REVERTED,212.5226287841797,212.1297607421875,-0.0018485939320426192,-23.321882673540884,12616.011699102986
LW,1,2023-07-12,2023-07-13,1,RESIDUAL_REVERTED,102.76277923583984,104.55406188964844,0.01743123986261219,219.91272603658646,12616.011699102986
MDLZ,1,2023-07-12,2023-07-13,1,RESIDUAL_REVERTED,65.35187530517578,65.41604614257812,0.000981928018173761,12.38801536495597,12616.011699102986
LLY,1,2023-07-12,2023-07-13,1,RESIDUAL_REVERTED,428.6102294921875,430.3305969238281,0.004013827280041626,50.63849192318332,12616.011699102986
NWL,-1,2023-07-12,2023-07-13,1,RESIDUAL_REVERTED,8.562573432922363,8.399720191955566,0.0190191934986087,239.94636768595126,12616.011699102986
HPQ,-1,2023-07-12,2023-07-13,1,RESIDUAL_REVERTED,29.58819580078125,28.983821868896484,0.02042618400777274,257.6969764100908,12616.011699102986
ETSY,-1,2023-07-12,2023-07-13,1,RESIDUAL_REVERTED,95.2699966430664,92.8499984741211,0.0254014721760929,320.4652701480266,12616.011699102984
HAL,-1,2023-07-10,2023-07-14,4,RESIDUAL_REVERTED,32.862892150878906,34.583702087402344,-0.05236331387459492,-662.0928240884618,12644.211664565555
MGM,-1,2023-07-11,2023-07-17,4,RESIDUAL_REVERTED,45.5,48.2599983215332,-0.06065930376996054,-771.2610933004054,12714.638074734163
CNC,1,2023-07-13,2023-07-17,2,RESIDUAL_REVERTED,63.869998931884766,65.5,0.025520605845845923,325.10295079578833,12738.841419342942
PGR,1,2023-07-14,2023-07-17,1,RESIDUAL_REVERTED,104.3884506225586,107.85282897949219,0.03318737213046563,420.18510147081565,12660.993459168461
FAST,1,2023-07-14,2023-07-17,1,RESIDUAL_REVERTED,26.099132537841797,26.640262603759766,0.02073364182251547,262.50850349960893,12660.993459168461
GPC,1,2023-07-14,2023-07-17,1,RESIDUAL_REVERTED,148.6578369140625,149.48890686035156,0.005590488625026202,70.78113991501208,12660.99345916846
PEP,-1,2023-07-14,2023-07-18,2,RESIDUAL_REVERTED,167.40216064453125,165.24566650390625,0.012882116528974752,163.10039311359503,12660.993459168461
CBOE,-1,2023-07-14,2023-07-18,2,RESIDUAL_REVERTED,135.6888427734375,136.2410125732422,-0.004069382482144501,-51.522424989286385,12660.993459168461
LUV,1,2023-07-14,2023-07-19,3,RESIDUAL_REVERTED,34.50796127319336,34.25614547729492,-0.007297324634882307,-92.3913794716734,12660.993459168461
VZ,1,2023-07-18,2023-07-19,1,RESIDUAL_REVERTED,26.183128356933594,27.5650634765625,0.05277960298670559,673.9357537675224,12768.86743421086
SBAC,1,2023-07-18,2023-07-19,1,RESIDUAL_REVERTED,211.5723419189453,219.16392517089844,0.03588173758014879,458.16915047006285,12768.86743421086
CCI,1,2023-07-18,2023-07-19,1,RESIDUAL_REVERTED,92.3252182006836,94.36795043945312,0.022125398440210775,282.5162796121481,12768.86743421086
TMUS,-1,2023-07-18,2023-07-19,1,RESIDUAL_REVERTED,131.29685974121094,132.82763671875,-0.011658900148535656,-148.87095042535245,12768.86743421086
FDS,-1,2023-07-14,2023-07-20,4,RESIDUAL_REVERTED,398.1370849609375,409.42724609375,-0.02835747173343628,-359.0337641355911,12660.993459168461
UNH,-1,2023-07-17,2023-07-20,3,RESIDUAL_REVERTED,450.05194091796875,473.9525451660156,-0.05310632412627059,-678.4724179566642,12775.736771828964
SCHW,-1,2023-07-19,2023-07-20,1,RESIDUAL_REVERTED,64.8743896484375,63.058250427246094,0.02799470223971734,357.66186870334235,12776.055470806612
OMC,1,2023-07-20,2023-07-21,1,RESIDUAL_REVERTED,78.41677856445312,76.553955078125,-0.023755419700096647,-305.7882655311473,12872.357945749258
TMUS,1,2023-07-20,2023-07-21,1,RESIDUAL_REVERTED,131.5440673828125,133.92108154296875,0.01807009778129176,232.60476675547662,12872.357945749258
LIN,1,2023-07-20,2023-07-21,1,RESIDUAL_REVERTED,360.7550964355469,364.850830078125,0.011353224619821578,146.1427711448352,12872.357945749258
CAH,1,2023-07-20,2023-07-21,1,RESIDUAL_REVERTED,88.70050048828125,90.02752685546875,0.014960753996679177,192.5801805835536,12872.357945749258
NTRS,-1,2023-07-20,2023-07-21,1,RESIDUAL_REVERTED,73.6218490600586,72.62144470214844,0.013588416627434263,174.91496274430486,12872.35794574926
ALL,-1,2023-07-21,2023-07-24,1,RESIDUAL_REVERTED,104.4962387084961,103.67536926269531,0.007855492752142812,101.53127163416458,12924.876241082187
F,1,2023-07-18,2023-07-25,5,RESIDUAL_REVERTED,11.427002906799316,11.4768648147583,0.004363515819998165,55.71715505263907,12768.86743421086
RHI,1,2023-07-24,2023-07-25,1,RESIDUAL_REVERTED,66.5733871459961,67.32942199707031,0.011356412576938979,146.07317657396788,12862.61621655
MS,-1,2023-07-19,2023-07-26,5,RESIDUAL_REVERTED,82.63882446289062,85.32325744628906,-0.032483920249904985,-415.01636702204445,12776.055470806612
ABT,-1,2023-07-21,2023-07-26,3,RESIDUAL_REVERTED,106.01648712158203,105.68769073486328,0.0031013703212188215,40.08482757951835,12924.876241082187
CSX,1,2023-07-24,2023-07-26,2,RESIDUAL_REVERTED,30.927019119262695,31.825115203857422,0.02903920617539746,373.52016426740545,12862.61621655
ISRG,1,2023-07-24,2023-07-26,2,RESIDUAL_REVERTED,336.760009765625,328.2699890136719,-0.025210893531752543,-324.278047975236,12862.61621655
OMC,1,2023-07-24,2023-07-27,3,RESIDUAL_REVERTED,74.02264404296875,74.1117935180664,0.0012043541033999183,15.491144620859513,12862.61621655
BDX,-1,2023-07-25,2023-07-27,2,RESIDUAL_REVERTED,204.36537170410156,209.17593383789062,-0.023539027642873966,-301.850807486684,12823.418709823552
ZTS,-1,2023-07-24,2023-07-28,4,RESIDUAL_REVERTED,175.8413543701172,182.84814453125,-0.039847225848731016,-512.5395733864185,12862.61621655
LW,1,2023-07-26,2023-07-28,2,RESIDUAL_REVERTED,97.96434020996094,95.42124938964844,-0.025959352299643412,-332.2859568313728,12800.24066070158
UNP,-1,2023-07-27,2023-07-28,1,RESIDUAL_REVERTED,219.10897827148438,215.7681427001953,0.015247369585876358,194.23574097747834,12738.967195849942
RTX,1,2023-07-26,2023-07-31,3,RESIDUAL_REVERTED,81.21248626708984,81.80178833007812,0.007256298754974688,92.88237036962498,12800.24066070158
TDY,1,2023-07-27,2023-07-31,2,RESIDUAL_REVERTED,389.79998779296875,381.70001220703125,-0.020779825140065378,-264.71351079479047,12738.967195849942
APH,-1,2023-07-27,2023-07-31,2,RESIDUAL_REVERTED,21.812856674194336,21.3353271484375,0.021892113118855083,278.88291086893133,12738.967195849944
EBAY,1,2023-07-28,2023-07-31,1,RESIDUAL_REVERTED,41.6132926940918,42.710880279541016,0.026375888914098145,335.1289260556126,12705.88176751392
TXT,-1,2023-07-28,2023-07-31,1,RESIDUAL_REVERTED,76.6690673828125,76.61922454833984,0.0006501035707632274,8.260139106756743,12705.881767513922
JNJ,-1,2023-07-21,2023-08-01,7,RESIDUAL_REVERTED,153.32321166992188,151.67306518554688,0.010762535342185964,139.10443733802725,12924.876241082187
ALLE,1,2023-07-27,2023-08-01,3,RESIDUAL_REVERTED,113.35662841796875,111.46719360351562,-0.01666805762329482,-212.33383928168956,12738.967195849942
TROW,-1,2023-07-31,2023-08-01,1,RESIDUAL_REVERTED,109.4781723022461,105.34306335449219,0.03777108131050766,483.031531817369,12788.395647095036
CINF,-1,2023-07-31,2023-08-01,1,RESIDUAL_REVERTED,101.50550079345703,99.33540344238281,0.02137911082759858,273.4045278464247,12788.395647095036
AON,1,2023-07-31,2023-08-02,2,RESIDUAL_REVERTED,309.9507141113281,311.5953063964844,0.005305979984177478,67.85497133322977,12788.395647095036
MTD,1,2023-08-01,2023-08-02,1,RESIDUAL_REVERTED,1252.81005859375,1277.0,0.019308546607138988,249.88899322641095,12941.885182285987
A,1,2023-08-01,2023-08-02,1,RESIDUAL_REVERTED,119.0303955078125,119.24541473388672,0.0018064228481884381,23.378517091912776,12941.885182285987
CVX,-1,2023-08-01,2023-08-02,1,RESIDUAL_REVERTED,142.97093200683594,140.8129425048828,0.015093903856274404,195.34357066036688,12941.885182285987
DXCM,1,2023-08-01,2023-08-03,2,RESIDUAL_REVERTED,124.44999694824219,123.80000305175781,-0.0052229322010727275,-67.59458886114729,12941.885182285987
DIS,-1,2023-08-01,2023-08-03,2,RESIDUAL_REVERTED,86.40747833251953,83.2079086303711,0.0370288517139179,479.2231473134188,12941.885182285987
ANET,-1,2023-08-02,2023-08-03,1,RESIDUAL_REVERTED,45.77750015258789,44.5,0.02790672597519883,362.0659900035274,12974.147892708806
ZBRA,1,2023-08-02,2023-08-04,2,RESIDUAL_REVERTED,250.10000610351562,249.0,-0.004398265000682744,-57.06374059018248,12974.147892708806
CAT,-1,2023-08-02,2023-08-04,2,RESIDUAL_REVERTED,275.8745422363281,271.5123596191406,0.015812197029222874,205.14978276578896,12974.147892708806
JCI,1,2023-08-03,2023-08-07,2,RESIDUAL_REVERTED,60.285152435302734,59.65797424316406,-0.010403526686139752,-135.19552995634015,12995.163470523605
GNRC,1,2023-08-03,2023-08-07,2,RESIDUAL_REVERTED,116.05999755859375,113.77999877929688,-0.019645001096487147,-255.29000062746653,12995.163470523605
DXC,1,2023-08-04,2023-08-07,1,RESIDUAL_REVERTED,19.149999618530273,19.290000915527344,0.007310772834773216,94.77116020571142,12963.220489486062
CLX,-1,2023-08-04,2023-08-07,1,RESIDUAL_REVERTED,146.75241088867188,145.6815948486328,0.00729675262951146,94.58941319359424,12963.220489486062
GPN,-1,2023-08-02,2023-08-08,4,RESIDUAL_REVERTED,115.61669921875,116.87232208251953,-0.010860220645063201,-140.90210879649942,12974.147892708806
PAYC,1,2023-08-03,2023-08-08,3,RESIDUAL_REVERTED,292.1265869140625,282.81005859375,-0.03189209314608954,-414.44296385059886,12995.163470523605
CTSH,-1,2023-08-04,2023-08-08,2,RESIDUAL_REVERTED,66.81403350830078,66.71025085449219,0.0015533062196536607,20.13585101306087,12963.22048948606
FTNT,1,2023-08-07,2023-08-08,1,RESIDUAL_REVERTED,57.58000183105469,56.880001068115234,-0.012157011821453678,-157.91596208110568,12989.702107752293
AFL,-1,2023-08-03,2023-08-09,4,RESIDUAL_REVERTED,71.4380874633789,72.1191635131836,-0.009533794562373021,-123.89321883242599,12995.163470523605
BKNG,-1,2023-08-07,2023-08-09,2,RESIDUAL_REVERTED,120.52454376220703,127.0467300415039,-0.05411500492517973,-702.937793537633,12989.702107752293
PNW,1,2023-08-08,2023-08-09,1,RESIDUAL_REVERTED,67.5790023803711,69.10588836669922,0.022594088881839225,291.57647627614176,12904.989344824042
AAPL,1,2023-08-08,2023-08-09,1,RESIDUAL_REVERTED,177.0530242919922,178.21566772460938,0.006566639780746009,84.74241640182508,12904.98934482404
MNST,-1,2023-08-08,2023-08-09,1,RESIDUAL_REVERTED,29.219999313354492,28.81999969482422,0.013689241202256341,176.65951185384395,12904.989344824042
HSIC,1,2023-08-08,2023-08-10,2,RESIDUAL_REVERTED,75.68000030517578,77.48999786376953,0.023916458130219587,308.64163733641544,12904.989344824042
LLY,-1,2023-08-09,2023-08-11,2,RESIDUAL_REVERTED,508.66864013671875,511.943115234375,-0.006437344155472591,-83.43517979792553,12961.118402687205
XYL,1,2023-08-10,2023-08-11,1,RESIDUAL_REVERTED,98.43666076660156,98.18697357177734,-0.002536526461581645,-32.78040089840712,12923.34276614139
UHS,1,2023-08-10,2023-08-11,1,RESIDUAL_REVERTED,130.02117919921875,129.03582763671875,-0.007578392755462127,-97.93816719527956,12923.34276614139
IFF,1,2023-08-09,2023-08-14,3,RESIDUAL_REVERTED,59.786033630371094,58.925865173339844,-0.014387448117887613,-186.47741856846093,12961.118402687205
CPAY,-1,2023-08-10,2023-08-14,2,RESIDUAL_REVERTED,262.6199951171875,266.2099914550781,-0.0136699276697827,-176.6611608649616,12923.34276614139
TPR,1,2023-08-11,2023-08-14,1,RESIDUAL_REVERTED,32.144161224365234,32.84818649291992,0.02190211975483236,282.569876603667,12901.485325013888
AXON,-1,2023-08-10,2023-08-15,3,RESIDUAL_REVERTED,203.80999755859375,206.6199951171875,-0.013787339150455047,-178.17850967437138,12923.34276614139
AKAM,-1,2023-08-10,2023-08-15,3,RESIDUAL_REVERTED,103.69999694824219,102.41999816894531,0.012343286566688483,159.51652316202387,12923.34276614139
APTV,1,2023-08-14,2023-08-15,1,RESIDUAL_REVERTED,97.69000244140625,98.3499984741211,0.006756024324092946,86.64705165605497,12825.15389221716
TER,1,2023-08-14,2023-08-15,1,RESIDUAL_REVERTED,100.5325927734375,102.62763214111328,0.02083940451428723,267.26856991789975,12825.15389221716
NWS,-1,2023-08-14,2023-08-16,2,RESIDUAL_REVERTED,21.10662269592285,20.87253761291504,0.011090598736719248,142.23863555525404,12825.153892217162
ESS,1,2023-08-15,2023-08-16,1,RESIDUAL_REVERTED,212.24290466308594,213.15379333496094,0.004291727317438321,55.26494022061781,12877.085642432234
FOXA,1,2023-08-15,2023-08-16,1,RESIDUAL_REVERTED,32.218772888183594,32.52553176879883,0.009521122411454197,122.60430870437528,12877.085642432234
PODD,1,2023-08-09,2023-08-16,5,TRAILING_STOP,235.0,215.28775926477732,-0.0838818754690327,-1087.2029197935958,12961.118402687205
AES,1,2023-08-16,2023-08-17,1,RESIDUAL_REVERTED,15.547651290893555,15.962024688720703,0.026651832490599547,344.38851541769606,12921.757464113087
PYPL,1,2023-08-16,2023-08-17,1,RESIDUAL_REVERTED,58.78443908691406,58.35918426513672,-0.007234139312762622,-93.47779366112412,12921.757464113087
DHI,-1,2023-08-16,2023-08-17,1,RESIDUAL_REVERTED,122.7374496459961,119.5195083618164,0.026218088231920955,338.7837773056008,12921.757464113087
LEN,-1,2023-08-16,2023-08-17,1,RESIDUAL_REVERTED,115.60324096679688,114.01734924316406,0.013718401926882895,177.26586249440223,12921.757464113087
BR,-1,2023-08-09,2023-08-18,7,RESIDUAL_REVERTED,167.12399291992188,168.18988037109375,-0.006377824228281703,-82.66373497428766,12961.118402687205
TJX,-1,2023-08-17,2023-08-18,1,RESIDUAL_REVERTED,85.6551284790039,85.11651611328125,0.006288150812297055,81.71786878042953,12995.532584972812
JKHY,1,2023-08-17,2023-08-21,2,RESIDUAL_REVERTED,149.38722229003906,148.20130920410156,-0.007938517550282964,-103.16526350108103,12995.532584972814
RMD,1,2023-08-17,2023-08-21,2,RESIDUAL_REVERTED,167.0956573486328,161.73619079589844,-0.032074242010683984,-416.8218571881477,12995.532584972814
CI,1,2023-08-18,2023-08-21,1,RESIDUAL_REVERTED,254.23580932617188,260.0595703125,0.02290692645447323,296.1106944233671,12926.688135655219
MRNA,-1,2023-08-18,2023-08-21,1,RESIDUAL_REVERTED,105.9000015258789,101.98999786376953,0.036921658222581644,477.274761294563,12926.688135655219
CVS,1,2023-08-18,2023-08-22,2,RESIDUAL_REVERTED,59.57270431518555,59.742149353027344,0.002844340202272866,36.7678987464879,12926.688135655219
WMT,-1,2023-08-21,2023-08-22,1,RESIDUAL_REVERTED,50.9141845703125,50.70101547241211,0.004186831227867449,54.398603876852164,12992.786409630404
AMT,1,2023-08-17,2023-08-23,4,RESIDUAL_REVERTED,159.91372680664062,159.74273681640625,-0.0010692639940855786,-13.895655077077022,12995.532584972814
ROST,-1,2023-08-21,2023-08-23,2,RESIDUAL_REVERTED,114.86219787597656,114.3877182006836,0.0041308601443034165,53.671383542989844,12992.786409630404
DRI,1,2023-08-22,2023-08-23,1,RESIDUAL_REVERTED,140.96127319335938,141.55081176757812,0.0041822733355285635,54.2710841464409,12976.455576302375
PANW,-1,2023-08-22,2023-08-23,1,RESIDUAL_REVERTED,120.82499694824219,117.75499725341797,0.02540864698833234,329.7141788980438,12976.455576302376
CSCO,-1,2023-08-18,2023-08-24,4,RESIDUAL_REVERTED,50.47201919555664,52.03339385986328,-0.030935450754545846,-399.8929242399355,12926.688135655219
HAS,-1,2023-08-23,2023-08-24,1,RESIDUAL_REVERTED,59.14579391479492,58.8543586730957,0.00492740434119554,64.05480068211881,12999.704559779808
TDY,-1,2023-08-15,2023-08-25,8,RESIDUAL_REVERTED,401.04998779296875,407.8900146484375,-0.01705529750321233,-219.62252660602562,12877.085642432232
JNJ,1,2023-08-22,2023-08-25,3,RESIDUAL_REVERTED,152.1197967529297,150.87347412109375,-0.008193033769695268,-106.31653874759618,12976.455576302376
SPG,1,2023-08-22,2023-08-25,3,RESIDUAL_REVERTED,96.40396118164062,94.1708755493164,-0.02316383688961421,-300.5845003747924,12976.455576302376
EQT,1,2023-08-24,2023-08-25,1,RESIDUAL_REVERTED,39.774192810058594,40.148067474365234,0.009399930907261211,122.0768781421379,12986.997388229227
NKE,1,2023-08-24,2023-08-25,1,RESIDUAL_REVERTED,91.75037384033203,91.56446075439453,-0.002026292407931063,-26.315454209589202,12986.997388229227
MRK,-1,2023-08-24,2023-08-25,1,RESIDUAL_REVERTED,100.56523132324219,99.64978790283203,0.009102981302431368,118.22039439977533,12986.997388229229
BF-B,-1,2023-08-24,2023-08-25,1,RESIDUAL_REVERTED,63.587921142578125,62.48236846923828,0.017386205642121122,225.79460726544306,12986.997388229227
PRU,-1,2023-08-25,2023-08-28,1,RESIDUAL_REVERTED,81.07902526855469,81.199951171875,-0.001491457290214937,-19.40073227049805,13007.903342442536
BBY,1,2023-08-23,2023-08-29,4,RESIDUAL_REVERTED,63.05608367919922,64.77091979980469,0.02719541114113233,353.5323102164649,12999.704559779808
ADSK,-1,2023-08-25,2023-08-29,2,RESIDUAL_REVERTED,209.85000610351562,217.0,-0.03407192608303955,-443.2043211790247,13007.903342442536
ULTA,1,2023-08-28,2023-08-29,1,RESIDUAL_REVERTED,409.0,410.8299865722656,0.004474294797715439,58.017238195997166,12966.789364353072
PTC,-1,2023-08-28,2023-08-29,1,RESIDUAL_REVERTED,144.8300018310547,145.14999389648438,-0.002209432171401682,-28.649241581390015,12966.789364353072
SHW,1,2023-08-28,2023-08-30,2,RESIDUAL_REVERTED,257.6231384277344,263.7966003417969,0.023963150017265233,310.7251187802726,12966.789364353072
HAS,-1,2023-08-28,2023-08-30,2,RESIDUAL_REVERTED,61.698158264160156,63.00525665283203,-0.021185371256554175,-274.7062466893592,12966.789364353072
FDS,1,2023-08-28,2023-08-31,3,RESIDUAL_REVERTED,414.09149169921875,419.8260498046875,0.013848529178750013,179.57096086694887,12966.789364353072
ABT,1,2023-08-29,2023-08-31,2,RESIDUAL_REVERTED,96.98839569091797,98.19088745117188,0.01239830550539267,160.7898581346462,12968.69625165398
BSX,-1,2023-08-29,2023-08-31,2,RESIDUAL_REVERTED,53.79999923706055,54.560001373291016,-0.014126433959257945,-183.20143113666725,12968.69625165398
NSC,1,2023-08-30,2023-08-31,1,RESIDUAL_REVERTED,195.75128173828125,196.68978881835938,0.004794385363631415,62.1938934334196,12972.23496158655
TSLA,-1,2023-08-30,2023-08-31,1,RESIDUAL_REVERTED,254.1999969482422,255.97999572753906,-0.007002355628113133,-90.83620249247205,12972.234961586551
BBY,-1,2023-08-30,2023-08-31,1,RESIDUAL_REVERTED,65.64112091064453,64.9330062866211,0.010787668068425793,139.9401648712241,12972.234961586551
ISRG,-1,2023-08-28,2023-09-01,4,RESIDUAL_REVERTED,301.2200012207031,317.54998779296875,-0.054212822873938915,-702.9662550533473,12966.789364353072
HPQ,1,2023-08-31,2023-09-01,1,RESIDUAL_REVERTED,25.66412353515625,26.233463287353516,0.022184266352106352,287.8354859243779,12974.757936813603
PODD,-1,2023-08-31,2023-09-01,1,RESIDUAL_REVERTED,201.5,192.39999389648438,0.045161320612980727,585.957203060256,12974.757936813603
PCAR,1,2023-08-30,2023-09-05,3,RESIDUAL_REVERTED,74.03010559082031,74.87227630615234,0.011376057194715905,147.57288686630218,12972.234961586551
CRM,-1,2023-09-01,2023-09-05,1,RESIDUAL_REVERTED,219.3132781982422,215.22137451171875,0.018657801844650157,243.92137468032044,13073.425085724186
COO,1,2023-09-01,2023-09-05,1,STOP_LOSS,93.18000030517578,88.81088088073395,-0.0468890256507023,-613.0001641870562,13073.425085724186
CHRW,1,2023-09-01,2023-09-06,2,RESIDUAL_REVERTED,85.09783172607422,82.79839324951172,-0.027021117106300396,-353.25855022179906,13073.425085724186
STX,-1,2023-09-01,2023-09-06,2,RESIDUAL_REVERTED,66.64044952392578,65.6245346069336,0.015244718849434569,199.30068983101086,13073.425085724186
FOXA,1,2023-09-05,2023-09-06,1,RESIDUAL_REVERTED,29.857845306396484,30.196043014526367,0.011326929477306624,146.157925355386,12903.578648407063
WDC,-1,2023-09-01,2023-09-07,3,RESIDUAL_REVERTED,34.080894470214844,33.351287841796875,0.02140808331939792,279.87697350509086,13073.425085724186
HPE,-1,2023-09-05,2023-09-07,2,RESIDUAL_REVERTED,16.560073852539062,16.163150787353516,0.02396867723658669,309.28171182057997,12903.578648407063
APTV,-1,2023-09-05,2023-09-07,2,RESIDUAL_REVERTED,103.80000305175781,100.86000061035156,0.028323722109529048,365.4773758559334,12903.578648407063
XYL,1,2023-09-06,2023-09-07,1,RESIDUAL_REVERTED,94.19806671142578,93.86085510253906,-0.0035798145403531656,-46.37624089898684,12954.928356263872
NVR,1,2023-09-06,2023-09-07,1,RESIDUAL_REVERTED,6199.97998046875,6305.0,0.016938767522167053,219.44051969308353,12954.928356263872
CF,-1,2023-09-06,2023-09-07,1,RESIDUAL_REVERTED,76.7314682006836,75.34976959228516,0.018006935626264098,233.2785609541065,12954.928356263874
LMT,1,2023-09-07,2023-09-08,1,RESIDUAL_REVERTED,391.42242431640625,393.573486328125,0.00549550020154177,71.52885758478074,13015.895725872992
HII,1,2023-09-07,2023-09-08,1,RESIDUAL_REVERTED,196.97544860839844,196.83441162109375,-0.0007160130275173371,-9.319550904532456,13015.895725872995
ZBH,-1,2023-09-07,2023-09-08,1,RESIDUAL_REVERTED,120.36161041259766,117.05525207519531,0.027470206871345493,357.5493482055921,13015.895725872993
DG,1,2023-09-01,2023-09-11,5,RESIDUAL_REVERTED,128.00502014160156,119.06199645996094,-0.0698646324319756,-913.3700382410892,13073.425085724186
STX,1,2023-09-08,2023-09-11,1,RESIDUAL_REVERTED,59.296016693115234,61.31854248046875,0.03410896549461384,446.60986720533083,13093.621009287272
SWKS,1,2023-09-08,2023-09-11,1,RESIDUAL_REVERTED,89.3724136352539,91.58629608154297,0.024771429529970357,324.3477101237002,13093.621009287272
CNC,-1,2023-09-08,2023-09-11,1,RESIDUAL_REVERTED,65.88999938964844,65.63999938964844,0.003794202493789589,49.6798494861738,13093.621009287272
CHD,-1,2023-09-08,2023-09-11,1,RESIDUAL_REVERTED,92.84566497802734,93.50159454345703,-0.0070647301151316455,-92.50289866043138,13093.621009287272
PEG,-1,2023-09-08,2023-09-12,2,RESIDUAL_REVERTED,54.71812438964844,55.1169319152832,-0.007288399046627703,-95.43153488099283,13093.621009287272
IQV,1,2023-09-11,2023-09-12,1,RESIDUAL_REVERTED,214.44000244140625,214.8000030517578,0.001678794097430325,22.14792033332652,13192.755661476607
DXCM,-1,2023-09-08,2023-09-13,3,RESIDUAL_REVERTED,104.91999816894531,104.98999786376953,-0.0006671720934601222,-8.735698539741039,13093.621009287272
ESS,1,2023-09-11,2023-09-13,2,RESIDUAL_REVERTED,201.5352020263672,201.34767150878906,-0.0009305099838270436,-12.275990857194088,13192.755661476607
KR,1,2023-09-12,2023-09-13,1,RESIDUAL_REVERTED,42.68381881713867,42.83345031738281,0.003505579031838124,46.13354110710878,13160.034530135374
TSLA,-1,2023-09-12,2023-09-13,1,RESIDUAL_REVERTED,270.760009765625,270.07000732421875,0.00254839125616646,33.536916927444985,13160.034530135374
HLT,-1,2023-09-11,2023-09-14,3,RESIDUAL_REVERTED,153.86329650878906,153.27761840820312,0.00380648350760171,50.21800684522981,13192.755661476607
RTX,1,2023-09-12,2023-09-14,2,RESIDUAL_REVERTED,70.36287689208984,69.402099609375,-0.01365460488757897,-179.6950718158938,13160.034530135374
CVS,-1,2023-09-12,2023-09-14,2,RESIDUAL_REVERTED,61.62385559082031,63.18452072143555,-0.02532566512842016,-333.2866275886539,13160.034530135374
ORCL,1,2023-09-13,2023-09-14,1,RESIDUAL_REVERTED,104.5625991821289,109.56291198730469,0.047821236697321856,629.8743214610545,13171.435223387462
PNC,-1,2023-09-13,2023-09-14,1,RESIDUAL_REVERTED,112.76152038574219,111.68762969970703,0.009523556283752788,125.43890468773483,13171.435223387462
MMM,1,2023-09-14,2023-09-15,1,RESIDUAL_REVERTED,78.23088073730469,78.45415496826172,0.002854042148736413,37.78232747993094,13238.181327020651
JBHT,-1,2023-09-14,2023-09-15,1,RESIDUAL_REVERTED,185.73072814941406,185.63357543945312,0.0005230836648784098,6.924676404863346,13238.181327020651
DTE,-1,2023-09-14,2023-09-15,1,RESIDUAL_REVERTED,95.36021423339844,95.9395980834961,-0.006075739811989056,-80.43174532690837,13238.181327020653
SJM,1,2023-09-12,2023-09-18,4,RESIDUAL_REVERTED,117.50019836425781,113.47702026367188,-0.034239755818231354,-450.59636887132854,13160.034530135374
V,1,2023-09-15,2023-09-18,1,RESIDUAL_REVERTED,236.4457244873047,235.50735473632812,-0.003968647574454032,-52.36988460437543,13195.902035110861
TT,1,2023-09-15,2023-09-18,1,RESIDUAL_REVERTED,195.87559509277344,196.86770629882812,0.005065006723194765,66.83733252645698,13195.902035110861
AMCR,-1,2023-09-15,2023-09-18,1,RESIDUAL_REVERTED,40.38629913330078,39.53784942626953,0.02100835494311626,277.22419374819873,13195.902035110861
MKTX,-1,2023-09-15,2023-09-18,1,RESIDUAL_REVERTED,219.95132446289062,213.41253662109375,0.02972834038514771,392.29226738883887,13195.902035110861
CEG,-1,2023-09-15,2023-09-18,1,RESIDUAL_REVERTED,110.3160629272461,108.32476806640625,0.018050815157835243,238.19678847668848,13195.902035110861
CBRE,1,2023-09-14,2023-09-19,3,RESIDUAL_REVERTED,79.6500015258789,79.01000213623047,-0.00803514598101418,-106.37071948574666,13238.181327020651
COF,-1,2023-09-18,2023-09-19,1,RESIDUAL_REVERTED,99.1775894165039,97.92701721191406,0.01260942327744996,166.97266897795552,13241.895787300613
LOW,1,2023-09-18,2023-09-20,2,RESIDUAL_REVERTED,207.2782745361328,205.6207275390625,-0.00799672324935996,-105.8917759079087,13241.895787300613
GD,-1,2023-09-18,2023-09-20,2,RESIDUAL_REVERTED,212.007568359375,210.91456604003906,0.005155487267714864,68.26842513183485,13241.895787300613
INCY,1,2023-09-19,2023-09-20,1,RESIDUAL_REVERTED,59.529998779296875,60.75,0.020493889563582668,271.8800488409727,13266.395722366855
MRNA,1,2023-09-19,2023-09-20,1,RESIDUAL_REVERTED,102.30999755859375,106.6500015258789,0.04242013557667823,562.7623051566649,13266.395722366855
DOC,1,2023-09-19,2023-09-20,1,RESIDUAL_REVERTED,16.35405921936035,16.576398849487305,0.013595378807466973,180.36167525533807,13266.395722366855
NOC,-1,2023-09-19,2023-09-20,1,RESIDUAL_REVERTED,418.789794921875,416.0977783203125,0.006428085483947132,85.27752576724467,13266.395722366855
DIS,1,2023-09-20,2023-09-21,1,RESIDUAL_REVERTED,79.53325653076172,79.5623550415039,0.0003658659535830111,4.888774284118923,13362.20065366106
CBOE,-1,2023-09-20,2023-09-21,1,RESIDUAL_REVERTED,151.5784454345703,150.829833984375,0.004938772449137319,65.99286844814524,13362.20065366106
TYL,-1,2023-09-19,2023-09-22,3,RESIDUAL_REVERTED,388.3900146484375,386.4100036621094,0.0050979966313510205,67.6320407027964,13266.395722366855
ROL,-1,2023-09-19,2023-09-22,3,RESIDUAL_REVERTED,36.747833251953125,36.4405632019043,0.008361582788898092,110.92806614285392,13266.395722366855
LIN,1,2023-09-21,2023-09-22,1,RESIDUAL_REVERTED,362.938720703125,356.8951721191406,-0.016651705203225897,-222.6530465370868,13371.185942803793
MOS,1,2023-09-21,2023-09-22,1,RESIDUAL_REVERTED,33.60372543334961,34.07740020751953,0.014095900619989887,188.47890822116773,13371.185942803793
FOXA,1,2023-09-21,2023-09-22,1,RESIDUAL_REVERTED,30.10907554626465,31.085010528564453,0.032413316071435494,433.4044762140343,13371.185942803793
AZO,-1,2023-09-21,2023-09-22,1,RESIDUAL_REVERTED,2576.239990234375,2528.929931640625,0.018363995114230813,245.54839332512006,13371.185942803793
TXT,-1,2023-09-21,2023-09-22,1,RESIDUAL_REVERTED,78.55399322509766,77.69644927978516,0.01091661811329181,145.96813065940418,13371.185942803793
ZBRA,1,2023-09-21,2023-09-25,2,RESIDUAL_REVERTED,232.92999267578125,225.75,-0.030824680812037708,-412.16253876533307,13371.185942803793
FDX,-1,2023-09-22,2023-09-25,1,RESIDUAL_REVERTED,198.82131958007812,197.5010528564453,0.006640468569574343,89.40777476984569,13464.076191776363
FDS,-1,2023-09-25,2023-09-26,1,RESIDUAL_REVERTED,419.14166259765625,418.62127685546875,0.0012415509805500102,16.681254703565642,13435.819362145901
NEE,-1,2023-09-25,2023-09-26,1,RESIDUAL_REVERTED,61.489166259765625,61.39768600463867,0.001487745902107207,19.98908519748481,13435.8193621459
NCLH,1,2023-09-25,2023-09-27,2,RESIDUAL_REVERTED,15.380000114440918,15.470000267028809,0.005851765404304876,78.62326292189518,13435.8193621459
NOC,1,2023-09-25,2023-09-27,2,RESIDUAL_REVERTED,402.6758728027344,406.47125244140625,0.009425396193357694,126.6379206706114,13435.819362145898
IT,-1,2023-09-25,2023-09-27,2,RESIDUAL_REVERTED,354.8699951171875,351.45001220703125,0.009637283955288733,129.48480636496592,13435.8193621459
ARE,1,2023-09-22,2023-09-28,4,RESIDUAL_REVERTED,87.90110778808594,84.60574340820312,-0.03748945221290445,-504.7608409825047,13464.076191776363
TGT,1,2023-09-25,2023-09-28,3,RESIDUAL_REVERTED,100.4439697265625,98.14141082763672,-0.022923814194062753,-308.0002266028231,13435.8193621459
AOS,-1,2023-09-27,2023-09-28,1,RESIDUAL_REVERTED,62.21067428588867,62.28615951538086,-0.0012133806675249659,-16.24364550398791,13387.097667479682
KDP,1,2023-09-26,2023-09-29,3,RESIDUAL_REVERTED,29.54967498779297,28.94532585144043,-0.020451972368636828,-273.6049207445102,13377.923449773723
ABBV,-1,2023-09-26,2023-09-29,3,RESIDUAL_REVERTED,139.20498657226562,137.45591735839844,0.01256470229217821,168.08962543395697,13377.923449773723
PAYX,-1,2023-09-28,2023-09-29,1,RESIDUAL_REVERTED,105.78120422363281,106.29589080810547,-0.004865576907070901,-64.86452606161257,13331.312463142549
TRGP,-1,2023-09-25,2023-10-02,5,RESIDUAL_REVERTED,78.93109130859375,80.14944458007812,-0.015435657245901124,-207.3907024919254,13435.819362145898
RMD,-1,2023-09-27,2023-10-02,3,RESIDUAL_REVERTED,141.3759307861328,141.67689514160156,-0.00212882315819396,-28.498763535535474,13387.097667479682
NEE,1,2023-09-28,2023-10-02,2,RESIDUAL_REVERTED,55.15912628173828,51.29890060424805,-0.06998344494750008,-932.971171842258,13331.312463142549
NEM,1,2023-09-28,2023-10-02,2,RESIDUAL_REVERTED,35.016807556152344,34.412742614746094,-0.017250714258790767,-229.97466199632842,13331.312463142549
KMX,1,2023-09-29,2023-10-02,1,RESIDUAL_REVERTED,69.62000274658203,70.55000305175781,0.013358234250018697,176.73763687890303,13230.613685237397
ACN,1,2023-09-29,2023-10-02,1,RESIDUAL_REVERTED,288.1607971191406,291.20953369140625,0.01057998382411851,139.9796787729736,13230.613685237397
TRMB,-1,2023-09-29,2023-10-03,2,RESIDUAL_REVERTED,54.150001525878906,52.619998931884766,0.028254894753104165,373.8295971953628,13230.613685237397
BKR,1,2023-10-02,2023-10-04,2,RESIDUAL_REVERTED,33.04767608642578,31.958602905273438,-0.032954607104723976,-438.8495310819549,13316.788444400743
NEE,1,2023-10-03,2023-10-04,1,RESIDUAL_REVERTED,47.630775451660156,49.13095474243164,0.03149600812806419,418.1261613259782,13275.528747194232
NI,1,2023-10-03,2023-10-04,1,RESIDUAL_REVERTED,20.90513038635254,21.97087860107422,0.05098022327655172,676.7894196462437,13275.52874719423
PCG,1,2023-10-03,2023-10-04,1,RESIDUAL_REVERTED,14.742777824401855,15.096602439880371,0.023999860792372152,318.6108418777962,13275.528747194232
VTRS,-1,2023-10-03,2023-10-04,1,RESIDUAL_REVERTED,8.745508193969727,8.472210884094238,0.03125002044637437,414.86054478625005,13275.528747194232
PFE,-1,2023-10-02,2023-10-05,3,RESIDUAL_REVERTED,27.169153213500977,27.581438064575195,-0.015174740553538735,-202.07880965014309,13316.788444400743
PWR,1,2023-10-03,2023-10-05,2,RESIDUAL_REVERTED,174.64601135253906,169.721923828125,-0.028194674967264688,-374.29921804572035,13275.528747194232
GD,-1,2023-10-03,2023-10-05,2,RESIDUAL_REVERTED,209.51998901367188,206.2289276123047,0.015707624923331,208.52702621982516,13275.528747194232
FE,-1,2023-10-04,2023-10-05,1,RESIDUAL_REVERTED,29.67325782775879,29.60262107849121,0.0023804851384231496,31.85406986505116,13381.335321484743
TRGP,1,2023-10-05,2023-10-06,1,RESIDUAL_REVERTED,73.07357788085938,75.2760009765625,0.03013980100021918,405.19316240512944,13443.790236112767
BKR,1,2023-10-05,2023-10-06,1,RESIDUAL_REVERTED,30.869535446166992,31.329578399658203,0.014902814274399212,200.35030903277055,13443.790236112767
PPG,-1,2023-10-05,2023-10-06,1,RESIDUAL_REVERTED,123.64700317382812,121.91313934326172,0.014022691905673401,188.51812852550887,13443.790236112767
LHX,1,2023-10-05,2023-10-09,2,RESIDUAL_REVERTED,154.36575317382812,163.62652587890625,0.0599924044982294,806.5253018342231,13443.790236112767
KO,1,2023-10-06,2023-10-09,1,RESIDUAL_REVERTED,47.73587417602539,48.57979202270508,0.017678902109716343,238.55507663488217,13493.772133269098
LW,-1,2023-10-06,2023-10-09,1,RESIDUAL_REVERTED,90.63860321044922,86.41332244873047,0.04661679033058663,629.0363463053186,13493.772133269098
NKE,-1,2023-10-02,2023-10-10,6,RESIDUAL_REVERTED,89.7263412475586,90.7056884765625,-0.010914824068239293,-145.35040302459637,13316.788444400745
PSX,1,2023-10-05,2023-10-10,3,RESIDUAL_REVERTED,98.53467559814453,100.41877746582031,0.019121206379769662,257.06148763104534,13443.790236112767
MKTX,-1,2023-10-06,2023-10-10,2,RESIDUAL_REVERTED,222.89137268066406,226.54737854003906,-0.01640263512851603,-221.33342080934926,13493.772133269098
DPZ,1,2023-10-09,2023-10-10,1,RESIDUAL_REVERTED,319.7140197753906,334.96209716796875,0.04769286440203779,645.7227097940105,13539.18909861956
ABBV,-1,2023-10-06,2023-10-11,3,RESIDUAL_REVERTED,132.07347106933594,134.45362854003906,-0.01802146526045023,-243.17754573214134,13493.772133269098
CHD,1,2023-10-09,2023-10-11,2,RESIDUAL_REVERTED,82.88102722167969,84.9839096069336,0.02537230118576339,343.52038362117895,13539.18909861956
MGM,-1,2023-10-09,2023-10-11,2,RESIDUAL_REVERTED,36.189998626708984,37.439998626708984,-0.03453992946762563,-467.64263651516666,13539.18909861956
PPG,1,2023-10-10,2023-10-11,1,RESIDUAL_REVERTED,120.96228790283203,123.5165023803711,0.021115791721721067,288.8924858109274,13681.347572383645
DAL,1,2023-10-10,2023-10-11,1,RESIDUAL_REVERTED,34.57059860229492,34.686744689941406,0.003359678233595176,45.96492564518687,13681.347572383645
NOC,-1,2023-10-10,2023-10-11,1,RESIDUAL_REVERTED,450.75115966796875,444.4635009765625,0.013949290105072287,190.8450863155058,13681.347572383645
GWW,1,2023-10-11,2023-10-13,2,RESIDUAL_REVERTED,691.5250244140625,719.8067016601562,0.040897547084513874,561.544093385629,13730.507901249191
TFC,-1,2023-10-11,2023-10-13,2,RESIDUAL_REVERTED,25.31671142578125,25.239049911499023,0.003067598827355633,42.11968993686875,13730.50790124919
CVX,1,2023-10-12,2023-10-13,1,RESIDUAL_REVERTED,144.00975036621094,144.14208984375,0.0009189619258593851,12.568591476797096,13676.94473853564
AMGN,-1,2023-10-12,2023-10-16,2,RESIDUAL_REVERTED,259.56744384765625,260.0426940917969,-0.0018309316341673654,-25.041550780543275,13676.94473853564
INVH,-1,2023-10-12,2023-10-16,2,RESIDUAL_REVERTED,28.983922958374023,28.92192268371582,0.002139126395941826,29.256713506039713,13676.94473853564
NFLX,1,2023-10-11,2023-10-17,4,RESIDUAL_REVERTED,37.27799987792969,36.11000061035156,-0.03133213346753716,-430.2061061390125,13730.507901249191
NEE,-1,2023-10-11,2023-10-17,4,RESIDUAL_REVERTED,47.612483978271484,49.012054443359375,-0.029395031473816946,-403.6087119087109,13730.507901249193
DVA,1,2023-10-12,2023-10-17,3,RESIDUAL_REVERTED,76.55999755859375,74.1500015258789,-0.03147852807689022,-430.53008895807073,13676.94473853564
AMT,-1,2023-10-12,2023-10-18,4,RESIDUAL_REVERTED,150.8178253173828,151.85438537597656,-0.006872928026991465,-94.00065681709566,13676.94473853564
DLTR,1,2023-10-16,2023-10-18,2,RESIDUAL_REVERTED,108.87000274658203,114.86000061035156,0.05501972731379934,746.5174479948531,13568.177896214707
PH,1,2023-10-16,2023-10-18,2,RESIDUAL_REVERTED,385.99267578125,385.2456970214844,-0.0019352148541517122,-26.257339408527073,13568.177896214707
COO,-1,2023-10-16,2023-10-18,2,RESIDUAL_REVERTED,82.16999816894531,82.58000183105469,-0.00498970027072887,-67.70114092203964,13568.177896214707
HUM,-1,2023-10-17,2023-10-18,1,RESIDUAL_REVERTED,507.9749755859375,508.7381591796875,-0.001502403918361761,-20.426129181795332,13595.630929975938
BAX,1,2023-10-12,2023-10-19,5,RESIDUAL_REVERTED,31.209522247314453,30.292152404785156,-0.029393908540469083,-402.01886275756675,13676.94473853564
GS,1,2023-10-18,2023-10-20,2,RESIDUAL_REVERTED,287.1485290527344,279.1981506347656,-0.027687338131927808,-379.53811084500177,13708.002879747237
JBHT,1,2023-10-19,2023-10-20,1,RESIDUAL_REVERTED,174.30592346191406,175.80201721191406,0.008583149214242747,116.70447690700647,13596.929750836392
UAL,1,2023-10-19,2023-10-20,1,RESIDUAL_REVERTED,36.09000015258789,35.77000045776367,-0.008866713590226283,-120.56008180709277,13596.929750836394
PG,-1,2023-10-19,2023-10-20,1,RESIDUAL_REVERTED,139.121826171875,138.60108947753906,0.0037430265880251667,50.89366957289043,13596.929750836394
PLD,1,2023-10-18,2023-10-23,3,RESIDUAL_REVERTED,97.71367645263672,92.00265502929688,-0.05844649009914249,-801.1846545901635,13708.002879747237
VFC,-1,2023-10-18,2023-10-23,3,RESIDUAL_REVERTED,17.22311782836914,16.62437629699707,0.034763829484220965,476.5426746807424,13708.002879747237
GPC,1,2023-10-20,2023-10-23,1,RESIDUAL_REVERTED,118.71543884277344,116.56109619140625,-0.01814711441382444,-246.6288240601426,13590.525658022038
ROST,-1,2023-10-17,2023-10-24,5,RESIDUAL_REVERTED,112.70292663574219,111.10078430175781,0.01421562315912639,193.2703659111005,13595.630929975938
ABT,-1,2023-10-19,2023-10-24,3,RESIDUAL_REVERTED,91.1961669921875,90.11927795410156,0.011808490132904303,160.55921080054426,13596.929750836394
MCD,-1,2023-10-19,2023-10-24,3,RESIDUAL_REVERTED,238.36534118652344,236.89566040039062,0.006165664768280066,83.83411072151145,13596.929750836394
SEDG,1,2023-10-23,2023-10-24,1,RESIDUAL_REVERTED,80.6500015258789,86.68000030517578,0.07476749739876909,1016.3936012658379,13594.056730894015
AXP,1,2023-10-23,2023-10-24,1,RESIDUAL_REVERTED,137.21829223632812,141.43667602539062,0.030742138823570686,417.91037919664024,13594.056730894015
PM,-1,2023-10-23,2023-10-24,1,RESIDUAL_REVERTED,82.32191467285156,80.65425872802734,0.02025774001311198,275.3848669779465,13594.056730894015
MGM,-1,2023-10-24,2023-10-25,1,RESIDUAL_REVERTED,36.93000030517578,35.810001373291016,0.03032761772622561,417.5222719447663,13767.06458495475
RF,1,2023-10-23,2023-10-26,3,RESIDUAL_REVERTED,12.497164726257324,12.35684585571289,-0.011228056412636911,-152.6348358510648,13594.056730894017
FMC,1,2023-10-24,2023-10-26,2,RESIDUAL_REVERTED,50.47220230102539,50.3917350769043,-0.0015942879536179344,-21.948665224473878,13767.06458495475
CVX,1,2023-10-24,2023-10-26,2,RESIDUAL_REVERTED,141.91920471191406,136.7325439453125,-0.03654657434932862,-503.1390494260584,13767.06458495475
VZ,-1,2023-10-25,2023-10-26,1,RESIDUAL_REVERTED,28.813215255737305,28.111677169799805,0.02434778901663215,335.4026661555819,13775.487619285073
GE,-1,2023-10-25,2023-10-26,1,RESIDUAL_REVERTED,89.83372497558594,87.8222427368164,0.022391170346283573,308.44928988653203,13775.487619285073
FICO,1,2023-10-25,2023-10-27,2,RESIDUAL_REVERTED,845.1199951171875,830.989990234375,-0.016719524995800317,-230.3196095799753,13775.487619285073
PNR,1,2023-10-25,2023-10-27,2,RESIDUAL_REVERTED,56.699859619140625,56.56419372558594,-0.0023927024593353163,-32.96064310520721,13775.487619285073
WRB,-1,2023-10-25,2023-10-27,2,RESIDUAL_REVERTED,41.85125732421875,41.37934112548828,0.011276033956986509,155.33286616910502,13775.487619285073
FISV,-1,2023-10-25,2023-10-30,3,RESIDUAL_REVERTED,114.8499984741211,113.2699966430664,0.013757090570712616,189.51063083423483,13775.487619285073
PAYC,1,2023-11-02,2023-11-03,1,RESIDUAL_REVERTED,148.5297088623047,159.11734008789062,0.07128291913236873,988.2769697715142,13864.148407507477
EL,1,2023-11-02,2023-11-03,1,RESIDUAL_REVERTED,98.26571655273438,110.17153930664062,0.12115947628099755,1679.7729601356323,13864.148407507477
GRMN,-1,2023-11-02,2023-11-03,1,RESIDUAL_REVERTED,108.74690246582031,109.25045013427734,-0.004630455277705892,-64.19731916444145,13864.148407507477
TT,-1,2023-11-02,2023-11-03,1,RESIDUAL_REVERTED,209.60964965820312,211.55503845214844,-0.009281007802443897,-128.67326954431687,13864.148407507477
AIZ,-1,2023-11-02,2023-11-03,1,RESIDUAL_REVERTED,157.57144165039062,157.3517608642578,0.0013941662513961006,19.32892781409462,13864.148407507477
MLM,-1,2023-11-02,2023-11-03,1,RESIDUAL_REVERTED,433.71893310546875,441.4168701171875,-0.017748676444905964,-246.07028426900757,13864.148407507477
DD,1,2023-11-02,2023-11-06,2,RESIDUAL_REVERTED,79.88090515136719,82.33277893066406,0.030694116130141502,425.54778126554953,13864.148407507479
GNRC,-1,2023-11-02,2023-11-07,3,RESIDUAL_REVERTED,98.2699966430664,102.05999755859375,-0.038567223415029606,-534.7017090914667,13864.148407507475
CHD,1,2023-11-06,2023-11-07,1,RESIDUAL_REVERTED,83.73954772949219,83.60448455810547,-0.0016128958783372394,-22.680896357458128,14062.219801095196
FTNT,1,2023-11-06,2023-11-07,1,RESIDUAL_REVERTED,50.09000015258789,50.16999816894531,0.001597085568251666,22.458568301911953,14062.219801095196
EXPE,-1,2023-11-06,2023-11-07,1,RESIDUAL_REVERTED,112.24393463134766,110.36003875732422,0.01678394365103897,236.0195047501058,14062.219801095196
TRMB,1,2023-11-02,2023-11-08,4,RESIDUAL_REVERTED,41.279998779296875,42.45000076293945,0.028343072147312354,392.9525585750304,13864.148407507479
MTCH,1,2023-11-02,2023-11-08,4,RESIDUAL_REVERTED,28.61211585998535,28.506502151489258,-0.003691223292010992,-51.17566752568807,13864.148407507477
CAH,-1,2023-11-06,2023-11-09,3,RESIDUAL_REVERTED,95.54325866699219,98.11669158935547,-0.026934740956792824,-378.7622476199812,14062.219801095196
PODD,-1,2023-11-06,2023-11-09,3,RESIDUAL_REVERTED,163.36000061035156,155.22000122070312,0.049828595489933125,700.7006621593005,14062.219801095196
CI,1,2023-11-07,2023-11-09,2,RESIDUAL_REVERTED,290.3282165527344,278.85516357421875,-0.03951752645589546,-555.0806363723375,14046.441823524794
APD,1,2023-11-08,2023-11-09,1,RESIDUAL_REVERTED,239.0682830810547,244.4311981201172,0.022432566001422405,314.4758503255476,14018.719494934596
PPL,-1,2023-11-08,2023-11-09,1,RESIDUAL_REVERTED,23.295595169067383,23.22316551208496,0.003109156750740416,43.586396354412294,14018.719494934596
EMR,1,2023-11-08,2023-11-10,2,RESIDUAL_REVERTED,81.09419250488281,81.3408203125,0.003041251167305692,42.63444702810093,14018.719494934596
GEN,-1,2023-11-08,2023-11-10,2,RESIDUAL_REVERTED,17.869491577148438,18.058086395263672,-0.010554011416665565,-147.95372559657233,14018.719494934596
WBD,1,2023-11-09,2023-11-10,1,RESIDUAL_REVERTED,9.670000076293945,9.680000305175781,0.0010341498245023395,14.525934099045326,14046.256891294379
BDX,1,2023-11-10,2023-11-13,1,RESIDUAL_REVERTED,172.85031127929688,174.4543914794922,0.009280169577498665,130.3840913212911,14049.753103373101
DIS,-1,2023-11-10,2023-11-13,1,RESIDUAL_REVERTED,87.38672637939453,85.72876739501953,0.018972663848018212,266.56124277794885,14049.753103373101
ATO,-1,2023-11-10,2023-11-13,1,RESIDUAL_REVERTED,104.15596771240234,103.65388488769531,0.004820490229550667,67.72669756240934,14049.753103373103
STE,1,2023-11-09,2023-11-14,3,RESIDUAL_REVERTED,200.37147521972656,199.3409881591797,-0.005142883034707668,-72.2382562673832,14046.256891294379
CTVA,1,2023-11-10,2023-11-14,2,RESIDUAL_REVERTED,42.975284576416016,44.06009292602539,0.025242610032760515,354.6524386450133,14049.7531033731
CPRT,-1,2023-11-13,2023-11-14,1,RESIDUAL_REVERTED,48.459999084472656,49.150001525878906,-0.014238597904293826,-199.51100488908693,14011.983920756888
IT,-1,2023-11-06,2023-11-15,7,RESIDUAL_REVERTED,387.80999755859375,421.5899963378906,-0.08710450734110609,-1224.8827278967442,14062.219801095196
TDG,-1,2023-11-10,2023-11-15,3,RESIDUAL_REVERTED,842.2450561523438,850.7672729492188,-0.010118452740829786,-142.161762796807,14049.753103373101
ILMN,1,2023-11-13,2023-11-15,2,RESIDUAL_REVERTED,94.85408782958984,95.44747161865234,0.006255753469777137,87.65551703073606,14011.983920756888
BSX,-1,2023-11-14,2023-11-15,1,RESIDUAL_REVERTED,54.11000061035156,54.0099983215332,0.0018481295082304339,25.88233597227623,14004.611612450166
HSIC,-1,2023-11-14,2023-11-16,2,RESIDUAL_REVERTED,68.06999969482422,67.70999908447266,0.005288682414654633,74.06594315883314,14004.611612450166
ARE,-1,2023-11-15,2023-11-16,1,RESIDUAL_REVERTED,90.91663360595703,91.5123291015625,-0.006552106825548298,-92.26153705168369,14081.201590293424
AEP,1,2023-11-14,2023-11-17,3,RESIDUAL_REVERTED,69.66341400146484,70.5438461303711,0.012638371827251138,176.99548885438517,14004.611612450166
MRSH,1,2023-11-15,2023-11-17,2,RESIDUAL_REVERTED,188.95533752441406,188.91717529296875,-0.0002019642945538802,-2.8438999456548766,14081.201590293422
AJG,1,2023-11-15,2023-11-17,2,RESIDUAL_REVERTED,236.4482879638672,239.59613037109375,0.013313026853920773,187.46341490704862,14081.201590293422
VFC,-1,2023-11-16,2023-11-17,1,RESIDUAL_REVERTED,16.315656661987305,16.362430572509766,-0.0028668114003302936,-40.34498053266163,14073.119887835193
WYNN,1,2023-11-13,2023-11-20,5,RESIDUAL_REVERTED,82.65892791748047,84.50444793701172,0.02232692905687883,312.84457094486635,14011.983920756888
VRTX,1,2023-11-16,2023-11-20,2,RESIDUAL_REVERTED,350.7200012207031,349.760009765625,-0.0027372019039029194,-38.52097055083581,14073.119887835193
TGT,-1,2023-11-16,2023-11-20,2,RESIDUAL_REVERTED,115.19843292236328,117.09037017822266,-0.01642328986484065,-231.1269272205712,14073.119887835193
CRL,-1,2023-11-16,2023-11-20,2,RESIDUAL_REVERTED,188.02000427246094,188.9600067138672,-0.004999481012903706,-70.35829567155017,14073.119887835193
MCD,-1,2023-11-17,2023-11-20,1,RESIDUAL_REVERTED,257.2384948730469,256.1222229003906,0.004339443725975611,60.99210928737527,14055.282920776424
AMAT,1,2023-11-20,2023-11-21,1,RESIDUAL_REVERTED,145.43045043945312,148.0581512451172,0.018068436133724664,254.1668933668515,14066.900504601535
MOH,1,2023-11-20,2023-11-21,1,RESIDUAL_REVERTED,352.3800048828125,358.04998779296875,0.016090535307307974,226.3439592336793,14066.900504601534
ROST,-1,2023-11-20,2023-11-21,1,RESIDUAL_REVERTED,125.08308410644531,126.0152359008789,-0.007452261039872843,-104.83021458220891,14066.900504601535
INTC,-1,2023-11-17,2023-11-22,3,RESIDUAL_REVERTED,42.3429069519043,43.44810485839844,-0.02610113442965778,-366.85882896205703,14055.282920776424
IP,1,2023-11-21,2023-11-22,1,RESIDUAL_REVERTED,29.040332794189453,28.880428314208984,-0.005506289515127882,-77.49506424586144,14073.91747799555
TECH,-1,2023-11-21,2023-11-22,1,RESIDUAL_REVERTED,63.06334686279297,63.29994201660156,-0.0037517062696237335,-52.80120444036232,14073.91747799555
BMY,1,2023-11-21,2023-11-24,2,RESIDUAL_REVERTED,42.83156967163086,43.638553619384766,0.01884086793784734,265.1648205710763,14073.91747799555
NRG,1,2023-11-22,2023-11-24,1,RESIDUAL_REVERTED,43.31626510620117,43.65996170043945,0.00793458515861456,111.65400332599218,14071.813597560107
A,-1,2023-11-22,2023-11-24,1,RESIDUAL_REVERTED,121.31729888916016,121.36627197265625,-0.0004036776613436377,-5.680476803925561,14071.813597560107
CF,1,2023-11-20,2023-11-27,4,RESIDUAL_REVERTED,72.85797119140625,72.82044219970703,-0.0005150979513364184,-7.245831631573018,14066.900504601535
BA,-1,2023-11-21,2023-11-27,3,RESIDUAL_REVERTED,216.5,218.80999755859375,-0.010669734681726384,-150.16496542272344,14073.91747799555
ADSK,1,2023-11-24,2023-11-27,1,RESIDUAL_REVERTED,202.66000366210938,202.2100067138672,-0.002220452679910445,-31.197288146965537,14049.967571578263
PNW,-1,2023-11-24,2023-11-27,1,RESIDUAL_REVERTED,65.71793365478516,65.61968994140625,0.0014949300429161205,21.003718624749492,14049.967571578265
HPQ,-1,2023-11-24,2023-11-27,1,RESIDUAL_REVERTED,25.222848892211914,25.107955932617188,0.0045551142967915625,63.99920815475335,14049.967571578265
ENPH,-1,2023-11-21,2023-11-28,4,RESIDUAL_REVERTED,98.12000274658203,97.11000061035156,0.010293539624525283,144.8704272320457,14073.91747799555
J,1,2023-11-22,2023-11-29,4,RESIDUAL_REVERTED,99.60423278808594,100.1523208618164,0.005502658455254217,77.43238407337515,14071.813597560107
ALB,1,2023-11-28,2023-11-29,1,RESIDUAL_REVERTED,115.8999252319336,120.63131713867188,0.04082307988784328,575.9408938503728,14108.217592418434
GIS,1,2023-11-28,2023-11-29,1,RESIDUAL_REVERTED,55.857666015625,55.725711822509766,-0.00236232915779766,-33.32825378312397,14108.217592418434
NWS,-1,2023-11-28,2023-11-29,1,RESIDUAL_REVERTED,23.056486129760742,22.899707794189453,0.0067997497402226825,95.93234890905268,14108.217592418434
IP,-1,2023-11-28,2023-11-30,2,TRAILING_STOP,30.443933486938477,32.62235261909834,-0.07155511402935133,-1009.5151185764001,14108.217592418434
CCI,-1,2023-11-28,2023-11-30,2,STOP_LOSS,90.94786834716797,99.5076241139151,-0.09411716758520017,-1327.8254794741154,14108.217592418436
GEHC,1,2023-11-28,2023-12-01,3,RESIDUAL_REVERTED,70.36595916748047,68.02704620361328,-0.03323926784399056,-468.9468233556962,14108.217592418434
LVS,1,2023-11-30,2023-12-01,1,RESIDUAL_REVERTED,43.0204963684082,43.60670852661133,0.013626345758149139,189.92902370344223,13938.368149058453
AZO,1,2023-11-28,2023-12-04,4,RESIDUAL_REVERTED,2615.1298828125,2637.81005859375,0.00867267661553317,122.35600880062121,14108.217592418434
DPZ,-1,2023-11-28,2023-12-04,4,RESIDUAL_REVERTED,368.4182434082031,376.232666015625,-0.021210737381328837,-299.2456982714306,14108.217592418434
CI,1,2023-11-30,2023-12-04,2,RESIDUAL_REVERTED,248.98358154296875,253.09730529785156,0.01652206836045078,230.29067139187418,13938.368149058451
HRL,1,2023-11-30,2023-12-04,2,RESIDUAL_REVERTED,27.176769256591797,27.907421112060547,0.026885162418322617,374.73529153381264,13938.36814905845
NTAP,-1,2023-11-30,2023-12-04,2,RESIDUAL_REVERTED,84.75972747802734,86.26939392089844,-0.017811129032504924,-248.25807360543615,13938.36814905845
PSX,-1,2023-12-01,2023-12-04,1,RESIDUAL_REVERTED,117.4653091430664,117.84012603759766,-0.003190873094921498,-44.1228168797557,13827.81939838972
SYF,-1,2023-11-29,2023-12-04,3,STOP_LOSS,29.509016036987305,32.44451930653743,-0.09947818205360348,-1398.653670871054,14059.903810037416
CRM,-1,2023-12-01,2023-12-05,2,RESIDUAL_REVERTED,245.3168182373047,245.30703735351562,3.9870416791432106e-05,0.5513209227300631,13827.81939838972
PFE,1,2023-12-04,2023-12-05,1,RESIDUAL_REVERTED,24.251262664794922,24.4100399017334,0.006547174022776492,90.08885198951145,13759.95989660681
BRK-B,1,2023-12-04,2023-12-06,2,RESIDUAL_REVERTED,355.9100036621094,356.1499938964844,0.0006743003340889953,9.278345555334083,13759.959896606812
ALK,1,2023-12-05,2023-12-06,1,RESIDUAL_REVERTED,34.29999923706055,36.0,0.04956270556130593,685.2879676167839,13826.686010293059
RL,1,2023-12-05,2023-12-06,1,RESIDUAL_REVERTED,123.17769622802734,124.45262145996094,0.010350292877481904,143.11024973151635,13826.686010293059
BBWI,-1,2023-12-05,2023-12-06,1,RESIDUAL_REVERTED,33.49531555175781,32.906227111816406,0.017587188842306367,243.17253792629975,13826.686010293059
MMM,-1,2023-12-05,2023-12-06,1,RESIDUAL_REVERTED,80.36137390136719,79.51668548583984,0.010511124617706091,145.33401970408366,13826.686010293059
SJM,-1,2023-12-06,2023-12-07,1,TRAILING_STOP,103.88690948486328,109.63898770830185,-0.055368652816423225,-768.1615538597666,13873.58215860218
IDXX,-1,2023-12-05,2023-12-08,3,RESIDUAL_REVERTED,511.55999755859375,520.1699829101562,-0.016830841724633228,-232.71476381544423,13826.686010293059
CHTR,1,2023-12-06,2023-12-08,2,RESIDUAL_REVERTED,365.5,364.04998779296875,-0.0039672016608242044,-55.03929818118773,13873.582158602178
BF-B,1,2023-12-07,2023-12-08,1,RESIDUAL_REVERTED,50.2136344909668,50.36206817626953,0.002956043449303225,40.736192368559436,13780.647364354518
SRE,-1,2023-12-07,2023-12-08,1,RESIDUAL_REVERTED,67.12091064453125,67.19432067871094,-0.0010936984238558711,-15.071872302106645,13780.647364354518
FCX,1,2023-12-05,2023-12-11,4,RESIDUAL_REVERTED,36.05153274536133,36.24468231201172,0.005357596527577391,74.07780495664905,13826.686010293059
NCLH,-1,2023-12-05,2023-12-11,4,RESIDUAL_REVERTED,17.40999984741211,18.5,-0.06260770603911947,-865.6570932276322,13826.686010293059
CEG,1,2023-12-07,2023-12-11,2,RESIDUAL_REVERTED,111.35822296142578,109.67694091796875,-0.015097960426680102,-208.05966856105863,13780.647364354518
CPB,-1,2023-12-07,2023-12-11,2,RESIDUAL_REVERTED,38.25413513183594,38.113037109375,0.0036884384387378955,50.8290694493773,13780.647364354518
KVUE,-1,2023-12-08,2023-12-11,1,RESIDUAL_REVERTED,18.40597915649414,18.071008682250977,0.018199003236672562,249.16074724891587,13690.900760258994
ODFL,1,2023-12-07,2023-12-12,3,RESIDUAL_REVERTED,183.4857940673828,186.9429473876953,0.018841531236161613,259.648497770013,13780.647364354516
COO,1,2023-12-11,2023-12-12,1,RESIDUAL_REVERTED,83.73750305175781,85.25749969482422,0.01815192222924189,249.9056977965983,13767.45088704783
ALLE,-1,2023-12-11,2023-12-12,1,RESIDUAL_REVERTED,105.99819946289062,105.08316040039062,0.0086325906207525,118.84876739919949,13767.450887047831
INCY,-1,2023-12-12,2023-12-12,0,STOP_LOSS,57.36000061035156,61.52281720449096,-0.07257351028319459,-1000.8568200899954,13790.938541962149
NSC,1,2023-12-11,2023-12-13,2,RESIDUAL_REVERTED,209.77865600585938,209.57069396972656,-0.0009913403016892364,-13.648228915857826,13767.450887047828
LULU,-1,2023-12-11,2023-12-13,2,RESIDUAL_REVERTED,493.95001220703125,502.8299865722656,-0.0179774757481177,-247.50401443530467,13767.45088704783
CI,-1,2023-12-12,2023-12-13,1,RESIDUAL_REVERTED,286.2517395019531,281.511962890625,0.01655807094683448,228.3513388012435,13790.938541962149
AVGO,-1,2023-12-12,2023-12-14,2,RESIDUAL_REVERTED,99.51581573486328,105.72979736328125,-0.06244215135585751,-861.1358717765306,13790.938541962149
ORCL,1,2023-12-13,2023-12-14,1,RESIDUAL_REVERTED,97.9307861328125,98.69618225097656,0.007815684407210144,106.793911191906,13664.051108996295
LIN,-1,2023-12-13,2023-12-14,1,RESIDUAL_REVERTED,391.8616943359375,392.67254638671875,-0.0020692301965246074,-28.274067161591812,13664.051108996295
INCY,-1,2023-12-13,2023-12-15,2,RESIDUAL_REVERTED,62.45000076293945,63.81999969482422,-0.02193753266849896,-299.75556758764486,13664.051108996295
UNH,1,2023-12-12,2023-12-15,3,TRAILING_STOP,514.3018798828125,495.2352315827563,-0.037072873045691956,-511.2697137471027,13790.938541962149
WMB,1,2023-12-12,2023-12-18,4,RESIDUAL_REVERTED,31.418914794921875,31.708576202392578,0.009219332028537197,127.14324140349913,13790.938541962149
PFE,1,2023-12-14,2023-12-18,2,RESIDUAL_REVERTED,22.362640380859375,22.49635124206543,0.005979207237106987,81.69041097034206,13662.4150545195
POOL,-1,2023-12-15,2023-12-18,1,RESIDUAL_REVERTED,375.3832092285156,373.9073486328125,0.00393161057665925,53.377850765253534,13576.586420369611
DOV,-1,2023-12-15,2023-12-18,1,RESIDUAL_REVERTED,149.44171142578125,148.2672119140625,0.007859248268192176,106.70176331225161,13576.586420369611
JCI,1,2023-12-13,2023-12-19,4,RESIDUAL_REVERTED,49.976993560791016,52.122459411621094,0.04292906991734857,586.5850054123265,13664.051108996295
VRTX,-1,2023-12-14,2023-12-19,3,RESIDUAL_REVERTED,404.1000061035156,399.70001220703125,0.010888378693459488,148.7615489808305,13662.4150545195
EXC,1,2023-12-15,2023-12-20,3,RESIDUAL_REVERTED,33.74489974975586,31.951305389404297,-0.053151568789726156,-721.6168670519378,13576.586420369611
AEE,1,2023-12-18,2023-12-20,2,RESIDUAL_REVERTED,66.23331451416016,66.52764129638672,0.004443787607271821,59.92186417991307,13484.412279708573
COST,-1,2023-12-18,2023-12-20,2,RESIDUAL_REVERTED,639.7757568359375,646.7943725585938,-0.010970430885608007,-147.92981294758772,13484.412279708575
ADM,1,2023-12-19,2023-12-20,1,RESIDUAL_REVERTED,66.12317657470703,66.75117492675781,0.00949740143444644,127.91468828127816,13468.388081116527
DRI,-1,2023-12-19,2023-12-20,1,RESIDUAL_REVERTED,153.60720825195312,151.02542114257812,0.016807721061763203,226.37291001898282,13468.388081116525
KR,-1,2023-12-19,2023-12-20,1,RESIDUAL_REVERTED,42.72107696533203,42.2503776550293,0.011017964520995238,148.39422203273676,13468.388081116527
BLK,1,2023-12-19,2023-12-21,2,RESIDUAL_REVERTED,754.283447265625,748.5679931640625,-0.007577329347848938,-102.05441227526333,13468.388081116527
FDS,1,2023-12-20,2023-12-21,1,RESIDUAL_REVERTED,430.27276611328125,439.3720397949219,0.021147686765852658,286.98831192955384,13570.671587256395
AVY,-1,2023-12-21,2023-12-22,1,RESIDUAL_REVERTED,191.7946319580078,192.02200317382812,-0.0011854931157306847,-16.137790358949474,13612.723806500808
ILMN,-1,2023-12-20,2023-12-26,3,RESIDUAL_REVERTED,135.21400451660156,136.85797119140625,-0.012158257428156016,-164.9957186308254,13570.671587256395
FDX,1,2023-12-21,2023-12-26,2,RESIDUAL_REVERTED,189.14971923828125,190.59056091308594,0.007617466632290348,103.69446937060381,13612.723806500808
AON,1,2023-12-21,2023-12-26,2,RESIDUAL_REVERTED,286.841552734375,284.8993835449219,-0.006770878106533096,-92.17009359171756,13612.723806500808
ADM,1,2023-12-21,2023-12-26,2,RESIDUAL_REVERTED,64.3483657836914,65.12199401855469,0.012022500112339296,163.65897349290003,13612.723806500808
PAYX,1,2023-12-22,2023-12-26,1,RESIDUAL_REVERTED,108.01359558105469,108.57776641845703,0.005223146534169221,70.57436949368658,13511.84942486238
SPG,1,2023-12-22,2023-12-27,2,RESIDUAL_REVERTED,124.72499084472656,126.00379943847656,0.010253026158502765,138.53734560286458,13511.84942486238
RVTY,-1,2023-12-14,2023-12-27,8,TRAILING_STOP,98.76537322998047,110.15355405750398,-0.11530539960604935,-1575.3502274450764,13662.4150545195
ALLE,-1,2023-12-21,2023-12-28,4,RESIDUAL_REVERTED,117.36607360839844,122.98346710205078,-0.04786215744419664,-651.5343300711061,13612.723806500808
INTC,-1,2023-12-27,2023-12-29,2,RESIDUAL_REVERTED,49.96088409423828,49.6352424621582,0.006517931737673788,87.46225206828375,13418.71249782347
BMY,1,2023-12-27,2024-01-02,3,RESIDUAL_REVERTED,45.094627380371094,45.12971496582031,0.0007780879339185365,10.440938283278173,13418.712497823471
REGN,-1,2023-12-28,2024-01-02,2,RESIDUAL_REVERTED,866.0968017578125,865.7401733398438,0.00041176507896689696,5.5106933076411,13383.100192633441
JCI,-1,2023-12-21,2024-01-03,7,RESIDUAL_REVERTED,53.008663177490234,54.472835540771484,-0.027621378761783166,-376.0022002389025,13612.723806500808
EIX,-1,2023-12-27,2024-01-04,5,RESIDUAL_REVERTED,62.28446960449219,63.26698303222656,-0.015774613382330438,-211.67500174181063,13418.712497823471
PTC,1,2024-01-03,2024-01-04,1,RESIDUAL_REVERTED,168.75,169.83999633789062,0.006459237557870479,86.18296477721128,13342.590979983412
HSY,-1,2024-01-02,2024-01-05,3,RESIDUAL_REVERTED,170.7238311767578,174.8555145263672,-0.024200976050799072,-324.05782597828744,13390.279189486988
RCL,1,2024-01-03,2024-01-05,2,RESIDUAL_REVERTED,113.68818664550781,114.61627197265625,0.008163428008947982,108.92128091793246,13342.590979983412
NCLH,1,2024-01-03,2024-01-05,2,RESIDUAL_REVERTED,17.760000228881836,17.350000381469727,-0.02308557669640987,-308.02140739723427,13342.590979983412
CCL,1,2024-01-03,2024-01-05,2,RESIDUAL_REVERTED,16.494932174682617,16.632719039916992,0.008353284740743483,111.45446163507705,13342.590979983412
EOG,-1,2024-01-04,2024-01-05,1,RESIDUAL_REVERTED,115.05784606933594,111.65816497802734,0.029547581563971637,392.443751538757,13281.755418429144
BSX,-1,2024-01-02,2024-01-08,4,RESIDUAL_REVERTED,57.459999084472656,58.400001525878906,-0.016359249153908628,-219.05491350121534,13390.279189486988
APH,1,2024-01-03,2024-01-09,4,RESIDUAL_REVERTED,23.55010414123535,23.364072799682617,-0.00789938509133814,-105.39826426710329,13342.590979983412
VTRS,-1,2024-01-03,2024-01-09,4,RESIDUAL_REVERTED,10.198385238647461,10.40378189086914,-0.02014011506873814,-268.72131765197264,13342.590979983412
TEL,1,2024-01-05,2024-01-09,2,RESIDUAL_REVERTED,126.59346008300781,126.89130401611328,0.002352759241355473,31.534619333466757,13403.249588469698
DG,-1,2024-01-05,2024-01-09,2,RESIDUAL_REVERTED,126.75821685791016,126.60137939453125,0.0012372962263639264,16.58379013682675,13403.249588469698
MSCI,1,2024-01-08,2024-01-09,1,RESIDUAL_REVERTED,523.1349487304688,519.186767578125,-0.00754715616290802,-100.49163061719513,13315.165136118478
HII,1,2024-01-08,2024-01-09,1,RESIDUAL_REVERTED,237.098388671875,240.2837371826172,0.013434711760738516,178.8854056503862,13315.165136118478
CAG,1,2024-01-08,2024-01-09,1,RESIDUAL_REVERTED,23.79259490966797,24.180978775024414,0.0163237287412743,217.35314382727165,13315.165136118478
STZ,-1,2024-01-08,2024-01-09,1,RESIDUAL_REVERTED,233.21749877929688,234.27012634277344,-0.004513501641112638,-60.09801969355776,13315.165136118478
AAL,-1,2024-01-08,2024-01-10,2,RESIDUAL_REVERTED,14.029999732971191,14.34000015258789,-0.02209553995130764,-294.20576322336325,13315.165136118478
ANET,-1,2024-01-09,2024-01-10,1,RESIDUAL_REVERTED,61.25,61.875,-0.010204081632652962,-136.59353480275863,13386.166410670347
ES,1,2024-01-10,2024-01-11,1,RESIDUAL_REVERTED,50.46064376831055,51.13814926147461,0.013426413984625851,179.4142221943933,13362.780441585975
HPE,1,2024-01-10,2024-01-11,1,RESIDUAL_REVERTED,15.093838691711426,15.356173515319824,0.017380258857043085,232.24858312459793,13362.780441585975
FTNT,1,2024-01-10,2024-01-11,1,RESIDUAL_REVERTED,59.380001068115234,62.0,0.04412258142062586,589.6003680398242,13362.780441585975
GLW,1,2024-01-10,2024-01-11,1,RESIDUAL_REVERTED,28.923887252807617,29.018714904785156,0.00327852377340232,43.81019335649562,13362.780441585975
GILD,-1,2024-01-10,2024-01-11,1,RESIDUAL_REVERTED,77.02810668945312,77.41371154785156,-0.005006027993821105,-66.89445296586392,13362.780441585975
RMD,-1,2024-01-10,2024-01-11,1,RESIDUAL_REVERTED,171.9948272705078,172.80328369140625,-0.004700469390436446,-62.81134043679861,13362.780441585975
CAG,-1,2024-01-10,2024-01-11,1,RESIDUAL_REVERTED,24.620018005371094,24.628459930419922,-0.00034288866267218054,-4.581945915198158,13362.780441585975
CRL,1,2024-01-10,2024-01-12,2,RESIDUAL_REVERTED,215.33999633789062,214.82000732421875,-0.0024147349424857856,-32.267572861063876,13362.780441585975
ISRG,-1,2024-01-11,2024-01-12,1,RESIDUAL_REVERTED,364.45001220703125,365.0,-0.001509089791596141,-20.260140994728136,13425.404576687373
HD,-1,2024-01-11,2024-01-12,1,RESIDUAL_REVERTED,332.847900390625,334.1901550292969,-0.004032636640028731,-54.13977840315921,13425.404576687373
ED,1,2024-01-12,2024-01-16,1,RESIDUAL_REVERTED,83.63642120361328,83.29927062988281,-0.0040311453895148786,-54.19234453898937,13443.4110662308
LNT,1,2024-01-12,2024-01-16,1,RESIDUAL_REVERTED,45.95433044433594,45.91781997680664,-0.0007944946031478439,-10.680717540018172,13443.411066230801
WEC,1,2024-01-12,2024-01-16,1,RESIDUAL_REVERTED,75.15596771240234,74.83850860595703,-0.00422400397610645,-56.78502179619183,13443.411066230801
CMS,1,2024-01-12,2024-01-16,1,RESIDUAL_REVERTED,53.329830169677734,53.421566009521484,0.0017201599846066173,23.12481777274892,13443.411066230801
MAA,-1,2024-01-12,2024-01-16,1,RESIDUAL_REVERTED,121.5706558227539,120.75337219238281,0.006722704791217615,90.37608398525754,13443.411066230801
CTSH,-1,2024-01-12,2024-01-17,2,RESIDUAL_REVERTED,71.64781188964844,72.05684661865234,-0.005708963305591341,-76.74794047909076,13443.4110662308
ACN,-1,2024-01-16,2024-01-17,1,RESIDUAL_REVERTED,335.01019287109375,335.69915771484375,-0.002056548900334798,-27.57173347513952,13406.796925981584
BNY,-1,2024-01-16,2024-01-18,2,RESIDUAL_REVERTED,51.602294921875,51.461544036865234,0.0027276090186078017,36.56850020595068,13406.796925981585
JCI,1,2024-01-17,2024-01-18,1,RESIDUAL_REVERTED,50.28261947631836,52.488502502441406,0.04386969193524126,587.5299891052692,13392.617162038858
BA,1,2024-01-17,2024-01-18,1,RESIDUAL_REVERTED,202.6300048828125,205.63999938964844,0.014854633737864775,198.94242273352967,13392.617162038858
SNA,-1,2024-01-12,2024-01-19,4,RESIDUAL_REVERTED,266.0333557128906,264.8429870605469,0.004474509029718909,60.15266420607275,13443.411066230801
UAL,1,2024-01-16,2024-01-19,3,RESIDUAL_REVERTED,39.290000915527344,39.720001220703125,0.010944268138356028,146.72758043442852,13406.796925981585
GNRC,1,2024-01-17,2024-01-19,2,RESIDUAL_REVERTED,114.25,116.3499984741211,0.018380730626880393,246.1660884443726,13392.617162038856
CME,-1,2024-01-18,2024-01-19,1,RESIDUAL_REVERTED,183.36744689941406,184.71849060058594,-0.007367958293671428,-99.02385815176441,13439.796237286042
MS,1,2024-01-17,2024-01-22,3,RESIDUAL_REVERTED,78.3467788696289,78.91001892089844,0.007189064558822178,96.28038938948785,13392.617162038858
TSCO,-1,2024-01-18,2024-01-22,2,RESIDUAL_REVERTED,43.295589447021484,43.96537780761719,-0.015470129155194634,-207.91538361031363,13439.796237286042
HUM,1,2024-01-19,2024-01-22,1,RESIDUAL_REVERTED,397.35516357421875,387.1914367675781,-0.025578444017733792,-344.7777921508365,13479.232431487937
WDC,-1,2024-01-17,2024-01-22,3,TRAILING_STOP,39.24079132080078,43.49808883666992,-0.10849163262445294,-1452.9869010238633,13392.617162038856
FAST,-1,2024-01-19,2024-01-23,2,RESIDUAL_REVERTED,32.070072174072266,32.98393249511719,-0.028495736338995492,-384.10065341971847,13479.232431487937
PPG,1,2024-01-22,2024-01-23,1,RESIDUAL_REVERTED,132.7682342529297,133.91123962402344,0.008609027434350436,115.425726009013,13407.522149186963
CMI,1,2024-01-22,2024-01-23,1,RESIDUAL_REVERTED,217.60752868652344,223.30606079101562,0.02618720105360528,351.1054781514262,13407.522149186963
TRV,-1,2024-01-22,2024-01-23,1,RESIDUAL_REVERTED,203.29278564453125,203.40744018554688,-0.0005639872593221629,-7.561671671221011,13407.522149186963
TXN,-1,2024-01-22,2024-01-23,1,RESIDUAL_REVERTED,161.1491241455078,161.92706298828125,-0.00482744691848902,-64.724101483666,13407.522149186965
NTRS,1,2024-01-19,2024-01-24,3,RESIDUAL_REVERTED,75.39320373535156,76.15345001220703,0.01008375077844037,135.92122052379588,13479.232431487937
ADM,1,2024-01-23,2024-01-24,1,RESIDUAL_REVERTED,47.537696838378906,47.610511779785156,0.0015317305264874737,20.420115890292795,13331.40231729942
GILD,1,2024-01-23,2024-01-24,1,RESIDUAL_REVERTED,72.10711669921875,73.04357147216797,0.01298699512359458,173.13485688544495,13331.402317299418
REGN,-1,2024-01-23,2024-01-24,1,RESIDUAL_REVERTED,934.521240234375,948.083251953125,-0.014512256260059697,-193.46872673460197,13331.402317299418
JBHT,-1,2024-01-23,2024-01-24,1,RESIDUAL_REVERTED,202.4600372314453,200.5318603515625,0.009523740616912857,126.96481772967115,13331.402317299418
RTX,-1,2024-01-24,2024-01-25,1,RESIDUAL_REVERTED,85.04837036132812,85.63667297363281,-0.006917270840173462,-92.46610703772328,13367.426138746448
VZ,-1,2024-01-24,2024-01-25,1,RESIDUAL_REVERTED,35.863792419433594,35.201385498046875,0.018470074598908814,246.89735797805045,13367.426138746448
PCAR,-1,2024-01-24,2024-01-25,1,RESIDUAL_REVERTED,94.59982299804688,94.95282745361328,-0.003731555138043907,-49.88128769046177,13367.426138746447
MMM,1,2024-01-24,2024-01-26,2,RESIDUAL_REVERTED,75.58270263671875,75.25422668457031,-0.004345914351954638,-58.09368910507209,13367.426138746448
DHI,1,2024-01-24,2024-01-26,2,RESIDUAL_REVERTED,140.5522003173828,136.64659118652344,-0.027787605758145872,-371.4487675446201,13367.426138746448
KMB,1,2024-01-25,2024-01-26,1,RESIDUAL_REVERTED,105.43248748779297,107.50276947021484,0.01963609160470181,261.65208213119155,13325.05915120809
TDY,1,2024-01-25,2024-01-26,1,RESIDUAL_REVERTED,419.6700134277344,425.04998779296875,0.012819534856189474,170.8210602496996,13325.05915120809
TXT,-1,2024-01-25,2024-01-26,1,RESIDUAL_REVERTED,86.09419250488281,86.26376342773438,-0.001969597691992453,-26.24500574988103,13325.05915120809
TEL,-1,2024-01-25,2024-01-26,1,RESIDUAL_REVERTED,138.8531036376953,140.0829315185547,-0.008857042792995928,-118.02061912145292,13325.05915120809
DD,1,2024-01-25,2024-01-29,2,RESIDUAL_REVERTED,76.89347839355469,76.52442169189453,-0.004799583909720684,-63.95473949821403,13325.05915120809
IBM,-1,2024-01-26,2024-01-29,1,RESIDUAL_REVERTED,176.3917694091797,172.842041015625,0.02012411579885176,269.42018385769825,13387.926533053987
ELV,-1,2024-01-26,2024-01-29,1,RESIDUAL_REVERTED,458.8295593261719,461.5484924316406,-0.005925801967645139,-79.33420139225896,13387.926533053987
URI,-1,2024-01-26,2024-01-29,1,RESIDUAL_REVERTED,637.516357421875,618.8009033203125,0.029356821803362076,393.0269735473696,13387.926533053987
INTC,1,2024-01-29,2024-01-30,1,RESIDUAL_REVERTED,43.13233184814453,43.09286117553711,-0.0009151063927261838,-12.299123598681847,13440.102371094134
FICO,1,2024-01-29,2024-01-30,1,RESIDUAL_REVERTED,1200.0,1216.6199951171875,0.013849995930989678,186.14536315173717,13440.102371094132
TER,1,2024-01-29,2024-01-30,1,RESIDUAL_REVERTED,103.21182250976562,103.88529968261719,0.006525194076365093,87.69927637760316,13440.102371094132
AXP,-1,2024-01-29,2024-01-30,1,RESIDUAL_REVERTED,196.43289184570312,195.0611572265625,0.0069832226479571435,93.85522726868669,13440.10237109413
COF,-1,2024-01-29,2024-01-30,1,RESIDUAL_REVERTED,134.07583618164062,132.85646057128906,0.009094670934586602,122.23330839225835,13440.102371094132
HPQ,1,2024-01-30,2024-01-31,1,RESIDUAL_REVERTED,26.04281234741211,25.810924530029297,-0.008904100459252273,-120.24795819377835,13504.784536525372
DPZ,-1,2024-01-30,2024-01-31,1,RESIDUAL_REVERTED,413.77783203125,416.3649597167969,-0.00625245599274038,-84.43807100606449,13504.784536525372
KLAC,1,2024-01-29,2024-02-01,3,RESIDUAL_REVERTED,58.405582427978516,58.62981033325195,0.0038391519432228183,51.5985951351004,13440.102371094132
VMC,-1,2024-01-30,2024-02-01,2,RESIDUAL_REVERTED,224.21902465820312,222.71966552734375,0.00668702904735663,90.3068864740377,13504.784536525372
MLM,-1,2024-01-30,2024-02-01,2,RESIDUAL_REVERTED,502.76226806640625,504.02264404296875,-0.0025069024797939043,-33.85517784369833,13504.784536525372
UPS,1,2024-01-31,2024-02-01,1,RESIDUAL_REVERTED,123.40333557128906,121.00874328613281,-0.019404599349528207,-260.6551566299486,13432.648205451645
SLB,1,2024-01-31,2024-02-01,1,RESIDUAL_REVERTED,45.99947738647461,45.62738800048828,-0.008088991595711748,-108.65657844205157,13432.648205451645
WHR,1,2024-01-31,2024-02-01,1,RESIDUAL_REVERTED,95.67656707763672,95.91092681884766,0.0024494998970936432,32.903270396947974,13432.648205451645
GLW,-1,2024-01-31,2024-02-01,1,RESIDUAL_REVERTED,31.598159790039062,30.678281784057617,0.02911175878892247,391.0480144535602,13432.648205451645
SYY,-1,2024-01-31,2024-02-02,2,RESIDUAL_REVERTED,75.44654083251953,77.01485443115234,-0.020787084223175212,-279.22558958700694,13432.648205451645
ROK,1,2024-02-01,2024-02-02,1,RESIDUAL_REVERTED,246.85391235351562,250.39340209960938,0.014338398416894105,192.78023464164093,13445.032634502604
FTV,-1,2024-02-01,2024-02-02,1,TRAILING_STOP,58.61262893676758,61.8995391152492,-0.05607853184725098,-753.9776907812818,13445.032634502604
CHRW,1,2024-02-02,2024-02-05,1,RESIDUAL_REVERTED,68.87185668945312,69.11671447753906,0.003555266256143108,47.6731798369348,13409.17287265353
MET,1,2024-02-02,2024-02-05,1,RESIDUAL_REVERTED,60.543460845947266,60.30833435058594,-0.0038835985270087026,-52.075844016641916,13409.17287265353
AFL,1,2024-02-02,2024-02-05,1,RESIDUAL_REVERTED,72.5365219116211,71.81975555419922,-0.009881454728353112,-132.50213468578605,13409.172872653528
PRU,1,2024-02-02,2024-02-05,1,RESIDUAL_REVERTED,89.90542602539062,89.27531433105469,-0.007008605844968541,-93.97960737147282,13409.17287265353
CTVA,-1,2024-02-02,2024-02-05,1,RESIDUAL_REVERTED,52.778743743896484,51.02918243408203,0.03314897600261235,444.50034977047284,13409.17287265353
GEN,1,2024-02-05,2024-02-06,1,RESIDUAL_REVERTED,20.142913818359375,19.97212791442871,-0.008478708962900927,-113.59267517419994,13397.402325192606
META,-1,2024-02-05,2024-02-06,1,RESIDUAL_REVERTED,465.4222717285156,459.5981140136719,0.012513706516909084,167.65116078641543,13397.402325192606
CLX,-1,2024-02-05,2024-02-06,1,RESIDUAL_REVERTED,140.3828125,140.28292846679688,0.0007115118398353104,9.53241037741114,13397.402325192606
PH,-1,2024-02-02,2024-02-07,3,RESIDUAL_REVERTED,486.38323974609375,501.6293029785156,-0.03134578247470188,-420.32101603187215,13409.17287265353
ETN,-1,2024-02-02,2024-02-07,3,RESIDUAL_REVERTED,257.3855895996094,263.91375732421875,-0.025363376927063586,-340.1019058492667,13409.17287265353
APD,1,2024-02-06,2024-02-07,1,RESIDUAL_REVERTED,204.94000244140625,204.59324645996094,-0.001691987788203786,-22.651573987771567,13387.551698478
MTCH,1,2024-02-06,2024-02-07,1,RESIDUAL_REVERTED,34.27693176269531,34.6801872253418,0.01176463125224525,157.49960910296375,13387.551698478
F,1,2024-02-06,2024-02-07,1,RESIDUAL_REVERTED,9.78886890411377,10.705523490905762,0.09364254397224259,1253.6443986053976,13387.551698478
EL,-1,2024-02-06,2024-02-07,1,RESIDUAL_REVERTED,142.7087860107422,139.56919860839844,0.021999958727890956,294.5255848340224,13387.551698478
MCD,1,2024-02-06,2024-02-08,2,RESIDUAL_REVERTED,264.7872619628906,267.80975341796875,0.011414791756492182,152.81611476739886,13387.551698478
FMC,1,2024-02-07,2024-02-08,1,RESIDUAL_REVERTED,48.28364562988281,49.086727142333984,0.01663257821514086,223.79845768722265,13455.427943425835
GEHC,-1,2024-02-07,2024-02-08,1,RESIDUAL_REVERTED,81.68451690673828,81.17671966552734,0.006216566620461328,83.64656421712354,13455.427943425835
XYL,-1,2024-02-07,2024-02-09,2,RESIDUAL_REVERTED,116.64193725585938,118.2755355834961,-0.014005240019748122,-188.44649791610553,13455.427943425835
CINF,1,2024-02-08,2024-02-09,1,RESIDUAL_REVERTED,100.27757263183594,100.83960723876953,0.005604788709805186,75.82071751258806,13527.84581869137
EMR,-1,2024-02-08,2024-02-09,1,RESIDUAL_REVERTED,99.84320068359375,97.77246856689453,0.020739841096054534,280.56537265158494,13527.845818691372
PRU,-1,2024-02-08,2024-02-09,1,RESIDUAL_REVERTED,95.16515350341797,94.09746551513672,0.011219316619322295,151.77318541727308,13527.84581869137
CMG,-1,2024-02-08,2024-02-09,1,RESIDUAL_REVERTED,53.56100082397461,52.739601135253906,0.015335779318616405,207.4600581317178,13527.84581869137
FOXA,1,2024-02-08,2024-02-12,2,RESIDUAL_REVERTED,28.746631622314453,28.72730827331543,-0.0006721952419643795,-9.093353593352484,13527.84581869137
FOX,1,2024-02-08,2024-02-12,2,RESIDUAL_REVERTED,26.364330291748047,26.451021194458008,0.0032881890702565197,44.48211476513741,13527.845818691369
CPAY,1,2024-02-09,2024-02-12,1,RESIDUAL_REVERTED,268.1199951171875,273.3999938964844,0.019692670727482042,266.1959122091225,13517.511966400438
SNA,1,2024-02-09,2024-02-13,2,RESIDUAL_REVERTED,247.41551208496094,246.13223266601562,-0.005186737921689555,-70.11179192302178,13517.511966400438
RL,-1,2024-02-09,2024-02-13,2,RESIDUAL_REVERTED,164.33233642578125,167.0977020263672,-0.016827884643597635,-227.47113203903828,13517.511966400438
EXPE,1,2024-02-12,2024-02-13,1,RESIDUAL_REVERTED,130.23452758789062,129.5934295654297,-0.0049226425152752995,-66.85675151021597,13581.476067529902
AMAT,-1,2024-02-12,2024-02-13,1,RESIDUAL_REVERTED,181.3661346435547,174.83670043945312,0.036001396936280794,488.95211088774215,13581.476067529902
LRCX,-1,2024-02-12,2024-02-13,1,RESIDUAL_REVERTED,88.56184387207031,85.60816955566406,0.03335154494607073,452.96320950020726,13581.476067529902
KLAC,-1,2024-02-12,2024-02-13,1,RESIDUAL_REVERTED,63.26316833496094,61.507537841796875,0.02775122617742576,376.9026141733177,13581.476067529902
FE,-1,2024-02-12,2024-02-14,2,RESIDUAL_REVERTED,33.755393981933594,33.42127990722656,0.009898094357478238,134.43073163024326,13581.476067529902
MSI,1,2024-02-13,2024-02-14,1,RESIDUAL_REVERTED,310.58135986328125,310.6396179199219,0.0001875774407913422,2.546751161438912,13577.065294717022
PTC,1,2024-02-13,2024-02-14,1,RESIDUAL_REVERTED,175.0,178.5500030517578,0.020285731724330347,275.4207041723458,13577.06529471702
KEYS,1,2024-02-13,2024-02-15,2,RESIDUAL_REVERTED,155.49000549316406,153.55999755859375,-0.012412424377045705,-168.52429623288612,13577.06529471702
ECL,-1,2024-02-14,2024-02-15,1,RESIDUAL_REVERTED,214.114990234375,211.2076416015625,0.013578445066503964,186.6231265402836,13744.071992503406
LDOS,-1,2024-02-14,2024-02-15,1,RESIDUAL_REVERTED,118.31603240966797,118.74301147460938,-0.0036088014130071233,-49.59962642701791,13744.071992503406
WM,-1,2024-02-14,2024-02-15,1,RESIDUAL_REVERTED,190.93653869628906,190.39938354492188,0.0028132653657328976,38.665721720649245,13744.071992503406
MCO,1,2024-02-14,2024-02-16,2,RESIDUAL_REVERTED,361.8796691894531,364.0216064453125,0.005918921227757723,81.35007947225797,13744.071992503406
BIIB,1,2024-02-14,2024-02-16,2,RESIDUAL_REVERTED,227.00999450683594,221.14999389648438,-0.025813844113260376,-354.7873318959112,13744.071992503406
HWM,-1,2024-02-14,2024-02-16,2,RESIDUAL_REVERTED,62.173587799072266,63.12751007080078,-0.015342886030822678,-210.87373018040228,13744.071992503406
KHC,1,2024-02-15,2024-02-16,1,RESIDUAL_REVERTED,29.315227508544922,29.880138397216797,0.019270220178479347,264.40454759600897,13720.888767596518
IQV,-1,2024-02-15,2024-02-16,1,RESIDUAL_REVERTED,241.9499969482422,241.42999267578125,0.002149222066624712,29.489236913021227,13720.888767596518
WST,1,2024-02-16,2024-02-20,1,RESIDUAL_REVERTED,348.2309875488281,358.82220458984375,0.03041434398347609,418.06810339210546,13745.754424926592
ZBRA,-1,2024-02-16,2024-02-20,1,RESIDUAL_REVERTED,282.4100036621094,269.8599853515625,0.04443900055878469,610.8475885702304,13745.754424926592
CBRE,-1,2024-02-16,2024-02-20,1,RESIDUAL_REVERTED,93.66000366210938,92.23999786376953,0.015161282754832084,208.40326951479562,13745.754424926592
WFC,-1,2024-02-16,2024-02-20,1,RESIDUAL_REVERTED,49.06642150878906,48.65076446533203,0.008471313592383622,116.44459629744863,13745.754424926594
ADBE,1,2024-02-20,2024-02-21,1,RESIDUAL_REVERTED,531.5,539.760009765625,0.015540940292803285,214.13011136456774,13778.452740322666
VMC,-1,2024-02-20,2024-02-21,1,RESIDUAL_REVERTED,248.15008544921875,246.5919189453125,0.006279129427199437,86.5166880630371,13778.452740322666
AMAT,-1,2024-02-20,2024-02-21,1,RESIDUAL_REVERTED,191.46868896484375,184.27210998535156,0.03758619238685845,517.8795754910054,13778.452740322668
DLR,1,2024-02-20,2024-02-22,2,RESIDUAL_REVERTED,125.36641693115234,129.04420471191406,0.02933630768742046,404.2089290466869,13778.452740322666
CARR,1,2024-02-20,2024-02-22,2,RESIDUAL_REVERTED,51.63115692138672,52.43381881713867,0.015546076121712327,214.20087514047222,13778.452740322666
EXPD,1,2024-02-21,2024-02-22,1,RESIDUAL_REVERTED,112.55057525634766,114.0751953125,0.013546088526689815,188.17277733821123,13891.299836661758
WMT,-1,2024-02-21,2024-02-22,1,RESIDUAL_REVERTED,56.73460006713867,56.371498107910156,0.006400009144311047,88.90444598100132,13891.299836661758
CAG,-1,2024-02-21,2024-02-22,1,RESIDUAL_REVERTED,24.350507736206055,24.07710075378418,0.011227978709263398,155.97121881003218,13891.299836661758
KO,-1,2024-02-21,2024-02-22,1,RESIDUAL_REVERTED,56.39111328125,56.39111328125,-0.0,-0.0,13891.299836661758
AKAM,1,2024-02-15,2024-02-23,5,RESIDUAL_REVERTED,114.19999694824219,107.69000244140625,-0.05700520736253967,-782.1621093951802,13720.888767596518
PANW,1,2024-02-22,2024-02-23,1,RESIDUAL_REVERTED,137.06500244140625,138.47500610351562,0.010287116601571,143.22565106921218,13922.817891199746
GRMN,-1,2024-02-22,2024-02-23,1,RESIDUAL_REVERTED,128.7840576171875,128.65982055664062,0.0009646928575287594,13.431242976314236,13922.817891199747
EQT,-1,2024-02-22,2024-02-23,1,RESIDUAL_REVERTED,35.26338577270508,35.53404998779297,-0.00767550276744533,-106.86462725454122,13922.817891199747
TFX,1,2024-02-23,2024-02-26,1,RESIDUAL_REVERTED,232.98031616210938,230.77706909179688,-0.009456794919874056,-131.7518833477726,13931.980598509848
NEM,1,2024-02-23,2024-02-26,1,RESIDUAL_REVERTED,29.617414474487305,29.197980880737305,-0.01416172212166944,-197.30083784058658,13931.980598509848
PWR,-1,2024-02-23,2024-02-26,1,RESIDUAL_REVERTED,234.84951782226562,233.7227020263672,0.004798033252728318,66.84610618801575,13931.980598509848
NVDA,-1,2024-02-23,2024-02-26,1,RESIDUAL_REVERTED,80.5565185546875,79.46968078613281,0.013491617910682985,187.96495897414323,13931.980598509848
MOS,-1,2024-02-23,2024-02-26,1,RESIDUAL_REVERTED,29.206205368041992,28.647371292114258,0.01913408705052866,266.5757295581645,13931.980598509848
BKNG,1,2024-02-26,2024-02-27,1,RESIDUAL_REVERTED,139.0771026611328,137.3949737548828,-0.01209493780114601,-169.93222238725826,14049.863271819137
WBD,1,2024-02-26,2024-02-27,1,RESIDUAL_REVERTED,8.779999732971191,8.59000015258789,-0.021640043981983603,-304.039659143022,14049.863271819137
D,-1,2024-02-26,2024-02-27,1,RESIDUAL_REVERTED,41.79512023925781,41.328285217285156,0.011169605908542435,156.9314358151246,14049.863271819137
KDP,1,2024-02-23,2024-02-28,3,RESIDUAL_REVERTED,28.08605194091797,27.136016845703125,-0.03382586834252621,-471.26134147582354,13931.980598509848
PODD,1,2024-02-27,2024-02-28,1,RESIDUAL_REVERTED,169.25999450683594,166.8300018310547,-0.014356568324732533,-199.60719523935254,13903.545103845054
GOOG,1,2024-02-27,2024-02-28,1,RESIDUAL_REVERTED,138.10195922851562,137.7948760986328,-0.002223597200201044,-30.915883965779443,13903.545103845054
FIS,-1,2024-02-27,2024-02-28,1,RESIDUAL_REVERTED,62.94047546386719,62.26140213012695,0.010789135746679834,150.00723548547003,13903.545103845054
DPZ,-1,2024-02-27,2024-02-28,1,RESIDUAL_REVERTED,439.4014892578125,425.8449401855469,0.030852305701475458,428.9564238780802,13903.545103845054
LULU,-1,2024-02-27,2024-02-28,1,RESIDUAL_REVERTED,471.0899963378906,466.5,0.009743353443231295,135.4671540606709,13903.545103845054
CPRT,-1,2024-02-26,2024-02-29,3,RESIDUAL_REVERTED,51.060001373291016,53.31999969482422,-0.04426161889442071,-621.8696936559769,14049.863271819137
SBAC,1,2024-02-28,2024-02-29,1,RESIDUAL_REVERTED,187.7099609375,195.5194091796875,0.04160380303306188,580.1770325913321,13945.288418231235
HSIC,1,2024-02-28,2024-03-01,2,RESIDUAL_REVERTED,78.12999725341797,76.47000122070312,-0.021246590183928715,-296.28982801884587,13945.288418231235
CEG,-1,2024-02-28,2024-03-01,2,RESIDUAL_REVERTED,155.81890869140625,164.2351837158203,-0.05401318168055069,-753.2293969216029,13945.288418231235
VTRS,1,2024-02-29,2024-03-01,1,RESIDUAL_REVERTED,11.03783130645752,11.046762466430664,0.0008091408289525592,11.198243966832619,13839.672361275021
UHS,1,2024-02-29,2024-03-01,1,RESIDUAL_REVERTED,161.42105102539062,165.30987548828125,0.02409118537010979,333.41411231706064,13839.672361275021
FISV,1,2024-02-29,2024-03-01,1,RESIDUAL_REVERTED,148.58999633789062,149.60000610351562,0.006797293159145568,94.07231026610985,13839.672361275021
AXON,-1,2024-02-29,2024-03-01,1,RESIDUAL_REVERTED,309.2200012207031,303.0,0.020115132255832502,278.38683992443646,13839.67236127502
WY,-1,2024-02-29,2024-03-01,1,RESIDUAL_REVERTED,31.74654769897461,31.489181518554688,0.0081069029256442,112.19688035557827,13839.672361275021
EBAY,-1,2024-02-29,2024-03-01,1,RESIDUAL_REVERTED,45.906944274902344,45.188899993896484,0.015641299858819346,216.47046535051751,13839.67236127502
HRL,-1,2024-03-01,2024-03-04,1,RESIDUAL_REVERTED,31.754451751708984,29.956348419189453,0.05662523625282745,789.5524391438298,13943.47275865724
XEL,1,2024-03-01,2024-03-05,2,RESIDUAL_REVERTED,47.085567474365234,46.61161422729492,-0.010065786025162504,-140.35201323632634,13943.47275865724
D,1,2024-03-04,2024-03-05,1,RESIDUAL_REVERTED,39.826202392578125,41.96980285644531,0.053823873105879105,753.8679539193759,14006.200416614587
NTAP,-1,2024-03-04,2024-03-05,1,RESIDUAL_REVERTED,101.23091125488281,98.76698303222656,0.024339682337270352,340.9064688925422,14006.200416614585
COO,-1,2024-03-04,2024-03-05,1,RESIDUAL_REVERTED,102.0199966430664,102.47000122070312,-0.004410944838697972,-61.780577437435575,14006.200416614587
AVGO,-1,2024-03-04,2024-03-05,1,RESIDUAL_REVERTED,136.45823669433594,135.66563415527344,0.005808389132551328,81.35346228820029,14006.200416614587
WDC,-1,2024-03-04,2024-03-05,1,RESIDUAL_REVERTED,48.89115524291992,47.612464904785156,0.026153817224843223,366.3156057106616,14006.200416614585
LVS,1,2024-03-04,2024-03-06,2,RESIDUAL_REVERTED,48.72584533691406,48.83026123046875,0.002142926260852107,30.01425468752002,14006.200416614587
HPE,-1,2024-03-05,2024-03-06,1,STOP_LOSS,15.9370698928833,17.99677102496169,-0.12923963726846344,-1823.3286823935111,14108.12287105074
BBY,1,2024-03-04,2024-03-07,3,RESIDUAL_REVERTED,68.67945861816406,68.60070037841797,-0.0011467510276101933,-16.061624720667577,14006.200416614587
ALB,1,2024-03-06,2024-03-07,1,RESIDUAL_REVERTED,105.49835968017578,113.88809967041016,0.07952483825974488,1114.8786148156103,14019.25032747858
ADSK,1,2024-03-06,2024-03-07,1,RESIDUAL_REVERTED,248.14999389648438,252.88999938964844,0.019101372596210364,267.78692402471177,14019.25032747858
DVA,-1,2024-03-06,2024-03-07,1,RESIDUAL_REVERTED,133.0399932861328,132.5800018310547,0.003457542681085446,48.472156364078266,14019.25032747858
CFG,-1,2024-03-06,2024-03-07,1,RESIDUAL_REVERTED,30.759355545043945,30.932981491088867,-0.005644654869009447,-79.1338296208628,14019.25032747858
TGT,-1,2024-03-06,2024-03-08,2,RESIDUAL_REVERTED,157.0518798828125,156.24940490722656,0.005109617128968624,71.63300160858317,14019.25032747858
NRG,-1,2024-03-06,2024-03-08,2,RESIDUAL_REVERTED,58.21049499511719,58.345176696777344,-0.0023137013638425685,-32.436358602738196,14019.25032747858
DXCM,-1,2024-03-07,2024-03-08,1,RESIDUAL_REVERTED,135.60000610351562,134.0,0.011799454509568319,166.21861764345223,14086.974741812255
ZTS,1,2024-03-04,2024-03-11,5,RESIDUAL_REVERTED,182.84339904785156,176.1028594970703,-0.036865096502702865,-516.3399299946933,14006.200416614587
BF-B,1,2024-03-07,2024-03-11,2,RESIDUAL_REVERTED,52.39228057861328,50.76259994506836,-0.031105357803610567,-438.1803897144945,14086.974741812253
CMI,1,2024-03-08,2024-03-11,1,RESIDUAL_REVERTED,255.11514282226562,258.23565673828125,0.012231786327907779,172.21113685129487,14078.985050481293
ROST,1,2024-03-08,2024-03-11,1,RESIDUAL_REVERTED,141.9497528076172,142.28079223632812,0.0023320888001798767,32.83344335412649,14078.985050481293
KR,-1,2024-03-08,2024-03-11,1,RESIDUAL_REVERTED,52.56380844116211,52.93330383300781,-0.007029463861228713,-98.96771661513898,14078.985050481295
MCHP,-1,2024-03-08,2024-03-11,1,RESIDUAL_REVERTED,87.24958801269531,83.04220581054688,0.048222373285432996,678.9220725843402,14078.985050481291
TMUS,1,2024-03-08,2024-03-12,2,RESIDUAL_REVERTED,157.49578857421875,157.51495361328125,0.00012168604148721229,1.7132159589503866,14078.985050481293
NEE,-1,2024-03-11,2024-03-12,1,RESIDUAL_REVERTED,53.57634735107422,53.669410705566406,-0.0017370231285527282,-24.540509680065412,14127.91187214252
PSA,-1,2024-03-11,2024-03-12,1,RESIDUAL_REVERTED,262.9390563964844,260.21331787109375,0.010366426968842934,146.45596664481425,14127.911872142518
EXR,-1,2024-03-11,2024-03-12,1,RESIDUAL_REVERTED,134.25575256347656,131.60415649414062,0.019750334854979568,279.0309902764554,14127.911872142518
EQT,1,2024-03-12,2024-03-13,1,RESIDUAL_REVERTED,33.62007522583008,33.23341369628906,-0.011500912087309856,-163.08919212708955,14180.544194146372
ISRG,1,2024-03-12,2024-03-13,1,RESIDUAL_REVERTED,378.8999938964844,389.6700134277344,0.028424438386748463,403.0740047370776,14180.54419414637
HWM,1,2024-03-12,2024-03-13,1,RESIDUAL_REVERTED,64.63788604736328,65.57190704345703,0.014450054808558432,204.9096408205993,14180.544194146372
BSX,1,2024-03-12,2024-03-13,1,RESIDUAL_REVERTED,66.05000305175781,67.5999984741211,0.02346700001131996,332.77483076455553,14180.544194146372
PFE,-1,2024-03-12,2024-03-13,1,RESIDUAL_REVERTED,24.013946533203125,23.996980667114258,0.0007065005356536869,10.0185620690253,14180.544194146372
SRE,-1,2024-03-12,2024-03-13,1,RESIDUAL_REVERTED,66.2582778930664,65.52409362792969,0.011080642124771334,157.12953534984027,14180.544194146372
ORCL,-1,2024-03-13,2024-03-14,1,RESIDUAL_REVERTED,124.49260711669922,123.74369812011719,0.006015690521124717,86.13243623136592,14317.963320902722
NOW,-1,2024-03-13,2024-03-14,1,RESIDUAL_REVERTED,159.01199340820312,157.62600708007812,0.00871623767753793,124.79877136325902,14317.963320902722
LUV,1,2024-03-13,2024-03-15,2,RESIDUAL_REVERTED,27.258529663085938,26.58489227294922,-0.024712902656997437,-353.8384337959281,14317.963320902722
MMM,-1,2024-03-13,2024-03-15,2,RESIDUAL_REVERTED,79.28701782226562,81.89493560791016,-0.032892115976547176,-470.94811009908216,14317.963320902722
DLTR,1,2024-03-14,2024-03-15,1,RESIDUAL_REVERTED,128.5399932861328,124.68000030517578,-0.03002950974460228,-428.4253900555354,14266.812668579922
MCD,1,2024-03-14,2024-03-15,1,RESIDUAL_REVERTED,265.7762756347656,265.2774658203125,-0.0018768033875927737,-26.776002346542622,14266.812668579922
DG,-1,2024-03-14,2024-03-15,1,RESIDUAL_REVERTED,157.27658081054688,141.8348388671875,0.09818208066183909,1400.7453522138624,14266.812668579922
GL,1,2024-03-14,2024-03-18,2,RESIDUAL_REVERTED,116.42463684082031,113.91024017333984,-0.02159677483828648,-308.1171408633336,14266.812668579922
FICO,1,2024-03-14,2024-03-18,2,RESIDUAL_REVERTED,1251.52001953125,1217.969970703125,-0.026807440795626247,-382.45673595524687,14266.812668579922
MSFT,-1,2024-03-15,2024-03-18,1,RESIDUAL_REVERTED,411.2850341796875,406.3412170410156,0.012020415837722842,171.04529830151975,14229.565816245791
CTAS,-1,2024-03-15,2024-03-18,1,RESIDUAL_REVERTED,153.80056762695312,154.43182373046875,-0.00410438084368292,-58.40355735012447,14229.565816245793
NEE,-1,2024-03-14,2024-03-19,3,RESIDUAL_REVERTED,55.09327697753906,56.20073318481445,-0.02010147640567639,-286.78399824166297,14266.812668579922
JBL,1,2024-03-18,2024-03-19,1,RESIDUAL_REVERTED,123.55703735351562,122.48192596435547,-0.008701336744455057,-123.86202274385758,14234.82694458278
ADBE,1,2024-03-18,2024-03-19,1,RESIDUAL_REVERTED,495.54998779296875,509.8900146484375,0.02893759904895754,411.9217146536343,14234.82694458278
CSGP,-1,2024-03-18,2024-03-20,2,RESIDUAL_REVERTED,96.33000183105469,95.02999877929688,0.013495308076893697,192.10337503841134,14234.82694458278
CMI,-1,2024-03-18,2024-03-20,2,RESIDUAL_REVERTED,264.07574462890625,267.8832702636719,-0.014418308808013203,-205.2421307156227,14234.82694458278
ABT,1,2024-03-19,2024-03-20,1,RESIDUAL_REVERTED,106.72917175292969,107.2607421875,0.004980554293074313,70.95023849325668,14245.450268841996
IP,1,2024-03-19,2024-03-20,1,RESIDUAL_REVERTED,32.049522399902344,35.199581146240234,0.09828722896499342,1400.145832283102,14245.450268841996
PEP,-1,2024-03-19,2024-03-20,1,RESIDUAL_REVERTED,155.89134216308594,156.98468017578125,-0.007013462053277575,-99.90992489237605,14245.450268841996
MTCH,-1,2024-03-19,2024-03-21,2,RESIDUAL_REVERTED,33.67204284667969,34.80500411987305,-0.03364694201513463,-479.3158391752103,14245.450268841996
FMC,1,2024-03-20,2024-03-21,1,RESIDUAL_REVERTED,57.32499313354492,58.20025634765625,0.015268439929374322,219.3662741851229,14367.30112570916
NDAQ,-1,2024-03-20,2024-03-21,1,RESIDUAL_REVERTED,58.0015754699707,59.19198989868164,-0.02052382920748852,-294.8720344766131,14367.30112570916
ULTA,1,2024-03-18,2024-03-22,4,RESIDUAL_REVERTED,534.3599853515625,522.0,-0.023130447058888004,-329.25791103410484,14234.82694458278
AMCR,1,2024-03-21,2024-03-22,1,RESIDUAL_REVERTED,40.192138671875,40.49729537963867,0.00759244762402278,109.1020454496576,14369.812062246516
VRSN,1,2024-03-21,2024-03-22,1,RESIDUAL_REVERTED,185.96469116210938,188.97010803222656,0.01616122314045798,232.23373922440933,14369.812062246516
F,-1,2024-03-21,2024-03-22,1,RESIDUAL_REVERTED,11.15848445892334,11.115303039550781,0.003869828338384007,55.608705935733276,14369.812062246516
RCL,-1,2024-03-21,2024-03-22,1,RESIDUAL_REVERTED,132.23985290527344,130.9734344482422,0.009576677750378404,137.61505945363595,14369.812062246516
COF,-1,2024-03-21,2024-03-22,1,RESIDUAL_REVERTED,137.59494018554688,138.2025604248047,-0.004416007147053813,-63.457192768700246,14369.812062246516
MU,-1,2024-03-22,2024-03-25,1,RESIDUAL_REVERTED,108.42724609375,109.3497314453125,-0.008507874033477636,-122.20099544523444,14363.282174181984
GS,-1,2024-03-22,2024-03-25,1,RESIDUAL_REVERTED,393.555908203125,386.4046325683594,0.018170926889184535,260.994150275789,14363.282174181983
ACN,1,2024-03-22,2024-03-26,2,RESIDUAL_REVERTED,334.2869567871094,319.7925720214844,-0.04335910950559685,-622.7791246501439,14363.282174181983
NKE,1,2024-03-25,2024-03-26,1,RESIDUAL_REVERTED,88.34959411621094,88.03966522216797,-0.003507983224408484,-50.24490385828304,14323.017142351062
FDX,-1,2024-03-25,2024-03-26,1,RESIDUAL_REVERTED,215.13934326171875,216.93997192382812,-0.008369592631501499,-119.87781873549257,14323.01714235106
BDX,-1,2024-03-25,2024-03-26,1,RESIDUAL_REVERTED,182.8443603515625,180.5043182373047,0.012797999947925742,183.30597264194842,14323.017142351062
EQIX,1,2024-03-20,2024-03-27,5,RESIDUAL_REVERTED,759.6090087890625,767.2904052734375,0.010112303034188974,145.286502766617,14367.30112570916
LULU,1,2024-03-25,2024-03-27,2,RESIDUAL_REVERTED,405.0899963378906,387.0799865722656,-0.044459280477029184,-636.7910364090827,14323.017142351062
KIM,1,2024-03-25,2024-03-27,2,RESIDUAL_REVERTED,17.10938835144043,16.984500885009766,-0.007299353072440451,-104.54875918463789,14323.017142351062
EMN,-1,2024-03-26,2024-03-27,1,RESIDUAL_REVERTED,89.53417205810547,89.25521850585938,0.0031156098932266785,44.22912844590794,14195.977661408042
ALL,-1,2024-03-25,2024-03-28,3,RESIDUAL_REVERTED,158.5873260498047,163.83482360839844,-0.033089009628334054,-473.934452130049,14323.017142351062
KDP,-1,2024-03-26,2024-03-28,2,RESIDUAL_REVERTED,28.076826095581055,28.61832618713379,-0.0192863712482787,-273.78889541018617,14195.977661408042
UPS,1,2024-03-27,2024-03-28,1,RESIDUAL_REVERTED,124.4253158569336,126.9071044921875,0.019946010328858677,282.9193249137634,14184.256412643279
APA,1,2024-03-27,2024-03-28,1,RESIDUAL_REVERTED,29.607473373413086,30.846773147583008,0.04185766743888353,593.7198877882724,14184.256412643279
MKC,-1,2024-03-27,2024-03-28,1,RESIDUAL_REVERTED,72.76693725585938,71.86845397949219,0.012347410929334335,175.13884265395296,14184.256412643279
STX,-1,2024-03-27,2024-03-28,1,RESIDUAL_REVERTED,91.61460876464844,90.56111907958984,0.011499145161061985,163.10682349070933,14184.256412643277
GPN,1,2024-03-28,2024-04-01,1,RESIDUAL_REVERTED,128.6263885498047,129.7436065673828,0.008685760598382553,124.48523471577592,14332.105208950707
CTAS,-1,2024-03-28,2024-04-01,1,RESIDUAL_REVERTED,168.39990234375,167.75640869140625,0.0038212234293949487,54.76617621699508,14332.105208950707
NFLX,1,2024-03-28,2024-04-02,2,RESIDUAL_REVERTED,61.499000549316406,61.099998474121094,-0.0064879440581371295,-92.98589683100865,14332.105208950707
V,1,2024-03-28,2024-04-02,2,RESIDUAL_REVERTED,273.2988586425781,272.8180847167969,-0.0017591508730375738,-25.21233539079127,14332.105208950707
GE,1,2024-04-01,2024-04-02,1,RESIDUAL_REVERTED,138.06271362304688,138.44332885742188,0.0027568285772956447,39.44224209356905,14307.107238514114
CCL,1,2024-04-01,2024-04-02,1,RESIDUAL_REVERTED,16.219362258911133,15.589482307434082,-0.03883506277387605,-555.6174077202728,14307.107238514114
COF,-1,2024-04-01,2024-04-02,1,RESIDUAL_REVERTED,143.5550994873047,139.35984802246094,0.029223980756007628,418.11062661247365,14307.107238514114
EL,-1,2024-04-01,2024-04-02,1,RESIDUAL_REVERTED,147.3404083251953,147.44552612304688,-0.0007134349568216347,-10.207190434951306,14307.107238514114
BXP,-1,2024-04-01,2024-04-02,1,RESIDUAL_REVERTED,58.29677200317383,55.72760772705078,0.044070437999263024,630.520482503744,14307.107238514114
INVH,-1,2024-04-01,2024-04-02,1,RESIDUAL_REVERTED,32.31992721557617,31.657184600830078,0.02050569638741928,293.3771972152188,14307.107238514114
HUM,1,2024-04-03,2024-04-04,1,RESIDUAL_REVERTED,296.81024169921875,299.9835510253906,0.010691374084684124,153.8877916871942,14393.640187714
DHI,1,2024-04-03,2024-04-04,1,RESIDUAL_REVERTED,150.40956115722656,155.75424194335938,0.03553418243502415,511.4662363343247,14393.640187714
CI,-1,2024-04-03,2024-04-04,1,RESIDUAL_REVERTED,346.8453674316406,346.597900390625,0.0007134794471902461,10.269566444185505,14393.640187714
HD,1,2024-04-02,2024-04-05,3,RESIDUAL_REVERTED,341.786865234375,335.3918762207031,-0.01871045866343224,-269.8114944917103,14420.357049772903
ADSK,1,2024-04-03,2024-04-05,2,RESIDUAL_REVERTED,247.58999633789062,246.0,-0.006421892489229308,-92.43440981415043,14393.640187714
ELV,-1,2024-04-03,2024-04-05,2,RESIDUAL_REVERTED,477.6876525878906,477.2665100097656,0.0008816275150580477,12.689829231334729,14393.640187714
PSX,-1,2024-04-03,2024-04-05,2,RESIDUAL_REVERTED,156.70860290527344,159.17616271972656,-0.015746166890050706,-226.64466055108582,14393.640187714
GD,-1,2024-04-02,2024-04-08,4,RESIDUAL_REVERTED,278.08349609375,282.0860290527344,-0.014393277613407918,-207.5562023018451,14420.357049772902
DOW,-1,2024-04-03,2024-04-08,3,RESIDUAL_REVERTED,51.27877426147461,51.77101516723633,-0.009599311076581962,-138.16902968625814,14393.640187714002
ABBV,1,2024-04-05,2024-04-08,1,RESIDUAL_REVERTED,154.44432067871094,155.5567169189453,0.007202571356110132,103.35085577594215,14349.160968501412
AAL,1,2024-04-03,2024-04-09,4,RESIDUAL_REVERTED,14.300000190734863,13.960000038146973,-0.023776234129575746,-342.2265590799593,14393.640187714
CAG,-1,2024-04-05,2024-04-09,2,RESIDUAL_REVERTED,26.238739013671875,26.81119155883789,-0.021817075312488665,-313.05672552081904,14349.160968501412
HPQ,1,2024-04-08,2024-04-09,1,RESIDUAL_REVERTED,26.349822998046875,26.493812561035156,0.005464536251304386,78.06105033932705,14285.027447790071
ACGL,-1,2024-04-08,2024-04-09,1,RESIDUAL_REVERTED,90.1737060546875,89.8218765258789,0.0039016864693929287,55.73569830794981,14285.027447790071
GE,-1,2024-04-08,2024-04-09,1,RESIDUAL_REVERTED,155.13182067871094,153.8116912841797,0.008509726687636388,121.5616793060776,14285.027447790071
LW,1,2024-04-05,2024-04-10,3,RESIDUAL_REVERTED,76.83045959472656,74.7600326538086,-0.02694799630041622,-386.68113669325277,14349.16096850141
J,1,2024-04-08,2024-04-10,2,RESIDUAL_REVERTED,119.7928237915039,116.8773422241211,-0.02433769799480745,-347.66468387185046,14285.027447790071
CF,1,2024-04-09,2024-04-10,1,RESIDUAL_REVERTED,75.55342102050781,75.06233215332031,-0.00649988922479372,-92.50324833100768,14231.511512251003
CPT,-1,2024-04-09,2024-04-11,2,RESIDUAL_REVERTED,94.46714782714844,93.44690704345703,0.01079995328702199,153.69965953602684,14231.511512251003
MAA,-1,2024-04-09,2024-04-11,2,RESIDUAL_REVERTED,119.81929779052734,120.31326293945312,-0.004122584241724958,-58.67060509633368,14231.511512251003
HIG,1,2024-04-10,2024-04-11,1,RESIDUAL_REVERTED,94.42525482177734,94.6168441772461,0.002029005437479192,28.982144558830285,14283.916653686483
HII,1,2024-04-10,2024-04-11,1,RESIDUAL_REVERTED,259.3278503417969,261.074951171875,0.006737035099683375,96.23124785683785,14283.916653686483
RVTY,-1,2024-04-10,2024-04-11,1,RESIDUAL_REVERTED,107.29348754882812,108.64432525634766,-0.012590118360210623,-179.8362013172965,14283.916653686483
ADI,-1,2024-04-10,2024-04-11,1,RESIDUAL_REVERTED,193.02789306640625,190.6967010498047,0.012076969704060248,172.50642868189277,14283.916653686481
VICI,1,2024-04-11,2024-04-12,1,RESIDUAL_REVERTED,24.29511833190918,24.243505477905273,-0.002124412538304754,-30.49685900908696,14355.431658967014
DHI,1,2024-04-11,2024-04-12,1,RESIDUAL_REVERTED,145.27911376953125,145.52249145507812,0.0016752420856103178,24.048823272202984,14355.431658967014
PSA,1,2024-04-11,2024-04-12,1,RESIDUAL_REVERTED,250.6183624267578,248.31015014648438,-0.00921006847991035,-132.21450863775965,14355.431658967014
CSCO,-1,2024-04-10,2024-04-15,3,RESIDUAL_REVERTED,47.017906188964844,47.00845718383789,0.00020096609766029339,2.8705829891959764,14283.916653686483
GL,1,2024-04-12,2024-04-15,1,RESIDUAL_REVERTED,58.58369064331055,57.90715789794922,-0.011548141435479553,-164.98436951283117,14286.659930051375
FAST,1,2024-04-12,2024-04-15,1,RESIDUAL_REVERTED,32.94373321533203,33.782249450683594,0.02545298159958742,363.6380923191603,14286.659930051375
IT,-1,2024-04-12,2024-04-15,1,RESIDUAL_REVERTED,469.9599914550781,470.3699951171875,-0.0008724224818370541,-12.46400331333787,14286.659930051375
DAL,-1,2024-04-12,2024-04-15,1,RESIDUAL_REVERTED,45.493717193603516,45.96042251586914,-0.010258676385565657,-146.56222085302588,14286.659930051375
AAPL,-1,2024-04-12,2024-04-16,2,RESIDUAL_REVERTED,172.38075256347656,169.89784240722656,0.01440363914953735,205.77989428461436,14286.659930051375
JPM,1,2024-04-15,2024-04-16,1,RESIDUAL_REVERTED,176.08489990234375,174.55787658691406,-0.00867208554666854,-123.96993046479817,14295.284542300518
ZTS,1,2024-04-15,2024-04-16,1,RESIDUAL_REVERTED,145.72698974609375,144.83982849121094,-0.006087830788439108,-87.02727336611404,14295.284542300518
ANET,1,2024-04-15,2024-04-17,2,RESIDUAL_REVERTED,68.82499694824219,65.71749877929688,-0.04515072003972942,-645.4423902576817,14295.284542300518
CRM,1,2024-04-16,2024-04-17,1,RESIDUAL_REVERTED,269.98480224609375,272.8931579589844,0.010772294176172315,152.70719762165066,14175.921593325062
MTB,-1,2024-04-16,2024-04-17,1,RESIDUAL_REVERTED,130.27891540527344,128.82901000976562,0.011129240606566504,157.7672422319363,14175.921593325062
GS,-1,2024-04-16,2024-04-17,1,RESIDUAL_REVERTED,384.10638427734375,382.1594543457031,0.005068725778415661,71.85385921288672,14175.921593325062
CNC,-1,2024-04-16,2024-04-17,1,RESIDUAL_REVERTED,73.94000244140625,72.47000122070312,0.019881000435021945,281.83150336373325,14175.921593325062
MOH,1,2024-04-16,2024-04-18,2,RESIDUAL_REVERTED,368.8900146484375,362.489990234375,-0.017349410826860923,-245.94388757196592,14175.921593325062
LYV,1,2024-04-17,2024-04-18,1,RESIDUAL_REVERTED,92.75,91.36000061035156,-0.014986516330441346,-213.3673507211433,14237.288107292865
BAC,1,2024-04-17,2024-04-18,1,RESIDUAL_REVERTED,32.95969772338867,33.5737419128418,0.01863015233350862,265.2428462549153,14237.288107292865
TRV,1,2024-04-18,2024-04-19,1,RESIDUAL_REVERTED,200.1291046142578,203.2393035888672,0.015540962822994553,220.51315871360973,14189.156825427568
NKE,-1,2024-04-12,2024-04-22,6,RESIDUAL_REVERTED,86.41487121582031,88.87554168701172,-0.028475081158726878,-406.8138009953428,14286.659930051375
UNH,-1,2024-04-17,2024-04-22,3,RESIDUAL_REVERTED,452.75787353515625,470.9023132324219,-0.04007537087227875,-570.5646011152438,14237.288107292865
UAL,-1,2024-04-18,2024-04-22,2,RESIDUAL_REVERTED,49.220001220703125,51.86000061035156,-0.053636719304630764,-761.0598218148444,14189.156825427572
ED,-1,2024-04-18,2024-04-22,2,RESIDUAL_REVERTED,83.38957214355469,84.12541198730469,-0.008824123026836661,-125.20686547465235,14189.15682542757
SNA,1,2024-04-19,2024-04-22,1,RESIDUAL_REVERTED,245.4252471923828,251.6708526611328,0.025448096885705596,357.95725354396535,14066.16986534003
EFX,1,2024-04-19,2024-04-22,1,RESIDUAL_REVERTED,212.05581665039062,215.73641967773438,0.017356765239841643,244.14320817644298,14066.169865340029
PLD,1,2024-04-18,2024-04-23,3,RESIDUAL_REVERTED,97.53692626953125,96.22979736328125,-0.013401374804839716,-190.15420878220377,14189.15682542757
SO,-1,2024-04-18,2024-04-23,3,RESIDUAL_REVERTED,64.43624114990234,67.170166015625,-0.04242837286803458,-602.0228364722602,14189.15682542757
LVS,1,2024-04-19,2024-04-23,2,RESIDUAL_REVERTED,43.951026916503906,44.53957748413086,0.01339105383692285,188.36083794607146,14066.16986534003
NFLX,1,2024-04-22,2024-04-24,2,RESIDUAL_REVERTED,55.066001892089844,57.430999755859375,0.04294842157605894,602.0183818920412,14017.241141817178
VZ,1,2024-04-23,2024-04-24,1,RESIDUAL_REVERTED,33.579402923583984,34.08857727050781,0.015163293644099296,213.47246173133723,14078.238326170625
CAH,1,2024-04-23,2024-04-24,1,RESIDUAL_REVERTED,99.5252685546875,100.0196533203125,0.004967429606616447,69.93265787042127,14078.238326170625
T,-1,2024-04-23,2024-04-24,1,RESIDUAL_REVERTED,14.720117568969727,15.187422752380371,-0.031746022490726,-446.92807053241404,14078.238326170625
F,-1,2024-04-23,2024-04-24,1,RESIDUAL_REVERTED,11.270761489868164,11.175758361816406,0.008429166754807205,118.66781846520978,14078.238326170625
C,-1,2024-04-23,2024-04-25,2,RESIDUAL_REVERTED,56.98426818847656,57.693302154541016,-0.012442626510869692,-175.1702614235539,14078.238326170625
LKQ,1,2024-04-24,2024-04-25,1,RESIDUAL_REVERTED,37.9660530090332,39.63982009887695,0.044085886132158913,623.759761911489,14148.740484462664
MSCI,1,2024-04-24,2024-04-25,1,RESIDUAL_REVERTED,438.0382385253906,451.9586486816406,0.0317789839606506,449.6325969191458,14148.740484462664
DHR,-1,2024-04-24,2024-04-25,1,RESIDUAL_REVERTED,245.6462860107422,246.53407287597656,-0.003614086252440085,-51.1347684742382,14148.740484462662
TDY,1,2024-04-25,2024-04-26,1,RESIDUAL_REVERTED,365.44000244140625,372.9599914550781,0.020577903249323626,291.8306110571227,14181.746678525851
FTV,1,2024-04-25,2024-04-26,1,RESIDUAL_REVERTED,56.49919891357422,56.66318130493164,0.0029023843613829037,41.1608797768479,14181.746678525851
OTIS,1,2024-04-25,2024-04-26,1,RESIDUAL_REVERTED,89.38137817382812,88.7704849243164,-0.006834681473848581,-96.92772129053456,14181.746678525851
WAB,-1,2024-04-25,2024-04-26,1,RESIDUAL_REVERTED,160.4871826171875,161.08004760742188,-0.003694157879564397,-52.38961123846262,14181.746678525851
HAS,-1,2024-04-25,2024-04-26,1,RESIDUAL_REVERTED,59.119834899902344,58.73777389526367,0.0064624842962696105,91.64931520364723,14181.746678525851
TXT,1,2024-04-26,2024-04-29,1,RESIDUAL_REVERTED,84.3072280883789,85.9333267211914,0.019287772468427722,274.5198089115936,14232.841524906793
TYL,-1,2024-04-26,2024-04-29,1,RESIDUAL_REVERTED,459.0,458.30999755859375,0.00150327329282407,21.39585054538985,14232.841524906795
MCK,-1,2024-04-23,2024-04-30,5,RESIDUAL_REVERTED,523.0538330078125,530.4639892578125,-0.014167100559015156,-199.44781806064046,14078.238326170625
IBM,1,2024-04-26,2024-04-30,2,RESIDUAL_REVERTED,155.8464813232422,154.90675354003906,-0.0060298299661577515,-85.82161433045691,14232.841524906795
CINF,1,2024-04-29,2024-04-30,1,RESIDUAL_REVERTED,104.95838165283203,106.60881805419922,0.01572467463176297,223.5767702127811,14218.212805571693
FTNT,1,2024-04-29,2024-04-30,1,RESIDUAL_REVERTED,64.3499984741211,63.790000915527344,-0.008702370969269846,-123.73216235410781,14218.212805571693
RMD,-1,2024-04-29,2024-04-30,1,RESIDUAL_REVERTED,209.0764923095703,209.97488403320312,-0.004296952343655125,-61.09498283748938,14218.212805571693
CARR,-1,2024-04-26,2024-05-01,3,RESIDUAL_REVERTED,57.63658142089844,59.23222351074219,-0.02768453732866938,-394.02963248931655,14232.841524906795
AON,1,2024-04-29,2024-05-01,2,RESIDUAL_REVERTED,276.4539794921875,277.040771484375,0.0021225666321220693,30.17910406951842,14218.212805571693
BALL,-1,2024-04-29,2024-05-01,2,RESIDUAL_REVERTED,67.86959075927734,67.22230529785156,0.009537194112774317,135.6018554634706,14218.212805571693
BEN,1,2024-04-30,2024-05-01,1,RESIDUAL_REVERTED,20.250932693481445,20.136423110961914,-0.0056545337566793474,-80.21057848082492,14185.179880848333
TSLA,-1,2024-04-30,2024-05-01,1,RESIDUAL_REVERTED,186.97999572753906,182.0,0.026633842343197767,377.805844556415,14185.179880848335
GEHC,1,2024-05-01,2024-05-02,1,RESIDUAL_REVERTED,76.21526336669922,78.87464141845703,0.034892985135570376,497.3322424475174,14253.072373006318
FFIV,1,2024-05-01,2024-05-02,1,RESIDUAL_REVERTED,164.5500030517578,167.52999877929688,0.01810997066102593,258.12272250462377,14253.072373006318
TAP,1,2024-05-01,2024-05-02,1,RESIDUAL_REVERTED,51.7467155456543,52.01069641113281,0.005101403300574958,72.71067044698854,14253.072373006318
GLW,-1,2024-05-01,2024-05-03,2,RESIDUAL_REVERTED,31.969009399414062,32.29425048828125,-0.010173636749380988,-145.005580885605,14253.072373006318
CDW,1,2024-05-02,2024-05-03,1,RESIDUAL_REVERTED,208.37376403808594,211.46905517578125,0.014854514684149889,212.3243057101551,14293.587520345674
GRMN,-1,2024-05-02,2024-05-03,1,RESIDUAL_REVERTED,157.4907989501953,159.20970153808594,-0.010914304831447286,-156.0045713320248,14293.587520345673
VRSK,-1,2024-05-02,2024-05-03,1,RESIDUAL_REVERTED,229.59219360351562,229.8571014404297,-0.0011538190073288046,-16.492212963893344,14293.587520345674
LDOS,-1,2024-05-01,2024-05-06,3,RESIDUAL_REVERTED,135.9725341796875,138.59054565429688,-0.01925397279975427,-274.4282677827942,14253.072373006318
CVS,1,2024-05-02,2024-05-06,2,RESIDUAL_REVERTED,51.67657470703125,51.31000900268555,-0.007093459781803757,-101.39098821326405,14293.587520345674
HII,1,2024-05-03,2024-05-06,1,RESIDUAL_REVERTED,233.8812255859375,234.5269012451172,0.0027606989725750264,39.36437238297145,14258.842696729967
AME,1,2024-05-03,2024-05-06,1,RESIDUAL_REVERTED,161.1050567626953,164.3527374267578,0.02015877545573419,287.44080818201604,14258.842696729967
PAYC,1,2024-05-03,2024-05-06,1,RESIDUAL_REVERTED,169.32701110839844,169.013427734375,-0.0018519394629997743,-26.406513486779783,14258.842696729967
TECH,-1,2024-05-02,2024-05-07,3,RESIDUAL_REVERTED,73.48127746582031,75.86979675292969,-0.032505141030249485,-464.6150781770487,14293.587520345674
EXPE,1,2024-05-06,2024-05-07,1,RESIDUAL_REVERTED,114.20671844482422,114.04888916015625,-0.001381961471419224,-19.710403510216135,14262.628819871847
AMGN,-1,2024-05-06,2024-05-07,1,RESIDUAL_REVERTED,288.6279602050781,280.1514587402344,0.029368261684768693,418.8686154947206,14262.628819871847
MSI,-1,2024-05-06,2024-05-07,1,RESIDUAL_REVERTED,346.0598449707031,344.5110778808594,0.0044754313808782475,63.8314165942731,14262.628819871845
PANW,-1,2024-05-06,2024-05-08,2,RESIDUAL_REVERTED,149.4949951171875,151.4499969482422,-0.013077373122238445,-186.5177187814567,14262.628819871848
TSN,1,2024-05-07,2024-05-08,1,RESIDUAL_REVERTED,53.92313766479492,54.106895446777344,0.003407772432025835,48.96746099527511,14369.345950182842
TMUS,1,2024-05-07,2024-05-08,1,RESIDUAL_REVERTED,156.03846740722656,155.7987518310547,-0.0015362594887982084,-22.075044063791875,14369.345950182842
BF-B,1,2024-05-07,2024-05-08,1,RESIDUAL_REVERTED,44.04826736450195,43.99238967895508,-0.0012685558113894047,-18.228317310969835,14369.34595018284
PWR,-1,2024-05-07,2024-05-08,1,RESIDUAL_REVERTED,269.95343017578125,265.1851501464844,0.01766334299287098,253.8106861013013,14369.345950182842
FAST,1,2024-05-07,2024-05-09,2,RESIDUAL_REVERTED,31.92963981628418,31.943925857543945,0.000447422562295241,6.429169583537376,14369.345950182842
BLDR,1,2024-05-08,2024-05-09,1,RESIDUAL_REVERTED,162.00999450683594,163.0800018310547,0.006604576016904895,94.52541066144086,14312.1088196268
FIS,-1,2024-05-08,2024-05-09,1,RESIDUAL_REVERTED,69.7560043334961,69.49417877197266,0.0037534483808974173,53.719761676256546,14312.108819626801
KVUE,-1,2024-05-08,2024-05-10,2,RESIDUAL_REVERTED,18.072792053222656,18.53181266784668,-0.025398433915039265,-363.50515004014267,14312.1088196268
IFF,-1,2024-05-08,2024-05-10,2,RESIDUAL_REVERTED,90.48624420166016,92.4328842163086,-0.021513104359930146,-307.89789064730775,14312.1088196268
BR,1,2024-05-09,2024-05-10,1,RESIDUAL_REVERTED,183.2019805908203,185.29336547851562,0.011415732957420266,163.25010998718855,14300.449265596571
UBER,1,2024-05-09,2024-05-10,1,RESIDUAL_REVERTED,66.80999755859375,67.81999969482422,0.015117529907775706,216.18746946728655,14300.449265596571
MTCH,1,2024-05-09,2024-05-10,1,RESIDUAL_REVERTED,28.9289608001709,29.351425170898438,0.014603510082707327,208.83675503738328,14300.449265596571
HPQ,-1,2024-05-09,2024-05-10,1,RESIDUAL_REVERTED,26.44881820678711,26.853782653808594,-0.015311249215572253,-218.95774260019746,14300.449265596571
EMR,-1,2024-05-09,2024-05-13,2,RESIDUAL_REVERTED,109.6987533569336,110.73446655273438,-0.0094414308650419,-135.01670308017052,14300.449265596571
EPAM,1,2024-05-10,2024-05-13,1,RESIDUAL_REVERTED,182.97999572753906,185.0,0.011039481471344814,158.0897842351682,14320.39943592646
CPAY,1,2024-05-10,2024-05-13,1,RESIDUAL_REVERTED,285.3299865722656,284.17999267578125,-0.0040303997147286275,-57.71693380135763,14320.39943592646
EQIX,-1,2024-05-10,2024-05-13,1,RESIDUAL_REVERTED,721.2491455078125,721.1639404296875,0.00011813543025418483,1.6917465487743903,14320.39943592646
AKAM,1,2024-05-13,2024-05-14,1,RESIDUAL_REVERTED,91.47000122070312,94.30000305175781,0.03093912532291676,442.661290822965,14307.492089800062
MTD,-1,2024-05-13,2024-05-14,1,RESIDUAL_REVERTED,1505.010009765625,1467.8900146484375,0.024664284540518278,352.8840559640425,14307.49208980006
CBRE,-1,2024-05-13,2024-05-14,1,RESIDUAL_REVERTED,90.76000213623047,89.0,0.01939182563690023,277.44839190673133,14307.492089800062
PODD,1,2024-05-13,2024-05-15,2,RESIDUAL_REVERTED,166.0,174.25,0.04969879518072284,711.0651189207862,14307.49208980006
ATO,1,2024-05-13,2024-05-15,2,RESIDUAL_REVERTED,110.96690368652344,111.75912475585938,0.00713925542677063,102.14484054558181,14307.492089800062
ADM,1,2024-05-14,2024-05-15,1,RESIDUAL_REVERTED,57.8640251159668,56.64191436767578,-0.02112038949661299,-303.1775744547678,14354.734059397313
INCY,-1,2024-05-14,2024-05-15,1,RESIDUAL_REVERTED,57.599998474121094,57.43000030517578,0.00295135717792927,42.365947403468084,14354.734059397313
NDSN,1,2024-05-14,2024-05-16,2,RESIDUAL_REVERTED,265.44122314453125,265.87664794921875,0.0016403812472278734,23.547236559977602,14354.734059397313
KMX,-1,2024-05-14,2024-05-16,2,RESIDUAL_REVERTED,76.19999694824219,74.26000213623047,0.02545925052109166,365.4607705818434,14354.734059397313
ORCL,-1,2024-05-15,2024-05-16,1,RESIDUAL_REVERTED,117.25432586669922,118.98138427734375,-0.014729165835706048,-211.95544875875632,14390.186866179447
BG,1,2024-05-15,2024-05-17,2,RESIDUAL_REVERTED,96.108154296875,97.27236938476562,0.01211359323678618,174.31687029824027,14390.186866179447
BF-B,1,2024-05-16,2024-05-17,1,RESIDUAL_REVERTED,44.46733474731445,45.407894134521484,0.02115169241763093,303.74207362626566,14360.178260396844
DHI,-1,2024-05-16,2024-05-17,1,RESIDUAL_REVERTED,152.75611877441406,148.59039306640625,0.02727043434613341,391.60829844892413,14360.178260396846
GEN,-1,2024-05-13,2024-05-20,5,RESIDUAL_REVERTED,22.389995574951172,24.02566909790039,-0.0730537671378162,-1045.2161954544013,14307.49208980006
COO,-1,2024-05-15,2024-05-20,3,RESIDUAL_REVERTED,96.55000305175781,97.29000091552734,-0.007664400211078615,-110.29215125460613,14390.186866179447
FOX,1,2024-05-16,2024-05-20,2,RESIDUAL_REVERTED,29.82529640197754,29.58210563659668,-0.008153842365996922,-117.09062988289145,14360.178260396844
AMZN,1,2024-05-16,2024-05-20,2,RESIDUAL_REVERTED,185.60000610351562,184.33999633789062,-0.006788845496708884,-97.48903151503244,14360.178260396844
MLM,1,2024-05-17,2024-05-20,1,RESIDUAL_REVERTED,575.2941284179688,572.6024780273438,-0.004678737810216993,-67.4575465768286,14417.89416571294
WMT,-1,2024-05-17,2024-05-21,2,RESIDUAL_REVERTED,62.909183502197266,63.193172454833984,-0.004514268614324024,-65.08624711692315,14417.89416571294
CB,-1,2024-05-17,2024-05-21,2,RESIDUAL_REVERTED,260.6600646972656,258.2815856933594,0.009124830866088507,131.56084570729558,14417.89416571294
LRCX,1,2024-05-20,2024-05-21,1,RESIDUAL_REVERTED,89.62384033203125,95.23715209960938,0.06263190404229912,902.2743000373436,14405.985477113742
EBAY,1,2024-05-20,2024-05-21,1,RESIDUAL_REVERTED,49.521121978759766,49.2131233215332,-0.006219541175958576,-89.59861985516984,14405.985477113742
VLO,-1,2024-05-20,2024-05-21,1,RESIDUAL_REVERTED,155.27322387695312,152.67288208007812,0.016746878386035502,241.25528681621765,14405.985477113742
JPM,1,2024-05-21,2024-05-22,1,RESIDUAL_REVERTED,188.01478576660156,189.92356872558594,0.010152302390482815,147.39947249325436,14518.822117772352
TJX,1,2024-05-21,2024-05-22,1,RESIDUAL_REVERTED,95.6727523803711,99.27021026611328,0.03760169741369612,545.9323560757543,14518.82211777235
JBL,-1,2024-05-21,2024-05-22,1,RESIDUAL_REVERTED,117.63423156738281,117.61432647705078,0.0001692117172595875,2.45675482313504,14518.82211777235
FSLR,-1,2024-05-22,2024-05-22,0,STOP_LOSS,213.3300018310547,241.3105521075107,-0.13116087768383844,-1904.8366956026696,14522.902935997827
WST,1,2024-05-21,2024-05-23,2,RESIDUAL_REVERTED,339.8954162597656,332.9930114746094,-0.0203074370967129,-294.84006687502654,14518.822117772352
CCL,-1,2024-05-21,2024-05-23,2,RESIDUAL_REVERTED,15.707585334777832,15.402486801147461,0.019423643235275567,282.0084210120381,14518.82211777235
NDSN,1,2024-05-22,2024-05-23,1,RESIDUAL_REVERTED,235.41867065429688,236.20457458496094,0.0033383245622780056,48.48216358682011,14522.902935997829
KEYS,1,2024-05-22,2024-05-23,1,RESIDUAL_REVERTED,147.1699981689453,148.83999633789062,0.011347409048875656,164.79732019188543,14522.902935997827
C,-1,2024-05-22,2024-05-23,1,RESIDUAL_REVERTED,60.50006103515625,60.0389518737793,0.0076216313419751325,110.68821219346319,14522.902935997829
HPQ,-1,2024-05-22,2024-05-24,2,RESIDUAL_REVERTED,29.481565475463867,29.499561309814453,-0.0006104097275825282,-8.864921224870708,14522.902935997829
TGT,1,2024-05-23,2024-05-24,1,RESIDUAL_REVERTED,130.84400939941406,133.04766845703125,0.016841879637685908,243.09614452340404,14434.026946697995
LULU,1,2024-05-23,2024-05-24,1,RESIDUAL_REVERTED,299.6499938964844,301.5299987792969,0.006274002740216833,90.55912461594681,14434.026946697995
ADI,-1,2024-05-23,2024-05-24,1,RESIDUAL_REVERTED,232.04193115234375,227.65887451171875,0.018889071552103953,272.64536778117497,14434.026946697995
FSLR,-1,2024-05-23,2024-05-24,1,RESIDUAL_REVERTED,245.0,253.8800048828125,-0.036244917889030503,-523.1601214911241,14434.026946697995
MDT,1,2024-05-24,2024-05-28,1,RESIDUAL_REVERTED,74.63838195800781,75.68898010253906,0.01407584297744191,204.0911250844647,14499.38915996317
BA,1,2024-05-24,2024-05-28,1,RESIDUAL_REVERTED,173.1999969482422,174.72999572753906,0.008833711352512763,128.08341862686817,14499.38915996317
LYV,1,2024-05-24,2024-05-28,1,RESIDUAL_REVERTED,94.25,95.55999755859375,0.013899178340517349,201.52959576289058,14499.38915996317
RL,-1,2024-05-24,2024-05-28,1,TRAILING_STOP,163.09335327148438,171.91401967833826,-0.05408354313600405,-784.178339078579,14499.38915996317
INTU,1,2024-05-28,2024-05-29,1,RESIDUAL_REVERTED,593.2070922851562,582.0411987304688,-0.018822926596636202,-272.24922243145556,14463.703135308853
ROST,-1,2024-05-28,2024-05-29,1,RESIDUAL_REVERTED,137.87521362304688,133.2104034423828,0.03383356629580814,489.3586589113598,14463.703135308853
CTAS,1,2024-05-28,2024-05-30,2,RESIDUAL_REVERTED,166.71241760253906,162.5963897705078,-0.02468938961610112,-357.10000199926435,14463.703135308853
DECK,-1,2024-05-28,2024-05-30,2,RESIDUAL_REVERTED,173.3333282470703,177.0016632080078,-0.02116347154950282,-306.1021698045631,14463.703135308853
PNR,1,2024-05-29,2024-05-30,1,RESIDUAL_REVERTED,76.06720733642578,76.78878784179688,0.009486091715970701,135.41568824311418,14275.182266594535
JKHY,1,2024-05-29,2024-05-30,1,RESIDUAL_REVERTED,156.12428283691406,156.53128051757812,0.0026068826275360557,37.213724655694755,14275.182266594535
MRK,1,2024-05-29,2024-05-30,1,RESIDUAL_REVERTED,116.6819076538086,116.53392791748047,-0.0012682320618820908,-18.1042438397058,14275.182266594535
NVDA,-1,2024-05-24,2024-05-31,4,RESIDUAL_REVERTED,104.15202331542969,112.2000732421875,-0.07727214191877851,-1120.3988569042729,14499.389159963168
NWSA,-1,2024-05-28,2024-05-31,3,RESIDUAL_REVERTED,26.28059959411621,26.319866180419922,-0.001494128250882909,-21.610627466848662,14463.703135308853
RL,-1,2024-05-29,2024-05-31,2,RESIDUAL_REVERTED,174.54867553710938,180.12158203125,-0.031927520945043364,-455.7711808110076,14275.182266594535
AAL,1,2024-05-30,2024-06-03,2,RESIDUAL_REVERTED,11.760000228881836,11.600000381469727,-0.01360542893691108,-193.8484803476046,14247.877170685935
CRM,1,2024-05-31,2024-06-03,1,RESIDUAL_REVERTED,215.28634643554688,230.5256805419922,0.07078634738691014,1005.4309355529157,14203.740871913391
NOW,1,2024-05-31,2024-06-03,1,RESIDUAL_REVERTED,130.35800170898438,131.9600067138672,0.01228927249482692,174.55364202085312,14203.740871913391
HPQ,-1,2024-05-31,2024-06-03,1,RESIDUAL_REVERTED,33.82820510864258,32.8472900390625,0.02899695879310693,411.8652887708413,14203.740871913391
UHS,-1,2024-05-30,2024-06-04,3,RESIDUAL_REVERTED,178.4408721923828,184.10693359375,-0.03175315908150478,-452.41511037453023,14247.877170685937
HRL,1,2024-05-31,2024-06-04,2,RESIDUAL_REVERTED,27.835216522216797,27.89866828918457,0.0022795499692676024,32.37813706805367,14203.740871913391
A,1,2024-05-31,2024-06-04,2,RESIDUAL_REVERTED,128.72616577148438,128.9619903564453,0.0018319863995606145,26.02106010022779,14203.740871913391
TMUS,-1,2024-06-03,2024-06-04,1,RESIDUAL_REVERTED,167.94338989257812,166.57676696777344,0.008137402285846584,116.44766486511887,14310.176733876966
CZR,-1,2024-06-03,2024-06-05,2,RESIDUAL_REVERTED,35.79999923706055,35.540000915527344,0.007262523102627649,103.92798913246561,14310.176733876966
COO,-1,2024-06-03,2024-06-05,2,RESIDUAL_REVERTED,94.33000183105469,94.94999694824219,-0.006572618521707652,-94.05533264998863,14310.176733876966
WM,1,2024-06-04,2024-06-05,1,RESIDUAL_REVERTED,194.4957275390625,195.8529510498047,0.006978166193751578,100.30319240929074,14373.861215731133
TSCO,1,2024-06-04,2024-06-05,1,RESIDUAL_REVERTED,50.792938232421875,51.65788650512695,0.017028908009754984,244.77116038767016,14373.861215731133
BBWI,1,2024-06-05,2024-06-06,1,RESIDUAL_REVERTED,41.886226654052734,43.818302154541016,0.04612674988477017,663.6094960359341,14386.65194694416
MKC,1,2024-06-05,2024-06-06,1,RESIDUAL_REVERTED,64.59587097167969,64.53939819335938,-0.000874247494008884,-12.577494411794035,14386.65194694416
HON,-1,2024-06-05,2024-06-06,1,RESIDUAL_REVERTED,196.41128540039062,197.5825653076172,-0.005963404316808418,-85.79342232482577,14386.651946944157
HAL,1,2024-06-04,2024-06-07,3,RESIDUAL_REVERTED,32.36919021606445,31.878807067871094,-0.015149688482166246,-217.7595197042178,14373.861215731133
TMUS,-1,2024-06-05,2024-06-07,2,RESIDUAL_REVERTED,172.2935791015625,172.7747802734375,-0.0027929141317062367,-40.180683530559364,14386.651946944157
BF-B,1,2024-06-06,2024-06-07,1,RESIDUAL_REVERTED,40.18356704711914,40.67414093017578,0.012208320940781503,175.5031417598104,14375.698559295599
CSCO,1,2024-06-06,2024-06-07,1,RESIDUAL_REVERTED,43.43460464477539,43.44405746459961,0.00021763338014757494,3.128631869443026,14375.698559295599
SNPS,-1,2024-06-06,2024-06-07,1,RESIDUAL_REVERTED,590.72998046875,577.75,0.021972780962378535,315.874075624583,14375.698559295599
ETN,1,2024-06-07,2024-06-10,1,RESIDUAL_REVERTED,305.0386657714844,305.0191650390625,-6.39287231752883e-05,-0.9249436510181609,14468.357963000914
XYL,1,2024-06-07,2024-06-10,1,RESIDUAL_REVERTED,132.6454315185547,133.092529296875,0.00337062327139237,48.7673840489248,14468.357963000914
SJM,-1,2024-06-07,2024-06-10,1,RESIDUAL_REVERTED,105.0775375366211,104.6933364868164,0.003656357569959079,52.901490162896614,14468.357963000914
SHW,1,2024-06-10,2024-06-11,1,RESIDUAL_REVERTED,285.1405334472656,287.4247741699219,0.008010929540744227,115.49225192373963,14416.835316842784
ENPH,1,2024-06-10,2024-06-11,1,RESIDUAL_REVERTED,123.2300033569336,129.38999938964844,0.04998779408349541,720.6657951540012,14416.835316842784
ABT,-1,2024-06-10,2024-06-11,1,RESIDUAL_REVERTED,102.67015075683594,102.37443542480469,0.002880246399283304,41.5240380103967,14416.835316842784
ADSK,-1,2024-06-04,2024-06-12,6,RESIDUAL_REVERTED,211.0,219.44000244140625,-0.04000001157064581,-574.9546149441013,14373.861215731133
HPE,-1,2024-06-06,2024-06-12,4,RESIDUAL_REVERTED,18.280973434448242,19.696640014648438,-0.07743934343958658,-1113.2446579172613,14375.698559295597
APD,-1,2024-06-10,2024-06-12,2,RESIDUAL_REVERTED,265.19219970703125,266.7779235839844,-0.005979526843945315,-86.20585378180164,14416.835316842784
LUV,-1,2024-06-11,2024-06-12,1,RESIDUAL_REVERTED,27.98909568786621,26.81260108947754,0.04203403395053962,606.2979540740338,14423.977360522866
CTVA,1,2024-06-10,2024-06-13,3,RESIDUAL_REVERTED,51.4835205078125,50.48632049560547,-0.01936930501976275,-279.24408067161585,14416.835316842784
HBAN,1,2024-06-11,2024-06-13,2,RESIDUAL_REVERTED,11.307232856750488,11.144280433654785,-0.014411344062700504,-207.86890049509762,14423.977360522867
TTWO,1,2024-06-11,2024-06-13,2,RESIDUAL_REVERTED,160.0,158.63999938964844,-0.008500003814697288,-122.60386258755138,14423.977360522867
STT,1,2024-06-12,2024-06-13,1,RESIDUAL_REVERTED,67.69684600830078,67.0514907836914,-0.009533017602182614,-138.2914202971381,14506.573476322577
NEE,1,2024-06-12,2024-06-14,2,RESIDUAL_REVERTED,69.11597442626953,68.15122985839844,-0.013958344302882564,-202.48774723757404,14506.573476322577
AAPL,-1,2024-06-12,2024-06-14,2,RESIDUAL_REVERTED,205.4119415283203,211.83074951171875,-0.03124846557430283,-453.3081618759616,14506.573476322577
ORCL,-1,2024-06-13,2024-06-14,1,RESIDUAL_REVERTED,137.02276611328125,135.8811492919922,0.008331584988915286,119.67631535801696,14364.171465242192
NTRS,-1,2024-06-13,2024-06-14,1,RESIDUAL_REVERTED,78.28329467773438,77.35787200927734,0.011821457850831107,169.80544753847207,14364.171465242192
ALGN,-1,2024-06-13,2024-06-17,2,RESIDUAL_REVERTED,264.1600036621094,251.4199981689453,0.04822836658292895,692.760527085748,14364.171465242192
LOW,-1,2024-06-13,2024-06-17,2,RESIDUAL_REVERTED,216.17074584960938,212.71728515625,0.01597561538582082,229.47647866469111,14364.171465242192
DHR,1,2024-06-14,2024-06-17,1,RESIDUAL_REVERTED,250.1443328857422,250.81509399414062,0.002681496321185195,38.339804785672406,14297.91437070735
WBD,1,2024-06-14,2024-06-17,1,RESIDUAL_REVERTED,7.289999961853027,7.21999979019165,-0.009602218385140304,-137.2916962395673,14297.91437070735
GNRC,1,2024-06-14,2024-06-17,1,RESIDUAL_REVERTED,134.02999877929688,134.77000427246094,0.005521193015771031,78.94154496364263,14297.91437070735
RTX,1,2024-06-14,2024-06-18,2,RESIDUAL_REVERTED,100.49800109863281,100.47879028320312,-0.00019115619434895148,-2.7331348982310466,14297.91437070735
PH,1,2024-06-17,2024-06-18,1,RESIDUAL_REVERTED,489.12628173828125,497.0582580566406,0.016216622607499787,233.83297101292783,14419.338519031966
ADBE,-1,2024-06-17,2024-06-18,1,RESIDUAL_REVERTED,525.510009765625,514.7100219726562,0.02055144068099768,296.3381802331103,14419.338519031966
GILD,-1,2024-06-17,2024-06-18,1,RESIDUAL_REVERTED,60.79200744628906,60.247459411621094,0.008957559678368754,129.1620853068294,14419.338519031966
HAS,-1,2024-06-17,2024-06-20,2,RESIDUAL_REVERTED,56.257503509521484,55.825252532958984,0.007683436867925386,110.79007718822706,14419.338519031968
BIO,-1,2024-06-18,2024-06-20,1,RESIDUAL_REVERTED,295.95001220703125,284.0,0.04037848188589244,584.8025929322632,14483.025750816643
EIX,1,2024-06-18,2024-06-21,2,RESIDUAL_REVERTED,63.526336669921875,64.16793823242188,0.010099772726290146,146.27526847225522,14483.025750816643
PCG,1,2024-06-18,2024-06-21,2,RESIDUAL_REVERTED,17.43656349182129,17.613685607910156,0.010158086263497124,147.11982493324723,14483.025750816643
CCI,1,2024-06-18,2024-06-21,2,RESIDUAL_REVERTED,85.66099548339844,86.12316131591797,0.0053952890683963695,78.1401105106843,14483.025750816641
STZ,-1,2024-06-18,2024-06-21,2,RESIDUAL_REVERTED,249.0523223876953,249.4784698486328,-0.0017110760375649292,-24.781558313659282,14483.025750816643
LEN,1,2024-06-20,2024-06-21,1,RESIDUAL_REVERTED,137.31687927246094,139.8682403564453,0.018580098073172957,270.2936911836148,14547.48463216568
PSA,-1,2024-06-20,2024-06-21,1,RESIDUAL_REVERTED,265.1737365722656,267.7728271484375,-0.009801463032382829,-142.58663283632873,14547.48463216568
BALL,1,2024-06-20,2024-06-24,2,RESIDUAL_REVERTED,59.984989166259766,58.80292510986328,-0.019705997664185126,-286.67269818122577,14547.48463216568
OXY,-1,2024-06-20,2024-06-24,2,RESIDUAL_REVERTED,59.22748947143555,58.71097183227539,0.008720910573278062,126.86731254325353,14547.48463216568
ACN,-1,2024-06-21,2024-06-25,2,RESIDUAL_REVERTED,294.10418701171875,295.01422119140625,-0.003094257817047863,-45.06409007235458,14563.77998758672
GILD,-1,2024-06-21,2024-06-25,2,RESIDUAL_REVERTED,67.17633819580078,66.32197570800781,0.012718205706639396,185.22514974836545,14563.77998758672
GS,1,2024-06-24,2024-06-25,1,RESIDUAL_REVERTED,431.14581298828125,438.9899597167969,0.018193721224259773,266.20389346348765,14631.635286822335
MS,1,2024-06-24,2024-06-25,1,RESIDUAL_REVERTED,91.024658203125,91.08112335205078,0.0006203280522050214,9.076413818050186,14631.635286822333
PKG,1,2024-06-24,2024-06-25,1,RESIDUAL_REVERTED,175.0222625732422,179.7342071533203,0.026921972729648136,393.9124861819868,14631.635286822333
OKE,1,2024-06-24,2024-06-25,1,RESIDUAL_REVERTED,71.49592590332031,72.41781616210938,0.01289430477529141,188.66476474919523,14631.635286822333
FDS,-1,2024-06-24,2024-06-25,1,RESIDUAL_REVERTED,411.4580078125,412.0694274902344,-0.0014859831772018328,-21.7423638911714,14631.635286822331
MCD,-1,2024-06-24,2024-06-25,1,RESIDUAL_REVERTED,245.31890869140625,246.3892059326172,-0.0043628811448745974,-63.83608571155827,14631.635286822333
DVN,-1,2024-06-25,2024-06-26,1,RESIDUAL_REVERTED,44.62202072143555,44.43437194824219,0.004205295281556332,61.880040001677614,14714.790724226457
POOL,1,2024-06-26,2024-06-27,1,RESIDUAL_REVERTED,294.14776611328125,297.4715881347656,0.011299837715593286,166.25005349487452,14712.60540896586
PNR,1,2024-06-26,2024-06-27,1,RESIDUAL_REVERTED,71.61102294921875,73.27845001220703,0.023284502780678062,342.5757015560839,14712.605408965857
LOW,1,2024-06-26,2024-06-27,1,RESIDUAL_REVERTED,207.07313537597656,210.0291290283203,0.014275119015205062,210.02419323673843,14712.605408965857
MHK,1,2024-06-26,2024-06-27,1,RESIDUAL_REVERTED,108.52999877929688,106.5,-0.01870449462940671,-275.19184885658194,14712.605408965856
ISRG,-1,2024-06-26,2024-06-27,1,RESIDUAL_REVERTED,441.25,442.1000061035156,-0.0019263594413951868,-28.341766337083236,14712.60540896586
RCL,-1,2024-06-26,2024-06-27,1,RESIDUAL_REVERTED,154.6778106689453,156.24391174316406,-0.010124923978725331,-148.96401129476325,14712.605408965857
MS,-1,2024-06-26,2024-06-27,1,RESIDUAL_REVERTED,91.63631439208984,90.41300201416016,0.013349646218806077,196.40807716658696,14712.605408965857
CCL,-1,2024-06-26,2024-06-28,2,RESIDUAL_REVERTED,17.616901397705078,18.335355758666992,-0.0407821071789336,-600.0110506698041,14712.605408965857
FDX,-1,2024-06-27,2024-06-28,1,RESIDUAL_REVERTED,225.8230438232422,226.4239959716797,-0.0026611639727427416,-39.146038776804744,14710.119022263712
RTX,1,2024-06-25,2024-07-01,4,RESIDUAL_REVERTED,97.4231948852539,96.93315124511719,-0.005030051013148351,-74.01614799066097,14714.79072422646
AJG,-1,2024-06-28,2024-07-01,1,RESIDUAL_REVERTED,253.1089324951172,254.4005126953125,-0.005102862974700528,-74.88580380478362,14675.252730880597
IP,1,2024-06-28,2024-07-02,2,RESIDUAL_REVERTED,38.68506622314453,39.076377868652344,0.01011531538425281,148.4448097164745,14675.252730880597
MU,1,2024-06-28,2024-07-02,2,RESIDUAL_REVERTED,131.87454223632812,128.9852752685547,-0.021909209456027368,-321.52318590100026,14675.252730880597
V,1,2024-06-28,2024-07-02,2,RESIDUAL_REVERTED,262.70458984375,258.8112487792969,-0.014820224750426991,-217.49054374096846,14675.252730880597
MA,1,2024-06-28,2024-07-02,2,RESIDUAL_REVERTED,438.70806884765625,429.1966552734375,-0.021680507493746726,-318.16692680448335,14675.252730880597
MKC,-1,2024-06-28,2024-07-02,2,RESIDUAL_REVERTED,66.62860107421875,65.77220916748047,0.012853217581205612,188.62421640918964,14675.252730880597
UNH,-1,2024-07-01,2024-07-02,1,RESIDUAL_REVERTED,481.4216003417969,469.555908203125,0.02464719516167857,360.0764037049431,14609.224349584001
RF,-1,2024-07-01,2024-07-02,1,RESIDUAL_REVERTED,18.340068817138672,18.121084213256836,0.011940228036505296,174.43747017049893,14609.224349584001
TFC,-1,2024-06-28,2024-07-03,3,RESIDUAL_REVERTED,34.30143356323242,35.85402297973633,-0.04526310580115589,-664.2475170165493,14675.252730880597
FTV,1,2024-07-02,2024-07-03,1,RESIDUAL_REVERTED,53.52372741699219,54.113216400146484,0.011013601099970405,161.52410350333372,14665.875587574074
MSFT,-1,2024-07-02,2024-07-03,1,RESIDUAL_REVERTED,445.3494873046875,450.2529602050781,-0.011010393051235079,-161.47705465970338,14665.875587574072
PKG,1,2024-07-03,2024-07-05,1,RESIDUAL_REVERTED,168.5315399169922,169.5345001220703,0.005951172140076011,86.95225595551683,14610.946198307265
ICE,-1,2024-07-03,2024-07-05,1,RESIDUAL_REVERTED,137.45916748046875,137.37155151367188,0.0006373963148680328,9.312963263535773,14610.946198307267
ON,-1,2024-07-03,2024-07-05,1,RESIDUAL_REVERTED,73.36000061035156,73.1500015258789,0.002862582916105194,41.825044975405966,14610.946198307267
EG,1,2024-07-03,2024-07-08,2,RESIDUAL_REVERTED,353.01422119140625,356.5806884765625,0.010102899744717453,147.61292461695734,14610.946198307267
TPR,1,2024-07-03,2024-07-08,2,RESIDUAL_REVERTED,39.1297607421875,38.91824722290039,-0.005405438604153434,-78.97857262353952,14610.946198307267
CF,1,2024-07-03,2024-07-08,2,RESIDUAL_REVERTED,67.3465805053711,66.6524658203125,-0.010306606212964864,-150.5892688647685,14610.946198307267
STZ,1,2024-07-05,2024-07-08,1,RESIDUAL_REVERTED,237.0921173095703,245.56748962402344,0.035747170385200366,519.0328275094553,14519.549992811157
DGX,-1,2024-07-05,2024-07-08,1,RESIDUAL_REVERTED,135.4029998779297,135.3394012451172,0.0004696988461838636,6.819815878732605,14519.549992811157
MOH,-1,2024-07-05,2024-07-08,1,RESIDUAL_REVERTED,294.19000244140625,293.239990234375,0.0032292470823187536,46.8872144508663,14519.549992811157
TSLA,-1,2024-07-03,2024-07-09,3,RESIDUAL_REVERTED,234.55999755859375,251.0,-0.07008868780917976,-1024.0620466898802,14610.946198307267
LUV,1,2024-07-08,2024-07-09,1,RESIDUAL_REVERTED,25.835704803466797,26.112585067749023,0.010716961909437606,155.74790504896748,14532.841150794142
BAX,-1,2024-07-08,2024-07-09,1,RESIDUAL_REVERTED,33.672611236572266,32.723541259765625,0.02818522062749451,409.6113341794644,14532.841150794142
META,-1,2024-07-08,2024-07-09,1,RESIDUAL_REVERTED,538.3087158203125,529.7728271484375,0.01585686506834172,230.4453011877866,14532.841150794142
ETSY,1,2024-07-09,2024-07-10,1,RESIDUAL_REVERTED,55.369998931884766,57.2400016784668,0.03377285141151032,495.11554977140474,14660.164276287936
WELL,1,2024-07-09,2024-07-10,1,RESIDUAL_REVERTED,100.19878387451172,101.22807312011719,0.010272472437335534,150.59613345497988,14660.164276287936
EXPD,1,2024-07-09,2024-07-11,2,RESIDUAL_REVERTED,117.57215881347656,118.64686584472656,0.009140829275364304,134.00605879834177,14660.164276287938
CMG,1,2024-07-09,2024-07-11,2,RESIDUAL_REVERTED,59.630001068115234,58.0,-0.02733525136538717,-400.73927555019986,14660.164276287938
GLW,-1,2024-07-09,2024-07-11,2,RESIDUAL_REVERTED,41.977210998535156,44.08811950683594,-0.0502870118830534,-737.2158551692079,14660.164276287938
INTC,-1,2024-07-09,2024-07-11,2,RESIDUAL_REVERTED,34.79924774169922,34.80918502807617,-0.0002855603790838934,-4.186362068168588,14660.164276287938
PFG,-1,2024-07-10,2024-07-11,1,RESIDUAL_REVERTED,74.57745361328125,75.70378875732422,-0.015102890880178688,-220.6918761662711,14612.558477523817
C,-1,2024-07-10,2024-07-11,1,RESIDUAL_REVERTED,62.35393142700195,62.288055419921875,0.001056485221901382,15.437952085673297,14612.558477523817
BLK,-1,2024-07-10,2024-07-11,1,RESIDUAL_REVERTED,764.626953125,780.086181640625,-0.020218001016631293,-295.43672215416194,14612.558477523817
PTC,1,2024-07-10,2024-07-12,2,RESIDUAL_REVERTED,177.6199951171875,179.77000427246094,0.012104544614219392,176.87836601907773,14612.558477523819
FISV,1,2024-07-11,2024-07-12,1,RESIDUAL_REVERTED,149.24000549316406,151.8800048828125,0.01768962270488106,257.78588558151284,14572.71813436607
MA,1,2024-07-11,2024-07-15,2,RESIDUAL_REVERTED,426.8680419921875,435.09906005859375,0.019282347837500824,280.996220004702,14572.71813436607
WRB,1,2024-07-12,2024-07-15,1,RESIDUAL_REVERTED,50.044918060302734,50.793846130371094,0.014965117320522303,218.77157618475223,14618.767865236876
ARE,-1,2024-07-12,2024-07-15,1,RESIDUAL_REVERTED,112.47848510742188,112.2914047241211,0.0016632548271086067,24.314736218235193,14618.767865236876
VICI,-1,2024-07-12,2024-07-15,1,RESIDUAL_REVERTED,25.871686935424805,25.78437042236328,0.0033749833661587125,49.33809837890943,14618.767865236878
NVR,-1,2024-07-12,2024-07-15,1,RESIDUAL_REVERTED,8062.0,8080.0,-0.002232696601339512,-32.63927332848719,14618.767865236876
SBAC,-1,2024-07-12,2024-07-16,2,RESIDUAL_REVERTED,200.7477569580078,202.5090789794922,-0.00877380673226047,-128.2622439133696,14618.767865236876
WY,-1,2024-07-12,2024-07-16,2,RESIDUAL_REVERTED,27.18683624267578,27.158916473388672,0.0010269591149882906,15.01287690910264,14618.767865236876
WFC,1,2024-07-15,2024-07-16,1,RESIDUAL_REVERTED,54.20354461669922,55.1441535949707,0.017353274309328093,253.7465808593564,14622.403607309867
DAL,1,2024-07-12,2024-07-17,3,RESIDUAL_REVERTED,43.31060791015625,44.15812301635742,0.019568303173191692,286.0644816054675,14618.767865236876
ALGN,1,2024-07-15,2024-07-17,2,RESIDUAL_REVERTED,243.0,245.61000061035156,0.010740743252475538,157.0554828801878,14622.403607309867
AES,1,2024-07-16,2024-07-17,1,RESIDUAL_REVERTED,15.318146705627441,15.558606147766113,0.01569768502415081,229.65213523692736,14629.68169405933
FAST,-1,2024-07-16,2024-07-17,1,RESIDUAL_REVERTED,32.48236083984375,32.963623046875,-0.014816109254008447,-216.75496233055017,14629.68169405933
APA,-1,2024-07-16,2024-07-17,1,RESIDUAL_REVERTED,28.39712142944336,29.080839157104492,-0.02407700827564252,-352.2389672178821,14629.681694059329
CNP,1,2024-07-16,2024-07-18,2,RESIDUAL_REVERTED,26.88446044921875,26.94123649597168,0.0021118536806856714,30.895747132858286,14629.68169405933
AXON,-1,2024-07-16,2024-07-18,2,RESIDUAL_REVERTED,311.0199890136719,318.0,-0.022442322785952262,-328.3240388338152,14629.681694059333
HII,-1,2024-07-17,2024-07-18,1,RESIDUAL_REVERTED,255.93319702148438,254.48251342773438,0.005668211903078091,83.44077375234998,14720.828222219143
STT,-1,2024-07-17,2024-07-19,2,RESIDUAL_REVERTED,80.16358947753906,79.86148071289062,0.00376865315809094,55.47769576938119,14720.828222219141
ELV,1,2024-07-18,2024-07-19,1,RESIDUAL_REVERTED,487.0953063964844,487.853759765625,0.001557094390318925,22.752259604103482,14611.997670509823
APH,1,2024-07-18,2024-07-19,1,RESIDUAL_REVERTED,31.847694396972656,32.71733474731445,0.027306226300151337,398.9985150882253,14611.997670509823
USB,-1,2024-07-18,2024-07-19,1,RESIDUAL_REVERTED,41.204124450683594,41.15812301635742,0.001116427904716888,16.313241943015793,14611.997670509825
SCHW,1,2024-07-17,2024-07-22,3,RESIDUAL_REVERTED,64.33706665039062,61.11341094970703,-0.050105730157096295,-737.5978465914804,14720.828222219143
JBHT,1,2024-07-18,2024-07-22,2,RESIDUAL_REVERTED,159.50213623046875,161.34132385253906,0.011530802442751176,168.48805843258847,14611.997670509823
UNH,-1,2024-07-18,2024-07-22,2,RESIDUAL_REVERTED,536.28515625,534.90771484375,0.0025684869144650957,37.530724810899095,14611.997670509823
DPZ,1,2024-07-19,2024-07-22,1,RESIDUAL_REVERTED,391.29931640625,387.2454528808594,-0.010360006663497123,-151.21942072521193,14596.45979360462
DHI,-1,2024-07-19,2024-07-22,1,RESIDUAL_REVERTED,169.50680541992188,170.2775115966797,-0.004546756543777342,-66.36654908255382,14596.45979360462
TRV,1,2024-07-22,2024-07-23,1,RESIDUAL_REVERTED,196.03680419921875,198.28453063964844,0.011465839027581248,167.62968487613378,14619.923101388344
WRB,1,2024-07-22,2024-07-23,1,RESIDUAL_REVERTED,49.077964782714844,50.717994689941406,0.033416827989659836,488.55145550114764,14619.923101388344
ISRG,-1,2024-07-22,2024-07-23,1,RESIDUAL_REVERTED,462.3299865722656,459.1000061035156,0.006986309697749049,102.13931054357451,14619.923101388344
SBUX,-1,2024-07-22,2024-07-23,1,RESIDUAL_REVERTED,74.03479766845703,72.9100570678711,0.015192053412812156,222.10665264749755,14619.923101388344
CTAS,-1,2024-07-19,2024-07-24,3,RESIDUAL_REVERTED,186.0054931640625,186.27516174316406,-0.0014497882536388396,-21.161775953479985,14596.45979360462
VZ,1,2024-07-23,2024-07-24,1,RESIDUAL_REVERTED,33.979835510253906,34.418392181396484,0.012906380050316635,189.3408432298236,14670.329131147819
CRWD,1,2024-07-23,2024-07-24,1,RESIDUAL_REVERTED,67.25499725341797,67.5,0.003642892819679444,53.442436654191305,14670.329131147819
BKNG,1,2024-07-23,2024-07-24,1,RESIDUAL_REVERTED,153.4036407470703,152.34349060058594,-0.0069108538840504385,-101.38450105629177,14670.329131147819
IQV,-1,2024-07-23,2024-07-24,1,RESIDUAL_REVERTED,242.0,238.0399932861328,0.016363664106889164,240.06033823961465,14670.329131147819
NXPI,-1,2024-07-23,2024-07-24,1,RESIDUAL_REVERTED,250.41073608398438,250.3914794921875,7.690002472748869e-05,1.1281486729449595,14670.329131147819
UPS,1,2024-07-24,2024-07-25,1,RESIDUAL_REVERTED,110.2311019897461,112.6359634399414,0.02181654185421289,322.12720203173023,14765.27325844379
AOS,1,2024-07-24,2024-07-25,1,RESIDUAL_REVERTED,77.30146789550781,77.57864379882812,0.003585648641174277,52.943081995707374,14765.273258443789
MSCI,-1,2024-07-24,2024-07-25,1,RESIDUAL_REVERTED,529.183837890625,519.879638671875,0.017582168147533328,259.6055171742364,14765.273258443789
BRO,-1,2024-07-24,2024-07-25,1,RESIDUAL_REVERTED,96.42808532714844,96.31006622314453,0.0012239079890833393,18.071335902007842,14765.273258443789
ROP,1,2024-07-25,2024-07-26,1,RESIDUAL_REVERTED,533.2646484375,542.6463623046875,0.017592979198370884,260.96401309597684,14833.417930724443
TDY,-1,2024-07-25,2024-07-26,1,RESIDUAL_REVERTED,415.80999755859375,420.0,-0.010076723662267861,-149.47225345484034,14833.417930724445
TEL,-1,2024-07-25,2024-07-26,1,RESIDUAL_REVERTED,151.6758575439453,151.85997009277344,-0.0012138553347211811,-18.005623487358402,14833.417930724443
LW,1,2024-07-25,2024-07-29,2,RESIDUAL_REVERTED,51.86585998535156,53.43726348876953,0.03029745392945915,449.41479637253735,14833.417930724443
FTV,1,2024-07-25,2024-07-29,2,RESIDUAL_REVERTED,52.36714172363281,52.993934631347656,0.011969202195963646,177.5441784700731,14833.417930724443
EW,1,2024-07-26,2024-07-29,1,RESIDUAL_REVERTED,61.560001373291016,63.959999084472656,0.03898631672582975,575.1117922253021,14751.631867913042
LKQ,1,2024-07-26,2024-07-29,1,RESIDUAL_REVERTED,35.867897033691406,37.01898956298828,0.032092556979731235,473.41758626501866,14751.631867913042
TMO,-1,2024-07-25,2024-07-30,3,RESIDUAL_REVERTED,571.7410278320312,605.1538696289062,-0.058440517944937875,-866.8726267652638,14833.417930724443
TYL,-1,2024-07-26,2024-07-30,2,RESIDUAL_REVERTED,570.9099731445312,579.6799926757812,-0.015361475440594186,-226.60683064763265,14751.631867913042
CBRE,-1,2024-07-26,2024-07-30,2,RESIDUAL_REVERTED,110.0,110.70999908447266,-0.0064545371315696265,-95.21495564269017,14751.631867913042
DXCM,1,2024-07-29,2024-07-30,1,RESIDUAL_REVERTED,65.02999877929688,68.54000091552734,0.05397512228383938,800.8867051602059,14838.071157089342
MMM,-1,2024-07-29,2024-07-30,1,RESIDUAL_REVERTED,122.56507873535156,120.50637817382812,0.016796795488286498,249.23204666627288,14838.071157089342
NSC,-1,2024-07-29,2024-07-30,1,RESIDUAL_REVERTED,236.6549072265625,236.86529541015625,-0.0008890083288757289,-13.191168843104592,14838.071157089342
L,1,2024-07-30,2024-07-31,1,RESIDUAL_REVERTED,78.81121063232422,79.79536437988281,0.012487484200057963,187.44771708203996,15010.847187391752
IVZ,1,2024-07-30,2024-07-31,1,RESIDUAL_REVERTED,15.742384910583496,15.778953552246094,0.002322941655302335,34.86932221297051,15010.847187391752
DGX,1,2024-07-30,2024-07-31,1,RESIDUAL_REVERTED,136.7083282470703,137.40243530273438,0.005077284351028055,76.21433952021827,15010.847187391752
ECL,1,2024-07-31,2024-08-01,1,RESIDUAL_REVERTED,228.9948272705078,227.6562042236328,-0.005845647532001674,-87.94172918626755,15043.967106267526
FFIV,-1,2024-07-31,2024-08-01,1,RESIDUAL_REVERTED,203.3300018310547,203.5,-0.0008360702671244002,-12.5778135971491,15043.967106267528
HWM,-1,2024-07-31,2024-08-01,1,RESIDUAL_REVERTED,93.83967590332031,96.09668731689453,-0.024051781848645204,-361.8342149781393,15043.967106267528
IT,-1,2024-07-31,2024-08-01,1,RESIDUAL_REVERTED,499.1099853515625,499.82000732421875,-0.001422576172576795,-21.401189146404178,15043.967106267528
SWK,-1,2024-07-31,2024-08-01,1,RESIDUAL_REVERTED,97.16246795654297,96.10564422607422,0.01087687203397747,163.6313050982376,15043.96710626753
TAP,1,2024-07-30,2024-08-02,3,RESIDUAL_REVERTED,48.65644454956055,48.683982849121094,0.0005659743496566616,8.495754474680785,15010.847187391752
VRSK,1,2024-08-01,2024-08-02,1,RESIDUAL_REVERTED,256.8285827636719,258.0372619628906,0.004706170887260441,70.45783330828179,14971.37163017402
GRMN,1,2024-08-01,2024-08-02,1,RESIDUAL_REVERTED,165.8859100341797,163.3773193359375,-0.015122385606621491,-226.40285485152503,14971.37163017402
CDW,1,2024-08-01,2024-08-02,1,RESIDUAL_REVERTED,208.324462890625,206.6474609375,-0.008049952126867876,-120.51882489644912,14971.37163017402
PYPL,-1,2024-07-31,2024-08-05,3,RESIDUAL_REVERTED,64.28312683105469,60.030548095703125,0.06615388741944606,995.2169062898713,15043.967106267528
AFL,-1,2024-08-02,2024-08-05,1,RESIDUAL_REVERTED,95.73246002197266,94.69197845458984,0.010868639196611074,162.61202105758755,14961.580572873518
CHRW,-1,2024-08-02,2024-08-05,1,RESIDUAL_REVERTED,97.10216522216797,93.70765686035156,0.03495811194374332,523.0286085218476,14961.580572873518
IRM,-1,2024-08-02,2024-08-05,1,RESIDUAL_REVERTED,102.06876373291016,95.63937377929688,0.0629907693448456,942.4414709001979,14961.580572873518
MRNA,1,2024-08-02,2024-08-06,2,RESIDUAL_REVERTED,91.16999816894531,84.91999816894531,-0.0685532535431036,-1025.6650264177717,14961.580572873518
LH,-1,2024-08-02,2024-08-06,2,RESIDUAL_REVERTED,227.0592803955078,223.82952880859375,0.014224265933056146,212.81750084739926,14961.580572873518
BKNG,1,2024-08-05,2024-08-06,1,RESIDUAL_REVERTED,125.8404541015625,134.08583068847656,0.06552246370836712,985.7687920555534,15044.745515722614
PRU,1,2024-08-05,2024-08-07,2,RESIDUAL_REVERTED,96.84373474121094,97.4256820678711,0.006009137588665503,90.40594579043466,15044.745515722614
MET,1,2024-08-05,2024-08-07,2,RESIDUAL_REVERTED,64.60303497314453,65.47499084472656,0.01349713480093473,203.06095827146612,15044.745515722614
HSIC,1,2024-08-07,2024-08-08,1,RESIDUAL_REVERTED,64.80999755859375,65.8499984741211,0.016046921072433218,244.16363230590707,15215.606233980441
KVUE,-1,2024-08-07,2024-08-08,1,RESIDUAL_REVERTED,18.621814727783203,18.513813018798828,0.005799741355134391,88.24658071865709,15215.606233980441
TAP,-1,2024-08-07,2024-08-08,1,RESIDUAL_REVERTED,49.491703033447266,47.72938537597656,0.03560834542872171,541.8025626869867,15215.606233980441
INTC,1,2024-08-05,2024-08-09,4,RESIDUAL_REVERTED,20.072668075561523,20.079999923706055,0.0003652652510832688,5.49532274828442,15044.745515722616
VMC,1,2024-08-07,2024-08-09,2,RESIDUAL_REVERTED,244.36778259277344,242.09613037109375,-0.009296038117533989,-141.4448555324704,15215.606233980441
FOXA,-1,2024-08-07,2024-08-09,2,RESIDUAL_REVERTED,38.20060729980469,38.44435501098633,-0.006380728695454252,-97.08665531589068,15215.606233980441
FOX,-1,2024-08-07,2024-08-09,2,RESIDUAL_REVERTED,35.69113540649414,35.79814529418945,-0.0029982203277243435,-45.61973990936928,15215.606233980441
FIS,-1,2024-08-07,2024-08-09,2,RESIDUAL_REVERTED,73.05950927734375,71.71611022949219,0.018387737080902578,279.7805669569752,15215.606233980441
ABNB,1,2024-08-08,2024-08-12,2,RESIDUAL_REVERTED,113.9800033569336,115.4800033569336,0.013160203156887817,200.8958113722101,15265.403503065603
CRL,1,2024-08-08,2024-08-12,2,RESIDUAL_REVERTED,191.5,199.52000427246094,0.04187991787185874,639.3138449891713,15265.403503065603
PH,-1,2024-08-09,2024-08-12,1,RESIDUAL_REVERTED,559.2603759765625,558.1342163085938,0.0020136589616281952,31.215260935157335,15501.761484932726
MCK,1,2024-08-09,2024-08-13,2,RESIDUAL_REVERTED,543.2439575195312,544.7296142578125,0.0027347874149670215,42.39402221881327,15501.761484932726
CAH,-1,2024-08-09,2024-08-13,2,RESIDUAL_REVERTED,96.46414184570312,98.22776794433594,-0.018282711740221336,-283.41423669469043,15501.761484932726
PODD,1,2024-08-12,2024-08-13,1,RESIDUAL_REVERTED,183.24000549316406,189.0,0.03143415375552805,484.6238158627908,15417.110307210452
WYNN,1,2024-08-12,2024-08-13,1,RESIDUAL_REVERTED,72.32511138916016,72.2664566040039,-0.0008109878302245965,-12.503088836378453,15417.110307210452
AKAM,-1,2024-08-12,2024-08-13,1,RESIDUAL_REVERTED,101.22000122070312,99.87000274658203,0.013337269885795755,205.62216102634937,15417.110307210452
EXPE,-1,2024-08-12,2024-08-13,1,RESIDUAL_REVERTED,126.75279235839844,126.6738510131836,0.0006227976815819103,9.601740556023234,15417.110307210452
BLK,1,2024-08-13,2024-08-14,1,RESIDUAL_REVERTED,805.368408203125,816.3833618164062,0.013676912951995357,212.22559676466162,15517.068618448628
KHC,1,2024-08-13,2024-08-14,1,RESIDUAL_REVERTED,29.830415725708008,30.277088165283203,0.014973724928353915,232.3483171870428,15517.068618448626
KEY,-1,2024-08-13,2024-08-14,1,RESIDUAL_REVERTED,14.569866180419922,14.289153099060059,0.019266689061091524,298.9625362112701,15517.068618448626
AIZ,-1,2024-08-12,2024-08-15,3,RESIDUAL_REVERTED,172.1149444580078,180.9190216064453,-0.051152310894104325,-788.620819523128,15417.110307210452
CVS,1,2024-08-14,2024-08-15,1,RESIDUAL_REVERTED,51.78732681274414,52.25996780395508,0.009126576332467273,141.70658309623178,15526.806321897402
BAX,1,2024-08-14,2024-08-15,1,RESIDUAL_REVERTED,33.72102355957031,34.641048431396484,0.027283420688606563,423.6243888308436,15526.806321897402
CMG,1,2024-08-14,2024-08-15,1,RESIDUAL_REVERTED,52.02000045776367,51.790000915527344,-0.004421367555024758,-68.6497177047901,15526.806321897404
SBUX,-1,2024-08-14,2024-08-15,1,RESIDUAL_REVERTED,90.1593246459961,88.9589614868164,0.013313799364545242,206.7207841418941,15526.806321897402
REGN,-1,2024-08-14,2024-08-15,1,RESIDUAL_REVERTED,1141.498046875,1156.3974609375,-0.01305250946621328,-202.6637864966273,15526.806321897402
TJX,1,2024-08-15,2024-08-16,1,RESIDUAL_REVERTED,107.87629699707031,108.72511291503906,0.007868419120762082,122.27485544792913,15539.951999416046
ALL,-1,2024-08-15,2024-08-16,1,RESIDUAL_REVERTED,175.14462280273438,170.9882049560547,0.023731347158519767,368.78399572487564,15539.951999416046
EL,-1,2024-08-14,2024-08-19,3,RESIDUAL_REVERTED,87.58267211914062,91.37808227539062,-0.043335171951445206,-672.8568218162096,15526.806321897402
FICO,1,2024-08-16,2024-08-19,1,RESIDUAL_REVERTED,1726.9300537109375,1747.0999755859375,0.011679640314127049,181.37629642831183,15529.27072667878
ICE,1,2024-08-16,2024-08-19,1,RESIDUAL_REVERTED,151.68679809570312,152.33880615234375,0.004298383674954165,66.75076377549826,15529.27072667878
HSY,1,2024-08-16,2024-08-20,2,RESIDUAL_REVERTED,182.8658905029297,184.80137634277344,0.010584181853273256,164.36462541988004,15529.27072667878
ULTA,-1,2024-08-16,2024-08-20,2,RESIDUAL_REVERTED,368.0,376.3399963378906,-0.022663033526876708,-351.94038312666606,15529.270726678782
CSCO,-1,2024-08-16,2024-08-20,2,RESIDUAL_REVERTED,46.38134002685547,47.65911102294922,-0.027549247075524308,-427.8197161519818,15529.27072667878
DE,-1,2024-08-16,2024-08-20,2,RESIDUAL_REVERTED,362.42877197265625,365.1556396484375,-0.007523871962314743,-116.84024461565436,15529.27072667878
AMCR,1,2024-08-19,2024-08-20,1,RESIDUAL_REVERTED,46.2148551940918,46.965248107910156,0.01623704998461828,250.95072254965635,15455.43819766455
ZTS,1,2024-08-15,2024-08-21,4,RESIDUAL_REVERTED,178.86688232421875,178.62451171875,-0.0013550334322338653,-21.057154494517633,15539.951999416046
HPQ,1,2024-08-20,2024-08-21,1,RESIDUAL_REVERTED,31.375852584838867,31.738584518432617,0.011560863011226274,179.17803928526263,15498.673335309935
AZO,1,2024-08-20,2024-08-21,1,RESIDUAL_REVERTED,3176.989990234375,3198.949951171875,0.006912190785933081,107.12978702251766,15498.673335309937
COO,-1,2024-08-19,2024-08-22,3,RESIDUAL_REVERTED,94.4000015258789,93.97000122070312,0.004555087904928645,70.40087959955473,15455.43819766455
DRI,-1,2024-08-20,2024-08-22,2,RESIDUAL_REVERTED,142.41017150878906,146.3488006591797,-0.027656937061883546,-428.6458329773601,15498.673335309935
PODD,1,2024-08-21,2024-08-22,1,RESIDUAL_REVERTED,183.85000610351562,186.75999450683594,0.015828057148292274,244.55678830464532,15450.840618871058
VRSN,1,2024-08-21,2024-08-22,1,RESIDUAL_REVERTED,175.72061157226562,177.0956573486328,0.007825182054990165,120.90564074530272,15450.840618871058
PANW,-1,2024-08-21,2024-08-22,1,RESIDUAL_REVERTED,182.15499877929688,179.6750030517578,0.013614755258755662,210.35941356797025,15450.840618871058
PYPL,-1,2024-08-21,2024-08-22,1,RESIDUAL_REVERTED,71.27020263671875,70.94878387451172,0.0045098617699373955,69.68115542044286,15450.840618871058
TTWO,-1,2024-08-21,2024-08-23,2,RESIDUAL_REVERTED,156.6199951171875,160.1999969482422,-0.022857884961470232,-353.1735374241648,15450.840618871058
BEN,1,2024-08-22,2024-08-23,1,RESIDUAL_REVERTED,17.87188148498535,18.532814025878906,0.03698169895815506,574.3339244184632,15530.220098009107
AXP,1,2024-08-22,2024-08-23,1,RESIDUAL_REVERTED,241.5371551513672,242.7410430908203,0.00498427638885901,77.40690934828982,15530.220098009107
INCY,1,2024-08-23,2024-08-26,1,RESIDUAL_REVERTED,63.52000045776367,64.26000213623047,0.011649900395684698,181.72782185694678,15599.088033770713
NDSN,-1,2024-08-23,2024-08-26,1,RESIDUAL_REVERTED,249.90432739257812,250.321533203125,-0.0016694621293671386,-26.042086725044243,15599.088033770713
CNP,-1,2024-08-23,2024-08-26,1,RESIDUAL_REVERTED,25.76909065246582,25.654645919799805,0.004441163027810058,69.27809304313597,15599.088033770711
STT,-1,2024-08-23,2024-08-26,1,RESIDUAL_REVERTED,78.32259368896484,79.75762176513672,-0.01832201933800448,-285.80679260998,15599.088033770713
INTU,1,2024-08-26,2024-08-27,1,RESIDUAL_REVERTED,612.1275024414062,604.7387084960938,-0.012070677948373576,-187.9497593869053,15570.770771183514
MRSH,1,2024-08-26,2024-08-27,1,RESIDUAL_REVERTED,215.5878143310547,217.10328674316406,0.007029490125922466,109.4545793890381,15570.770771183514
BRO,1,2024-08-26,2024-08-27,1,RESIDUAL_REVERTED,100.5524673461914,100.82819366455078,0.0027421138997025807,42.696826960744005,15570.770771183514
BLDR,-1,2024-08-26,2024-08-27,1,RESIDUAL_REVERTED,183.36000061035156,174.25999450683594,0.04962917797351862,772.7645537879288,15570.770771183516
ARE,-1,2024-08-23,2024-08-28,3,RESIDUAL_REVERTED,105.8772964477539,107.12449645996094,-0.0117796737738054,-183.75216820669124,15599.088033770713
AJG,1,2024-08-26,2024-08-28,2,RESIDUAL_REVERTED,282.22802734375,284.4784851074219,0.007973898924400036,124.1597523044199,15570.770771183514
COP,-1,2024-08-27,2024-08-28,1,RESIDUAL_REVERTED,106.74422454833984,105.22279357910156,0.01425305186932424,222.24258874885624,15592.631724520144
EOG,-1,2024-08-27,2024-08-28,1,RESIDUAL_REVERTED,122.18207550048828,119.46670532226562,0.02222396507097968,346.53010281038564,15592.631724520144
MLM,1,2024-08-28,2024-08-29,1,RESIDUAL_REVERTED,513.3687744140625,509.7950439453125,-0.006961331983677654,-109.02513656688177,15661.533859111318
HSY,1,2024-08-28,2024-08-29,1,RESIDUAL_REVERTED,179.45529174804688,180.78004455566406,0.007382077144189925,115.61465114430193,15661.533859111318
JKHY,-1,2024-08-27,2024-08-30,3,RESIDUAL_REVERTED,163.6150665283203,166.75479125976562,-0.019189704212856595,-299.21799069354483,15592.631724520144
VMC,1,2024-08-28,2024-08-30,2,RESIDUAL_REVERTED,238.25051879882812,238.7234649658203,0.001985079274440249,31.089386269665884,15661.533859111318
PODD,-1,2024-08-28,2024-08-30,2,RESIDUAL_REVERTED,191.77000427246094,207.99000549316406,-0.08458049152284652,-1324.6602318053388,15661.53385911132
GD,-1,2024-08-29,2024-08-30,1,RESIDUAL_REVERTED,286.8189697265625,286.3666076660156,0.0015771692541052262,24.442354266551973,15497.610166398195
TSN,-1,2024-08-29,2024-08-30,1,RESIDUAL_REVERTED,60.80315017700195,59.70804214477539,0.01801071209367655,279.12299484703317,15497.610166398195
IFF,-1,2024-08-29,2024-08-30,1,RESIDUAL_REVERTED,97.73928833007812,98.44493103027344,-0.007219642297908502,-111.88720187382611,15497.610166398194
STX,1,2024-08-28,2024-09-03,3,RESIDUAL_REVERTED,96.40779113769531,95.97395324707031,-0.004500029359716051,-70.47736218418767,15661.533859111318
SJM,1,2024-08-29,2024-09-03,2,RESIDUAL_REVERTED,105.69438171386719,105.69438171386719,0.0,0.0,15497.610166398197
DG,1,2024-08-30,2024-09-03,1,RESIDUAL_REVERTED,80.56886291503906,79.2514877319336,-0.01635092187529885,-254.06834744611515,15538.472349374555
NTAP,1,2024-08-30,2024-09-03,1,RESIDUAL_REVERTED,115.31417846679688,118.20426177978516,0.02506268831304581,389.43588935325675,15538.472349374551
CRM,1,2024-09-03,2024-09-04,1,RESIDUAL_REVERTED,248.5979461669922,242.5458526611328,-0.024344905495695346,-378.62692477581027,15552.614276640319
VLO,-1,2024-09-03,2024-09-04,1,RESIDUAL_REVERTED,137.01382446289062,134.0462188720703,0.02165916908351151,336.8567023083876,15552.614276640319
INTC,-1,2024-09-03,2024-09-04,1,RESIDUAL_REVERTED,21.540000915527344,19.760000228881836,0.08263698286857435,1285.22111954027,15552.614276640317
MPC,-1,2024-09-03,2024-09-05,2,RESIDUAL_REVERTED,167.8121337890625,166.0141143798828,0.01071447796164593,166.63814291304246,15552.614276640319
HPE,-1,2024-09-03,2024-09-05,2,RESIDUAL_REVERTED,18.3059024810791,16.283517837524414,0.11047718874527024,1718.2091029227777,15552.614276640319
AMZN,-1,2024-09-03,2024-09-05,2,RESIDUAL_REVERTED,177.5500030517578,175.0,0.0143621684479186,223.3692660466124,15552.614276640319
VRTX,1,2024-09-04,2024-09-05,1,RESIDUAL_REVERTED,476.82000732421875,477.7300109863281,0.001908484644375763,30.00510928005078,15721.954781494283
BA,1,2024-09-04,2024-09-05,1,RESIDUAL_REVERTED,160.27999877929688,164.14999389648438,0.024145215539441267,379.60998690052816,15721.954781494285
NWS,1,2024-09-04,2024-09-05,1,RESIDUAL_REVERTED,27.438648223876953,27.891042709350586,0.01648749172271402,259.215599324771,15721.954781494283
APH,1,2024-09-04,2024-09-06,2,RESIDUAL_REVERTED,28.496854782104492,30.403196334838867,0.06689655989444576,1051.7446896979995,15721.954781494283
HRL,1,2024-09-05,2024-09-06,1,RESIDUAL_REVERTED,28.686506271362305,29.326831817626953,0.022321489421104124,355.95368156619827,15946.681462468128
MDLZ,-1,2024-09-05,2024-09-06,1,RESIDUAL_REVERTED,70.72041320800781,70.67342376708984,0.0006644395696580041,10.595606168396452,15946.681462468126
HUM,-1,2024-09-05,2024-09-06,1,RESIDUAL_REVERTED,362.55865478515625,357.9183044433594,0.012798895518151832,204.0999098993774,15946.681462468126
ZBH,1,2024-09-06,2024-09-09,1,RESIDUAL_REVERTED,103.45555877685547,103.03394317626953,-0.004075330562906987,-65.84985490300389,16158.16284999286
CPRT,1,2024-09-06,2024-09-09,1,RESIDUAL_REVERTED,49.70000076293945,49.81999969482422,0.0024144653932127724,39.013325019204004,16158.162849992863
HPE,1,2024-09-06,2024-09-09,1,RESIDUAL_REVERTED,16.68704605102539,16.710783004760742,0.0014224778707250252,22.98462908568462,16158.162849992861
MKTX,-1,2024-09-06,2024-09-09,1,RESIDUAL_REVERTED,250.89236450195312,248.52259826660156,0.009445350160638744,152.6195060708074,16158.162849992861
CMCSA,-1,2024-09-06,2024-09-10,2,RESIDUAL_REVERTED,34.38848114013672,34.40576934814453,-0.0005027325265505311,-8.123234033990093,16158.162849992861
CAH,-1,2024-09-06,2024-09-10,2,RESIDUAL_REVERTED,109.06293487548828,110.0762939453125,-0.0092915074308344,-150.13369018934267,16158.162849992863
AVGO,1,2024-09-09,2024-09-10,1,RESIDUAL_REVERTED,136.29388427734375,138.36119079589844,0.015168006470106521,244.87648302976342,16144.276013619417
WFC,1,2024-09-09,2024-09-10,1,RESIDUAL_REVERTED,52.396541595458984,53.612396240234375,0.023204864438624684,374.6257363557803,16144.276013619416
CCI,-1,2024-09-09,2024-09-10,1,RESIDUAL_REVERTED,102.99227905273438,104.88539123535156,-0.01838110778816615,-296.7496775682423,16144.276013619417
T,-1,2024-09-09,2024-09-10,1,RESIDUAL_REVERTED,19.11871337890625,19.5656681060791,-0.023377866403184733,-377.41872782253506,16144.276013619416
ORCL,1,2024-09-10,2024-09-11,1,RESIDUAL_REVERTED,150.912841796875,153.4080047607422,0.01653380145889516,266.15536225517826,16097.65079838835
TRGP,1,2024-09-10,2024-09-11,1,RESIDUAL_REVERTED,138.60870361328125,138.2536163330078,-0.002561796416941653,-41.23890413648991,16097.650798388348
PCG,1,2024-09-10,2024-09-12,2,RESIDUAL_REVERTED,19.54367446899414,19.45506477355957,-0.0045339322231932044,-72.98565767252428,16097.650798388348
HPE,1,2024-09-11,2024-09-12,1,RESIDUAL_REVERTED,15.286568641662598,15.533432960510254,0.016149099554941593,260.0662097792056,16104.068768318866
JPM,1,2024-09-11,2024-09-12,1,RESIDUAL_REVERTED,196.97390747070312,199.27713012695312,0.0116930342999495,188.30542847669716,16104.06876831887
EQIX,-1,2024-09-11,2024-09-12,1,RESIDUAL_REVERTED,818.8931884765625,838.2807006835938,-0.02367526373384421,-381.2680752779137,16104.068768318868
JCI,-1,2024-09-11,2024-09-12,1,RESIDUAL_REVERTED,68.3031234741211,68.86808776855469,-0.008271426923069702,-133.2036279812373,16104.068768318868
ROL,-1,2024-09-11,2024-09-12,1,RESIDUAL_REVERTED,48.67705154418945,48.30702209472656,0.007601722736369387,122.41866570418605,16104.068768318868
PAYC,-1,2024-09-10,2024-09-13,3,RESIDUAL_REVERTED,162.0607147216797,165.49581909179688,-0.021196403928099183,-341.2123086161292,16097.650798388346
CAG,1,2024-09-12,2024-09-13,1,RESIDUAL_REVERTED,27.45071792602539,27.730470657348633,0.01019108979506922,163.98862886611929,16091.373166534324
UNP,1,2024-09-12,2024-09-13,1,RESIDUAL_REVERTED,237.16275024414062,239.09512329101562,0.008147877543525528,131.11053806809517,16091.373166534322
DLR,-1,2024-09-11,2024-09-16,3,RESIDUAL_REVERTED,145.6501007080078,150.60020446777344,-0.03398627076605565,-547.3172415952652,16104.068768318868
FTNT,1,2024-09-13,2024-09-16,1,RESIDUAL_REVERTED,74.66999816894531,74.87000274658203,0.00267851322540813,43.120396535827034,16098.631183445868
WFC,1,2024-09-13,2024-09-16,1,RESIDUAL_REVERTED,49.6489143371582,50.558406829833984,0.018318476945931916,294.9024041950138,16098.631183445868
AXON,-1,2024-09-13,2024-09-16,1,RESIDUAL_REVERTED,382.9800109863281,380.989990234375,0.005196147827214337,83.65086744498693,16098.631183445868
MRNA,1,2024-09-13,2024-09-17,2,RESIDUAL_REVERTED,66.16999816894531,70.11000061035156,0.059543638362307805,958.5710733152722,16098.631183445868
WBD,-1,2024-09-13,2024-09-17,2,RESIDUAL_REVERTED,7.760000228881836,8.670000076293945,-0.11726801811489573,-1887.8545732453538,16098.631183445868
ETSY,-1,2024-09-16,2024-09-17,1,RESIDUAL_REVERTED,55.52000045776367,54.29999923706055,0.021974085206127314,352.30395740553377,16032.701889555647
KR,-1,2024-09-13,2024-09-18,3,RESIDUAL_REVERTED,52.95341491699219,52.76176071166992,0.003619298313861208,58.26574869771997,16098.631183445868
TRMB,-1,2024-09-17,2024-09-18,1,RESIDUAL_REVERTED,58.5,58.4900016784668,0.00017091147920000882,2.7363789025028926,16010.503889559908
QRVO,1,2024-09-17,2024-09-19,2,RESIDUAL_REVERTED,102.06999969482422,102.69000244140625,0.006074289687819645,97.25243867315103,16010.503889559908
SWKS,1,2024-09-17,2024-09-19,2,RESIDUAL_REVERTED,91.28569793701172,92.70328521728516,0.015529127917185859,248.62916291957637,16010.503889559908
INCY,-1,2024-09-17,2024-09-19,2,RESIDUAL_REVERTED,66.41999816894531,66.22000122070312,0.0030110953591638845,48.209153959729775,16010.503889559908
ACN,1,2024-09-18,2024-09-19,1,RESIDUAL_REVERTED,322.30401611328125,327.1144714355469,0.014925210614114448,238.16183882225423,15957.01695472434
SYF,-1,2024-09-18,2024-09-19,1,RESIDUAL_REVERTED,47.65323257446289,48.213523864746094,-0.011757676447399223,-187.61744241931356,15957.01695472434
ADBE,1,2024-09-16,2024-09-20,4,RESIDUAL_REVERTED,537.4000244140625,526.4400024414062,-0.020394531958955797,-326.97945107495445,16032.701889555647
BLK,-1,2024-09-19,2024-09-20,1,RESIDUAL_REVERTED,900.0906372070312,892.8189086914062,0.008078884742306669,128.8669310035368,15951.079278145813
WST,-1,2024-09-19,2024-09-20,1,RESIDUAL_REVERTED,313.1404724121094,307.94281005859375,0.01659850070953217,264.7640007161066,15951.079278145813
GRMN,1,2024-09-16,2024-09-23,5,RESIDUAL_REVERTED,168.0420684814453,166.6372833251953,-0.008359723067828728,-134.02894782574023,16032.701889555647
HPE,-1,2024-09-18,2024-09-23,3,RESIDUAL_REVERTED,17.346935272216797,17.996990203857422,-0.03747376245080969,-597.9694627848835,15957.01695472434
VTR,1,2024-09-20,2024-09-23,1,RESIDUAL_REVERTED,59.010433197021484,59.303916931152344,0.004973421109297549,79.80288362083522,16045.873025239702
ICE,1,2024-09-20,2024-09-23,1,RESIDUAL_REVERTED,155.18504333496094,155.98526000976562,0.005156532212176268,82.7410611271379,16045.873025239702
DRI,-1,2024-09-20,2024-09-23,1,RESIDUAL_REVERTED,162.3100128173828,161.6895751953125,0.003822546812120464,61.336100780319185,16045.8730252397
FDS,-1,2024-09-20,2024-09-23,1,RESIDUAL_REVERTED,452.4037170410156,454.1549072265625,-0.0038708572002914554,-62.11128313471301,16045.873025239704
AJG,1,2024-09-20,2024-09-24,2,RESIDUAL_REVERTED,274.1447448730469,276.5174865722656,0.008655069059658738,138.8781391559651,16045.873025239702
FDX,1,2024-09-23,2024-09-24,1,RESIDUAL_REVERTED,197.8123321533203,200.60716247558594,0.014128696081998626,226.90920227960112,16060.165847059756
CEG,-1,2024-09-23,2024-09-24,1,RESIDUAL_REVERTED,256.5710754394531,251.15423583984375,0.02111243284275688,339.0691728895875,16060.165847059756
VST,-1,2024-09-23,2024-09-25,2,RESIDUAL_REVERTED,109.09033203125,112.8766098022461,-0.03470772982807935,-557.4118972138969,16060.165847059756
MCO,1,2024-09-24,2024-09-25,1,RESIDUAL_REVERTED,469.8082580566406,472.65228271484375,0.006053585924537419,97.53419050319808,16111.804097445107
CSX,1,2024-09-24,2024-09-25,1,RESIDUAL_REVERTED,33.07198715209961,33.246971130371094,0.005291002849835635,85.24760139557446,16111.804097445107
STZ,-1,2024-09-24,2024-09-25,1,RESIDUAL_REVERTED,242.5347137451172,240.43307495117188,0.008665311292939126,139.61379799521333,16111.804097445107
NVR,-1,2024-09-24,2024-09-25,1,RESIDUAL_REVERTED,9693.6201171875,9575.0,0.01223692653038655,197.15896301241594,16111.804097445107
REGN,1,2024-09-24,2024-09-26,2,RESIDUAL_REVERTED,1066.2679443359375,1052.2303466796875,-0.013165168971662644,-212.11462338119145,16111.804097445107
FCX,-1,2024-09-25,2024-09-26,1,RESIDUAL_REVERTED,47.53118133544922,49.81267166137695,-0.04799986581074478,-773.0568712503251,16105.396508781028
V,1,2024-09-25,2024-09-27,2,RESIDUAL_REVERTED,270.11761474609375,269.1029052734375,-0.003756546842048958,-60.50067639500855,16105.396508781028
GPN,1,2024-09-25,2024-09-27,2,RESIDUAL_REVERTED,98.37511444091797,96.31504821777344,-0.020940928352177535,-337.26195437379414,16105.396508781028
AMGN,1,2024-09-26,2024-09-27,1,RESIDUAL_REVERTED,295.33819580078125,303.830810546875,0.02875555843045241,459.780065379568,15989.258789447018
J,-1,2024-09-26,2024-09-27,1,RESIDUAL_REVERTED,125.64498138427734,125.6530990600586,-6.460803839369866e-05,-1.0330346457552566,15989.258789447018
UPS,-1,2024-09-26,2024-09-27,1,RESIDUAL_REVERTED,116.9820556640625,118.2174301147461,-0.01056037563770662,-168.85257898506114,15989.258789447016
HPE,-1,2024-09-26,2024-09-30,2,RESIDUAL_REVERTED,19.3453311920166,19.211454391479492,0.006920367462737387,110.65154627977611,15989.258789447018
OKE,1,2024-09-27,2024-09-30,1,RESIDUAL_REVERTED,80.79761505126953,81.90270233154297,0.013677226482145644,217.69638717700565,15916.705588021614
JBL,-1,2024-09-27,2024-09-30,1,RESIDUAL_REVERTED,127.42540740966797,121.07505798339844,0.0498358181100681,793.222044596149,15916.705588021614
TPR,-1,2024-09-24,2024-10-01,5,RESIDUAL_REVERTED,43.817317962646484,45.40750503540039,-0.03629129181547608,-584.7181841741639,16111.804097445107
NOW,1,2024-09-26,2024-10-01,3,RESIDUAL_REVERTED,178.72999572753906,179.71800231933594,0.0055279282460400925,88.3874752954278,15989.258789447018
GL,1,2024-09-30,2024-10-01,1,RESIDUAL_REVERTED,102.90682983398438,103.98849487304688,0.010511110300526205,168.31305526357107,16012.871185943462
HPQ,1,2024-09-30,2024-10-01,1,RESIDUAL_REVERTED,32.45966720581055,32.039058685302734,-0.012957881479219835,-207.49288696947002,16012.871185943462
WYNN,-1,2024-09-30,2024-10-01,1,RESIDUAL_REVERTED,95.55747985839844,94.1650619506836,0.01457152187121502,233.33190270692432,16012.871185943464
BKR,-1,2024-09-30,2024-10-01,1,RESIDUAL_REVERTED,34.646392822265625,34.550079345703125,0.0027798991097451875,44.5141663542694,16012.871185943462
LW,1,2024-10-01,2024-10-02,1,RESIDUAL_REVERTED,61.2899284362793,59.64265441894531,-0.0268767489106565,-434.78371254923616,16176.945879672468
ISRG,-1,2024-10-01,2024-10-02,1,RESIDUAL_REVERTED,492.5,482.7200012207031,0.019857865541719533,321.2396161542099,16176.94587967247
VLTO,-1,2024-10-01,2024-10-02,1,RESIDUAL_REVERTED,111.58283996582031,108.85648345947266,0.02443347478145197,395.2589991918898,16176.945879672468
UHS,1,2024-09-30,2024-10-03,3,RESIDUAL_REVERTED,222.1432647705078,221.63760375976562,-0.002276283331230311,-36.44983176570118,16012.871185943464
RF,1,2024-10-02,2024-10-03,1,RESIDUAL_REVERTED,20.788333892822266,20.751441955566406,-0.0017746461763632482,-28.739908493635365,16194.725955193899
CDW,1,2024-10-02,2024-10-03,1,RESIDUAL_REVERTED,210.19284057617188,210.5407257080078,0.0016550760286713206,26.80350271934136,16194.725955193899
PAYX,-1,2024-10-02,2024-10-03,1,RESIDUAL_REVERTED,129.830078125,130.37034606933594,-0.004161346524152565,-67.39186656325106,16194.725955193899
MKC,-1,2024-10-02,2024-10-03,1,RESIDUAL_REVERTED,78.59432220458984,77.24055480957031,0.017224748010365443,278.95007367514006,16194.725955193899
HUM,1,2024-10-02,2024-10-04,2,RESIDUAL_REVERTED,214.37965393066406,235.78248596191406,0.09983611615574417,1616.8185415731818,16194.725955193899
BLK,-1,2024-10-03,2024-10-04,1,RESIDUAL_REVERTED,914.7874755859375,921.6658935546875,-0.0075191431368737405,-123.31087877274959,16399.59188541528
MSCI,-1,2024-10-03,2024-10-04,1,RESIDUAL_REVERTED,571.6766357421875,576.59521484375,-0.008603778419555175,-141.0984547532471,16399.59188541528
UNH,-1,2024-10-02,2024-10-07,3,RESIDUAL_REVERTED,576.093505859375,561.3445434570312,0.02560168141514163,414.6122145103995,16194.725955193899
CAG,1,2024-10-03,2024-10-07,2,RESIDUAL_REVERTED,26.148122787475586,25.885854721069336,-0.010030091587755252,-164.4894086125229,16399.59188541528
STZ,1,2024-10-04,2024-10-07,1,RESIDUAL_REVERTED,230.970947265625,231.95045471191406,0.004240825341390586,69.2624260249136,16332.298656327433
UHS,1,2024-10-04,2024-10-07,1,RESIDUAL_REVERTED,214.92581176757812,212.5861053466797,-0.010886111824616962,-177.79522952582224,16332.298656327432
LYV,1,2024-10-04,2024-10-07,1,RESIDUAL_REVERTED,110.30999755859375,110.43000030517578,0.0010878682733928002,17.767389539794454,16332.298656327432
MKTX,-1,2024-10-04,2024-10-07,1,RESIDUAL_REVERTED,266.25213623046875,266.31011962890625,-0.00021777627499419694,-3.5567871634665535,16332.298656327432
PCAR,-1,2024-10-04,2024-10-08,2,RESIDUAL_REVERTED,95.79998779296875,96.43714904785156,-0.00665095340366606,-108.62535733799156,16332.298656327433
VRSK,1,2024-10-07,2024-10-08,1,RESIDUAL_REVERTED,261.3437805175781,263.0068664550781,0.006363594856576782,103.94775738535186,16334.754133180119
AIG,-1,2024-10-07,2024-10-08,1,RESIDUAL_REVERTED,71.98777770996094,70.6122055053711,0.019108413238314248,312.131232123068,16334.754133180119
COF,-1,2024-10-07,2024-10-08,1,RESIDUAL_REVERTED,148.16293334960938,148.13375854492188,0.00019691027997303934,3.216481009655441,16334.754133180119
ACGL,1,2024-10-08,2024-10-09,1,RESIDUAL_REVERTED,103.36266326904297,104.15191650390625,0.007635767209373645,124.85869830360994,16351.82096048382
CINF,1,2024-10-08,2024-10-09,1,RESIDUAL_REVERTED,127.86626434326172,127.72294616699219,-0.0011208443212573638,-18.32784566577458,16351.82096048382
L,1,2024-10-08,2024-10-09,1,RESIDUAL_REVERTED,76.43673706054688,76.70533752441406,0.003514023154264523,57.46067746952737,16351.820960483821
APD,-1,2024-10-08,2024-10-09,1,RESIDUAL_REVERTED,295.688232421875,297.8682556152344,-0.0073727086651491636,-120.55721208632552,16351.82096048382
GNRC,-1,2024-10-08,2024-10-09,1,RESIDUAL_REVERTED,170.47000122070312,175.86000061035156,-0.03161846278554403,-517.0194425149356,16351.82096048382
EG,1,2024-10-08,2024-10-10,2,RESIDUAL_REVERTED,362.76373291015625,387.2514343261719,0.0675031685763372,1103.7997268256227,16351.820960483818
MPC,1,2024-10-09,2024-10-10,1,RESIDUAL_REVERTED,152.87991333007812,156.32211303710938,0.022515709435282805,368.40330330124533,16362.056206141428
EW,-1,2024-10-09,2024-10-10,1,RESIDUAL_REVERTED,68.72000122070312,67.6500015258789,0.015570426015968475,254.76418562684233,16362.056206141428
AON,-1,2024-10-09,2024-10-11,2,RESIDUAL_REVERTED,348.7170715332031,349.9512023925781,-0.00353906063144227,-57.906308968600925,16362.056206141428
AFL,1,2024-10-10,2024-10-11,1,RESIDUAL_REVERTED,107.58587646484375,107.51873779296875,-0.0006240472642051742,-10.205338329449303,16353.47018538364
GLW,-1,2024-10-10,2024-10-11,1,RESIDUAL_REVERTED,45.51057434082031,44.77307891845703,0.016204924526777353,265.00675010504483,16353.470185383638
NCLH,-1,2024-10-10,2024-10-11,1,RESIDUAL_REVERTED,22.940000534057617,23.15999984741211,-0.00959020524118448,-156.8331354834189,16353.47018538364
NRG,1,2024-10-10,2024-10-14,2,RESIDUAL_REVERTED,85.41496276855469,87.78815460205078,0.02778426351278318,454.3691249791434,16353.47018538364
MTCH,1,2024-10-10,2024-10-14,2,RESIDUAL_REVERTED,35.25627517700195,36.09159469604492,0.02369278986079215,387.4593325970237,16353.47018538364
CTSH,1,2024-10-11,2024-10-14,1,RESIDUAL_REVERTED,71.8062973022461,73.30828857421875,0.020917263922556772,343.6826795626776,16430.57528150502
MOS,-1,2024-10-11,2024-10-14,1,RESIDUAL_REVERTED,24.697229385375977,24.24785041809082,0.018195521460040665,298.96288513543874,16430.57528150502
WTW,1,2024-10-11,2024-10-15,2,RESIDUAL_REVERTED,285.0373229980469,287.8575744628906,0.009894323435191144,162.56942606146902,16430.57528150502
AOS,1,2024-10-14,2024-10-15,1,RESIDUAL_REVERTED,77.7359390258789,79.14619445800781,0.0181416144167168,299.8489028625281,16528.23701214971
FAST,-1,2024-10-14,2024-10-15,1,RESIDUAL_REVERTED,36.86940383911133,36.965232849121094,-0.002599147261179935,-42.95932196226285,16528.23701214971
UBER,-1,2024-10-14,2024-10-15,1,RESIDUAL_REVERTED,85.63999938964844,84.7699966430664,0.010158836440711028,167.90765645973534,16528.23701214971
SNPS,-1,2024-10-09,2024-10-16,5,RESIDUAL_REVERTED,517.3699951171875,515.969970703125,0.0027060409905398375,44.27639478333529,16362.056206141428
GWW,-1,2024-10-14,2024-10-16,2,RESIDUAL_REVERTED,1077.95703125,1076.2945556640625,0.0015422466181325145,25.49061763568089,16528.23701214971
QCOM,-1,2024-10-15,2024-10-16,1,RESIDUAL_REVERTED,169.7831573486328,167.2922821044922,0.014670920738185211,243.49892426054194,16597.38530430246
CAT,1,2024-10-15,2024-10-17,2,RESIDUAL_REVERTED,381.11224365234375,385.5220642089844,0.011570923343683814,192.04707306166833,16597.38530430246
SCHW,-1,2024-10-16,2024-10-17,1,RESIDUAL_REVERTED,70.85289001464844,70.6969223022461,0.0022012893527716404,36.67346990239203,16659.995132496766
VTRS,-1,2024-10-16,2024-10-17,1,RESIDUAL_REVERTED,10.917545318603516,10.88990592956543,0.002531648665656361,42.177254447027664,16659.995132496766
ACGL,1,2024-10-15,2024-10-18,3,RESIDUAL_REVERTED,105.71138763427734,103.14396667480469,-0.02428708029408333,-403.10202955743176,16597.38530430246
FFIV,1,2024-10-15,2024-10-18,3,RESIDUAL_REVERTED,219.0,218.47999572753906,-0.00237444873269832,-39.40964050190711,16597.38530430246
MS,-1,2024-10-17,2024-10-18,1,RESIDUAL_REVERTED,113.71949005126953,113.49163055419922,0.002003697844297214,33.09843851888064,16518.677510724665
CSCO,-1,2024-10-17,2024-10-18,1,RESIDUAL_REVERTED,54.172786712646484,54.20161056518555,-0.000532072545796014,-8.789134796314698,16518.677510724665
D,-1,2024-10-17,2024-10-18,1,RESIDUAL_REVERTED,55.452083587646484,54.71064376831055,0.01337081983878985,220.86826097096932,16518.677510724665
KLAC,1,2024-10-16,2024-10-21,3,RESIDUAL_REVERTED,70.9852523803711,66.74232482910156,-0.05977195838558136,-995.8005357635848,16659.995132496766
LRCX,1,2024-10-16,2024-10-21,3,RESIDUAL_REVERTED,75.99031066894531,71.52839660644531,-0.05871688144477394,-978.222959065323,16659.995132496766
CSX,1,2024-10-18,2024-10-21,1,RESIDUAL_REVERTED,32.274845123291016,33.12059783935547,0.026204702542603986,432.69523851743514,16512.121738987626
SNA,-1,2024-10-18,2024-10-21,1,RESIDUAL_REVERTED,313.205078125,308.6114807128906,0.01466642060725487,242.17372254218944,16512.121738987626
TRV,-1,2024-10-18,2024-10-21,1,RESIDUAL_REVERTED,260.7848205566406,258.4110412597656,0.009102444274970534,150.3006679906637,16512.121738987626
BG,1,2024-10-21,2024-10-22,1,RESIDUAL_REVERTED,84.76717376708984,83.8253173828125,-0.011111098110516582,-184.72125595683943,16624.932488176102
GEN,1,2024-10-21,2024-10-22,1,RESIDUAL_REVERTED,26.072853088378906,25.860803604125977,-0.008132960498574815,-135.20991921780913,16624.932488176102
ISRG,-1,2024-10-21,2024-10-22,1,RESIDUAL_REVERTED,519.0399780273438,515.0,0.007783558489459774,129.40113440503882,16624.932488176102
LW,-1,2024-10-21,2024-10-22,1,RESIDUAL_REVERTED,73.9379653930664,73.19005584716797,0.010115365521926711,168.1672688952565,16624.932488176102
NFLX,-1,2024-10-21,2024-10-23,2,RESIDUAL_REVERTED,76.57599639892578,76.28299713134766,0.0038262547189296114,63.61122638476965,16624.932488176102
PSA,1,2024-10-22,2024-10-23,1,RESIDUAL_REVERTED,306.52886962890625,308.76226806640625,0.007286094912377417,120.79913135682622,16579.406775447656
UPS,1,2024-10-22,2024-10-23,1,RESIDUAL_REVERTED,115.43782806396484,115.80844116210938,0.003210499576786763,53.22817843594872,16579.406775447656
KVUE,-1,2024-10-22,2024-10-23,1,RESIDUAL_REVERTED,20.492748260498047,20.73811149597168,-0.011973173746861354,-198.50811794232428,16579.406775447656
CDW,-1,2024-10-22,2024-10-23,1,RESIDUAL_REVERTED,211.7487335205078,208.85919189453125,0.013646086934903545,226.24402618688666,16579.406775447656
CI,1,2024-10-22,2024-10-24,2,RESIDUAL_REVERTED,307.2121887207031,305.7633972167969,-0.004715931063605683,-78.18733942848785,16579.406775447656
GPC,1,2024-10-23,2024-10-24,1,RESIDUAL_REVERTED,106.57586669921875,106.9591293334961,0.003596148416592282,59.72145945140913,16607.061926549075
PM,-1,2024-10-23,2024-10-24,1,RESIDUAL_REVERTED,122.0549545288086,123.84849548339844,-0.01469453625634265,-244.03307359100467,16607.061926549075
DGX,-1,2024-10-23,2024-10-24,1,RESIDUAL_REVERTED,154.85313415527344,152.67332458496094,0.014076625456781344,233.7713906776051,16607.061926549075
MCD,1,2024-10-24,2024-10-25,1,RESIDUAL_REVERTED,284.9682922363281,286.75933837890625,0.006285071677703646,104.63727761309741,16648.541652165877
STX,1,2024-10-24,2024-10-25,1,RESIDUAL_REVERTED,101.45308685302734,101.1522216796875,-0.0029655595770654575,-49.372242140752846,16648.541652165877
PKG,-1,2024-10-24,2024-10-25,1,RESIDUAL_REVERTED,217.0641632080078,218.320556640625,-0.00578812003809781,-96.36375754200611,16648.541652165877
NTRS,-1,2024-10-24,2024-10-25,1,RESIDUAL_REVERTED,98.82716369628906,98.60814666748047,0.002216162243426023,36.89586941763467,16648.541652165877
TDY,-1,2024-10-24,2024-10-28,2,RESIDUAL_REVERTED,470.55999755859375,470.0,0.001190066222159114,19.812867068451432,16648.541652165877
CARR,1,2024-10-25,2024-10-28,1,RESIDUAL_REVERTED,70.81107330322266,72.54744720458984,0.02452121992180234,407.38327897751134,16613.499665866893
MOH,-1,2024-10-25,2024-10-28,1,RESIDUAL_REVERTED,324.739990234375,326.739990234375,-0.006158773357591629,-102.31877911849669,16613.499665866893
WST,-1,2024-10-25,2024-10-28,1,RESIDUAL_REVERTED,325.9705810546875,307.8037414550781,0.05573153117324281,925.895774524919,16613.499665866893
LMT,1,2024-10-23,2024-10-29,4,RESIDUAL_REVERTED,547.0963745117188,524.13232421875,-0.041974415044267244,-697.0717099708191,16607.061926549075
NEM,1,2024-10-25,2024-10-29,2,RESIDUAL_REVERTED,46.39618682861328,47.4354133605957,0.022398964290347934,372.1251857534606,16613.499665866893
MHK,1,2024-10-28,2024-10-29,1,RESIDUAL_REVERTED,131.0800018310547,127.95999908447266,-0.023802278783939257,-398.4945087138109,16741.863765695314
HIG,1,2024-10-28,2024-10-29,1,RESIDUAL_REVERTED,109.57103729248047,109.5323715209961,-0.00035288313809755945,-5.907921423240353,16741.863765695314
TPR,-1,2024-10-28,2024-10-29,1,RESIDUAL_REVERTED,49.29570007324219,48.190330505371094,0.022423245155840488,375.4069155838689,16741.863765695314
AON,-1,2024-10-28,2024-10-29,1,RESIDUAL_REVERTED,374.73260498046875,366.2911682128906,0.022526560687234798,377.1366101353533,16741.863765695314
MMM,-1,2024-10-29,2024-10-30,1,RESIDUAL_REVERTED,124.19812774658203,124.1884994506836,7.752367989055653e-05,1.3001267371288123,16770.70462810302
STLD,-1,2024-10-29,2024-10-30,1,RESIDUAL_REVERTED,132.5084991455078,131.11215209960938,0.010537792329570528,176.72620259151725,16770.70462810302
STT,-1,2024-10-29,2024-10-30,1,RESIDUAL_REVERTED,88.18123626708984,88.31454467773438,-0.0015117548390992663,-25.35319387663967,16770.70462810302
COO,1,2024-10-29,2024-10-31,2,RESIDUAL_REVERTED,105.12000274658203,105.02999877929688,-0.0008562021017268773,-14.359112550022092,16770.70462810302
SWK,1,2024-10-30,2024-10-31,1,RESIDUAL_REVERTED,85.78753662109375,85.97120666503906,0.002140987504473335,35.86287298251979,16750.622274809273
F,1,2024-10-30,2024-10-31,1,RESIDUAL_REVERTED,9.232762336730957,9.25939655303955,0.002884750558631133,48.32136696467631,16750.622274809273
ECL,1,2024-10-30,2024-10-31,1,RESIDUAL_REVERTED,249.4600830078125,244.89651489257812,-0.018293780953690497,-306.4322147333699,16750.622274809273
DHI,1,2024-10-30,2024-10-31,1,RESIDUAL_REVERTED,162.50970458984375,164.11231994628906,0.00986165940360384,165.18893167258858,16750.622274809273
FFIV,-1,2024-10-30,2024-10-31,1,RESIDUAL_REVERTED,240.00999450683594,238.39999389648438,0.0067080565276447235,112.36412109264599,16750.622274809273
LDOS,-1,2024-10-30,2024-10-31,1,RESIDUAL_REVERTED,184.02517700195312,180.91441345214844,0.016904010638564282,283.1526971359475,16750.622274809273
GRMN,-1,2024-10-31,2024-11-01,1,RESIDUAL_REVERTED,198.12396240234375,192.58230590820312,0.027970652448828015,471.0675498611448,16841.493087190494
IEX,-1,2024-10-31,2024-11-01,1,RESIDUAL_REVERTED,213.84669494628906,210.2398681640625,0.01686641349838247,284.05558633870436,16841.493087190494
FMC,-1,2024-10-31,2024-11-01,1,RESIDUAL_REVERTED,62.046714782714844,59.985923767089844,0.03321353955389594,559.3655967980668,16841.493087190494
HII,1,2024-11-01,2024-11-04,1,RESIDUAL_REVERTED,177.50181579589844,181.41392517089844,0.022039827353081076,373.3982743083364,16941.978189141166
TFX,1,2024-11-01,2024-11-04,1,RESIDUAL_REVERTED,197.78138732910156,205.97898864746094,0.04144778954714701,702.2075464958783,16941.978189141166
APTV,1,2024-11-01,2024-11-04,1,RESIDUAL_REVERTED,57.4900016784668,56.59000015258789,-0.01565492258832213,-265.2253570440467,16941.978189141166
BALL,1,2024-11-01,2024-11-04,1,RESIDUAL_REVERTED,58.326881408691406,57.471561431884766,-0.014664250104741372,-248.4414054346394,16941.978189141166
ETR,-1,2024-11-01,2024-11-04,1,RESIDUAL_REVERTED,73.13533020019531,68.30733489990234,0.06601454163230225,1118.416924500617,16941.978189141166
AME,-1,2024-11-01,2024-11-04,1,RESIDUAL_REVERTED,180.30645751953125,177.41342163085938,0.01604510414364113,271.8358044440657,16941.978189141166
EL,1,2024-11-01,2024-11-05,2,RESIDUAL_REVERTED,65.8376693725586,63.88249969482422,-0.029696823966695596,-503.1229439305205,16941.978189141166
WAT,-1,2024-11-04,2024-11-05,1,RESIDUAL_REVERTED,387.0,386.5,0.0012919896640827266,22.09554421676222,17101.95122377396
CHD,-1,2024-11-04,2024-11-05,1,RESIDUAL_REVERTED,101.30558013916016,100.31036376953125,0.009823904747021883,168.00793981057052,17101.95122377396
CHTR,-1,2024-11-04,2024-11-06,2,RESIDUAL_REVERTED,377.0,392.07000732421875,-0.03997349422869689,-683.6247485429851,17101.95122377396
L,1,2024-11-05,2024-11-06,1,RESIDUAL_REVERTED,76.33724975585938,82.1274642944336,0.07585044728612034,1298.1123070502658,17114.102203690007
PEG,1,2024-11-05,2024-11-06,1,RESIDUAL_REVERTED,77.06998443603516,78.84224700927734,0.022995496706154084,393.5472808537367,17114.102203690007
CEG,1,2024-11-05,2024-11-06,1,RESIDUAL_REVERTED,227.69747924804688,236.0699462890625,0.036770134955665945,629.2878476747411,17114.102203690007
SHW,-1,2024-11-05,2024-11-06,1,RESIDUAL_REVERTED,367.2281188964844,373.16143798828125,-0.01615703914402422,-276.51321921985044,17114.102203690007
STZ,-1,2024-11-05,2024-11-06,1,RESIDUAL_REVERTED,227.9180450439453,223.2672576904297,0.020405524944805964,349.22223942535436,17114.102203690007
BRK-B,1,2024-11-05,2024-11-07,2,RESIDUAL_REVERTED,442.2900085449219,468.2699890136719,0.058739695599773656,1005.2771539081665,17114.102203690007
CE,1,2024-11-06,2024-11-07,1,RESIDUAL_REVERTED,92.61299896240234,92.55326080322266,-0.0006450299617652977,-11.07919714602095,17176.251961536538
CMI,-1,2024-11-06,2024-11-07,1,RESIDUAL_REVERTED,352.67974853515625,344.7422180175781,0.022506340527196134,386.57457562726177,17176.251961536538
PLTR,-1,2024-11-06,2024-11-08,2,RESIDUAL_REVERTED,53.439998626708984,55.56999969482422,-0.03985780544258244,-684.6077089156967,17176.251961536538
IFF,1,2024-11-07,2024-11-08,1,RESIDUAL_REVERTED,84.38274383544922,87.79058837890625,0.040385562125148544,700.430242042994,17343.5803585566
IRM,1,2024-11-07,2024-11-08,1,RESIDUAL_REVERTED,106.72736358642578,110.14930725097656,0.03206247722759259,556.0781502911447,17343.5803585566
HD,1,2024-11-07,2024-11-08,1,RESIDUAL_REVERTED,371.4267578125,383.7759704589844,0.03324804254603109,576.6400976617984,17343.5803585566
TRMB,-1,2024-11-07,2024-11-08,1,RESIDUAL_REVERTED,72.6500015258789,71.37000274658203,0.01761870271731414,305.57138639125634,17343.5803585566
GS,-1,2024-11-07,2024-11-08,1,RESIDUAL_REVERTED,567.049072265625,563.6083374023438,0.006067790305226861,105.23720875757289,17343.5803585566
KEY,-1,2024-11-07,2024-11-08,1,RESIDUAL_REVERTED,17.928869247436523,17.46139907836914,0.026073600215151482,452.20958056835747,17343.5803585566
BDX,1,2024-11-08,2024-11-11,1,RESIDUAL_REVERTED,171.79820251464844,174.5853729248047,0.016223513222838326,284.6372054269085,17544.73285269782
EPAM,-1,2024-11-08,2024-11-11,1,RESIDUAL_REVERTED,234.72999572753906,237.27999877929688,-0.010863558548851682,-190.59823256924338,17544.73285269782
MTCH,1,2024-11-08,2024-11-12,2,RESIDUAL_REVERTED,30.023521423339844,30.23474884033203,0.007035397814061373,123.43417516015958,17544.73285269782
FTNT,1,2024-11-11,2024-11-12,1,RESIDUAL_REVERTED,92.41999816894531,97.16000366210938,0.05128766053965128,902.9934322563037,17606.44612670888
AKAM,1,2024-11-11,2024-11-12,1,RESIDUAL_REVERTED,91.6500015258789,91.5,-0.0016366778328590348,-28.816080091011916,17606.44612670888
ABNB,1,2024-11-11,2024-11-12,1,RESIDUAL_REVERTED,136.0,135.64999389648438,-0.0025735742905560466,-45.311497099758405,17606.44612670888
AXON,-1,2024-11-11,2024-11-12,1,RESIDUAL_REVERTED,611.0599975585938,609.1099853515625,0.0031911959788273325,56.1856200809942,17606.44612670888
MSI,-1,2024-11-11,2024-11-12,1,RESIDUAL_REVERTED,495.28533935546875,489.76483154296875,0.01114611593325987,196.24348970099095,17606.44612670888
EOG,-1,2024-11-11,2024-11-12,1,RESIDUAL_REVERTED,125.88113403320312,125.52278900146484,0.0028466937042668228,50.120159343414294,17606.44612670888
BMY,-1,2024-11-12,2024-11-13,1,RESIDUAL_REVERTED,55.12465286254883,54.562538146972656,0.010197156560382892,180.80566633684458,17730.988561977585
PODD,-1,2024-11-11,2024-11-14,3,RESIDUAL_REVERTED,268.1600036621094,266.4599914550781,0.00633954424155414,111.61684415680966,17606.44612670888
ABBV,1,2024-11-12,2024-11-14,2,RESIDUAL_REVERTED,166.13560485839844,160.46278381347656,-0.034145727219381805,-605.4374987672654,17730.988561977585
AMGN,1,2024-11-13,2024-11-14,1,RESIDUAL_REVERTED,288.10723876953125,280.4903259277344,-0.02643776974965195,-467.3530869368759,17677.477766180633
MOS,1,2024-11-13,2024-11-14,1,RESIDUAL_REVERTED,24.210403442382812,24.341468811035156,0.005413597049890528,95.69874148450137,17677.477766180633
LYV,-1,2024-11-13,2024-11-14,1,RESIDUAL_REVERTED,129.4499969482422,126.76000213623047,0.020780184437449223,367.3412483701424,17677.477766180633
POOL,1,2024-11-13,2024-11-15,2,RESIDUAL_REVERTED,343.9051513671875,363.599365234375,0.05726641136049748,1012.3257135741477,17677.477766180633
TJX,-1,2024-11-13,2024-11-15,2,RESIDUAL_REVERTED,116.98877716064453,117.1759033203125,-0.0015995223149569693,-28.275520159160028,17677.477766180633
PLD,-1,2024-11-14,2024-11-15,1,RESIDUAL_REVERTED,108.87506866455078,106.96695709228516,0.0175256979919306,310.12109234786544,17695.22061207805
DG,1,2024-11-13,2024-11-18,3,RESIDUAL_REVERTED,72.21553802490234,72.94612884521484,0.010116809211621058,178.83966990312197,17677.477766180633
J,1,2024-11-15,2024-11-18,1,RESIDUAL_REVERTED,136.3876953125,136.64059448242188,0.0018542667602265972,32.892367122251486,17738.746024996315
TPR,-1,2024-11-15,2024-11-18,1,RESIDUAL_REVERTED,56.23821258544922,55.08436584472656,0.02051713039367109,363.94816521506414,17738.746024996315
TSN,-1,2024-11-13,2024-11-19,4,RESIDUAL_REVERTED,58.19525909423828,59.95083236694336,-0.030166946586872356,-533.275527562993,17677.477766180633
OMC,1,2024-11-18,2024-11-19,1,RESIDUAL_REVERTED,89.7646713256836,89.75540161132812,-0.0001032668445009044,-1.832373935740076,17744.06823986106
DIS,-1,2024-11-18,2024-11-19,1,RESIDUAL_REVERTED,110.7472915649414,109.49647521972656,0.01129432898574656,200.4073442465278,17744.06823986106
EXC,-1,2024-11-18,2024-11-19,1,RESIDUAL_REVERTED,36.663143157958984,36.68193054199219,-0.0005124324434557792,-9.092636244998655,17744.06823986106
LDOS,1,2024-11-15,2024-11-20,3,RESIDUAL_REVERTED,164.14747619628906,154.94232177734375,-0.05607856198737837,-994.7633685411176,17738.746024996315
ECL,-1,2024-11-15,2024-11-20,3,RESIDUAL_REVERTED,241.30242919921875,239.27523803710938,0.00840103918073587,149.02390037311636,17738.746024996315
UBER,1,2024-11-19,2024-11-20,1,RESIDUAL_REVERTED,68.51000213623047,69.29000091552734,0.011385181068099604,201.93096510466643,17736.298078777265
GD,1,2024-11-15,2024-11-21,4,RESIDUAL_REVERTED,281.26702880859375,271.4701232910156,-0.03483133291191787,-617.8641682366066,17738.746024996315
BBY,1,2024-11-19,2024-11-21,2,RESIDUAL_REVERTED,79.2469711303711,78.3979721069336,-0.010713330886057304,-190.01483001168415,17736.298078777265
HSIC,-1,2024-11-19,2024-11-21,2,RESIDUAL_REVERTED,73.69000244140625,73.5999984741211,0.0012213864066122904,21.662873377041308,17736.298078777265
INTU,1,2024-11-20,2024-11-21,1,RESIDUAL_REVERTED,631.9417724609375,649.3521118164062,0.027550543600984856,487.58865936273423,17697.968737912786
SMCI,-1,2024-11-20,2024-11-21,1,RESIDUAL_REVERTED,27.290000915527344,27.68000030517578,-0.014290926220765998,-252.92036549093456,17697.968737912786
EIX,-1,2024-11-20,2024-11-22,2,RESIDUAL_REVERTED,77.93111419677734,79.57646179199219,-0.021112845776339206,-373.6544845180264,17697.968737912786
WMT,-1,2024-11-20,2024-11-22,2,TRAILING_STOP,85.04769897460938,88.69594390400152,-0.04289645661643737,-759.1801481649392,17697.968737912786
TGT,1,2024-11-21,2024-11-25,2,RESIDUAL_REVERTED,113.79718017578125,119.37100982666016,0.04898038459537468,872.7934764294323,17819.245063907747
QCOM,1,2024-11-21,2024-11-25,2,RESIDUAL_REVERTED,148.64889526367188,152.27027893066406,0.02436199516026405,434.1123620064815,17819.245063907747
KEYS,-1,2024-11-21,2024-11-25,2,RESIDUAL_REVERTED,165.38999938964844,172.0,-0.039966144475149346,-712.16652266223,17819.245063907747
TDG,1,2024-11-22,2024-11-25,1,RESIDUAL_REVERTED,1159.2862548828125,1186.42041015625,0.02340591476794529,412.585928777083,17627.42165250155
KMX,-1,2024-11-22,2024-11-25,1,RESIDUAL_REVERTED,81.2699966430664,83.08000183105469,-0.022271505632487365,-392.5892206199177,17627.42165250155
GOOGL,1,2024-11-22,2024-11-26,2,RESIDUAL_REVERTED,164.69349670410156,166.46109008789062,0.010732624051117412,189.18848958682554,17627.42165250155
GOOG,1,2024-11-22,2024-11-26,2,RESIDUAL_REVERTED,165.9982452392578,168.3120574951172,0.013938775392019487,245.70467115463927,17627.42165250155
CPRT,-1,2024-11-25,2024-11-26,1,RESIDUAL_REVERTED,63.369998931884766,63.75,-0.005996545281998333,-105.5848914342412,17607.620132746655
DE,-1,2024-11-22,2024-11-27,3,RESIDUAL_REVERTED,426.0523681640625,451.4437561035156,-0.05959687079987197,-1050.5391707590009,17627.42165250155
MRNA,-1,2024-11-25,2024-11-27,2,RESIDUAL_REVERTED,43.0,42.4900016784668,0.01186042608216753,208.83387706732626,17607.620132746655
OKE,1,2024-11-26,2024-11-27,1,RESIDUAL_REVERTED,102.90914154052734,103.03726959228516,0.001245059961046735,21.907700206215456,17595.698915412566
ORCL,1,2024-11-26,2024-11-27,1,RESIDUAL_REVERTED,184.6839599609375,185.3116455078125,0.0033987009321641004,59.80251830589195,17595.698915412566
ULTA,-1,2024-11-26,2024-11-27,1,RESIDUAL_REVERTED,360.0,365.8800048828125,-0.016333346896701295,-287.39665427534584,17595.698915412566
DRI,-1,2024-11-26,2024-11-27,1,RESIDUAL_REVERTED,165.33018493652344,165.3206787109375,5.7498427099567095e-05,1.0117250113545113,17595.698915412566
GM,1,2024-11-27,2024-11-29,1,RESIDUAL_REVERTED,54.15304946899414,55.35972213745117,0.02228263560942989,394.2696400381714,17694.030766778655
AMGN,1,2024-11-27,2024-11-29,1,RESIDUAL_REVERTED,264.7866516113281,265.2232971191406,0.001649046525401987,29.178279956313062,17694.030766778655
SJM,-1,2024-11-27,2024-11-29,1,RESIDUAL_REVERTED,112.14189910888672,110.02584838867188,0.018869403291986497,333.8758023991634,17694.030766778655
BX,1,2024-11-26,2024-12-02,3,RESIDUAL_REVERTED,181.49754333496094,180.31253051757812,-0.006529084612433733,-114.88380703363656,17595.698915412566
ADSK,1,2024-11-29,2024-12-02,1,RESIDUAL_REVERTED,289.0299987792969,291.739990234375,0.009376159798372585,165.40332731000893,17640.839199297523
HPQ,1,2024-11-29,2024-12-02,1,RESIDUAL_REVERTED,31.31671142578125,32.6882438659668,0.04379554486223736,772.5901645603517,17640.839199297523
VRSN,-1,2024-11-29,2024-12-02,1,RESIDUAL_REVERTED,187.65402221679688,183.6663818359375,0.021249959546576935,374.8671193527403,17640.839199297523
A,-1,2024-11-29,2024-12-02,1,RESIDUAL_REVERTED,135.35281372070312,135.90496826171875,-0.0040793724625109995,-71.96355364519991,17640.839199297523
RL,-1,2024-12-02,2024-12-03,1,RESIDUAL_REVERTED,225.8802490234375,229.4334259033203,-0.015730356661303846,-278.843725360061,17726.47190168335
ULTA,-1,2024-11-29,2024-12-04,3,RESIDUAL_REVERTED,377.6600036621094,395.3999938964844,-0.0469734418851695,-828.6509349338224,17640.839199297523
PCG,1,2024-12-03,2024-12-04,1,RESIDUAL_REVERTED,20.637113571166992,20.578004837036133,-0.002864195805630576,-50.69639804600681,17700.04618620852
TRGP,1,2024-12-03,2024-12-04,1,RESIDUAL_REVERTED,188.5202178955078,189.59036254882812,0.005676551116196249,100.47521693504784,17700.04618620852
WMB,1,2024-12-03,2024-12-04,1,RESIDUAL_REVERTED,53.163360595703125,52.91957473754883,-0.004585599093485437,-81.16531574612857,17700.04618620852
EXC,1,2024-12-03,2024-12-04,1,RESIDUAL_REVERTED,36.043487548828125,35.74304962158203,-0.008335428885428708,-147.53747625394564,17700.04618620852
KMI,1,2024-12-03,2024-12-04,1,RESIDUAL_REVERTED,25.579811096191406,25.477380752563477,-0.004004343239390917,-70.87706028265029,17700.04618620852
VRSN,-1,2024-12-03,2024-12-04,1,RESIDUAL_REVERTED,188.6361846923828,184.80572509765625,0.020306070126328457,359.4183790964019,17700.04618620852
SMCI,-1,2024-12-03,2024-12-04,1,RESIDUAL_REVERTED,44.41999816894531,40.150001525878906,0.09612779871863264,1701.4664770983545,17700.04618620852
TMO,-1,2024-11-29,2024-12-05,4,RESIDUAL_REVERTED,519.4655151367188,523.5170288085938,-0.0077993890909364705,-137.58776880596494,17640.839199297523
CPB,1,2024-12-05,2024-12-06,1,RESIDUAL_REVERTED,39.07493591308594,38.77429962158203,-0.0076938396565156,-137.24848954490298,17838.75095819976
ON,1,2024-12-05,2024-12-06,1,RESIDUAL_REVERTED,65.87999725341797,66.27999877929688,0.006071668830528898,108.3109881684687,17838.75095819976
LYB,1,2024-12-05,2024-12-06,1,RESIDUAL_REVERTED,68.49839782714844,68.37505340576172,-0.0018006906044426563,-32.12207124542203,17838.75095819976
CRM,-1,2024-12-05,2024-12-06,1,RESIDUAL_REVERTED,355.5932922363281,359.7427062988281,-0.011668988569509597,-208.16018102556143,17838.75095819976
PYPL,-1,2024-12-05,2024-12-06,1,RESIDUAL_REVERTED,88.60192108154297,88.5030288696289,0.001116140719150449,19.910556323230395,17838.75095819976
SYY,-1,2024-12-04,2024-12-09,3,RESIDUAL_REVERTED,75.41246032714844,76.71760559082031,-0.017306758830172075,-309.09927852376154,17860.032693405763
MCHP,1,2024-12-05,2024-12-09,2,RESIDUAL_REVERTED,58.61114501953125,56.71431350708008,-0.032362983385140875,-577.3152008718846,17838.75095819976
NOW,-1,2024-12-05,2024-12-09,2,RESIDUAL_REVERTED,223.02000427246094,224.83999633789062,-0.008160667341779115,-145.5761123627098,17838.75095819976
BF-B,-1,2024-12-06,2024-12-09,1,RESIDUAL_REVERTED,42.662837982177734,41.75552749633789,0.021266997901519535,375.6048918040026,17661.396946729594
MKTX,1,2024-12-05,2024-12-10,3,RESIDUAL_REVERTED,240.54013061523438,233.29481506347656,-0.030121026097501113,-537.3214831587588,17838.75095819976
COO,1,2024-12-09,2024-12-10,1,RESIDUAL_REVERTED,98.5999984741211,99.5999984741211,0.010141987986566292,179.5456803088571,17703.203804488345
HAL,1,2024-12-09,2024-12-10,1,RESIDUAL_REVERTED,27.8372802734375,27.866018295288086,0.0010323573843529221,18.276033174268797,17703.203804488345
LULU,-1,2024-12-09,2024-12-10,1,RESIDUAL_REVERTED,398.67999267578125,404.0,-0.013344053932862199,-236.23250635154457,17703.203804488345
HPE,-1,2024-12-09,2024-12-10,1,RESIDUAL_REVERTED,22.80702781677246,21.640378952026367,0.05115304256734987,905.5727377894622,17703.203804488345
CME,1,2024-12-09,2024-12-11,2,RESIDUAL_REVERTED,221.3475799560547,220.53273010253906,-0.0036813135868817293,-65.17104469680014,17703.203804488345
CTAS,1,2024-12-10,2024-12-11,1,RESIDUAL_REVERTED,205.8900909423828,206.85476684570312,0.0046853925747707414,83.1853760486199,17754.195560163975
HSY,-1,2024-12-10,2024-12-11,1,RESIDUAL_REVERTED,183.3584442138672,169.20803833007812,0.07717346176478346,1370.152732226803,17754.195560163975
NOC,-1,2024-12-10,2024-12-11,1,RESIDUAL_REVERTED,463.8965148925781,466.4116516113281,-0.005421762479359105,-96.25903133929981,17754.195560163975
VRSN,-1,2024-12-10,2024-12-12,2,RESIDUAL_REVERTED,197.2105255126953,195.88462829589844,0.0067232578654201625,119.3660349440804,17754.195560163975
AJG,1,2024-12-11,2024-12-12,1,RESIDUAL_REVERTED,279.80596923828125,279.94342041015625,0.000491237453758453,8.781019763882863,17875.305917130787
URI,1,2024-12-11,2024-12-12,1,RESIDUAL_REVERTED,796.010498046875,786.6219482421875,-0.01179450500681034,-210.83038513786647,17875.305917130787
GOOGL,-1,2024-12-11,2024-12-13,2,RESIDUAL_REVERTED,184.22869873046875,189.8954315185547,-0.030759229301057456,-549.8306335315766,17875.305917130787
GOOG,-1,2024-12-11,2024-12-13,2,RESIDUAL_REVERTED,185.61276245117188,191.58778381347656,-0.03219078948774601,-575.4202098074184,17875.305917130787
PPG,1,2024-12-12,2024-12-13,1,RESIDUAL_REVERTED,117.11904907226562,117.89378356933594,0.006614931586340633,117.28743608037908,17730.710370847788
MDLZ,-1,2024-12-12,2024-12-13,1,RESIDUAL_REVERTED,59.34244155883789,58.89803695678711,0.00748881559937431,132.78202041319207,17730.710370847788
AVGO,-1,2024-12-12,2024-12-13,1,RESIDUAL_REVERTED,177.85035705566406,210.2591552734375,-0.182225095042289,-3230.9803824950395,17730.710370847788
ORCL,1,2024-12-11,2024-12-16,3,RESIDUAL_REVERTED,174.563232421875,170.48355102539062,-0.023370794295472397,-417.76009755790386,17875.305917130787
XYL,1,2024-12-12,2024-12-16,2,RESIDUAL_REVERTED,119.30715942382812,117.97805786132812,-0.011140166012824748,-197.5230570565587,17730.710370847788
WBD,-1,2024-12-13,2024-12-16,1,RESIDUAL_REVERTED,12.319999694824219,12.020000457763672,0.024350588026928244,433.24464449094995,17791.95820699865
PGR,-1,2024-12-16,2024-12-17,1,RESIDUAL_REVERTED,233.5501251220703,228.2476348876953,0.022703863813404168,396.4824766438745,17463.215948722955
NDSN,1,2024-12-13,2024-12-18,3,RESIDUAL_REVERTED,220.18426513671875,218.40330505371094,-0.008088498430630198,-143.91022603514662,17791.95820699865
ADBE,1,2024-12-13,2024-12-18,3,RESIDUAL_REVERTED,473.9800109863281,453.239990234375,-0.04375716332170676,-778.5256210766208,17791.95820699865
AVGO,-1,2024-12-16,2024-12-18,2,RESIDUAL_REVERTED,227.84463500976562,235.33494567871094,-0.03287464139159679,-574.0969618582815,17463.215948722955
ANET,-1,2024-12-16,2024-12-18,2,RESIDUAL_REVERTED,113.37999725341797,113.27999877929688,0.0008819763321883389,15.40214315066761,17463.215948722955
PSX,1,2024-12-17,2024-12-18,1,RESIDUAL_REVERTED,109.18122863769531,109.02073669433594,-0.0014699591254092592,-25.24304616484433,17172.617747324282
SCHW,1,2024-12-16,2024-12-18,2,STOP_LOSS,78.24646759033203,73.71037219466761,-0.057971887234752106,-1012.3755857354926,17463.215948722955
LW,-1,2024-12-16,2024-12-19,3,RESIDUAL_REVERTED,75.48058319091797,62.735618591308594,0.168850902587394,2948.679775020444,17463.215948722955
MU,-1,2024-12-17,2024-12-19,2,RESIDUAL_REVERTED,109.18687438964844,89.61781311035156,0.17922540038523294,3077.769291426751,17172.617747324282
FOXA,-1,2024-12-18,2024-12-20,2,RESIDUAL_REVERTED,48.54306411743164,48.062156677246094,0.009906820859560295,171.0797131668336,17268.881267973793
HST,1,2024-12-19,2024-12-20,1,RESIDUAL_REVERTED,15.56324577331543,15.412919044494629,-0.00965908596512366,-167.62558040936366,17354.186619170243
BXP,1,2024-12-19,2024-12-20,1,RESIDUAL_REVERTED,68.45325469970703,67.48046875,-0.014210952480995687,-246.6195213913595,17354.186619170243
RMD,1,2024-12-19,2024-12-20,1,RESIDUAL_REVERTED,227.76065063476562,227.10195922851562,-0.002892033388621984,-50.18888713501652,17354.186619170243
JBL,-1,2024-12-19,2024-12-20,1,RESIDUAL_REVERTED,144.911376953125,139.63441467285156,0.03641509998197312,631.9544408429039,17354.186619170243
APD,1,2024-12-19,2024-12-23,2,RESIDUAL_REVERTED,283.1535949707031,280.54339599609375,-0.00921831479794366,-159.97635531777271,17354.186619170243
EXC,-1,2024-12-19,2024-12-23,2,RESIDUAL_REVERTED,34.381675720214844,34.729068756103516,-0.01010401699776442,-175.34699658247038,17354.186619170243
ACN,-1,2024-12-20,2024-12-23,1,RESIDUAL_REVERTED,358.1026611328125,348.3266296386719,0.027299522051066005,486.64007758481307,17825.95595170176
SBUX,1,2024-12-17,2024-12-23,4,TRAILING_STOP,88.98819732666016,82.88732635660323,-0.06855820382181355,-1177.323827675151,17172.617747324282
DRI,-1,2024-12-20,2024-12-24,2,RESIDUAL_REVERTED,173.90347290039062,176.08474731445312,-0.012543018133467143,-223.59128874858052,17825.95595170176
FDS,1,2024-12-23,2024-12-24,1,RESIDUAL_REVERTED,468.0111389160156,477.63427734375,0.020561772204873208,365.82340500294646,17791.433605914837
PANW,1,2024-12-23,2024-12-24,1,RESIDUAL_REVERTED,187.3000030517578,187.94000244140625,0.003416974795625416,60.79288020945568,17791.433605914837
CCL,-1,2024-12-23,2024-12-24,1,RESIDUAL_REVERTED,26.10057258605957,25.588796615600586,0.01960784457013509,348.85166482465587,17791.433605914837
ODFL,1,2024-12-23,2024-12-26,2,RESIDUAL_REVERTED,178.77294921875,178.0611114501953,-0.003981797982667179,-70.84189444078942,17791.433605914837
OXY,-1,2024-12-23,2024-12-26,2,RESIDUAL_REVERTED,46.31632995605469,46.4610710144043,-0.0031250545647063532,-55.59920080283228,17791.433605914837
FDX,1,2024-12-24,2024-12-26,1,RESIDUAL_REVERTED,209.2850799560547,210.3354034423828,0.005018625725965231,89.8823660030158,17909.756756314117
WMT,1,2024-12-24,2024-12-26,1,RESIDUAL_REVERTED,88.94674682617188,91.08257293701172,0.02401241402357157,430.0564942940736,17909.756756314117
CAG,-1,2024-12-24,2024-12-26,1,RESIDUAL_REVERTED,24.33058738708496,24.31289291381836,0.0007272522025503214,13.024910048170645,17909.756756314117
AMD,-1,2024-12-24,2024-12-27,2,RESIDUAL_REVERTED,127.51000213623047,124.37000274658203,0.024625514367835222,441.03697232704644,17909.756756314117
PLD,-1,2024-12-27,2024-12-30,1,RESIDUAL_REVERTED,100.16231536865234,98.93575286865234,0.012245748268553625,219.29758572158028,17908.059263697523
SBUX,-1,2024-12-26,2024-12-31,3,RESIDUAL_REVERTED,85.50558471679688,86.80677795410156,-0.015217640363660134,-273.28857280984204,17958.669430936086
FDX,-1,2024-12-27,2025-01-02,3,RESIDUAL_REVERTED,215.76593017578125,219.0413818359375,-0.015180578590363147,-271.85470105344064,17908.059263697523
TSCO,1,2024-12-31,2025-01-02,1,RESIDUAL_REVERTED,50.7325325012207,51.23407745361328,0.009886061816064773,177.40151585074813,17944.6092034822
CTSH,1,2024-12-31,2025-01-02,1,RESIDUAL_REVERTED,74.4267578125,74.89071655273438,0.006233762612677607,111.86243395177819,17944.6092034822
DVA,1,2024-12-31,2025-01-02,1,RESIDUAL_REVERTED,150.8800048828125,149.6699981689453,-0.008019662478185863,-143.90970911487446,17944.6092034822
EQT,-1,2024-12-31,2025-01-02,1,RESIDUAL_REVERTED,45.28276062011719,46.036983489990234,-0.0166558500308831,-298.8827197560026,17944.6092034822
TJX,1,2024-12-31,2025-01-03,2,RESIDUAL_REVERTED,119.28983306884766,118.95709991455078,-0.002789283426231637,-50.052601041476535,17944.6092034822
DVN,-1,2024-12-31,2025-01-06,3,RESIDUAL_REVERTED,30.506282806396484,32.62596130371094,-0.06948334252215105,-1246.8514277116972,17944.6092034822
AJG,1,2025-01-03,2025-01-06,1,RESIDUAL_REVERTED,272.53619384765625,276.75067138671875,0.015463918680167499,275.6832617670137,17827.516263428064
EMN,1,2025-01-03,2025-01-06,1,RESIDUAL_REVERTED,81.58528900146484,82.64579010009766,0.0129986804191351,231.73418657523342,17827.516263428064
REG,1,2025-01-03,2025-01-06,1,RESIDUAL_REVERTED,67.608642578125,67.72990417480469,0.001793581294574409,31.975099698804467,17827.516263428064
CEG,-1,2025-01-03,2025-01-06,1,RESIDUAL_REVERTED,248.00387573242188,255.3103790283203,-0.029461246419316467,-525.2208496812274,17827.516263428064
UBER,-1,2025-01-03,2025-01-06,1,RESIDUAL_REVERTED,63.689998626708984,66.97000122070312,-0.05149949230205575,-918.1080365731873,17827.516263428064
NEM,-1,2025-01-03,2025-01-06,1,RESIDUAL_REVERTED,37.52742004394531,37.19523620605469,0.008851763257416323,157.80495343160496,17827.516263428064
PPG,1,2025-01-03,2025-01-07,2,RESIDUAL_REVERTED,110.1846923828125,109.85948944091797,-0.002951434857799362,-52.61675292786639,17827.516263428064
VST,-1,2025-01-03,2025-01-07,2,RESIDUAL_REVERTED,152.84527587890625,162.99468994140625,-0.06640319109725712,-1183.8039692298732,17827.516263428064
NFLX,1,2025-01-06,2025-01-08,2,RESIDUAL_REVERTED,88.8759994506836,88.0,-0.009856423062445274,-174.5451307183579,17708.770170733176
ESS,1,2025-01-07,2025-01-08,1,RESIDUAL_REVERTED,259.609619140625,255.5177764892578,-0.015761521722162053,-277.22764483520433,17588.88828896501
L,1,2025-01-07,2025-01-08,1,RESIDUAL_REVERTED,82.23702239990234,82.73482513427734,0.006053267978919363,106.47025426438098,17588.88828896501
TER,-1,2025-01-07,2025-01-08,1,RESIDUAL_REVERTED,140.49159240722656,137.14015197753906,0.02385509604000413,419.58461937016364,17588.88828896501
KLAC,-1,2025-01-07,2025-01-08,1,RESIDUAL_REVERTED,68.63450622558594,68.16230773925781,0.006879899227017372,121.00977894334459,17588.88828896501
TSCO,-1,2025-01-07,2025-01-08,1,RESIDUAL_REVERTED,51.97673416137695,51.93815612792969,0.0007422173414645128,13.054777905152148,17588.88828896501
UDR,1,2025-01-07,2025-01-10,2,RESIDUAL_REVERTED,38.56300354003906,37.71385192871094,-0.022019851499545995,-387.30470816511234,17588.88828896501
MU,-1,2025-01-07,2025-01-10,2,RESIDUAL_REVERTED,103.01307678222656,97.7433853149414,0.051155558419301306,899.7694023967131,17588.88828896501
LUV,1,2025-01-08,2025-01-10,1,RESIDUAL_REVERTED,31.548181533813477,31.915124893188477,0.011631204764740888,204.62501535162835,17592.76184114087
PAYX,-1,2025-01-08,2025-01-10,1,RESIDUAL_REVERTED,131.2265167236328,131.99539184570312,-0.005859144487463608,-103.07853356077908,17592.76184114087
JNJ,1,2025-01-10,2025-01-13,1,RESIDUAL_REVERTED,134.6463623046875,136.53717041015625,0.014042771546921573,248.08520913929286,17666.399279540994
EBAY,-1,2025-01-10,2025-01-13,1,RESIDUAL_REVERTED,67.0596694946289,62.950782775878906,0.061272099157588245,1082.457368413582,17666.399279540994
MDT,-1,2025-01-10,2025-01-13,1,RESIDUAL_REVERTED,77.50817108154297,76.47787475585938,0.01329274463978336,234.83493432739155,17666.399279540994
BSX,-1,2025-01-10,2025-01-13,1,RESIDUAL_REVERTED,95.4800033569336,93.81999969482422,0.017385877709951147,307.1458574492692,17666.399279540994
EIX,1,2025-01-10,2025-01-13,1,TRAILING_STOP,63.53002166748047,58.52210693500167,-0.07882753068605086,-1392.5986313200451,17666.399279540994
PCG,1,2025-01-10,2025-01-13,1,TRAILING_STOP,17.7236270904541,16.845482000664408,-0.049546578999208335,-875.3096475353358,17666.399279540994
STZ,1,2025-01-13,2025-01-14,1,RESIDUAL_REVERTED,170.7236785888672,175.84242248535156,0.02998262419597464,528.1429898464162,17614.968803075015
XEL,1,2025-01-13,2025-01-14,1,RESIDUAL_REVERTED,60.40357208251953,60.03445053100586,-0.006110922562814647,-107.64371030198792,17614.968803075015
CEG,-1,2025-01-13,2025-01-14,1,RESIDUAL_REVERTED,294.5306091308594,281.0660705566406,0.045715243702349695,805.272591641862,17614.968803075015
TAP,-1,2025-01-13,2025-01-14,1,RESIDUAL_REVERTED,48.8629264831543,50.20520782470703,-0.027470342817381033,-483.8892317379425,17614.968803075015
EIX,1,2025-01-14,2025-01-15,1,RESIDUAL_REVERTED,52.72578430175781,56.73143768310547,0.07597143284626529,1349.3145511403327,17760.814829842533
MRNA,1,2025-01-14,2025-01-15,1,RESIDUAL_REVERTED,35.150001525878906,35.18000030517578,0.0008534502985664272,15.157972719313793,17760.814829842533
APH,1,2025-01-14,2025-01-15,1,RESIDUAL_REVERTED,34.025169372558594,35.47662353515625,0.042658249447782515,757.6452694072989,17760.814829842533
RVTY,-1,2025-01-14,2025-01-15,1,RESIDUAL_REVERTED,122.03955841064453,121.47228240966797,0.00464829608009365,82.55752595282672,17760.814829842533
WY,-1,2025-01-14,2025-01-15,1,RESIDUAL_REVERTED,27.244352340698242,28.205915451049805,-0.03529403445994772,-626.8508106412137,17760.814829842533
ESS,-1,2025-01-14,2025-01-15,1,RESIDUAL_REVERTED,267.509765625,273.81292724609375,-0.02356236082210783,-418.4867275153936,17760.814829842533
LLY,1,2025-01-15,2025-01-16,1,RESIDUAL_REVERTED,739.8801879882812,738.3984985351562,-0.002002607283151714,-35.55843896572053,17756.07192926926
URI,-1,2025-01-15,2025-01-16,1,RESIDUAL_REVERTED,739.6297607421875,730.0933837890625,0.0128934467747156,228.93696834805425,17756.07192926926
AOS,-1,2025-01-15,2025-01-16,1,RESIDUAL_REVERTED,69.98127746582031,68.71888732910156,0.01803896959919482,320.3012417332046,17756.07192926926
CRL,1,2025-01-15,2025-01-16,1,TRAILING_STOP,180.5,167.92493069148367,-0.06966797400840075,-1237.0295576596247,17756.07192926926
ABT,1,2025-01-16,2025-01-17,1,RESIDUAL_REVERTED,107.52887725830078,110.04713439941406,0.023419356784169176,417.27014880342057,17817.31892335674
CMI,1,2025-01-16,2025-01-17,1,RESIDUAL_REVERTED,350.8768310546875,358.2811584472656,0.021102354835802917,375.9873861433418,17817.31892335674
BNY,-1,2025-01-16,2025-01-17,1,RESIDUAL_REVERTED,78.90120697021484,79.49981689453125,-0.007586828482134322,-135.1769426829949,17817.31892335674
ISRG,-1,2025-01-16,2025-01-17,1,RESIDUAL_REVERTED,582.5999755859375,597.6799926757812,-0.025883998835869004,-461.1834622704736,17817.31892335674
GS,-1,2025-01-16,2025-01-17,1,RESIDUAL_REVERTED,589.1658935546875,596.7091674804688,-0.01280331059265749,-228.12066810417022,17817.31892335674
DGX,1,2025-01-16,2025-01-21,2,RESIDUAL_REVERTED,146.3524932861328,147.30657958984375,0.0065190983924381385,116.15285515081202,17817.31892335674
USB,1,2025-01-17,2025-01-21,1,RESIDUAL_REVERTED,45.84862518310547,45.735836029052734,-0.0024600335037809895,-43.820930535980295,17813.143791997027
TXN,1,2025-01-17,2025-01-21,1,RESIDUAL_REVERTED,183.40037536621094,182.57168579101562,-0.00451847262330074,-80.48820255905896,17813.143791997027
CCI,-1,2025-01-17,2025-01-21,1,RESIDUAL_REVERTED,83.39498901367188,83.7061538696289,-0.003731217662322761,-66.46471673819566,17813.143791997027
AMT,-1,2025-01-17,2025-01-21,1,RESIDUAL_REVERTED,180.74375915527344,181.26486206054688,-0.0028831031716329836,-51.35713136346107,17813.143791997027
JBHT,1,2025-01-21,2025-01-22,1,RESIDUAL_REVERTED,169.52554321289062,170.52822875976562,0.005914657625463615,104.97306497641469,17747.952903391415
STT,1,2025-01-21,2025-01-22,1,RESIDUAL_REVERTED,93.71593475341797,94.63725280761719,0.009830964783346108,174.47949996972727,17747.952903391415
TFC,-1,2025-01-21,2025-01-22,1,RESIDUAL_REVERTED,44.369781494140625,44.12019348144531,0.0056251801178752725,99.83543180514509,17747.952903391415
SLB,-1,2025-01-21,2025-01-22,1,RESIDUAL_REVERTED,41.913169860839844,41.36957931518555,0.012969444865638335,230.18109665848084,17747.952903391415
INTC,-1,2025-01-21,2025-01-22,1,RESIDUAL_REVERTED,22.030000686645508,21.729999542236328,0.013617845440696663,241.68887952714775,17747.952903391415
PLD,-1,2025-01-22,2025-01-23,1,RESIDUAL_REVERTED,109.69170379638672,108.7764892578125,0.00834351648209486,148.64037422291682,17815.075279337965
SCHW,-1,2025-01-22,2025-01-23,1,RESIDUAL_REVERTED,79.3127212524414,78.71601104736328,0.007523511936740612,134.03193151803205,17815.075279337965
EXPE,1,2025-01-22,2025-01-23,1,TRAILING_STOP,179.3141326904297,169.1056067914996,-0.05693096102220907,-1014.2293563357099,17815.075279337965
BKNG,1,2025-01-22,2025-01-24,2,RESIDUAL_REVERTED,184.5474395751953,189.295166015625,0.02572631975473816,458.3163230909791,17815.075279337965
KEY,1,2025-01-22,2025-01-24,2,RESIDUAL_REVERTED,16.2145938873291,16.112674713134766,-0.006285644580588667,-111.97923138234943,17815.075279337965
D,1,2025-01-23,2025-01-24,1,RESIDUAL_REVERTED,49.247833251953125,49.062686920166016,-0.003759481779429641,-66.63942807931844,17725.69518595395
TXT,1,2025-01-23,2025-01-24,1,RESIDUAL_REVERTED,79.31560516357422,77.32897186279297,-0.02504719338248984,-443.97891516165714,17725.69518595395
TDY,-1,2025-01-23,2025-01-24,1,RESIDUAL_REVERTED,514.719970703125,513.8499755859375,0.0016902299632925999,29.96050112349038,17725.69518595395
TEL,-1,2025-01-23,2025-01-24,1,RESIDUAL_REVERTED,151.31259155273438,152.90565490722656,-0.010528293370330566,-186.6213191107791,17725.69518595395
NFLX,-1,2025-01-23,2025-01-27,2,RESIDUAL_REVERTED,95.78099822998047,97.11000061035156,-0.013875428372337684,-245.95161390259443,17725.69518595395
UNP,-1,2025-01-24,2025-01-27,1,RESIDUAL_REVERTED,238.10787963867188,241.1386260986328,-0.012728459320876295,-225.21972244690198,17694.185664522134
ABT,-1,2025-01-24,2025-01-27,1,TRAILING_STOP,118.73506164550781,125.5424459446166,-0.057332553710484735,-1014.4528499745039,17694.185664522134
LDOS,1,2025-01-24,2025-01-28,2,RESIDUAL_REVERTED,146.99166870117188,145.65774536132812,-0.009074822754448486,-160.57159868984192,17694.185664522134
TXN,1,2025-01-27,2025-01-28,1,RESIDUAL_REVERTED,176.9326934814453,176.72314453125,-0.0011843427354893965,-20.826529411241967,17584.883823884742
CF,1,2025-01-27,2025-01-28,1,RESIDUAL_REVERTED,86.35354614257812,85.96859741210938,-0.004457821915421545,-78.39028049025515,17584.883823884742
ADI,1,2025-01-27,2025-01-28,1,RESIDUAL_REVERTED,211.97711181640625,207.5016326904297,-0.02111303002303755,-371.2701801253051,17584.883823884742
CSX,1,2025-01-27,2025-01-28,1,RESIDUAL_REVERTED,32.039695739746094,32.52736282348633,0.01522071519347401,267.65450839367594,17584.883823884742
NEE,-1,2025-01-27,2025-01-28,1,RESIDUAL_REVERTED,69.56481170654297,68.64422607421875,0.013233495638681259,232.7094833900952,17584.883823884742
WELL,-1,2025-01-27,2025-01-28,1,RESIDUAL_REVERTED,132.7943572998047,134.52500915527344,-0.013032570740649119,-229.1762424008757,17584.883823884742
AWK,-1,2025-01-28,2025-01-29,1,RESIDUAL_REVERTED,122.5355453491211,120.99608612060547,0.012563368646456685,220.28750189371559,17534.111120415433
COST,-1,2025-01-28,2025-01-29,1,RESIDUAL_REVERTED,952.6326904296875,948.6410522460938,0.004190112541480495,73.46989890936553,17534.111120415433
FE,-1,2025-01-28,2025-01-29,1,RESIDUAL_REVERTED,37.9686393737793,37.50276565551758,0.012269960839930594,215.14285681048887,17534.111120415433
LMT,1,2025-01-29,2025-01-30,1,RESIDUAL_REVERTED,438.8805847167969,435.6175842285156,-0.007434825330418282,-130.75436234135972,17586.74300072664
SYF,1,2025-01-29,2025-01-30,1,RESIDUAL_REVERTED,64.82273864746094,67.21961975097656,0.036975930877451546,650.2861935543737,17586.74300072664
SYY,1,2025-01-29,2025-01-30,1,RESIDUAL_REVERTED,69.81431579589844,69.24842071533203,-0.008105716916581907,-142.5531602485686,17586.74300072664
GM,1,2025-01-29,2025-01-30,1,RESIDUAL_REVERTED,49.43748474121094,49.60463333129883,0.0033810091869126424,59.460939653329405,17586.74300072664
ARE,1,2025-01-29,2025-01-30,1,RESIDUAL_REVERTED,89.25770568847656,89.00211334228516,-0.0028635325568804326,-50.36021115207017,17586.74300072664
RCL,-1,2025-01-29,2025-01-30,1,RESIDUAL_REVERTED,258.54473876953125,261.88580322265625,-0.012922577612779262,-227.266051382892,17586.74300072664
IVZ,-1,2025-01-29,2025-01-30,1,RESIDUAL_REVERTED,18.108551025390625,18.033647537231445,0.004136360112642623,72.74510225950274,17586.74300072664
FFIV,-1,2025-01-30,2025-01-31,1,RESIDUAL_REVERTED,304.3599853515625,302.2900085449219,0.00680108064879037,119.36372670283416,17550.700082355947
SBUX,-1,2025-01-30,2025-01-31,1,RESIDUAL_REVERTED,104.28678131103516,104.28678894042969,-7.315782912797886e-08,-0.001283971118339296,17550.700082355947
HSIC,-1,2025-01-30,2025-01-31,1,RESIDUAL_REVERTED,80.45999908447266,79.7699966430664,0.008575720224428984,150.50989364914741,17550.700082355947
UPS,1,2025-01-31,2025-02-03,1,RESIDUAL_REVERTED,102.73584747314453,100.34186553955078,-0.02330230384500931,-410.86661398549904,17632.01684770299
NOW,1,2025-01-31,2025-02-03,1,RESIDUAL_REVERTED,206.40199279785156,201.3000030517578,-0.02471870390849662,-435.84060376799465,17632.01684770299
AVY,1,2025-01-31,2025-02-03,1,RESIDUAL_REVERTED,177.76377868652344,175.60791015625,-0.012127715478388867,-213.83608363910025,17632.01684770299
AMP,1,2025-01-31,2025-02-03,1,RESIDUAL_REVERTED,533.0703125,521.6592407226562,-0.021406316408482673,-377.436531561628,17632.01684770299
CMCSA,1,2025-01-31,2025-02-03,1,RESIDUAL_REVERTED,29.3807315826416,29.064714431762695,-0.010755931995431012,-189.64877415618787,17632.01684770299
IBM,-1,2025-01-31,2025-02-03,1,RESIDUAL_REVERTED,244.61782836914062,241.13079833984375,0.014255011797565165,251.3446081788742,17632.01684770299
WM,-1,2025-01-31,2025-02-03,1,RESIDUAL_REVERTED,215.5941925048828,212.97705078125,0.012139203256013253,214.03863632771595,17632.01684770299
BEN,-1,2025-02-03,2025-02-04,1,RESIDUAL_REVERTED,20.260486602783203,18.842248916625977,0.07000017886847798,1233.7414185747627,17624.83237211173
KEYS,-1,2025-02-03,2025-02-04,1,RESIDUAL_REVERTED,173.77999877929688,174.10000610351562,-0.0018414508370734328,-32.45526232490344,17624.83237211173
EMN,-1,2025-02-03,2025-02-05,2,RESIDUAL_REVERTED,90.05091094970703,93.46297454833984,-0.03789038403552003,-667.8116671409784,17624.83237211173
BLK,1,2025-02-04,2025-02-05,1,RESIDUAL_REVERTED,975.205078125,983.361328125,0.008363625439360645,146.67208574744726,17536.90272368993
KHC,1,2025-02-04,2025-02-05,1,RESIDUAL_REVERTED,26.114803314208984,25.693161010742188,-0.01614572004979964,-283.14592191726564,17536.90272368993
TFX,1,2025-02-04,2025-02-05,1,RESIDUAL_REVERTED,171.8395233154297,172.68333435058594,0.0049104595897147,86.11425215343661,17536.90272368993
ALLE,1,2025-02-04,2025-02-05,1,RESIDUAL_REVERTED,126.37866973876953,127.05552673339844,0.005355785086423204,93.92388206959312,17536.90272368993
IDXX,-1,2025-02-04,2025-02-05,1,RESIDUAL_REVERTED,464.4700012207031,469.239990234375,-0.010269746164737414,-180.0995394879869,17536.90272368993
LIN,-1,2025-02-04,2025-02-05,1,RESIDUAL_REVERTED,445.49578857421875,443.0139465332031,0.005570966336087224,97.69749471291377,17536.90272368993
ADM,1,2025-02-04,2025-02-05,1,TRAILING_STOP,45.73567581176758,42.9928851627989,-0.05997048475367606,-1051.6965574177473,17536.90272368993
PLTR,-1,2025-02-05,2025-02-06,1,RESIDUAL_REVERTED,101.77999877929688,101.08999633789062,0.006779352030672259,118.66144309996285,17503.360581231747
AMCR,-1,2025-02-05,2025-02-07,2,RESIDUAL_REVERTED,45.73943328857422,45.42304992675781,0.006917080931464925,121.07216171299198,17503.360581231747
FMC,1,2025-02-06,2025-02-07,1,RESIDUAL_REVERTED,34.19905471801758,32.87431335449219,-0.03873619825016561,-675.985933476908,17451.013883997195
IEX,1,2025-02-06,2025-02-07,1,RESIDUAL_REVERTED,193.6688232421875,195.8984832763672,0.011512746330840429,200.90909606243497,17451.013883997195
MKTX,1,2025-02-06,2025-02-07,1,RESIDUAL_REVERTED,202.72296142578125,193.98399353027344,-0.04310793328020335,-752.2771421832532,17451.013883997195
VLTO,1,2025-02-06,2025-02-07,1,RESIDUAL_REVERTED,95.28772735595703,97.59027099609375,0.02416411540108765,421.6883133588904,17451.013883997195
TROW,1,2025-02-06,2025-02-07,1,RESIDUAL_REVERTED,101.88026428222656,101.75242614746094,-0.0012547880167594894,-21.89732310194269,17451.013883997195
AMGN,-1,2025-02-06,2025-02-07,1,RESIDUAL_REVERTED,293.7234191894531,283.919677734375,0.033377459251060504,582.4705048028069,17451.013883997195
FISV,-1,2025-02-06,2025-02-07,1,RESIDUAL_REVERTED,229.5,231.5399932861328,-0.008888859634565538,-155.11961289570706,17451.013883997195
JCI,-1,2025-02-06,2025-02-10,2,RESIDUAL_REVERTED,85.48653411865234,88.27937316894531,-0.03266992958699921,-570.1233948119321,17451.013883997195
PM,-1,2025-02-07,2025-02-10,1,RESIDUAL_REVERTED,138.1460418701172,136.72183227539062,0.010309449155738948,180.14360166173827,17473.63985605936
APD,1,2025-02-10,2025-02-11,1,RESIDUAL_REVERTED,298.88909912109375,297.6289367675781,-0.004216153607546125,-73.54521479220854,17443.675358643373
CPAY,1,2025-02-10,2025-02-11,1,RESIDUAL_REVERTED,375.0,370.82000732421875,-0.011146647135416687,-194.43849396756045,17443.675358643373
AMZN,1,2025-02-10,2025-02-11,1,RESIDUAL_REVERTED,230.5500030517578,231.9199981689453,0.005942290605305045,103.65538820565689,17443.675358643373
CDW,1,2025-02-10,2025-02-11,1,RESIDUAL_REVERTED,188.15882873535156,184.31842041015625,-0.020410460412659703,-356.0334453588784,17443.675358643373
DHI,1,2025-02-10,2025-02-11,1,RESIDUAL_REVERTED,127.70658111572266,127.6672592163086,-0.0003079081678526441,-5.371050120295548,17443.675358643373
EXPE,-1,2025-02-10,2025-02-11,1,RESIDUAL_REVERTED,201.70372009277344,198.07403564453125,0.01799512892758115,313.90118704965687,17443.675358643373
TTWO,-1,2025-02-10,2025-02-11,1,RESIDUAL_REVERTED,210.00999450683594,212.27000427246094,-0.010761439096897085,-187.71904999808456,17443.675358643373
ROK,-1,2025-02-11,2025-02-12,1,RESIDUAL_REVERTED,297.2129211425781,293.79241943359375,0.01150859019128414,199.84358016511536,17364.731634676184
MCD,-1,2025-02-11,2025-02-12,1,RESIDUAL_REVERTED,294.5894775390625,296.7075500488281,-0.007189912305963997,-124.8508976699215,17364.731634676184
PFG,-1,2025-02-10,2025-02-13,3,RESIDUAL_REVERTED,77.75991821289062,80.20223236083984,-0.03140839399113915,-547.877828317795,17443.675358643373
FIS,1,2025-02-12,2025-02-13,1,RESIDUAL_REVERTED,67.94883728027344,68.76372528076172,0.011992670266410155,207.48325297749196,17300.838626291876
MAR,1,2025-02-12,2025-02-13,1,RESIDUAL_REVERTED,279.5711975097656,286.1573181152344,0.02355793681228091,407.572063157652,17300.838626291876
AES,1,2025-02-12,2025-02-13,1,RESIDUAL_REVERTED,9.315990447998047,9.371386528015137,0.0059463435827151745,102.87673074104299,17300.838626291876
GPN,1,2025-02-12,2025-02-13,1,RESIDUAL_REVERTED,104.1259994506836,106.21009826660156,0.02001516265786285,346.27909922266815,17300.838626291876
DD,-1,2025-02-12,2025-02-13,1,RESIDUAL_REVERTED,97.68318176269531,100.72932434082031,-0.03118390006506022,-539.507622764019,17300.838626291876
SPGI,-1,2025-02-12,2025-02-13,1,RESIDUAL_REVERTED,499.796142578125,500.6076354980469,-0.0016236478251629993,-28.090469009076408,17300.838626291876
GILD,-1,2025-02-13,2025-02-14,1,RESIDUAL_REVERTED,100.1864013671875,101.1037826538086,-0.009156744569144282,-159.52563929055484,17421.65439758079
NTAP,1,2025-02-12,2025-02-18,3,RESIDUAL_REVERTED,114.10128784179688,116.2684326171875,0.01899316665378392,328.5977112793849,17300.838626291876
CVS,-1,2025-02-13,2025-02-18,2,RESIDUAL_REVERTED,60.60292053222656,61.542423248291016,-0.015502598023553249,-270.08090503096463,17421.65439758079
WST,1,2025-02-14,2025-02-18,1,RESIDUAL_REVERTED,201.67337036132812,214.9378204345703,0.06577194623899496,1136.9395749250784,17286.08684915285
ZBRA,1,2025-02-14,2025-02-18,1,RESIDUAL_REVERTED,321.0,317.04998779296875,-0.012305333978290478,-212.7110718565611,17286.08684915285
MGM,-1,2025-02-14,2025-02-18,1,RESIDUAL_REVERTED,41.209999084472656,39.7400016784668,0.035670891498751134,616.6101284341208,17286.08684915285
GEHC,-1,2025-02-14,2025-02-18,1,RESIDUAL_REVERTED,92.9320297241211,91.9847640991211,0.010193101644417557,176.1988402876446,17286.08684915285
TAP,-1,2025-02-14,2025-02-19,2,RESIDUAL_REVERTED,55.29471206665039,56.44124984741211,-0.020735034832620514,-358.427612936888,17286.08684915285
ABNB,-1,2025-02-18,2025-02-19,1,RESIDUAL_REVERTED,161.0399932861328,160.0,0.00645798143002263,112.14231449275832,17364.9174603411
DUK,1,2025-02-14,2025-02-20,3,RESIDUAL_REVERTED,107.51378631591797,105.84322357177734,-0.01553812586631309,-268.5933931981567,17286.08684915285
ZTS,1,2025-02-14,2025-02-20,3,RESIDUAL_REVERTED,159.81448364257812,152.6609344482422,-0.04476158250046158,-773.7526026085002,17286.08684915285
MDT,1,2025-02-19,2025-02-20,1,RESIDUAL_REVERTED,81.28905487060547,82.01687622070312,0.008953497506597685,155.62297303880675,17381.249385966665
ALLE,1,2025-02-19,2025-02-20,1,RESIDUAL_REVERTED,123.4946060180664,123.85757446289062,0.00293914411752616,51.085996888020254,17381.249385966665
CAG,1,2025-02-19,2025-02-20,1,RESIDUAL_REVERTED,21.490339279174805,21.714570999145508,0.010434070726281774,181.3571854043194,17381.249385966665
INTC,-1,2025-02-19,2025-02-20,1,RESIDUAL_REVERTED,25.979999542236328,25.559999465942383,0.016166284976685263,280.99023082437293,17381.249385966665
ETR,-1,2025-02-19,2025-02-20,1,RESIDUAL_REVERTED,84.25749206542969,83.8725814819336,0.004568265373922964,79.4021597254318,17381.249385966665
NKE,-1,2025-02-19,2025-02-20,1,RESIDUAL_REVERTED,73.12493133544922,73.21060180664062,-0.001171563099299222,-20.36323040031689,17381.249385966665
GRMN,-1,2025-02-20,2025-02-21,1,RESIDUAL_REVERTED,232.4329833984375,223.50816345214844,0.03839739014574406,671.2713203466858,17482.21214511603
FTNT,-1,2025-02-20,2025-02-24,2,RESIDUAL_REVERTED,113.80000305175781,109.31999969482422,0.0393673395148858,688.2281809880434,17482.21214511603
JPM,1,2025-02-21,2025-02-24,1,RESIDUAL_REVERTED,260.4168395996094,257.6701965332031,-0.01054710237106482,-185.01035429071308,17541.344322045723
NWSA,1,2025-02-21,2025-02-24,1,RESIDUAL_REVERTED,28.51903533935547,28.371217727661133,-0.005183121025498116,-90.91891057109646,17541.344322045723
NWS,1,2025-02-21,2025-02-24,1,RESIDUAL_REVERTED,32.65185546875,32.1583251953125,-0.015114922761735317,-265.13606456472485,17541.344322045723
HAS,-1,2025-02-21,2025-02-24,1,RESIDUAL_REVERTED,64.65924835205078,63.52159881591797,0.017594536978509878,308.6318313270081,17541.344322045723
LKQ,-1,2025-02-21,2025-02-24,1,RESIDUAL_REVERTED,39.436683654785156,38.23030090332031,0.030590370174761516,536.5962161743292,17541.344322045723
EPAM,1,2025-02-21,2025-02-25,2,RESIDUAL_REVERTED,223.4499969482422,207.5,-0.07138060938052593,-1252.1118470612523,17541.344322045723
SYY,-1,2025-02-24,2025-02-25,1,RESIDUAL_REVERTED,70.15000915527344,70.78302764892578,-0.009023783478790293,-157.413989950906,17444.344749726715
WMT,1,2025-02-21,2025-02-26,3,RESIDUAL_REVERTED,95.0097427368164,96.16130065917969,0.0121204193295541,212.60844878728875,17541.344322045723
BAX,-1,2025-02-21,2025-02-26,3,RESIDUAL_REVERTED,32.86863327026367,35.25212478637695,-0.07251568681042886,-1272.0226310913615,17541.344322045723
LW,1,2025-02-25,2025-02-26,1,RESIDUAL_REVERTED,50.235191345214844,49.680206298828125,-0.011047734297912282,-191.87595764022302,17367.901188253727
WDC,1,2025-02-25,2025-02-26,1,RESIDUAL_REVERTED,48.472442626953125,49.527278900146484,0.021761566284402845,377.9527329291442,17367.901188253727
HRL,1,2025-02-25,2025-02-26,1,RESIDUAL_REVERTED,27.36671257019043,27.282825469970703,-0.0030652969370936756,-53.23777431609903,17367.901188253727
BRK-B,-1,2025-02-25,2025-02-26,1,RESIDUAL_REVERTED,503.1499938964844,499.1199951171875,0.008009537569677483,139.108857073764,17367.901188253727
LYV,-1,2025-02-25,2025-02-26,1,RESIDUAL_REVERTED,154.5399932861328,144.67999267578125,0.06380225856549404,1108.111322352916,17367.901188253727
HIG,-1,2025-02-25,2025-02-27,2,RESIDUAL_REVERTED,111.29647064208984,112.6161117553711,-0.011856989764976289,-205.931026628245,17367.901188253727
SRE,1,2025-02-26,2025-02-27,1,RESIDUAL_REVERTED,66.30597686767578,68.59727478027344,0.03455643097107686,604.1991351774693,17484.419490055956
AMT,-1,2025-02-26,2025-02-27,1,RESIDUAL_REVERTED,193.84756469726562,189.5459442138672,0.02219073781048697,387.99216867240057,17484.419490055956
KEYS,1,2025-02-27,2025-02-28,1,RESIDUAL_REVERTED,161.8699951171875,157.30999755859375,-0.028170740076272294,-496.4122678436856,17621.55578801443
EXR,1,2025-02-27,2025-02-28,1,RESIDUAL_REVERTED,142.01687622070312,142.04457092285156,0.00019500993744858697,3.4363784919667926,17621.55578801443
FTNT,1,2025-02-27,2025-02-28,1,RESIDUAL_REVERTED,109.9800033569336,106.9800033569336,-0.027277686019554603,-480.67526596152334,17621.55578801443
VRSK,1,2025-02-27,2025-02-28,1,RESIDUAL_REVERTED,285.9521179199219,287.5189208984375,0.005479249427886357,96.55289946994564,17621.55578801443
INTU,-1,2025-02-27,2025-02-28,1,RESIDUAL_REVERTED,616.145263671875,592.4064331054688,0.03852797703083255,678.9228966481538,17621.55578801443
AXON,-1,2025-02-27,2025-02-28,1,RESIDUAL_REVERTED,575.0,526.969970703125,0.0835304857336957,1471.9371143562614,17621.55578801443
NRG,-1,2025-02-27,2025-02-28,1,RESIDUAL_REVERTED,114.0198745727539,102.51976776123047,0.10086054606370787,1777.3197392712273,17621.55578801443
INVH,-1,2025-02-28,2025-03-03,1,RESIDUAL_REVERTED,31.178268432617188,31.634315490722656,-0.014627081009680909,-261.9622694368431,17909.401695626333
TFX,1,2025-02-28,2025-03-04,2,RESIDUAL_REVERTED,132.89747619628906,132.03408813476562,-0.006496647537897693,-116.35107043111142,17909.401695626333
BIIB,-1,2025-02-28,2025-03-04,2,RESIDUAL_REVERTED,141.05999755859375,143.41000366210938,-0.01665962104202845,-298.3638453385958,17909.401695626333
NTAP,1,2025-03-03,2025-03-04,1,RESIDUAL_REVERTED,97.78443145751953,91.35099029541016,-0.06579208025465944,-1175.0048100690863,17859.365527294915
HPQ,1,2025-03-03,2025-03-04,1,RESIDUAL_REVERTED,28.655221939086914,27.585721969604492,-0.03732303912201007,-666.5657982695059,17859.365527294915
UHS,1,2025-03-03,2025-03-04,1,RESIDUAL_REVERTED,174.8697967529297,175.11819458007812,0.0014204730134124155,25.368746768189077,17859.365527294915
AES,-1,2025-03-03,2025-03-04,1,RESIDUAL_REVERTED,10.294675827026367,10.396239280700684,-0.009865629125269226,-176.19387670490994,17859.365527294915
BBY,-1,2025-03-03,2025-03-04,1,RESIDUAL_REVERTED,81.12872314453125,72.5201416015625,0.10611015691239856,1895.0600784571448,17859.365527294915
MNST,-1,2025-03-03,2025-03-04,1,RESIDUAL_REVERTED,27.21500015258789,27.670000076293945,-0.016718718396288024,-298.585702987219,17859.365527294915
EOG,1,2025-03-03,2025-03-04,1,TRAILING_STOP,120.55548095703125,112.22442463999177,-0.06910557903218739,-1234.1817959112013,17859.365527294915
WY,-1,2025-03-04,2025-03-05,1,RESIDUAL_REVERTED,29.60112762451172,28.894092559814453,0.023885409828502402,421.57898464677334,17650.06284898258
BBY,1,2025-03-05,2025-03-06,1,RESIDUAL_REVERTED,68.88682556152344,68.46690368652344,-0.006095822700161513,-108.01084926443134,17718.8305134875
BA,1,2025-03-05,2025-03-06,1,RESIDUAL_REVERTED,159.9600067138672,161.4199981689453,0.009127228018249056,161.72380631331046,17718.8305134875
DOV,1,2025-03-05,2025-03-06,1,RESIDUAL_REVERTED,182.32366943359375,184.9121551513672,0.014197200647698693,251.55779204254986,17718.8305134875
LH,-1,2025-03-05,2025-03-06,1,RESIDUAL_REVERTED,251.09141540527344,249.84104919433594,0.004979725049219064,88.23490415088011,17718.8305134875
ENPH,-1,2025-03-05,2025-03-06,1,RESIDUAL_REVERTED,58.27000045776367,57.400001525878906,0.014930477519308982,264.5506006500715,17718.8305134875
STE,-1,2025-03-05,2025-03-06,1,RESIDUAL_REVERTED,221.9410400390625,222.36526489257812,-0.0019114304116127911,-33.86831150169181,17718.8305134875
TYL,-1,2025-03-05,2025-03-06,1,RESIDUAL_REVERTED,612.4199829101562,617.280029296875,-0.007935806345874541,-140.61320763040823,17718.8305134875
STX,1,2025-03-05,2025-03-06,1,TRAILING_STOP,91.59791564941406,85.10048268060265,-0.07093428843599425,-1256.8726343922187,17718.8305134875
BAC,1,2025-03-05,2025-03-07,2,RESIDUAL_REVERTED,41.02665328979492,39.98843002319336,-0.025306067723047998,-448.393924947525,17718.8305134875
BF-B,-1,2025-03-06,2025-03-07,1,RESIDUAL_REVERTED,32.74850845336914,33.908756256103516,-0.03542902738261988,-627.2840757418753,17705.371049773617
PAYC,1,2025-03-07,2025-03-10,1,RESIDUAL_REVERTED,201.2179412841797,212.713134765625,0.057128074206915125,1002.1516366694101,17542.191830931755
SBUX,1,2025-03-07,2025-03-10,1,RESIDUAL_REVERTED,100.74525451660156,101.70721435546875,0.009548438221560707,167.5005349684201,17542.191830931755
FAST,-1,2025-03-07,2025-03-10,1,STOP_LOSS,37.5213623046875,39.60673203353738,-0.05557819867828617,-974.9634228321323,17542.191830931755
JKHY,-1,2025-03-07,2025-03-10,1,TRAILING_STOP,179.7283477783203,189.01364489817178,-0.05166295264286358,-906.2814258134542,17542.191830931755
POOL,-1,2025-03-07,2025-03-10,1,TRAILING_STOP,344.3392028808594,357.49214870085433,-0.03819764264409309,-670.0703747520612,17542.191830931755
PCAR,-1,2025-03-07,2025-03-10,1,TRAILING_STOP,103.37744140625,110.29931963799432,-0.06695733747697341,-1174.5784585095018,17542.191830931755
HPE,1,2025-03-10,2025-03-11,1,RESIDUAL_REVERTED,14.924616813659668,14.45311164855957,-0.03159244696108754,-548.0442549197376,17347.31898402062
SPG,1,2025-03-07,2025-03-11,2,TRAILING_STOP,160.51199340820312,151.8695838036541,-0.05384276539741317,-944.520119309277,17542.191830931755
CBRE,1,2025-03-07,2025-03-12,3,RESIDUAL_REVERTED,134.0,128.74000549316406,-0.039253690349521975,-688.5957661833081,17542.191830931755
DG,-1,2025-03-10,2025-03-12,2,RESIDUAL_REVERTED,79.19559478759766,76.81217193603516,0.030095396820427056,522.074448594629,17347.31898402062
HRL,1,2025-03-25,2025-03-26,1,RESIDUAL_REVERTED,27.32010841369629,26.947263717651367,-0.013647262682823236,-233.64481987119856,17120.26985200994
OMC,1,2025-03-25,2025-03-26,1,RESIDUAL_REVERTED,75.38292694091797,75.28870391845703,-0.00124992523220524,-21.399057270189886,17120.26985200994
TGT,-1,2025-03-25,2025-03-26,1,RESIDUAL_REVERTED,101.67311096191406,99.41705322265625,0.022189325357644618,379.8872379569225,17120.26985200994
ROST,-1,2025-03-25,2025-03-26,1,RESIDUAL_REVERTED,126.95378112792969,126.69734954833984,0.0020198813876322053,34.580914425316436,17120.26985200994
DLTR,-1,2025-03-25,2025-03-26,1,RESIDUAL_REVERTED,69.08000183105469,67.1500015258789,0.02793862556483251,478.31680896419624,17120.26985200994
AMD,-1,2025-03-25,2025-03-26,1,RESIDUAL_REVERTED,113.2699966430664,114.11000061035156,-0.007415944135075403,-126.96296479992094,17120.26985200994
PNW,1,2025-03-25,2025-03-27,2,RESIDUAL_REVERTED,87.76081085205078,87.99685668945312,0.0026896496865813635,46.04752844164671,17120.26985200994
DTE,1,2025-03-25,2025-03-27,2,RESIDUAL_REVERTED,129.13470458984375,129.3915557861328,0.0019890175697143686,34.052517533897465,17120.26985200994
WEC,1,2025-03-25,2025-03-27,2,RESIDUAL_REVERTED,100.27232360839844,101.213623046875,0.00938743019611965,160.7153381744753,17120.26985200994
TSLA,-1,2025-03-25,2025-03-27,2,RESIDUAL_REVERTED,283.6000061035156,272.4800109863281,0.03921013708698107,671.2881278634179,17120.26985200994
CI,1,2025-05-13,2025-05-14,1,RESIDUAL_REVERTED,299.7636413574219,295.5613708496094,-0.014018613093914056,-241.99712182565736,17262.558015151797
LNT,1,2025-05-13,2025-05-14,1,RESIDUAL_REVERTED,57.25539779663086,58.217674255371094,0.01680673780589581,290.1272864197199,17262.558015151797
ICE,1,2025-05-13,2025-05-14,1,RESIDUAL_REVERTED,170.30442810058594,169.87255859375,-0.002535867749609344,-43.77556414638356,17262.558015151797
XEL,1,2025-05-13,2025-05-14,1,RESIDUAL_REVERTED,64.68853759765625,64.81260681152344,0.0019179474212087655,33.10867862862614,17262.558015151797
NRG,-1,2025-05-13,2025-05-14,1,RESIDUAL_REVERTED,147.41458129882812,152.4587860107422,-0.03421781391956613,-590.6869979381801,17262.558015151797
MAS,-1,2025-05-13,2025-05-14,1,RESIDUAL_REVERTED,67.66778564453125,65.92698669433594,0.02572566744447624,444.09082673877253,17262.558015151797
CMI,-1,2025-05-13,2025-05-14,1,RESIDUAL_REVERTED,322.5732727050781,325.0888366699219,-0.007798426521045565,-134.62079024644774,17262.558015151797
SWK,-1,2025-05-13,2025-05-14,1,RESIDUAL_REVERTED,69.07624816894531,68.47721862792969,0.008672004587604865,149.7009823011913,17262.558015151797
A,-1,2025-05-13,2025-05-14,1,RESIDUAL_REVERTED,114.27045440673828,113.79528045654297,0.004158327300458287,71.78336627015055,17262.558015151797
NI,1,2025-05-13,2025-05-15,2,RESIDUAL_REVERTED,37.03572463989258,36.851905822753906,-0.004963283935335072,-85.67897687939248,17262.558015151797
RVTY,1,2025-05-15,2025-05-16,1,RESIDUAL_REVERTED,90.47335815429688,90.09468841552734,-0.00418542813591305,-72.1663786808199,17242.293102967607
TECH,1,2025-05-15,2025-05-16,1,RESIDUAL_REVERTED,47.61055374145508,47.98723602294922,0.00791173913959664,136.41652519914646,17242.293102967607
TMO,1,2025-05-15,2025-05-16,1,RESIDUAL_REVERTED,401.24090576171875,402.8023376464844,0.003891507227562929,67.0985082299569,17242.293102967607
ABBV,1,2025-05-15,2025-05-16,1,RESIDUAL_REVERTED,171.18495178222656,174.33900451660156,0.018424824738026313,317.6862285038571,17242.293102967607
SMCI,-1,2025-05-15,2025-05-16,1,RESIDUAL_REVERTED,44.04999923706055,45.5,-0.03291715750404656,-567.5672778013205,17242.293102967607
IP,-1,2025-05-15,2025-05-16,1,RESIDUAL_REVERTED,46.58864974975586,46.355003356933594,0.005015092604685134,86.47169662850601,17242.293102967607
GOOGL,-1,2025-05-15,2025-05-16,1,RESIDUAL_REVERTED,165.0621795654297,166.94332885742188,-0.01139661003474468,-196.50369059928786,17242.293102967607
GOOG,-1,2025-05-15,2025-05-16,1,RESIDUAL_REVERTED,166.3560028076172,168.1375732421875,-0.010709384720133164,-184.6543502969774,17242.293102967607
PKG,-1,2025-05-15,2025-05-16,1,RESIDUAL_REVERTED,183.71226501464844,183.68336486816406,0.00015731201442681364,2.712419861366142,17242.293102967607
FISV,1,2025-05-16,2025-05-19,1,RESIDUAL_REVERTED,159.5,166.0500030517578,0.041065849854280856,712.2463876911161,17344.007008705972
AMAT,1,2025-05-19,2025-05-20,1,RESIDUAL_REVERTED,160.7269287109375,163.20892333984375,0.01544230732716878,266.9754162647269,17288.570328801638
FICO,1,2025-05-21,2025-05-21,0,STOP_LOSS,1964.5999755859375,1785.0640825462124,-0.09138547046259582,-1581.757728102421,17308.634732584065
D,-1,2025-05-21,2025-05-22,1,RESIDUAL_REVERTED,54.02471923828125,52.619529724121094,0.026010121551255705,450.19969328079736,17308.634732584065
FICO,1,2025-05-22,2025-05-23,1,RESIDUAL_REVERTED,1720.2099609375,1690.7099609375,-0.017149069398437078,-294.7011670083244,17184.67399958052
CBRE,1,2025-05-22,2025-05-23,1,RESIDUAL_REVERTED,120.5,119.44000244140625,-0.00879666023729253,-151.16773846294475,17184.67399958052
PANW,1,2025-05-22,2025-05-23,1,RESIDUAL_REVERTED,183.00999450683594,183.61000061035156,0.003278542820202235,56.340689558839564,17184.67399958052
PSX,1,2025-05-22,2025-05-23,1,RESIDUAL_REVERTED,107.36994934082031,107.2545394897461,-0.0010748803718615418,-18.471468778988942,17184.67399958052
GOOG,-1,2025-05-22,2025-05-23,1,RESIDUAL_REVERTED,172.536865234375,169.48126220703125,0.017709855938283114,304.3381008789305,17184.67399958052
AES,1,2025-05-22,2025-05-27,2,RESIDUAL_REVERTED,9.257329940795898,9.464091300964355,0.022334880736753826,383.81764428062576,17184.67399958052
GOOGL,-1,2025-05-22,2025-05-27,2,RESIDUAL_REVERTED,171.04400634765625,169.3619384765625,0.009834123434146247,168.99620528743893,17184.67399958052
GLW,-1,2025-05-22,2025-05-27,2,RESIDUAL_REVERTED,47.293025970458984,48.10791015625,-0.017230535984312345,-296.10114372845027,17184.67399958052
WDAY,1,2025-05-27,2025-05-28,1,RESIDUAL_REVERTED,241.22999572753906,239.17999267578125,-0.008498126634604808,-146.47845556378903,17236.558345379395
DECK,1,2025-05-27,2025-05-28,1,RESIDUAL_REVERTED,102.76000213623047,108.4800033569336,0.05566369308867891,959.4504936423064,17236.558345379395
ROST,1,2025-05-27,2025-05-28,1,RESIDUAL_REVERTED,136.17550659179688,138.89761352539062,0.019989695663505724,344.5535556103955,17236.558345379395
CPRT,1,2025-05-27,2025-05-29,2,RESIDUAL_REVERTED,54.310001373291016,52.119998931884766,-0.040324109483143356,-695.0488658316661,17236.558345379395
INTU,-1,2025-05-27,2025-05-29,2,RESIDUAL_REVERTED,715.4930419921875,750.0475463867188,-0.048294675652357455,-832.4339946530325,17236.558345379395
FICO,1,2025-05-28,2025-05-29,1,RESIDUAL_REVERTED,1543.5799560546875,1645.0,0.06570443179667684,1131.994972352207,17228.593892344747
DRI,-1,2025-05-28,2025-05-29,1,RESIDUAL_REVERTED,205.9984588623047,206.05621337890625,-0.0002803638285477916,-4.830274544151368,17228.593892344747
HST,-1,2025-05-28,2025-05-29,1,RESIDUAL_REVERTED,14.139674186706543,14.1305513381958,0.0006451951006989365,11.115804371272336,17228.593892344747
AOS,1,2025-05-29,2025-05-30,1,RESIDUAL_REVERTED,62.9559326171875,62.624942779541016,-0.005257484463920381,-90.84825432128328,17279.795108236827
SNPS,1,2025-05-29,2025-06-02,2,RESIDUAL_REVERTED,473.0,459.9200134277344,-0.027653248567157784,-477.84246931762993,17279.795108236827
CDNS,1,2025-05-29,2025-06-02,2,RESIDUAL_REVERTED,293.1099853515625,286.760009765625,-0.02166413941279144,-374.3518902493138,17279.795108236827
UDR,-1,2025-05-29,2025-06-02,2,RESIDUAL_REVERTED,38.43364334106445,38.74496078491211,-0.008100128345496449,-139.96855816059966,17279.795108236827
HPQ,1,2025-05-30,2025-06-02,1,RESIDUAL_REVERTED,23.061159133911133,23.228809356689453,0.007269809024117668,124.66316244516904,17148.06565503963
UBER,1,2025-05-30,2025-06-02,1,RESIDUAL_REVERTED,84.52999877929688,84.4800033569336,-0.0005914518287621906,-10.142254791407376,17148.06565503963
BIIB,-1,2025-05-30,2025-06-02,1,RESIDUAL_REVERTED,132.58999633789062,129.58999633789062,0.0226261413595249,387.99455755334037,17148.06565503963
NDSN,-1,2025-05-30,2025-06-03,2,RESIDUAL_REVERTED,207.12049865722656,208.35589599609375,-0.005964630960606732,-102.28188332056543,17148.06565503963
COO,1,2025-06-02,2025-06-03,1,RESIDUAL_REVERTED,68.37000274658203,66.8499984741211,-0.022232034684786184,-382.68046830737154,17213.020478474133
ULTA,-1,2025-06-02,2025-06-03,1,RESIDUAL_REVERTED,465.2699890136719,475.3399963378906,-0.021643363126786275,-372.54765272442364,17213.020478474133
APD,-1,2025-06-02,2025-06-03,1,RESIDUAL_REVERTED,269.6846618652344,269.2297668457031,0.0016867663751621853,29.034344158067576,17213.020478474133
GM,1,2025-06-03,2025-06-04,1,RESIDUAL_REVERTED,46.87239456176758,48.36088180541992,0.0317561596237812,544.5724528239816,17148.561390155275
ADBE,1,2025-06-03,2025-06-04,1,RESIDUAL_REVERTED,403.4599914550781,411.5400085449219,0.020026811235243303,343.4310019166222,17148.561390155275
OMC,1,2025-06-03,2025-06-04,1,RESIDUAL_REVERTED,66.48774719238281,67.1379165649414,0.00977878481394967,167.692091703133,17148.561390155275
LDOS,1,2025-06-03,2025-06-04,1,RESIDUAL_REVERTED,139.29989624023438,141.76910400390625,0.017725840652555336,303.97266662245374,17148.561390155275
NUE,-1,2025-06-03,2025-06-04,1,RESIDUAL_REVERTED,116.97433471679688,120.25637817382812,-0.028057808278861396,-481.1510477432619,17148.561390155275
STLD,-1,2025-06-03,2025-06-04,1,RESIDUAL_REVERTED,132.94520568847656,134.7073211669922,-0.013254449225079235,-227.29473622896694,17148.561390155275
FDS,1,2025-06-04,2025-06-05,1,RESIDUAL_REVERTED,426.4490051269531,425.43035888671875,-0.0023886706921291134,-41.148315917300316,17226.449863050435
NTAP,-1,2025-06-04,2025-06-05,1,RESIDUAL_REVERTED,101.71731567382812,101.62928009033203,0.0008654925949717063,14.909364794120844,17226.449863050435
GNRC,-1,2025-06-04,2025-06-05,1,RESIDUAL_REVERTED,127.95999908447266,127.47000122070312,0.0038293049958999514,65.96533052219999,17226.449863050435
DG,-1,2025-06-04,2025-06-06,2,RESIDUAL_REVERTED,111.8759994506836,109.63321685791016,0.020047039613371953,345.33932280233864,17226.449863050435
DLTR,1,2025-06-05,2025-06-06,1,RESIDUAL_REVERTED,91.41000366210938,96.31999969482422,0.05371399011058231,927.188737356668,17261.58744580025
CRWD,1,2025-06-05,2025-06-06,1,RESIDUAL_REVERTED,115.58125305175781,115.77999877929688,0.0017195325564609565,29.681861589253145,17261.58744580025
MPC,1,2025-06-05,2025-06-06,1,RESIDUAL_REVERTED,154.25051879882812,155.63946533203125,0.009004485326980172,155.43171087609326,17261.58744580025
VLO,1,2025-06-05,2025-06-06,1,RESIDUAL_REVERTED,123.60745239257812,124.43307495117188,0.006679391433225046,115.29689930934194,17261.58744580025
DHI,-1,2025-06-05,2025-06-06,1,RESIDUAL_REVERTED,121.19601440429688,121.08758544921875,0.000894657762559925,15.443213202491616,17261.58744580025
LEN,-1,2025-06-05,2025-06-06,1,RESIDUAL_REVERTED,107.28314971923828,107.98588562011719,-0.006550291473712111,-113.0684290689614,17261.58744580025
BF-B,1,2025-06-06,2025-06-09,1,RESIDUAL_REVERTED,26.242429733276367,27.021820068359375,0.029699625492174198,514.7616266057896,17332.25985430108
TSCO,-1,2025-06-06,2025-06-09,1,RESIDUAL_REVERTED,50.36419677734375,49.56645965576172,0.015839369485207255,274.53206784589895,17332.25985430108
COO,-1,2025-06-06,2025-06-09,1,RESIDUAL_REVERTED,71.83999633789062,72.7699966430664,-0.01294543920633906,-224.3737162523251,17332.25985430108
LULU,1,2025-06-09,2025-06-10,1,RESIDUAL_REVERTED,266.5400085449219,260.0,-0.024536686183153744,-427.2322469580908,17411.978283009415
POOL,1,2025-06-09,2025-06-10,1,RESIDUAL_REVERTED,289.7417297363281,294.1049499511719,0.015058998297602377,262.2069513217294,17411.978283009415
RF,-1,2025-06-09,2025-06-10,1,RESIDUAL_REVERTED,21.073759078979492,21.035686492919922,0.0018066347782037528,31.457085523412346,17411.978283009415
TGT,-1,2025-06-09,2025-06-10,1,RESIDUAL_REVERTED,93.4703369140625,92.90938568115234,0.006001382378945541,104.49593965023489,17411.978283009415
USB,-1,2025-06-09,2025-06-10,1,RESIDUAL_REVERTED,42.80219650268555,42.79268264770508,0.00022227492413551264,3.8702461519055245,17411.978283009415
AVGO,1,2025-06-09,2025-06-11,2,RESIDUAL_REVERTED,242.25518798828125,243.5502471923828,0.005345847141008164,93.08177432352312,17411.978283009415
ISRG,1,2025-06-10,2025-06-11,1,RESIDUAL_REVERTED,525.8099975585938,529.1400146484375,0.006333118627080969,110.03739325971769,17374.914278281078
EVRG,-1,2025-06-10,2025-06-11,1,RESIDUAL_REVERTED,64.45268249511719,65.06542205810547,-0.00950681242839968,-165.18005100314232,17374.914278281078
LVS,-1,2025-06-10,2025-06-11,1,RESIDUAL_REVERTED,40.91342544555664,41.8778190612793,-0.023571568628639294,-409.5539843272275,17374.914278281078
MOS,1,2025-06-09,2025-06-12,3,RESIDUAL_REVERTED,33.464107513427734,33.08089065551758,-0.011451578613186908,-199.39463811898548,17411.978283009415
SJM,1,2025-06-11,2025-06-12,1,RESIDUAL_REVERTED,90.35210418701172,91.29356384277344,0.010419897402865974,180.76121929356373,17347.69665235339
GE,1,2025-06-11,2025-06-12,1,RESIDUAL_REVERTED,241.06198120117188,238.43914794921875,-0.01088032728713162,-188.7486172554828,17347.69665235339
INTC,-1,2025-06-11,2025-06-12,1,RESIDUAL_REVERTED,21.780000686645508,20.5,0.058769542988598045,1019.5162041636406,17347.69665235339
NVR,-1,2025-06-11,2025-06-12,1,RESIDUAL_REVERTED,7452.009765625,7295.0,0.02106945247834513,365.50647022550714,17347.69665235339
CZR,-1,2025-06-11,2025-06-12,1,RESIDUAL_REVERTED,28.530000686645508,27.520000457763672,0.0354013391017759,614.1316918247043,17347.69665235339
USB,1,2025-06-12,2025-06-13,1,RESIDUAL_REVERTED,41.86054229736328,41.56568908691406,-0.007043702595983636,-123.71980964984,17564.598726866545
LMT,1,2025-06-12,2025-06-13,1,RESIDUAL_REVERTED,442.562255859375,463.5237731933594,0.04736399694384463,831.9296004191625,17564.598726866545
BEN,-1,2025-06-12,2025-06-13,1,RESIDUAL_REVERTED,21.005117416381836,20.780366897583008,0.010699798260758397,187.93766290864568,17564.598726866545
SBUX,-1,2025-06-12,2025-06-13,1,RESIDUAL_REVERTED,91.71881103515625,90.5757064819336,0.012463141860664773,218.91008565858928,17564.598726866545
BA,1,2025-06-13,2025-06-16,1,RESIDUAL_REVERTED,200.67999267578125,200.57000732421875,-0.0005480633624508346,-9.648448475554071,17604.622269235144
SPGI,1,2025-06-13,2025-06-16,1,RESIDUAL_REVERTED,468.95001220703125,472.73187255859375,0.008064527674845001,141.97296349543925,17604.622269235144
ORCL,-1,2025-06-13,2025-06-17,2,RESIDUAL_REVERTED,198.88575744628906,207.84437561035156,-0.04504404075531587,-792.9833229773682,17604.622269235144
CAH,-1,2025-06-13,2025-06-17,2,RESIDUAL_REVERTED,159.17391967773438,160.34805297851562,-0.007376417588750739,-129.85904535010047,17604.622269235144
CPAY,1,2025-06-16,2025-06-17,1,RESIDUAL_REVERTED,326.5400085449219,329.29998779296875,0.00845219322540447,148.33124640619596,17549.438642784866
MA,1,2025-06-16,2025-06-17,1,RESIDUAL_REVERTED,559.6505737304688,560.4644165039062,0.0014541980507813967,25.520359466644283,17549.438642784866
V,1,2025-06-16,2025-06-17,1,RESIDUAL_REVERTED,353.0403747558594,350.06939697265625,-0.008415405136757093,-147.68563610169602,17549.438642784866
CF,-1,2025-06-16,2025-06-17,1,RESIDUAL_REVERTED,98.37187194824219,99.34585571289062,-0.00990103924382879,-173.75768070937684,17549.438642784866
BG,-1,2025-06-16,2025-06-18,2,RESIDUAL_REVERTED,78.93568420410156,82.9080810546875,-0.05032447480045432,-883.1662827409482,17549.438642784866
ADM,-1,2025-06-16,2025-06-18,2,RESIDUAL_REVERTED,50.37343978881836,52.088199615478516,-0.03404095161753862,-597.3995917540008,17549.438642784866
LHX,1,2025-06-17,2025-06-18,1,RESIDUAL_REVERTED,244.12379455566406,245.81808471679688,0.006940290946307215,121.2680138996671,17473.044694789503
LMT,1,2025-06-17,2025-06-18,1,RESIDUAL_REVERTED,455.57855224609375,463.0205078125,0.016335175415339354,285.4252501294498,17473.044694789503
ENPH,1,2025-06-18,2025-06-20,1,RESIDUAL_REVERTED,34.81999969482422,36.45000076293945,0.04681220799543895,817.9445451714154,17472.88966269459
CVX,-1,2025-06-18,2025-06-20,1,RESIDUAL_REVERTED,142.1917266845703,141.3163299560547,0.006156453324865696,107.57102965890851,17472.88966269459
VLO,-1,2025-06-18,2025-06-20,1,RESIDUAL_REVERTED,137.2056427001953,136.0692138671875,0.00828266834106084,144.7221500360496,17472.88966269459
ADBE,1,2025-06-18,2025-06-23,2,RESIDUAL_REVERTED,383.989990234375,377.5899963378906,-0.016667085234638557,-291.2221413035666,17472.88966269459
PTC,1,2025-06-18,2025-06-23,2,RESIDUAL_REVERTED,166.9199981689453,166.82000732421875,-0.0005990345424360388,-10.466864464128056,17472.88966269459
JBL,-1,2025-06-18,2025-06-23,2,RESIDUAL_REVERTED,199.45648193359375,203.76991271972656,-0.021625924333554147,-377.86738973397405,17472.88966269459
V,1,2025-06-20,2025-06-23,1,RESIDUAL_REVERTED,335.6701354980469,334.2341613769531,-0.004277932318772271,-74.91386301542524,17511.698978193624
STT,-1,2025-06-20,2025-06-23,1,RESIDUAL_REVERTED,96.77354431152344,96.31861114501953,0.0047010075919037275,82.32262984362148,17511.698978193624
WFC,-1,2025-06-20,2025-06-23,1,RESIDUAL_REVERTED,73.20423126220703,73.09719848632812,0.0014621118756855678,25.604063039447876,17511.698978193624
MA,1,2025-06-20,2025-06-24,2,RESIDUAL_REVERTED,532.8837890625,552.9811401367188,0.037714322497173214,660.441862737013,17511.698978193624
ACN,1,2025-06-23,2025-06-24,1,RESIDUAL_REVERTED,278.8309631347656,288.26837158203125,0.033846343107541754,591.511864407118,17476.389178224515
KMX,-1,2025-06-23,2025-06-24,1,RESIDUAL_REVERTED,67.94000244140625,67.55999755859375,0.005593242112998609,97.74967593479806,17476.389178224515
KR,-1,2025-06-23,2025-06-25,2,RESIDUAL_REVERTED,70.1649398803711,71.26431274414062,-0.015668407407516183,-273.827185656728,17476.389178224515
AMGN,1,2025-06-24,2025-06-25,1,RESIDUAL_REVERTED,263.6192321777344,266.1962890625,0.009775678593237691,171.65048471896782,17558.932925404013
BNY,1,2025-06-24,2025-06-25,1,RESIDUAL_REVERTED,88.2965087890625,89.26358032226562,0.010952545536238922,192.31501243325192,17558.932925404013
NTRS,-1,2025-06-24,2025-06-25,1,RESIDUAL_REVERTED,118.1093521118164,115.40380859375,0.022907106589705295,402.22434812371455,17558.932925404013
GNRC,-1,2025-06-24,2025-06-25,1,RESIDUAL_REVERTED,134.49000549316406,135.97999572753906,-0.011078817559054377,-194.5322144122259,17558.932925404013
LOW,-1,2025-06-24,2025-06-25,1,RESIDUAL_REVERTED,213.4562530517578,213.943603515625,-0.0022831397857856484,-40.089498357930665,17558.932925404013
SLB,1,2025-06-24,2025-06-26,2,RESIDUAL_REVERTED,32.218223571777344,32.21821975708008,-1.1840184976907864e-07,-0.0020790101374958073,17558.932925404013
EBAY,1,2025-06-25,2025-06-26,1,RESIDUAL_REVERTED,73.05701446533203,73.45075225830078,0.00538945912107569,95.33996487625693,17690.080346546172
UBER,-1,2025-06-25,2025-06-26,1,RESIDUAL_REVERTED,91.56500244140625,91.30000305175781,0.0028941121889666244,51.19707715473916,17690.080346546172
EQIX,1,2025-06-26,2025-06-26,0,STOP_LOSS,769.7709350585938,701.4798247391916,-0.08871614555595553,-1565.7396635420644,17648.869365661445
AZO,1,2025-06-25,2025-06-27,2,RESIDUAL_REVERTED,3568.47998046875,3517.0400390625,-0.014415084766565722,-255.00400772282228,17690.080346546172
PAYX,1,2025-06-26,2025-06-27,1,RESIDUAL_REVERTED,131.65850830078125,134.23464965820312,0.019566842968754772,345.33265545396307,17648.869365661445
YUM,-1,2025-06-26,2025-06-27,1,RESIDUAL_REVERTED,143.40545654296875,143.54212951660156,-0.0009530528121282078,-16.820304579827837,17648.869365661445
BLK,-1,2025-06-26,2025-06-27,1,RESIDUAL_REVERTED,994.4723510742188,1009.1672973632812,-0.014776626291509443,-260.7907470840483,17648.869365661445
SYK,-1,2025-06-26,2025-06-27,1,RESIDUAL_REVERTED,388.20867919921875,385.6403503417969,0.006615846051458041,116.76220270550924,17648.869365661445
NTRS,-1,2025-06-26,2025-06-27,1,RESIDUAL_REVERTED,120.48399353027344,119.87086486816406,0.005088880640027216,89.81298963328426,17648.869365661445
EQIX,1,2025-06-27,2025-06-30,1,RESIDUAL_REVERTED,743.3120727539062,771.3571166992188,0.037729837807434,661.9264664605009,17543.84606260033
ABT,1,2025-06-27,2025-06-30,1,RESIDUAL_REVERTED,129.6965789794922,130.387451171875,0.005326834353063914,93.45316189112268,17543.84606260033
FFIV,1,2025-06-27,2025-06-30,1,RESIDUAL_REVERTED,288.8800048828125,297.45001220703125,0.029666322276944213,520.4613912702011,17543.84606260033
MKC,-1,2025-06-27,2025-06-30,1,RESIDUAL_REVERTED,74.17278289794922,73.26763153076172,0.01220328174059282,214.09249631550205,17543.84606260033
TEL,1,2025-06-30,2025-07-01,1,RESIDUAL_REVERTED,166.0966796875,165.8009490966797,-0.0017804726221903877,-31.43256957435343,17654.059479827887
PLTR,1,2025-06-30,2025-07-01,1,RESIDUAL_REVERTED,137.7899932861328,135.27000427246094,-0.01828862135466469,-322.8684091993012,17654.059479827887
NKE,-1,2025-06-30,2025-07-01,1,RESIDUAL_REVERTED,68.81175231933594,69.3318099975586,-0.0075576868876876535,-133.42385384515327,17654.059479827887
BA,-1,2025-06-30,2025-07-01,1,RESIDUAL_REVERTED,213.8800048828125,209.5,0.020478795505977088,361.53387393775165,17654.059479827887
CHRW,-1,2025-06-30,2025-07-01,1,RESIDUAL_REVERTED,94.84468078613281,94.54080963134766,0.0032038818863270313,56.56152138755982,17654.059479827887
PEP,-1,2025-06-30,2025-07-01,1,RESIDUAL_REVERTED,124.86934661865234,126.1922607421875,-0.01059438652766631,-187.03392991170986,17654.059479827887
FTV,1,2025-07-01,2025-07-02,1,RESIDUAL_REVERTED,51.77751541137695,52.96083068847656,0.022853844331812034,404.83792777907576,17714.2156873603
LW,1,2025-07-01,2025-07-02,1,RESIDUAL_REVERTED,49.89092254638672,50.55587387084961,0.013328102398680652,236.0968805934544,17714.2156873603
HPE,-1,2025-07-01,2025-07-02,1,RESIDUAL_REVERTED,19.659732818603516,20.070125579833984,-0.020874788330903726,-369.7805029216197,17714.2156873603
WMB,1,2025-07-02,2025-07-03,1,RESIDUAL_REVERTED,56.542762756347656,56.927669525146484,0.006807356946059606,120.36773305520572,17682.006982883187
HWM,1,2025-07-02,2025-07-03,1,RESIDUAL_REVERTED,174.88999938964844,176.20639038085938,0.007526965497198335,133.0918564813834,17682.006982883187
KMI,1,2025-07-02,2025-07-03,1,RESIDUAL_REVERTED,26.950246810913086,27.045373916625977,0.0035297304095327497,62.4127177490517,17682.006982883187
PKG,-1,2025-07-02,2025-07-03,1,RESIDUAL_REVERTED,196.94100952148438,195.5641632080078,0.006991161042699701,123.61775837547792,17682.006982883187
ITW,-1,2025-07-02,2025-07-03,1,RESIDUAL_REVERTED,248.64573669433594,249.6893768310547,-0.004197297530991628,-74.2166442522337,17682.006982883187
LVS,-1,2025-07-02,2025-07-03,1,RESIDUAL_REVERTED,46.26139450073242,46.69001388549805,-0.009265163521148034,-163.8266860784944,17682.006982883187
WYNN,-1,2025-07-02,2025-07-07,2,RESIDUAL_REVERTED,101.0997085571289,103.93659210205078,-0.02806025443009874,-496.16161477448605,17682.006982883187
CNC,1,2025-07-03,2025-07-07,1,RESIDUAL_REVERTED,33.959999084472656,33.34000015258789,-0.018256741713760682,-322.3382375451856,17655.84695226474
CTAS,1,2025-07-03,2025-07-07,1,RESIDUAL_REVERTED,213.27671813964844,216.71507263183594,0.016121565083049294,284.6398857372933,17655.84695226474
STZ,-1,2025-07-03,2025-07-07,1,RESIDUAL_REVERTED,167.33502197265625,168.0788116455078,-0.004444913348582213,-78.47870979864662,17655.84695226474
LEN,1,2025-07-07,2025-07-08,1,RESIDUAL_REVERTED,107.80918884277344,106.42700958251953,-0.012820607177275511,-226.2778843625711,17649.545082673536
PCAR,1,2025-07-07,2025-07-08,1,RESIDUAL_REVERTED,94.55038452148438,94.14183807373047,-0.00432093904029629,-76.26260839119318,17649.545082673536
NOW,-1,2025-07-07,2025-07-08,1,RESIDUAL_REVERTED,208.64599609375,207.43600463867188,0.005799255570351103,102.35422263485665,17649.545082673536
CDNS,-1,2025-07-07,2025-07-08,1,RESIDUAL_REVERTED,326.80999755859375,322.1199951171875,0.0143508536349638,253.2860382051427,17649.545082673536
SNPS,-1,2025-07-07,2025-07-08,1,RESIDUAL_REVERTED,544.1099853515625,540.6699829101562,0.006322255672598254,111.58493651771077,17649.545082673536
BAX,1,2025-07-08,2025-07-09,1,RESIDUAL_REVERTED,29.426429748535156,30.68515396118164,0.04277529497811883,756.8419358036726,17693.43580659875
TSN,1,2025-07-08,2025-07-09,1,RESIDUAL_REVERTED,53.165748596191406,53.491275787353516,0.006122874214272489,108.33468186210746,17693.43580659875
MOH,1,2025-07-08,2025-07-09,1,RESIDUAL_REVERTED,231.60000610351562,230.0,-0.006908489038642274,-122.23490732580845,17693.43580659875
TSCO,-1,2025-07-08,2025-07-09,1,RESIDUAL_REVERTED,55.02412414550781,55.29651641845703,-0.004950415425584831,-87.58985754858212,17693.43580659875
SCHW,-1,2025-07-08,2025-07-09,1,RESIDUAL_REVERTED,91.22344207763672,90.88867950439453,0.0036696989898417076,64.92958350630462,17693.43580659875
JPM,1,2025-07-09,2025-07-10,1,RESIDUAL_REVERTED,281.78912353515625,277.6876220703125,-0.01455521566407103,-257.9838317026511,17724.493931029418
DVN,-1,2025-07-09,2025-07-10,1,RESIDUAL_REVERTED,33.65237045288086,33.11974334716797,0.0158273280171648,280.53137938464965,17724.493931029418
CVX,-1,2025-07-09,2025-07-10,1,RESIDUAL_REVERTED,145.52195739746094,145.37921142578125,0.0009809239391262992,17.386380405845635,17724.493931029418
ADSK,1,2025-07-10,2025-07-10,0,STOP_LOSS,300.0,285.2545712050131,-0.049151429316622974,-868.6206857227992,17672.338277841965
BAC,1,2025-07-09,2025-07-11,2,RESIDUAL_REVERTED,45.92030334472656,45.41396713256836,-0.011026412616595871,-195.43758350387995,17724.493931029418
DOW,-1,2025-07-09,2025-07-11,2,RESIDUAL_REVERTED,27.585208892822266,27.82475471496582,-0.00868385021386886,-153.91685041368896,17724.493931029418
MET,1,2025-07-10,2025-07-11,1,RESIDUAL_REVERTED,75.5296630859375,74.96041107177734,-0.0075368006542338994,-133.1928906942813,17672.338277841965
PTC,-1,2025-07-10,2025-07-11,1,RESIDUAL_REVERTED,198.35000610351562,194.00999450683594,0.021880572034944645,386.68087071423105,17672.338277841965
AES,-1,2025-07-10,2025-07-11,1,RESIDUAL_REVERTED,12.302379608154297,11.531720161437988,0.06264312037693087,1107.0504140806963,17672.338277841965
MNST,1,2025-07-10,2025-07-14,2,RESIDUAL_REVERTED,29.78499984741211,29.440000534057617,-0.011582988588951348,-204.69849261233165,17672.338277841965
ADSK,1,2025-07-11,2025-07-14,1,RESIDUAL_REVERTED,285.6099853515625,298.3699951171875,0.04467634333554016,790.9438588757868,17703.86293559054
CAG,1,2025-07-11,2025-07-14,1,RESIDUAL_REVERTED,17.77135467529297,17.725860595703125,-0.002559966891724552,-45.32130297074064,17703.86293559054
DAL,-1,2025-07-11,2025-07-14,1,RESIDUAL_REVERTED,55.42640686035156,55.96854782104492,-0.00978127559412778,-173.16636245367707,17703.86293559054
UAL,-1,2025-07-11,2025-07-14,1,RESIDUAL_REVERTED,90.98999786376953,87.75,0.03560828596369969,630.4042140726522,17703.86293559054
PYPL,1,2025-07-14,2025-07-15,1,RESIDUAL_REVERTED,70.77076721191406,72.95638275146484,0.030883027352327952,547.671968368001,17733.752657079338
NSC,-1,2025-07-14,2025-07-15,1,RESIDUAL_REVERTED,259.58551025390625,257.08209228515625,0.009643904878594123,171.0226237653895,17733.752657079338
HRL,1,2025-07-14,2025-07-16,2,RESIDUAL_REVERTED,28.656354904174805,27.801223754882812,-0.02984089051630956,-529.1909714832191,17733.752657079338
KHC,-1,2025-07-14,2025-07-16,2,RESIDUAL_REVERTED,25.144161224365234,25.116491317749023,0.0011004505725725755,19.515118265344142,17733.752657079338
HSIC,1,2025-07-15,2025-07-16,1,RESIDUAL_REVERTED,70.9800033569336,70.72000122070312,-0.003663033585994735,-65.35956088399422,17843.014362164155
STZ,1,2025-07-15,2025-07-16,1,RESIDUAL_REVERTED,159.38507080078125,160.2061309814453,0.005151424638072388,91.91694380273258,17843.014362164155
VTR,-1,2025-07-14,2025-07-17,3,RESIDUAL_REVERTED,63.16173553466797,64.04901123046875,-0.014047677573928885,-249.11803950245485,17733.752657079338
WAT,1,2025-07-15,2025-07-17,2,RESIDUAL_REVERTED,308.3900146484375,291.3399963378906,-0.05528719316669117,-986.490181717014,17843.014362164155
FAST,-1,2025-07-15,2025-07-17,2,RESIDUAL_REVERTED,43.992122650146484,44.518157958984375,-0.011957488685446327,-213.35764234983296,17843.014362164155
GEN,-1,2025-07-15,2025-07-17,2,RESIDUAL_REVERTED,29.110700607299805,29.335308074951172,-0.007715632498210834,-137.67014147875577,17843.014362164155
STT,1,2025-07-16,2025-07-17,1,RESIDUAL_REVERTED,100.26809692382812,102.0716552734375,0.01798735993742362,319.2933262547949,17750.98332193202
C,-1,2025-07-16,2025-07-17,1,RESIDUAL_REVERTED,88.99951934814453,87.68612670898438,0.014757300362741144,261.9565926157585,17750.98332193202
MTB,1,2025-07-17,2025-07-18,1,RESIDUAL_REVERTED,186.0930633544922,189.12289428710938,0.01628126743685021,289.47408197543234,17779.57908364382
UHS,1,2025-07-17,2025-07-18,1,RESIDUAL_REVERTED,168.8178253173828,170.17042541503906,0.008012187665095816,142.4533242245682,17779.57908364382
JNJ,-1,2025-07-17,2025-07-18,1,RESIDUAL_REVERTED,158.4208221435547,159.14894104003906,-0.004596106033489589,-81.71683069924092,17779.57908364382
F,1,2025-07-17,2025-07-21,2,RESIDUAL_REVERTED,10.549851417541504,10.615846633911133,0.006255558847008791,111.22120323277873,17779.57908364382
ABT,1,2025-07-18,2025-07-21,1,RESIDUAL_REVERTED,119.85958862304688,121.45277404785156,0.013292098221821647,236.65376376013802,17804.09381655197
SNA,-1,2025-07-18,2025-07-21,1,RESIDUAL_REVERTED,326.74066162109375,327.2339172363281,-0.001509624216303962,-26.877491174814118,17804.09381655197
PEP,-1,2025-07-18,2025-07-21,1,RESIDUAL_REVERTED,139.20265197753906,136.19515991210938,0.021605134835469664,384.6598475299568,17804.09381655197
ALLE,-1,2025-07-18,2025-07-21,1,RESIDUAL_REVERTED,152.40679931640625,151.4774932861328,0.006097536556385119,108.56111289973587,17804.09381655197
ELV,1,2025-07-18,2025-07-22,2,RESIDUAL_REVERTED,283.1048889160156,269.1402893066406,-0.04932659292053998,-878.2152880081625,17804.09381655197
NSC,-1,2025-07-18,2025-07-22,2,RESIDUAL_REVERTED,271.8876037597656,273.540283203125,-0.006078539148182793,-108.22288126183221,17804.09381655197
MMM,1,2025-07-21,2025-07-22,1,RESIDUAL_REVERTED,148.8029327392578,149.5164031982422,0.004794733852689248,85.36011640521423,17802.8893840137
IVZ,-1,2025-07-21,2025-07-22,1,RESIDUAL_REVERTED,19.39639663696289,19.23324203491211,0.008411593405955875,149.750666949531,17802.8893840137
MOH,1,2025-07-21,2025-07-23,2,RESIDUAL_REVERTED,183.38999938964844,182.7100067138672,-0.0037079048914574475,-66.0114206290597,17802.8893840137
EQT,1,2025-07-22,2025-07-23,1,RESIDUAL_REVERTED,52.50813674926758,52.51799011230469,0.00018765402177867152,3.330367324139526,17747.38048548667
EXE,1,2025-07-22,2025-07-23,1,RESIDUAL_REVERTED,95.95401000976562,94.9620132446289,-0.010338252304783913,-183.47689720795972,17747.38048548667
VZ,-1,2025-07-22,2025-07-23,1,RESIDUAL_REVERTED,40.016510009765625,39.68889617919922,0.008186966591700706,145.2972111248796,17747.38048548667
TJX,-1,2025-07-22,2025-07-23,1,RESIDUAL_REVERTED,123.18074035644531,124.27389526367188,-0.00887439792993061,-157.4973166420944,17747.38048548667
LIN,-1,2025-07-22,2025-07-23,1,RESIDUAL_REVERTED,462.6580505371094,465.6478271484375,-0.00646217353800993,-114.68665254230409,17747.38048548667
MSCI,1,2025-07-23,2025-07-24,1,RESIDUAL_REVERTED,525.524658203125,523.107177734375,-0.0046001275696859745,-81.87688860391637,17798.830002774346
LMT,1,2025-07-23,2025-07-24,1,RESIDUAL_REVERTED,400.41668701171875,407.4232177734375,0.01749809882801845,311.4456864116438,17798.830002774346
NOC,-1,2025-07-23,2025-07-24,1,RESIDUAL_REVERTED,551.1627197265625,556.9453125,-0.010491625370283142,-186.73865641846538,17798.830002774346
OTIS,1,2025-07-24,2025-07-25,1,RESIDUAL_REVERTED,86.3832015991211,87.86399841308594,0.017142184898827795,304.09903177547596,17739.805839818706
TXN,1,2025-07-24,2025-07-25,1,RESIDUAL_REVERTED,180.41014099121094,179.71336364746094,-0.0038621850186567608,-68.51441234842666,17739.805839818706
FISV,1,2025-07-24,2025-07-25,1,RESIDUAL_REVERTED,143.30999755859375,141.0,-0.016118886316003778,-285.94591360001743,17739.805839818706
IQV,-1,2025-07-23,2025-07-28,3,RESIDUAL_REVERTED,191.27000427246094,198.67999267578125,-0.03874098519266456,-689.5442095842361,17798.830002774346
TEL,-1,2025-07-24,2025-07-28,2,RESIDUAL_REVERTED,198.06410217285156,203.78138732910156,-0.02886583229130779,-512.0742602525708,17739.805839818706
BKR,-1,2025-07-24,2025-07-28,2,RESIDUAL_REVERTED,43.54536437988281,45.367103576660156,-0.04183543352364172,-742.1524679340467,17739.805839818706
LKQ,1,2025-07-25,2025-07-28,1,RESIDUAL_REVERTED,30.193870544433594,30.47844696044922,0.009424973045335072,165.09134822656227,17516.37351454006
WST,-1,2025-07-25,2025-07-28,1,RESIDUAL_REVERTED,278.0010070800781,260.002197265625,0.06474368565603283,1134.07458065904,17516.37351454006
LW,-1,2025-07-24,2025-07-29,3,RESIDUAL_REVERTED,55.027462005615234,57.060874938964844,-0.03695269342318763,-655.5336065856956,17739.805839818706
WAB,1,2025-07-25,2025-07-29,2,RESIDUAL_REVERTED,199.50965881347656,197.8197479248047,-0.008470321180047646,-148.3693095778347,17516.37351454006
CHTR,1,2025-07-28,2025-07-29,1,RESIDUAL_REVERTED,309.010009765625,297.3699951171875,-0.037668730075333556,-660.8723750800243,17544.32320278249
CMCSA,1,2025-07-28,2025-07-29,1,RESIDUAL_REVERTED,30.09770965576172,29.999380111694336,-0.0032670108520552743,-57.31749429545581,17544.32320278249
DOC,1,2025-07-28,2025-07-30,2,RESIDUAL_REVERTED,16.311647415161133,16.098846435546875,-0.013045952637283365,-228.882409556692,17544.32320278249
RVTY,1,2025-07-29,2025-07-30,1,RESIDUAL_REVERTED,94.5784912109375,94.6682357788086,0.0009488898239129462,16.612526197140244,17507.32885788142
WSM,-1,2025-07-29,2025-07-30,1,RESIDUAL_REVERTED,185.9415283203125,185.67529296875,0.0014318229712723118,25.067395624332836,17507.32885788142
UNP,-1,2025-07-29,2025-07-30,1,RESIDUAL_REVERTED,220.34103393554688,219.81549072265625,0.002385135457993459,41.75735083368607,17507.32885788142
SMCI,-1,2025-07-29,2025-07-30,1,RESIDUAL_REVERTED,59.72999954223633,59.560001373291016,0.002846110333972196,49.8277895826657,17507.32885788142
ROST,-1,2025-07-29,2025-07-30,1,RESIDUAL_REVERTED,139.8483428955078,138.47349548339844,0.009830988223697656,172.11434383023513,17507.32885788142
JCI,1,2025-07-30,2025-07-31,1,RESIDUAL_REVERTED,101.79698944091797,103.4625473022461,0.016361563052852413,288.19588379329906,17614.202436671054
GLW,-1,2025-07-30,2025-07-31,1,RESIDUAL_REVERTED,61.0168571472168,62.280635833740234,-0.02071195970441897,-364.8246510938077,17614.202436671054
CARR,1,2025-07-30,2025-08-01,2,RESIDUAL_REVERTED,70.36771392822266,66.96997833251953,-0.04828543384497219,-850.5094064878286,17614.202436671054
UPS,1,2025-07-30,2025-08-01,2,RESIDUAL_REVERTED,83.61489868164062,78.96399688720703,-0.055622883813346014,-979.75273559971,17614.202436671054
IEX,1,2025-07-31,2025-08-01,1,RESIDUAL_REVERTED,160.11978149414062,159.80447387695312,-0.0019691983978821215,-34.29491438369805,17415.67249931851
GRMN,1,2025-07-31,2025-08-01,1,RESIDUAL_REVERTED,215.0772247314453,213.04847717285156,-0.009432647092814883,-164.27589257011195,17415.67249931851
TER,-1,2025-07-31,2025-08-01,1,RESIDUAL_REVERTED,108.18138885498047,104.07349395751953,0.03797228840320821,661.3129388799451,17415.67249931851
HUM,-1,2025-07-31,2025-08-01,1,RESIDUAL_REVERTED,256.4298400878906,245.96090698242188,0.040825720992067716,711.0073863464031,17415.67249931851
AEP,-1,2025-07-31,2025-08-01,1,RESIDUAL_REVERTED,108.28047180175781,110.01203918457031,-0.015991502013241066,-278.5027618347986,17415.67249931851
GNRC,-1,2025-07-31,2025-08-04,2,RESIDUAL_REVERTED,181.0,195.33999633789062,-0.07922649910436808,-1379.782761669226,17415.67249931851
ALGN,1,2025-08-01,2025-08-04,1,RESIDUAL_REVERTED,129.0,140.67999267578125,0.0905425788820251,1570.8404139217732,17349.19010831954
XYL,-1,2025-08-01,2025-08-04,1,RESIDUAL_REVERTED,141.31170654296875,140.36756896972656,0.006681241040388253,115.91412096920287,17349.19010831954
EMN,1,2025-08-04,2025-08-05,1,RESIDUAL_REVERTED,56.191497802734375,57.95982360839844,0.03146963285926163,549.5419095363603,17462.60949385771
IR,1,2025-08-04,2025-08-05,1,RESIDUAL_REVERTED,75.58624267578125,78.34282684326172,0.036469390062217055,636.8507171356729,17462.60949385771
GWW,1,2025-08-04,2025-08-05,1,RESIDUAL_REVERTED,919.8180541992188,925.57666015625,0.00626059244080035,109.32628099389278,17462.60949385771
D,-1,2025-08-04,2025-08-05,1,RESIDUAL_REVERTED,57.494285583496094,58.139007568359375,-0.011213670686054167,-195.81995218328476,17462.60949385771
AMZN,1,2025-08-04,2025-08-06,2,RESIDUAL_REVERTED,217.39999389648438,214.6999969482422,-0.012419489531024563,-216.87669579333564,17462.60949385771
MPWR,-1,2025-08-04,2025-08-06,2,RESIDUAL_REVERTED,785.9205932617188,796.4271240234375,-0.013368438048066311,-233.44781317621013,17462.60949385771
ON,1,2025-08-05,2025-08-06,1,RESIDUAL_REVERTED,48.40999984741211,46.900001525878906,-0.031191867925897676,-543.954774337672,17438.993253944995
IDXX,-1,2025-08-05,2025-08-06,1,RESIDUAL_REVERTED,676.47998046875,647.010009765625,0.04356369967179885,759.7070646933865,17438.993253944995
BEN,-1,2025-08-05,2025-08-06,1,RESIDUAL_REVERTED,23.972692489624023,24.058135986328125,-0.003564201090098029,-62.15607876592205,17438.993253944995
IT,1,2025-08-06,2025-08-07,1,RESIDUAL_REVERTED,244.0,246.9199981689453,0.01196720561043163,210.14502251571352,17560.074536743454
VRTX,1,2025-08-06,2025-08-07,1,RESIDUAL_REVERTED,375.760009765625,385.0,0.02459013730635773,431.8046439683958,17560.074536743454
TDG,1,2025-08-06,2025-08-07,1,RESIDUAL_REVERTED,1343.61181640625,1311.57470703125,-0.023844021750783262,-418.7027991994858,17560.074536743454
LDOS,-1,2025-08-06,2025-08-07,1,RESIDUAL_REVERTED,172.6202392578125,173.09371948242188,-0.0027429009868433774,-48.16554577587497,17560.074536743454
KMB,-1,2025-08-04,2025-08-08,4,RESIDUAL_REVERTED,123.74382019042969,128.63291931152344,-0.03950984472250729,-689.9449895521012,17462.60949385771
MKTX,1,2025-08-07,2025-08-08,1,RESIDUAL_REVERTED,182.10580444335938,180.20053100585938,-0.010462453096011015,-183.2161325037036,17511.775758742275
MOS,1,2025-08-07,2025-08-08,1,RESIDUAL_REVERTED,29.881061553955078,30.61874771118164,0.024687414665457874,432.32046968458513,17511.775758742275
AIZ,-1,2025-08-07,2025-08-08,1,RESIDUAL_REVERTED,205.76197814941406,199.80111694335938,0.02896969235845026,507.31075638093034,17511.775758742275
MTCH,-1,2025-08-07,2025-08-08,1,RESIDUAL_REVERTED,36.60150909423828,35.67303466796875,0.02536710778451723,444.22310317031184,17511.775758742275
ANET,-1,2025-08-07,2025-08-08,1,RESIDUAL_REVERTED,139.0800018310547,139.60000610351562,-0.0037388860052836037,-65.47453331202479,17511.775758742275
FTNT,1,2025-08-08,2025-08-11,1,RESIDUAL_REVERTED,76.11000061035156,74.0199966430664,-0.027460306799694023,-484.509607718658,17643.998344696425
LLY,1,2025-08-08,2025-08-11,1,RESIDUAL_REVERTED,649.4684448242188,624.1043701171875,-0.039053590531093696,-689.061486685069,17643.998344696425
ABNB,1,2025-08-08,2025-08-11,1,RESIDUAL_REVERTED,120.56999969482422,120.01000213623047,-0.004644584556781628,-81.94904223165818,17643.998344696425
BDX,-1,2025-08-08,2025-08-12,2,RESIDUAL_REVERTED,142.55145263671875,147.6090850830078,-0.03547934694975052,-625.997538852307,17643.998344696425
GDDY,1,2025-08-11,2025-08-12,1,RESIDUAL_REVERTED,132.7899932861328,134.6699981689453,0.014157730084084719,247.23447553865336,17462.86121223475
AKAM,1,2025-08-11,2025-08-12,1,RESIDUAL_REVERTED,70.95999908447266,70.63999938964844,-0.004509578621094468,-78.75014558583312,17462.86121223475
GILD,-1,2025-08-11,2025-08-12,1,RESIDUAL_REVERTED,115.5520248413086,116.84098815917969,-0.011154831078393324,-194.79526696790361,17462.86121223475
MNST,-1,2025-08-11,2025-08-12,1,RESIDUAL_REVERTED,32.21500015258789,31.864999771118164,0.010864515902900274,189.72553335046518,17462.86121223475
MET,-1,2025-08-11,2025-08-12,1,RESIDUAL_REVERTED,74.24066162109375,73.6767578125,0.007595619385395214,132.64124714811734,17462.86121223475
INTU,1,2025-08-12,2025-08-13,1,RESIDUAL_REVERTED,699.2842407226562,705.5537719726562,0.008965640700727029,156.93502665536116,17504.05039571085
HSY,1,2025-08-12,2025-08-13,1,RESIDUAL_REVERTED,169.7903289794922,169.06785583496094,-0.004255090080062862,-74.48131119970995,17504.05039571085
GEN,-1,2025-08-11,2025-08-14,3,RESIDUAL_REVERTED,29.83333969116211,31.337217330932617,-0.05040929561821805,-880.2905331874546,17462.86121223475
CRM,1,2025-08-12,2025-08-14,2,RESIDUAL_REVERTED,230.6387176513672,234.59817504882812,0.01716735783905121,300.49829677595557,17504.05039571085
CAH,1,2025-08-13,2025-08-14,1,RESIDUAL_REVERTED,146.11045837402344,146.1698455810547,0.0004064541833086466,7.077491509806586,17412.765818267064
DAL,-1,2025-08-13,2025-08-14,1,RESIDUAL_REVERTED,57.589962005615234,58.21314239501953,-0.010820989764562361,-188.423360692189,17412.765818267064
UAL,-1,2025-08-13,2025-08-14,1,RESIDUAL_REVERTED,98.66999816894531,98.0199966430664,0.00658763086998293,114.7088736362002,17412.765818267064
CSGP,1,2025-08-13,2025-08-15,2,RESIDUAL_REVERTED,89.1500015258789,87.97000122070312,-0.013236122097353475,-230.47749442320583,17412.765818267064
NXPI,-1,2025-08-13,2025-08-15,2,RESIDUAL_REVERTED,215.94281005859375,228.41404724121094,-0.05775250020703737,-1005.6307615245635,17412.765818267064
APTV,-1,2025-08-13,2025-08-15,2,RESIDUAL_REVERTED,71.87999725341797,74.5,-0.03644967788945541,-634.6897052403556,17412.765818267064
RJF,1,2025-08-14,2025-08-15,1,RESIDUAL_REVERTED,162.3922882080078,163.04339599609375,0.004009474804936186,68.95944997809063,17199.122910859332
SCHW,1,2025-08-14,2025-08-15,1,RESIDUAL_REVERTED,96.1313247680664,95.92398071289062,-0.002156883364252349,-37.09650208616375,17199.122910859332
AMCR,1,2025-08-15,2025-08-18,1,RESIDUAL_REVERTED,40.656761169433594,40.00699234008789,-0.015981814848404885,-275.91863689397053,17264.537195005123
TPR,1,2025-08-15,2025-08-18,1,RESIDUAL_REVERTED,94.55892181396484,98.79803466796875,0.0448303848297249,773.9758463591778,17264.537195005123
SWKS,-1,2025-08-15,2025-08-18,1,RESIDUAL_REVERTED,72.69271087646484,71.45477294921875,0.017029739465210803,294.010570418379,17264.537195005123
INTC,-1,2025-08-15,2025-08-19,2,RESIDUAL_REVERTED,25.010000228881836,24.940000534057617,0.002798868220056372,48.32116448908018,17264.537195005123
AMAT,1,2025-08-18,2025-08-19,1,RESIDUAL_REVERTED,160.46005249023438,162.8697967529297,0.015017720767865006,260.9293444507953,17374.763353513143
KLAC,1,2025-08-18,2025-08-19,1,RESIDUAL_REVERTED,86.83555603027344,87.86499786376953,0.011855072743902184,205.9790834639858,17374.763353513143
LRCX,1,2025-08-18,2025-08-19,1,RESIDUAL_REVERTED,98.35062408447266,98.1817398071289,-0.0017171652840626273,-29.835340449456293,17374.763353513143
UNH,-1,2025-08-18,2025-08-19,1,RESIDUAL_REVERTED,303.14459228515625,299.0017395019531,0.013666259892593069,237.44803156141342,17374.763353513143
CRM,-1,2025-08-18,2025-08-19,1,RESIDUAL_REVERTED,237.34010314941406,242.51712036132812,-0.021812652574162428,-378.9896765884729,17374.763353513143
NEE,-1,2025-08-18,2025-08-19,1,RESIDUAL_REVERTED,73.41606140136719,73.11705017089844,0.004072831268270405,70.7644794649875,17374.763353513143
EPAM,-1,2025-08-19,2025-08-20,1,RESIDUAL_REVERTED,165.5,167.08999633789062,-0.009607228627737996,-167.67322601692632,17452.819383606788
MDT,1,2025-08-20,2025-08-21,1,RESIDUAL_REVERTED,86.80258178710938,89.64605712890625,0.032757958153488254,567.9651490931485,17338.234160747514
PLTR,1,2025-08-20,2025-08-21,1,RESIDUAL_REVERTED,152.3000030517578,157.1699981689453,0.03197632974132292,554.4130926563323,17338.234160747514
ORCL,1,2025-08-20,2025-08-21,1,RESIDUAL_REVERTED,229.56350708007812,230.4237060546875,0.0037471067834371485,64.96821483655813,17338.234160747514
JBL,1,2025-08-20,2025-08-21,1,RESIDUAL_REVERTED,204.8837127685547,204.45423889160156,-0.002096183591900669,-36.34412196028985,17338.234160747514
PLD,-1,2025-08-20,2025-08-21,1,RESIDUAL_REVERTED,107.08319854736328,104.79602813720703,0.021358816706849026,370.3241654598338,17338.234160747514
FRT,-1,2025-08-20,2025-08-21,1,RESIDUAL_REVERTED,93.02268981933594,91.91082000732422,0.011952673204474462,207.23824686607108,17338.234160747514
HD,-1,2025-08-20,2025-08-21,1,RESIDUAL_REVERTED,396.150390625,386.7030334472656,0.023847905748191844,413.48057410558647,17338.234160747514
KIM,-1,2025-08-20,2025-08-21,1,RESIDUAL_REVERTED,20.531246185302734,20.3330135345459,0.009655168954076476,167.4035801873575,17338.234160747514
TRMB,1,2025-08-20,2025-08-22,2,RESIDUAL_REVERTED,81.12000274658203,80.91000366210938,-0.00258874602271264,-44.88428472449632,17338.234160747514
ADI,-1,2025-08-21,2025-08-25,2,RESIDUAL_REVERTED,240.0366668701172,248.53631591796875,-0.03540979450631476,-619.9009111726541,17506.481464107517
EIX,1,2025-08-22,2025-08-25,1,RESIDUAL_REVERTED,51.50175094604492,52.30734634399414,0.015642097271473254,274.2761326046959,17534.485807405097
PCG,1,2025-08-22,2025-08-25,1,RESIDUAL_REVERTED,14.654654502868652,14.96140193939209,0.02093174127465036,367.0273203046334,17534.485807405097
DHR,1,2025-08-22,2025-08-25,1,RESIDUAL_REVERTED,205.3649444580078,209.75259399414062,0.02136513389718253,374.62663709345856,17534.485807405097
PKG,-1,2025-08-22,2025-08-25,1,RESIDUAL_REVERTED,204.94044494628906,205.71615600585938,-0.0037850559940650896,-66.36901060816744,17534.485807405097
CSX,1,2025-08-25,2025-08-25,0,STOP_LOSS,34.211761474609375,32.40640944859859,-0.05276992321341445,-922.4367957443966,17480.351298102843
WMT,1,2025-08-22,2025-08-26,2,RESIDUAL_REVERTED,97.25119018554688,95.47612762451172,-0.018252347941947966,-320.04553593990613,17534.485807405097
NDSN,-1,2025-08-22,2025-08-26,2,RESIDUAL_REVERTED,217.62014770507812,222.22567749023438,-0.021163158989294217,-371.0851109376363,17534.485807405097
SW,-1,2025-08-22,2025-08-26,2,RESIDUAL_REVERTED,42.537776947021484,43.46525955200195,-0.021803739441663694,-382.31735978821234,17534.485807405097
CCL,-1,2025-08-25,2025-08-26,1,RESIDUAL_REVERTED,30.61798095703125,30.696714401245117,-0.0025714773395528745,-44.95032725049507,17480.351298102843
ES,1,2025-08-26,2025-08-27,1,RESIDUAL_REVERTED,59.89016342163086,61.01482391357422,0.018778718034640818,325.7034617745373,17344.286291200428
DXCM,1,2025-08-26,2025-08-27,1,RESIDUAL_REVERTED,76.25,75.80000305175781,-0.005901599321209039,-102.35902820300329,17344.286291200428
DPZ,-1,2025-08-26,2025-08-27,1,RESIDUAL_REVERTED,448.7591857910156,441.5437927246094,0.016078541219580522,278.87082205727194,17344.286291200428
KDP,1,2025-08-26,2025-08-28,2,RESIDUAL_REVERTED,29.774532318115234,28.602764129638672,-0.03935471348322883,-682.5794175612865,17344.286291200428
CSX,1,2025-08-26,2025-08-28,2,RESIDUAL_REVERTED,31.772979736328125,32.2450065612793,0.014856234097914145,257.67077740331604,17344.286291200428
ERIE,1,2025-08-27,2025-08-28,1,RESIDUAL_REVERTED,342.5726013183594,343.17974853515625,0.0017723169175243303,30.73228392854388,17340.17411032275
SJM,1,2025-08-28,2025-08-29,1,RESIDUAL_REVERTED,101.63536071777344,103.2009048461914,0.015403537876598428,267.92798412709504,17393.925101722245
SBAC,1,2025-08-28,2025-08-29,1,RESIDUAL_REVERTED,203.0166473388672,202.1390380859375,-0.00432284378859249,-75.19122108522244,17393.925101722245
KMX,-1,2025-08-28,2025-08-29,1,RESIDUAL_REVERTED,61.7599983215332,62.29999923706055,-0.008743538377640636,-152.08445166471438,17393.925101722245
HRL,1,2025-08-29,2025-09-02,1,RESIDUAL_REVERTED,23.99114418029785,24.200176239013672,0.008712884101937934,151.55380432395017,17394.21786756461
COO,1,2025-08-29,2025-09-02,1,RESIDUAL_REVERTED,65.05999755859375,66.37999725341797,0.02028896010387049,352.91059235304925,17394.21786756461
BBY,1,2025-08-29,2025-09-02,1,RESIDUAL_REVERTED,68.2470932006836,68.45330810546875,0.0030215924974090758,52.55823820693028,17394.21786756461
NTAP,-1,2025-08-29,2025-09-02,1,RESIDUAL_REVERTED,114.45690155029297,109.00237274169922,0.047655744081076645,828.9343951871502,17394.21786756461
A,-1,2025-08-29,2025-09-02,1,RESIDUAL_REVERTED,124.00492095947266,123.8858642578125,0.0009600965892238023,16.700129246864414,17394.21786756461
HPQ,-1,2025-08-29,2025-09-02,1,RESIDUAL_REVERTED,26.47130012512207,26.4241943359375,0.0017795041785599874,30.953083378114062,17394.21786756461
FICO,-1,2025-08-29,2025-09-02,1,RESIDUAL_REVERTED,1508.1099853515625,1505.0,0.0020621740998800764,35.869905574162836,17394.21786756461
ULTA,1,2025-09-02,2025-09-03,1,RESIDUAL_REVERTED,491.260009765625,535.1799926757812,0.0894027236841648,1565.5623496201285,17511.3495999387
DELL,1,2025-09-02,2025-09-03,1,RESIDUAL_REVERTED,117.61128234863281,120.1686782836914,0.021744477944537266,380.77515515494895,17511.3495999387
ADSK,-1,2025-09-02,2025-09-04,2,RESIDUAL_REVERTED,313.0199890136719,318.5799865722656,-0.017762436118259783,-311.0442286134266,17511.3495999387
KHC,1,2025-09-03,2025-09-04,1,RESIDUAL_REVERTED,24.568096160888672,25.223247528076172,0.026666753618071137,472.0003126178997,17699.954009326415
BIIB,-1,2025-09-03,2025-09-04,1,RESIDUAL_REVERTED,139.55999755859375,141.77999877929688,-0.01590714574046248,-281.55574802583675,17699.954009326415
RL,-1,2025-09-03,2025-09-04,1,RESIDUAL_REVERTED,305.9483642578125,308.38507080078125,-0.007964437230706833,-140.97017269367637,17699.954009326415
TTWO,-1,2025-09-03,2025-09-04,1,RESIDUAL_REVERTED,241.0,238.52999877929688,0.010248967720759894,181.4062573005204,17699.954009326415
ROST,-1,2025-09-03,2025-09-04,1,RESIDUAL_REVERTED,149.3535614013672,149.52169799804688,-0.0011257622188722838,-19.92593949947745,17699.954009326415
STZ,1,2025-09-03,2025-09-05,2,RESIDUAL_REVERTED,145.98387145996094,142.07803344726562,-0.02675527079555884,-473.5670625884661,17699.954009326415
ERIE,1,2025-09-03,2025-09-05,2,RESIDUAL_REVERTED,330.5473327636719,328.4810791015625,-0.006251006912788126,-110.64253486833053,17699.954009326415
DLTR,1,2025-09-04,2025-09-05,1,RESIDUAL_REVERTED,101.68000030517578,100.18000030517578,-0.014752163606392532,-260.4677210166363,17656.238634973346
ISRG,1,2025-09-04,2025-09-05,1,RESIDUAL_REVERTED,440.69000244140625,454.8299865722656,0.032086010693513245,566.518261648978,17656.238634973346
NI,1,2025-09-05,2025-09-08,1,RESIDUAL_REVERTED,38.45022201538086,39.27804946899414,0.02152984846959094,381.4632887302275,17717.88079553884
TROW,-1,2025-09-05,2025-09-08,1,RESIDUAL_REVERTED,104.91827392578125,101.52049255371094,0.03238502927024789,573.7940881702884,17717.88079553884
CPRT,-1,2025-09-05,2025-09-08,1,RESIDUAL_REVERTED,48.7599983215332,48.66999816894531,0.0018457784184980897,32.703281993927924,17717.88079553884
WSM,-1,2025-09-05,2025-09-08,1,RESIDUAL_REVERTED,201.51229858398438,199.66824340820312,0.009151080051884253,162.13774550971922,17717.88079553884
LULU,1,2025-09-08,2025-09-09,1,RESIDUAL_REVERTED,167.75999450683594,167.8300018310547,0.00041730642889303837,7.443078719699944,17836.003004902523
KVUE,1,2025-09-08,2025-09-09,1,RESIDUAL_REVERTED,17.67821502685547,17.4425106048584,-0.013333044181157772,-237.80821607962721,17836.003004902523
FAST,1,2025-09-08,2025-09-09,1,RESIDUAL_REVERTED,47.077392578125,46.8620719909668,-0.004573757707606263,-81.57755621656062,17836.003004902523
SCHW,1,2025-09-08,2025-09-09,1,RESIDUAL_REVERTED,91.0167007446289,92.38914489746094,0.015079036502133603,268.94974036309003,17836.003004902523
POOL,-1,2025-09-08,2025-09-09,1,RESIDUAL_REVERTED,323.4405517578125,322.8260498046875,0.00189989149407932,33.886470397388045,17836.003004902523
AVGO,-1,2025-09-08,2025-09-10,2,RESIDUAL_REVERTED,339.6384582519531,348.32879638671875,-0.02558702621456055,-456.3702764494201,17836.003004902523
CVS,1,2025-09-09,2025-09-10,1,RESIDUAL_REVERTED,69.35856628417969,69.85287475585938,0.0071268553858852,126.90698793313574,17806.870079681237
LYV,-1,2025-09-09,2025-09-10,1,RESIDUAL_REVERTED,170.86000061035156,170.83999633789062,0.00011707990395337653,2.0848266386397176,17806.870079681237
SOLV,-1,2025-09-09,2025-09-10,1,RESIDUAL_REVERTED,74.0999984741211,72.54000091552734,0.021052599065013,374.880896390306,17806.870079681237
TTWO,-1,2025-09-09,2025-09-10,1,RESIDUAL_REVERTED,249.27999877929688,248.5800018310547,0.0028080750628610707,50.00302781836022,17806.870079681237
HUM,1,2025-09-10,2025-09-11,1,RESIDUAL_REVERTED,266.1693420410156,271.7882385253906,0.021110231709214444,378.1290504409363,17912.122218719447
UNH,-1,2025-09-10,2025-09-11,1,RESIDUAL_REVERTED,334.4870300292969,337.8168029785156,-0.009954864165965027,-178.31274361151804,17912.122218719447
FOX,1,2025-09-10,2025-09-12,2,RESIDUAL_REVERTED,52.338932037353516,52.061798095703125,-0.005294986559003623,-94.84444639134952,17912.122218719447
NWS,1,2025-09-10,2025-09-12,2,RESIDUAL_REVERTED,32.13447570800781,31.995410919189453,-0.004327588540170457,-77.51629484386225,17912.122218719447
FOXA,1,2025-09-10,2025-09-12,2,RESIDUAL_REVERTED,57.79985427856445,57.72059631347656,-0.0013712485278234432,-24.5619712226125,17912.122218719447
SNPS,1,2025-09-11,2025-09-12,1,RESIDUAL_REVERTED,415.9700012207031,443.82000732421875,0.0669519581262763,1187.8893776621899,17742.414275946092
ORCL,-1,2025-09-11,2025-09-12,1,RESIDUAL_REVERTED,326.6173400878906,302.3439636230469,0.07431747640315711,1318.5714542876615,17742.414275946092
DLR,-1,2025-09-11,2025-09-12,1,RESIDUAL_REVERTED,167.71498107910156,167.72462463378906,-5.749966178014709e-05,-1.0201828200288727,17742.414275946092
AVGO,-1,2025-09-11,2025-09-12,1,RESIDUAL_REVERTED,367.8103332519531,359.6154479980469,0.02228019311326057,395.30441636355056,17742.414275946092
PWR,-1,2025-09-11,2025-09-12,1,RESIDUAL_REVERTED,390.79718017578125,387.8197326660156,0.007618907353493132,135.17781059572653,17742.414275946092
CDW,1,2025-09-12,2025-09-15,1,RESIDUAL_REVERTED,161.7562255859375,161.2270050048828,-0.0032717169255011003,-59.33082497467842,18134.461607063102
WBD,-1,2025-09-12,2025-09-16,2,RESIDUAL_REVERTED,17.530000686645508,18.770000457763672,-0.07073586551897892,-1282.7568374963012,18134.461607063102
ANET,1,2025-09-15,2025-09-16,1,RESIDUAL_REVERTED,139.60000610351562,145.25999450683594,0.04054432776402139,729.7005786114719,17997.59963609514
FFIV,1,2025-09-15,2025-09-16,1,RESIDUAL_REVERTED,320.2699890136719,324.04998779296875,0.01180253819890531,212.4173571936188,17997.59963609514
CTVA,-1,2025-09-15,2025-09-16,1,RESIDUAL_REVERTED,73.20220947265625,69.35832977294922,0.05251043277789125,945.0617458545742,17997.59963609514
MKC,1,2025-09-16,2025-09-17,1,RESIDUAL_REVERTED,64.04129791259766,64.95188903808594,0.014218811222893146,258.56040301813357,18184.389606483932
ERIE,1,2025-09-16,2025-09-17,1,RESIDUAL_REVERTED,315.5353698730469,315.3394775390625,-0.0006208252788370006,-11.289328747926305,18184.389606483932
SJM,1,2025-09-16,2025-09-17,1,RESIDUAL_REVERTED,98.44664764404297,100.44439697265625,0.020292710584078222,369.01055543249686,18184.389606483932
STX,-1,2025-09-16,2025-09-17,1,RESIDUAL_REVERTED,209.4017791748047,208.50985717773438,0.00425938117901925,77.4542468418113,18184.389606483932
NWSA,-1,2025-09-16,2025-09-17,1,RESIDUAL_REVERTED,29.645946502685547,29.586395263671875,0.0020087481102442073,36.52785825796987,18184.389606483932
TSLA,-1,2025-09-15,2025-09-18,3,RESIDUAL_REVERTED,423.1300048828125,428.8699951171875,-0.013565547628712205,-244.14729506594117,17997.59963609514
EMR,1,2025-09-17,2025-09-18,1,RESIDUAL_REVERTED,127.5172119140625,129.52565002441406,0.01575032954535671,287.7707679931666,18270.777583698517
PFG,1,2025-09-17,2025-09-18,1,RESIDUAL_REVERTED,77.55664825439453,78.13664245605469,0.007478329900973968,136.63490231821683,18270.777583698517
STLD,-1,2025-09-17,2025-09-18,1,RESIDUAL_REVERTED,137.8511505126953,134.55067443847656,0.023942317941806346,437.4447659529379,18270.777583698517
OXY,-1,2025-09-17,2025-09-18,1,RESIDUAL_REVERTED,46.415775299072266,46.15105056762695,0.005703335336738502,104.20437142279727,18270.777583698517
UBER,1,2025-09-18,2025-09-19,1,RESIDUAL_REVERTED,93.93000030517578,95.0,0.011391458440836999,208.87624197060526,18336.21595122612
HLT,1,2025-09-18,2025-09-19,1,RESIDUAL_REVERTED,266.2576904296875,267.2856140136719,0.003860634343840097,70.78942503737072,18336.21595122612
MAR,1,2025-09-18,2025-09-19,1,RESIDUAL_REVERTED,260.5503845214844,263.208251953125,0.010200972976961653,187.04724341819053,18336.21595122612
WDAY,-1,2025-09-18,2025-09-19,1,RESIDUAL_REVERTED,237.67999267578125,236.1300048828125,0.006521322116847639,119.57637062202481,18336.21595122612
AXP,-1,2025-09-18,2025-09-22,2,RESIDUAL_REVERTED,334.91754150390625,335.91693115234375,-0.002983987174723257,-54.71503323141473,18336.21595122612
MCO,1,2025-09-19,2025-09-22,1,RESIDUAL_REVERTED,480.8096008300781,478.84661865234375,-0.0040826601098343795,-75.03802391619988,18379.689197111
INTC,-1,2025-09-19,2025-09-22,1,RESIDUAL_REVERTED,30.3799991607666,29.670000076293945,0.02337060908775679,429.54453138014804,18379.689197111
CRWD,-1,2025-09-19,2025-09-22,1,RESIDUAL_REVERTED,124.75,124.0,0.006012024048096198,110.49913344956514,18379.689197111
ALL,-1,2025-09-19,2025-09-22,1,RESIDUAL_REVERTED,202.46319580078125,200.35398864746094,0.010417731207778225,191.47466173800763,18379.689197111
DRI,1,2025-09-19,2025-09-23,2,RESIDUAL_REVERTED,186.83375549316406,179.38987731933594,-0.03984225524011631,-732.2882682253049,18379.689197111
CTSH,1,2025-09-22,2025-09-23,1,RESIDUAL_REVERTED,65.53129577636719,66.49945831298828,0.014774048416882568,270.87405466062376,18334.450180296768
DXCM,1,2025-09-22,2025-09-23,1,RESIDUAL_REVERTED,67.69000244140625,69.01000213623047,0.01950065958361935,357.53387161879374,18334.450180296768
TRGP,1,2025-09-22,2025-09-23,1,RESIDUAL_REVERTED,159.5296173095703,162.09446716308594,0.016077577924220154,294.77355147145215,18334.450180296768
KVUE,1,2025-09-23,2025-09-24,1,RESIDUAL_REVERTED,16.87680435180664,16.50909996032715,-0.02178756024034434,-402.0063548782838,18451.18730338073
WAB,-1,2025-09-23,2025-09-24,1,RESIDUAL_REVERTED,197.51710510253906,194.03335571289062,0.01763770984715418,325.43668799252424,18451.18730338073
SWKS,-1,2025-09-23,2025-09-24,1,RESIDUAL_REVERTED,80.61648559570312,78.34027099609375,0.02823510083315639,520.9711340024094,18451.18730338073
TER,-1,2025-09-23,2025-09-24,1,RESIDUAL_REVERTED,135.73707580566406,134.2499542236328,0.010955898181867263,202.1493294304008,18451.18730338073
IRM,-1,2025-09-23,2025-09-24,1,RESIDUAL_REVERTED,100.57593536376953,100.13089752197266,0.004424893889251269,81.64454594816011,18451.18730338073
ES,-1,2025-09-22,2025-09-25,3,RESIDUAL_REVERTED,63.08473587036133,65.67504119873047,-0.04106073034358415,-752.8259148510444,18334.450180296768
REGN,1,2025-09-24,2025-09-25,1,RESIDUAL_REVERTED,564.9928588867188,574.3548583984375,0.01657012007225367,305.13825587942824,18414.969508300535
GNRC,1,2025-09-24,2025-09-25,1,RESIDUAL_REVERTED,167.80999755859375,163.6199951171875,-0.02496872952961715,-459.79839294890377,18414.96950830053
PPG,1,2025-09-24,2025-09-25,1,RESIDUAL_REVERTED,102.643798828125,102.57559967041016,-0.0006644255034737867,-12.235375387007856,18414.96950830053
XEL,-1,2025-09-25,2025-09-26,1,RESIDUAL_REVERTED,75.8049087524414,75.22297668457031,0.0076767069237102525,141.69294546686893,18457.516598586804
PWR,-1,2025-09-25,2025-09-26,1,RESIDUAL_REVERTED,396.732177734375,400.06927490234375,-0.008411460817284722,-155.25467765339607,18457.516598586804
APD,1,2025-09-24,2025-09-29,3,RESIDUAL_REVERTED,270.88104248046875,260.8094787597656,-0.03718076255347147,-684.6826087175393,18414.969508300535
FCX,1,2025-09-25,2025-09-29,2,RESIDUAL_REVERTED,37.130836486816406,35.96338653564453,-0.03144152035428527,-580.3323838240246,18457.516598586804
PSX,-1,2025-09-25,2025-09-29,2,RESIDUAL_REVERTED,132.5450439453125,135.6044464111328,-0.023081983111210125,-426.0360864034619,18457.5165985868
EQT,-1,2025-09-25,2025-09-29,2,RESIDUAL_REVERTED,52.293556213378906,53.33132553100586,-0.019845070650625463,-366.2907209340454,18457.516598586804
KMX,1,2025-09-26,2025-09-29,1,RESIDUAL_REVERTED,44.75,45.20000076293945,0.010055882970714025,183.1059151103289,18208.83513099667
JBL,1,2025-09-26,2025-09-29,1,RESIDUAL_REVERTED,213.3140106201172,218.24832153320312,0.023131677561832875,421.20090302678926,18208.83513099667
GIS,1,2025-09-26,2025-09-29,1,RESIDUAL_REVERTED,46.6759147644043,47.19369888305664,0.011093175597432836,201.99380553284962,18208.83513099667
IBM,-1,2025-09-26,2025-09-29,1,RESIDUAL_REVERTED,273.40240478515625,278.75323486328125,-0.019571261936520923,-356.36988190765913,18208.83513099667
PCAR,-1,2025-09-29,2025-09-30,1,RESIDUAL_REVERTED,98.17958068847656,97.31099700927734,0.008846887235699596,161.3371921227414,18236.60546635008
ROL,-1,2025-09-29,2025-09-30,1,RESIDUAL_REVERTED,57.7412109375,57.51449966430664,0.003926333887225852,71.60300203049762,18236.60546635008
WSM,1,2025-09-30,2025-10-01,1,RESIDUAL_REVERTED,189.33377075195312,193.51490783691406,0.022083419499623558,404.48886960055904,18316.405645758536
QCOM,1,2025-09-30,2025-10-01,1,RESIDUAL_REVERTED,162.2609405517578,162.4176788330078,0.0009659643332340373,17.692994566848565,18316.405645758536
SWKS,1,2025-09-30,2025-10-01,1,RESIDUAL_REVERTED,74.51431274414062,74.53367614746094,0.00025986153004997625,4.759729196122264,18316.405645758536
EOG,1,2025-09-30,2025-10-01,1,RESIDUAL_REVERTED,108.28571319580078,107.8025131225586,-0.0044622698505800695,-81.73274468406377,18316.405645758536
WDC,-1,2025-09-30,2025-10-01,1,RESIDUAL_REVERTED,117.59061431884766,117.95993041992188,-0.0031406936957809606,-57.526219741001185,18316.405645758536
CSX,-1,2025-09-30,2025-10-01,1,RESIDUAL_REVERTED,35.28642654418945,34.47683334350586,0.022943473736841358,420.24197188679443,18316.405645758536
PYPL,-1,2025-09-30,2025-10-01,1,RESIDUAL_REVERTED,69.0549087524414,66.16217041015625,0.041890408582762495,767.2817162684439,18316.40564575854
DHR,-1,2025-10-01,2025-10-02,1,TRAILING_STOP,197.60324096679688,214.2323074534258,-0.08415381450865511,-1545.339334449843,18363.271391469792
CCL,1,2025-09-30,2025-10-03,3,RESIDUAL_REVERTED,29.30901527404785,28.541349411010742,-0.02619214108216228,-479.7458807918206,18316.405645758536
MRK,-1,2025-10-01,2025-10-03,2,RESIDUAL_REVERTED,82.75985717773438,87.07318878173828,-0.052118644849043605,-957.068819918616,18363.271391469792
CTVA,1,2025-10-02,2025-10-03,1,RESIDUAL_REVERTED,60.75416946411133,61.91823959350586,0.019160333186386103,347.7022798708773,18146.985049191648
NWS,1,2025-10-02,2025-10-03,1,RESIDUAL_REVERTED,32.28348159790039,32.3033447265625,0.0006152721973891051,11.16533536720252,18146.985049191648
DGX,1,2025-10-02,2025-10-03,1,RESIDUAL_REVERTED,177.71112060546875,177.62171936035156,-0.0005030706284029351,-9.129215172315975,18146.985049191648
AES,-1,2025-10-02,2025-10-03,1,RESIDUAL_REVERTED,14.603046417236328,13.812406539916992,0.05414211902977484,982.5162245648781,18146.985049191648
TMO,-1,2025-10-02,2025-10-03,1,RESIDUAL_REVERTED,523.8690185546875,523.520263671875,0.0006657291621762207,12.080977152823065,18146.985049191648
NKE,-1,2025-10-02,2025-10-03,1,RESIDUAL_REVERTED,72.60604095458984,72.39305877685547,0.002933394727686389,53.23227026670229,18146.985049191648
NWSA,1,2025-10-02,2025-10-06,2,RESIDUAL_REVERTED,28.643522262573242,28.335845947265625,-0.010741567063127566,-194.9270568994649,18146.985049191648
FICO,-1,2025-10-03,2025-10-07,2,RESIDUAL_REVERTED,1786.8699951171875,1841.7900390625,-0.030735332786037795,-563.5814785314154,18336.599198543074
LVS,1,2025-10-06,2025-10-07,1,RESIDUAL_REVERTED,50.535396575927734,51.142250061035156,0.012008483681247961,218.76653809354264,18217.665435575447
WYNN,1,2025-10-06,2025-10-07,1,RESIDUAL_REVERTED,123.44412231445312,123.41439056396484,-0.00024085189258782336,-4.387759198690483,18217.665435575447
CVS,1,2025-10-06,2025-10-07,1,RESIDUAL_REVERTED,74.76690673828125,75.11582946777344,0.0046668070770077286,85.01832998130251,18217.665435575447
PLTR,1,2025-10-06,2025-10-07,1,RESIDUAL_REVERTED,179.17999267578125,180.30999755859375,0.0063065349313704555,114.89034343747502,18217.665435575447
BEN,-1,2025-10-06,2025-10-07,1,RESIDUAL_REVERTED,22.880861282348633,22.3514347076416,0.0231384023605552,421.5276729183235,18217.665435575447
F,-1,2025-10-06,2025-10-07,1,RESIDUAL_REVERTED,12.067376136779785,11.943168640136719,0.010292833772247989,187.51140204680578,18217.665435575447
HUM,-1,2025-10-06,2025-10-08,2,RESIDUAL_REVERTED,281.3431091308594,292.4816589355469,-0.039590625976578364,-721.2487784263055,18217.665435575447
VZ,1,2025-10-07,2025-10-08,1,RESIDUAL_REVERTED,38.94941329956055,38.883880615234375,-0.0016825076111457449,-30.6250795224897,18202.045161409296
PNW,-1,2025-10-06,2025-10-09,3,RESIDUAL_REVERTED,86.8763656616211,88.85958099365234,-0.022828019069717653,-415.8732139690524,18217.665435575447
NXPI,1,2025-10-08,2025-10-09,1,RESIDUAL_REVERTED,216.07347106933594,219.4341278076172,0.015553305649460558,283.47503771647365,18226.031437008758
STX,1,2025-10-08,2025-10-09,1,RESIDUAL_REVERTED,223.55230712890625,222.2002716064453,-0.006047960496696314,-110.23031814257337,18226.031437008758
EXC,-1,2025-10-08,2025-10-09,1,RESIDUAL_REVERTED,45.23904800415039,45.094356536865234,0.00319837559959002,58.29369422548946,18226.031437008758
PYPL,-1,2025-10-08,2025-10-10,2,RESIDUAL_REVERTED,74.4052505493164,75.27059173583984,-0.011630109167495961,-211.97073530262486,18226.031437008758
GILD,-1,2025-10-08,2025-10-10,2,RESIDUAL_REVERTED,114.28559112548828,114.81256866455078,-0.00461105843591314,-84.0412960108369,18226.031437008758
TSN,1,2025-10-09,2025-10-10,1,RESIDUAL_REVERTED,50.8228759765625,50.02107620239258,-0.015776355799693054,-286.84524774588914,18181.971260528382
TYL,-1,2025-10-09,2025-10-10,1,RESIDUAL_REVERTED,516.9000244140625,504.04998779296875,0.024859810435606033,452.00035888237335,18181.971260528382
F,1,2025-10-08,2025-10-13,3,RESIDUAL_REVERTED,11.446331024169922,10.97815990447998,-0.04090141362340105,-745.4704505182053,18226.031437008758
DHI,1,2025-10-08,2025-10-13,3,RESIDUAL_REVERTED,159.0904541015625,149.683349609375,-0.05913054020313535,-1077.7150846296552,18226.031437008758
CHRW,1,2025-10-10,2025-10-13,1,RESIDUAL_REVERTED,127.72265625,123.81227111816406,-0.030616221480563977,-552.8907470961105,18058.751875932863
EXPD,1,2025-10-10,2025-10-13,1,RESIDUAL_REVERTED,115.04779052734375,112.2470474243164,-0.02434417115000298,-439.62534642314637,18058.751875932863
COST,-1,2025-10-10,2025-10-13,1,RESIDUAL_REVERTED,938.9417724609375,923.611083984375,0.01632762427469947,294.85651550025506,18058.751875932863
PEP,-1,2025-10-10,2025-10-14,2,RESIDUAL_REVERTED,139.95892333984375,142.89976501464844,-0.021012177034713364,-379.4536914430652,18058.751875932863
QCOM,1,2025-10-13,2025-10-14,1,RESIDUAL_REVERTED,152.7686004638672,156.05027770996094,0.021481359625795227,384.5786350226774,17902.900082770786
SO,-1,2025-10-13,2025-10-14,1,RESIDUAL_REVERTED,94.49964904785156,95.54512786865234,-0.01106330903167052,-198.06531617881114,17902.900082770786
RSG,-1,2025-10-13,2025-10-14,1,RESIDUAL_REVERTED,220.3633270263672,221.3645782470703,-0.004543638155287688,-81.34429990637919,17902.900082770786
ORLY,-1,2025-10-13,2025-10-14,1,RESIDUAL_REVERTED,101.81999969482422,103.13999938964844,-0.012964051254964915,-232.09411428555708,17902.900082770786
FAST,1,2025-10-14,2025-10-15,1,RESIDUAL_REVERTED,41.02878189086914,41.86071014404297,0.020276698815642202,364.4610211904765,17974.37662334452
LVS,1,2025-10-14,2025-10-15,1,RESIDUAL_REVERTED,44.93666458129883,47.16831970214844,0.049662233315339366,892.6476855663175,17974.37662334452
MNST,1,2025-10-14,2025-10-15,1,RESIDUAL_REVERTED,33.57500076293945,34.23500061035156,0.01965747825509001,353.3309176221913,17974.37662334452
WYNN,1,2025-10-14,2025-10-15,1,RESIDUAL_REVERTED,110.96099090576172,115.83535766601562,0.04392865204667884,789.5901364428603,17974.37662334452
BBY,-1,2025-10-14,2025-10-15,1,RESIDUAL_REVERTED,72.38492584228516,73.67615509033203,-0.01783837218898654,-320.6336200722393,17974.37662334452
PANW,1,2025-10-15,2025-10-16,1,RESIDUAL_REVERTED,208.0800018310547,208.0,-0.0003844763088749481,-6.9711333681593555,18131.503052968357
HON,-1,2025-10-15,2025-10-16,1,RESIDUAL_REVERTED,202.40773010253906,197.48277282714844,0.02433186357505046,441.1732586954379,18131.503052968357
C,-1,2025-10-15,2025-10-16,1,RESIDUAL_REVERTED,99.09369659423828,98.13399505615234,0.009684788952981083,175.59978046833064,18131.503052968357
WFC,-1,2025-10-15,2025-10-17,2,RESIDUAL_REVERTED,83.35236358642578,82.64772033691406,0.00845378846133249,153.27989129579916,18131.503052968357
WMT,-1,2025-10-15,2025-10-17,2,RESIDUAL_REVERTED,106.4239501953125,106.27520751953125,0.0013976428755770876,25.341366065485555,18131.503052968357
PGR,1,2025-10-16,2025-10-17,1,RESIDUAL_REVERTED,211.12432861328125,208.59739685058594,-0.011968927405443308,-217.23263550346712,18149.716189662355
TDG,1,2025-10-16,2025-10-17,1,RESIDUAL_REVERTED,1243.1600341796875,1253.0799560546875,0.007979601662102764,144.8275054737237,18149.716189662355
MSI,1,2025-10-16,2025-10-17,1,RESIDUAL_REVERTED,434.81439208984375,432.3925476074219,-0.005569835144558555,-101.09092709694477,18149.716189662355
PNC,1,2025-10-16,2025-10-20,2,RESIDUAL_REVERTED,179.05995178222656,176.08001708984375,-0.01664210596910598,-302.04950013755837,18149.716189662355
BG,-1,2025-10-16,2025-10-20,2,RESIDUAL_REVERTED,91.64913177490234,95.54908752441406,-0.0425531117860487,-772.3269019037583,18149.716189662355
MRSH,1,2025-10-17,2025-10-20,1,RESIDUAL_REVERTED,183.88458251953125,186.91616821289062,0.01648635057828929,299.0332233970643,18138.23028796055
JBHT,-1,2025-10-17,2025-10-20,1,RESIDUAL_REVERTED,168.5504608154297,165.07888793945312,0.020596638295626413,373.5865685638996,18138.23028796055
SNA,-1,2025-10-17,2025-10-20,1,RESIDUAL_REVERTED,334.9939270019531,331.6933288574219,0.009852710388125963,178.71072998040964,18138.23028796055
NEM,1,2025-10-20,2025-10-21,1,RESIDUAL_REVERTED,92.98783874511719,88.20271301269531,-0.05145969405244555,-936.4516327887924,18197.769147916035
CMI,1,2025-10-20,2025-10-21,1,RESIDUAL_REVERTED,409.3741760253906,406.06256103515625,-0.008089457479674933,-147.21007974700782,18197.769147916035
CAT,1,2025-10-20,2025-10-21,1,RESIDUAL_REVERTED,526.3435668945312,521.8807373046875,-0.008478928727437052,-154.29758760353377,18197.769147916035
AXP,-1,2025-10-20,2025-10-21,1,RESIDUAL_REVERTED,344.58441162109375,349.2464294433594,-0.01352939269751996,-246.20476502096855,18197.769147916035
TFC,-1,2025-10-20,2025-10-22,2,RESIDUAL_REVERTED,41.3391227722168,42.25968933105469,-0.022268652479887185,-405.2397970641568,18197.769147916035
PGR,1,2025-10-21,2025-10-22,1,RESIDUAL_REVERTED,206.66229248046875,209.16102600097656,0.012090901975956525,219.71345438185725,18171.800153435186
J,-1,2025-10-21,2025-10-22,1,RESIDUAL_REVERTED,160.8661651611328,161.8556365966797,-0.00615089838534888,-111.77289622264666,18171.800153435186
EXE,-1,2025-10-21,2025-10-22,1,RESIDUAL_REVERTED,104.39685821533203,105.0912094116211,-0.006651073683241249,-120.861981777632,18171.800153435186
LDOS,-1,2025-10-21,2025-10-23,2,RESIDUAL_REVERTED,188.62564086914062,186.9055633544922,0.009119001566927687,165.70867407307273,18171.800153435186
LMT,1,2025-10-22,2025-10-23,1,RESIDUAL_REVERTED,479.090576171875,475.8249206542969,-0.0068163635020167535,-122.20208619118267,17927.75372895351
NEM,1,2025-10-22,2025-10-23,1,RESIDUAL_REVERTED,82.31791687011719,88.32161712646484,0.07293309263183145,1307.5265233944276,17927.75372895351
BLK,1,2025-10-22,2025-10-23,1,RESIDUAL_REVERTED,1105.8670654296875,1107.8349609375,0.0017795045800084175,31.90251986993418,17927.75372895351
GM,-1,2025-10-22,2025-10-23,1,RESIDUAL_REVERTED,66.47647857666016,67.38860321044922,-0.013721013105969515,-245.9869438755668,17927.75372895351
CEG,1,2025-10-21,2025-10-24,3,RESIDUAL_REVERTED,367.3116760253906,374.3373718261719,0.019127341327139336,347.57822406331684,18171.800153435186
LII,1,2025-10-23,2025-10-24,1,RESIDUAL_REVERTED,486.4320373535156,498.92218017578125,0.02567705632675743,461.5880639243184,17976.673729663777
BSX,-1,2025-10-23,2025-10-24,1,RESIDUAL_REVERTED,104.29000091552734,102.8499984741211,0.013807675028909228,248.2160689599275,17976.673729663777
AVY,-1,2025-10-23,2025-10-27,2,RESIDUAL_REVERTED,179.42892456054688,178.12864685058594,0.007246756414248989,130.27257565730193,17976.673729663777
ISRG,-1,2025-10-23,2025-10-27,2,RESIDUAL_REVERTED,525.3699951171875,544.75,-0.03688829789087911,-663.1288956269776,17976.673729663777
MOH,1,2025-10-24,2025-10-27,1,RESIDUAL_REVERTED,160.39999389648438,163.8699951171875,0.021633424892413267,389.78267990158923,18017.61310749672
URI,1,2025-10-24,2025-10-27,1,RESIDUAL_REVERTED,917.2693481445312,911.1492919921875,-0.006672038223803578,-120.21420335492338,18017.61310749672
ROP,1,2025-10-24,2025-10-27,1,RESIDUAL_REVERTED,479.1770935058594,473.1500244140625,-0.012577957447215016,-226.62477096647746,18017.61310749672
DOV,-1,2025-10-24,2025-10-27,1,RESIDUAL_REVERTED,178.9679718017578,177.59205627441406,0.007688054535634148,138.52039217239158,18017.61310749672
HON,-1,2025-10-24,2025-10-27,1,RESIDUAL_REVERTED,214.18690490722656,212.27703857421875,0.008916821193317381,160.6598344099198,18017.61310749672
DECK,1,2025-10-27,2025-10-28,1,RESIDUAL_REVERTED,88.30000305175781,90.5,0.02491502686531777,454.0109460716003,18222.37433360318
ITW,1,2025-10-27,2025-10-28,1,RESIDUAL_REVERTED,244.14141845703125,243.07168579101562,-0.004381610759765064,-79.84335144858183,18222.37433360318
F,-1,2025-10-27,2025-10-28,1,RESIDUAL_REVERTED,13.185256004333496,12.650202751159668,0.04057966360288923,739.4578205035391,18222.37433360318
ALB,1,2025-10-28,2025-10-29,1,RESIDUAL_REVERTED,95.90042877197266,95.70269012451172,-0.002061916197800384,-37.72618103496023,18296.660686406598
ROP,1,2025-10-28,2025-10-29,1,RESIDUAL_REVERTED,460.45050048828125,448.3863830566406,-0.02620068263330655,-479.38499989383627,18296.660686406598
QCOM,-1,2025-10-28,2025-10-29,1,RESIDUAL_REVERTED,180.1778106689453,178.28720092773438,0.0104930220552224,191.9872641193859,18296.660686406598
KDP,-1,2025-10-28,2025-10-29,1,RESIDUAL_REVERTED,28.12401008605957,27.64914321899414,0.016884749564956558,308.9345335649626,18296.660686406598
HCA,-1,2025-10-28,2025-10-29,1,RESIDUAL_REVERTED,463.161865234375,461.64227294921875,0.0032809097622648054,60.029692662878595,18296.660686406598
AWK,1,2025-10-28,2025-10-29,1,TRAILING_STOP,134.2378387451172,128.15704588622978,-0.04529864988688659,-828.814026532695,18296.660686406598
EG,1,2025-10-29,2025-10-30,1,RESIDUAL_REVERTED,301.6404113769531,306.1895751953125,0.015081413652742848,274.7082692606255,18215.021190050244
UPS,-1,2025-10-29,2025-10-31,2,RESIDUAL_REVERTED,90.92738342285156,89.06941986083984,0.020433487603744083,372.19640968882663,18215.021190050244
HRL,1,2025-10-30,2025-10-31,1,RESIDUAL_REVERTED,20.75013542175293,20.403820037841797,-0.016689789096416274,-301.5403775417558,18067.356980952176
CAT,-1,2025-10-30,2025-10-31,1,RESIDUAL_REVERTED,574.3800048828125,580.482666015625,-0.01062477990343269,-191.96169135936572,18067.356980952176
AEP,-1,2025-10-30,2025-10-31,1,RESIDUAL_REVERTED,117.89271545410156,117.2525634765625,0.005429953624134565,98.104910517254,18067.356980952176
CNC,-1,2025-10-30,2025-10-31,1,RESIDUAL_REVERTED,36.7599983215332,34.599998474121094,0.05875951975076199,1061.6292193663276,18067.356980952176
EW,-1,2025-10-28,2025-10-31,3,TRAILING_STOP,80.16999816894531,85.55914802683945,-0.06722152901310263,-1229.929507174175,18296.660686406598
ARE,1,2025-10-29,2025-11-03,3,RESIDUAL_REVERTED,59.55979919433594,54.42731475830078,-0.08617363566469594,-1569.6545996561063,18215.021190050244
FISV,1,2025-10-30,2025-11-03,2,RESIDUAL_REVERTED,68.87000274658203,66.0,-0.04167275493138367,-752.9165397250434,18067.356980952176
GRMN,1,2025-10-30,2025-11-03,2,RESIDUAL_REVERTED,215.59754943847656,210.08859252929688,-0.025552038617914552,-461.6578033009374,18067.356980952176
CMG,1,2025-10-31,2025-11-03,1,RESIDUAL_REVERTED,32.5099983215332,31.649999618530273,-0.02645336042460833,-474.7252188426323,17945.74342248849
DXCM,1,2025-11-03,2025-11-04,1,RESIDUAL_REVERTED,58.54999923706055,61.09000015258789,0.043381741223313064,779.4289540546574,17966.751266216943
CHD,-1,2025-11-03,2025-11-04,1,RESIDUAL_REVERTED,86.25294494628906,85.5618896484375,0.008011961774544551,143.94892435767983,17966.751266216943
FSLR,-1,2025-11-03,2025-11-04,1,RESIDUAL_REVERTED,265.92999267578125,256.7799987792969,0.03440752885531018,618.1915126285407,17966.751266216947
AON,-1,2025-11-03,2025-11-04,1,RESIDUAL_REVERTED,337.7570495605469,338.4436340332031,-0.0020327761435314784,-36.522383350729314,17966.751266216943
AMZN,-1,2025-11-03,2025-11-05,2,RESIDUAL_REVERTED,255.36000061035156,249.02999877929688,0.02478854094582139,445.36954942600795,17966.751266216943
KMB,1,2025-11-04,2025-11-05,1,RESIDUAL_REVERTED,97.203857421875,95.66275024414062,-0.015854382928918165,-284.84067403910274,17966.052372783088
LKQ,1,2025-11-04,2025-11-05,1,RESIDUAL_REVERTED,29.036190032958984,29.18941307067871,0.005276967727026349,94.80627855324019,17966.052372783088
DASH,1,2025-11-04,2025-11-05,1,RESIDUAL_REVERTED,238.41000366210938,241.50999450683594,0.013002771683692016,233.60847706054992,17966.052372783088
HSY,1,2025-11-04,2025-11-05,1,RESIDUAL_REVERTED,157.66549682617188,161.276611328125,0.022903644580744453,411.48807806526344,17966.052372783088
GDDY,-1,2025-11-03,2025-11-06,3,RESIDUAL_REVERTED,133.11000061035156,133.39999389648438,-0.0021785987889948455,-39.14234255075149,17966.751266216943
HSIC,-1,2025-11-05,2025-11-06,1,RESIDUAL_REVERTED,71.48999786376953,72.0,-0.007133894970906551,-129.09583081817334,18096.121592012656
EXPD,-1,2025-11-05,2025-11-06,1,RESIDUAL_REVERTED,132.78245544433594,136.57284545898438,-0.028545864752722583,-516.5694395144177,18096.121592012656
ZTS,1,2025-11-05,2025-11-07,2,RESIDUAL_REVERTED,122.28388977050781,117.7154769897461,-0.03735907313167197,-676.0543299556294,18096.121592012656
DD,-1,2025-11-05,2025-11-07,2,RESIDUAL_REVERTED,112.26505279541016,114.94784545898438,-0.02389695276288073,-432.44216287567104,18096.121592012656
ZBH,1,2025-11-06,2025-11-07,1,RESIDUAL_REVERTED,85.3824691772461,88.2890625,0.034042038731862956,611.1269380696564,17952.125102826132
LYV,1,2025-11-06,2025-11-07,1,RESIDUAL_REVERTED,134.35000610351562,136.86000061035156,0.01868250385416448,335.39064642399023,17952.125102826132
AIG,1,2025-11-06,2025-11-07,1,RESIDUAL_REVERTED,74.84627532958984,74.69987487792969,-0.0019560151926796276,-35.11462944201231,17952.125102826132
ADM,1,2025-11-06,2025-11-07,1,RESIDUAL_REVERTED,54.53656768798828,55.37215805053711,0.01532165293806842,275.05623032628625,17952.125102826132
JCI,-1,2025-11-06,2025-11-10,2,RESIDUAL_REVERTED,119.61246490478516,121.69439697265625,-0.017405644717115143,-312.4683114569957,17952.125102826132
DDOG,-1,2025-11-07,2025-11-10,1,RESIDUAL_REVERTED,184.2899932861328,192.91000366210938,-0.04677416403501056,-843.7388637628512,18038.56640027413
APD,-1,2025-11-07,2025-11-10,1,RESIDUAL_REVERTED,251.6296844482422,255.46331787109375,-0.015235219291625857,-274.8215148147287,18038.56640027413
PH,-1,2025-11-07,2025-11-10,1,RESIDUAL_REVERTED,830.8894653320312,840.0630493164062,-0.011040679136194331,-199.15802370236221,18038.56640027413
TTWO,1,2025-11-10,2025-11-11,1,RESIDUAL_REVERTED,231.97000122070312,234.05999755859375,0.009009769913749022,161.74205873437498,17951.852298420385
XYZ,1,2025-11-10,2025-11-11,1,RESIDUAL_REVERTED,66.63999938964844,66.28500366210938,-0.005327066788572088,-95.63071617226731,17951.85229842039
BEN,1,2025-11-10,2025-11-11,1,RESIDUAL_REVERTED,21.27332878112793,21.716121673583984,0.02081446194959713,373.6581465902571,17951.852298420385
TTD,1,2025-11-10,2025-11-11,1,RESIDUAL_REVERTED,44.04999923706055,43.310001373291016,-0.016799043736349217,-301.57395190964587,17951.852298420385
GILD,1,2025-11-10,2025-11-12,2,RESIDUAL_REVERTED,116.52037048339844,119.44801330566406,0.025125587999076604,451.05084467038535,17951.852298420385
ROK,-1,2025-11-11,2025-11-12,1,RESIDUAL_REVERTED,386.154541015625,388.4044189453125,-0.005826366624538615,-104.01494020972204,17852.453666689278
UNH,-1,2025-11-11,2025-11-12,1,RESIDUAL_REVERTED,314.9145812988281,319.9310302734375,-0.015929554464958695,-284.3816330166801,17852.453666689278
PLTR,-1,2025-11-11,2025-11-12,1,RESIDUAL_REVERTED,190.3350067138672,190.5800018310547,-0.0012871784408834408,-22.97929347663346,17852.453666689278
AKAM,-1,2025-11-10,2025-11-13,3,RESIDUAL_REVERTED,83.80999755859375,89.97000122070312,-0.07349962822517386,-1319.4544698871323,17951.852298420385
GEN,-1,2025-11-11,2025-11-13,2,RESIDUAL_REVERTED,25.85409164428711,26.47176742553711,-0.023890832822451413,-426.50998602143244,17852.453666689278
TT,1,2025-11-12,2025-11-13,1,RESIDUAL_REVERTED,420.162841796875,427.6995544433594,0.01793759918000548,318.4110924029491,17751.042890838682
APP,1,2025-11-12,2025-11-13,1,RESIDUAL_REVERTED,602.0,579.4400024414062,-0.037475079000986344,-665.2217346840757,17751.042890838682
ETN,1,2025-11-12,2025-11-13,1,RESIDUAL_REVERTED,364.9570617675781,364.044677734375,-0.002499976377451696,-44.37718790222858,17751.042890838682
CDNS,1,2025-11-12,2025-11-13,1,RESIDUAL_REVERTED,320.92999267578125,314.8900146484375,-0.01882023545691358,-334.07880681135566,17751.042890838682
TRMB,-1,2025-11-13,2025-11-14,1,RESIDUAL_REVERTED,81.5,76.55000305175781,0.0607361588741373,1073.8583633360283,17680.7092058846
GS,-1,2025-11-13,2025-11-14,1,RESIDUAL_REVERTED,816.9911499023438,780.2047119140625,0.04502672763674176,796.1044778377976,17680.7092058846
PANW,1,2025-11-13,2025-11-14,1,TRAILING_STOP,209.8000030517578,199.3900874127585,-0.049618281637637374,-877.2864089307507,17680.7092058846
ELV,-1,2025-11-13,2025-11-17,2,RESIDUAL_REVERTED,319.2614440917969,319.14373779296875,0.00036868309971771485,6.5185786752334804,17680.7092058846
IBKR,1,2025-11-14,2025-11-17,1,RESIDUAL_REVERTED,65.1344223022461,65.48294830322266,0.00535087268233192,95.18774078198597,17789.19933869594
IRM,1,2025-11-14,2025-11-17,1,RESIDUAL_REVERTED,87.49602508544922,88.63761901855469,0.013047380518035778,232.10245288315815,17789.19933869594
GLW,1,2025-11-14,2025-11-17,1,RESIDUAL_REVERTED,80.22550964355469,81.18045043945312,0.011903206350963424,211.74851054691985,17789.19933869594
CSCO,-1,2025-11-14,2025-11-17,1,RESIDUAL_REVERTED,75.47949981689453,76.77068328857422,-0.017106412665849113,-304.30938488278457,17789.19933869594
BRK-B,-1,2025-11-14,2025-11-17,1,RESIDUAL_REVERTED,514.7000122070312,510.7300109863281,0.0077132331971001555,137.2122428890615,17789.19933869594
DIS,1,2025-11-14,2025-11-18,2,RESIDUAL_REVERTED,105.98530578613281,103.599853515625,-0.02250738678172426,-400.3883900532235,17789.19933869594
XYL,1,2025-11-17,2025-11-18,1,RESIDUAL_REVERTED,140.86537170410156,138.35061645507812,-0.01785218906961661,-318.0045787471291,17813.198006532155
PTC,-1,2025-11-17,2025-11-18,1,RESIDUAL_REVERTED,179.00999450683594,174.2100067138672,0.026814077092133792,477.64446460459766,17813.198006532155
WDAY,-1,2025-11-17,2025-11-18,1,RESIDUAL_REVERTED,230.16000366210938,224.8000030517578,0.023288149657055168,414.83642104687715,17813.198006532155
TROW,1,2025-11-18,2025-11-19,1,RESIDUAL_REVERTED,91.71650695800781,92.7520523071289,0.011290719451354736,201.67774126497943,17862.257771428394
LEN,1,2025-11-18,2025-11-19,1,RESIDUAL_REVERTED,111.63507843017578,114.8049545288086,0.02839498250198713,507.19849686569455,17862.257771428394
HPQ,1,2025-11-18,2025-11-19,1,RESIDUAL_REVERTED,21.608749389648438,21.561176300048828,-0.002201566075934025,-39.32494074916508,17862.257771428394
DUK,-1,2025-11-18,2025-11-19,1,RESIDUAL_REVERTED,122.44493865966797,120.72007751464844,0.014086830896405833,251.62260465412322,17862.257771428394
GOOG,-1,2025-11-18,2025-11-19,1,RESIDUAL_REVERTED,287.7338562011719,286.9359436035156,0.0027730924966242743,49.53369299871748,17862.257771428394
JNJ,-1,2025-11-18,2025-11-19,1,RESIDUAL_REVERTED,194.62400817871094,195.59217834472656,-0.004974566987268059,-88.85699782782193,17862.257771428394
HD,1,2025-11-19,2025-11-20,1,RESIDUAL_REVERTED,331.580078125,327.0970153808594,-0.013520301851339123,-242.5818031357911,17942.040481275468
MDT,-1,2025-11-19,2025-11-20,1,RESIDUAL_REVERTED,97.75006866455078,97.14996337890625,0.006139180195401384,110.14941958773548,17942.040481275468
PCAR,-1,2025-11-19,2025-11-20,1,RESIDUAL_REVERTED,95.0153579711914,95.56372833251953,-0.0057713865740987025,-103.55045154557031,17942.040481275468
J,1,2025-11-20,2025-11-20,0,STOP_LOSS,148.9134979248047,140.97773284709575,-0.05329110650342905,-954.4272290540324,17909.690597109635
MSFT,1,2025-11-19,2025-11-21,2,RESIDUAL_REVERTED,486.1005554199219,475.4834289550781,-0.021841420147467372,-391.8796444544048,17942.040481275468
GEV,-1,2025-11-20,2025-11-21,1,RESIDUAL_REVERTED,606.076904296875,561.9686889648438,0.07277659818303472,1303.4063561683226,17909.690597109635
XYZ,-1,2025-11-20,2025-11-21,1,RESIDUAL_REVERTED,64.30999755859375,62.59000015258789,0.026745412397796264,479.00206093663076,17909.690597109635
ES,1,2025-11-20,2025-11-24,2,RESIDUAL_REVERTED,62.47301483154297,62.60682678222656,0.002141916010367284,38.36105303067326,17909.690597109635
APTV,1,2025-11-20,2025-11-24,2,RESIDUAL_REVERTED,73.05000305175781,74.69999694824219,0.022587184497655732,404.5294858128471,17909.690597109635
LOW,-1,2025-11-20,2025-11-24,2,RESIDUAL_REVERTED,224.58755493164062,230.4169158935547,-0.025955850330568797,-464.861248605373,17909.690597109635
TEL,1,2025-11-21,2025-11-24,1,RESIDUAL_REVERTED,211.89593505859375,217.593994140625,0.026890837148223712,480.4080967929786,17865.122388899323
WMT,-1,2025-11-21,2025-11-24,1,RESIDUAL_REVERTED,107.07844543457031,104.4803237915039,0.02426372210132588,433.47436495042916,17865.122388899323
GEHC,-1,2025-11-21,2025-11-24,1,RESIDUAL_REVERTED,74.7816162109375,76.39427947998047,-0.02156496945043429,-385.26081854488353,17865.122388899323
J,1,2025-11-21,2025-11-25,2,RESIDUAL_REVERTED,126.70014953613281,131.55841064453125,0.038344557020534076,685.0302041199699,17865.122388899323
MSFT,1,2025-11-24,2025-11-25,1,RESIDUAL_REVERTED,472.0055236816406,471.08135986328125,-0.001957951278092951,-35.17446707300537,17964.93481046493
ROST,-1,2025-11-24,2025-11-25,1,RESIDUAL_REVERTED,171.93907165527344,172.85147094726562,-0.005306526801665434,-95.33140806190505,17964.93481046493
DHI,-1,2025-11-24,2025-11-25,1,RESIDUAL_REVERTED,144.73411560058594,146.43896484375,-0.011779180299611225,-211.61220620322678,17964.93481046493
CPRT,1,2025-11-25,2025-11-26,1,RESIDUAL_REVERTED,39.16999816894531,39.04999923706055,-0.0030635419324553936,-55.32340336530071,18058.640810233446
CCL,1,2025-11-25,2025-11-26,1,RESIDUAL_REVERTED,24.299518585205078,25.5199031829834,0.05022258336102836,906.9515934788183,18058.640810233446
TGT,1,2025-11-25,2025-11-26,1,RESIDUAL_REVERTED,82.71199798583984,84.35670471191406,0.019884741828577246,359.0914102864994,18058.640810233446
TSN,-1,2025-11-25,2025-11-26,1,RESIDUAL_REVERTED,55.50812530517578,55.24729537963867,0.004698950362728049,84.85665678562188,18058.640810233446
AVGO,-1,2025-11-25,2025-11-26,1,RESIDUAL_REVERTED,382.0890197753906,382.7044677734375,-0.001610745052052609,-29.087866331880406,18058.640810233446
GOOG,-1,2025-11-25,2025-11-26,1,RESIDUAL_REVERTED,325.9490661621094,319.9447326660156,0.018421078994923512,332.6596489062589,18058.640810233446
SJM,1,2025-11-26,2025-11-28,1,RESIDUAL_REVERTED,98.22566223144531,100.5345687866211,0.023506143941645297,427.0873297380314,18169.178696356546
SRE,1,2025-11-26,2025-11-28,1,RESIDUAL_REVERTED,90.26876831054688,91.02593994140625,0.008387969006672602,152.40250778173439,18169.178696356546
VLTO,-1,2025-11-26,2025-11-28,1,RESIDUAL_REVERTED,103.42752838134766,101.24685668945312,0.021084054951542308,383.0799620583725,18169.178696356546
KEYS,-1,2025-11-26,2025-11-28,1,RESIDUAL_REVERTED,195.0,196.4600067138672,-0.007487213917267699,-136.03652760068323,18169.178696356546
WDAY,1,2025-11-28,2025-12-01,1,RESIDUAL_REVERTED,215.11000061035156,213.74000549316406,-0.006368811832552113,-116.43877078515122,18282.65206235364
INTU,1,2025-11-28,2025-12-01,1,RESIDUAL_REVERTED,623.27783203125,623.258056640625,-3.172805065210227e-05,-0.580072910688532,18282.65206235364
HOOD,-1,2025-11-28,2025-12-01,1,RESIDUAL_REVERTED,128.0749969482422,123.44999694824219,0.036111654188592746,660.2168089260776,18282.65206235364
DE,1,2025-11-28,2025-12-02,2,RESIDUAL_REVERTED,462.7441101074219,467.5111999511719,0.010301783944139942,188.34393147225316,18282.65206235364
INTC,-1,2025-12-01,2025-12-02,1,RESIDUAL_REVERTED,39.86000061035156,40.470001220703125,-0.015303577546688318,-279.8101225832964,18283.96802836768
WRB,1,2025-12-02,2025-12-03,1,RESIDUAL_REVERTED,70.57089233398438,71.1448745727539,0.008133413363304198,148.8798845726769,18304.723726988126
SRE,1,2025-12-02,2025-12-03,1,RESIDUAL_REVERTED,88.95826721191406,88.41466522216797,-0.006110752904518013,-111.85564368109256,18304.723726988126
AEE,1,2025-12-02,2025-12-04,2,RESIDUAL_REVERTED,100.55091857910156,98.29505157470703,-0.022435071069190515,-410.6677777168763,18304.723726988126
PKG,1,2025-12-03,2025-12-04,1,RESIDUAL_REVERTED,188.48526000976562,193.0789031982422,0.024371365634843656,443.1133077865518,18181.71843243102
BA,-1,2025-12-03,2025-12-04,1,RESIDUAL_REVERTED,204.60000610351562,202.85000610351562,0.00855327442715037,155.51322730975988,18181.71843243102
BKNG,-1,2025-12-03,2025-12-04,1,RESIDUAL_REVERTED,201.87075805664062,200.7620849609375,0.005491994513598941,99.85389787871148,18181.71843243102
ACN,-1,2025-12-02,2025-12-04,2,TRAILING_STOP,252.59490966796875,271.66788260157693,-0.07550814447796772,-1382.155723806703,18304.723726988126
SNPS,-1,2025-12-02,2025-12-05,3,RESIDUAL_REVERTED,441.55999755859375,464.9800109863281,-0.05303925527046105,-970.8689144109869,18304.723726988126
NXPI,-1,2025-12-03,2025-12-05,2,RESIDUAL_REVERTED,214.05905151367188,224.8878173828125,-0.05058775040143071,-919.7722339289118,18181.71843243102
CVS,1,2025-12-04,2025-12-05,1,RESIDUAL_REVERTED,73.4042739868164,74.97750854492188,0.021432465341024054,386.0706088067983,18013.35509769001
COR,1,2025-12-04,2025-12-05,1,RESIDUAL_REVERTED,333.3213806152344,336.104736328125,0.008350366567404732,150.41811817453942,18013.35509769001
LLY,1,2025-12-01,2025-12-05,4,TRAILING_STOP,1069.2144775390625,1000.5088256294785,-0.06425806360920139,-1174.8923805954537,18283.96802836768
KR,1,2025-12-05,2025-12-08,1,RESIDUAL_REVERTED,61.932193756103516,61.430843353271484,-0.008095150073423985,-145.78013053241673,18008.329581313872
DG,-1,2025-12-05,2025-12-08,1,RESIDUAL_REVERTED,123.44041442871094,131.2201690673828,-0.0630243723230921,-1134.9636684496797,18008.329581313872
HRL,-1,2025-12-05,2025-12-08,1,RESIDUAL_REVERTED,23.30902862548828,23.347509384155273,-0.0016508949937499295,-29.729861151589667,18008.329581313872
TDY,-1,2025-12-05,2025-12-09,2,RESIDUAL_REVERTED,518.239990234375,513.989990234375,0.00820083374514946,147.68331692421242,18008.329581313872
WRB,1,2025-12-08,2025-12-09,1,RESIDUAL_REVERTED,65.40504455566406,64.88941955566406,-0.00788356622188624,-140.4647122226383,17817.407537299758
PSKY,1,2025-12-08,2025-12-09,1,RESIDUAL_REVERTED,13.823589324951172,14.157398223876953,0.02414777313467109,430.2507150586924,17817.407537299758
LDOS,1,2025-12-08,2025-12-09,1,RESIDUAL_REVERTED,185.1854705810547,183.48516845703125,-0.009181617319589996,-163.592617634665,17817.407537299758
ULTA,-1,2025-12-08,2025-12-09,1,RESIDUAL_REVERTED,611.8400268554688,591.760009765625,0.032819064148261634,584.7506409223611,17817.407537299758
ADBE,-1,2025-12-08,2025-12-09,1,RESIDUAL_REVERTED,347.45001220703125,341.3999938964844,0.017412629437301375,310.2479149803812,17817.407537299758
WY,-1,2025-12-09,2025-12-10,1,RESIDUAL_REVERTED,21.64278221130371,21.652523040771484,-0.00045007288677911816,-8.076313097040492,17944.455963204702
AMT,-1,2025-12-09,2025-12-10,1,RESIDUAL_REVERTED,177.94110107421875,174.6484375,0.018504232885719785,332.0483921506833,17944.455963204702
MAR,1,2025-12-05,2025-12-11,4,RESIDUAL_REVERTED,293.4539489746094,285.47149658203125,-0.027201720816743213,-489.85755364679767,18008.329581313872
APD,1,2025-12-09,2025-12-11,2,RESIDUAL_REVERTED,231.89263916015625,234.3340606689453,0.01052824064459812,188.9235506170113,17944.455963204702
JPM,1,2025-12-10,2025-12-11,1,RESIDUAL_REVERTED,296.29266357421875,304.9102783203125,0.029084806360502702,520.1505393680344,17883.92650515974
KEY,-1,2025-12-10,2025-12-11,1,RESIDUAL_REVERTED,19.49163055419922,19.889814376831055,-0.020428451151104587,-365.3409190005999,17883.92650515974
AZO,1,2025-12-10,2025-12-12,2,RESIDUAL_REVERTED,3473.489990234375,3484.780029296875,0.0032503444933602577,58.1289220357041,17883.92650515974
CPB,1,2025-12-10,2025-12-12,2,RESIDUAL_REVERTED,27.12904167175293,27.129039764404297,-7.030652449113717e-08,-0.0012573567168962074,17883.92650515974
KKR,-1,2025-12-10,2025-12-12,2,RESIDUAL_REVERTED,135.7270050048828,142.5780029296875,-0.05047630664625813,-902.714558313588,17883.926505159743
APO,-1,2025-12-10,2025-12-12,2,RESIDUAL_REVERTED,141.3421630859375,149.9735870361328,-0.06106758069739815,-1092.1281250401819,17883.92650515974
GEV,-1,2025-12-11,2025-12-12,1,RESIDUAL_REVERTED,709.8345947265625,696.5592041015625,0.01870209021034519,332.26546869347646,17766.221045692597
LKQ,-1,2025-12-11,2025-12-15,2,RESIDUAL_REVERTED,29.546329498291016,30.126808166503906,-0.019646388504753753,-349.0420809250088,17766.221045692597
ORCL,1,2025-12-12,2025-12-15,1,RESIDUAL_REVERTED,194.49398803710938,186.49118041992188,-0.04114681228943984,-731.5981788498784,17780.190934441838
WELL,1,2025-12-12,2025-12-15,1,RESIDUAL_REVERTED,184.14573669433594,186.0155792236328,0.01015414509650392,180.5426385918643,17780.190934441838
BIIB,1,2025-12-12,2025-12-15,1,RESIDUAL_REVERTED,173.49000549316406,173.6699981689453,0.001037481526786621,18.446619637220603,17780.190934441838
V,-1,2025-12-12,2025-12-16,2,RESIDUAL_REVERTED,345.9227600097656,343.9347229003906,0.005747054947523145,102.1837342776909,17780.190934441838
TEL,1,2025-12-15,2025-12-16,1,RESIDUAL_REVERTED,227.98104858398438,228.07997131347656,0.00043390768709339333,7.697127834633168,17739.09074115499
LULU,-1,2025-12-15,2025-12-16,1,RESIDUAL_REVERTED,203.22999572753906,208.80999755859375,-0.027456585879849893,-487.0548683649707,17739.09074115499
LIN,-1,2025-12-15,2025-12-16,1,RESIDUAL_REVERTED,413.35986328125,414.4491271972656,-0.002635146788004583,-46.745107988677496,17739.09074115499
GE,-1,2025-12-15,2025-12-16,1,RESIDUAL_REVERTED,298.848876953125,296.51788330078125,0.007799907686149243,138.36327021723372,17739.09074115499
AVGO,1,2025-12-15,2025-12-17,2,RESIDUAL_REVERTED,359.2190856933594,344.0518493652344,-0.042222801995193016,-748.9941159385496,17739.09074115499
NOW,1,2025-12-16,2025-12-17,1,RESIDUAL_REVERTED,154.8939971923828,157.0,0.01359641332647299,239.1725048813152,17590.852759354726
CSGP,1,2025-12-16,2025-12-17,1,RESIDUAL_REVERTED,64.0,63.619998931884766,-0.005937516689300537,-104.44598183769709,17590.852759354726
CBOE,1,2025-12-16,2025-12-17,1,RESIDUAL_REVERTED,246.3466339111328,247.5279541015625,0.004795357548322832,84.35442856100832,17590.852759354726
CMCSA,-1,2025-12-16,2025-12-17,1,TRAILING_STOP,25.484663009643555,26.970823927184664,-0.05831589442555063,-1025.8263123699367,17590.852759354726
PSX,1,2025-12-17,2025-12-18,1,RESIDUAL_REVERTED,129.32315063476562,129.53863525390625,0.001666249376719886,29.17349075240206,17508.478118583043
BF-B,1,2025-12-18,2025-12-19,1,RESIDUAL_REVERTED,28.22665786743164,27.953937530517578,-0.009661800493523276,-169.44421814004113,17537.540570582853
GEV,1,2025-12-18,2025-12-19,1,RESIDUAL_REVERTED,648.0990600585938,645.583740234375,-0.0038810730939670135,-68.06447684284483,17537.540570582853
NRG,1,2025-12-18,2025-12-19,1,RESIDUAL_REVERTED,152.7978515625,153.36233520507812,0.0036943166203304845,64.78922760962337,17537.540570582853
PWR,1,2025-12-18,2025-12-19,1,RESIDUAL_REVERTED,426.7396545410156,421.95257568359375,-0.01121779709591475,-196.7325716821717,17537.540570582853
MAA,-1,2025-12-18,2025-12-19,1,RESIDUAL_REVERTED,132.77252197265625,131.314453125,0.010981706350027265,192.59212064783,17537.540570582853
OXY,-1,2025-12-18,2025-12-19,1,RESIDUAL_REVERTED,39.97946548461914,39.20038604736328,0.01948698982870556,341.75387471945965,17537.540570582853
DVN,-1,2025-12-18,2025-12-19,1,RESIDUAL_REVERTED,36.30281066894531,35.11528396606445,0.03271170140819735,573.6827905790528,17537.540570582853
CPT,-1,2025-12-18,2025-12-19,1,RESIDUAL_REVERTED,106.01673889160156,105.54624938964844,0.004437879403498601,77.8294900862103,17537.540570582853
TPL,-1,2025-12-18,2025-12-19,1,RESIDUAL_REVERTED,295.6195373535156,298.6598815917969,-0.010284652582503329,-180.36751192000042,17537.540570582853
FDS,1,2025-12-19,2025-12-22,1,RESIDUAL_REVERTED,273.7527770996094,284.5924377441406,0.03959653216809955,696.4793586889944,17589.40292377688
LW,1,2025-12-22,2025-12-23,1,RESIDUAL_REVERTED,42.43743896484375,41.50067138671875,-0.022074083662330324,-390.1426529507344,17674.240023676106
LOW,1,2025-12-22,2025-12-23,1,RESIDUAL_REVERTED,236.89613342285156,237.80206298828125,0.0038241635789497685,67.58918498415798,17674.240023676106
AXON,-1,2025-12-22,2025-12-23,1,RESIDUAL_REVERTED,603.9500122070312,597.260009765625,0.011077079735388629,195.7789660046581,17674.240023676106
NKE,1,2025-12-22,2025-12-24,2,RESIDUAL_REVERTED,57.471656799316406,57.3644905090332,-0.0018646807183132497,-32.95681458298954,17674.240023676106
CCL,-1,2025-12-22,2025-12-24,2,RESIDUAL_REVERTED,30.755765914916992,30.982128143310547,-0.007359993212972427,-130.0822866187,17674.240023676106
ORCL,-1,2025-12-22,2025-12-24,2,RESIDUAL_REVERTED,194.93971252441406,193.1370849609375,0.009247102810058805,163.4355145885889,17674.240023676106
D,1,2025-12-23,2025-12-24,1,RESIDUAL_REVERTED,55.27164840698242,56.37726974487305,0.020003408071885165,351.0073687192578,17547.37829963092
STZ,-1,2025-12-23,2025-12-24,1,RESIDUAL_REVERTED,138.3263397216797,136.33851623535156,0.014370534854950545,252.1652114678486,17547.37829963092
BLK,-1,2025-12-23,2025-12-24,1,RESIDUAL_REVERTED,1068.010009765625,1072.2108154296875,-0.0039333017721288055,-69.0191341621539,17547.37829963092
DLTR,1,2025-12-23,2025-12-26,2,RESIDUAL_REVERTED,122.48999786376953,122.0,-0.004000309186995787,-70.19493861970403,17547.37829963092
BF-B,1,2025-12-24,2025-12-26,1,RESIDUAL_REVERTED,25.947484970092773,26.08384895324707,0.005255383452826834,92.59372510813016,17618.833323822597
NEM,1,2025-12-30,2025-12-31,1,RESIDUAL_REVERTED,101.5545425415039,100.0740966796875,-0.014577839895358435,-258.27934231703114,17717.25743806994
C,1,2025-12-30,2026-01-02,2,RESIDUAL_REVERTED,116.53012084960938,115.46619415283203,-0.009130057439401651,-161.75957807824383,17717.25743806994
AES,-1,2025-12-31,2026-01-02,1,RESIDUAL_REVERTED,14.016944885253906,13.997652053833008,0.0013763934708194148,24.355302293382557,17695.014405207687
BG,-1,2026-01-05,2026-01-06,1,RESIDUAL_REVERTED,90.71150970458984,92.24366760253906,-0.016890446459758346,-298.5840608748193,17677.689076259754
HUBB,-1,2026-01-05,2026-01-06,1,RESIDUAL_REVERTED,461.71551513671875,459.277099609375,0.005281207686126166,93.3595474224919,17677.689076259754
GDDY,1,2026-01-05,2026-01-07,2,RESIDUAL_REVERTED,117.69999694824219,120.30000305175781,0.022090111902542953,390.5021298729378,17677.689076259754
ADSK,1,2026-01-05,2026-01-07,2,RESIDUAL_REVERTED,288.0400085449219,294.7300109863281,0.0232259486284625,410.5810983551414,17677.689076259754
INTU,1,2026-01-05,2026-01-07,2,RESIDUAL_REVERTED,623.6047973632812,643.9537353515625,0.03263114407445289,576.8432191508145,17677.689076259754
ADBE,1,2026-01-05,2026-01-07,2,RESIDUAL_REVERTED,330.1099853515625,336.239990234375,0.018569583335336315,328.26732047777045,17677.689076259754
URI,-1,2026-01-05,2026-01-07,2,RESIDUAL_REVERTED,854.8235473632812,890.825439453125,-0.0421161679517279,-744.5165221341807,17677.689076259754
HAL,-1,2026-01-05,2026-01-07,2,RESIDUAL_REVERTED,31.56432342529297,30.61739730834961,0.029999886396569253,530.3286640416662,17677.689076259754
GEN,1,2026-01-05,2026-01-08,3,RESIDUAL_REVERTED,25.60138511657715,25.522579193115234,-0.003078189836333789,-54.41528284441103,17677.689076259754
WSM,-1,2026-01-05,2026-01-08,3,RESIDUAL_REVERTED,185.56919860839844,187.91453552246094,-0.012638610996061894,-223.42143554417993,17677.689076259754
TXN,-1,2026-01-07,2026-01-08,1,RESIDUAL_REVERTED,185.3521728515625,179.8054656982422,0.0299252340449353,530.4560863636324,17726.046371671047
NXPI,-1,2026-01-07,2026-01-08,1,RESIDUAL_REVERTED,238.47686767578125,233.24559020996094,0.02193620503659266,388.8421876971253,17726.046371671047
SWKS,1,2026-01-08,2026-01-09,1,RESIDUAL_REVERTED,57.70888137817383,59.82484817504883,0.0366662244414131,653.2607374126162,17816.41680769251
INVH,1,2026-01-08,2026-01-09,1,RESIDUAL_REVERTED,25.40448760986328,25.723617553710938,0.012561951602745758,223.808965672579,17816.41680769251
UNP,1,2026-01-08,2026-01-09,1,RESIDUAL_REVERTED,221.14244079589844,227.17117309570312,0.027261760691919212,485.70689139879977,17816.41680769251
ABBV,-1,2026-01-08,2026-01-09,1,RESIDUAL_REVERTED,225.7915496826172,218.58200073242188,0.03193010969776944,568.880143090804,17816.41680769251
DOC,-1,2026-01-08,2026-01-09,1,RESIDUAL_REVERTED,16.077905654907227,16.27792739868164,-0.012440783524150456,-221.65018468053688,17816.41680769251
AOS,-1,2026-01-09,2026-01-12,1,RESIDUAL_REVERTED,69.79891967773438,68.70722961425781,0.015640500863293605,282.3140031680099,18050.189417563222
F,-1,2026-01-09,2026-01-12,1,RESIDUAL_REVERTED,13.869324684143066,13.676021575927734,0.013937456409563898,251.5737281916583,18050.189417563222
CSGP,1,2026-01-08,2026-01-13,3,RESIDUAL_REVERTED,60.61000061035156,58.90999984741211,-0.02804818917373697,-499.7182290203062,17816.41680769251
ADSK,1,2026-01-09,2026-01-13,2,RESIDUAL_REVERTED,276.79998779296875,277.5,0.0025289459461783625,45.647953355298185,18050.189417563222
MDLZ,-1,2026-01-09,2026-01-13,2,RESIDUAL_REVERTED,53.08163070678711,54.271270751953125,-0.022411520319286282,-404.5321868986863,18050.189417563222
LVS,1,2026-01-12,2026-01-13,1,RESIDUAL_REVERTED,57.68914031982422,59.43848419189453,0.030323625250299857,544.8442054479815,17967.647369029335
FOXA,1,2026-01-12,2026-01-13,1,RESIDUAL_REVERTED,72.62135314941406,73.00774383544922,0.005320620854312397,95.59903929458838,17967.647369029335
WY,-1,2026-01-12,2026-01-13,1,RESIDUAL_REVERTED,24.993417739868164,24.983678817749023,0.00038965947836755443,7.001264101309006,17967.647369029335
BLDR,-1,2026-01-12,2026-01-13,1,RESIDUAL_REVERTED,123.37999725341797,124.55999755859375,-0.00956395146250566,-171.84170733281556,17967.647369029335
HAS,1,2026-01-12,2026-01-14,2,RESIDUAL_REVERTED,84.43834686279297,84.72189331054688,0.0033580293585644405,60.3358873695336,17967.647369029335
DXCM,-1,2026-01-13,2026-01-14,1,RESIDUAL_REVERTED,70.88999938964844,70.05000305175781,0.0118492924971485,214.16818659584578,18074.3438181971
IBM,-1,2026-01-13,2026-01-14,1,RESIDUAL_REVERTED,305.379150390625,297.44085693359375,0.025994877013957862,469.8403446620238,18074.3438181971
VTRS,-1,2026-01-14,2026-01-15,1,RESIDUAL_REVERTED,13.062082290649414,12.76899242401123,0.022438219275956794,406.860734070714,18132.487657194662
SOLV,1,2026-01-14,2026-01-16,2,RESIDUAL_REVERTED,79.43000030517578,80.08000183105469,0.008183325234565775,148.3840438105722,18132.487657194662
DVA,1,2026-01-14,2026-01-16,2,RESIDUAL_REVERTED,104.0,104.94000244140625,0.009038485013521669,163.89021794741998,18132.487657194662
MRNA,-1,2026-01-14,2026-01-16,2,RESIDUAL_REVERTED,39.72999954223633,41.599998474121094,-0.04706768068035849,-853.4541389893787,18132.487657194662
ICE,-1,2026-01-15,2026-01-16,1,RESIDUAL_REVERTED,172.00750732421875,171.4433135986328,0.003280052913751552,59.40646925288284,18111.436252696803
PGR,1,2026-01-14,2026-01-20,3,RESIDUAL_REVERTED,204.0537567138672,200.4472198486328,-0.017674444829220204,-320.4816527136041,18132.487657194662
RVTY,-1,2026-01-14,2026-01-20,3,RESIDUAL_REVERTED,109.89820861816406,110.98350524902344,-0.009875471534119162,-179.06686570139402,18132.487657194662
ALL,1,2026-01-14,2026-01-21,4,RESIDUAL_REVERTED,194.3404541015625,191.6102294921875,-0.014048668466876135,-254.73730757565045,18132.487657194662
BLK,-1,2026-01-16,2026-01-21,2,RESIDUAL_REVERTED,1140.7652587890625,1101.9033203125,0.0340665515338493,616.509714085516,18097.215195759934
AMCR,1,2026-01-20,2026-01-21,1,RESIDUAL_REVERTED,40.26612091064453,39.787559509277344,-0.011884964097464867,-213.2952112710067,17946.643298359206
SMCI,-1,2026-01-20,2026-01-21,1,RESIDUAL_REVERTED,31.209999084472656,31.65999984741211,-0.014418480491507957,-258.7633262854459,17946.643298359206
LH,-1,2026-01-15,2026-01-22,4,RESIDUAL_REVERTED,261.68841552734375,263.6537780761719,-0.007510315444677174,-136.02259941391608,18111.436252696803
MNST,-1,2026-01-21,2026-01-22,1,RESIDUAL_REVERTED,40.65999984741211,40.79999923706055,-0.0034431724095873584,-61.71589440504755,17924.137122265958
WFC,1,2026-01-15,2026-01-23,5,RESIDUAL_REVERTED,87.89305114746094,86.08287048339844,-0.020595264818210723,-373.00982586243316,18111.436252696803
STT,1,2026-01-20,2026-01-23,3,RESIDUAL_REVERTED,125.73981475830078,126.16484832763672,0.003380262410541457,60.664363736840436,17946.643298359206
PNC,-1,2026-01-20,2026-01-23,3,RESIDUAL_REVERTED,216.38926696777344,218.0137481689453,-0.007507217081214046,-134.72934711989947,17946.643298359206
MMM,1,2026-01-21,2026-01-23,2,RESIDUAL_REVERTED,154.93508911132812,157.65673828125,0.01756638335145788,314.8622639338206,17924.137122265958
KHC,1,2026-01-22,2026-01-23,1,RESIDUAL_REVERTED,21.19296646118164,21.563772201538086,0.017496641682307024,312.98586314711474,17888.339307057584
TDY,-1,2026-01-22,2026-01-23,1,RESIDUAL_REVERTED,628.8699951171875,625.0,0.0061538873650131,110.08282524276858,17888.339307057584
CFG,-1,2026-01-22,2026-01-23,1,RESIDUAL_REVERTED,63.0551872253418,62.5751953125,0.007612251013170979,136.17052901409622,17888.339307057584
SRE,1,2026-01-22,2026-01-26,2,RESIDUAL_REVERTED,84.57139587402344,84.3073959350586,-0.0031216221068184336,-55.84063543517986,17888.339307057584
NTRS,-1,2026-01-23,2026-01-26,1,RESIDUAL_REVERTED,149.383056640625,146.48660278320312,0.019389440292348237,350.9338903084873,18099.22746697222
COF,1,2026-01-26,2026-01-27,1,RESIDUAL_REVERTED,215.35137939453125,217.46664428710938,0.009822388407844329,177.49698845224273,18070.654619042652
GS,1,2026-01-26,2026-01-27,1,RESIDUAL_REVERTED,905.1600952148438,910.66943359375,0.006086589994445779,109.98866559735028,18070.654619042652
INTC,1,2026-01-26,2026-01-28,2,RESIDUAL_REVERTED,44.279998779296875,46.599998474121094,0.05239385182433498,946.791200478857,18070.654619042652
LYV,-1,2026-01-26,2026-01-28,2,RESIDUAL_REVERTED,147.02999877929688,147.0800018310547,-0.0003400874119088293,-6.145602160888928,18070.654619042652
FTNT,-1,2026-01-26,2026-01-28,2,RESIDUAL_REVERTED,81.6500015258789,82.18000030517578,-0.006491105565122224,-117.29852676307034,18070.654619042652
DRI,1,2026-01-27,2026-01-28,1,RESIDUAL_REVERTED,192.49911499023438,197.80503845214844,0.027563365484476243,493.6065119254795,17908.063955523816
META,-1,2026-01-23,2026-01-29,4,RESIDUAL_REVERTED,643.1144409179688,735.5364379882812,-0.14371003228972934,-2601.0405636977334,18099.22746697222
CSX,-1,2026-01-26,2026-01-29,3,RESIDUAL_REVERTED,36.32854080200195,37.16094207763672,-0.022913149200556315,-414.05560543784503,18070.654619042652
AAPL,-1,2026-01-27,2026-01-29,2,RESIDUAL_REVERTED,258.46649169921875,257.2996520996094,0.004514471457937597,80.84544359413243,17908.063955523816
UNH,1,2026-01-28,2026-01-29,1,RESIDUAL_REVERTED,278.2193298339844,288.62359619140625,0.037395914811634956,672.8304716735984,17992.08483233199
ELV,1,2026-01-28,2026-01-29,1,RESIDUAL_REVERTED,310.90350341796875,337.0601501464844,0.08413107745959181,1513.6934826884717,17992.084832331995
URI,1,2026-01-26,2026-01-29,3,TRAILING_STOP,916.4503173828125,810.5404573991063,-0.11556530449589697,-2088.3407034898514,18070.654619042652
TXT,1,2026-01-29,2026-01-30,1,RESIDUAL_REVERTED,86.77059173583984,87.76990509033203,0.011516728588580438,211.5683523870481,18370.52516778346
APH,1,2026-01-29,2026-01-30,1,RESIDUAL_REVERTED,73.75791931152344,73.60370635986328,-0.002090798562373042,-38.409067610838505,18370.52516778346
MSCI,-1,2026-01-29,2026-01-30,1,RESIDUAL_REVERTED,609.4522705078125,598.8507080078125,0.017395230132076556,319.5595129406984,18370.52516778346
TXN,-1,2026-01-29,2026-02-02,2,RESIDUAL_REVERTED,212.8201141357422,213.25897216796875,-0.00206210786987282,-37.882004522184424,18370.52516778346
LVS,1,2026-01-30,2026-02-02,1,RESIDUAL_REVERTED,51.30107879638672,52.637657165527344,0.026053611356702477,469.7786366756816,18031.22915452676
LUV,-1,2026-01-30,2026-02-02,1,RESIDUAL_REVERTED,47.89675521850586,48.12370300292969,-0.0047382705443925754,-85.43684198208696,18031.22915452676
RCL,-1,2026-01-30,2026-02-02,1,RESIDUAL_REVERTED,332.0462341308594,321.6581726074219,0.031284985208847704,564.1067373967122,18031.22915452676
META,-1,2026-01-30,2026-02-02,1,RESIDUAL_REVERTED,725.6318969726562,712.7649536132812,0.01773205314299997,319.7307136016785,18031.22915452676
TTWO,1,2026-02-02,2026-02-03,1,RESIDUAL_REVERTED,225.50999450683594,220.97999572753906,-0.020087796060673346,-364.38864324812283,18139.802004536552
VZ,-1,2026-02-02,2026-02-03,1,RESIDUAL_REVERTED,43.18326950073242,43.241390228271484,-0.0013459084550806466,-24.414512891394825,18139.802004536552
TYL,1,2026-01-30,2026-02-03,2,TRAILING_STOP,380.6700134277344,333.39515839721923,-0.12418854483658903,-2239.2721103157583,18031.22915452676
URI,1,2026-01-30,2026-02-04,3,RESIDUAL_REVERTED,775.42431640625,787.9783325195312,0.016189866435274647,291.92319167561647,18031.22915452676
DIS,1,2026-02-03,2026-02-04,1,RESIDUAL_REVERTED,103.98323059082031,103.40764617919922,-0.005535358041394711,-99.9672170278592,18059.756257911686
JBHT,-1,2026-02-03,2026-02-04,1,TRAILING_STOP,210.86752319335938,226.79886099537185,-0.07555140573925123,-1364.4399725934686,18059.756257911686
ODFL,-1,2026-02-03,2026-02-04,1,TRAILING_STOP,184.2220001220703,207.48174894511993,-0.1262593436594821,-2280.2129717741527,18059.756257911686
KLAC,1,2026-02-02,2026-02-06,4,RESIDUAL_REVERTED,139.4854278564453,137.20689392089844,-0.016335282979465626,-296.31879893558283,18139.802004536552
HAS,-1,2026-02-03,2026-02-06,3,RESIDUAL_REVERTED,91.83989715576172,94.35270690917969,-0.02736076401693066,-494.1287291760066,18059.756257911686
COR,1,2026-02-05,2026-02-06,1,RESIDUAL_REVERTED,334.0867614746094,352.487060546875,0.0550764088677127,949.7738604579947,17244.65846600933
BSX,1,2026-02-05,2026-02-06,1,RESIDUAL_REVERTED,77.3499984741211,77.23999786376953,-0.0014221152232907208,-24.523891324961266,17244.65846600933
AAPL,-1,2026-02-03,2026-02-09,4,RESIDUAL_REVERTED,268.4692687988281,277.4149475097656,-0.03332105291217058,-601.7700938507792,18059.756257911686
PYPL,1,2026-02-04,2026-02-09,3,RESIDUAL_REVERTED,41.23630142211914,39.858455657958984,-0.03341341770823991,-592.3449492298162,17727.756986790973
IQV,1,2026-02-04,2026-02-09,3,RESIDUAL_REVERTED,201.25,187.25999450683594,-0.06951555524553577,-1232.3548701946997,17727.756986790973
DVA,-1,2026-02-04,2026-02-09,3,RESIDUAL_REVERTED,136.05999755859375,140.0,-0.028957831192885974,-513.3573942519997,17727.756986790973
FTV,-1,2026-02-05,2026-02-09,2,RESIDUAL_REVERTED,60.5302848815918,59.942230224609375,0.009715048560117734,167.53269439992525,17244.65846600933
NWSA,1,2026-02-09,2026-02-10,1,RESIDUAL_REVERTED,22.28160285949707,22.69845199584961,0.01870822036372788,322.1162916236102,17217.901294777403
J,-1,2026-02-05,2026-02-11,4,RESIDUAL_REVERTED,141.40774536132812,150.17567443847656,-0.06200458860824365,-1069.247953874576,17244.65846600933
VRSN,1,2026-02-09,2026-02-11,2,RESIDUAL_REVERTED,220.7869110107422,218.09207153320312,-0.01220561248491736,-210.1550310076106,17217.901294777403
GEN,-1,2026-02-09,2026-02-12,3,RESIDUAL_REVERTED,23.788896560668945,24.330673217773438,-0.022774350030183133,-392.1265108724025,17217.901294777403
WAT,1,2026-02-10,2026-02-12,2,RESIDUAL_REVERTED,327.82000732421875,328.69000244140625,0.0026538804763280854,45.38045233841105,17099.659439523133
ORCL,-1,2026-02-10,2026-02-12,2,RESIDUAL_REVERTED,158.89036560058594,156.834716796875,0.012937529572298767,221.22734967506767,17099.659439523133
RJF,1,2026-02-11,2026-02-12,1,RESIDUAL_REVERTED,161.5968780517578,157.26856994628906,-0.026784602262442503,-454.8402934399809,16981.409280725475
CBRE,1,2026-02-12,2026-02-12,0,STOP_LOSS,151.94000244140625,129.1490020751953,-0.15000000000000002,-2531.635436390244,16877.569575934962
MOH,1,2026-02-09,2026-02-13,4,RESIDUAL_REVERTED,132.0,128.3800048828125,-0.027424205433238646,-472.18726223720097,17217.901294777403
WTW,1,2026-02-10,2026-02-13,3,RESIDUAL_REVERTED,287.8815612792969,281.0392761230469,-0.02376770893503577,-406.4197284468232,17099.659439523133
VTRS,-1,2026-02-10,2026-02-13,3,RESIDUAL_REVERTED,15.17233657836914,15.524046897888184,-0.02318102539462963,-396.3876397071039,17099.659439523133
EXPD,1,2026-02-13,2026-02-17,1,RESIDUAL_REVERTED,139.79957580566406,145.53004455566406,0.04099060184535852,684.4147436222873,16696.86983870876
CHRW,1,2026-02-13,2026-02-17,1,RESIDUAL_REVERTED,169.9862060546875,177.205322265625,0.042468835433711494,709.0966174382238,16696.86983870876
EQIX,-1,2026-02-13,2026-02-17,1,RESIDUAL_REVERTED,942.4072875976562,938.1915283203125,0.004473394181925716,74.69168039285073,16696.86983870876
LYV,-1,2026-02-10,2026-02-18,5,RESIDUAL_REVERTED,148.5,159.92999267578125,-0.07696964764835856,-1316.1547619670243,17099.659439523133
ROL,1,2026-02-13,2026-02-18,2,RESIDUAL_REVERTED,57.61553955078125,59.207462310791016,0.027630093763274965,461.3360791967215,16696.86983870876
MSI,-1,2026-02-13,2026-02-18,2,RESIDUAL_REVERTED,449.7207946777344,452.0813903808594,-0.005249025019660403,-87.64228753339594,16696.86983870876
STZ,1,2026-02-17,2026-02-18,1,RESIDUAL_REVERTED,147.99853515625,148.15621948242188,0.0010654451816392019,17.768153888350966,16676.741511013945
GNRC,-1,2026-02-12,2026-02-19,4,RESIDUAL_REVERTED,218.74000549316406,227.5800018310547,-0.04041325827875086,-682.0775783898475,16877.569575934962
NVR,1,2026-02-17,2026-02-19,2,RESIDUAL_REVERTED,7453.3798828125,7515.0,0.008267405949560658,137.87339198744237,16676.741511013945
COIN,-1,2026-02-17,2026-02-19,2,RESIDUAL_REVERTED,162.47999572753906,162.4199981689453,0.000369261202433524,6.158073623030595,16676.741511013945
FISV,-1,2026-02-18,2026-02-19,1,RESIDUAL_REVERTED,63.40999984741211,62.939998626708984,0.00741209938233911,123.83912572950773,16707.69903930065
NI,1,2026-02-19,2026-02-20,1,RESIDUAL_REVERTED,44.71827697753906,45.438907623291016,0.01611490188036324,269.4547843595949,16720.84548575107
PANW,1,2026-02-19,2026-02-20,1,RESIDUAL_REVERTED,152.47999572753906,150.36000061035156,-0.013903431116142229,-232.47712341479766,16720.84548575107
GPN,-1,2026-02-19,2026-02-20,1,RESIDUAL_REVERTED,80.02123260498047,79.54596710205078,0.005939242466756367,99.3091555890439,16720.84548575107
ALLE,1,2026-02-18,2026-02-23,3,RESIDUAL_REVERTED,160.4542236328125,160.36526489257812,-0.0005544181899377332,-9.263052259394183,16707.69903930065
POOL,1,2026-02-20,2026-02-23,1,RESIDUAL_REVERTED,213.7186737060547,216.4732208251953,0.012888659055264373,215.77642457121019,16741.57285455363
DE,-1,2026-02-20,2026-02-23,1,RESIDUAL_REVERTED,660.6006469726562,648.596923828125,0.01817092247720442,304.20982248656463,16741.57285455363
OXY,-1,2026-02-20,2026-02-23,1,RESIDUAL_REVERTED,50.709022521972656,51.527549743652344,-0.016141648585811685,-270.2365857919671,16741.57285455363
OMC,-1,2026-02-20,2026-02-24,2,RESIDUAL_REVERTED,79.28077697753906,78.31110382080078,0.012230873532092179,204.764060312352,16741.57285455363
AKAM,1,2026-02-23,2026-02-24,1,RESIDUAL_REVERTED,93.75,98.66000366210938,0.052373372395833284,872.3874083390657,16657.07913070097
PFG,-1,2026-02-23,2026-02-24,1,RESIDUAL_REVERTED,92.98601531982422,90.44888305664062,0.027285095016246874,454.48998677431933,16657.07913070097
GPC,1,2026-02-18,2026-02-25,5,RESIDUAL_REVERTED,119.7747802734375,114.94062042236328,-0.04036041510606969,-674.3296686934551,16707.69903930065
IBM,1,2026-02-24,2026-02-25,1,RESIDUAL_REVERTED,224.5250244140625,229.86709594726562,0.0237927667401181,397.030423140444,16687.022046536156
EW,-1,2026-02-24,2026-02-25,1,RESIDUAL_REVERTED,82.33000183105469,82.63999938964844,-0.0037653048912822396,-62.831725732757974,16687.022046536156
GRMN,-1,2026-02-19,2026-02-26,5,RESIDUAL_REVERTED,239.5316925048828,247.6230926513672,-0.03378008171640756,-564.8315268760974,16720.84548575107
CRWD,1,2026-02-23,2026-02-26,3,RESIDUAL_REVERTED,96.23999786376953,91.81199645996094,-0.046009990670163536,-766.3920553957273,16657.07913070097
AXP,1,2026-02-24,2026-02-26,2,RESIDUAL_REVERTED,318.60784912109375,327.9029541015625,0.02917412425999566,486.82925471493354,16687.022046536156
DPZ,-1,2026-02-24,2026-02-26,2,RESIDUAL_REVERTED,395.81597900390625,400.27783203125,-0.011272543969983895,-188.10518974766924,16687.022046536156
EXPD,1,2026-02-25,2026-02-26,1,RESIDUAL_REVERTED,137.9988555908203,141.8589630126953,0.027972024879109103,465.8106459905499,16652.73243548563
KEYS,-1,2026-02-25,2026-02-26,1,RESIDUAL_REVERTED,301.4800109863281,303.989990234375,-0.008325524600570233,-138.64273355835033,16652.73243548563
GDDY,-1,2026-02-25,2026-02-26,1,RESIDUAL_REVERTED,76.88500213623047,80.97000122070312,-0.0531312866095075,-884.7810998612285,16652.73243548563
BF-B,1,2026-02-26,2026-02-27,1,RESIDUAL_REVERTED,27.389013290405273,27.856536865234375,0.01706974872997269,286.4861627266973,16783.267712878336
PSKY,-1,2026-02-27,2026-02-27,0,STOP_LOSS,11.048023223876953,12.705226707458495,-0.1499999999999999,-2508.9763253052442,16726.508835368306
AXON,-1,2026-02-26,2026-03-02,2,RESIDUAL_REVERTED,528.0700073242188,548.1599731445312,-0.03804413343244062,-638.5048763011167,16783.267712878336
UHS,1,2026-02-27,2026-03-02,1,RESIDUAL_REVERTED,203.2822723388672,202.71170043945312,-0.002806796150246371,-46.94790060617332,16726.508835368306
SJM,-1,2026-02-27,2026-03-02,1,RESIDUAL_REVERTED,114.64118957519531,113.58296203613281,0.009230779469262096,154.3987143499493,16726.508835368306
EME,1,2026-02-27,2026-03-03,2,RESIDUAL_REVERTED,744.2448120117188,719.889404296875,-0.03272499495026415,-547.3749171729756,16726.508835368306
VTRS,1,2026-02-27,2026-03-03,2,RESIDUAL_REVERTED,14.810857772827148,14.703391075134277,-0.0072559401583097705,-121.3665471668723,16726.508835368306
ACN,-1,2026-02-27,2026-03-03,2,RESIDUAL_REVERTED,200.04771423339844,198.90133666992188,0.005730520680376605,95.85160479158037,16726.508835368306
GS,1,2026-03-02,2026-03-03,1,RESIDUAL_REVERTED,832.2382202148438,828.2752075195312,-0.00476187298186026,-78.04512524999302,16389.585683468777
PSKY,-1,2026-03-02,2026-03-03,1,RESIDUAL_REVERTED,13.896265029907227,12.664327621459961,0.08865241169450333,1452.9762975132123,16389.585683468777
LOW,1,2026-02-26,2026-03-04,4,RESIDUAL_REVERTED,260.4721984863281,255.2002410888672,-0.020240000384293078,-339.6933449583507,16783.267712878336
TKO,-1,2026-02-27,2026-03-04,3,RESIDUAL_REVERTED,215.66737365722656,216.8332977294922,-0.005406121716485135,-90.42554265586341,16726.508835368306
AES,1,2026-03-03,2026-03-04,1,RESIDUAL_REVERTED,13.851037979125977,13.841276168823242,-0.0007047710299723509,-11.669479112074667,16557.83029636298
RTX,-1,2026-03-03,2026-03-04,1,RESIDUAL_REVERTED,211.42404174804688,205.45880126953125,0.028214579710023613,467.17222272177685,16557.83029636298
AZO,1,2026-03-04,2026-03-05,1,RESIDUAL_REVERTED,3666.110107421875,3685.719970703125,0.0053489564433841785,88.72377024263858,16587.117726930912
TGT,-1,2026-03-04,2026-03-05,1,RESIDUAL_REVERTED,121.86441040039062,117.7452392578125,0.03380126428252861,560.6655499734061,16587.117726930912
MPC,-1,2026-03-03,2026-03-06,3,RESIDUAL_REVERTED,212.27638244628906,216.32977294921875,-0.0190948727136675,-316.1696619235582,16557.83029636298
ETN,1,2026-03-04,2026-03-06,2,RESIDUAL_REVERTED,354.9507751464844,343.4271545410156,-0.03246540481764848,-538.507491762806,16587.117726930912
BBY,-1,2026-03-04,2026-03-06,2,RESIDUAL_REVERTED,63.79802703857422,62.970733642578125,0.012967382133868943,215.09149406458437,16587.117726930912
BF-B,1,2026-03-05,2026-03-06,1,RESIDUAL_REVERTED,25.37282371520996,25.20724105834961,-0.006525984601433721,-108.00116296114123,16549.40511772195
MRNA,-1,2026-03-05,2026-03-06,1,RESIDUAL_REVERTED,56.95500183105469,52.21500015258789,0.08322362437151765,1377.301475089364,16549.40511772195
HUBB,1,2026-03-04,2026-03-09,3,RESIDUAL_REVERTED,488.90118408203125,460.0277099609375,-0.059057893621810464,-979.6002342095315,16587.117726930912
ROST,-1,2026-03-05,2026-03-09,2,RESIDUAL_REVERTED,210.22225952148438,208.72128295898438,0.007139950668956674,118.16193614111339,16549.40511772195
ROK,1,2026-03-05,2026-03-10,3,RESIDUAL_REVERTED,376.1175842285156,382.93548583984375,0.018127048288137937,299.99186570890447,16549.40511772195
TTD,-1,2026-03-06,2026-03-10,2,RESIDUAL_REVERTED,29.165000915527344,28.6299991607666,0.01834396495684354,305.1221534869503,16633.38074428232
BLK,1,2026-03-09,2026-03-10,1,RESIDUAL_REVERTED,919.4536743164062,954.6931762695312,0.03832656602229023,636.1084833502952,16597.064369929314
BA,-1,2026-03-09,2026-03-10,1,RESIDUAL_REVERTED,226.75,224.10000610351562,0.011686852906215517,193.96744996635488,16597.064369929314
PAYX,-1,2026-03-09,2026-03-10,1,RESIDUAL_REVERTED,97.24369812011719,95.56304931640625,0.017282855714053302,286.84466878234264,16597.064369929314
UPS,1,2026-03-06,2026-03-11,3,RESIDUAL_REVERTED,98.60903930664062,97.71849060058594,-0.009031106197935679,-150.21782793231242,16633.38074428232
T,1,2026-03-10,2026-03-11,1,RESIDUAL_REVERTED,27.002056121826172,27.021587371826172,0.0007233245465412264,12.060558630507085,16673.785907278198
VRTX,-1,2026-03-11,2026-03-12,1,RESIDUAL_REVERTED,497.8800048828125,489.9700012207031,0.015887369616241487,265.4982940595024,16711.280751477316
PH,-1,2026-03-11,2026-03-12,1,RESIDUAL_REVERTED,941.7304077148438,923.3790283203125,0.01948687144876393,325.65057974824236,16711.280751477316
BG,-1,2026-03-09,2026-03-12,3,TRAILING_STOP,115.2459945678711,123.7428344460882,-0.07372785414432004,-1223.66594109004,16597.064369929314
FICO,1,2026-03-11,2026-03-12,1,TRAILING_STOP,1287.010009765625,1105.0,-0.14142081909585968,-2363.3230120147946,16711.280751477316
ADM,-1,2026-03-11,2026-03-12,1,TRAILING_STOP,68.046630859375,72.63178863110768,-0.06738258329362923,-1126.0492671796444,16711.280751477316
LYV,-1,2026-03-10,2026-03-13,3,RESIDUAL_REVERTED,165.1300048828125,160.97999572753906,0.025131769106520485,419.0417375532702,16673.785907278198
IFF,1,2026-03-12,2026-03-13,1,RESIDUAL_REVERTED,67.47959899902344,69.8909912109375,0.035735129545582556,587.9292135898958,16452.415901835568
COO,1,2026-03-09,2026-03-13,4,TRAILING_STOP,75.2699966430664,69.9319704875696,-0.07091837908283638,-1177.0369026488843,16597.064369929314
CPB,1,2026-03-12,2026-03-16,2,RESIDUAL_REVERTED,21.904804229736328,21.083494186401367,-0.03749451648693636,-616.8753792813068,16452.415901835568
SLB,1,2026-03-13,2026-03-16,1,RESIDUAL_REVERTED,44.00970458984375,44.09877395629883,0.002023857403388174,32.80785438757537,16210.556303350488
CF,-1,2026-03-13,2026-03-16,1,RESIDUAL_REVERTED,130.88848876953125,122.79341888427734,0.061847072736149644,1002.575454786767,16210.556303350488
LYB,-1,2026-03-13,2026-03-16,1,RESIDUAL_REVERTED,71.37875366210938,70.03678894042969,0.01880061857107007,304.76848588414776,16210.556303350488
DOW,-1,2026-03-13,2026-03-16,1,RESIDUAL_REVERTED,36.89237976074219,35.610443115234375,0.0347480063314306,563.2845130648353,16210.556303350488
APD,-1,2026-03-13,2026-03-16,1,RESIDUAL_REVERTED,292.0927734375,286.6114196777344,0.018765797233728843,304.2040126346203,16210.556303350488
CNC,1,2026-03-11,2026-03-17,4,RESIDUAL_REVERTED,36.310001373291016,34.869998931884766,-0.03965856201992568,-662.7453641148542,16711.280751477316
PODD,1,2026-03-16,2026-03-17,1,RESIDUAL_REVERTED,222.8000030517578,226.82000732421875,0.01804310690034905,294.708388328084,16333.572147842482
ULTA,1,2026-03-16,2026-03-18,2,RESIDUAL_REVERTED,532.9199829101562,519.3099975585938,-0.025538515702191233,-417.13518877054827,16333.57214784248
DLTR,-1,2026-03-17,2026-03-18,1,RESIDUAL_REVERTED,115.19000244140625,110.97000122070312,0.03663513439762023,601.3901071390256,16415.6653722578
SYK,-1,2026-03-17,2026-03-18,1,RESIDUAL_REVERTED,348.6334228515625,343.5010681152344,0.014721350277748124,241.66075998730744,16415.6653722578
PSA,1,2026-03-17,2026-03-18,1,TRAILING_STOP,287.1587829589844,272.50519732647155,-0.05102955752046712,-837.68414035037,16415.6653722578
CF,1,2026-03-17,2026-03-19,2,RESIDUAL_REVERTED,122.44662475585938,127.48992919921875,0.04118777837621068,676.1247872505913,16415.6653722578
CMG,-1,2026-03-17,2026-03-19,2,RESIDUAL_REVERTED,34.400001525878906,32.29999923706055,0.061046575455484864,1002.1201547995252,16415.6653722578
MDLZ,-1,2026-03-17,2026-03-19,2,RESIDUAL_REVERTED,56.611228942871094,55.57889175415039,0.018235555171615903,299.34877157459135,16415.6653722578
LLY,1,2026-03-18,2026-03-19,1,RESIDUAL_REVERTED,922.089111328125,911.1237182617188,-0.011891901695501361,-194.8444616099146,16384.63440070511
JNJ,1,2026-03-18,2026-03-19,1,RESIDUAL_REVERTED,235.3490753173828,235.81410217285156,0.00197590262397096,32.37444210515768,16384.63440070511
OTIS,1,2026-03-19,2026-03-20,1,RESIDUAL_REVERTED,77.58676147460938,79.266357421875,0.02164797080511316,356.9609610740938,16489.34970800037
CMCSA,1,2026-03-19,2026-03-20,1,RESIDUAL_REVERTED,28.076534271240234,28.213062286376953,0.004862708973185859,80.18290878709217,16489.34970800037
PH,-1,2026-03-19,2026-03-20,1,RESIDUAL_REVERTED,895.0601196289062,893.9349365234375,0.001257103384223246,20.728817321567643,16489.34970800037
BX,-1,2026-03-16,2026-03-23,5,RESIDUAL_REVERTED,106.16331481933594,112.03838348388672,-0.05533991355251788,-903.8984706654151,16333.57214784248
LULU,-1,2026-03-19,2026-03-23,2,RESIDUAL_REVERTED,163.0399932861328,165.8800048828125,-0.01741911011794217,-287.22979833691477,16489.34970800037
CSX,1,2026-03-20,2026-03-23,1,RESIDUAL_REVERTED,38.25766372680664,38.595703125,0.008835860982187915,146.2299856469324,16549.602346813077
SLB,-1,2026-03-20,2026-03-23,1,RESIDUAL_REVERTED,47.513065338134766,47.01823806762695,0.010414551597256239,172.35668755495809,16549.602346813077
ES,1,2026-03-20,2026-03-24,2,RESIDUAL_REVERTED,67.29938507080078,65.44351959228516,-0.02757626204999053,-456.3761711388562,16549.602346813077
TSN,1,2026-03-20,2026-03-24,2,RESIDUAL_REVERTED,58.04433822631836,58.5453987121582,0.0086323748560313,142.86237117594487,16549.602346813077
BKR,-1,2026-03-20,2026-03-26,4,RESIDUAL_REVERTED,60.33552932739258,62.02365493774414,-0.027978964122307826,-463.0407302999428,16549.602346813077
AMCR,-1,2026-04-09,2026-04-10,1,RESIDUAL_REVERTED,40.40666961669922,40.697574615478516,-0.007199430231168424,-118.72195755402906,16490.46573714238
PPG,-1,2026-04-09,2026-04-10,1,RESIDUAL_REVERTED,107.39747619628906,109.33274841308594,-0.018019717830797033,-297.1535394817329,16490.46573714238
CCL,-1,2026-04-09,2026-04-10,1,RESIDUAL_REVERTED,27.506576538085938,28.000944137573242,-0.01797270550200225,-296.37828428451934,16490.46573714238
FANG,1,2026-04-09,2026-04-13,2,RESIDUAL_REVERTED,185.91793823242188,188.4697723388672,0.01372559383299099,226.3414348248691,16490.46573714238
APA,1,2026-04-09,2026-04-14,3,RESIDUAL_REVERTED,38.72639465332031,38.2923698425293,-0.0112074675341306,-184.81635937171598,16490.46573714238
CVX,1,2026-04-09,2026-04-14,3,RESIDUAL_REVERTED,190.8805694580078,185.2713623046875,-0.029385951483942407,-484.5880260992801,16490.46573714238
CRH,-1,2026-04-09,2026-04-14,3,RESIDUAL_REVERTED,112.5380630493164,116.884765625,-0.038624288155544084,-636.9325004505151,16490.46573714238
SHW,-1,2026-04-09,2026-04-14,3,RESIDUAL_REVERTED,330.4275207519531,333.3432312011719,-0.008824054493352884,-145.51276828531422,16490.46573714238
MKC,-1,2026-04-13,2026-04-15,2,RESIDUAL_REVERTED,52.75740432739258,52.73775863647461,0.00037237789023991663,6.03276714560341,16200.658803122244
AVGO,-1,2026-04-13,2026-04-15,2,RESIDUAL_REVERTED,368.405029296875,388.5563659667969,-0.05469886420492687,-886.1576359023368,16200.658803122242
TPL,-1,2026-04-13,2026-04-15,2,RESIDUAL_REVERTED,408.7178955078125,412.3365478515625,-0.008853667489293615,-143.43524615034084,16200.658803122244
CHTR,1,2026-04-15,2026-04-16,1,RESIDUAL_REVERTED,216.0399932861328,220.6999969482422,0.02157009723629022,346.66970449622653,16071.77291315025
TDG,-1,2026-04-15,2026-04-16,1,RESIDUAL_REVERTED,1297.0799560546875,1275.6800537109375,0.016498522117974757,265.1605008826772,16071.772913150251
COP,1,2026-04-09,2026-04-17,6,RESIDUAL_REVERTED,124.52779388427734,114.70677947998047,-0.0788660434587275,-1300.5377874801272,16490.46573714238
FAST,1,2026-04-14,2026-04-17,3,RESIDUAL_REVERTED,44.94258499145508,44.744728088378906,-0.004402437089762179,-71.38939295092464,16215.880317049745
WFC,1,2026-04-15,2026-04-17,2,RESIDUAL_REVERTED,80.00069427490234,81.19695281982422,0.014953102041980193,240.3228603658689,16071.772913150251
HOOD,-1,2026-04-15,2026-04-17,2,RESIDUAL_REVERTED,83.55000305175781,90.05999755859375,-0.07791734612867818,-1252.2698929754438,16071.772913150251
TSLA,-1,2026-04-16,2026-04-17,1,RESIDUAL_REVERTED,393.80999755859375,395.9200134277344,-0.005357954044390878,-85.70243640250517,15995.366084228604
DASH,-1,2026-04-16,2026-04-17,1,RESIDUAL_REVERTED,182.03500366210938,184.9149932861328,-0.015821075980360533,-253.06390215226244,15995.366084228604
UBER,-1,2026-04-16,2026-04-17,1,RESIDUAL_REVERTED,77.51000213623047,77.41500091552734,0.0012256640186404377,19.60494467442139,15995.366084228604
ALB,-1,2026-04-17,2026-04-20,1,RESIDUAL_REVERTED,206.3363800048828,194.84451293945312,0.05569481768148565,899.1055043135913,16143.432041657918
SCHW,1,2026-04-17,2026-04-21,2,RESIDUAL_REVERTED,92.74578094482422,92.6563720703125,-0.0009640209355173956,-15.562606459260193,16143.432041657918
DOW,1,2026-04-20,2026-04-21,1,RESIDUAL_REVERTED,35.272830963134766,36.08994674682617,0.023165585562026747,370.2049298351282,15980.814680634323
XYL,1,2026-04-20,2026-04-22,2,RESIDUAL_REVERTED,119.59417724609375,119.54456329345703,-0.00041485257710016654,-6.629682154421679,15980.814680634321
NVR,-1,2026-04-20,2026-04-22,2,RESIDUAL_REVERTED,7000.2001953125,6640.240234375,0.05142138094543891,821.7555595113604,15980.814680634323
MAA,-1,2026-04-20,2026-04-22,2,RESIDUAL_REVERTED,125.9814224243164,124.84458923339844,0.009023816123372663,144.20793317973855,15980.814680634323
SNA,-1,2026-04-20,2026-04-22,2,RESIDUAL_REVERTED,375.2547912597656,377.9495544433594,-0.007181155967515229,-114.76072270959226,15980.814680634325
TRGP,1,2026-04-09,2026-04-23,10,RESIDUAL_REVERTED,242.37271118164062,236.22251892089844,-0.025374936933939995,-418.44452809128643,16490.46573714238
NFLX,1,2026-04-20,2026-04-23,3,RESIDUAL_REVERTED,97.13999938964844,94.05999755859375,-0.031706833955188474,-506.7010375475099,15980.814680634321
PHM,-1,2026-04-20,2026-04-23,3,RESIDUAL_REVERTED,125.20953369140625,124.46276092529297,0.005964184548069573,95.31252798380255,15980.814680634323
SWK,-1,2026-04-21,2026-04-23,2,RESIDUAL_REVERTED,74.09624481201172,74.96923065185547,-0.01178178249192774,-187.085866879796,15879.249766151914
ISRG,-1,2026-04-23,2026-04-24,1,RESIDUAL_REVERTED,484.5,480.75,0.007739938080495334,124.22326262465509,16049.645531105438
PRU,1,2026-04-22,2026-04-27,3,RESIDUAL_REVERTED,90.86820220947266,91.58016967773438,0.007835166218216338,124.71647527219326,15917.527694847482
MAS,-1,2026-04-23,2026-04-27,2,RESIDUAL_REVERTED,74.1779556274414,73.81132507324219,0.004942581001296631,79.32667307958762,16049.645531105438
GEV,-1,2026-04-23,2026-04-27,2,RESIDUAL_REVERTED,1147.3038330078125,1134.6551513671875,0.011024700935117426,176.9425420950808,16049.645531105438
LVS,1,2026-04-24,2026-04-27,1,RESIDUAL_REVERTED,51.63788604736328,51.9836540222168,0.0066960133599653915,107.51716589013566,16056.892379123206
LULU,1,2026-04-24,2026-04-27,1,RESIDUAL_REVERTED,141.8800048828125,143.83999633789062,0.013814430417429246,221.81682249154636,16056.892379123208
TXN,-1,2026-04-24,2026-04-27,1,RESIDUAL_REVERTED,284.9161071777344,273.3741760253906,0.04050992857748037,650.4635634545693,16056.892379123206
URI,-1,2026-04-24,2026-04-27,1,RESIDUAL_REVERTED,994.2173461914062,970.7164916992188,0.023637542215706908,379.545471464588,16056.892379123205
TSCO,1,2026-04-22,2026-04-29,5,RESIDUAL_REVERTED,39.11007308959961,34.529170989990234,-0.1171284464008725,-1864.3952894403474,15917.527694847482
DPZ,1,2026-04-28,2026-04-29,1,RESIDUAL_REVERTED,334.1647644042969,335.7056579589844,0.004611179031500878,74.33188468865238,16119.93032169465
MCD,1,2026-04-28,2026-04-29,1,RESIDUAL_REVERTED,288.1832580566406,287.29559326171875,-0.0030802094504303046,-49.65276171716274,16119.93032169465
YUM,1,2026-04-28,2026-04-29,1,RESIDUAL_REVERTED,154.73880004882812,156.96661376953125,0.014397253436113866,232.08272221393418,16119.93032169465
TROW,-1,2026-04-28,2026-04-29,1,RESIDUAL_REVERTED,99.29838562011719,97.8539047241211,0.014546871905070091,234.4945615083466,16119.930321694652
UHS,-1,2026-04-28,2026-04-29,1,RESIDUAL_REVERTED,183.5406951904297,159.60191345214844,0.13042765100918874,2102.4846462904293,16119.93032169465
NVDA,-1,2026-04-28,2026-04-29,1,RESIDUAL_REVERTED,209.0122528076172,212.2149200439453,-0.015322868364449294,-247.0035703634226,16119.93032169465
TEL,1,2026-04-23,2026-04-30,5,RESIDUAL_REVERTED,216.07778930664062,206.2344207763672,-0.0455547447142034,-731.1375049229632,16049.645531105438
QCOM,-1,2026-04-27,2026-04-30,3,TRAILING_STOP,154.8917999267578,170.48898315429688,-0.10069728181165405,-1624.3218313745037,16130.741586576925
AMP,-1,2026-04-28,2026-05-01,3,RESIDUAL_REVERTED,480.61773681640625,472.3935241699219,0.017111754345483066,275.84028773114267,16119.930321694652
GEHC,1,2026-04-30,2026-05-01,1,RESIDUAL_REVERTED,59.17656707763672,61.49525833129883,0.03918259149132641,637.3971536640009,16267.355715996959
PODD,1,2026-04-30,2026-05-01,1,RESIDUAL_REVERTED,164.0,174.19000244140625,0.06213416122808679,1010.7585028123958,16267.355715996957
TER,1,2026-04-30,2026-05-01,1,RESIDUAL_REVERTED,326.75103759765625,343.1485290527344,0.050183441116625094,816.3518876969275,16267.355715996957
REGN,1,2026-04-30,2026-05-01,1,RESIDUAL_REVERTED,691.2391967773438,701.1527709960938,0.014341741997514701,233.30221866062533,16267.355715996955
NXPI,-1,2026-04-30,2026-05-01,1,RESIDUAL_REVERTED,287.1692810058594,289.3123474121094,-0.0074627285994641746,-121.39886073942802,16267.355715996957
V,-1,2026-04-30,2026-05-01,1,RESIDUAL_REVERTED,330.8183288574219,331.57537841796875,-0.0022884148020503314,-37.22645761070533,16267.355715996957
GNRC,-1,2026-04-30,2026-05-04,2,RESIDUAL_REVERTED,256.04998779296875,259.9100036621094,-0.015075243324212506,-245.23434566017195,16267.355715996957
WTW,1,2026-05-01,2026-05-04,1,RESIDUAL_REVERTED,262.0461730957031,252.75,-0.0354753247715166,-579.3365249772388,16330.689816330938
CLX,1,2026-05-04,2026-05-05,1,RESIDUAL_REVERTED,86.49949645996094,85.30347442626953,-0.013826924810423913,-225.36771696304876,16299.193063749648
SYK,1,2026-05-04,2026-05-05,1,RESIDUAL_REVERTED,293.865478515625,290.5144348144531,-0.01140332548790246,-185.8650036960991,16299.193063749648
RMD,1,2026-05-04,2026-05-05,1,RESIDUAL_REVERTED,203.80734252929688,209.77243041992188,0.02926826784843395,477.0491483031627,16299.19306374965
AIG,-1,2026-05-04,2026-05-05,1,RESIDUAL_REVERTED,76.97517395019531,76.85675811767578,0.0015383639483055322,25.07409099574482,16299.193063749648
FRT,-1,2026-05-04,2026-05-05,1,RESIDUAL_REVERTED,113.28339385986328,113.7292709350586,-0.0039359438308044226,-64.15270838635509,16299.193063749646
AMGN,1,2026-05-04,2026-05-06,2,RESIDUAL_REVERTED,321.7063903808594,324.7652893066406,0.009508356119876549,154.97853211675394,16299.193063749646
UPS,1,2026-05-05,2026-05-06,1,RESIDUAL_REVERTED,93.49806213378906,95.76315307617188,0.02422607368205809,391.6581707517534,16166.803415685881
TSN,-1,2026-05-05,2026-05-06,1,RESIDUAL_REVERTED,67.82974243164062,67.57430267333984,0.0037658960382787043,60.88250093476229,16166.803415685881
PWR,-1,2026-05-01,2026-05-07,4,RESIDUAL_REVERTED,736.4374389648438,780.5107421875,-0.05984663583183236,-977.3368463205704,16330.689816330938
CBOE,-1,2026-05-04,2026-05-07,3,RESIDUAL_REVERTED,323.3521423339844,340.4686279296875,-0.05293450500174468,-862.7897167574565,16299.193063749648
BALL,1,2026-05-06,2026-05-07,1,RESIDUAL_REVERTED,58.13066482543945,58.90534210205078,0.013326482312521426,215.58971406815522,16177.541005370183
FISV,1,2026-05-06,2026-05-08,2,RESIDUAL_REVERTED,57.560001373291016,56.75,-0.014072295934080215,-227.65514451328698,16177.541005370182
ROK,-1,2026-05-06,2026-05-08,2,RESIDUAL_REVERTED,445.6979675292969,448.66961669921875,-0.006667405701657136,-107.86222913799885,16177.54100537018
CDW,1,2026-05-07,2026-05-08,1,RESIDUAL_REVERTED,108.34691619873047,108.47553253173828,0.0011870788530048415,19.024314904571284,16026.159388159818
COR,1,2026-05-07,2026-05-08,1,RESIDUAL_REVERTED,252.6868896484375,253.02542114257812,0.001339727180193817,21.4706813264346,16026.159388159818
HII,1,2026-05-06,2026-05-11,3,RESIDUAL_REVERTED,321.06951904296875,314.57794189453125,-0.02021860302338052,-327.08727948204,16177.541005370182
WAT,-1,2026-05-06,2026-05-12,4,RESIDUAL_REVERTED,344.0,349.95001220703125,-0.017296547113462957,-279.8156001793639,16177.541005370182
DVA,-1,2026-05-07,2026-05-12,3,RESIDUAL_REVERTED,194.32000732421875,197.5,-0.016364720851803405,-262.2636247137453,16026.15938815982
MSI,1,2026-05-11,2026-05-12,1,RESIDUAL_REVERTED,387.1754150390625,393.8978271484375,0.01736270395344386,273.02838374905815,15724.992171792654
ZTS,1,2026-05-08,2026-05-13,3,RESIDUAL_REVERTED,86.71551513671875,76.149169921875,-0.12185068840546553,-1961.8581085368867,16100.509026331345
DDOG,-1,2026-05-08,2026-05-13,3,RESIDUAL_REVERTED,185.5,199.49000549316406,-0.07541781937015668,-1214.2652815154345,16100.509026331347
FTNT,-1,2026-05-08,2026-05-13,3,RESIDUAL_REVERTED,107.30000305175781,113.20999908447266,-0.05507917860788947,-886.8028123392393,16100.509026331347
EXPE,1,2026-05-11,2026-05-13,2,RESIDUAL_REVERTED,224.13034057617188,218.50042724609375,-0.025118925512740975,-394.99490705169444,15724.992171792655
MNST,-1,2026-05-11,2026-05-13,2,RESIDUAL_REVERTED,42.505001068115234,43.0,-0.011645663320688282,-183.12796455315603,15724.992171792655
ROST,1,2026-05-12,2026-05-13,1,RESIDUAL_REVERTED,213.9661407470703,216.15760803222656,0.0102421218493014,158.91901669432096,15516.220079451783
QCOM,1,2026-05-13,2026-05-14,1,RESIDUAL_REVERTED,214.66452026367188,206.61817932128906,-0.03748332948779576,-584.9849774507321,15606.537237872606
MTD,1,2026-05-11,2026-05-15,4,RESIDUAL_REVERTED,1116.6600341796875,1031.510009765625,-0.07625420612157463,-1199.0967943280252,15724.992171792655
USB,1,2026-05-14,2026-05-15,1,RESIDUAL_REVERTED,52.88737869262695,52.946868896484375,0.0011248468978424242,17.43541275966433,15500.254117343835
HBAN,1,2026-05-14,2026-05-15,1,RESIDUAL_REVERTED,15.14208698272705,15.210780143737793,0.004536571549820234,70.31801184372532,15500.254117343835
J,1,2026-05-14,2026-05-15,1,RESIDUAL_REVERTED,107.91417694091797,112.43878173828125,0.04192780712992383,649.8916650967999,15500.254117343835
JNJ,-1,2026-05-14,2026-05-15,1,RESIDUAL_REVERTED,228.55191040039062,228.3243408203125,0.0009957019378199483,15.433633061341217,15500.254117343835
MMM,-1,2026-05-14,2026-05-15,1,RESIDUAL_REVERTED,146.6363983154297,143.0111083984375,0.02472298800734196,383.2125966538445,15500.254117343835
STE,-1,2026-05-13,2026-05-18,3,RESIDUAL_REVERTED,208.00448608398438,210.9169158935547,-0.014001764406150308,-218.5190576005035,15606.537237872606
F,-1,2026-05-14,2026-05-18,2,RESIDUAL_REVERTED,13.602678298950195,13.840106964111328,-0.017454552694924574,-270.5500022758992,15500.254117343837
ZBRA,-1,2026-05-13,2026-05-19,4,RESIDUAL_REVERTED,248.67999267578125,259.6400146484375,-0.044072793531667376,-687.823693429037,15606.537237872606
EXR,1,2026-05-18,2026-05-19,1,RESIDUAL_REVERTED,134.82151794433594,135.6819305419922,0.00638186404347918,99.12525865478679,15532.336317328678
PSA,1,2026-05-18,2026-05-19,1,RESIDUAL_REVERTED,287.09014892578125,288.7672119140625,0.005841590157504184,90.73354295435176,15532.336317328678
GPC,1,2026-05-18,2026-05-20,2,RESIDUAL_REVERTED,91.59136199951172,90.43309020996094,-0.012646081074293436,-196.4231843421303,15532.336317328676
MCK,-1,2026-05-18,2026-05-20,2,RESIDUAL_REVERTED,755.6105346679688,759.5819091796875,-0.005255848521836581,-81.63560687409971,15532.336317328678
DXCM,-1,2026-05-18,2026-05-20,2,TRAILING_STOP,61.790000915527344,69.98795051751155,-0.13267437256056303,-2060.742975301229,15532.336317328678
CBRE,1,2026-05-15,2026-05-21,4,RESIDUAL_REVERTED,130.74000549316406,129.69000244140625,-0.00803122998042638,-123.70288875353718,15402.732714045544
VTRS,1,2026-05-18,2026-05-21,3,RESIDUAL_REVERTED,16.31689453125,16.277482986450195,-0.0024153827019182117,-37.5165364612513,15532.336317328678
D,-1,2026-05-19,2026-05-21,2,RESIDUAL_REVERTED,65.86834716796875,66.26041412353516,-0.005952281671295134,-91.49210138216607,15370.929407354204
GL,1,2026-05-20,2026-05-21,1,RESIDUAL_REVERTED,150.48434448242188,154.2274932861328,0.024874008100877143,379.9236845971399,15273.92300655171
PCG,-1,2026-05-20,2026-05-21,1,RESIDUAL_REVERTED,16.362407684326172,16.18292808532715,0.010969021336080576,167.53998734451852,15273.923006551711
BLK,1,2026-05-20,2026-05-22,2,RESIDUAL_REVERTED,1027.012451171875,1059.3433837890625,0.03148056538194477,480.8317318465405,15273.923006551711
HAS,1,2026-05-21,2026-05-22,1,RESIDUAL_REVERTED,87.05839538574219,88.68280792236328,0.018658884412279475,286.0575754829784,15330.904525820524
TJX,-1,2026-05-21,2026-05-22,1,RESIDUAL_REVERTED,158.99832153320312,157.00462341308594,0.012539114255371908,192.23596348746128,15330.904525820524
DAL,-1,2026-05-21,2026-05-26,2,RESIDUAL_REVERTED,72.72044372558594,78.00738525390625,-0.07270227266861617,-1114.5916010927267,15330.904525820524
INTU,1,2026-05-22,2026-05-26,1,RESIDUAL_REVERTED,306.3629150390625,313.0831604003906,0.021935570630248424,335.5348993519622,15296.38344075135
RL,-1,2026-05-22,2026-05-26,1,RESIDUAL_REVERTED,375.1909484863281,382.9697265625,-0.020732851119022566,-317.1376405365786,15296.383440751351
IBM,-1,2026-05-22,2026-05-26,1,RESIDUAL_REVERTED,260.1835632324219,252.73699951171875,0.028620423320327548,437.7889693443521,15296.38344075135
CTSH,-1,2026-05-19,2026-05-27,5,RESIDUAL_REVERTED,51.37874221801758,51.58751678466797,-0.00406344253746993,-62.458888394289296,15370.929407354204
DLR,1,2026-05-26,2026-05-27,1,RESIDUAL_REVERTED,191.89596557617188,189.9622039794922,-0.01007713523769782,-154.87723969315306,15369.1734843221
ROST,-1,2026-05-26,2026-05-27,1,RESIDUAL_REVERTED,235.37271118164062,235.08384704589844,0.001227262643541005,18.86201247940905,15369.173484322098
WMT,1,2026-05-22,2026-05-28,3,RESIDUAL_REVERTED,121.05020141601562,118.67588806152344,-0.019614286690299187,-300.0276501316416,15296.38344075135
DE,1,2026-05-22,2026-05-28,3,RESIDUAL_REVERTED,530.1459350585938,526.0465087890625,-0.007732637371025364,-118.2813862354869,15296.38344075135
MU,-1,2026-05-27,2026-05-29,2,RESIDUAL_REVERTED,955.5130004882812,956.8528442382812,-0.0014022245111424692,-21.377112725615458,15245.14266848582
HST,-1,2026-05-27,2026-05-29,2,RESIDUAL_REVERTED,22.49759292602539,22.247190475463867,0.011130188522162077,169.6813119475048,15245.14266848582
ECL,-1,2026-05-28,2026-05-29,1,RESIDUAL_REVERTED,258.1488037109375,258.7754211425781,-0.0024273497402771405,-36.87447383820121,15191.248803721852
TTWO,1,2026-05-26,2026-06-01,4,RESIDUAL_REVERTED,225.1300048828125,227.99000549316406,0.012703773590021061,195.24650021058142,15369.173484322097
ROL,1,2026-05-28,2026-06-01,2,TRAILING_STOP,49.42914962768555,46.34135349961576,-0.06246913311938307,-948.9841437693684,15191.248803721852
MGM,-1,2026-05-28,2026-06-01,2,TRAILING_STOP,41.93000030517578,48.459999084472656,-0.15573571981326273,-2365.8200673099886,15191.248803721852
AZO,1,2026-05-27,2026-06-02,4,RESIDUAL_REVERTED,3100.260009765625,3014.090087890625,-0.027794417759662182,-423.7298641335453,15245.14266848582
MLM,-1,2026-05-27,2026-06-02,4,RESIDUAL_REVERTED,565.5332641601562,564.8836669921875,0.001148645374438595,17.51126260881341,15245.14266848582
SNPS,1,2026-05-29,2026-06-02,2,RESIDUAL_REVERTED,480.6700134277344,485.6300048828125,0.010318911761746152,156.3066617199867,15147.591657818075
NSC,1,2026-05-29,2026-06-02,2,RESIDUAL_REVERTED,304.7937316894531,304.1064453125,-0.0022549229380260938,-34.156651885067,15147.591657818075
NTAP,-1,2026-06-01,2026-06-03,2,RESIDUAL_REVERTED,171.15017700195312,176.05528259277344,-0.028659658299765134,-429.693758309401,14992.982603456965
DELL,-1,2026-06-01,2026-06-03,2,RESIDUAL_REVERTED,425.44696044921875,433.0743713378906,-0.01792799478604401,-268.7941139420253,14992.982603456965
PLD,1,2026-06-02,2026-06-03,1,RESIDUAL_REVERTED,136.92129516601562,137.19708251953125,0.0020142035114496526,29.681124683426813,14735.911497872748
MGM,-1,2026-06-02,2026-06-03,1,RESIDUAL_REVERTED,50.5,48.08000183105469,0.04792075582069921,706.1560166849947,14735.91149787275
IBM,-1,2026-06-01,2026-06-04,3,RESIDUAL_REVERTED,320.2526550292969,305.2403564453125,0.04687642193820707,702.8173786318462,14992.982603456965
CBOE,1,2026-06-02,2026-06-04,2,RESIDUAL_REVERTED,296.8553771972656,284.6991271972656,-0.04095007513346127,-603.4366829979242,14735.911497872748
NKE,1,2026-06-03,2026-06-04,1,RESIDUAL_REVERTED,43.19182205200195,44.03289794921875,0.019473035803031502,288.13192940430366,14796.456614096562
HPE,-1,2026-06-03,2026-06-04,1,RESIDUAL_REVERTED,53.88565444946289,52.71206283569336,0.02177929591390959,322.25640707573376,14796.456614096562
NDAQ,1,2026-06-03,2026-06-05,2,RESIDUAL_REVERTED,86.97297668457031,88.26396179199219,0.014843519868291466,219.63149773165583,14796.45661409656
CPRT,1,2026-06-03,2026-06-05,2,RESIDUAL_REVERTED,30.6200008392334,31.059999465942383,0.014369647767782379,212.61986975584128,14796.456614096562
BX,-1,2026-06-05,2026-06-08,1,RESIDUAL_REVERTED,116.38279724121094,114.38319396972656,0.01718126148265764,256.4968024789938,14928.869031991346
MDT,-1,2026-06-04,2026-06-09,3,RESIDUAL_REVERTED,78.63969421386719,79.38677215576172,-0.009500010768897393,-141.54500952855327,14899.457797665473
INCY,-1,2026-06-04,2026-06-09,3,RESIDUAL_REVERTED,99.33999633789062,102.16000366210938,-0.028387431328534607,-422.95733506362814,14899.457797665473
AMGN,-1,2026-06-04,2026-06-09,3,RESIDUAL_REVERTED,343.8604736328125,346.2166748046875,-0.006852201263443325,-102.09408354578481,14899.457797665473
AVGO,1,2026-06-05,2026-06-09,2,RESIDUAL_REVERTED,406.2261657714844,400.2465515136719,-0.014719914081497754,-219.75166948484463,14928.869031991344
AMT,-1,2026-06-05,2026-06-09,2,RESIDUAL_REVERTED,192.14584350585938,187.37142944335938,0.024847865430689953,370.95052873931513,14928.869031991344
WDC,1,2026-06-08,2026-06-09,1,RESIDUAL_REVERTED,540.0366821289062,535.3281860351562,-0.00871884494065922,-128.73754660635478,14765.435958839436
CIEN,1,2026-06-05,2026-06-09,2,TRAILING_STOP,512.3099975585938,446.3775207519531,-0.12869644769932453,-1921.2924125857396,14928.869031991344
KLAC,-1,2026-06-09,2026-06-10,1,TRAILING_STOP,216.7550048828125,229.2234130859375,-0.057523046399163835,-845.9255018393577,14705.853649845205
AAPL,1,2026-06-10,2026-06-11,1,RESIDUAL_REVERTED,290.4894714355469,293.4668884277344,0.01024965544353007,149.5531977890827,14591.046363757237
COHR,1,2026-06-10,2026-06-11,1,RESIDUAL_REVERTED,353.489990234375,354.8500061035156,0.0038473957020364047,56.1375290681335,14591.046363757236
AVY,-1,2026-06-10,2026-06-11,1,RESIDUAL_REVERTED,159.44337463378906,154.62139892578125,0.030242559272738445,441.2705845072035,14591.046363757237
GPN,1,2026-06-04,2026-06-11,5,TRAILING_STOP,68.79067993164062,61.259367287061046,-0.10948158459930435,-1631.216249358877,14899.457797665473
FSLR,1,2026-06-08,2026-06-12,4,RESIDUAL_REVERTED,286.69000244140625,276.739990234375,-0.03470651966339433,-512.4568934440514,14765.435958839436
GILD,1,2026-06-10,2026-06-12,2,RESIDUAL_REVERTED,124.12059783935547,124.60466003417969,0.0038999344448109596,56.904124299849094,14591.046363757237
SJM,-1,2026-06-10,2026-06-12,2,RESIDUAL_REVERTED,112.4164810180664,116.6468276977539,-0.03763101852483386,-549.0759360112595,14591.046363757237
KIM,-1,2026-06-10,2026-06-12,2,RESIDUAL_REVERTED,24.954431533813477,25.46834373474121,-0.0205940255634105,-300.48838181212585,14591.046363757237
CASY,-1,2026-06-11,2026-06-12,1,RESIDUAL_REVERTED,918.501220703125,919.3106689453125,-0.000881270730993533,-12.644887170572005,14348.470595768287
LOW,-1,2026-06-10,2026-06-15,3,RESIDUAL_REVERTED,216.5516815185547,223.61801147460938,-0.032631147938923855,-476.1225924794598,14591.046363757236
SPGI,1,2026-06-12,2026-06-15,1,RESIDUAL_REVERTED,391.95819091796875,394.818359375,0.007297126385680919,105.54941632794929,14464.518051252146
PTC,1,2026-06-12,2026-06-16,2,RESIDUAL_REVERTED,118.27999877929688,114.68000030517578,-0.030436240372630263,-440.24554828215986,14464.518051252147
ADSK,1,2026-06-12,2026-06-16,2,RESIDUAL_REVERTED,206.60000610351562,197.82000732421875,-0.04249757270044663,-614.7069074600109,14464.518051252147
STZ,-1,2026-06-15,2026-06-16,1,RESIDUAL_REVERTED,147.73590087890625,146.5651397705078,0.007924689269388052,113.94964412531215,14379.067778150516
DPZ,-1,2026-06-15,2026-06-16,1,RESIDUAL_REVERTED,319.91156005859375,317.1287841796875,0.008698578689674608,125.07745255240725,14379.067778150516
SW,-1,2026-06-12,2026-06-17,3,RESIDUAL_REVERTED,42.938453674316406,43.64203643798828,-0.016385843072237227,-237.01332290335978,14464.518051252147
LEN,1,2026-06-15,2026-06-17,2,RESIDUAL_REVERTED,91.36518859863281,88.61160278320312,-0.030138238180913657,-433.35976951740037,14379.067778150515
MOS,-1,2026-06-15,2026-06-17,2,RESIDUAL_REVERTED,23.05484390258789,21.5079402923584,0.06709668548464354,964.7877882729377,14379.067778150516
FOXA,1,2026-06-16,2026-06-18,2,RESIDUAL_REVERTED,53.58326721191406,51.16395950317383,-0.04515043286129272,-648.0605549075892,14353.363054093079
DASH,-1,2026-06-16,2026-06-18,2,RESIDUAL_REVERTED,167.69000244140625,166.83999633789062,0.005068913418452836,72.7559545848169,14353.363054093077
DLR,-1,2026-06-17,2026-06-18,1,RESIDUAL_REVERTED,188.37828063964844,187.66319274902344,0.0037960209011191903,54.42639107539118,14337.747998000923
TKO,1,2026-06-15,2026-06-22,4,RESIDUAL_REVERTED,202.3016357421875,197.033203125,-0.026042461781681125,-374.46632306868776,14379.067778150516
MPWR,1,2026-06-17,2026-06-22,2,RESIDUAL_REVERTED,1543.2054443359375,1590.2635498046875,0.03049373992391513,437.21155854567525,14337.747998000921
JPM,-1,2026-06-17,2026-06-22,2,RESIDUAL_REVERTED,330.69024658203125,328.2214050292969,0.007465722313409584,107.0416451527185,14337.747998000921
RTX,-1,2026-06-18,2026-06-22,1,RESIDUAL_REVERTED,193.357666015625,183.97882080078125,0.04850516355573853,687.1872546629237,14167.301051840794
CBOE,1,2026-06-17,2026-06-23,3,RESIDUAL_REVERTED,264.2658996582031,254.5129852294922,-0.03690568643674874,-529.1444318233433,14337.747998000921
NDAQ,1,2026-06-18,2026-06-23,2,RESIDUAL_REVERTED,83.53759002685547,83.3183364868164,-0.0026246093521321567,-37.18363083513234,14167.30105184079
MRNA,-1,2026-06-18,2026-06-23,2,RESIDUAL_REVERTED,63.959999084472656,59.04999923706055,0.07676672791892036,1087.5773451920968,14167.301051840792
SWK,-1,2026-06-22,2026-06-23,1,RESIDUAL_REVERTED,86.2890396118164,84.03861999511719,0.026080016961865016,373.5209380376718,14322.11254248203
ACN,1,2026-06-22,2026-06-24,2,RESIDUAL_REVERTED,123.51483154296875,124.98712158203125,0.011919945326973158,170.7187984731438,14322.11254248203
NFLX,1,2026-06-23,2026-06-24,1,RESIDUAL_REVERTED,73.26000213623047,72.69000244140625,-0.007780503387977977,-112.38993970468816,14445.073037092487
AMZN,1,2026-06-23,2026-06-24,1,RESIDUAL_REVERTED,232.5500030517578,233.85000610351562,0.005590208706505395,80.75097305806197,14445.073037092487
WMB,-1,2026-06-22,2026-06-25,3,RESIDUAL_REVERTED,72.334716796875,75.37265014648438,-0.041998275297604026,-601.5040254024271,14322.112542482027
ABBV,-1,2026-06-23,2026-06-25,2,RESIDUAL_REVERTED,231.32347106933594,232.0085906982422,-0.0029617384943221303,-42.78252886725063,14445.073037092487
DLR,-1,2026-06-23,2026-06-25,2,RESIDUAL_REVERTED,192.34112548828125,193.74151611328125,-0.007280765470436545,-105.17118898639839,14445.073037092487
ADI,1,2026-06-24,2026-06-25,1,RESIDUAL_REVERTED,405.9830627441406,422.9613342285156,0.041820147297807475,605.4702129244884,14477.955053884534
HSY,-1,2026-06-24,2026-06-26,2,RESIDUAL_REVERTED,178.5957489013672,176.23431396484375,0.01322223485749141,191.4309219786658,14477.955053884534
IVZ,1,2026-06-24,2026-06-29,3,RESIDUAL_REVERTED,26.78087615966797,25.777587890625,-0.03746286204608651,-542.3856328931176,14477.955053884536
PFG,1,2026-06-25,2026-06-29,2,RESIDUAL_REVERTED,106.75822448730469,106.57958221435547,-0.0016733349941621123,-24.10688136246931,14406.488507425673
MET,1,2026-06-25,2026-06-29,2,RESIDUAL_REVERTED,84.486572265625,85.03318786621094,0.0064698517874222095,93.20784542024685,14406.488507425673
TECH,-1,2026-06-26,2026-06-29,1,RESIDUAL_REVERTED,70.7716293334961,70.7316665649414,0.0005646721564989132,8.13266606780851,14402.456317720098
XYL,-1,2026-06-26,2026-06-29,1,RESIDUAL_REVERTED,116.9150619506836,115.67976379394531,0.010565774299117647,152.17310280593173,14402.456317720098
AMAT,-1,2026-06-26,2026-06-29,1,RESIDUAL_REVERTED,642.0734252929688,634.751220703125,0.011403998828487194,164.2455949746174,14402.456317720098
CAG,-1,2026-06-24,2026-06-30,4,RESIDUAL_REVERTED,13.298145294189453,13.743063926696777,-0.033457194418061276,-484.39175701376877,14477.955053884534
APO,1,2026-06-25,2026-07-01,4,RESIDUAL_REVERTED,123.33901977539062,117.81237030029297,-0.04480860546128951,-645.5346596118378,14406.488507425673
TJX,1,2026-06-26,2026-07-01,3,RESIDUAL_REVERTED,155.5392303466797,151.57176208496094,-0.02550783010097002,-367.3754087890469,14402.456317720098
TROW,-1,2026-06-29,2026-07-01,2,RESIDUAL_REVERTED,108.75704193115234,111.58190155029297,-0.025974038728718618,-374.8646642916719,14432.28248817527
CPRT,1,2026-06-30,2026-07-01,1,RESIDUAL_REVERTED,28.190000534057617,28.729999542236328,0.019155693435561005,273.4288176454621,14274.023468023475
CHTR,-1,2026-06-30,2026-07-01,1,RESIDUAL_REVERTED,144.47000122070312,144.08999633789062,0.002630337645197156,37.54550127637035,14274.023468023475
CMCSA,-1,2026-06-30,2026-07-02,2,RESIDUAL_REVERTED,24.37784767150879,23.790000915527344,0.02411397281264016,344.2034138349052,14274.023468023473
VZ,1,2026-06-30,2026-07-06,3,RESIDUAL_REVERTED,43.47881317138672,42.180938720703125,-0.029850733173593658,-426.09006585758254,14274.023468023475
HON,1,2026-06-30,2026-07-06,3,RESIDUAL_REVERTED,230.65789794921875,228.4644775390625,-0.009509409517982959,-135.737534626735,14274.023468023475
TSLA,-1,2026-06-30,2026-07-06,3,RESIDUAL_REVERTED,406.0,397.5,0.020935960591133007,298.8403928034472,14274.023468023475
GIS,-1,2026-07-02,2026-07-06,1,RESIDUAL_REVERTED,37.353416442871094,36.74396896362305,0.0163157091716134,230.79845667339853,14145.78148248371
APD,-1,2026-07-01,2026-07-07,3,RESIDUAL_REVERTED,291.3599853515625,310.0,-0.0639758909444823,-908.9846890079976,14208.238065755231
HUBB,1,2026-07-02,2026-07-07,2,RESIDUAL_REVERTED,486.57220458984375,482.59454345703125,-0.008174863042506697,-115.63982624853105,14145.78148248371
CAT,1,2026-07-02,2026-07-07,2,RESIDUAL_REVERTED,999.426025390625,944.7473754882812,-0.05471005208311708,-773.9164416630764,14145.78148248371
TRGP,1,2026-07-02,2026-07-07,2,RESIDUAL_REVERTED,259.525390625,263.39727783203125,0.014919107520488861,211.04243489851495,14145.78148248371
ELV,-1,2026-07-02,2026-07-07,2,RESIDUAL_REVERTED,420.17120361328125,411.0608825683594,0.021682402236462783,306.71452405231884,14145.78148248371
GPC,-1,2026-07-06,2026-07-07,1,RESIDUAL_REVERTED,128.20204162597656,128.5096435546875,-0.002399352809125732,-34.18649495003217,14248.215110344403
ORLY,1,2026-07-07,2026-07-08,1,RESIDUAL_REVERTED,85.62000274658203,86.4000015258789,0.009110006473668442,130.91998000362193,14371.008449009612
PCAR,-1,2026-07-07,2026-07-08,1,RESIDUAL_REVERTED,125.21843719482422,123.33342742919922,0.015053771695714091,216.33788022856928,14371.008449009612
RMD,-1,2026-07-07,2026-07-09,2,RESIDUAL_REVERTED,218.7123565673828,205.79940795898438,0.059040782199336395,848.475579822799,14371.008449009614
MPC,1,2026-07-08,2026-07-09,1,RESIDUAL_REVERTED,270.8882751464844,280.6614990234375,0.036078430754037605,514.9537792148889,14273.17564684432
VLO,1,2026-07-08,2026-07-09,1,RESIDUAL_REVERTED,270.96282958984375,280.8048095703125,0.03632225126732891,518.4338722274003,14273.17564684432
PANW,1,2026-07-08,2026-07-10,2,RESIDUAL_REVERTED,336.79998779296875,338.4800109863281,0.004988192560125837,71.19734857095878,14273.175646844322
GILD,-1,2026-07-08,2026-07-10,2,RESIDUAL_REVERTED,135.8150634765625,133.26939392089844,0.01874364662137329,267.5313604892403,14273.17564684432
OXY,-1,2026-07-08,2026-07-10,2,RESIDUAL_REVERTED,52.65837097167969,52.29005813598633,0.00699438339806302,99.83206278192513,14273.17564684432
COP,-1,2026-07-08,2026-07-10,2,RESIDUAL_REVERTED,109.30097961425781,108.12879943847656,0.010724333669451802,153.07029815945205,14273.17564684432
SYF,1,2026-07-09,2026-07-10,1,RESIDUAL_REVERTED,68.57390594482422,72.16837310791016,0.052417419039512136,752.8385160541145,14362.372849503095
BKR,-1,2026-07-09,2026-07-10,1,RESIDUAL_REVERTED,57.4586181640625,56.9903450012207,0.008149746335784247,117.04969550340559,14362.372849503095
KDP,1,2026-07-07,2026-07-13,4,RESIDUAL_REVERTED,32.01784133911133,31.303024291992188,-0.022325585274418747,-320.84117460775684,14371.008449009612
PSKY,1,2026-07-10,2026-07-13,1,RESIDUAL_REVERTED,9.376669883728027,9.416485786437988,0.004246273272247247,61.86631005688658,14569.55454591922
WBD,-1,2026-07-10,2026-07-13,1,RESIDUAL_REVERTED,26.5,26.329999923706055,0.006415097218639421,93.46510884434207,14569.554545919218
COST,1,2026-07-10,2026-07-14,2,RESIDUAL_REVERTED,912.2894897460938,919.9174194335938,0.008361303920779495,121.82047354880606,14569.55454591922
META,-1,2026-07-13,2026-07-14,1,RESIDUAL_REVERTED,660.8584594726562,651.48583984375,0.014182491719006318,207.35780723757748,14620.689463170376
SBAC,-1,2026-07-13,2026-07-14,1,RESIDUAL_REVERTED,190.12826538085938,186.0662841796875,0.021364425710375223,312.3626338703692,14620.689463170374
MRNA,1,2026-07-13,2026-07-15,2,RESIDUAL_REVERTED,66.33000183105469,67.79000091552734,0.022011141929278555,321.8180708777517,14620.689463170376
CRWD,1,2026-07-13,2026-07-15,2,RESIDUAL_REVERTED,186.86000061035156,212.3800048828125,0.13657285769615468,1996.789341473237,14620.689463170374
BF-B,-1,2026-07-13,2026-07-15,2,RESIDUAL_REVERTED,26.385498046875,24.779165267944336,0.06087938063844556,890.0985190248591,14620.689463170376
TROW,1,2026-07-14,2026-07-15,1,RESIDUAL_REVERTED,112.99433898925781,116.4612045288086,0.03068176309151527,452.22220409867657,14739.120524130938
HLT,1,2026-07-14,2026-07-15,1,RESIDUAL_REVERTED,322.71307373046875,327.3809509277344,0.014464481228809056,213.19373215044564,14739.120524130936
BIIB,-1,2026-07-14,2026-07-15,1,RESIDUAL_REVERTED,200.33999633789062,191.2100067138672,0.04557247574580625,671.6982126004725,14739.120524130936
WBD,-1,2026-07-15,2026-07-16,1,RESIDUAL_REVERTED,27.420000076293945,27.170000076293945,0.009117432505630796,137.3396444068618,15063.412240457335
IBM,1,2026-07-15,2026-07-17,2,RESIDUAL_REVERTED,219.3961639404297,214.08425903320312,-0.024211475769780777,-364.70744047005184,15063.412240457335
GS,-1,2026-07-15,2026-07-17,2,RESIDUAL_REVERTED,1142.822998046875,1066.4171142578125,0.06685714578691793,1007.0967482086995,15063.412240457335
PNR,1,2026-07-16,2026-07-17,1,RESIDUAL_REVERTED,63.1341667175293,64.6475601196289,0.023971067977672567,360.92845848785066,15056.83680109834
ERIE,1,2026-07-16,2026-07-17,1,RESIDUAL_REVERTED,214.3800048828125,227.77000427246094,0.06245918035577924,940.4376853473366,15056.836801098341
BLK,-1,2026-07-16,2026-07-17,1,RESIDUAL_REVERTED,1105.2679443359375,1062.8358154296875,0.03839080751748747,578.0441234531877,15056.83680109834
PGR,1,2026-07-16,2026-07-20,2,RESIDUAL_REVERTED,205.5,207.0,0.007299270072992803,109.90391825619224,15056.836801098338
WY,-1,2026-07-13,2026-07-21,6,RESIDUAL_REVERTED,23.19662857055664,23.731706619262695,-0.023067061106682774,-337.2563372687848,14620.689463170378
ELV,1,2026-07-16,2026-07-21,3,RESIDUAL_REVERTED,392.6908264160156,384.4168395996094,-0.021069977345589463,-317.2472102953796,15056.83680109834
ISRG,1,2026-07-20,2026-07-21,1,RESIDUAL_REVERTED,347.010009765625,347.010009765625,0.0,0.0,15259.917377098758
CDNS,1,2026-07-20,2026-07-21,1,RESIDUAL_REVERTED,333.0199890136719,328.3599853515625,-0.013993165022649912,-213.5345420897461,15259.917377098758
AIG,-1,2026-07-20,2026-07-21,1,RESIDUAL_REVERTED,79.55301666259766,79.14572143554688,0.005119796132662224,78.12766597201535,15259.917377098758
PYPL,-1,2026-07-16,2026-07-22,4,RESIDUAL_REVERTED,55.273475646972656,55.84206771850586,-0.01028688832894753,-154.8879987600847,15056.836801098341
ABT,-1,2026-07-17,2026-07-22,3,RESIDUAL_REVERTED,101.0,100.44999694824219,0.00544557476987928,82.81705431693763,15208.13831719232
NFLX,1,2026-07-20,2026-07-22,2,RESIDUAL_REVERTED,68.31999969482422,69.37000274658203,0.01536889719625334,234.52810139195063,15259.917377098758
UPS,1,2026-07-21,2026-07-22,1,RESIDUAL_REVERTED,112.73258972167969,114.77010345458984,0.018073866110416503,276.4849810663721,15297.500788003812
DHR,1,2026-07-22,2026-07-23,1,RESIDUAL_REVERTED,178.47000122070312,185.1199951171875,0.037261129887373734,573.1045970519571,15380.762708598324
MSCI,1,2026-07-22,2026-07-23,1,RESIDUAL_REVERTED,553.0321655273438,561.1630249023438,0.014702326341627492,226.13299272494802,15380.762708598324
MMM,-1,2026-07-22,2026-07-23,1,RESIDUAL_REVERTED,171.3001251220703,170.24473571777344,0.006161054485773421,94.76171708042585,15380.762708598324
HAS,-1,2026-07-22,2026-07-24,2,RESIDUAL_REVERTED,88.25775909423828,86.77886199951172,0.016756567466747585,257.72878801666377,15380.762708598326
CAH,1,2026-07-23,2026-07-24,1,RESIDUAL_REVERTED,220.55999755859375,227.8800048828125,0.033188281670497144,511.4160588144593,15409.537133978412
GEV,1,2026-07-23,2026-07-24,1,RESIDUAL_REVERTED,981.3099975585938,1022.7949829101562,0.04227510720850014,651.4398343723004,15409.537133978412
EQT,-1,2026-07-23,2026-07-24,1,RESIDUAL_REVERTED,54.219932556152344,53.48225021362305,0.0136053718208764,209.65248229537917,15409.537133978412
HAL,1,2026-07-22,2026-07-27,3,RESIDUAL_REVERTED,33.40496826171875,32.44940185546875,-0.028605517561441696,-439.97467776917773,15380.762708598324
GL,1,2026-07-24,2026-07-27,1,RESIDUAL_REVERTED,171.16000366210938,174.0399932861328,0.016826300317852816,261.73590238659284,15555.166462165753
TMUS,1,2026-07-24,2026-07-27,1,RESIDUAL_REVERTED,171.1720733642578,179.951416015625,0.051289573578305436,797.8178547840386,15555.166462165751
ALLE,-1,2026-07-24,2026-07-27,1,RESIDUAL_REVERTED,151.7111053466797,153.7040252685547,-0.013136282392254062,-204.33705930552995,15555.166462165753
TRV,-1,2026-07-20,2026-07-28,6,RESIDUAL_REVERTED,366.3474426269531,393.5245056152344,-0.0741838479706689,-1132.0393907476632,15259.917377098758
WAB,-1,2026-07-23,2026-07-28,3,RESIDUAL_REVERTED,293.1973876953125,301.2890319824219,-0.027597941273331372,-425.27150087275373,15409.537133978412
SLB,-1,2026-07-27,2026-07-28,1,RESIDUAL_REVERTED,52.030033111572266,51.36349105834961,0.0128107174522325,199.70378600237572,15588.805759475474
DLR,-1,2026-07-27,2026-07-28,1,RESIDUAL_REVERTED,198.68759155273438,193.39390563964844,0.026643263787718308,415.3366639852078,15588.805759475474
WST,1,2026-07-27,2026-07-29,2,RESIDUAL_REVERTED,329.0250549316406,337.3900146484375,0.025423473353829662,396.3215878440496,15588.805759475474
BKR,-1,2026-07-28,2026-07-29,1,RESIDUAL_REVERTED,59.87971115112305,60.228431701660156,-0.005823684580859467,-90.42040751973926,15526.322942853489
CHRW,1,2026-07-27,2026-07-30,3,RESIDUAL_REVERTED,184.7630615234375,161.19473266601562,-0.12755974415606985,-1988.504074377359,15588.805759475474
WMB,1,2026-07-28,2026-07-30,2,RESIDUAL_REVERTED,70.26970672607422,69.69388580322266,-0.008194440388035629,-127.22952780060304,15526.322942853487
KMI,1,2026-07-28,2026-07-30,2,RESIDUAL_REVERTED,31.654129028320312,31.37672233581543,-0.008763681106395027,-136.06774302607357,15526.322942853487
TRGP,1,2026-07-28,2026-07-30,2,RESIDUAL_REVERTED,266.8113098144531,264.0044250488281,-0.010520111638359642,-163.3386506920428,15526.322942853487
SHW,-1,2026-07-29,2026-07-30,1,RESIDUAL_REVERTED,351.1882629394531,345.0923767089844,0.017357887132804617,268.49765439163,15468.337381005122
NUE,-1,2026-07-29,2026-07-30,1,RESIDUAL_REVERTED,268.94000244140625,258.3800048828125,0.039265254193245,607.3681992120399,15468.337381005122
INCY,-1,2026-07-29,2026-07-30,1,RESIDUAL_REVERTED,128.8699951171875,123.98999786376953,0.037867598652272516,585.7487917618454,15468.337381005122
IQV,-1,2026-07-29,2026-07-31,2,RESIDUAL_REVERTED,241.7899932861328,236.97000122070312,0.019934621776202865,308.3554551970375,15468.337381005122
LII,1,2026-07-30,2026-08-03,2,RESIDUAL_REVERTED,430.010009765625,422.1199951171875,-0.01834844415072545,-285.8630390048,15579.68820988546
GRMN,-1,2026-07-30,2026-08-03,2,RESIDUAL_REVERTED,291.8299255371094,296.18304443359375,-0.01491662956933748,-232.39643783263458,15579.688209885458
MO,1,2026-07-31,2026-08-03,1,RESIDUAL_REVERTED,66.4979476928711,67.3050537109375,0.01213730718117989,187.92984771940814,15483.652585708041
CHRW,1,2026-07-31,2026-08-03,1,RESIDUAL_REVERTED,144.37725830078125,148.5492706298828,0.028896603095274198,447.4249632343218,15483.65258570804
LHX,1,2026-07-31,2026-08-03,1,RESIDUAL_REVERTED,271.6882629394531,275.67913818359375,0.01468917059928354,227.4420143315028,15483.652585708041
EME,-1,2026-07-31,2026-08-03,1,RESIDUAL_REVERTED,838.9000244140625,787.989990234375,0.060686652399665975,939.651042346053,15483.652585708041
HII,-1,2026-07-31,2026-08-04,2,RESIDUAL_REVERTED,321.5106201171875,326.16888427734375,-0.014488678969479585,-224.33767158927702,15483.65258570804
MSFT,-1,2026-07-31,2026-08-05,3,RESIDUAL_REVERTED,449.1544494628906,495.4273376464844,-0.10302221928097999,-1595.1602519553264,15483.652585708043
AMZN,-1,2026-08-03,2026-08-05,2,RESIDUAL_REVERTED,278.2900085449219,281.5899963378906,-0.011858089373108172,-184.56846241685912,15564.772419022464
EBAY,1,2026-08-04,2026-08-05,1,RESIDUAL_REVERTED,105.87808227539062,108.99860382080078,0.029472781130410297,453.53090707127166,15388.127271210076
BA,-1,2026-08-04,2026-08-05,1,RESIDUAL_REVERTED,236.75999450683594,237.9499969482422,-0.005026197284237144,-77.34376350005098,15388.127271210076
DVA,1,2026-08-04,2026-08-05,1,TRAILING_STOP,228.0,205.25,-0.09978070175438591,-1535.438137807146,15388.127271210078
FICO,1,2026-07-31,2026-08-06,4,RESIDUAL_REVERTED,1136.010009765625,1087.280029296875,-0.04289573159553739,-664.1826054350798,15483.652585708041
MAR,1,2026-08-04,2026-08-06,2,RESIDUAL_REVERTED,344.09075927734375,361.27581787109375,0.049943388860084204,768.535224134511,15388.127271210076
MNST,1,2026-08-04,2026-08-06,2,RESIDUAL_REVERTED,46.7599983215332,47.0,0.005132628038531761,78.98153349270724,15388.127271210076
FSLR,-1,2026-08-04,2026-08-06,2,RESIDUAL_REVERTED,233.5800018310547,236.5500030517578,-0.012715134846395415,-195.6621132869293,15388.127271210076
ZBRA,-1,2026-08-05,2026-08-06,1,RESIDUAL_REVERTED,366.3999938964844,367.5199890136719,-0.0030567552834182,-47.05646965978937,15394.254788746997
PODD,1,2026-08-06,2026-08-07,1,RESIDUAL_REVERTED,130.89999389648438,138.0,0.05423992692566748,833.5269033827352,15367.404615515685
AIZ,-1,2026-08-06,2026-08-07,1,RESIDUAL_REVERTED,300.02288818359375,295.46697998046875,0.015185202138101817,233.35714542460505,15367.404615515687
IFF,-1,2026-08-06,2026-08-07,1,RESIDUAL_REVERTED,86.47071838378906,84.33084869384766,0.02474675508585311,380.29339832537573,15367.404615515687
DVA,1,2026-08-06,2026-08-10,2,RESIDUAL_REVERTED,186.00999450683594,182.3300018310547,-0.019783843795802114,-304.02633246025067,15367.404615515687
CRL,-1,2026-08-06,2026-08-10,2,RESIDUAL_REVERTED,264.8900146484375,265.6499938964844,-0.0028690369814639016,-44.08965215103316,15367.404615515687
DDOG,1,2026-08-07,2026-08-10,1,RESIDUAL_REVERTED,234.80999755859375,231.1999969482422,-0.015374135036353098,-237.99638434345843,15480.31052027975
VTRS,1,2026-08-07,2026-08-10,1,RESIDUAL_REVERTED,16.35732078552246,16.178659439086914,-0.010922408918805138,-169.08228169257623,15480.310520279749
MSI,-1,2026-08-07,2026-08-10,1,RESIDUAL_REVERTED,477.10626220703125,468.77777099609375,0.017456260524460476,270.22833344155,15480.310520279749
PH,-1,2026-08-07,2026-08-10,1,RESIDUAL_REVERTED,1076.7015380859375,1082.66943359375,-0.0055427574835842375,-85.80360698448854,15480.310520279749
MCHP,-1,2026-08-10,2026-08-11,1,RESIDUAL_REVERTED,85.02842712402344,81.78791809082031,0.038110890002428066,590.986420386909,15507.0222802264
TTD,1,2026-08-10,2026-08-12,2,RESIDUAL_REVERTED,13.475000381469727,13.460000038146973,-0.0011131979887274435,-17.262386013499995,15507.0222802264
ABNB,-1,2026-08-10,2026-08-12,2,RESIDUAL_REVERTED,178.69000244140625,181.3979949951172,-0.015154695375858562,-235.00419884348295,15507.022280226398
VRSK,1,2026-08-11,2026-08-12,1,RESIDUAL_REVERTED,177.57400512695312,177.8732147216797,0.0016849853361851075,25.98928528693985,15424.042410827153
DUK,1,2026-08-11,2026-08-12,1,RESIDUAL_REVERTED,120.1932373046875,121.64051055908203,0.012041220345248904,185.7242932832337,15424.042410827155
COHR,1,2026-08-11,2026-08-12,1,RESIDUAL_REVERTED,323.8599853515625,358.1400146484375,0.10584830126408695,1632.6086878112878,15424.042410827155
DDOG,-1,2026-08-11,2026-08-12,1,RESIDUAL_REVERTED,256.6300048828125,240.19000244140625,0.06406110793207287,988.0812456288684,15424.042410827155
APA,-1,2026-08-11,2026-08-12,1,RESIDUAL_REVERTED,40.4900016784668,40.11000061035156,0.009385059332248091,144.75555316872322,15424.042410827155
HST,1,2026-08-07,2026-08-13,4,RESIDUAL_REVERTED,23.299999237060547,23.040000915527344,-0.01115872661144357,-172.74055295605598,15480.310520279749
VRTX,-1,2026-08-11,2026-08-13,2,RESIDUAL_REVERTED,525.02001953125,528.6799926757812,-0.006971111592656953,-107.52272085574889,15424.042410827155
KKR,-1,2026-08-12,2026-08-13,1,RESIDUAL_REVERTED,112.0,111.6500015258789,0.0031249863760811625,48.47743645565563,15512.847296456845
LNT,-1,2026-08-13,2026-08-14,1,RESIDUAL_REVERTED,70.45999908447266,70.01000213623047,0.006386559098626954,100.67849757355222,15764.12212253648
COR,1,2026-08-13,2026-08-17,2,RESIDUAL_REVERTED,311.4959411621094,312.0,0.001618187498720225,25.50930534698792,15764.12212253648
TPR,1,2026-08-13,2026-08-17,2,RESIDUAL_REVERTED,132.1988525390625,127.81547546386719,-0.03315745175549156,-522.6981187456811,15764.12212253648
FSLR,1,2026-08-13,2026-08-17,2,RESIDUAL_REVERTED,223.50999450683594,225.36000061035156,0.00827706209557899,130.48061769052669,15764.12212253648
WDAY,-1,2026-08-14,2026-08-17,1,RESIDUAL_REVERTED,207.85000610351562,192.49000549316406,0.07389944748282473,1155.1666002718425,15631.59995939508
FISV,-1,2026-08-14,2026-08-17,1,RESIDUAL_REVERTED,55.540000915527344,54.0099983215332,0.0275477596106124,430.6155580106744,15631.599959395078
HD,1,2026-08-13,2026-08-18,3,RESIDUAL_REVERTED,344.4615783691406,334.31634521484375,-0.029452437634204798,-464.2918236719944,15764.12212253648
SMCI,-1,2026-08-13,2026-08-18,3,RESIDUAL_REVERTED,38.279998779296875,37.099998474121094,0.03082550529792505,485.9370300053862,15764.122122536482
CSCO,1,2026-08-14,2026-08-18,2,RESIDUAL_REVERTED,112.80000305175781,111.75,-0.009308537441049758,-145.50733348554067,15631.599959395078
CPRT,-1,2026-08-17,2026-08-19,2,RESIDUAL_REVERTED,31.329999923706055,31.639999389648438,-0.009894652623596789,-155.4045407287146,15705.911732374188
STZ,1,2026-08-18,2026-08-19,1,RESIDUAL_REVERTED,131.58999633789062,131.0,-0.0044835956707199864,-70.85446529961385,15803.045257253518
TAP,1,2026-08-18,2026-08-19,1,RESIDUAL_REVERTED,40.70553207397461,40.93288040161133,0.005585194838469532,88.26308680291268,15803.045257253518
DVN,-1,2026-08-18,2026-08-19,1,RESIDUAL_REVERTED,47.691131591796875,47.90971755981445,-0.004583367194733956,-72.43115920899052,15803.04525725352
UNP,-1,2026-08-18,2026-08-19,1,RESIDUAL_REVERTED,300.8638000488281,300.4357604980469,0.0014227020688822867,22.483025182134757,15803.045257253518
WEC,-1,2026-08-13,2026-08-20,5,RESIDUAL_REVERTED,108.33563995361328,108.7300033569336,-0.0036402000624093933,-57.38455833428774,15764.12212253648
CVNA,1,2026-08-18,2026-08-20,2,RESIDUAL_REVERTED,67.62000274658203,69.66000366210938,0.030168601488713476,476.75577467418486,15803.045257253518
TRGP,-1,2026-08-19,2026-08-20,1,RESIDUAL_REVERTED,298.29998779296875,300.0,-0.005699001932950587,-89.96357352405195,15785.847168062855
FITB,1,2026-08-20,2026-08-21,1,RESIDUAL_REVERTED,54.93000030517578,54.810001373291016,-0.002184579122848862,-34.46029388114708,15774.340018506186
MRNA,-1,2026-08-20,2026-08-21,1,RESIDUAL_REVERTED,150.13999938964844,133.11000061035156,0.11342746002749104,1789.2433219091624,15774.340018506186
EL,-1,2026-08-20,2026-08-21,1,RESIDUAL_REVERTED,97.10017395019531,96.42247772216797,0.006979351328195826,110.0946609595741,15774.340018506186
MRK,-1,2026-08-20,2026-08-21,1,RESIDUAL_REVERTED,149.89520263671875,148.24493408203125,0.011009482129238246,173.66731453427147,15774.340018506186
TEL,1,2026-08-19,2026-08-24,3,RESIDUAL_REVERTED,207.2308349609375,203.77000427246094,-0.01670036550848686,-263.62941756776104,15785.847168062857
PNC,1,2026-08-20,2026-08-24,2,RESIDUAL_REVERTED,245.75999450683594,243.86000061035156,-0.0077310951292014485,-121.95292328344071,15774.340018506184
WMT,1,2026-08-21,2026-08-24,1,RESIDUAL_REVERTED,103.69000244140625,104.13999938964844,0.00433982966194324,68.89922746611718,15876.021142098327
NDSN,-1,2026-08-21,2026-08-24,1,RESIDUAL_REVERTED,337.0378112792969,330.6370544433594,0.018991212919529987,301.5048978245493,15876.021142098327
SRE,1,2026-08-24,2026-08-25,1,RESIDUAL_REVERTED,82.38802337646484,83.95486450195312,0.019017826393634252,301.7087088848158,15864.521141375379
HOOD,-1,2026-08-24,2026-08-25,1,RESIDUAL_REVERTED,106.8550033569336,103.19999694824219,0.0342052902893315,542.6505509419817,15864.521141375382
ALB,-1,2026-08-24,2026-08-25,1,RESIDUAL_REVERTED,142.76901245117188,135.84234619140625,0.0485165943284408,769.6925364310825,15864.52114137538
JBL,1,2026-08-19,2026-08-26,5,RESIDUAL_REVERTED,347.239990234375,310.4800109863281,-0.10586332300964285,-1671.142237733494,15785.847168062855
DE,-1,2026-08-21,2026-08-26,3,RESIDUAL_REVERTED,623.260009765625,632.1500244140625,-0.014263733448550031,-226.4513337944337,15876.021142098325
JBHT,1,2026-08-25,2026-08-26,1,RESIDUAL_REVERTED,261.5,262.1199951171875,0.0023709182301625553,37.81045724893879,15947.600709260616
A,1,2026-08-25,2026-08-26,1,RESIDUAL_REVERTED,153.89999389648438,152.4499969482422,-0.009421682948327348,-150.25323766917364,15947.600709260616
BSX,1,2026-08-25,2026-08-26,1,RESIDUAL_REVERTED,48.790000915527344,47.0,-0.03668786394627177,-585.0834050908212,15947.600709260616
FCX,-1,2026-08-24,2026-08-27,3,RESIDUAL_REVERTED,78.38999938964844,78.83000183105469,-0.005612992024903063,-89.0474306454455,15864.521141375379
ALB,1,2026-08-26,2026-08-27,1,RESIDUAL_REVERTED,132.1248779296875,134.45701599121094,0.017651013935199522,283.72903799163237,16074.376182199003
CDW,-1,2026-08-26,2026-08-27,1,RESIDUAL_REVERTED,143.5800018310547,141.77000427246094,0.012606195399854525,202.63672708356867,16074.376182199003
KMI,-1,2026-08-27,2026-08-28,1,RESIDUAL_REVERTED,32.0,31.670000076293945,0.010312497615814209,164.9135573894844,15991.621383416328
CHD,-1,2026-08-25,2026-08-31,4,RESIDUAL_REVERTED,102.08999633789062,100.80999755859375,0.012537945197494405,199.95014372423216,15947.600709260616
CDNS,-1,2026-08-26,2026-08-31,3,RESIDUAL_REVERTED,328.5,336.2200012207031,-0.023500764750998826,-377.7601331769179,16074.376182199003
SCHW,1,2026-08-27,2026-08-31,2,RESIDUAL_REVERTED,108.94999694824219,109.4000015258789,0.004130377147697484,66.05142751669155,15991.621383416326
BSX,1,2026-08-27,2026-08-31,2,RESIDUAL_REVERTED,48.0,46.400001525878906,-0.03333330154418945,-533.0535377539245,15991.621383416328
HRL,1,2026-08-28,2026-08-31,1,RESIDUAL_REVERTED,21.290000915527344,21.540000915527344,0.0117426016556752,186.57361763707144,15888.609961225999
VEEV,-1,2026-08-28,2026-08-31,1,RESIDUAL_REVERTED,280.0,274.7900085449219,0.01860711233956469,295.6411504680594,15888.609961225999
XOM,1,2026-08-27,2026-09-01,3,RESIDUAL_REVERTED,157.6300048828125,163.60000610351562,0.03787350780799259,605.6587973272811,15991.621383416328
COP,1,2026-08-27,2026-09-01,3,RESIDUAL_REVERTED,130.0,135.0,0.03846153846153855,615.0623609006279,15991.621383416328
LULU,-1,2026-08-31,2026-09-02,2,RESIDUAL_REVERTED,119.0,118.55000305175781,0.003781486960018343,60.460951123682584,15988.671060600107
EIX,1,2026-09-01,2026-09-02,1,RESIDUAL_REVERTED,54.0099983215332,56.779998779296875,0.05128680881034775,822.7160841640581,16041.475444618933
PCG,1,2026-09-01,2026-09-02,1,RESIDUAL_REVERTED,13.300000190734863,13.5600004196167,0.01954888910926167,313.5930246158008,16041.475444618933
AON,1,2026-09-01,2026-09-02,1,RESIDUAL_REVERTED,321.4200134277344,327.70001220703125,0.019538294184997307,313.42306639837597,16041.47544461893
CRM,-1,2026-08-28,2026-09-03,4,RESIDUAL_REVERTED,250.03012084960938,261.5199279785156,-0.04595369185865916,-730.1402862206013,15888.609961225999
ODFL,1,2026-09-02,2026-09-03,1,RESIDUAL_REVERTED,186.61000061035156,189.75,0.01682653330142192,274.6778748089407,16324.091830949506
PG,-1,2026-09-01,2026-09-04,3,RESIDUAL_REVERTED,145.75999450683594,146.47000122070312,-0.004871067100883364,-78.13910328791151,16041.47544461893
DE,-1,2026-09-01,2026-09-04,3,RESIDUAL_REVERTED,655.3400268554688,692.030029296875,-0.055986207064837146,-898.1013658679369,16041.47544461893
OMC,1,2026-09-03,2026-09-04,1,RESIDUAL_REVERTED,82.4521713256836,82.6600341796875,0.002521011280380403,40.62598211040485,16114.954513124834
FDX,1,2026-09-03,2026-09-04,1,RESIDUAL_REVERTED,317.4438171386719,322.4840087890625,0.015877428944186533,255.86404522093864,16114.954513124836
NEE,-1,2026-09-01,2026-09-08,4,RESIDUAL_REVERTED,82.69999694824219,83.31999969482422,-0.007497010513435098,-120.26311005932085,16041.47544461893
PANW,1,2026-09-03,2026-09-08,2,RESIDUAL_REVERTED,333.30999755859375,327.57000732421875,-0.017221176311598474,-277.5184729239123,16114.954513124836
TSN,1,2026-09-04,2026-09-08,1,RESIDUAL_REVERTED,51.099998474121094,51.45000076293945,0.006849360063985399,109.87106934514097,16041.070745112946
PFG,-1,2026-09-04,2026-09-08,1,RESIDUAL_REVERTED,117.02999877929688,115.80999755859375,0.01042468797255891,167.22315726354617,16041.070745112944
LULU,1,2026-09-08,2026-09-09,1,RESIDUAL_REVERTED,100.58000183105469,101.9000015258789,0.01312387821429395,209.58280275519692,15969.578453336258
FICO,1,2026-09-08,2026-09-09,1,RESIDUAL_REVERTED,920.510009765625,934.989990234375,0.015730388931280315,251.20768013957462,15969.578453336257
DELL,-1,2026-09-03,2026-09-09,3,TRAILING_STOP,486.30999755859375,550.0564971923827,-0.13108202577329986,-2112.3808828249844,16114.954513124834
CDNS,1,2026-09-02,2026-09-10,5,RESIDUAL_REVERTED,312.6199951171875,282.2799987792969,-0.09705072232029655,-1584.2649034165017,16324.091830949506
BEN,-1,2026-09-08,2026-09-10,2,RESIDUAL_REVERTED,34.47999954223633,33.97999954223633,0.014501160285327885,231.57741684094717,15969.578453336258
KLAC,-1,2026-09-08,2026-09-10,2,RESIDUAL_REVERTED,190.14999389648438,176.6699981689453,0.07089138133171557,1132.1054758422092,15969.578453336258
AMGN,1,2026-09-09,2026-09-10,1,RESIDUAL_REVERTED,393.07000732421875,387.8399963378906,-0.013305545803229402,-212.16384793272218,15945.520091421356
HWM,1,2026-09-09,2026-09-10,1,RESIDUAL_REVERTED,232.7100067138672,231.5399932861328,-0.005027774457387113,-80.170478625402,15945.520091421356
TKO,-1,2026-09-09,2026-09-10,1,RESIDUAL_REVERTED,193.1092529296875,190.30076599121094,0.014543513041807232,231.9038794079858,15945.520091421356
CASY,1,2026-09-10,2026-09-11,1,RESIDUAL_REVERTED,632.0,628.47998046875,-0.005569651157041111,-88.97161246477245,15974.3599654881
META,-1,2026-09-10,2026-09-11,1,RESIDUAL_REVERTED,653.1945190429688,652.9946899414062,0.000305925870068946,4.886969971236805,15974.3599654881
XYL,-1,2026-09-09,2026-09-14,3,RESIDUAL_REVERTED,108.08999633789062,106.2300033569336,0.017207817966268357,274.3876071106529,15945.520091421355
LH,1,2026-09-11,2026-09-14,1,RESIDUAL_REVERTED,310.5400085449219,314.1199951171875,0.011528261975132015,185.58416491538722,16098.191151078556
ELV,-1,2026-09-11,2026-09-14,1,RESIDUAL_REVERTED,420.0,422.5400085449219,-0.006047639392671167,-97.35605495601249,16098.191151078556
COO,1,2026-09-10,2026-09-15,3,RESIDUAL_REVERTED,51.880001068115234,54.400001525878906,0.04857363928067526,775.9327987032776,15974.3599654881
FDS,1,2026-09-11,2026-09-15,2,RESIDUAL_REVERTED,264.8999938964844,273.45001220703125,0.032276400556989104,519.5916658351875,16098.191151078556
SWKS,-1,2026-09-11,2026-09-15,2,RESIDUAL_REVERTED,84.2699966430664,80.54000091552734,0.04426244068025553,712.5452308840296,16098.191151078556
EW,1,2026-09-14,2026-09-15,1,RESIDUAL_REVERTED,85.44999694824219,85.02999877929688,-0.004915133808602867,-78.2288107239125,15915.906620281816
NTAP,-1,2026-09-14,2026-09-15,1,RESIDUAL_REVERTED,194.0399932861328,189.75999450683594,0.022057302243798538,351.0619628076304,15915.906620281812
BAC,1,2026-09-15,2026-09-16,1,RESIDUAL_REVERTED,59.369998931884766,59.27000045776367,-0.0016843266956400038,-27.280419898055783,16196.632143082792
BKR,1,2026-09-11,2026-09-17,4,RESIDUAL_REVERTED,59.9900016784668,56.72999954223633,-0.054342424487723195,-874.8147370164198,16098.191151078554
JKHY,1,2026-09-16,2026-09-17,1,RESIDUAL_REVERTED,155.27999877929688,158.14999389648438,0.018482709555315502,297.2303769832486,16081.536968034328
OKE,1,2026-09-16,2026-09-17,1,RESIDUAL_REVERTED,93.3499984741211,92.1500015258789,-0.012854814867242381,-206.72518050479601,16081.536968034328
SWKS,-1,2026-09-16,2026-09-17,1,RESIDUAL_REVERTED,89.37999725341797,86.76000213623047,0.029312991694988133,471.39795958663433,16081.536968034328
PANW,-1,2026-09-15,2026-09-18,3,RESIDUAL_REVERTED,368.42999267578125,375.0799865722656,-0.01804954544603632,-292.3418479393069,16196.63214308279
FTNT,-1,2026-09-15,2026-09-18,3,RESIDUAL_REVERTED,168.6699981689453,172.4600067138672,-0.022469962566346258,-363.9377179559491,16196.632143082788
SYY,1,2026-09-16,2026-09-18,2,RESIDUAL_REVERTED,79.7300033569336,78.83999633789062,-0.011162761589995185,-179.51436317486187,16081.536968034326
RVTY,-1,2026-09-16,2026-09-18,2,RESIDUAL_REVERTED,140.8800048828125,146.5,-0.039892070715516814,-641.5258099430221,16081.536968034328
HSIC,1,2026-09-18,2026-09-21,1,RESIDUAL_REVERTED,84.83999633789062,85.25,0.004832669493247677,77.37127779063239,16010.04949722637
BRK-B,1,2026-09-18,2026-09-21,1,RESIDUAL_REVERTED,507.1600036621094,507.92999267578125,0.0015182368643267274,24.30704734638411,16010.04949722637
JBHT,1,2026-09-17,2026-09-22,3,RESIDUAL_REVERTED,238.60000610351562,236.52999877929688,-0.008675638186365742,-139.51638879436436,16081.39779429978
GNRC,-1,2026-09-18,2026-09-22,2,RESIDUAL_REVERTED,209.52000427246094,204.6300048828125,0.023339057321178025,373.65946293066423,16010.049497226371
NUE,1,2026-09-21,2026-09-23,2,RESIDUAL_REVERTED,248.38999938964844,244.4199981689453,-0.015982935023383882,-256.3567351265077,16039.40294767159
COIN,-1,2026-09-21,2026-09-23,2,RESIDUAL_REVERTED,205.19000244140625,198.0,0.03504070547228255,562.0319946406205,16039.40294767159
UNP,1,2026-09-22,2026-09-23,1,RESIDUAL_REVERTED,271.04998779296875,273.95001220703125,0.010699223555315385,171.29122752234858,16009.687678434355
OTIS,1,2026-09-22,2026-09-23,1,RESIDUAL_REVERTED,67.66999816894531,67.95999908447266,0.004285516822437607,68.60978586790405,16009.687678434353
AAPL,-1,2026-09-11,2026-09-24,9,RESIDUAL_REVERTED,327.45001220703125,336.7200012207031,-0.02830963099128203,-455.7338511141568,16098.191151078556
VZ,1,2026-09-18,2026-09-24,4,RESIDUAL_REVERTED,47.5,46.91999816894531,-0.012210564864309159,-195.49174786668365,16010.04949722637
ADI,-1,2026-09-21,2026-09-24,3,RESIDUAL_REVERTED,377.04998779296875,381.2099914550781,-0.0110330295631611,-176.96320689711473,16039.40294767159
LEN,-1,2026-09-23,2026-09-24,1,RESIDUAL_REVERTED,82.0,81.19000244140625,0.009878019007240835,157.96640231403887,15991.708681492235
NDAQ,-1,2026-09-21,2026-09-25,4,RESIDUAL_REVERTED,94.44999694824219,94.61000061035156,-0.001694056826672563,-27.171660059255526,16039.40294767159
SCHW,1,2026-09-23,2026-09-25,2,RESIDUAL_REVERTED,100.0,99.5199966430664,-0.004800033569335893,-76.76073850220368,15991.708681492235
MCD,1,2026-09-24,2026-09-25,1,RESIDUAL_REVERTED,239.6999969482422,236.77999877929688,-0.012181886550360788,-195.21706213369552,16025.191281059326
EXPE,1,2026-09-24,2026-09-25,1,RESIDUAL_REVERTED,260.54998779296875,262.1499938964844,0.006140879595001092,98.40877014384661,16025.191281059328
IR,-1,2026-09-24,2026-09-25,1,RESIDUAL_REVERTED,75.4800033569336,74.9800033569336,0.006624271035542639,106.15521044215251,16025.191281059328
CVS,-1,2026-09-28,2026-09-29,1,RESIDUAL_REVERTED,89.51000213623047,87.19999694824219,0.025807229726936498,409.90842455490184,15883.472534328466
RCL,-1,2026-09-25,2026-09-29,2,TRAILING_STOP,241.8000030517578,261.6942852487527,-0.08227577314271772,-1318.3638039200252,16023.718204788627
PAYX,1,2026-09-24,2026-09-30,4,RESIDUAL_REVERTED,105.48999786376953,99.31999969482422,-0.05848894012599459,-937.2964533454895,16025.191281059328
CTAS,-1,2026-09-25,2026-09-30,3,RESIDUAL_REVERTED,198.22000122070312,198.24000549316406,-0.00010091954564495076,-1.6171063607702012,16023.718204788629
RL,-1,2026-09-25,2026-09-30,3,RESIDUAL_REVERTED,346.95001220703125,358.2200012207031,-0.032483033915983395,-520.4989819063109,16023.71820478863
GEN,1,2026-09-28,2026-09-30,2,RESIDUAL_REVERTED,21.489999771118164,20.8799991607666,-0.028385324190248862,-450.8575171538269,15883.472534328466
