ticker,side,entry_date,exit_date,days_held,reason,entry_px,exit_px,ret_gross,pnl_net,notional
IT,-1,2019-02-05,2019-02-05,0,STOP_LOSS,129.1199951171875,134.284794921875,-0.040000000000000036,-410.20000000000033,10000.0
XOM,1,2019-02-05,2019-02-06,1,RESIDUAL_REVERTED,53.23251724243164,53.515743255615234,0.005320545182819769,43.1788491022843,10000.0
NI,1,2019-02-05,2019-02-06,1,RESIDUAL_REVERTED,20.363813400268555,20.47275161743164,0.005349598084691154,43.46923285648868,10000.0
CLX,-1,2019-02-05,2019-02-06,1,RESIDUAL_REVERTED,124.51311492919922,120.6391372680664,0.03111300896564706,301.0932010766659,10000.0
SYY,-1,2019-02-05,2019-02-06,1,RESIDUAL_REVERTED,53.57318878173828,53.712669372558594,-0.0026035521497249636,-36.24710386114135,10000.0
GD,-1,2019-02-05,2019-02-06,1,RESIDUAL_REVERTED,147.13229370117188,144.91610717773438,0.015062543155472174,140.50504738296223,10000.0
MCK,-1,2019-02-05,2019-02-06,1,RESIDUAL_REVERTED,125.43705749511719,124.28257751464844,0.009203659616407123,81.88538420610047,10000.0
CHD,1,2019-02-06,2019-02-07,1,RESIDUAL_REVERTED,56.24172592163086,56.760955810546875,0.009232111575657065,82.4317640834912,10019.05912733966
GILD,1,2019-02-06,2019-02-07,1,RESIDUAL_REVERTED,50.701446533203125,51.33915328979492,0.012577683679580565,115.934489065118,10019.05912733966
EL,-1,2019-02-06,2019-02-07,1,RESIDUAL_REVERTED,135.6870880126953,134.95350646972656,0.005406421154090291,43.97590298140046,10019.05912733966
TTWO,1,2019-02-07,2019-02-08,1,RESIDUAL_REVERTED,92.55999755859375,95.4000015258789,0.030682844016793887,298.1497713798411,10049.709119507934
OMC,1,2019-02-07,2019-02-08,1,RESIDUAL_REVERTED,55.65239334106445,56.05939483642578,0.007313279284630658,63.409872235993895,10049.709119507934
SWKS,-1,2019-02-07,2019-02-08,1,RESIDUAL_REVERTED,70.6744384765625,66.86856842041016,0.053850729318698054,531.2138317879794,10049.709119507934
CTSH,-1,2019-02-07,2019-02-08,1,RESIDUAL_REVERTED,65.70655822753906,64.18303680419922,0.023186748240015098,222.89067594057136,10049.709119507934
MCHP,-1,2019-02-07,2019-02-08,1,RESIDUAL_REVERTED,37.79739761352539,37.40493392944336,0.010383351999387225,94.15175565933222,10049.709119507934
ADM,1,2019-02-06,2019-02-11,3,RESIDUAL_REVERTED,33.21421432495117,33.31776428222656,0.0031176398231886893,21.20114069007303,10019.05912733966
CPRI,-1,2019-02-07,2019-02-11,2,RESIDUAL_REVERTED,47.75,45.900001525878906,0.038743423541803046,379.11603970022185,10049.709119507934
TAP,1,2019-02-13,2019-02-14,1,RESIDUAL_REVERTED,47.40325164794922,47.611751556396484,0.004398430512652096,34.647047493726085,10201.615985428742
EG,1,2019-02-13,2019-02-14,1,RESIDUAL_REVERTED,180.63226318359375,181.23406982421875,0.0033316674995835793,23.769782240245174,10201.615985428742
FMC,1,2019-02-13,2019-02-14,1,RESIDUAL_REVERTED,58.76595687866211,58.97060775756836,0.0034824733532172747,25.307476415666656,10201.615985428742
GILD,1,2019-02-13,2019-02-14,1,RESIDUAL_REVERTED,49.193458557128906,49.61359786987305,0.00854055244471641,76.88225664081008,10201.615985428742
DHI,-1,2019-02-13,2019-02-14,1,RESIDUAL_REVERTED,37.5757942199707,36.57917404174805,0.026522930490527674,260.3107450280202,10201.615985428742
FLR,-1,2019-02-13,2019-02-14,1,RESIDUAL_REVERTED,35.172767639160156,34.49120330810547,0.01937761446716113,187.38066666656016,10201.615985428742
BHF,-1,2019-02-13,2019-02-15,2,RESIDUAL_REVERTED,40.970001220703125,41.36000061035156,-0.009519145180092448,-107.76753836841371,10201.615985428742
TROW,-1,2019-02-13,2019-02-15,2,RESIDUAL_REVERTED,71.03263092041016,71.28778076171875,-0.0035920088838392594,-47.27028501539437,10201.615985428742
COTY,-1,2019-02-13,2019-02-15,2,RESIDUAL_REVERTED,10.385453224182129,10.527459144592285,-0.01367354099477347,-150.1741224521576,10201.615985428742
FIS,1,2019-02-13,2019-02-19,3,RESIDUAL_REVERTED,91.22075653076172,92.4603271484375,0.013588690390413216,128.35567182189823,10201.615985428742
AIG,1,2019-02-15,2019-02-19,1,RESIDUAL_REVERTED,33.29461669921875,34.514102935791016,0.036627129472281306,364.6707004107153,10241.022935374966
MGM,1,2019-02-15,2019-02-19,1,RESIDUAL_REVERTED,26.851511001586914,27.57196617126465,0.026831084836721253,264.39934338088267,10241.022935374966
EQIX,-1,2019-02-15,2019-02-19,1,RESIDUAL_REVERTED,364.1101989746094,364.568115234375,-0.00125763096187681,-23.3300465161827,10241.022935374966
IQV,-1,2019-02-15,2019-02-19,1,RESIDUAL_REVERTED,142.80999755859375,141.32000732421875,0.01043337483262452,96.45900324320615,10241.022935374966
PEP,-1,2019-02-19,2019-02-20,1,RESIDUAL_REVERTED,91.68001556396484,90.85584259033203,0.008989668779645799,82.03571438850902,10287.293450497775
ITW,-1,2019-02-19,2019-02-20,1,RESIDUAL_REVERTED,119.75743865966797,119.82423400878906,-0.0005577553250024625,-16.231868723335573,10287.293450497775
KO,1,2019-02-15,2019-02-21,3,RESIDUAL_REVERTED,36.3054084777832,35.593536376953125,-0.01960788022163973,-210.94537162374107,10241.022935374966
IFF,1,2019-02-15,2019-02-21,3,RESIDUAL_REVERTED,109.43144989013672,106.2287826538086,-0.029266424227618604,-309.80928562595466,10241.022935374966
ANET,-1,2019-02-19,2019-02-21,2,RESIDUAL_REVERTED,16.536874771118164,16.76187515258789,-0.01360597964149135,-150.74278729784731,10287.293450497775
ECL,-1,2019-02-20,2019-02-21,1,RESIDUAL_REVERTED,152.6299285888672,152.22451782226562,0.0026561682256538433,16.762933875342092,10235.660045210641
ALLE,1,2019-02-20,2019-02-22,2,RESIDUAL_REVERTED,79.43196105957031,80.11107635498047,0.008549647853977271,77.23187324989495,10235.66004521064
GRMN,-1,2019-02-21,2019-02-22,1,RESIDUAL_REVERTED,69.2705307006836,69.5146713256836,-0.0035244514879628763,-46.44374147567891,10216.203154072839
EXR,1,2019-02-22,2019-02-25,1,RESIDUAL_REVERTED,69.21013641357422,70.46200561523438,0.018087945878035194,173.88020445116288,10180.99438812748
HRL,1,2019-02-22,2019-02-25,1,RESIDUAL_REVERTED,33.04267883300781,34.46118927001953,0.04292964393657761,426.66693638247983,10180.99438812748
ALB,-1,2019-02-22,2019-02-25,1,RESIDUAL_REVERTED,80.90090942382812,81.04501342773438,-0.0017812408405857294,-28.525406975493322,10180.99438812748
CPRT,-1,2019-02-22,2019-02-25,1,TRAILING_STOP,14.104999542236328,14.744323337503053,-0.04532604154663877,-472.08460023615976,10180.99438812748
ALK,1,2019-02-20,2019-02-26,4,RESIDUAL_REVERTED,62.35773468017578,61.36979293823242,-0.01584313072003618,-172.31947769728333,10235.66004521064
HST,-1,2019-02-21,2019-02-26,3,RESIDUAL_REVERTED,14.532852172851562,14.65095329284668,-0.008126492899703353,-93.89451842091663,10216.20315407284
INTU,-1,2019-02-25,2019-02-26,1,RESIDUAL_REVERTED,234.14312744140625,233.38507080078125,0.0032375780101199236,22.57122596533502,10170.399460299435
TJX,1,2019-02-26,2019-02-27,1,RESIDUAL_REVERTED,44.8488655090332,45.07514572143555,0.0050453943446298055,40.95140718338068,10129.28699063038
YUM,1,2019-02-26,2019-02-27,1,RESIDUAL_REVERTED,81.26634979248047,81.08358001708984,-0.002249021592053091,-32.89888165208321,10129.28699063038
CVS,1,2019-02-21,2019-02-27,4,TRAILING_STOP,50.24718475341797,46.45544433975673,-0.07546174839981079,-780.7632888920645,10216.20315407284
J,-1,2019-02-20,2019-02-28,6,RESIDUAL_REVERTED,55.6481819152832,58.03999710083008,-0.04298101219529671,-451.6598384901524,10235.66004521064
OKE,1,2019-02-27,2019-02-28,1,RESIDUAL_REVERTED,40.23065185546875,40.47917175292969,0.006177376850709848,52.18654868083976,10085.744559266977
KHC,1,2019-02-25,2019-03-01,4,RESIDUAL_REVERTED,23.692113876342773,22.615808486938477,-0.04542884586077467,-471.9688941300363,10170.399460299435
SJM,-1,2019-02-27,2019-03-01,2,RESIDUAL_REVERTED,83.94409942626953,82.76736450195312,0.0140180778918233,130.97111284282647,10085.744559266977
DHR,-1,2019-02-26,2019-03-04,4,RESIDUAL_REVERTED,104.7931137084961,109.38096618652344,-0.04378009504316682,-454.6401583082204,10129.28699063038
AZO,-1,2019-02-27,2019-03-04,3,RESIDUAL_REVERTED,900.0,934.4099731445312,-0.03823330349392351,-396.5080616798221,10085.744559266977
UNH,1,2019-02-28,2019-03-04,2,RESIDUAL_REVERTED,218.34881591796875,216.9671630859375,-0.006327732194116087,-73.24354377549707,9999.707900234245
HUM,1,2019-02-28,2019-03-04,2,RESIDUAL_REVERTED,269.10040283203125,272.07171630859375,0.011041653766743487,100.35839784652079,9999.707900234245
CI,1,2019-02-28,2019-03-04,2,RESIDUAL_REVERTED,161.92684936523438,160.9376983642578,-0.006108628710149722,-71.05366842133006,9999.707900234245
BBY,-1,2019-02-28,2019-03-04,2,RESIDUAL_REVERTED,51.1277961730957,50.031494140625,0.02144238779154728,204.13495433736992,9999.707900234245
HPQ,1,2019-03-01,2019-03-05,2,RESIDUAL_REVERTED,15.086353302001953,14.79856014251709,-0.019076390014455824,-199.54273130310995,9943.898180865357
XRAY,-1,2019-03-04,2019-03-05,1,RESIDUAL_REVERTED,43.356727600097656,43.28624725341797,0.0016255919341922054,6.0682313104994945,10000.82417557176
MNST,-1,2019-03-01,2019-03-06,3,RESIDUAL_REVERTED,16.092500686645508,15.682499885559082,0.025477755699377935,242.94132333158305,9943.898180865357
SPG,1,2019-03-04,2019-03-06,2,RESIDUAL_REVERTED,118.01866149902344,117.41984558105469,-0.005073908739201438,-60.7187217246304,10000.82417557176
ELV,1,2019-03-05,2019-03-06,1,RESIDUAL_REVERTED,264.4116516113281,268.8581237792969,0.016816475903659756,157.94971023185914,9991.715216053688
UNH,1,2019-03-05,2019-03-06,1,RESIDUAL_REVERTED,206.83236694335938,211.3882598876953,0.022026982583357224,209.98557815730578,9991.715216053688
ETN,-1,2019-03-05,2019-03-06,1,RESIDUAL_REVERTED,69.79069519042969,69.42950439453125,0.005175343144424915,41.54730161949548,9991.715216053688
AON,1,2019-03-06,2019-03-07,1,RESIDUAL_REVERTED,157.07237243652344,154.12936401367188,-0.01873663953246074,-198.2710040752647,10050.60466485994
WTW,-1,2019-03-06,2019-03-07,1,RESIDUAL_REVERTED,155.50006103515625,153.90872192382812,0.010233688017449394,92.65744548042534,10050.60466485994
KSS,-1,2019-03-06,2019-03-07,1,RESIDUAL_REVERTED,47.658626556396484,46.182533264160156,0.030972216341350167,301.200609343088,10050.60466485994
CNC,1,2019-03-05,2019-03-08,3,RESIDUAL_REVERTED,58.81999969482422,56.029998779296875,-0.04743286178175288,-483.69039419836247,9991.715216053688
BF-B,1,2019-03-07,2019-03-08,1,RESIDUAL_REVERTED,42.454158782958984,43.18329620361328,0.017174699524301396,162.4136630218155,10046.55054154637
LYB,-1,2019-03-07,2019-03-08,1,RESIDUAL_REVERTED,55.65707778930664,53.9727783203125,0.03026208949327458,293.93973118429057,10046.55054154637
DLTR,-1,2019-03-07,2019-03-08,1,TRAILING_STOP,99.43000030517578,103.56709344471041,-0.04160809742368343,-428.48022736859247,10046.55054154637
XOM,-1,2019-03-08,2019-03-11,1,RESIDUAL_REVERTED,56.4796028137207,57.25996780395508,-0.013816757756037079,-148.49577089719486,10004.06877615725
TGT,-1,2019-03-06,2019-03-12,4,RESIDUAL_REVERTED,62.35987091064453,62.0513916015625,0.00494675990468374,38.9000447057075,10050.60466485994
HAL,1,2019-03-07,2019-03-12,3,RESIDUAL_REVERTED,24.72490882873535,24.096683502197266,-0.025408600326483732,-265.187703517832,10046.55054154637
KR,1,2019-03-08,2019-03-12,2,RESIDUAL_REVERTED,21.753047943115234,21.0395565032959,-0.032799607746240134,-337.9695357346617,10004.06877615725
JCI,-1,2019-03-08,2019-03-12,2,RESIDUAL_REVERTED,30.064725875854492,30.850046157836914,-0.02612098594296941,-271.85675812905566,10004.06877615725
COST,-1,2019-03-11,2019-03-12,1,RESIDUAL_REVERTED,205.64697265625,208.16856384277344,-0.012261747177471971,-131.63734156500956,9906.551486313254
HCA,1,2019-03-07,2019-03-13,4,RESIDUAL_REVERTED,121.0116958618164,121.0586166381836,0.0003877375325833654,-6.153073535952236,10046.55054154637
EOG,1,2019-03-11,2019-03-13,2,RESIDUAL_REVERTED,63.92604446411133,64.83222198486328,0.014175404224497035,130.45260561707502,9906.551486313254
WY,-1,2019-03-12,2019-03-13,1,RESIDUAL_REVERTED,19.44133186340332,19.403728485107422,0.0019341976444876563,9.060572089358239,9898.101117921073
KO,-1,2019-03-12,2019-03-13,1,RESIDUAL_REVERTED,36.344947814941406,36.48732376098633,-0.003917351780771794,-48.88865061186422,9898.101117921073
NDAQ,1,2019-03-11,2019-03-14,3,RESIDUAL_REVERTED,24.911394119262695,25.327943801879883,0.016721251352813438,155.66056098719608,9906.551486313254
FFIV,1,2019-03-13,2019-03-14,1,RESIDUAL_REVERTED,149.77999877929688,152.99000549316406,0.021431477767583473,202.7256490244364,9927.42820956054
FITB,-1,2019-03-13,2019-03-14,1,RESIDUAL_REVERTED,20.953157424926758,21.005598068237305,-0.002502756135844386,-34.98282625215983,9927.42820956054
WBD,1,2019-03-14,2019-03-15,1,RESIDUAL_REVERTED,27.100000381469727,27.520000457763672,0.015498157578666794,144.28933985699206,9957.575720395545
MLM,1,2019-03-14,2019-03-15,1,RESIDUAL_REVERTED,180.91954040527344,181.96377563476562,0.0057718211485229265,47.487033737535405,9957.575720395545
TTWO,-1,2019-03-14,2019-03-15,1,RESIDUAL_REVERTED,93.5999984741211,92.31999969482422,0.013675200856448466,126.08725690949528,9957.575720395545
BA,1,2019-03-13,2019-03-18,3,RESIDUAL_REVERTED,369.5665588378906,361.3340148925781,-0.022276214523305082,-230.96237591021114,9927.42820956054
DVA,-1,2019-03-14,2019-03-18,2,RESIDUAL_REVERTED,53.61000061035156,53.349998474121094,0.004849881239886944,37.964893986254886,9957.575720395545
DG,1,2019-03-15,2019-03-18,1,RESIDUAL_REVERTED,100.72772216796875,104.16007995605469,0.0340756021699995,330.00187223407704,9982.341294420625
AIZ,1,2019-03-15,2019-03-18,1,RESIDUAL_REVERTED,85.81863403320312,86.44862365722656,0.0073409421056467306,63.26080833196833,9982.341294420625
FTI,-1,2019-03-15,2019-03-18,1,RESIDUAL_REVERTED,16.41204261779785,16.05695152282715,0.021636008584673627,205.91090806336283,9982.341294420625
NTRS,-1,2019-03-15,2019-03-20,3,RESIDUAL_REVERTED,75.76237487792969,75.92259979248047,-0.0021148349006869793,-31.7031139077527,9982.341294420625
ADBE,1,2019-03-18,2019-03-20,2,RESIDUAL_REVERTED,257.1099853515625,260.5400085449219,0.013340684488271748,123.92259957076136,10047.223726484252
ULTA,-1,2019-03-18,2019-03-20,2,RESIDUAL_REVERTED,338.6000061035156,335.0,0.010632032010108872,96.4302044292284,10047.223726484252
BSX,1,2019-03-19,2019-03-20,1,RESIDUAL_REVERTED,38.119998931884766,38.11000061035156,-0.00026228546205020464,-12.623632954757035,10001.655710029385
BDX,1,2019-03-19,2019-03-20,1,RESIDUAL_REVERTED,166.03880310058594,168.03379821777344,0.012015234270141839,110.11049461705323,10001.655710029385
AIV,1,2019-03-19,2019-03-20,1,RESIDUAL_REVERTED,1.6343706846237183,1.6291286945343018,-0.0032073446609961476,-42.064373374192435,10001.655710029385
EW,-1,2019-03-19,2019-03-20,1,RESIDUAL_REVERTED,64.04000091552734,62.74333190917969,0.020247798060747058,192.41551046159526,10001.655710029385
AVGO,-1,2019-03-18,2019-03-21,3,RESIDUAL_REVERTED,23.913846969604492,24.26462745666504,-0.014668509316230205,-158.10780803051955,10047.223726484252
WHR,1,2019-03-18,2019-03-22,4,RESIDUAL_REVERTED,96.4461898803711,96.65636444091797,0.002179189875800791,11.836637094064397,10047.223726484252
NOV,-1,2019-03-19,2019-03-22,3,RESIDUAL_REVERTED,25.41874885559082,24.67535972595215,0.029245701032022398,282.05965764687124,10001.655710029385
HAL,-1,2019-03-21,2019-03-22,1,RESIDUAL_REVERTED,25.68878173828125,25.61993408203125,0.0026800670016750017,16.698834035110174,10050.822983058117
GOOG,-1,2019-03-21,2019-03-22,1,RESIDUAL_REVERTED,60.229530334472656,60.74068832397461,-0.008486833396563753,-95.5951025855004,10050.822983058117
KEY,1,2019-03-21,2019-03-22,1,TRAILING_STOP,11.50015926361084,10.881278308718967,-0.05381498992367484,-550.665318072191,10050.822983058117
UNM,1,2019-03-21,2019-03-22,1,TRAILING_STOP,26.20420265197754,25.2984622587701,-0.03456469961084985,-357.2807983956618,10050.822983058117
FITB,1,2019-03-21,2019-03-22,1,STOP_LOSS,19.762039184570312,18.5451408952118,-0.061577566869143396,-628.6465947000784,10050.822983058117
MTB,1,2019-03-21,2019-03-22,1,TRAILING_STOP,128.74742126464844,122.73735687632596,-0.04668104672922657,-478.9991688537091,10050.822983058117
EOG,-1,2019-03-21,2019-03-25,2,RESIDUAL_REVERTED,70.59345245361328,68.92108917236328,0.02369006222423964,227.776277479982,10050.822983058117
CTAS,1,2019-03-25,2019-03-26,1,RESIDUAL_REVERTED,45.08824157714844,46.1055908203125,0.02256351562132486,213.14458066064526,9889.674639317875
NKE,1,2019-03-25,2019-03-26,1,RESIDUAL_REVERTED,72.64485168457031,74.56169128417969,0.026386447974764193,250.93323402570917,9889.674639317875
RF,1,2019-03-25,2019-03-26,1,RESIDUAL_REVERTED,10.046294212341309,10.046292304992676,-1.8985594019138574e-07,-9.891551313987666,9889.674639317875
AMG,1,2019-03-25,2019-03-26,1,RESIDUAL_REVERTED,97.47110748291016,98.50363159179688,0.010593129959744818,94.82055277021146,9889.674639317875
KEY,1,2019-03-25,2019-03-26,1,RESIDUAL_REVERTED,10.53187370300293,10.609055519104004,0.007328403119671645,62.54961007875693,9889.674639317875
FIS,-1,2019-03-25,2019-03-26,1,RESIDUAL_REVERTED,94.04829406738281,92.76205444335938,0.013676373790489915,125.24015282908744,9889.674639317875
CAG,-1,2019-03-22,2019-03-27,3,RESIDUAL_REVERTED,18.67411994934082,19.50887680053711,-0.04470126857173562,-457.14573096575225,9984.509315469288
TRV,-1,2019-03-25,2019-03-27,2,RESIDUAL_REVERTED,115.63297271728516,115.65009307861328,-0.000148057780802624,-11.746676277396434,9889.674639317875
CB,-1,2019-03-25,2019-03-27,2,RESIDUAL_REVERTED,121.39543914794922,122.08757019042969,-0.005701458368933876,-66.69642814962755,9889.674639317875
TMO,-1,2019-03-26,2019-03-28,2,RESIDUAL_REVERTED,266.3475646972656,264.7010498046875,0.006181828223019714,50.88033044488201,9888.363502321969
PSA,1,2019-03-27,2019-03-28,1,RESIDUAL_REVERTED,161.67535400390625,161.33746337890625,-0.002089932798241101,-30.68888748068349,9935.254742605275
CNC,1,2019-03-27,2019-03-29,2,RESIDUAL_REVERTED,50.150001525878906,53.13999938964844,0.05962109217936118,582.1193087222822,9935.254742605275
CCL,1,2019-03-27,2019-04-01,3,RESIDUAL_REVERTED,48.814884185791016,48.05171203613281,-0.01563400512748414,-165.18541441956327,9935.254742605275
ELV,1,2019-03-27,2019-04-01,3,RESIDUAL_REVERTED,260.0896301269531,260.99920654296875,0.0034971652486555094,24.79260026596176,9935.254742605275
HCA,1,2019-03-27,2019-04-01,3,RESIDUAL_REVERTED,121.29318237304688,123.5264892578125,0.01841246837680388,172.90584273922275,9935.254742605275
EXC,1,2019-03-29,2019-04-01,1,RESIDUAL_REVERTED,27.193899154663086,27.538543701171875,0.012673598020962462,115.83720208595119,9928.397066142985
PVH,-1,2019-03-29,2019-04-01,1,RESIDUAL_REVERTED,126.44738006591797,121.79198455810547,0.03681686014677099,355.59899165661534,9928.397066142985
ACN,-1,2019-03-29,2019-04-01,1,RESIDUAL_REVERTED,155.386962890625,155.56423950195312,-0.001140871846841529,-21.458890379490352,9928.397066142985
CHD,-1,2019-03-29,2019-04-01,1,RESIDUAL_REVERTED,65.99320983886719,64.98766326904297,0.015237121702057266,141.23306507725798,9928.397066142985
WY,-1,2019-03-29,2019-04-01,1,RESIDUAL_REVERTED,20.095645904541016,19.8925838470459,0.01010477883914307,90.25183117069912,9928.397066142985
COR,-1,2019-03-29,2019-04-02,2,RESIDUAL_REVERTED,62.010826110839844,60.87846755981445,0.018260659017852454,171.06233597269352,9928.397066142985
AMT,1,2019-04-02,2019-04-03,1,RESIDUAL_REVERTED,157.600830078125,159.28298950195312,0.010673544187516315,97.25247626395235,10058.99771128373
LNC,-1,2019-04-02,2019-04-03,1,RESIDUAL_REVERTED,44.0384635925293,44.138092041015625,-0.002262305274955745,-33.02403158892954,10058.99771128373
PRU,-1,2019-04-02,2019-04-03,1,RESIDUAL_REVERTED,65.87348175048828,66.1484146118164,-0.004173650064065226,-52.26074696336161,10058.99771128373
WYNN,-1,2019-04-02,2019-04-03,1,TRAILING_STOP,120.93026733398438,129.20405707562898,-0.06841785703486547,-698.8258936259202,10058.99771128373
WFC,1,2019-04-01,2019-04-04,3,RESIDUAL_REVERTED,39.60227584838867,40.027488708496094,0.010737081417625749,97.61173400836248,10030.272701519192
ATO,1,2019-04-03,2019-04-04,1,RESIDUAL_REVERTED,83.74694061279297,84.86509704589844,0.013351609323560831,124.05118356037008,10048.75266200967
DAL,-1,2019-04-03,2019-04-05,2,RESIDUAL_REVERTED,52.59141159057617,53.98232650756836,-0.026447567671703753,-276.3536559277972,10048.75266200967
MO,1,2019-04-04,2019-04-05,1,RESIDUAL_REVERTED,30.517765045166016,30.607616424560547,0.002944231966579114,19.379375882822863,9975.178289214957
BWA,-1,2019-04-02,2019-04-08,4,RESIDUAL_REVERTED,31.84517478942871,33.00775146484375,-0.036507153221874145,-378.2894530278505,10058.99771128373
HSY,-1,2019-04-04,2019-04-08,2,RESIDUAL_REVERTED,96.25114440917969,96.93734741210938,-0.007129297081523767,-81.52385956620883,9975.178289214957
FE,1,2019-04-05,2019-04-08,1,RESIDUAL_REVERTED,29.747264862060547,30.152236938476562,0.013613758383968833,125.23489823241867,9933.797094798636
LW,1,2019-04-05,2019-04-08,1,RESIDUAL_REVERTED,61.70214080810547,63.22293472290039,0.024647344401300675,234.785500254239,9933.797094798636
EMN,-1,2019-04-04,2019-04-09,3,RESIDUAL_REVERTED,61.363677978515625,61.61404037475586,-0.004079977023670134,-51.29568943278376,9975.178289214957
STZ,-1,2019-04-05,2019-04-09,2,RESIDUAL_REVERTED,167.91156005859375,167.77127075195312,0.0008354952249366443,-2.0269227317916436,9933.797094798636
ABT,1,2019-04-02,2019-04-10,6,RESIDUAL_REVERTED,69.66525268554688,68.69658660888672,-0.013904579963737396,-149.85520267386374,10058.99771128373
RSG,1,2019-04-02,2019-04-10,6,RESIDUAL_REVERTED,72.24081420898438,71.64595794677734,-0.008234351574252452,-92.84690668877532,10058.99771128373
APA,-1,2019-04-08,2019-04-10,2,RESIDUAL_REVERTED,29.235322952270508,28.645549774169922,0.020173308126729017,190.42342418364626,9946.776458673983
CE,1,2019-04-09,2019-04-10,1,RESIDUAL_REVERTED,89.19990539550781,89.61225128173828,0.004622716631841106,36.06100566877807,9960.48865923381
GEN,-1,2019-04-09,2019-04-10,1,RESIDUAL_REVERTED,11.904011726379395,11.805097579956055,0.008309311910718709,72.64963207227365,9960.48865923381
DLTR,1,2019-04-09,2019-04-11,2,RESIDUAL_REVERTED,102.0,103.55999755859375,0.015294093711703427,142.299989985963,9960.48865923381
DIS,-1,2019-04-10,2019-04-11,1,RESIDUAL_REVERTED,112.62483215332031,112.76852416992188,-0.0012758466659106293,-22.95132682728386,9995.112463631487
CNC,-1,2019-04-10,2019-04-11,1,RESIDUAL_REVERTED,58.15999984741211,57.41999816894531,0.012723550213346924,117.04644033823362,9995.112463631487
BA,1,2019-04-09,2019-04-12,3,RESIDUAL_REVERTED,361.6172180175781,366.9493408203125,0.014745212719586842,136.83560065016462,9960.48865923381
COR,1,2019-04-11,2019-04-12,1,RESIDUAL_REVERTED,59.00175094604492,59.05717086791992,0.0009392928343039397,-0.6125839402065854,10013.335429639366
WBD,-1,2019-04-11,2019-04-12,1,RESIDUAL_REVERTED,30.780000686645508,30.280000686645508,0.016244314127547566,152.53289165177978,10013.335429639366
HUM,1,2019-04-11,2019-04-12,1,TRAILING_STOP,250.51661682128906,236.0071389578009,-0.057918225336081375,-589.6779759003695,10013.335429639366
UNH,1,2019-04-12,2019-04-12,0,STOP_LOSS,207.5955047607422,197.0503726167042,-0.0507965341358978,-517.0781065270869,9987.768238989072
CAG,-1,2019-04-11,2019-04-15,2,RESIDUAL_REVERTED,21.588577270507812,21.415864944458008,0.008000171752204688,69.74088006531025,10013.335429639366
KR,-1,2019-04-11,2019-04-15,2,RESIDUAL_REVERTED,21.30286407470703,21.76154327392578,-0.02153133952365316,-226.12891739467875,10013.335429639366
RSG,1,2019-04-12,2019-04-15,1,RESIDUAL_REVERTED,69.97850799560547,71.34854125976562,0.019577914754144166,185.45413709050354,9987.768238989072
FAST,-1,2019-04-12,2019-04-16,2,RESIDUAL_REVERTED,14.229484558105469,14.285350799560547,-0.0039260903110684975,-49.61930362654675,9987.768238989072
ELV,1,2019-04-15,2019-04-16,1,RESIDUAL_REVERTED,229.29745483398438,239.95175170898438,0.04646495916282145,450.5825271103706,9915.611927584498
CVX,1,2019-04-15,2019-04-16,1,RESIDUAL_REVERTED,86.71887969970703,87.01512908935547,0.0034162040685292716,23.94120500448231,9915.611927584498
NOV,1,2019-04-15,2019-04-16,1,RESIDUAL_REVERTED,23.914052963256836,24.7828311920166,0.03632919229938203,350.1304474694378,9915.611927584498
UNH,1,2019-04-15,2019-04-16,1,RESIDUAL_REVERTED,198.1769256591797,208.92092895507812,0.05421419905552338,527.3825633924042,9915.611927584498
JPM,-1,2019-04-15,2019-04-16,1,RESIDUAL_REVERTED,91.30519104003906,90.46558380126953,0.009195613406047687,81.11511198842518,9915.611927584498
DIS,-1,2019-04-15,2019-04-17,2,RESIDUAL_REVERTED,125.52716827392578,124.33941650390625,0.009462109170085165,83.56066548359202,9915.611927584498
TMO,1,2019-04-17,2019-04-17,0,STOP_LOSS,263.57415771484375,250.51729939097115,-0.049537702926091054,-509.2638870413113,10081.85124009868
BFH,1,2019-04-16,2019-04-18,2,RESIDUAL_REVERTED,115.64847564697266,115.16435241699219,-0.004186161791343457,-51.96124919511381,10023.256267879551
HUM,1,2019-04-17,2019-04-18,1,RESIDUAL_REVERTED,221.45269775390625,218.89654541015625,-0.01154265615039185,-126.39500779284778,10081.85124009868
PGR,-1,2019-04-17,2019-04-18,1,RESIDUAL_REVERTED,63.324798583984375,62.439476013183594,0.01398066145645338,130.7423590633102,10081.85124009868
HCA,1,2019-04-17,2019-04-22,2,RESIDUAL_REVERTED,107.68693542480469,108.0716323852539,0.003572364269924355,25.916185882149534,10081.85124009868
CI,1,2019-04-17,2019-04-22,2,RESIDUAL_REVERTED,135.91036987304688,134.47128295898438,-0.010588499725272982,-116.78015448658316,10081.85124009868
OMC,-1,2019-04-17,2019-04-22,2,RESIDUAL_REVERTED,62.39236831665039,62.56726837158203,-0.002803228337863395,-38.76261332696782,10081.85124009868
CSX,-1,2019-04-18,2019-04-22,1,RESIDUAL_REVERTED,24.08159637451172,23.737699508666992,0.014280484586508213,131.88432523775327,9940.032560405189
HON,-1,2019-04-22,2019-04-23,1,RESIDUAL_REVERTED,142.6730194091797,142.67303466796875,-1.0694936669608524e-07,-10.203421021177084,10003.872840818281
WM,-1,2019-04-16,2019-04-24,5,RESIDUAL_REVERTED,92.50008392333984,93.8255386352539,-0.014329227128188737,-154.722440545681,10023.256267879551
GPC,1,2019-04-22,2019-04-24,2,RESIDUAL_REVERTED,84.10413360595703,84.33635711669922,0.002761142654773563,17.60443611288958,10003.872840818283
ISRG,1,2019-04-23,2019-04-24,1,RESIDUAL_REVERTED,165.32666015625,168.3333282470703,0.018186226516514026,171.11844989051562,9961.991088575975
KMB,-1,2019-04-23,2019-04-24,1,RESIDUAL_REVERTED,98.9637451171875,95.58375549316406,0.03415381683485241,330.2571488809954,9961.991088575975
QCOM,-1,2019-04-17,2019-04-24,4,TRAILING_STOP,66.28337860107422,73.97257080078124,-0.11600483201051559,-1181.041648442544,10081.85124009868
LOW,1,2019-04-22,2019-04-25,3,RESIDUAL_REVERTED,98.73346710205078,99.20548248291016,0.004780702984647611,37.7977591349422,10003.872840818283
GWW,1,2019-04-23,2019-04-25,2,RESIDUAL_REVERTED,262.3653869628906,266.91607666015625,0.01734485539401298,162.74090913178745,9961.991088575975
VNO,-1,2019-04-23,2019-04-25,2,RESIDUAL_REVERTED,50.30375289916992,51.24077606201172,-0.018627301321235246,-196.02434851098485,9961.991088575975
BNY,1,2019-04-18,2019-04-26,5,RESIDUAL_REVERTED,39.2520637512207,39.33283615112305,0.0020577873411773417,10.504213376699294,9940.032560405189
HAS,-1,2019-04-24,2019-04-26,2,RESIDUAL_REVERTED,76.73201751708984,77.49942779541016,-0.010001174257530776,-109.98842312417182,9956.961839690066
EBAY,-1,2019-04-25,2019-04-26,1,RESIDUAL_REVERTED,33.954803466796875,33.85743713378906,0.002867527509120227,18.357908223439367,9927.221871485099
MCO,-1,2019-04-25,2019-04-26,1,RESIDUAL_REVERTED,181.78623962402344,181.4766845703125,0.0017028519559630917,6.789409969086736,9927.2218714851
RHI,1,2019-04-25,2019-04-29,2,RESIDUAL_REVERTED,48.3811149597168,48.35004806518555,-0.0006421285362504525,-16.29858704463107,9927.2218714851
TEL,-1,2019-04-25,2019-04-29,2,RESIDUAL_REVERTED,84.74711608886719,83.65217590332031,0.012920087857605678,118.00749026821839,9927.2218714851
MMM,1,2019-04-26,2019-04-29,1,RESIDUAL_REVERTED,122.70259094238281,123.34015655517578,0.005196024043961245,41.73022576782817,9951.3441873039
F,-1,2019-04-29,2019-04-30,1,RESIDUAL_REVERTED,7.241608619689941,7.192679405212402,0.006756677562565372,57.08492276270737,9944.603921680653
COF,-1,2019-04-29,2019-04-30,1,RESIDUAL_REVERTED,82.60357666015625,81.87306213378906,0.008843618592602076,77.85143037364114,9944.603921680653
IRM,1,2019-04-26,2019-05-01,3,RESIDUAL_REVERTED,22.434782028198242,22.25645637512207,-0.007948624276894467,-89.0112904342427,9951.3441873039
BEN,1,2019-04-30,2019-05-01,1,RESIDUAL_REVERTED,24.14423179626465,24.49087142944336,0.014357037163317043,132.2419210807688,9905.866766081457
CINF,-1,2019-04-26,2019-05-02,4,RESIDUAL_REVERTED,77.56999969482422,78.8944320678711,-0.017074028339015834,-180.74771500480463,9951.344187303897
INTC,1,2019-04-29,2019-05-02,3,RESIDUAL_REVERTED,45.18320083618164,43.99668884277344,-0.02626002521844517,-270.959580917578,9944.603921680653
CL,-1,2019-04-29,2019-05-02,3,RESIDUAL_REVERTED,60.03000259399414,60.08055877685547,-0.0008421819203183745,-18.92063344108902,9944.603921680653
CHRW,1,2019-04-30,2019-05-02,2,RESIDUAL_REVERTED,68.5477066040039,68.19429779052734,-0.005155662107241388,-60.951633040386675,9905.866766081457
ROL,1,2019-04-25,2019-05-03,6,RESIDUAL_REVERTED,23.88666534423828,22.836774826049805,-0.043952996496504304,-446.04020443482216,9927.2218714851
CLX,1,2019-05-02,2019-05-03,1,RESIDUAL_REVERTED,117.8213119506836,118.50552368164062,0.0058071983720857645,47.2290308565484,9830.585567513252
IR,-1,2019-04-30,2019-05-06,4,RESIDUAL_REVERTED,30.639211654663086,31.69639015197754,-0.03450410243024504,-352.705575289603,9905.866766081457
FIS,-1,2019-05-01,2019-05-06,3,RESIDUAL_REVERTED,98.61398315429688,98.8780517578125,-0.002677800805413577,-36.802001264915454,9842.059299082219
TFX,-1,2019-05-03,2019-05-06,1,RESIDUAL_REVERTED,285.3088684082031,282.70458984375,0.009127927144301329,79.49941568809298,9799.540580729239
JKHY,1,2019-05-02,2019-05-07,3,RESIDUAL_REVERTED,127.95304107666016,124.89849090576172,-0.023872431207542566,-244.39322326898895,9830.585567513252
FLR,1,2019-05-03,2019-05-07,2,RESIDUAL_REVERTED,29.037639617919922,27.396547317504883,-0.05651603649637815,-563.3538180924077,9799.540580729239
CTSH,1,2019-05-03,2019-05-07,2,RESIDUAL_REVERTED,53.37187957763672,52.40376281738281,-0.01813907937878878,-187.4653077280037,9799.540580729239
SYY,-1,2019-05-07,2019-05-08,1,RESIDUAL_REVERTED,60.10356521606445,59.96328353881836,0.0023339992684593414,12.92391748880024,9825.788211788624
ANET,1,2019-05-06,2019-05-09,3,RESIDUAL_REVERTED,16.75,16.4581241607666,-0.01742542323781482,-179.18789260130953,9729.636155513914
FTNT,1,2019-05-06,2019-05-09,3,RESIDUAL_REVERTED,16.729999542236328,16.049999237060547,-0.04064556627506544,-404.99847406113213,9729.636155513914
O,1,2019-05-08,2019-05-09,1,RESIDUAL_REVERTED,45.326847076416016,45.286197662353516,-0.000896806565741648,-18.475822065765186,9742.791436512867
MOS,1,2019-05-08,2019-05-09,1,RESIDUAL_REVERTED,20.698402404785156,20.174072265625,-0.025331913492943725,-256.4229395111251,9742.791436512867
STX,-1,2019-05-01,2019-05-10,7,RESIDUAL_REVERTED,38.496883392333984,36.52327346801758,0.0512667455233381,493.64243976766636,9842.059299082219
CNC,-1,2019-05-07,2019-05-10,3,RESIDUAL_REVERTED,55.63999938964844,54.9900016784668,0.011682201982600504,104.43256326227643,9825.788211788624
CPAY,-1,2019-05-09,2019-05-13,2,RESIDUAL_REVERTED,265.5899963378906,256.5400085449219,0.034075032635849434,320.4863963333978,9696.286239653578
MPC,1,2019-05-10,2019-05-13,1,RESIDUAL_REVERTED,42.17097854614258,41.62981414794922,-0.012832626058255414,-134.18746022695845,9705.29615126725
KLAC,1,2019-05-08,2019-05-13,3,TRAILING_STOP,10.594744682312012,9.972004984826834,-0.05877816938098057,-582.1199050127833,9742.791436512867
CNP,1,2019-05-10,2019-05-14,2,RESIDUAL_REVERTED,23.507793426513672,24.366453170776367,0.03652659901691324,344.6189139760347,9705.29615126725
OXY,1,2019-05-10,2019-05-14,2,RESIDUAL_REVERTED,48.04350662231445,46.32096862792969,-0.03585371084434352,-357.5021925765902,9705.29615126725
NWSA,-1,2019-05-13,2019-05-14,1,RESIDUAL_REVERTED,10.809508323669434,10.661178588867188,0.013722153715118646,123.15163999171041,9689.720741929257
UNH,-1,2019-05-07,2019-05-15,6,RESIDUAL_REVERTED,209.95672607421875,206.27880859375,0.0175175025313008,161.2165778693887,9825.788211788624
BKNG,-1,2019-05-13,2019-05-15,2,RESIDUAL_REVERTED,70.33252716064453,69.49633026123047,0.011889191717853853,105.18942052099815,9689.720741929257
IVZ,1,2019-05-14,2019-05-15,1,RESIDUAL_REVERTED,14.356131553649902,14.471323013305664,0.00802385093959912,68.02087295665045,9689.80525333138
ADM,1,2019-05-14,2019-05-15,1,RESIDUAL_REVERTED,33.02078628540039,33.02078628540039,0.0,-9.68980525333138,9689.80525333138
XRAY,-1,2019-05-14,2019-05-15,1,RESIDUAL_REVERTED,48.430091857910156,48.32417678833008,0.0021869681744735026,11.319828059662804,9689.80525333138
MET,-1,2019-05-03,2019-05-16,9,RESIDUAL_REVERTED,37.199951171875,37.22980499267578,-0.0008025231179160652,-19.419563544966582,9799.540580729239
INTC,1,2019-05-10,2019-05-16,4,RESIDUAL_REVERTED,40.4669075012207,39.62166213989258,-0.020887322840338785,-212.32159129689768,9705.29615126725
RL,1,2019-05-15,2019-05-16,1,RESIDUAL_REVERTED,98.3512191772461,100.88555145263672,0.025768183623868568,240.2141491762567,9703.544441673725
XYL,1,2019-05-15,2019-05-16,1,RESIDUAL_REVERTED,68.58956909179688,70.18618774414062,0.023277863871792537,216.06130325220187,9703.544441673725
LNC,-1,2019-05-15,2019-05-16,1,RESIDUAL_REVERTED,45.35610580444336,46.00037384033203,-0.01420465942703486,-147.8018131285266,9703.544441673725
A,1,2019-05-16,2019-05-17,1,RESIDUAL_REVERTED,64.11930084228516,64.91606903076172,0.012426339308289958,111.34413576536946,9749.816631943897
SCHW,1,2019-05-16,2019-05-17,1,RESIDUAL_REVERTED,38.84806442260742,39.073875427246094,0.005812670669565367,46.89432030161088,9749.816631943897
PGR,-1,2019-05-16,2019-05-17,1,RESIDUAL_REVERTED,63.619903564453125,63.34117126464844,0.004381212233720344,32.793510325358675,9749.816631943897
GOOGL,-1,2019-05-16,2019-05-20,2,RESIDUAL_REVERTED,58.03971481323242,57.106597900390625,0.016077213953316294,146.68996405808363,9749.816631943897
GOOG,-1,2019-05-16,2019-05-20,2,RESIDUAL_REVERTED,57.67918014526367,56.68806457519531,0.01718324649504821,157.47851842260204,9749.816631943897
MTD,-1,2019-05-17,2019-05-20,1,RESIDUAL_REVERTED,737.6199951171875,721.780029296875,0.021474425754681392,199.60142962656465,9753.010203771235
QRVO,1,2019-05-17,2019-05-20,1,TRAILING_STOP,66.26000213623047,60.91132464245278,-0.08072256748167339,-796.647390514982,9753.010203771235
CSCO,-1,2019-05-17,2019-05-21,2,RESIDUAL_REVERTED,45.232784271240234,45.96261978149414,-0.016135100282074655,-167.58729041789096,9753.010203771235
DE,1,2019-05-20,2019-05-21,1,RESIDUAL_REVERTED,121.06314086914062,123.85543060302734,0.023064738894433168,213.76719895598734,9693.247950759069
AOS,1,2019-05-17,2019-05-22,3,RESIDUAL_REVERTED,38.79142761230469,38.704261779785156,-0.0022470385310563445,-31.65744223056996,9753.010203771235
SWKS,1,2019-05-17,2019-05-22,3,RESIDUAL_REVERTED,60.207515716552734,57.83988571166992,-0.03932449257712667,-393.093421477932,9753.010203771235
AEP,-1,2019-05-21,2019-05-22,1,RESIDUAL_REVERTED,67.01728057861328,67.36662292480469,-0.005212720408456661,-59.87933553920849,9603.381179274342
NOC,-1,2019-05-21,2019-05-22,1,RESIDUAL_REVERTED,278.71014404296875,279.2496337890625,-0.0019356659871359039,-28.39282837888859,9603.381179274342
KEYS,1,2019-05-20,2019-05-23,3,RESIDUAL_REVERTED,77.80999755859375,74.66999816894531,-0.04035470361355431,-400.6658119822814,9693.247950759069
AZO,-1,2019-05-22,2019-05-23,1,RESIDUAL_REVERTED,1021.4000244140625,1037.219970703125,-0.01548849217830961,-158.9346127278029,9622.769048650847
HUM,-1,2019-05-20,2019-05-24,4,TRAILING_STOP,231.38720703125,245.4509394615318,-0.060780077735163696,-599.9434902094498,9693.247950759069
KSS,1,2019-05-22,2019-05-28,3,RESIDUAL_REVERTED,36.48825454711914,34.155513763427734,-0.06393127905526474,-624.5111044156457,9622.769048650847
LOW,1,2019-05-23,2019-05-28,2,RESIDUAL_REVERTED,84.88975524902344,83.14289093017578,-0.020578034578180193,-205.8464179650984,9544.178708152087
TMO,-1,2019-05-23,2019-05-28,2,RESIDUAL_REVERTED,263.56427001953125,268.3467102050781,-0.018145252333301665,-183.19451613543254,9544.178708152087
NTAP,1,2019-05-24,2019-05-28,1,RESIDUAL_REVERTED,51.07167053222656,51.434574127197266,0.007105770991800764,57.66750809654466,9450.25351305647
CDNS,1,2019-05-21,2019-05-29,5,RESIDUAL_REVERTED,65.4000015258789,63.439998626708984,-0.029969462590828,-297.26765009049956,9603.381179274342
TGT,-1,2019-05-23,2019-05-29,3,RESIDUAL_REVERTED,63.73255920410156,65.5509262084961,-0.028531209590552775,-282.57562550944743,9544.178708152087
NWS,-1,2019-05-21,2019-05-30,6,RESIDUAL_REVERTED,11.077655792236328,11.040481567382812,0.0033557844322594788,21.4899557107449,9603.381179274342
QCOM,1,2019-05-23,2019-05-30,4,RESIDUAL_REVERTED,56.36021041870117,55.47721481323242,-0.01566700335057225,-158.99809416733189,9544.178708152087
CPRT,-1,2019-05-24,2019-05-30,3,RESIDUAL_REVERTED,17.655000686645508,17.6299991607666,0.0014161158259153872,3.373071556956374,9450.25351305647
INTU,-1,2019-05-28,2019-05-30,2,RESIDUAL_REVERTED,243.39419555664062,237.31884765625,0.024960939953791228,224.49235418751476,9379.517989276776
MO,1,2019-05-29,2019-05-30,1,RESIDUAL_REVERTED,27.63109588623047,28.260093688964844,0.022764127971045323,203.8135425077765,9369.55469339754
AMD,-1,2019-05-29,2019-05-30,1,RESIDUAL_REVERTED,29.0,28.399999618530273,0.020689668326542288,184.40028044095,9369.55469339754
GIS,1,2019-05-29,2019-05-31,2,RESIDUAL_REVERTED,37.33130645751953,36.981201171875,-0.00937832931303717,-97.19638873987759,9369.55469339754
PEP,-1,2019-05-30,2019-05-31,1,RESIDUAL_REVERTED,101.40467071533203,101.28596496582031,0.0011706142199796599,1.4299305292008375,9451.771739326188
PVH,1,2019-05-31,2019-06-03,1,RESIDUAL_REVERTED,81.90929412841797,83.68905639648438,0.021728453248248902,195.3347058541819,9428.447762444408
KEYS,-1,2019-05-31,2019-06-03,1,RESIDUAL_REVERTED,78.58000183105469,75.1500015258789,0.043649786526477885,402.1482001268037,9428.447762444408
GILD,1,2019-05-29,2019-06-04,4,RESIDUAL_REVERTED,48.18467712402344,48.457366943359375,0.005659264222816152,43.62871857383702,9369.55469339754
CPRI,1,2019-05-30,2019-06-04,3,RESIDUAL_REVERTED,34.5,34.209999084472656,-0.008405823638473753,-88.8619730880563,9451.771739326188
NUE,1,2019-05-31,2019-06-04,2,RESIDUAL_REVERTED,41.30305480957031,43.48371505737305,0.05279658509175089,488.11250188829456,9428.447762444408
SBAC,-1,2019-05-31,2019-06-04,2,RESIDUAL_REVERTED,192.25234985351562,197.35122680664062,-0.02652179261793175,-259.9951276906855,9428.447762444408
GPN,-1,2019-05-31,2019-06-04,2,RESIDUAL_REVERTED,142.7504119873047,141.76068115234375,0.0069332958215837515,55.60024824024517,9428.447762444408
DG,-1,2019-05-31,2019-06-05,3,RESIDUAL_REVERTED,113.95287322998047,117.78262329101562,-0.033608192162964956,-327.0327516431922,9428.447762444408
RSG,1,2019-06-05,2019-06-06,1,RESIDUAL_REVERTED,76.53112030029297,77.684814453125,0.015074836854669815,133.72876927365212,9506.35691518142
VTR,1,2019-06-05,2019-06-06,1,RESIDUAL_REVERTED,47.317138671875,48.53446960449219,0.02572706141550274,234.9419859652828,9506.35691518142
WELL,1,2019-06-05,2019-06-06,1,RESIDUAL_REVERTED,65.21612548828125,66.38965606689453,0.01799448479692578,161.47010707170878,9506.35691518142
CB,1,2019-06-05,2019-06-06,1,RESIDUAL_REVERTED,130.79226684570312,132.99282836914062,0.016824859577007967,150.35679171157048,9506.35691518142
WYNN,-1,2019-06-05,2019-06-06,1,RESIDUAL_REVERTED,106.77467346191406,103.6071548461914,0.029665448865572874,272.46158859159345,9506.35691518142
MAT,-1,2019-06-05,2019-06-06,1,RESIDUAL_REVERTED,10.84000015258789,10.960000038146973,-0.011070099987999793,-114.98652486507008,9506.35691518142
DOC,1,2019-06-05,2019-06-07,2,RESIDUAL_REVERTED,21.226125717163086,21.791337966918945,0.026628140117856747,243.50367873065116,9506.35691518142
MGM,-1,2019-06-05,2019-06-10,3,RESIDUAL_REVERTED,25.289106369018555,26.180662155151367,-0.03525453897513153,-345.39156866089,9506.35691518142
VRTX,1,2019-06-07,2019-06-10,1,RESIDUAL_REVERTED,169.42999267578125,173.2899932861328,0.02278227455122428,207.7373636420942,9541.981356116976
NSC,1,2019-06-07,2019-06-10,1,RESIDUAL_REVERTED,173.70960998535156,176.86390686035156,0.01815844774083586,163.63895465806448,9541.981356116976
HAS,-1,2019-06-05,2019-06-11,4,RESIDUAL_REVERTED,79.05360412597656,81.50896453857422,-0.031059436691651676,-305.68188509367525,9506.35691518142
CPB,-1,2019-06-06,2019-06-11,3,RESIDUAL_REVERTED,31.99518585205078,32.16386795043945,-0.005272108721877,-60.691740059417334,9579.398963258911
SHW,-1,2019-06-07,2019-06-11,2,RESIDUAL_REVERTED,145.80015563964844,148.40016174316406,-0.017832670288375096,-180.169762361273,9541.981356116976
SCHW,1,2019-06-10,2019-06-11,1,RESIDUAL_REVERTED,39.245479583740234,39.516448974609375,0.006904473935423816,56.174921027139554,9519.524566709699
CF,1,2019-06-10,2019-06-12,2,RESIDUAL_REVERTED,35.46693801879883,35.382930755615234,-0.002368607719647753,-32.056269933106265,9519.524566709697
IFF,-1,2019-06-07,2019-06-13,4,RESIDUAL_REVERTED,122.75413513183594,125.05266571044922,-0.018724669243481706,-189.07227615640747,9541.981356116976
CRM,1,2019-06-11,2019-06-13,2,RESIDUAL_REVERTED,152.400634765625,149.3096466064453,-0.020281990058199417,-202.61153547738877,9524.867108435184
RTX,1,2019-06-11,2019-06-13,2,RESIDUAL_REVERTED,68.44384002685547,66.5862045288086,-0.027141018056818456,-267.9101999921809,9524.867108435184
RF,-1,2019-06-12,2019-06-13,1,RESIDUAL_REVERTED,10.726766586303711,10.644944190979004,0.007627871331625791,62.400618342788114,9437.349247597565
DLR,-1,2019-06-12,2019-06-13,1,RESIDUAL_REVERTED,92.77338409423828,92.69541931152344,0.0008403787732443879,-1.6895907275230508,9437.349247597565
SLB,-1,2019-06-12,2019-06-13,1,RESIDUAL_REVERTED,30.522375106811523,30.00814437866211,0.01684766425777451,149.45839970968638,9437.349247597565
MAC,1,2019-06-07,2019-06-14,5,RESIDUAL_REVERTED,24.308170318603516,23.76108741760254,-0.022506132457953187,-224.18770112004927,9541.981356116976
MSCI,1,2019-06-12,2019-06-17,3,RESIDUAL_REVERTED,218.32904052734375,218.32907104492188,1.3977791524233396e-07,-9.436030774160685,9437.349247597565
MNST,1,2019-06-14,2019-06-17,1,RESIDUAL_REVERTED,15.202500343322754,15.369999885559082,0.011017894323541055,94.85714558724047,9473.980677074394
UNP,1,2019-06-14,2019-06-17,1,RESIDUAL_REVERTED,142.77684020996094,141.30213928222656,-0.010328712454805378,-107.27907588184985,9473.980677074394
AAL,-1,2019-06-14,2019-06-17,1,RESIDUAL_REVERTED,32.62771224975586,31.766738891601562,0.02638779426408422,240.46214863318113,9473.980677074394
DIS,-1,2019-06-14,2019-06-17,1,RESIDUAL_REVERTED,136.06358337402344,134.87586975097656,0.008729107330519015,73.07931672077426,9473.980677074394
LYB,-1,2019-06-11,2019-06-18,5,RESIDUAL_REVERTED,53.78644943237305,54.91572570800781,-0.020995553481451434,-210.55989523296842,9524.867108435184
FFIV,1,2019-06-17,2019-06-18,1,RESIDUAL_REVERTED,136.94000244140625,140.32000732421875,0.024682377848348036,223.84922349840352,9457.07126352425
NWS,-1,2019-06-18,2019-06-18,0,STOP_LOSS,11.839709281921387,12.313297653198243,-0.040000000000000036,-388.43060312701664,9469.297979693232
NWSA,-1,2019-06-18,2019-06-18,0,STOP_LOSS,11.356472969055176,11.810731887817383,-0.040000000000000036,-388.43060312701635,9469.297979693232
AMAT,1,2019-06-13,2019-06-19,4,RESIDUAL_REVERTED,38.86713409423828,39.87594223022461,0.02595530026835391,236.59047254638298,9485.502860650202
UAL,-1,2019-06-14,2019-06-19,3,RESIDUAL_REVERTED,87.06999969482422,87.76000213623047,-0.00792468638824717,-85.15394569161967,9473.980677074394
CF,-1,2019-06-14,2019-06-19,3,RESIDUAL_REVERTED,37.81907653808594,39.583168029785156,-0.046645546459144205,-452.1974560807421,9473.980677074394
TSN,1,2019-06-18,2019-06-20,2,RESIDUAL_REVERTED,63.59651184082031,62.90892028808594,-0.010811780911119673,-111.79808313067498,9469.297979693232
BA,-1,2019-06-19,2019-06-20,1,RESIDUAL_REVERTED,368.7137145996094,366.3564453125,0.006393223777068191,50.535885859980084,9398.631910011598
NWSA,-1,2019-06-19,2019-06-20,1,STOP_LOSS,11.959059715270996,12.610827767178051,-0.054499941251634265,-522.0729063466136,9398.631910011598
NWS,-1,2019-06-19,2019-06-20,1,STOP_LOSS,12.313669204711914,12.92303606087197,-0.04948702503124558,-474.9346152471408,9398.631910011598
ECL,1,2019-06-18,2019-06-21,3,RESIDUAL_REVERTED,176.04551696777344,178.01771545410156,0.011202775965542866,96.56008462586811,9469.297979693232
IQV,-1,2019-06-20,2019-06-21,1,RESIDUAL_REVERTED,156.8800048828125,155.75999450683594,0.007139280603753129,57.25735680516164,9350.723810838846
RJF,1,2019-06-20,2019-06-24,2,RESIDUAL_REVERTED,48.74471664428711,49.0729866027832,0.006734472597135666,53.5899833600055,9350.723810838846
ADBE,-1,2019-06-20,2019-06-24,2,RESIDUAL_REVERTED,293.25,300.0,-0.023017902813299296,-225.07290527701957,9350.723810838846
ORCL,-1,2019-06-21,2019-06-24,1,RESIDUAL_REVERTED,51.43670654296875,50.635536193847656,0.01557584851300342,135.57768974938872,9309.001609263301
SLG,1,2019-06-19,2019-06-24,3,TRAILING_STOP,54.32679748535156,53.318458455323054,-0.018560619743882234,-183.7558426879574,9398.631910011598
AMP,1,2019-06-18,2019-06-25,5,RESIDUAL_REVERTED,130.59722900390625,130.0685272216797,-0.004048338439177401,-47.78505352140829,9469.297979693232
ETN,-1,2019-06-21,2019-06-25,2,RESIDUAL_REVERTED,72.5204849243164,72.0916519165039,0.0059132672411117415,45.39624379170722,9309.001609263301
ARE,1,2019-06-24,2019-06-25,1,RESIDUAL_REVERTED,110.15834045410156,110.10552978515625,-0.00047940690398573516,-13.760670912994904,9302.985428577025
BMY,1,2019-06-25,2019-06-26,1,RESIDUAL_REVERTED,34.781185150146484,34.81913757324219,0.001091176822522577,0.8419875561381671,9290.258092534179
WAB,1,2019-06-25,2019-06-26,1,RESIDUAL_REVERTED,65.43547058105469,65.83809661865234,0.006153024254619277,47.84434369081421,9290.258092534179
DUK,-1,2019-06-24,2019-06-27,3,RESIDUAL_REVERTED,67.32657623291016,66.1621322631836,0.01729545797336074,151.12485929517726,9302.985428577025
HCA,-1,2019-06-25,2019-06-27,2,RESIDUAL_REVERTED,123.82740020751953,126.22809600830078,-0.019387436034011607,-189.871361083861,9290.258092534179
ABBV,1,2019-06-26,2019-06-27,1,RESIDUAL_REVERTED,49.7227668762207,50.40309143066406,0.013682355129933876,117.24635087542832,9249.830130439585
MOS,-1,2019-06-26,2019-06-27,1,RESIDUAL_REVERTED,20.847434997558594,20.942197799682617,-0.004545537718914527,-51.499377942975855,9249.830130439585
ATO,-1,2019-06-26,2019-06-27,1,RESIDUAL_REVERTED,90.27200317382812,87.49581909179688,0.030753544669718025,275.17999150498883,9249.830130439585
CCL,1,2019-06-21,2019-06-28,5,RESIDUAL_REVERTED,44.36524200439453,43.7564582824707,-0.013722087256134552,-136.9840644928965,9309.001609263301
GIS,1,2019-06-27,2019-06-28,1,RESIDUAL_REVERTED,38.967647552490234,39.690673828125,0.018554527179523328,163.3640842433344,9311.014948551785
LEN,1,2019-06-26,2019-07-01,3,RESIDUAL_REVERTED,41.86680603027344,42.936492919921875,0.02554976104159845,226.96295390291476,9249.830130439585
CAG,1,2019-06-28,2019-07-01,1,RESIDUAL_REVERTED,18.44105339050293,19.31057357788086,0.047151329642900475,430.3056779774926,9328.563410695968
MAC,-1,2019-06-28,2019-07-01,1,RESIDUAL_REVERTED,22.552093505859375,22.734458923339844,-0.008086407474015012,-84.98649046523289,9328.563410695968
TRIP,-1,2019-06-28,2019-07-01,1,RESIDUAL_REVERTED,41.671451568603516,41.87598419189453,-0.004908219310630235,-55.32093093022408,9328.563410695968
MKC,-1,2019-06-28,2019-07-01,1,RESIDUAL_REVERTED,66.73568725585938,66.9732894897461,-0.0035603474491208154,-42.74381035470698,9328.563410695968
ROL,-1,2019-06-28,2019-07-01,1,RESIDUAL_REVERTED,22.281463623046875,21.977148056030273,0.013657790716307905,117.96135782175662,9328.563410695968
DINO,-1,2019-06-21,2019-07-01,6,TRAILING_STOP,34.499324798583984,36.898590087890625,-0.06954528250376413,-658.1539287373904,9309.001609263301
PAYX,1,2019-06-27,2019-07-02,3,RESIDUAL_REVERTED,65.58232116699219,66.44693756103516,0.013183680886216242,113.3810581350397,9311.014948551785
AXP,1,2019-07-01,2019-07-02,1,RESIDUAL_REVERTED,113.99919128417969,113.52609252929688,-0.004150018518144227,-48.234974655516666,9369.756014661945
CSCO,1,2019-07-01,2019-07-03,2,RESIDUAL_REVERTED,44.81111145019531,45.510093688964844,0.015598413343226314,136.7104945635957,9369.756014661945
LHX,1,2019-07-02,2019-07-03,1,RESIDUAL_REVERTED,158.6977996826172,160.96878051757812,0.01431009654514881,124.23443248631432,9338.869340700836
COTY,1,2019-07-02,2019-07-03,1,RESIDUAL_REVERTED,10.730284690856934,11.232964515686035,0.04684683019243896,427.93880863938847,9338.869340700836
QRVO,-1,2019-07-02,2019-07-03,1,RESIDUAL_REVERTED,70.37000274658203,69.9000015258789,0.006678999607200531,52.8833023084712,9338.869340700836
MCHP,-1,2019-07-02,2019-07-03,1,RESIDUAL_REVERTED,39.753047943115234,38.91362762451172,0.02111587317291208,187.77618071687627,9338.869340700836
SWKS,-1,2019-07-02,2019-07-03,1,RESIDUAL_REVERTED,68.49967956542969,68.33181762695312,0.0024505507112076996,13.374399521469249,9338.869340700836
CBOE,-1,2019-07-02,2019-07-03,1,TRAILING_STOP,97.20097351074219,99.62074700947198,-0.024894539749258593,-242.13033559209677,9338.869340700836
ADP,1,2019-07-03,2019-07-05,1,RESIDUAL_REVERTED,138.8500518798828,138.841552734375,-6.121096386169089e-05,-10.002627013301877,9425.944359330426
EOG,1,2019-07-03,2019-07-08,2,RESIDUAL_REVERTED,64.96794891357422,64.93103790283203,-0.0005681418508577396,-14.778540196985052,9425.944359330426
GEN,-1,2019-07-05,2019-07-08,1,RESIDUAL_REVERTED,12.363425254821777,12.874844551086426,-0.04136550233643321,-398.0773805763789,9387.265602558704
CAG,-1,2019-07-05,2019-07-08,1,RESIDUAL_REVERTED,20.296030044555664,20.22357177734375,0.0035700709475127157,23.956107452916253,9387.265602558704
MSI,-1,2019-07-02,2019-07-09,4,RESIDUAL_REVERTED,151.9869384765625,153.84475708007812,-0.012223541194640974,-124.3032049356179,9338.869340700836
AVGO,1,2019-07-05,2019-07-10,3,RESIDUAL_REVERTED,23.806529998779297,23.320581436157227,-0.020412406287140028,-200.90813666757902,9387.265602558704
NCLH,1,2019-07-05,2019-07-10,3,RESIDUAL_REVERTED,52.72999954223633,50.970001220703125,-0.03337755237648843,-322.55455294930925,9387.265602558704
JEF,-1,2019-07-05,2019-07-10,3,RESIDUAL_REVERTED,15.018819808959961,15.450607299804688,-0.028749761721432288,-279.9781502674515,9387.265602558704
MSCI,1,2019-07-09,2019-07-10,1,RESIDUAL_REVERTED,215.8649139404297,221.26571655273438,0.025019362867812367,221.06231946948012,9208.300552898445
NKE,-1,2019-07-09,2019-07-10,1,RESIDUAL_REVERTED,78.765625,79.10538482666016,-0.004313554633257333,-49.13124826872005,9208.300552898445
ZBH,-1,2019-07-09,2019-07-10,1,RESIDUAL_REVERTED,110.50249481201172,110.85993957519531,-0.0032347212050884977,-39.19238014462144,9208.300552898445
ROK,1,2019-07-08,2019-07-10,2,TRAILING_STOP,139.71636962890625,135.3731299348079,-0.031086119011209723,-299.66014191482935,9343.771760323085
IPGP,1,2019-07-08,2019-07-11,3,RESIDUAL_REVERTED,147.41000366210938,142.72999572753906,-0.03174823837124208,-305.8437407469737,9343.771760323085
EXPD,1,2019-07-11,2019-07-12,1,RESIDUAL_REVERTED,66.06349182128906,67.05872344970703,0.015064774824652183,129.60984540054505,9220.14726424497
CFG,1,2019-07-11,2019-07-12,1,RESIDUAL_REVERTED,25.65804100036621,26.039255142211914,0.014857492114860316,127.69962387948719,9220.14726424497
PEP,-1,2019-07-11,2019-07-12,1,RESIDUAL_REVERTED,106.97748565673828,106.81006622314453,0.0015649969015999465,5.033439121713428,9220.14726424497
UNM,1,2019-07-11,2019-07-15,2,RESIDUAL_REVERTED,25.20321273803711,25.51011085510254,0.012176944275134272,102.99693557127422,9220.14726424497
SJM,1,2019-07-11,2019-07-15,2,RESIDUAL_REVERTED,92.281982421875,89.64602661132812,-0.028564143740393177,-272.45407622184956,9220.14726424497
GIS,-1,2019-07-11,2019-07-15,2,RESIDUAL_REVERTED,41.98159408569336,41.082977294921875,0.021405018326298375,187.8778384852423,9220.14726424497
ES,-1,2019-07-11,2019-07-15,2,RESIDUAL_REVERTED,59.62334060668945,59.37785339355469,0.004117300551039982,28.394695697240785,9220.14726424497
IRM,1,2019-07-12,2019-07-15,1,RESIDUAL_REVERTED,20.786800384521484,21.213302612304688,0.02051793541543745,179.86910859176587,9220.427100773362
CI,-1,2019-07-12,2019-07-15,1,RESIDUAL_REVERTED,157.30735778808594,161.0399932861328,-0.023728295678802525,-228.30229338591846,9220.427100773362
LHX,-1,2019-07-10,2019-07-16,4,RESIDUAL_REVERTED,166.65049743652344,166.62442016601562,0.0001564788038976861,-8.520891368469973,9225.153037399621
JNJ,1,2019-07-15,2019-07-16,1,RESIDUAL_REVERTED,110.93817138671875,108.92244720458984,-0.0181697981581318,-176.78437997240297,9226.398703549272
JBHT,-1,2019-07-15,2019-07-16,1,TRAILING_STOP,87.09353637695312,93.30244445800781,-0.07129011335791513,-667.4885203974022,9226.398703549272
GEN,1,2019-07-16,2019-07-17,1,RESIDUAL_REVERTED,11.251214027404785,11.717945098876953,0.041482729804565244,374.0862576828395,9245.3750324376
DTE,1,2019-07-16,2019-07-17,1,RESIDUAL_REVERTED,86.46231842041016,86.79593658447266,0.003858538264499556,26.410421483205823,9245.3750324376
AWK,1,2019-07-16,2019-07-17,1,RESIDUAL_REVERTED,100.1302719116211,100.92803955078125,0.007967297241180837,64.37844563169082,9245.3750324376
CF,-1,2019-07-16,2019-07-17,1,RESIDUAL_REVERTED,40.22161865234375,40.04520797729492,0.004385966576174738,31.1420171379034,9245.3750324376
GILD,-1,2019-07-16,2019-07-17,1,RESIDUAL_REVERTED,52.054203033447266,51.33538055419922,0.013809115063891597,118.3085130458976,9245.3750324376
ILMN,1,2019-07-15,2019-07-18,3,RESIDUAL_REVERTED,296.85797119140625,294.7470703125,-0.007110810838039439,-74.8007710128718,9226.398703549272
CSX,1,2019-07-18,2019-07-19,1,RESIDUAL_REVERTED,21.6177978515625,21.79030990600586,0.007980093792527176,64.1361507002473,9193.692215431303
NSC,1,2019-07-18,2019-07-19,1,RESIDUAL_REVERTED,167.96279907226562,170.2442626953125,0.01358314838552599,115.62315371484095,9193.692215431303
CTAS,-1,2019-07-18,2019-07-19,1,RESIDUAL_REVERTED,60.39019012451172,60.970863342285156,-0.009615356675914066,-97.82139291106144,9193.692215431303
JBHT,-1,2019-07-17,2019-07-19,2,TRAILING_STOP,91.05487823486328,94.53029288831304,-0.03816835210613778,-361.5564983931982,9216.881889373899
WEC,-1,2019-07-16,2019-07-22,4,RESIDUAL_REVERTED,68.21633911132812,68.68373107910156,-0.006851613174530868,-73.36242093923725,9245.3750324376
PLD,-1,2019-07-17,2019-07-22,3,RESIDUAL_REVERTED,66.86626434326172,66.14681243896484,0.010759564802417132,89.45503621719959,9216.881889373899
TXT,1,2019-07-18,2019-07-22,2,RESIDUAL_REVERTED,48.3178596496582,48.64485168457031,0.006767519035053571,52.99368561138882,9193.692215431303
USB,-1,2019-07-18,2019-07-22,2,RESIDUAL_REVERTED,40.63578414916992,41.046485900878906,-0.01010689864384906,-102.52922177751034,9193.692215431303
CCI,1,2019-07-19,2019-07-22,1,RESIDUAL_REVERTED,92.79246520996094,91.30085754394531,-0.016074663633955377,-156.36318117837527,9161.926816126736
TEL,1,2019-07-17,2019-07-23,4,RESIDUAL_REVERTED,79.890869140625,79.85537719726562,-0.00044425531654812556,-13.309483346333916,9216.881889373899
AXP,1,2019-07-22,2019-07-23,1,RESIDUAL_REVERTED,113.8537368774414,115.34139251708984,0.013066375162106736,110.63071700320211,9173.479821451238
SYF,1,2019-07-22,2019-07-23,1,RESIDUAL_REVERTED,29.532609939575195,29.725627899169922,0.0065357569137860505,50.75217652799267,9173.479821451238
CFG,-1,2019-07-22,2019-07-23,1,RESIDUAL_REVERTED,26.77967071533203,26.933616638183594,-0.005748611492949474,-62.11688137670893,9173.479821451238
STT,-1,2019-07-22,2019-07-23,1,RESIDUAL_REVERTED,48.0401725769043,47.67921447753906,0.007513671995815652,59.607494209145344,9173.479821451238
HPE,1,2019-07-23,2019-07-24,1,RESIDUAL_REVERTED,11.572216987609863,11.76508903503418,0.016666819126431864,143.94079003096573,9192.510223124578
AMCR,1,2019-07-23,2019-07-24,1,RESIDUAL_REVERTED,38.15399169921875,38.29532241821289,0.0037042184238100795,24.84152997357065,9192.510223124578
HAL,-1,2019-07-23,2019-07-24,1,RESIDUAL_REVERTED,20.541479110717773,20.619583129882812,-0.003802258773287992,-44.34599005056726,9192.510223124578
AMAT,-1,2019-07-23,2019-07-24,1,RESIDUAL_REVERTED,47.3018913269043,47.62881088256836,-0.0069113421576467715,-72.94065570225183,9192.510223124578
LRCX,-1,2019-07-23,2019-07-24,1,RESIDUAL_REVERTED,19.102367401123047,19.323204040527344,-0.011560694795939908,-115.70174001407834,9192.510223124578
ZION,1,2019-07-24,2019-07-25,1,RESIDUAL_REVERTED,33.44680404663086,34.128273010253906,0.020374710919254246,177.87832074132388,9185.78348469666
WHR,1,2019-07-24,2019-07-25,1,RESIDUAL_REVERTED,104.10538482666016,107.26496887207031,0.030349861831556524,269.4620824606531,9185.783484696658
SWK,-1,2019-07-24,2019-07-25,1,RESIDUAL_REVERTED,120.24842071533203,121.89643859863281,-0.013705110416395216,-135.32583169331124,9185.783484696658
PHM,1,2019-07-24,2019-07-26,2,RESIDUAL_REVERTED,28.787370681762695,29.474559783935547,0.023871200665373626,209.9802595067565,9185.783484696658
APH,1,2019-07-25,2019-07-26,1,RESIDUAL_REVERTED,10.772658348083496,10.983177185058594,0.019541957998932435,170.38113305389174,9193.795253125341
AFL,1,2019-07-25,2019-07-26,1,RESIDUAL_REVERTED,45.47107696533203,45.42041015625,-0.001114264549323507,-19.43299321735971,9193.795253125341
TXN,-1,2019-07-25,2019-07-26,1,RESIDUAL_REVERTED,105.15328216552734,104.52361297607422,0.005988107803063469,45.7065110428195,9193.795253125341
EW,-1,2019-07-25,2019-07-26,1,RESIDUAL_REVERTED,70.8499984741211,70.6433334350586,0.002916937805411357,17.454994641263845,9193.795253125341
LEN,-1,2019-07-24,2019-07-29,3,RESIDUAL_REVERTED,40.22610092163086,41.814449310302734,-0.03948551692261493,-372.6377666565855,9185.783484696658
AAL,1,2019-07-26,2019-07-29,1,RESIDUAL_REVERTED,31.66777801513672,30.648469924926758,-0.03218754690407222,-305.27589707270454,9202.97027298173
BAX,-1,2019-07-26,2019-07-29,1,RESIDUAL_REVERTED,75.72769927978516,75.20689392089844,0.006877342951652876,53.93942204109694,9202.97027298173
UPS,-1,2019-07-25,2019-07-30,3,RESIDUAL_REVERTED,85.26593017578125,87.0260009765625,-0.02064213452140562,-199.6339721809632,9193.795253125341
ALGN,1,2019-07-26,2019-07-31,3,RESIDUAL_REVERTED,203.25999450683594,208.0,0.023319913516009816,205.30219434793415,9202.97027298173
MHK,1,2019-07-29,2019-07-31,2,RESIDUAL_REVERTED,127.45999908447266,125.16999816894531,-0.0179664281498203,-173.35963387182517,9144.672948248683
GOOG,-1,2019-07-29,2019-07-31,2,RESIDUAL_REVERTED,61.47026824951172,60.57624435424805,0.01454400510560283,123.56167913133505,9144.672948248683
GOOGL,-1,2019-07-29,2019-07-31,2,RESIDUAL_REVERTED,61.53940963745117,60.66621780395508,0.014189148687651643,120.31465874932067,9144.672948248683
XOM,-1,2019-07-30,2019-07-31,1,RESIDUAL_REVERTED,54.35356903076172,54.33908462524414,0.0002664849020196369,-6.85146789310835,9095.273943053235
AMZN,1,2019-07-29,2019-07-31,2,TRAILING_STOP,96.5,92.74704345703125,-0.038890741377914484,-364.6099620088908,9144.672948248683
PFE,1,2019-07-30,2019-08-01,2,RESIDUAL_REVERTED,26.544673919677734,25.770540237426758,-0.029163427834655198,-274.2120145350691,9095.273943053235
MRK,-1,2019-07-30,2019-08-01,2,RESIDUAL_REVERTED,64.06693267822266,63.357547760009766,0.011072559408701332,91.30581312210663,9095.273943053235
WMB,1,2019-07-29,2019-08-02,4,RESIDUAL_REVERTED,17.11505126953125,17.45612335205078,0.019928195197797427,173.00103617070337,9144.672948248683
MLM,-1,2019-07-31,2019-08-02,2,RESIDUAL_REVERTED,235.6287078857422,231.01417541503906,0.01958391450731356,169.64254971353776,9143.046754002748
XEL,1,2019-08-01,2019-08-02,1,RESIDUAL_REVERTED,47.24965286254883,48.846038818359375,0.033786194375956535,299.4363358566911,9137.708897403243
MDLZ,1,2019-08-01,2019-08-02,1,RESIDUAL_REVERTED,44.78745651245117,44.846168518066406,0.001310902877436515,2.8349506649363887,9137.708897403243
AMD,1,2019-08-01,2019-08-02,1,RESIDUAL_REVERTED,30.5,29.479999542236328,-0.03344263795946467,-314.5740047870214,9137.708897403243
ALL,-1,2019-08-01,2019-08-02,1,RESIDUAL_REVERTED,91.0097427368164,88.46597290039062,0.027950522218065155,246.21715561716903,9137.708897403243
AKAM,-1,2019-08-01,2019-08-05,2,RESIDUAL_REVERTED,88.12000274658203,86.55999755859375,0.017703190414945724,152.3426616381753,9137.708897403243
SPGI,-1,2019-08-02,2019-08-05,1,RESIDUAL_REVERTED,228.6785430908203,223.71250915527344,0.021716221681430725,190.02977804910356,9176.87078278926
MCO,-1,2019-08-01,2019-08-06,3,RESIDUAL_REVERTED,200.24246215820312,191.8993682861328,0.04166495848157714,371.23579753084294,9137.708897403243
PRU,1,2019-08-02,2019-08-06,2,RESIDUAL_REVERTED,62.85731887817383,60.225215911865234,-0.04187424811118612,-393.2592975435801,9176.87078278926
NTAP,1,2019-08-05,2019-08-06,1,RESIDUAL_REVERTED,37.66364288330078,37.80495071411133,0.003751836519063856,25.267723428056964,9188.394706697485
XEL,1,2019-08-05,2019-08-06,1,RESIDUAL_REVERTED,48.188232421875,47.65878677368164,-0.010987031928421986,-110.09110412711946,9188.394706697485
PWR,1,2019-08-05,2019-08-06,1,RESIDUAL_REVERTED,32.35091781616211,32.33124542236328,-0.0006080938386545665,-14.77300721186224,9188.394706697485
FTNT,-1,2019-08-05,2019-08-06,1,RESIDUAL_REVERTED,16.673999786376953,16.29199981689453,0.02290991809862708,201.24540748061548,9188.394706697485
NWL,-1,2019-08-05,2019-08-06,1,RESIDUAL_REVERTED,10.623473167419434,10.778975486755371,-0.014637615861151643,-143.93499340348936,9188.394706697485
MTD,1,2019-08-05,2019-08-07,2,RESIDUAL_REVERTED,701.47998046875,701.260009765625,-0.0003135808708012444,-12.068258867682133,9188.394706697485
WEC,-1,2019-08-06,2019-08-07,1,RESIDUAL_REVERTED,69.095703125,69.52349853515625,-0.006191346072306869,-66.60014105624714,9231.511143448246
J,-1,2019-08-06,2019-08-08,2,RESIDUAL_REVERTED,64.03955841064453,65.45886993408203,-0.022163043572792418,-214.3064642541164,9231.511143448244
IFF,1,2019-08-07,2019-08-08,1,RESIDUAL_REVERTED,97.10002136230469,100.58535766601562,0.035894289772669286,321.2530885783957,9211.203479876405
MOS,1,2019-08-07,2019-08-08,1,RESIDUAL_REVERTED,18.822994232177734,19.632768630981445,0.04302048806982106,386.86113070013243,9211.203479876405
DXC,1,2019-08-07,2019-08-08,1,RESIDUAL_REVERTED,47.34458923339844,48.56526184082031,0.02578272675266491,228.15999393378107,9211.203479876405
ZTS,-1,2019-08-07,2019-08-08,1,RESIDUAL_REVERTED,112.68323516845703,114.0947036743164,-0.012525984932446166,-124.83156660936213,9211.203479876405
UDR,-1,2019-08-07,2019-08-08,1,RESIDUAL_REVERTED,35.201744079589844,35.31615447998047,-0.003250134428906426,-39.34721747148958,9211.203479876405
AES,1,2019-08-07,2019-08-09,2,RESIDUAL_REVERTED,12.044183731079102,12.159625053405762,0.009584819104741182,79.03237175215583,9211.203479876405
TDG,-1,2019-08-07,2019-08-12,3,RESIDUAL_REVERTED,391.0496520996094,402.6800842285156,-0.029741573906179264,-283.870291324741,9211.203479876405
NI,-1,2019-08-09,2019-08-12,1,RESIDUAL_REVERTED,22.928585052490234,22.70598030090332,0.009708612680516815,80.33877574126097,9240.9153354729
CNP,1,2019-08-08,2019-08-13,3,RESIDUAL_REVERTED,22.80487823486328,22.73943519592285,-0.002869694732260508,-35.87092481154795,9273.14241517858
WAB,1,2019-08-09,2019-08-13,2,RESIDUAL_REVERTED,68.65079498291016,65.18464660644531,-0.050489559186134736,-475.5773722290098,9240.9153354729
AMD,-1,2019-08-09,2019-08-13,2,RESIDUAL_REVERTED,33.45000076293945,32.36000061035156,0.03258595299631639,291.6685112510719,9240.9153354729
GEN,-1,2019-08-09,2019-08-13,2,RESIDUAL_REVERTED,11.405135154724121,10.705041885375977,0.06138403971987638,557.9309352535198,9240.9153354729
PRGO,1,2019-08-09,2019-08-14,3,RESIDUAL_REVERTED,36.538211822509766,36.654903411865234,0.0031936863774919555,20.25691379427314,9240.9153354729
AWK,-1,2019-08-13,2019-08-14,1,RESIDUAL_REVERTED,106.41541290283203,106.69407653808594,-0.0026186397971161846,-33.454673103959045,9191.525261813016
KHC,1,2019-08-09,2019-08-14,3,TRAILING_STOP,19.208457946777344,17.73798251183853,-0.07655353901980033,-716.3119756619121,9240.9153354729
AIZ,-1,2019-08-08,2019-08-15,5,RESIDUAL_REVERTED,104.1871566772461,106.58145904541016,-0.022980782320235482,-223.42114241719634,9273.14241517858
AMGN,-1,2019-08-13,2019-08-15,2,RESIDUAL_REVERTED,163.47845458984375,161.86077880859375,0.009895345446643944,81.4429393121822,9191.525261813016
SO,1,2019-08-14,2019-08-15,1,RESIDUAL_REVERTED,43.48400115966797,43.33237075805664,-0.003487038854924185,-41.17939707100498,9180.977837760393
BBY,-1,2019-08-14,2019-08-15,1,RESIDUAL_REVERTED,51.151058197021484,50.5238151550293,0.012262562380942366,103.27953324727186,9180.977837760393
DLTR,-1,2019-08-14,2019-08-15,1,RESIDUAL_REVERTED,92.30000305175781,93.72000122070312,-0.015384595037868376,-150.68110600775717,9180.977837760393
DXC,1,2019-08-12,2019-08-15,3,TRAILING_STOP,34.4597282409668,29.29900493621826,-0.14976099836484802,-1378.4726508932756,9147.973751119946
UDR,1,2019-08-14,2019-08-16,2,RESIDUAL_REVERTED,35.68227767944336,35.57550048828125,-0.0029924432549220947,-36.64079626435411,9180.977837760393
CBRE,1,2019-08-15,2019-08-16,1,RESIDUAL_REVERTED,50.0,50.81999969482422,0.016399993896484277,140.3309604112256,9117.2582823796
BRK-B,-1,2019-08-15,2019-08-19,2,RESIDUAL_REVERTED,197.0800018310547,202.72000122070312,-0.028617816811688845,-270.5290918437508,9117.2582823796
TPR,1,2019-08-16,2019-08-19,1,RESIDUAL_REVERTED,15.76524829864502,17.039201736450195,0.08080769891297357,720.9774264743394,9038.50915215615
CMS,-1,2019-08-16,2019-08-19,1,RESIDUAL_REVERTED,49.56877899169922,49.62556838989258,-0.0011456686920383596,-19.578482099437792,9038.50915215615
CSCO,1,2019-08-16,2019-08-20,2,RESIDUAL_REVERTED,37.88017654418945,39.61017990112305,0.04567041431064722,403.54755234852735,9038.50915215615
A,-1,2019-08-16,2019-08-20,2,RESIDUAL_REVERTED,66.44682312011719,67.89173889160156,-0.021745445510199524,-206.04963544061386,9038.50915215615
BFH,1,2019-08-19,2019-08-20,1,TRAILING_STOP,97.82806396484375,95.96098327636719,-0.01908532800104812,-182.2104280458365,9076.1295255328
WMT,-1,2019-08-16,2019-08-21,3,RESIDUAL_REVERTED,34.56892776489258,34.53862380981445,0.0008766240967676975,-1.6438499162492017,9038.50915215615
BF-B,-1,2019-08-16,2019-08-21,3,RESIDUAL_REVERTED,49.67898941040039,50.941650390625,-0.025416398264338946,-239.4272519187177,9038.50915215615
CBOE,1,2019-08-20,2019-08-21,1,RESIDUAL_REVERTED,108.83413696289062,109.54470825195312,0.006528937600752904,50.071353603935954,9061.58442749646
NVDA,-1,2019-08-20,2019-08-21,1,RESIDUAL_REVERTED,4.227819442749023,4.227075576782227,0.00017594553808886193,-7.643399640188816,9061.58442749646
KSS,1,2019-08-21,2019-08-22,1,RESIDUAL_REVERTED,30.930692672729492,32.19123077392578,0.04075363311561597,358.9176872720374,9033.180783638545
M,1,2019-08-15,2019-08-23,6,RESIDUAL_REVERTED,12.521970748901367,11.50910758972168,-0.08088688110603937,-746.215111688921,9117.2582823796
AMAT,1,2019-08-19,2019-08-23,4,RESIDUAL_REVERTED,44.46227264404297,43.6402473449707,-0.0184881529932861,-176.79310034483692,9076.1295255328
EL,-1,2019-08-20,2019-08-23,3,RESIDUAL_REVERTED,181.56674194335938,183.5154571533203,-0.010732776218283613,-106.91484697405686,9061.58442749646
MKC,1,2019-08-21,2019-08-23,2,RESIDUAL_REVERTED,69.81891632080078,70.52115631103516,0.010058019047556543,81.77729564602932,9033.180783638545
AFL,1,2019-08-22,2019-08-23,1,RESIDUAL_REVERTED,41.62358474731445,41.87815856933594,0.00611609556377557,46.11455290402961,9019.01321079355
TGT,-1,2019-08-22,2019-08-26,2,RESIDUAL_REVERTED,86.98588562011719,86.58968353271484,0.004554785923921334,31.724950793705347,9019.01321079355
LOW,-1,2019-08-22,2019-08-26,2,RESIDUAL_REVERTED,95.17401123046875,94.48905181884766,0.007196916498164896,55.56827789056241,9019.01321079355
PNW,1,2019-08-23,2019-08-26,1,RESIDUAL_REVERTED,70.79969787597656,70.09272766113281,-0.009985497622916228,-99.18819874249124,9033.118229053935
MDT,-1,2019-08-21,2019-08-27,4,RESIDUAL_REVERTED,86.58381652832031,86.87617492675781,-0.003376594035236158,-40.2702990465296,9033.180783638545
TJX,-1,2019-08-22,2019-08-27,3,RESIDUAL_REVERTED,48.974510192871094,49.15712356567383,-0.0037287432193515713,-43.20392645383307,9019.01321079355
CBRE,1,2019-08-26,2019-08-27,1,RESIDUAL_REVERTED,49.65999984741211,49.79999923706055,0.0028191580764922453,16.516861569923865,9086.439401852118
HAS,1,2019-08-26,2019-08-27,1,RESIDUAL_REVERTED,81.13409423828125,82.9491958618164,0.02237162614035504,194.09034663075153,9086.439401852118
KMI,1,2019-08-26,2019-08-27,1,RESIDUAL_REVERTED,13.231775283813477,13.419168472290039,0.014162361773616405,119.53465992019879,9086.439401852118
MCD,1,2019-08-26,2019-08-27,1,RESIDUAL_REVERTED,182.31854248046875,183.58421325683594,0.006942084766297318,53.96085373335319,9086.439401852118
CRM,-1,2019-08-26,2019-08-28,2,RESIDUAL_REVERTED,150.6343536376953,149.64328002929688,0.006579333229537854,50.363606874906026,9086.439401852118
ROK,1,2019-08-27,2019-08-28,1,RESIDUAL_REVERTED,129.427490234375,129.11721801757812,-0.002397266733945136,-30.762868553486893,9058.37799549713
BMY,-1,2019-08-27,2019-08-28,1,RESIDUAL_REVERTED,37.01963424682617,36.537071228027344,0.013035326485976828,108.90133387579351,9058.37799549713
FTI,-1,2019-08-27,2019-08-29,2,RESIDUAL_REVERTED,17.508638381958008,17.622106552124023,-0.006480696424853827,-68.152297180914,9058.37799549713
PM,1,2019-08-28,2019-08-29,1,RESIDUAL_REVERTED,50.53946304321289,52.90061569213867,0.046718989612274164,415.1959548144097,9086.119476787613
MO,1,2019-08-28,2019-08-29,1,RESIDUAL_REVERTED,25.76738166809082,26.33783721923828,0.02213866967530853,191.96790095133628,9086.119476787613
ADSK,1,2019-08-29,2019-08-30,1,RESIDUAL_REVERTED,142.02000427246094,143.7899932861328,0.012462955643038898,104.60424110526819,9130.379644021348
COTY,-1,2019-08-29,2019-08-30,1,RESIDUAL_REVERTED,9.038573265075684,9.12557601928711,-0.009625717650328491,-97.24193769219423,9130.379644021346
SJM,1,2019-08-28,2019-09-03,3,RESIDUAL_REVERTED,81.26282501220703,82.86783599853516,0.019750863769343763,170.2828591472369,9086.119476787613
GIS,-1,2019-08-28,2019-09-03,3,RESIDUAL_REVERTED,39.96162414550781,41.30570602416992,-0.033634315606594356,-315.3996561158333,9086.119476787613
COST,-1,2019-08-28,2019-09-03,3,RESIDUAL_REVERTED,266.2151794433594,265.73223876953125,0.0018140989361986604,6.860793930192725,9086.119476787613
BBY,1,2019-08-30,2019-09-03,1,RESIDUAL_REVERTED,46.96190643310547,47.066444396972656,0.0022260161864615657,11.186546443881204,9132.59647083479
DG,-1,2019-08-30,2019-09-03,1,RESIDUAL_REVERTED,141.78982543945312,140.69439697265625,0.0077257198349866,61.2779740420632,9132.59647083479
UNM,1,2019-08-28,2019-09-04,4,RESIDUAL_REVERTED,19.286685943603516,19.83618927001953,0.028491329615820238,249.66006765262188,9086.119476787613
HPE,-1,2019-08-29,2019-09-04,3,RESIDUAL_REVERTED,11.001641273498535,10.937353134155273,0.00584350441402981,43.707294513648236,9130.379644021346
HRB,1,2019-08-30,2019-09-04,2,RESIDUAL_REVERTED,18.21058464050293,18.278228759765625,0.0037145495654349325,24.773924040070707,9132.59647083479
ULTA,1,2019-09-03,2019-09-04,1,RESIDUAL_REVERTED,234.0500030517578,238.0,0.016876722481258266,145.2269663024052,9152.027100346813
AJG,-1,2019-09-03,2019-09-04,1,RESIDUAL_REVERTED,82.38926696777344,82.62725067138672,-0.0028885279888017923,-35.78199314511548,9152.027100346813
PNW,1,2019-09-04,2019-09-05,1,RESIDUAL_REVERTED,71.35034942626953,71.00804901123047,-0.0047974595470311465,-53.22235261993712,9184.08870903336
PFE,-1,2019-09-04,2019-09-05,1,RESIDUAL_REVERTED,24.41844367980957,24.290632247924805,0.005234216953410753,38.73159525044651,9184.088709033362
NEE,-1,2019-09-04,2019-09-05,1,RESIDUAL_REVERTED,47.33414840698242,45.98918151855469,0.02841430412698276,251.72484417825302,9184.088709033362
AMT,-1,2019-09-04,2019-09-06,2,RESIDUAL_REVERTED,196.27247619628906,194.39404296875,0.00957053818213649,78.39180794935197,9184.088709033362
MSCI,1,2019-09-05,2019-09-06,1,RESIDUAL_REVERTED,216.29598999023438,219.61343383789062,0.015337518960966579,131.77444629573637,9195.800684788095
TSN,1,2019-09-05,2019-09-09,2,RESIDUAL_REVERTED,70.18849182128906,70.18849182128906,0.0,-9.195800684788095,9195.800684788095
FTV,1,2019-09-05,2019-09-09,2,RESIDUAL_REVERTED,41.472042083740234,41.92515563964844,0.010925759454846196,91.22507003877797,9195.800684788095
IPGP,-1,2019-09-05,2019-09-09,2,RESIDUAL_REVERTED,127.91000366210938,135.1999969482422,-0.05699314422185675,-533.9375597517674,9195.800684788095
APD,1,2019-09-06,2019-09-09,1,TRAILING_STOP,190.33384704589844,182.00085250470104,-0.04378093896871593,-408.85761421157923,9134.635965699728
PSA,1,2019-09-04,2019-09-10,4,TRAILING_STOP,194.13156127929688,187.82373046875,-0.03249255694941744,-307.4494068530982,9184.088709033362
MOS,-1,2019-09-06,2019-09-10,2,TRAILING_STOP,16.741886138916016,18.460900739200696,-0.10267747528690219,-947.896418849785,9134.635965699728
CPRT,-1,2019-09-06,2019-09-11,3,RESIDUAL_REVERTED,20.174999237060547,20.2450008392334,-0.0034697201893452156,-41.394524544107746,9134.635965699728
CNP,-1,2019-09-09,2019-09-11,2,TRAILING_STOP,23.4633731842041,24.290171508789065,-0.035237828682773475,-331.3448600777377,9128.952037468853
PVH,-1,2019-09-05,2019-09-12,5,RESIDUAL_REVERTED,81.63623046875,88.8283462524414,-0.08809955754197296,-820.7198867906313,9195.800684788095
WEC,1,2019-09-09,2019-09-12,3,RESIDUAL_REVERTED,73.84184265136719,73.40327453613281,-0.005939289967410555,-63.32133553995533,9128.952037468853
IDXX,1,2019-09-10,2019-09-12,2,RESIDUAL_REVERTED,265.0400085449219,272.6000061035156,0.028523986246825173,246.22836995169902,8950.593894759488
SPG,-1,2019-09-10,2019-09-12,2,RESIDUAL_REVERTED,107.83123016357422,108.0155258178711,-0.001709112044973482,-24.61451137311836,8950.593894759488
PWR,-1,2019-09-11,2019-09-12,1,RESIDUAL_REVERTED,37.6541862487793,37.388526916503906,0.007055240299715715,53.130581928618795,8797.896579936516
ROP,1,2019-09-10,2019-09-13,3,RESIDUAL_REVERTED,338.705322265625,343.907958984375,0.015360363055263448,128.46503570307868,8950.593894759488
MKTX,1,2019-09-10,2019-09-13,3,RESIDUAL_REVERTED,341.0028381347656,319.3876953125,-0.06338698803944631,-576.0181064537435,8950.593894759488
SBUX,1,2019-09-11,2019-09-13,2,RESIDUAL_REVERTED,77.1542739868164,78.83971405029297,0.02184506413428977,183.29662314810673,8797.896579936516
CNP,-1,2019-09-12,2019-09-13,1,RESIDUAL_REVERTED,25.20722007751465,24.554309844970703,0.02590171508544703,220.1825035546835,8844.365816587466
NKTR,-1,2019-09-13,2019-09-16,1,RESIDUAL_REVERTED,300.29998779296875,301.5,-0.003996044807895727,-44.67108963702343,8902.217487515492
BEN,-1,2019-09-12,2019-09-17,3,RESIDUAL_REVERTED,21.042491912841797,20.885669708251953,0.007452644165881206,56.570880387121456,8844.365816587466
LKQ,-1,2019-09-13,2019-09-17,2,RESIDUAL_REVERTED,28.643712997436523,27.870731353759766,0.02698608395308022,231.1068389949006,8902.217487515492
PGR,1,2019-09-16,2019-09-17,1,RESIDUAL_REVERTED,59.6507682800293,60.3484001159668,0.011695269919449913,94.80287037758204,8868.84883527679
AVY,-1,2019-09-16,2019-09-17,1,RESIDUAL_REVERTED,101.77021026611328,99.49174499511719,0.022388332155728663,189.61670691489385,8868.84883527679
TSCO,1,2019-09-13,2019-09-18,3,RESIDUAL_REVERTED,17.796310424804688,17.07939910888672,-0.04028426672748586,-367.3422115688118,8902.217487515492
AEE,-1,2019-09-13,2019-09-18,3,RESIDUAL_REVERTED,62.498046875,63.73488998413086,-0.019790108186974686,-185.7016255365558,8902.217487515492
CBOE,1,2019-09-16,2019-09-18,2,RESIDUAL_REVERTED,102.08039855957031,104.62052154541016,0.024883552784695784,211.70927506275427,8868.84883527679
AVGO,1,2019-09-16,2019-09-18,2,RESIDUAL_REVERTED,24.070911407470703,24.212745666503906,0.005892351005420737,43.36339233101507,8868.84883527679
APA,-1,2019-09-17,2019-09-18,1,RESIDUAL_REVERTED,23.46561622619629,21.26493263244629,0.09378332844688841,824.8890362601893,8887.752676796403
MSCI,-1,2019-09-18,2019-09-19,1,RESIDUAL_REVERTED,223.02383422851562,217.2345428466797,0.025958173492363512,224.1836189422121,8984.657110713795
NDAQ,-1,2019-09-18,2019-09-19,1,RESIDUAL_REVERTED,31.160587310791016,30.940216064453125,0.007072114660097384,54.410407629311656,8984.657110713795
GM,-1,2019-09-18,2019-09-19,1,RESIDUAL_REVERTED,35.7421989440918,35.83589172363281,-0.0026213490582258636,-32.72676271806507,8984.657110713795
ORCL,1,2019-09-13,2019-09-20,5,RESIDUAL_REVERTED,48.8068962097168,48.544769287109375,-0.005370694368293738,-56.68940126837801,8902.217487515492
FDX,1,2019-09-19,2019-09-20,1,RESIDUAL_REVERTED,106.61627960205078,108.84484100341797,0.020902637098999977,179.25659864386407,9011.407827290264
SRE,1,2019-09-19,2019-09-20,1,RESIDUAL_REVERTED,55.917518615722656,56.42485427856445,0.009072928760096133,72.70757348726374,9011.407827290264
PHM,1,2019-09-19,2019-09-20,1,RESIDUAL_REVERTED,32.603759765625,33.22789764404297,0.0191431259126138,163.40885360309628,9011.407827290264
KLAC,-1,2019-09-19,2019-09-20,1,RESIDUAL_REVERTED,14.636824607849121,14.581452369689941,0.0037830772481542985,24.919258671292102,9011.407827290264
GLW,1,2019-09-18,2019-09-23,3,RESIDUAL_REVERTED,23.563581466674805,23.079452514648438,-0.020545643823756343,-193.48792420358174,8984.657110713795
AMT,-1,2019-09-20,2019-09-23,1,RESIDUAL_REVERTED,188.0501708984375,186.06466674804688,0.010558374613033217,86.38006184421629,9050.674999777088
MSFT,-1,2019-09-20,2019-09-23,1,RESIDUAL_REVERTED,132.59112548828125,130.91738891601562,0.012623292592938706,105.07819085285378,9050.67499977709
ROST,1,2019-09-23,2019-09-24,1,RESIDUAL_REVERTED,98.51958465576172,101.26871490478516,0.027904403562288627,244.15440559327197,9079.59492088882
FE,1,2019-09-23,2019-09-24,1,RESIDUAL_REVERTED,35.54963684082031,35.886924743652344,0.009487801643158766,77.02272799093102,9079.59492088882
SBAC,-1,2019-09-23,2019-09-24,1,RESIDUAL_REVERTED,232.97894287109375,232.6071014404297,0.0015960302080596511,5.239733500647147,9079.59492088882
NFLX,1,2019-09-23,2019-09-24,1,TRAILING_STOP,26.834999084472656,25.604187219652466,-0.04586591789870287,-425.3153281382576,9079.59492088882
AZO,1,2019-09-24,2019-09-24,0,STOP_LOSS,1160.0,1100.7961492459226,-0.05103780237420463,-473.1351227126934,9096.603554391955
PNW,-1,2019-09-19,2019-09-25,4,RESIDUAL_REVERTED,71.72988891601562,72.65264892578125,-0.012864372491166565,-125.71647484816546,9011.407827290264
MSCI,1,2019-09-23,2019-09-25,2,RESIDUAL_REVERTED,209.70750427246094,209.70748901367188,-7.276224622820848e-08,-9.080255242284277,9079.59492088882
REGN,-1,2019-09-23,2019-09-25,2,RESIDUAL_REVERTED,294.5801086425781,287.4969482421875,0.024044937837214286,208.9938044313467,9079.59492088882
EQIX,-1,2019-09-24,2019-09-25,1,RESIDUAL_REVERTED,510.7414855957031,504.0304260253906,0.013139836413494144,110.31370761105819,9096.603554391955
NUE,1,2019-09-25,2019-09-26,1,RESIDUAL_REVERTED,44.019500732421875,44.48584747314453,0.010594094275566679,86.93762912581825,9066.583332064298
AAP,-1,2019-09-24,2019-09-27,3,RESIDUAL_REVERTED,141.92010498046875,140.74095153808594,0.00830857222480974,65.98568572153353,9096.603554391955
PCAR,1,2019-09-25,2019-09-27,2,RESIDUAL_REVERTED,35.37554931640625,35.71794509887695,0.009678882422665458,78.64393351726223,9066.583332064298
ISRG,-1,2019-09-25,2019-09-27,2,RESIDUAL_REVERTED,180.0066680908203,182.35667419433594,-0.013055105838245762,-127.8535075593339,9066.583332064298
CTAS,-1,2019-09-26,2019-09-30,2,RESIDUAL_REVERTED,61.86046600341797,62.057884216308594,-0.0031913470047204573,-38.320870121024186,9053.451040991296
SBAC,1,2019-09-26,2019-10-01,3,RESIDUAL_REVERTED,223.51063537597656,218.42288208007812,-0.022762913663325723,-215.03333398002226,9053.451040991296
MPC,-1,2019-09-26,2019-10-01,3,RESIDUAL_REVERTED,48.545021057128906,49.81352996826172,-0.026130566709199776,-246.2972128864657,9053.451040991296
WFC,-1,2019-09-30,2019-10-01,1,RESIDUAL_REVERTED,42.38898468017578,42.28879928588867,0.0023634770929996662,12.02956719486947,8944.271719914797
MU,1,2019-09-30,2019-10-02,2,RESIDUAL_REVERTED,41.93090057373047,40.78024673461914,-0.027441667681046833,-254.26728104070855,8944.271719914797
EMR,-1,2019-09-30,2019-10-02,2,RESIDUAL_REVERTED,57.50613784790039,55.21276092529297,0.03988055898786391,347.58644883768056,8944.271719914797
SRE,-1,2019-10-01,2019-10-02,1,RESIDUAL_REVERTED,58.89353561401367,58.0826301574707,0.013769006192082212,114.36944722695218,8965.771022833504
SLB,1,2019-09-25,2019-10-02,5,TRAILING_STOP,29.736732482910156,27.155797304082604,-0.08679283039287611,-795.5875555001073,9066.583332064298
MKC,-1,2019-10-02,2019-10-03,1,RESIDUAL_REVERTED,71.81299591064453,71.53119659423828,0.003924071302593868,25.929451798764482,8921.801482860299
V,-1,2019-10-02,2019-10-03,1,RESIDUAL_REVERTED,164.2106170654297,161.61387634277344,0.015813476430830198,132.0592997465646,8921.801482860299
AZO,1,2019-09-25,2019-10-04,7,RESIDUAL_REVERTED,1096.8199462890625,1052.5999755859375,-0.040316526748749526,-374.4169661842876,9066.583332064298
PAYX,-1,2019-10-03,2019-10-04,1,RESIDUAL_REVERTED,67.04153442382812,66.93672943115234,0.0015632845157333985,4.83230476763812,8876.984763023624
NKE,-1,2019-09-26,2019-10-07,7,RESIDUAL_REVERTED,82.1242904663086,82.91307067871094,-0.00960471266081675,-97.32214754308387,9053.451040991296
SCHW,1,2019-10-02,2019-10-07,3,RESIDUAL_REVERTED,33.762027740478516,32.546199798583984,-0.03601169785299452,-330.0503761783712,8921.801482860299
DHI,1,2019-10-03,2019-10-07,2,RESIDUAL_REVERTED,47.83713150024414,48.6638298034668,0.017281519131606693,144.454093359144,8876.984763023624
XEL,1,2019-10-03,2019-10-07,2,RESIDUAL_REVERTED,51.38108825683594,51.99469757080078,0.011942318366197746,97.08178751980577,8876.984763023624
LEN,-1,2019-10-03,2019-10-07,2,RESIDUAL_REVERTED,50.87057876586914,51.958709716796875,-0.02139018224926903,-199.21076702369024,8876.984763023624
LW,-1,2019-10-04,2019-10-07,1,RESIDUAL_REVERTED,68.96942138671875,68.56268310546875,0.0058973712273062695,43.019737179676724,8814.549679513626
CCL,1,2019-09-27,2019-10-08,7,RESIDUAL_REVERTED,41.44892120361328,38.852352142333984,-0.0626450335950588,-572.7389607647265,9003.38859432537
PEP,-1,2019-10-04,2019-10-08,2,RESIDUAL_REVERTED,110.63018798828125,110.47765350341797,0.0013787781403701294,2.9913213991863508,8814.549679513626
HPQ,1,2019-10-07,2019-10-08,1,RESIDUAL_REVERTED,12.835506439208984,12.897627830505371,0.004839808354317965,33.86565385228691,8825.182618935427
D,-1,2019-10-07,2019-10-08,1,RESIDUAL_REVERTED,60.18959426879883,59.85728454589844,0.005521049392962163,39.74905474614068,8825.182618935427
HLT,1,2019-10-08,2019-10-09,1,RESIDUAL_REVERTED,88.67925262451172,89.93781280517578,0.014192273202764838,116.80348000530941,8858.696354185333
CBOE,-1,2019-10-08,2019-10-10,2,RESIDUAL_REVERTED,106.94139862060547,106.2378158569336,0.00657914308908536,49.10221608496387,8858.696354185333
TMO,1,2019-10-09,2019-10-10,1,RESIDUAL_REVERTED,273.48590087890625,271.1209411621094,-0.008647464857225007,-85.22642815789509,8838.035973438497
WAT,1,2019-10-09,2019-10-10,1,RESIDUAL_REVERTED,207.2100067138672,208.38999938964844,0.0056946703226099515,41.46650034407604,8838.035973438497
RVTY,1,2019-10-09,2019-10-10,1,RESIDUAL_REVERTED,78.23331451416016,79.2950210571289,0.013571028526173201,111.04323171828511,8838.035973438497
MSI,-1,2019-10-09,2019-10-10,1,RESIDUAL_REVERTED,156.70736694335938,155.71131896972656,0.0063561017778623885,47.1905386501413,8838.035973438497
GD,-1,2019-10-09,2019-10-10,1,RESIDUAL_REVERTED,151.7406463623047,150.47640991210938,0.008331560992410392,64.65899514447024,8838.035973438497
HOG,1,2019-10-08,2019-10-11,3,RESIDUAL_REVERTED,29.11501121520996,29.762012481689453,0.02222225716133308,187.9031020284364,8858.696354185333
MCO,-1,2019-10-08,2019-10-11,3,RESIDUAL_REVERTED,194.95974731445312,202.7000274658203,-0.039701939800336206,-361.2744591592204,8858.696354185333
COP,-1,2019-10-08,2019-10-14,4,RESIDUAL_REVERTED,42.02983856201172,43.53479766845703,-0.03580692093843907,-326.9411071622375,8858.696354185333
EVRG,1,2019-10-10,2019-10-14,2,RESIDUAL_REVERTED,48.564456939697266,48.992671966552734,0.008817457330722034,68.93605809654565,8823.19586216309
SWKS,-1,2019-10-11,2019-10-14,1,RESIDUAL_REVERTED,72.6611099243164,71.85892486572266,0.01104008814934565,88.47329098769879,8824.458924860504
PSX,-1,2019-10-11,2019-10-14,1,RESIDUAL_REVERTED,81.19819641113281,80.4393539428711,0.009345558174955637,73.51195067994837,8824.458924860504
DAL,1,2019-10-11,2019-10-15,2,RESIDUAL_REVERTED,50.908409118652344,50.63245391845703,-0.00542062116991604,-56.63459076158311,8824.458924860504
FCX,-1,2019-10-11,2019-10-15,2,RESIDUAL_REVERTED,8.462285041809082,8.721519470214844,-0.030634093170459176,-279.65384766119837,8824.458924860504
LMT,1,2019-10-14,2019-10-15,1,RESIDUAL_REVERTED,317.55072021484375,318.3138732910156,0.0024032478202398178,12.28506941789432,8762.242963217117
FAST,-1,2019-10-14,2019-10-15,1,RESIDUAL_REVERTED,14.822015762329102,14.943608283996582,-0.008203507783098862,-80.85351016311331,8762.242963217117
HRL,1,2019-10-11,2019-10-16,3,RESIDUAL_REVERTED,33.728675842285156,33.37244415283203,-0.010561686178219953,-101.97902419890109,8824.458924860504
IPGP,1,2019-10-15,2019-10-16,1,RESIDUAL_REVERTED,125.87000274658203,131.77000427246094,0.0468737697397017,402.3333007895854,8774.926499736115
PPL,-1,2019-10-15,2019-10-16,1,RESIDUAL_REVERTED,24.12318992614746,23.79963493347168,0.013412612248477007,108.80526210602723,8774.926499736115
RMD,1,2019-10-11,2019-10-17,4,RESIDUAL_REVERTED,123.10822296142578,123.30558776855469,0.0016031813503696313,5.315675446591128,8824.458924860504
PG,1,2019-10-16,2019-10-17,1,RESIDUAL_REVERTED,98.49478912353516,98.82070922851562,0.003309008607264463,20.35550356357798,8822.011124108845
DHR,1,2019-10-16,2019-10-17,1,RESIDUAL_REVERTED,117.87071228027344,118.53226470947266,0.0056125259311758935,40.666998191975495,8822.011124108845
PLD,-1,2019-10-16,2019-10-17,1,RESIDUAL_REVERTED,73.30461120605469,73.20589447021484,0.0013466647488568073,2.8893180211190734,8822.011124108845
UNH,-1,2019-10-16,2019-10-17,1,RESIDUAL_REVERTED,209.31204223632812,211.4381103515625,-0.010157409447249632,-98.65115310819658,8822.011124108845
UDR,-1,2019-10-15,2019-10-18,3,RESIDUAL_REVERTED,37.27099609375,37.94696807861328,-0.018136676121104145,-168.53106108425496,8774.926499736115
USB,-1,2019-10-17,2019-10-18,1,RESIDUAL_REVERTED,41.231178283691406,41.231178283691406,-0.0,-8.997191072928022,8822.430336741016
EXC,1,2019-10-17,2019-10-21,2,RESIDUAL_REVERTED,24.608469009399414,24.875106811523438,0.010835204824086286,86.72261298820841,8822.430336741016
C,1,2019-10-17,2019-10-21,2,RESIDUAL_REVERTED,55.07454299926758,55.45989990234375,0.006997005913990106,52.8773016065797,8822.430336741016
MTB,1,2019-10-18,2019-10-21,1,RESIDUAL_REVERTED,121.49415588378906,122.69441223144531,0.009879128250451119,78.12741095283545,8803.89337148319
HPE,-1,2019-10-15,2019-10-21,4,TRAILING_STOP,12.097613334655762,12.834482192993164,-0.060910267005022334,-544.2337101113617,8774.926499736115
TXT,1,2019-10-18,2019-10-22,2,RESIDUAL_REVERTED,47.33550262451172,45.85844421386719,-0.03120402929617705,-283.38348158232185,8803.89337148319
CCI,-1,2019-10-18,2019-10-22,2,RESIDUAL_REVERTED,103.02913665771484,104.95838928222656,-0.0187253109857759,-174.09941993472773,8803.89337148319
ISRG,-1,2019-10-21,2019-10-22,1,RESIDUAL_REVERTED,188.07000732421875,185.71665954589844,0.012513147693259286,100.57234187122876,8745.71298737459
IBM,1,2019-10-18,2019-10-23,3,RESIDUAL_REVERTED,96.01448059082031,95.51371765136719,-0.005215493916872815,-54.69758736908865,8803.89337148319
ROST,1,2019-10-22,2019-10-23,1,RESIDUAL_REVERTED,104.05522918701172,104.70980072021484,0.006290616418966444,46.151148249475284,8728.397239955577
DOV,-1,2019-10-18,2019-10-24,4,RESIDUAL_REVERTED,92.39546966552734,94.23407745361328,-0.01989932834089947,-184.79395905939862,8803.89337148319
STT,-1,2019-10-21,2019-10-24,3,RESIDUAL_REVERTED,52.22425842285156,53.429927825927734,-0.02308638627884485,-211.28423541554398,8745.71298737459
COTY,-1,2019-10-22,2019-10-24,2,RESIDUAL_REVERTED,11.405832290649414,11.650593757629395,-0.0214593254348161,-196.48151324904066,8728.397239955577
GILD,1,2019-10-23,2019-10-24,1,RESIDUAL_REVERTED,50.72653579711914,51.52156448364258,0.015672836199640328,127.10694041678329,8667.367358353382
BIIB,-1,2019-10-23,2019-10-24,1,RESIDUAL_REVERTED,285.239990234375,278.2099914550781,0.024645908778500814,204.88648451979083,8667.367358353382
HOG,-1,2019-10-23,2019-10-24,1,RESIDUAL_REVERTED,34.50667953491211,34.24787139892578,0.0075002329831381775,56.20233093149302,8667.367358353382
MDLZ,1,2019-10-22,2019-10-25,3,RESIDUAL_REVERTED,45.11901092529297,44.76488494873047,-0.007848708765997858,-77.20079184634123,8728.397239955577
GD,1,2019-10-24,2019-10-25,1,RESIDUAL_REVERTED,150.8878936767578,150.2534637451172,-0.0042046443633161346,-45.328959197427345,8712.84822669934
TXN,1,2019-10-24,2019-10-28,2,RESIDUAL_REVERTED,97.73477935791016,99.58568572998047,0.018938052392712734,156.20902579218267,8712.84822669934
ALLE,-1,2019-10-25,2019-10-28,1,RESIDUAL_REVERTED,104.13465881347656,103.84249877929688,0.0028055984194752526,15.563843555860897,8708.091745470461
LUV,-1,2019-10-25,2019-10-28,1,RESIDUAL_REVERTED,51.112125396728516,51.88697052001953,-0.01515971244155323,-140.96110881721188,8708.091745470461
CME,1,2019-10-22,2019-10-28,4,TRAILING_STOP,157.24839782714844,150.83287021247617,-0.0407986835053441,-364.6574601835714,8728.397239955577
BAX,1,2019-10-25,2019-10-29,2,RESIDUAL_REVERTED,68.2650146484375,68.81368255615234,0.008037322053477292,61.246651215188905,8708.091745470461
ORLY,-1,2019-10-25,2019-10-29,2,RESIDUAL_REVERTED,29.1213321685791,29.224000930786133,-0.0035255517025354344,-39.772633427763154,8708.091745470461
PYPL,-1,2019-10-25,2019-10-29,2,RESIDUAL_REVERTED,103.30792236328125,105.66166687011719,-0.022783775464567224,-207.56411471165194,8708.091745470461
LRCX,-1,2019-10-25,2019-10-30,3,RESIDUAL_REVERTED,24.506532669067383,25.56170082092285,-0.04305660723629501,-384.3761660525572,8708.091745470461
PLD,1,2019-10-29,2019-10-30,1,RESIDUAL_REVERTED,70.74620056152344,71.72515106201172,0.0138374992963326,110.50269906144027,8612.447321411028
T,-1,2019-10-29,2019-10-30,1,RESIDUAL_REVERTED,18.36241340637207,18.314708709716797,0.002597953526017438,13.604505099519411,8612.447321411028
VTR,1,2019-10-28,2019-10-31,3,RESIDUAL_REVERTED,49.521419525146484,50.41828918457031,0.018110742139942237,148.1971609174647,8665.64584653759
VFC,1,2019-10-28,2019-10-31,3,RESIDUAL_REVERTED,68.15868377685547,65.88941192626953,-0.033293950599388,-297.03497378058916,8665.64584653759
AMG,-1,2019-10-29,2019-10-31,2,RESIDUAL_REVERTED,80.88274383544922,79.24803161621094,0.02021088976115848,165.19488425756177,8612.447321411028
IPGP,1,2019-10-30,2019-10-31,1,RESIDUAL_REVERTED,125.01000213623047,133.7100067138672,0.06959446787430523,589.0151104547231,8591.276838892949
XRX,-1,2019-10-30,2019-10-31,1,RESIDUAL_REVERTED,22.991073608398438,23.05864143371582,-0.00293887212351418,-34.02347783965747,8591.276838892949
L,1,2019-10-29,2019-11-01,3,RESIDUAL_REVERTED,47.800689697265625,47.8979377746582,0.002034449251851367,8.900378894737532,8612.447321411028
LDOS,-1,2019-10-30,2019-11-01,2,RESIDUAL_REVERTED,79.21449279785156,78.60381317138672,0.007709190640445618,57.334471600673496,8591.276838892949
GRMN,-1,2019-10-31,2019-11-01,1,RESIDUAL_REVERTED,81.8103256225586,80.5735092163086,0.015118096607464881,122.75703245953233,8702.391080784662
XYL,1,2019-11-01,2019-11-04,1,RESIDUAL_REVERTED,71.34910583496094,72.96983337402344,0.022715456908618314,188.89147409021922,8703.032202453851
WDC,1,2019-11-01,2019-11-04,1,RESIDUAL_REVERTED,38.163108825683594,40.210845947265625,0.05365750287628335,458.0464517453824,8703.032202453851
ADM,-1,2019-11-01,2019-11-04,1,RESIDUAL_REVERTED,34.56687545776367,34.87763977050781,-0.008990234397200814,-87.15778564317921,8703.032202453851
CHRW,1,2019-10-31,2019-11-05,3,RESIDUAL_REVERTED,65.6700668334961,64.64784240722656,-0.015566063437415734,-144.09663171566928,8702.391080784662
FMC,-1,2019-10-31,2019-11-05,3,RESIDUAL_REVERTED,75.35153198242188,79.40605163574219,-0.0538080586638392,-477.72984667507956,8702.391080784662
ANET,1,2019-11-04,2019-11-05,1,RESIDUAL_REVERTED,11.725625038146973,12.010000228881836,0.024252454756970687,201.76767502975164,8681.790998472225
CHD,1,2019-11-01,2019-11-06,3,RESIDUAL_REVERTED,64.23843383789062,62.601409912109375,-0.025483559109058862,-230.3763756439493,8703.032202453851
KHC,-1,2019-11-01,2019-11-06,3,RESIDUAL_REVERTED,22.67461395263672,23.39467430114746,-0.031756234086931734,-285.7481720284121,8703.032202453851
QRVO,-1,2019-11-04,2019-11-06,2,RESIDUAL_REVERTED,98.31999969482422,100.76000213623047,-0.02481694923697897,-224.60041071302493,8681.790998472225
FTNT,-1,2019-11-04,2019-11-06,2,RESIDUAL_REVERTED,18.149999618530273,18.327999114990234,-0.009807134997305011,-94.21622786318096,8681.790998472225
UAA,1,2019-11-05,2019-11-06,1,RESIDUAL_REVERTED,17.25,18.110000610351562,0.049855107846467295,421.2507212148871,8626.851645665694
UA,1,2019-11-05,2019-11-06,1,RESIDUAL_REVERTED,15.670000076293945,16.440000534057617,0.04913851014771553,415.071830169147,8626.851645665694
CVX,-1,2019-11-05,2019-11-06,1,RESIDUAL_REVERTED,89.3642807006836,89.88764190673828,-0.0058564921235995104,-59.347372067170525,8626.851645665694
BDX,1,2019-11-06,2019-11-07,1,RESIDUAL_REVERTED,168.4311065673828,171.51052856445312,0.01828297670085277,150.46204946880056,8710.402039721901
KR,-1,2019-11-06,2019-11-07,1,RESIDUAL_REVERTED,24.082138061523438,23.299467086791992,0.03250006177740239,274.3530935631113,8710.402039721901
BR,1,2019-11-07,2019-11-08,1,RESIDUAL_REVERTED,103.49836730957031,105.95314025878906,0.023717987182120037,199.076911086513,8767.541054713363
DVA,-1,2019-11-07,2019-11-08,1,RESIDUAL_REVERTED,70.0,69.1500015258789,0.012142835344587044,97.57655155515647,8767.541054713363
COTY,-1,2019-11-07,2019-11-08,1,RESIDUAL_REVERTED,12.864604949951172,12.668795585632324,0.015220783310535335,124.57592022579016,8767.541054713363
HPQ,-1,2019-11-07,2019-11-08,1,RESIDUAL_REVERTED,15.390181541442871,14.986407279968262,0.026235834865711016,221.2010450533462,8767.541054713363
DOC,1,2019-11-07,2019-11-11,2,RESIDUAL_REVERTED,23.775678634643555,23.36527442932129,-0.01726151381959984,-160.03290161901757,8767.541054713363
EXPE,1,2019-11-08,2019-11-11,1,RESIDUAL_REVERTED,97.17411041259766,98.85830688476562,0.017331740573872434,143.4353537017567,8787.275455539688
RL,-1,2019-11-08,2019-11-11,1,RESIDUAL_REVERTED,101.99186706542969,99.46763610839844,0.024749335703521447,208.62904428267296,8787.275455539688
IQV,1,2019-11-06,2019-11-12,4,RESIDUAL_REVERTED,139.67999267578125,139.89999389648438,0.001575037458755979,5.001947848918429,8710.402039721901
FANG,1,2019-11-07,2019-11-12,3,RESIDUAL_REVERTED,59.58976745605469,59.635746002197266,0.0007715845875131411,-2.0060239562827835,8767.541054713363
CVS,-1,2019-11-07,2019-11-12,3,RESIDUAL_REVERTED,57.942256927490234,57.62813186645508,0.005421346659455373,38.265840019857144,8767.541054713363
DIS,-1,2019-11-11,2019-11-12,1,RESIDUAL_REVERTED,132.52096557617188,133.0317840576172,-0.0038546239021455264,-42.96648298368515,8811.318906393617
ED,-1,2019-11-11,2019-11-12,1,RESIDUAL_REVERTED,68.43109893798828,68.24539947509766,0.00271367062304384,14.937641484294558,8811.318906393617
DUK,1,2019-11-11,2019-11-13,2,RESIDUAL_REVERTED,68.32405090332031,66.82058715820312,-0.02200489762008717,-202.606543254307,8811.318906393617
CNP,1,2019-11-12,2019-11-13,1,RESIDUAL_REVERTED,22.90964698791504,23.141050338745117,0.010100694740174054,80.16210658165038,8813.24105470423
BA,-1,2019-11-12,2019-11-13,1,RESIDUAL_REVERTED,364.3223571777344,359.7297058105469,0.01260601024533603,102.16897243709809,8813.24105470423
NWSA,-1,2019-11-11,2019-11-14,3,RESIDUAL_REVERTED,11.930839538574219,12.192235946655273,-0.021909305479796304,-202.49643169739696,8811.318906393617
NWS,1,2019-11-12,2019-11-14,2,RESIDUAL_REVERTED,12.463218688964844,12.397720336914062,-0.005255332004145519,-55.10659057585288,8813.24105470423
AAP,1,2019-11-13,2019-11-14,1,RESIDUAL_REVERTED,135.65736389160156,137.96328735351562,0.016998144411509042,141.13472889729732,8826.632855350612
DXC,-1,2019-11-13,2019-11-14,1,RESIDUAL_REVERTED,34.02573776245117,33.83074951171875,0.00573061051882906,41.607027070606314,8826.632855350612
TSN,-1,2019-11-13,2019-11-14,1,RESIDUAL_REVERTED,72.52786254882812,75.59009552001953,-0.04222146997824194,-381.8606914951265,8826.632855350612
PGR,1,2019-11-14,2019-11-15,1,RESIDUAL_REVERTED,58.760257720947266,60.1080436706543,0.02293703264726421,194.25985272984832,8859.970560835649
DIS,-1,2019-11-14,2019-11-15,1,RESIDUAL_REVERTED,142.64076232910156,141.81190490722656,0.005810803366029793,42.47453453654557,8859.970560835649
ROK,-1,2019-11-13,2019-11-18,3,RESIDUAL_REVERTED,174.4677734375,177.79344177246094,-0.019061791581539866,-177.69658383026265,8826.632855350612
CNP,1,2019-11-15,2019-11-18,1,TRAILING_STOP,21.22365379333496,20.912485193164027,-0.014661405769286207,-138.1990620931709,8828.312213079176
BXP,1,2019-11-13,2019-11-19,4,RESIDUAL_REVERTED,97.40731811523438,100.26992797851562,0.029388036942919804,250.44108087306563,8826.632855350612
CSCO,1,2019-11-15,2019-11-19,2,RESIDUAL_REVERTED,37.057106018066406,37.32021713256836,0.007100152785100899,53.82271215158141,8828.312213079176
CPRT,-1,2019-11-15,2019-11-19,2,RESIDUAL_REVERTED,21.625,21.559999465942383,0.0030058050431267525,17.372856684892362,8828.312213079176
DHR,-1,2019-11-18,2019-11-19,1,RESIDUAL_REVERTED,122.50992584228516,120.41370391845703,0.01711062927690221,141.9627325932308,8817.740078524148
AMAT,-1,2019-11-18,2019-11-20,2,RESIDUAL_REVERTED,58.071266174316406,56.520809173583984,0.026699211208488394,226.37815283708366,8817.740078524148
NVDA,-1,2019-11-19,2019-11-20,1,RESIDUAL_REVERTED,5.23616361618042,5.137906551361084,0.018765086811976084,156.5784527934643,8818.879865276487
WHR,1,2019-11-18,2019-11-21,3,RESIDUAL_REVERTED,107.51969909667969,105.8759765625,-0.015287640757826959,-143.55278147358572,8817.740078524148
KSS,1,2019-11-20,2019-11-21,1,RESIDUAL_REVERTED,31.810314178466797,32.27033615112305,0.014461409279876047,118.8811252294106,8836.000248147813
AME,-1,2019-11-20,2019-11-21,1,RESIDUAL_REVERTED,94.23179626464844,94.04080963134766,0.0020267748347320147,8.90657482135186,8836.000248147813
GM,1,2019-11-14,2019-11-21,5,TRAILING_STOP,34.75846481323242,32.94406581695841,-0.05220020521686797,-471.12100591111937,8859.970560835649
NWS,-1,2019-11-15,2019-11-22,5,RESIDUAL_REVERTED,12.425790786743164,12.088947296142578,0.027108414778716394,229.7438001512516,8828.312213079176
AEE,1,2019-11-19,2019-11-22,3,RESIDUAL_REVERTED,61.842742919921875,61.43317413330078,-0.006622746134521074,-67.19487980257287,8818.879865276487
LOW,-1,2019-11-21,2019-11-22,1,RESIDUAL_REVERTED,105.00711059570312,103.33036041259766,0.015967968012768896,132.13544687127083,8834.686179545717
TGT,-1,2019-11-21,2019-11-25,2,RESIDUAL_REVERTED,105.09500885009766,105.65959167480469,-0.005372118342102494,-56.67207021368224,8834.686179545717
UA,1,2019-11-22,2019-11-25,1,RESIDUAL_REVERTED,15.300000190734863,15.789999961853027,0.03202612843200425,273.8595133051337,8831.296177298498
SCHW,-1,2019-11-22,2019-11-25,1,RESIDUAL_REVERTED,43.433265686035156,43.45146942138672,-0.00041911965549989993,-12.71165181071404,8831.296177298498
KLAC,1,2019-11-22,2019-11-26,2,RESIDUAL_REVERTED,14.880087852478027,15.193510055541992,0.021063195739920992,177.0910161823457,8831.296177298498
AMAT,1,2019-11-22,2019-11-26,2,RESIDUAL_REVERTED,53.253658294677734,54.86369323730469,0.03023332094328368,258.03461579032455,8831.296177298498
SJM,-1,2019-11-25,2019-11-26,1,RESIDUAL_REVERTED,85.76351928710938,84.38421630859375,0.016082630353567384,132.81737475146062,8812.689338896706
ROP,-1,2019-11-20,2019-11-26,4,TRAILING_STOP,335.0731201171875,348.9721739655008,-0.041480659037801404,-376.25650674549644,8836.000248147813
HD,1,2019-11-20,2019-11-27,5,RESIDUAL_REVERTED,188.88381958007812,186.46969604492188,-0.01278099701987856,-121.71242664095125,8836.000248147813
INTU,1,2019-11-25,2019-11-27,2,RESIDUAL_REVERTED,248.56272888183594,254.68006896972656,0.024610850208354185,207.96664402482412,8812.689338896706
FE,-1,2019-11-25,2019-11-27,2,RESIDUAL_REVERTED,35.89031982421875,36.10944366455078,-0.006105374413079678,-62.99587335815182,8812.689338896706
CMCSA,1,2019-11-26,2019-11-27,1,RESIDUAL_REVERTED,33.40370559692383,33.695716857910156,0.008741882248334054,68.68746410714706,8877.203713181354
INCY,-1,2019-11-26,2019-11-27,1,RESIDUAL_REVERTED,94.0,94.41000366210938,-0.004361741086269966,-47.79231320417961,8877.203713181354
GILD,-1,2019-11-26,2019-11-29,2,RESIDUAL_REVERTED,51.69136047363281,51.745391845703125,-0.0010452689109985425,-18.51438813845571,8877.203713181354
BBY,-1,2019-11-27,2019-11-29,1,RESIDUAL_REVERTED,61.900840759277344,60.38133239746094,0.024547459181136766,209.60862815658274,8904.259356478637
HRL,-1,2019-11-27,2019-12-02,2,RESIDUAL_REVERTED,36.035064697265625,36.165283203125,-0.0036136609425667654,-41.45405720163314,8904.259356478637
CME,1,2019-11-29,2019-12-02,1,RESIDUAL_REVERTED,152.49807739257812,154.63308715820312,0.014000240541582665,115.66196374105726,8901.702730855677
HP,-1,2019-11-29,2019-12-02,1,RESIDUAL_REVERTED,29.24320411682129,29.18458366394043,0.002004583787969416,8.776488961347036,8901.702730855677
HPE,1,2019-11-27,2019-12-03,3,RESIDUAL_REVERTED,12.899263381958008,12.551072120666504,-0.026993112008125486,-249.13775268022633,8904.259356478637
ADSK,-1,2019-11-29,2019-12-03,2,RESIDUAL_REVERTED,178.5,172.1999969482422,0.03529413474374121,305.0805047305775,8901.702730855677
DE,1,2019-11-29,2019-12-04,3,RESIDUAL_REVERTED,153.48568725585938,149.6280517578125,-0.025133519398562787,-232.52095543792262,8901.702730855677
DLTR,1,2019-11-27,2019-12-05,5,RESIDUAL_REVERTED,94.5,89.94999694824219,-0.04814818044188163,-437.41378361042615,8904.259356478637
APA,1,2019-12-03,2019-12-05,2,RESIDUAL_REVERTED,16.227434158325195,15.831232070922852,-0.024415572020612952,-225.62401443854537,8881.658836793606
AFL,1,2019-12-03,2019-12-05,2,RESIDUAL_REVERTED,44.40678787231445,44.69673156738281,0.006529265208329305,49.08005184551513,8881.658836793606
EIX,-1,2019-12-03,2019-12-05,2,RESIDUAL_REVERTED,52.44685745239258,51.869632720947266,0.011005897388023156,88.56740862326706,8881.658836793606
CCI,-1,2019-12-04,2019-12-05,1,RESIDUAL_REVERTED,97.81349182128906,98.53237915039062,-0.0073495722902421345,-73.8470047565699,8819.379423586188
CPRI,-1,2019-12-05,2019-12-06,1,RESIDUAL_REVERTED,37.59000015258789,37.38999938964844,0.005320584254525085,38.12277691739295,8857.968467015866
MCHP,-1,2019-12-05,2019-12-06,1,RESIDUAL_REVERTED,42.37149429321289,42.972171783447266,-0.014176452831180741,-134.67120854477486,8857.968467015866
ADI,-1,2019-12-05,2019-12-06,1,RESIDUAL_REVERTED,101.40411376953125,102.107177734375,-0.006933288391451908,-70.47847714922581,8857.968467015866
UNM,1,2019-12-04,2019-12-09,3,RESIDUAL_REVERTED,22.544029235839844,22.88796615600586,0.015256231109709306,125.66383606149418,8819.379423586188
SNPS,1,2019-12-06,2019-12-09,1,RESIDUAL_REVERTED,132.1300048828125,134.24000549316406,0.01596912534910566,132.7425800611171,8872.49053772075
GD,-1,2019-12-06,2019-12-09,1,RESIDUAL_REVERTED,156.90701293945312,156.94129943847656,-0.00021851476477130483,-10.988800681794288,8872.49053772075
KMI,-1,2019-12-06,2019-12-09,1,RESIDUAL_REVERTED,13.35717487335205,13.296187400817871,0.004565896090486299,31.482236003716277,8872.49053772075
J,1,2019-12-05,2019-12-10,3,RESIDUAL_REVERTED,67.77346801757812,67.10150909423828,-0.009914778496587506,-96.63885134959473,8857.968467015866
BF-B,1,2019-12-06,2019-12-10,2,RESIDUAL_REVERTED,55.75040054321289,55.995540618896484,0.0043970998108540105,30.12122931426208,8872.49053772075
ULTA,-1,2019-12-09,2019-12-10,1,RESIDUAL_REVERTED,260.3900146484375,251.6999969482422,0.03337308349526402,286.2005590981047,8841.395357356547
MMM,-1,2019-12-09,2019-12-10,1,RESIDUAL_REVERTED,111.99625396728516,111.81775665283203,0.0015937793285949464,5.081013614580044,8841.395357356547
GS,-1,2019-12-09,2019-12-10,1,RESIDUAL_REVERTED,191.9530487060547,189.4405517578125,0.013089122393099784,106.76933599557616,8841.395357356547
FFIV,1,2019-12-06,2019-12-11,3,RESIDUAL_REVERTED,138.57000732421875,138.39999389648438,-0.0012269136086323629,-19.752827031220924,8872.49053772075
STX,1,2019-12-10,2019-12-11,1,RESIDUAL_REVERTED,45.53865432739258,45.95979309082031,0.009247940450765713,73.29540038272765,8891.494164484951
IFF,1,2019-12-10,2019-12-11,1,RESIDUAL_REVERTED,111.38178253173828,111.9398422241211,0.005010331848691596,35.63556756209232,8891.494164484951
ORLY,1,2019-12-11,2019-12-12,1,RESIDUAL_REVERTED,29.29800033569336,29.630666732788086,0.011354576874976763,92.03423401328311,8893.142043139625
BEN,1,2019-12-11,2019-12-12,1,RESIDUAL_REVERTED,18.645479202270508,18.710220336914062,0.0034722161839462196,21.970330229317398,8893.142043139625
AZO,-1,2019-12-11,2019-12-12,1,RESIDUAL_REVERTED,1266.56005859375,1239.1700439453125,0.02162551587079764,183.348377849597,8893.142043139625
VNO,-1,2019-12-11,2019-12-12,1,RESIDUAL_REVERTED,50.90882873535156,49.78327178955078,0.02210926815173775,187.65308513529644,8893.142043139625
FCX,-1,2019-12-10,2019-12-12,2,TRAILING_STOP,11.193546295166016,12.09843102207775,-0.08083986102800256,-728.4045939426946,8891.494164484951
WMB,-1,2019-12-10,2019-12-13,3,RESIDUAL_REVERTED,15.862654685974121,16.014232635498047,-0.009555648315155763,-94.43074612855308,8891.494164484951
GIS,1,2019-12-12,2019-12-13,1,RESIDUAL_REVERTED,40.2645263671875,39.98550796508789,-0.006929633284522785,-70.48121081102087,8892.217102958875
USB,1,2019-12-12,2019-12-13,1,RESIDUAL_REVERTED,44.5567512512207,45.50477600097656,0.021276792475526163,180.21104191504725,8892.217102958875
SWKS,-1,2019-12-12,2019-12-13,1,RESIDUAL_REVERTED,91.60584259033203,94.66783905029297,-0.033425776930565476,-306.45223130151516,8892.217102958875
WYNN,-1,2019-12-13,2019-12-16,1,RESIDUAL_REVERTED,125.58879089355469,124.71797943115234,0.00693383108640977,52.552188142007374,8880.542829622733
SWK,-1,2019-12-13,2019-12-16,1,RESIDUAL_REVERTED,134.4778289794922,134.1466522216797,0.0024626866772440303,12.826259649859434,8880.542829622733
AMD,-1,2019-12-13,2019-12-16,1,RESIDUAL_REVERTED,42.349998474121094,41.72999954223633,0.014639880855335297,121.02334262746851,8880.542829622733
META,1,2019-12-13,2019-12-17,2,RESIDUAL_REVERTED,194.53677368164062,196.95364379882812,0.01242371851577384,101.3936568706924,8880.542829622733
AVGO,1,2019-12-16,2019-12-17,1,RESIDUAL_REVERTED,26.932546615600586,27.421274185180664,0.018146355654945268,152.0683876221907,8873.541521255645
JKHY,1,2019-12-12,2019-12-18,4,RESIDUAL_REVERTED,133.7204132080078,135.71539306640625,0.014919037494261822,123.70477160301678,8892.217102958875
PPL,-1,2019-12-16,2019-12-18,2,RESIDUAL_REVERTED,27.14307403564453,27.424867630004883,-0.010381786307265717,-101.39958332138342,8873.541521255645
ADBE,-1,2019-12-16,2019-12-18,2,RESIDUAL_REVERTED,319.2699890136719,322.1000061035156,-0.008864024766582546,-87.92475793343206,8873.541521255645
ORCL,1,2019-12-16,2019-12-19,3,RESIDUAL_REVERTED,49.56929016113281,48.389076232910156,-0.023809377225015416,-220.04140217396773,8873.541521255645
DTE,-1,2019-12-17,2019-12-19,2,RESIDUAL_REVERTED,86.19166564941406,87.68926239013672,-0.017375192014668306,-162.9942572672892,8846.785517325123
SO,-1,2019-12-17,2019-12-19,2,RESIDUAL_REVERTED,48.30763626098633,49.2288818359375,-0.019070392307627415,-178.00099162928083,8846.785517325123
LOW,1,2019-12-18,2019-12-19,1,RESIDUAL_REVERTED,105.59837341308594,105.30714416503906,-0.0027578952083630037,-33.10923151639531,8813.812910184863
JCI,1,2019-12-13,2019-12-20,5,RESIDUAL_REVERTED,36.47806930541992,36.09261703491211,-0.010566685075367843,-102.67152325887221,8880.542829622733
FDX,1,2019-12-19,2019-12-20,1,RESIDUAL_REVERTED,104.8232192993164,105.7426528930664,0.008771277965854196,68.51899251127794,8821.931556102709
SYK,-1,2019-12-19,2019-12-20,1,RESIDUAL_REVERTED,194.40248107910156,195.08168029785156,-0.0034937785514868036,-39.83355229738916,8821.931556102709
DAL,-1,2019-12-17,2019-12-23,4,RESIDUAL_REVERTED,56.0030517578125,56.72203063964844,-0.012838208977346222,-123.18768904145294,8846.785517325123
DRI,1,2019-12-20,2019-12-23,1,RESIDUAL_REVERTED,90.80925750732422,90.75972747802734,-0.0005454292949469419,-13.614127001943585,8810.839739817844
ECL,-1,2019-12-20,2019-12-23,1,RESIDUAL_REVERTED,179.43263244628906,178.4928436279297,0.00523755799347525,37.18617736178486,8810.839739817844
LDOS,-1,2019-12-19,2019-12-24,3,RESIDUAL_REVERTED,87.31471252441406,89.2634048461914,-0.022318029406928064,-206.34423757949227,8821.931556102709
CAG,-1,2019-12-20,2019-12-24,2,RESIDUAL_REVERTED,24.7666072845459,25.053478240966797,-0.011582973522574536,-111.276313752136,8810.839739817844
FFIV,1,2019-12-23,2019-12-24,1,RESIDUAL_REVERTED,138.57000732421875,139.60000610351562,0.007433057118102937,56.465099840831186,8782.409184024275
MAA,1,2019-12-18,2019-12-26,5,RESIDUAL_REVERTED,100.87317657470703,101.68952178955078,0.008092787820944247,62.47884070655278,8813.812910184863
CPAY,1,2019-12-20,2019-12-26,3,RESIDUAL_REVERTED,290.45001220703125,286.3800048828125,-0.014012763481372037,-132.21332097948567,8810.839739817844
CCL,-1,2019-12-23,2019-12-26,2,RESIDUAL_REVERTED,48.952816009521484,49.61434555053711,-0.01351361565976017,-127.87776297555826,8782.409184024275
WTW,1,2019-12-24,2019-12-26,1,RESIDUAL_REVERTED,184.04066467285156,184.75332641601562,0.0038723058538767674,25.072681382771343,8735.00071244279
APA,-1,2019-12-24,2019-12-26,1,RESIDUAL_REVERTED,22.5329532623291,22.33063507080078,0.008978769412643195,69.56408873516234,8735.00071244279
KMX,1,2019-12-23,2019-12-27,3,RESIDUAL_REVERTED,92.0999984741211,89.27999877929688,-0.03061888970189941,-277.5555734975507,8782.409184024275
AMZN,-1,2019-12-27,2019-12-31,2,RESIDUAL_REVERTED,94.14600372314453,92.0999984741211,0.02173225806843737,181.3402782274459,8758.724510674774
AAL,1,2019-12-30,2019-12-31,1,RESIDUAL_REVERTED,28.395065307617188,28.096172332763672,-0.010526229526696462,-100.99660064979871,8766.330621812134
DD,-1,2020-01-02,2020-01-03,1,RESIDUAL_REVERTED,71.35643768310547,69.09901428222656,0.03163587581129179,268.60554014546466,8768.717136397003
KIM,1,2020-01-03,2020-01-06,1,RESIDUAL_REVERTED,14.499163627624512,14.71479606628418,0.014872060499326656,121.81255550360741,8785.853217683076
WY,1,2020-01-03,2020-01-06,1,RESIDUAL_REVERTED,22.812612533569336,22.91427993774414,0.004456631349224027,30.349878007483774,8785.853217683076
SLG,1,2020-01-03,2020-01-06,1,RESIDUAL_REVERTED,57.656463623046875,58.42475891113281,0.013325397358897817,108.23059455226367,8785.853217683076
FE,1,2020-01-03,2020-01-06,1,RESIDUAL_REVERTED,35.81476593017578,35.89030838012695,0.0021092543253933282,9.736479884534763,8785.853217683076
IRM,1,2020-01-03,2020-01-06,1,RESIDUAL_REVERTED,22.067049026489258,22.26297950744629,0.008878870968285657,69.18359961988907,8785.853217683076
WAB,-1,2020-01-03,2020-01-06,1,RESIDUAL_REVERTED,76.65094757080078,76.44901275634766,0.0026344725127709356,14.196130229716696,8785.853217683076
LW,-1,2020-01-06,2020-01-07,1,RESIDUAL_REVERTED,81.95724487304688,80.27290344238281,0.02055146477011438,171.5556969387933,8778.696369349915
GE,-1,2020-01-03,2020-01-08,3,RESIDUAL_REVERTED,55.9351692199707,57.965667724609375,-0.03630092717970568,-328.42475265610693,8785.853217683076
RTX,-1,2020-01-03,2020-01-08,3,RESIDUAL_REVERTED,81.4493408203125,82.63117218017578,-0.014510017490142024,-136.86402743734666,8785.853217683076
UAA,1,2020-01-07,2020-01-08,1,RESIDUAL_REVERTED,20.3700008392334,20.75,0.018654842666216753,154.8373797722708,8774.885721581099
UA,1,2020-01-07,2020-01-08,1,RESIDUAL_REVERTED,18.34000015258789,18.670000076293945,0.0179934526150749,149.0366594671678,8774.885721581099
PKG,1,2020-01-07,2020-01-09,2,RESIDUAL_REVERTED,85.88380432128906,86.7676773071289,0.01029149783040939,81.4866782854775,8774.885721581099
HST,1,2020-01-07,2020-01-09,2,RESIDUAL_REVERTED,13.593777656555176,13.632461547851562,0.002845705754038974,16.183371695962986,8774.885721581099
APA,-1,2020-01-08,2020-01-09,1,RESIDUAL_REVERTED,27.405391693115234,27.489696502685547,-0.0030762125392826967,-36.01133847003569,8788.127084530744
PSX,1,2020-01-09,2020-01-10,1,RESIDUAL_REVERTED,79.0467529296875,80.77479553222656,0.021861019440939877,183.19632932918202,8786.357215718055
WAT,1,2020-01-09,2020-01-10,1,RESIDUAL_REVERTED,227.8300018310547,230.19000244140625,0.010358603306783065,82.18252449914188,8786.357215718055
GPC,1,2020-01-07,2020-01-10,3,TRAILING_STOP,83.3747787475586,80.95926607943015,-0.028971743066834477,-262.8715084207803,8774.885721581099
TROW,-1,2020-01-03,2020-01-13,6,RESIDUAL_REVERTED,92.80863952636719,95.85731506347656,-0.032849048888850874,-298.60531379270327,8785.853217683076
MKC,1,2020-01-10,2020-01-13,1,RESIDUAL_REVERTED,70.59931945800781,71.72563934326172,0.015953693235298605,131.18690461217776,8777.558813542797
HSIC,1,2020-01-10,2020-01-13,1,RESIDUAL_REVERTED,66.47000122070312,66.4800033569336,0.00015047594473860393,-7.457407764302806,8777.558813542797
ALGN,-1,2020-01-10,2020-01-13,1,RESIDUAL_REVERTED,297.2099914550781,295.6499938964844,0.005248805906410858,37.14529525877875,8777.558813542797
CRM,-1,2020-01-07,2020-01-13,4,TRAILING_STOP,169.98495483398438,179.98027588965465,-0.058801210174348695,-525.7235037712662,8774.885721581099
CL,-1,2020-01-09,2020-01-14,3,RESIDUAL_REVERTED,59.16632843017578,59.814449310302734,-0.01095421834214072,-105.61020440939471,8786.357215718055
HOG,1,2020-01-13,2020-01-14,1,RESIDUAL_REVERTED,30.38773536682129,30.666526794433594,0.009174472011385992,71.6948559206438,8775.5039259176
JKHY,1,2020-01-13,2020-01-14,1,RESIDUAL_REVERTED,134.03298950195312,135.31088256835938,0.009534168201087656,74.8497929878472,8775.5039259176
UNH,1,2020-01-14,2020-01-15,1,RESIDUAL_REVERTED,253.96493530273438,257.0060119628906,0.011974395821734873,96.05034995623497,8756.999602258387
BAX,-1,2020-01-14,2020-01-15,1,RESIDUAL_REVERTED,78.75833892822266,79.14875793457031,-0.004957176746750225,-52.36333027563471,8756.999602258387
TROW,-1,2020-01-14,2020-01-15,1,RESIDUAL_REVERTED,98.15692138671875,97.16817474365234,0.010073121987709266,79.32541777810916,8756.999602258387
LH,-1,2020-01-09,2020-01-16,5,RESIDUAL_REVERTED,142.03366088867188,145.87063598632812,-0.027014547633632535,-247.15474305576888,8786.357215718055
CB,1,2020-01-13,2020-01-16,3,RESIDUAL_REVERTED,135.76010131835938,136.5164337158203,0.005571094821793965,40.08921597215449,8775.5039259176
ILMN,1,2020-01-14,2020-01-16,2,RESIDUAL_REVERTED,315.2529296875,314.6206359863281,-0.0020056711345985967,-26.311879099535883,8756.999602258387
ALB,-1,2020-01-14,2020-01-17,3,RESIDUAL_REVERTED,70.0540771484375,74.42899322509766,-0.06245055612380912,-556.454117041994,8756.999602258387
BSX,1,2020-01-15,2020-01-17,2,RESIDUAL_REVERTED,42.810001373291016,43.20000076293945,0.009110006473668442,70.62618794832336,8713.418149003153
WFC,1,2020-01-15,2020-01-17,2,RESIDUAL_REVERTED,41.1594123840332,41.61458969116211,0.011058887403005757,87.59911170102748,8713.418149003153
BLK,-1,2020-01-16,2020-01-17,1,RESIDUAL_REVERTED,456.8494873046875,456.9772033691406,-0.0002795582965553489,-11.272748796763786,8674.890170181452
PRGO,-1,2020-01-15,2020-01-21,3,RESIDUAL_REVERTED,44.64067077636719,46.11586380004883,-0.03304594214257661,-297.33854586225567,8713.418149003153
PNC,1,2020-01-16,2020-01-21,2,RESIDUAL_REVERTED,121.1691665649414,120.03305053710938,-0.009376279956692768,-89.97241989995058,8674.890170181452
COTY,-1,2020-01-16,2020-01-21,2,RESIDUAL_REVERTED,11.266624450683594,10.870956420898438,0.03511859577081666,295.7879900731267,8674.890170181452
PPG,1,2020-01-17,2020-01-21,1,RESIDUAL_REVERTED,111.37287139892578,111.61738586425781,0.00219545803444543,10.371308461241298,8683.56760862274
BNY,1,2020-01-17,2020-01-22,2,RESIDUAL_REVERTED,38.751014709472656,38.808921813964844,0.0014943377593163998,4.286127263036854,8683.56760862274
MS,-1,2020-01-17,2020-01-22,2,RESIDUAL_REVERTED,45.80732345581055,45.742191314697266,0.0014218717925336133,3.3221528550162986,8683.56760862274
CDW,1,2020-01-21,2020-01-22,1,RESIDUAL_REVERTED,124.62701416015625,125.57905578613281,0.007639127298300741,57.65895496342676,8689.718287264086
CFG,-1,2020-01-21,2020-01-22,1,RESIDUAL_REVERTED,30.368667602539062,30.084562301635742,0.009355211253310514,72.47491367638877,8689.718287264086
COST,-1,2020-01-22,2020-01-23,1,RESIDUAL_REVERTED,285.2698974609375,284.0137023925781,0.004403531811593919,29.433572716179082,8692.757785317539
GRMN,-1,2020-01-22,2020-01-23,1,RESIDUAL_REVERTED,87.23172760009766,86.4887466430664,0.008517324802247983,65.21210899835779,8692.757785317539
UAL,1,2020-01-22,2020-01-23,1,TRAILING_STOP,86.75,81.73244051326252,-0.05783930244077795,-511.22441285143066,8692.757785317539
EXPD,1,2020-01-21,2020-01-24,3,RESIDUAL_REVERTED,70.93656921386719,69.03490447998047,-0.026807960336415193,-241.5268646552712,8689.718287264086
YUM,-1,2020-01-21,2020-01-24,3,RESIDUAL_REVERTED,92.2181167602539,93.46025848388672,-0.013469606269038259,-126.31920852485544,8689.718287264086
MGM,1,2020-01-22,2020-01-24,2,RESIDUAL_REVERTED,32.35822296142578,32.06071853637695,-0.009194090336897776,-88.57479714012084,8692.757785317539
COF,-1,2020-01-23,2020-01-24,1,RESIDUAL_REVERTED,94.88700103759766,93.95970916748047,0.009772591187171775,75.6535239174461,8638.50632204281
ETN,-1,2020-01-23,2020-01-27,2,RESIDUAL_REVERTED,85.73409271240234,84.4258041381836,0.015259840430194349,122.9031340695995,8638.50632204281
VFC,1,2020-01-24,2020-01-27,1,RESIDUAL_REVERTED,69.3799819946289,66.97724151611328,-0.03463161000390047,-307.1581284511259,8624.574355895158
ZION,1,2020-01-23,2020-01-28,3,RESIDUAL_REVERTED,37.95199203491211,37.37154769897461,-0.015294173107001874,-140.6912579917575,8638.50632204281
MTB,-1,2020-01-24,2020-01-28,2,RESIDUAL_REVERTED,137.5884552001953,136.4849395751953,0.00802040856839592,60.24250081916859,8624.574355895158
SYF,1,2020-01-27,2020-01-28,1,RESIDUAL_REVERTED,27.259937286376953,27.540361404418945,0.010287041936157815,79.53814745616454,8569.168062214623
AMGN,1,2020-01-27,2020-01-28,1,RESIDUAL_REVERTED,182.22787475585938,182.13829040527344,-0.000491606186517668,-12.779717766892144,8569.168062214623
INTC,-1,2020-01-27,2020-01-28,1,RESIDUAL_REVERTED,58.8531608581543,58.65911865234375,0.003297056657300401,19.53059264236427,8569.168062214623
NTRS,1,2020-01-23,2020-01-29,4,RESIDUAL_REVERTED,85.41403198242188,81.9712905883789,-0.040306508358620485,-356.65243958381984,8638.50632204281
DVA,-1,2020-01-27,2020-01-29,2,RESIDUAL_REVERTED,82.0999984741211,82.8499984741211,-0.009135201144204741,-87.23094062196394,8569.168062214623
RCL,1,2020-01-28,2020-01-29,1,RESIDUAL_REVERTED,114.13111114501953,116.2848892211914,0.01887108654742886,153.1472342235865,8574.080536449894
WMT,-1,2020-01-28,2020-01-29,1,RESIDUAL_REVERTED,35.30230712890625,35.47885513305664,-0.005001033034632174,-51.64581025519955,8574.080536449894
LUV,-1,2020-01-24,2020-01-30,4,RESIDUAL_REVERTED,50.85783767700195,50.58347702026367,0.005394658311679401,37.225906294238534,8624.574355895158
BWA,1,2020-01-29,2020-01-30,1,RESIDUAL_REVERTED,28.752788543701172,27.876665115356445,-0.030470902918272147,-269.1319334535886,8555.912340360714
PHM,-1,2020-01-29,2020-01-30,1,RESIDUAL_REVERTED,43.91386795043945,42.97953414916992,0.02127650887696808,173.4088681306338,8555.912340360714
MMM,1,2020-01-29,2020-01-31,2,RESIDUAL_REVERTED,109.97980499267578,107.10385131835938,-0.026149834276465,-232.1797342798627,8555.912340360714
ADP,1,2020-01-30,2020-01-31,1,RESIDUAL_REVERTED,145.42742919921875,150.19578552246094,0.032788562305602564,271.41556869010986,8542.557388002182
EBAY,1,2020-01-30,2020-01-31,1,RESIDUAL_REVERTED,30.75852394104004,31.206106185913086,0.01455148646700355,115.70219738299967,8542.557388002182
AVY,-1,2020-01-30,2020-01-31,1,RESIDUAL_REVERTED,119.99068450927734,119.7778091430664,0.001774099106789273,6.449803379423955,8542.557388002182
NSC,-1,2020-01-30,2020-01-31,1,RESIDUAL_REVERTED,185.24400329589844,185.30511474609375,-0.000329897049880179,-11.533471336066809,8542.557388002182
PFE,1,2020-01-29,2020-02-03,3,RESIDUAL_REVERTED,25.890544891357422,25.702180862426758,-0.0072753984020452744,-70.77245947397621,8555.912340360714
XRX,-1,2020-01-29,2020-02-03,3,RESIDUAL_REVERTED,25.06424903869629,24.248048782348633,0.03256432120058883,269.69744411305913,8555.912340360714
MDLZ,-1,2020-01-31,2020-02-03,1,RESIDUAL_REVERTED,49.556732177734375,48.980384826660156,0.011630051574166744,91.13690088338136,8584.542969744898
TMO,1,2020-01-31,2020-02-04,2,RESIDUAL_REVERTED,316.38916015625,316.0061340332031,-0.0012106170857993925,-18.97194106550061,8584.542969744898
CE,1,2020-02-03,2020-02-04,1,RESIDUAL_REVERTED,93.39369201660156,94.66890716552734,0.013654189286136154,109.00143059055324,8618.51103338134
LYB,1,2020-02-03,2020-02-04,1,RESIDUAL_REVERTED,50.963287353515625,52.44612503051758,0.029096193632800693,242.02197188738444,8618.51103338134
AMZN,-1,2020-02-03,2020-02-04,1,RESIDUAL_REVERTED,100.52999877929688,101.49400329589844,-0.009589222404328579,-91.47511041759512,8618.51103338134
CL,-1,2020-02-03,2020-02-05,2,RESIDUAL_REVERTED,63.540618896484375,64.56158447265625,-0.01606791992119483,-147.51640419942245,8618.51103338134
NOW,-1,2020-01-31,2020-02-06,4,RESIDUAL_REVERTED,67.9000015258789,68.00199890136719,-0.001502170444715123,-22.174754114552627,8584.542969744898
BR,1,2020-02-03,2020-02-06,3,RESIDUAL_REVERTED,107.03762817382812,107.45452880859375,0.003894897914671569,24.93292550778309,8618.51103338134
SYY,1,2020-02-04,2020-02-06,2,RESIDUAL_REVERTED,63.847679138183594,63.64646911621094,-0.003151406984382099,-35.609488674527434,8580.948540850448
GILD,-1,2020-02-04,2020-02-06,2,RESIDUAL_REVERTED,52.97880172729492,52.42564392089844,0.010441115849388782,80.72484807741304,8580.948540850448
HIG,1,2020-02-05,2020-02-06,1,RESIDUAL_REVERTED,50.287357330322266,51.47932052612305,0.02370303907543092,194.477848547969,8570.633338115498
TXT,-1,2020-02-05,2020-02-06,1,RESIDUAL_REVERTED,50.77866744995117,50.848087310791016,-0.0013671067857041752,-20.462618299515988,8570.633338115498
IT,1,2020-02-05,2020-02-07,2,RESIDUAL_REVERTED,154.0,154.19000244140625,0.0012337820870536031,1.9983734022119224,8570.633338115498
LIN,-1,2020-02-04,2020-02-10,4,RESIDUAL_REVERTED,191.56341552734375,195.2709197998047,-0.019353926543096867,-175.43452624894485,8580.948540850448
ICE,1,2020-02-05,2020-02-10,3,RESIDUAL_REVERTED,85.8115234375,84.8306884765625,-0.01143010777161979,-106.48491443245001,8570.633338115498
XYL,1,2020-02-07,2020-02-10,1,RESIDUAL_REVERTED,76.76383209228516,77.3531723022461,0.007677316177395088,57.48631547171371,8614.146868016865
WTW,1,2020-02-07,2020-02-10,1,RESIDUAL_REVERTED,191.58319091796875,191.17987060546875,-0.002105196758481198,-26.739553694615466,8614.146868016865
CTSH,-1,2020-02-07,2020-02-10,1,RESIDUAL_REVERTED,63.303489685058594,61.7877311706543,0.023944312105783627,197.58028594602922,8614.146868016865
FMC,-1,2020-02-07,2020-02-10,1,RESIDUAL_REVERTED,88.7932357788086,86.96861267089844,0.02054912282344845,168.31967129069724,8614.146868016865
BIIB,-1,2020-02-06,2020-02-11,3,RESIDUAL_REVERTED,338.3900146484375,338.05999755859375,0.0009752565842896521,-0.7252765906247498,8658.777940823837
BDX,1,2020-02-07,2020-02-11,2,RESIDUAL_REVERTED,172.31265258789062,173.72344970703125,0.008187426157931332,61.87828068174871,8614.146868016865
CAH,-1,2020-02-07,2020-02-12,3,RESIDUAL_REVERTED,50.13875961303711,50.910919189453125,-0.015400452312251511,-141.853738893478,8614.146868016865
TTWO,1,2020-02-10,2020-02-12,2,RESIDUAL_REVERTED,112.5,112.52999877929688,0.00026665581597229426,-6.365107261456002,8677.985565852552
NWSA,1,2020-02-11,2020-02-12,1,RESIDUAL_REVERTED,12.939081192016602,13.219146728515625,0.021644932305689757,178.78260542954806,8664.420555084147
NWS,1,2020-02-11,2020-02-12,1,RESIDUAL_REVERTED,13.333398818969727,13.604743003845215,0.020350713914702778,167.5745598261267,8664.420555084147
NCLH,1,2020-02-11,2020-02-12,1,RESIDUAL_REVERTED,51.599998474121094,52.849998474121094,0.024224806917909403,201.12454748989293,8664.420555084147
L,-1,2020-02-11,2020-02-12,1,RESIDUAL_REVERTED,54.402347564697266,53.37036895751953,0.01896937638491547,155.60806903736577,8664.420555084147
CMG,-1,2020-02-11,2020-02-12,1,RESIDUAL_REVERTED,17.860000610351562,17.81279945373535,0.0026428418254842434,14.074241874187162,8664.420555084147
UA,1,2020-02-12,2020-02-13,1,RESIDUAL_REVERTED,15.260000228881836,15.449999809265137,0.012450824215827883,100.0308291950565,8740.440002365349
TMUS,-1,2020-02-12,2020-02-13,1,RESIDUAL_REVERTED,89.37579345703125,90.44071197509766,-0.01191506645004936,-113.11193731798396,8740.440002365349
NVDA,-1,2020-02-11,2020-02-14,3,RESIDUAL_REVERTED,6.637746810913086,7.132871150970459,-0.07459223049052444,-655.807712893196,8664.420555084147
WU,1,2020-02-13,2020-02-14,1,RESIDUAL_REVERTED,15.845152854919434,15.887669563293457,0.0026832627468673653,14.665276110365376,8719.360245417416
MDT,1,2020-02-13,2020-02-14,1,RESIDUAL_REVERTED,94.31646728515625,95.833740234375,0.01608704177427933,131.47921791134573,8719.360245417416
PVH,-1,2020-02-13,2020-02-14,1,RESIDUAL_REVERTED,87.69413757324219,88.32752227783203,-0.007222657319149173,-71.90211110253179,8719.360245417416
SPGI,-1,2020-02-13,2020-02-14,1,RESIDUAL_REVERTED,269.8778381347656,269.7079772949219,0.0006293989940697742,-3.4013362542532217,8719.360245417416
AMCR,1,2020-02-13,2020-02-18,2,RESIDUAL_REVERTED,37.37062072753906,37.04502487182617,-0.008712615669050239,-84.64981072638581,8719.360245417416
ELV,-1,2020-02-13,2020-02-18,2,RESIDUAL_REVERTED,267.81207275390625,270.2837219238281,-0.009229043129034276,-89.58119796677781,8719.360245417416
KHC,1,2020-02-14,2020-02-19,2,RESIDUAL_REVERTED,19.899309158325195,19.549190521240234,-0.017594512166191567,-161.85858418420904,8708.762884131851
EFX,-1,2020-02-14,2020-02-19,2,RESIDUAL_REVERTED,154.31747436523438,151.5908966064453,0.01766862612289699,144.89807742338147,8708.762884131851
ANET,1,2020-02-18,2020-02-19,1,RESIDUAL_REVERTED,13.948749542236328,14.123125076293945,0.012501158869446583,99.20549848921348,8630.3862533131
PPL,1,2020-02-18,2020-02-19,1,RESIDUAL_REVERTED,26.975521087646484,27.348709106445312,0.013834321034477792,110.70545005952471,8630.3862533131
EXPE,-1,2020-02-18,2020-02-19,1,RESIDUAL_REVERTED,119.95516204833984,118.8840560913086,0.008929219374482766,68.3008800711115,8630.3862533131
TAP,1,2020-02-13,2020-02-20,4,RESIDUAL_REVERTED,45.98871612548828,45.53115463256836,-0.009949429587714165,-95.4286447267065,8719.360245417416
DLR,-1,2020-02-18,2020-02-20,2,RESIDUAL_REVERTED,104.93827819824219,106.4061279296875,-0.01398774362080113,-129.75614549334935,8630.3862533131
LDOS,-1,2020-02-19,2020-02-20,1,RESIDUAL_REVERTED,113.44330596923828,110.22297668457031,0.028387124803478492,236.44777370136958,8635.133232726565
NVDA,-1,2020-02-18,2020-02-21,3,RESIDUAL_REVERTED,7.092646598815918,7.553256988525391,-0.06494196253713946,-569.9363553018578,8630.3862533131
VMC,1,2020-02-19,2020-02-21,2,RESIDUAL_REVERTED,128.88619995117188,127.9133529663086,-0.007548108216642646,-73.78146387842062,8635.133232726565
PSA,1,2020-02-20,2020-02-21,1,RESIDUAL_REVERTED,164.89833068847656,167.20474243164062,0.013986871386353128,111.73109960344327,8608.023898850426
GRMN,-1,2020-02-20,2020-02-21,1,RESIDUAL_REVERTED,89.41749572753906,85.81488037109375,0.040289826136740814,338.21646531509816,8608.023898850426
FANG,-1,2020-02-20,2020-02-21,1,RESIDUAL_REVERTED,61.77159118652344,59.397544860839844,0.03843265617871172,322.219898128034,8608.023898850426
VNO,1,2020-02-20,2020-02-24,2,RESIDUAL_REVERTED,50.42465591430664,49.97401809692383,-0.008936854584563614,-85.4982174144025,8608.023898850426
EXR,1,2020-02-20,2020-02-24,2,RESIDUAL_REVERTED,82.78524017333984,83.92559051513672,0.013774802602603442,109.90651919130472,8608.023898850426
HRL,1,2020-02-21,2020-02-25,2,RESIDUAL_REVERTED,36.952884674072266,36.568389892578125,-0.010405000445443457,-99.02401564247214,8686.471121533128
HST,-1,2020-02-21,2020-02-25,2,RESIDUAL_REVERTED,13.230142593383789,12.773662567138672,0.034503031469471535,290.83219972480447,8686.471121533128
HAS,1,2020-02-24,2020-02-25,1,RESIDUAL_REVERTED,68.26105499267578,68.16751098632812,-0.0013703861793183947,-20.589321052172295,8688.573441047996
ED,1,2020-02-24,2020-02-25,1,RESIDUAL_REVERTED,70.80601501464844,70.6002426147461,-0.0029061429295205166,-33.92618459623267,8688.573441047996
PNW,-1,2020-02-24,2020-02-25,1,RESIDUAL_REVERTED,78.14387512207031,76.35120391845703,0.022940648909628658,190.56416261371848,8688.573441047996
VTR,-1,2020-02-21,2020-02-26,3,RESIDUAL_REVERTED,48.953914642333984,46.33571243286133,0.05348299984999583,455.6114397632402,8686.471121533128
LYV,1,2020-02-25,2020-02-26,1,TRAILING_STOP,68.41999816894531,60.83971644409323,-0.11079044033492313,-975.9560361660434,8734.55624565868
TAP,1,2020-02-26,2020-02-27,1,RESIDUAL_REVERTED,42.87732696533203,42.26168441772461,-0.014358230588982224,-133.45391010351312,8693.4703028166
HPQ,-1,2020-02-26,2020-02-27,1,RESIDUAL_REVERTED,18.405946731567383,17.43474006652832,0.052765917407192164,450.0881342412921,8693.4703028166
XRX,-1,2020-02-26,2020-02-27,1,RESIDUAL_REVERTED,25.04384994506836,23.71751594543457,0.05296046744182681,451.77960254632563,8693.4703028166
LNC,1,2020-02-25,2020-02-27,2,TRAILING_STOP,40.32952117919922,35.13425020695128,-0.12882054684367306,-1133.3622730922289,8734.55624565868
DRI,1,2020-02-26,2020-02-27,1,TRAILING_STOP,93.09736633300781,85.37581384932064,-0.08294061140319808,-729.3746915629055,8693.4703028166
DE,-1,2020-02-24,2020-02-28,4,RESIDUAL_REVERTED,158.00816345214844,142.23570251464844,0.09982054466620371,858.3782426896373,8688.573441047996
TJX,-1,2020-02-27,2020-02-28,1,RESIDUAL_REVERTED,56.82044219970703,54.13398742675781,0.04727972308816475,401.4924289332411,8674.531323242627
MA,1,2020-02-26,2020-02-28,2,TRAILING_STOP,290.9569396972656,264.00534525955493,-0.09263086993475134,-813.5745453461934,8693.4703028166
JNJ,-1,2020-02-24,2020-03-02,5,RESIDUAL_REVERTED,122.5556411743164,112.751220703125,0.0799997484999172,685.9097152963179,8688.573441047996
LOW,1,2020-02-27,2020-03-02,2,RESIDUAL_REVERTED,97.60049438476562,95.02971649169922,-0.02633980400685021,-237.04574350128325,8674.531323242627
TTWO,1,2020-05-27,2020-05-28,1,RESIDUAL_REVERTED,130.44000244140625,133.9199981689453,0.02667889958912162,222.48008340493703,8668.42890617582
VRTX,1,2020-05-27,2020-05-28,1,RESIDUAL_REVERTED,264.3800048828125,276.2699890136719,0.044973083861352015,380.9826282473653,8668.42890617582
LYB,-1,2020-05-27,2020-05-28,1,RESIDUAL_REVERTED,45.86723709106445,44.86379623413086,0.02187707218861623,180.89961501023043,8668.42890617582
TFX,1,2020-05-27,2020-05-29,2,RESIDUAL_REVERTED,335.6960754394531,345.1691589355469,0.028219226226260608,235.82561924529097,8668.42890617582
CMG,1,2020-05-27,2020-05-29,2,RESIDUAL_REVERTED,20.434600830078125,20.020000457763672,-0.020289134872857106,-184.45541465774377,8668.42890617582
INTU,1,2020-05-27,2020-05-29,2,RESIDUAL_REVERTED,270.90130615234375,273.50372314453125,0.009606513269168282,74.56331171518877,8668.42890617582
GS,-1,2020-05-27,2020-05-29,2,RESIDUAL_REVERTED,174.54579162597656,170.6446075439453,0.022350490640249077,184.8239622101217,8668.42890617582
MS,-1,2020-05-27,2020-05-29,2,RESIDUAL_REVERTED,37.849159240722656,36.385780334472656,0.038663445519168116,326.30761731288095,8668.42890617582
MTB,-1,2020-05-27,2020-05-29,2,RESIDUAL_REVERTED,93.49162292480469,86.71247100830078,0.07251079513248349,619.8690928280349,8668.42890617582
LUV,-1,2020-05-27,2020-05-29,2,RESIDUAL_REVERTED,32.04045486450195,28.900672912597656,0.09799430018026689,840.8866305586173,8668.42890617582
HPQ,1,2020-05-29,2020-06-01,1,RESIDUAL_REVERTED,11.874367713928223,11.898086547851562,0.0019974818444874476,8.850476898165889,8881.712962819487
DLTR,-1,2020-05-29,2020-06-02,2,RESIDUAL_REVERTED,97.0199966430664,96.75,0.0027828968502205953,15.494942257401352,8881.712962819487
DXC,1,2020-06-01,2020-06-02,1,RESIDUAL_REVERTED,14.300000190734863,15.0,0.04895103496003261,429.41681429730346,8959.892370576385
COTY,1,2020-06-01,2020-06-02,1,RESIDUAL_REVERTED,3.990000009536743,4.5,0.12781954617650992,1135.7168595385722,8959.892370576385
GEN,-1,2020-06-01,2020-06-02,1,RESIDUAL_REVERTED,19.5716495513916,18.699865341186523,0.044543215834512595,390.17016278813236,8959.892370576385
CSCO,-1,2020-06-01,2020-06-02,1,RESIDUAL_REVERTED,39.422569274902344,38.79549026489258,0.01590659922840143,133.45821462793756,8959.892370576385
ANET,-1,2020-06-01,2020-06-02,1,RESIDUAL_REVERTED,14.561875343322754,14.668749809265137,-0.007339333940349135,-74.93144898675426,8959.892370576385
STX,-1,2020-06-01,2020-06-02,1,RESIDUAL_REVERTED,42.959835052490234,42.41294860839844,0.012730180258457402,104.98202883888041,8959.892370576385
WHR,1,2020-05-29,2020-06-03,3,RESIDUAL_REVERTED,91.92815399169922,99.07898712158203,0.0777871937962391,681.6563727548478,8881.712962819487
PFE,1,2020-06-02,2020-06-03,1,RESIDUAL_REVERTED,24.620912551879883,25.14756202697754,0.021390331247386873,186.40519749261568,9146.640143364542
NTAP,1,2020-06-02,2020-06-03,1,RESIDUAL_REVERTED,36.69116973876953,37.897945404052734,0.03289008428663065,291.5367082287477,9146.640143364542
WU,-1,2020-06-03,2020-06-04,1,RESIDUAL_REVERTED,14.23470687866211,14.007685661315918,0.01594842937626606,138.3818392751077,9264.478620705902
QCOM,-1,2020-06-03,2020-06-04,1,RESIDUAL_REVERTED,74.38092803955078,73.50535583496094,0.011771461148270101,99.66449835459692,9264.478620705902
GLW,-1,2020-06-03,2020-06-05,2,RESIDUAL_REVERTED,20.823869705200195,22.13338851928711,-0.0628854690614924,-592.5338694343228,9264.478620705902
TSN,1,2020-06-04,2020-06-05,1,RESIDUAL_REVERTED,51.060176849365234,55.07689666748047,0.07866639063873837,716.5197420925341,9230.283430681267
JBHT,1,2020-06-04,2020-06-05,1,RESIDUAL_REVERTED,109.92382049560547,113.08259582519531,0.02873604024449028,255.87889180336134,9230.283430681267
EFX,-1,2020-06-03,2020-06-08,3,RESIDUAL_REVERTED,160.56561279296875,167.36058044433594,-0.042318946959885695,-402.0982944269556,9264.478620705902
PRGO,1,2020-06-04,2020-06-09,3,RESIDUAL_REVERTED,43.47868347167969,45.55059814453125,0.04765357429005701,430.4057857529798,9230.283430681267
CPB,1,2020-06-04,2020-06-09,3,RESIDUAL_REVERTED,38.782325744628906,39.533470153808594,0.01936821463791949,169.45444016825923,9230.283430681267
DGX,1,2020-06-04,2020-06-10,4,RESIDUAL_REVERTED,105.11163330078125,103.93299865722656,-0.011213170288981944,-112.67927298451707,9230.283430681267
AAL,-1,2020-06-05,2020-06-10,3,RESIDUAL_REVERTED,21.25,17.690000534057617,0.16752938663258277,1543.4760025124529,9266.814027692395
DAL,-1,2020-06-05,2020-06-10,3,RESIDUAL_REVERTED,35.907405853271484,31.119749069213867,0.13333340769927604,1226.406409141315,9266.814027692395
IQV,1,2020-06-08,2020-06-10,2,RESIDUAL_REVERTED,148.6199951171875,147.27000427246094,-0.009083507529805024,-94.76223084987065,9401.979623260622
BALL,1,2020-06-08,2020-06-10,2,RESIDUAL_REVERTED,67.4171142578125,67.1760482788086,-0.003575738618565527,-43.00419174230508,9401.979623260622
OXY,-1,2020-06-08,2020-06-10,2,RESIDUAL_REVERTED,21.820602416992188,20.420305252075195,0.06417316709031595,593.8772901515417,9401.979623260622
KMI,-1,2020-06-09,2020-06-10,1,RESIDUAL_REVERTED,12.196443557739258,11.952235221862793,0.02002291362398856,176.75874619663688,9296.584552409176
EG,-1,2020-06-03,2020-06-11,6,RESIDUAL_REVERTED,184.7013702392578,187.0779266357422,-0.012867020929004713,-129.7013187157111,9264.478620705902
APTV,1,2020-06-10,2020-06-11,1,RESIDUAL_REVERTED,78.91999816894531,76.45999908447266,-0.03117079500187636,-304.6494449759323,9474.341754391102
HSIC,1,2020-06-10,2020-06-12,2,RESIDUAL_REVERTED,61.220001220703125,57.310001373291016,-0.06386801322195734,-614.2791725009647,9474.341754391102
SYY,1,2020-06-11,2020-06-12,1,RESIDUAL_REVERTED,45.643341064453125,47.17720413208008,0.03360540731365358,314.4359357677694,9648.646805555929
IDXX,-1,2020-06-11,2020-06-12,1,RESIDUAL_REVERTED,320.20001220703125,304.9599914550781,0.047595315961760254,449.6327089768512,9648.646805555929
WFC,1,2020-06-11,2020-06-15,2,RESIDUAL_REVERTED,23.642662048339844,23.34712791442871,-0.012500036303309758,-130.19677793514552,9648.646805555929
MSFT,-1,2020-06-11,2020-06-15,2,RESIDUAL_REVERTED,183.22389221191406,175.11244201660156,0.04427070125729515,417.3465497154509,9648.646805555929
CRM,-1,2020-06-11,2020-06-15,2,RESIDUAL_REVERTED,173.3310546875,168.7779998779297,0.02626796922097463,243.55218567931416,9648.646805555929
BKR,1,2020-06-11,2020-06-16,3,RESIDUAL_REVERTED,13.5797700881958,14.695097923278809,0.08213156981593572,782.4136326798953,9648.646805555929
ACN,-1,2020-06-11,2020-06-16,3,RESIDUAL_REVERTED,186.02096557617188,184.06590270996094,0.010509906021374693,91.25201601979485,9648.646805555929
PNR,1,2020-07-02,2020-07-06,1,RESIDUAL_REVERTED,34.45817947387695,35.08352279663086,0.01814789209128076,168.12286063358403,9809.478063709108
FDX,-1,2020-07-02,2020-07-06,1,RESIDUAL_REVERTED,114.15464782714844,113.65083312988281,0.004413440073228525,33.31490862895675,9809.478063709108
STZ,-1,2020-07-02,2020-07-06,1,RESIDUAL_REVERTED,169.19265747070312,168.2446746826172,0.0056029782985711485,44.98914070294546,9809.478063709108
EXR,-1,2020-07-02,2020-07-06,1,RESIDUAL_REVERTED,77.02272033691406,77.77662658691406,-0.009788102091204287,-106.06664432966316,9809.478063709108
ESS,-1,2020-07-02,2020-07-06,1,RESIDUAL_REVERTED,195.9329376220703,195.6988525390625,0.0011947204275543077,1.7258875376892513,9809.478063709108
RHI,1,2020-07-02,2020-07-07,2,RESIDUAL_REVERTED,41.778255462646484,41.570255279541016,-0.004978670861243595,-58.62322158220591,9809.478063709108
AMGN,-1,2020-07-02,2020-07-07,2,RESIDUAL_REVERTED,208.87510681152344,209.47811889648438,-0.0028869504564996706,-38.539114806138556,9809.478063709108
D,1,2020-07-07,2020-07-08,1,RESIDUAL_REVERTED,54.77020263671875,56.49513244628906,0.03149394609714107,299.08632172097066,9813.123160697125
LDOS,1,2020-07-07,2020-07-08,1,RESIDUAL_REVERTED,80.99258422851562,81.22298431396484,0.0028447059399803187,18.08836885942442,9813.123160697125
FCX,-1,2020-07-07,2020-07-09,2,RESIDUAL_REVERTED,11.801929473876953,12.10859203338623,-0.02598410371694393,-265.31753507266325,9813.123160697125
PAYX,1,2020-07-08,2020-07-09,1,RESIDUAL_REVERTED,61.60523223876953,61.67958068847656,0.0012068528435842385,2.028960195870119,9837.41056718379
ROL,-1,2020-07-08,2020-07-09,1,RESIDUAL_REVERTED,27.971267700195312,27.706344604492188,0.009471258097511037,83.18853521616316,9837.41056718379
WMT,-1,2020-07-08,2020-07-09,1,RESIDUAL_REVERTED,39.30552673339844,38.571617126464844,0.01867191888590014,173.7480051719247,9837.41056718379
PM,-1,2020-07-08,2020-07-09,1,RESIDUAL_REVERTED,54.67063903808594,53.68955612182617,0.01794533470838522,166.59316747174245,9837.41056718379
GWW,1,2020-07-09,2020-07-10,1,RESIDUAL_REVERTED,289.49285888671875,288.5133361816406,-0.0033835815807167213,-43.17421853303891,9852.876407867048
OKE,1,2020-07-07,2020-07-13,4,RESIDUAL_REVERTED,18.736814498901367,18.331695556640625,-0.021621548437942617,-221.8819534483337,9813.123160697125
APD,-1,2020-07-08,2020-07-13,3,RESIDUAL_REVERTED,230.2323760986328,238.58953857421875,-0.03629881521096623,-367.6991309558942,9837.41056718379
ALL,1,2020-07-09,2020-07-13,2,RESIDUAL_REVERTED,76.34880065917969,76.09021759033203,-0.003386864844177051,-43.20655194733337,9852.876407867048
CF,1,2020-07-09,2020-07-13,2,RESIDUAL_REVERTED,24.2281436920166,25.520658493041992,0.05334766119334544,515.5122220227371,9852.876407867048
FFIV,-1,2020-07-10,2020-07-13,1,RESIDUAL_REVERTED,144.4600067138672,143.2100067138672,0.008652913899387271,74.17986434575664,9712.374015506904
PNR,-1,2020-07-10,2020-07-13,1,RESIDUAL_REVERTED,35.28582763671875,35.681270599365234,-0.011206849580452705,-118.80501885520553,9712.374015506906
AMD,-1,2020-07-10,2020-07-13,1,RESIDUAL_REVERTED,57.540000915527344,56.68000030517578,0.014946134804796118,135.3355121524501,9712.374015506906
COO,-1,2020-07-10,2020-07-13,1,RESIDUAL_REVERTED,72.15239715576172,72.75952911376953,-0.008414577781763022,-91.67188294032549,9712.374015506906
MHK,1,2020-07-10,2020-07-14,2,RESIDUAL_REVERTED,73.26000213623047,69.88999938964844,-0.046000582150070746,-456.26384535865907,9712.374015506906
ROST,1,2020-07-15,2020-07-16,1,RESIDUAL_REVERTED,76.86833190917969,78.03400421142578,0.015164532302110345,138.42587713340197,9777.944880909668
WFC,1,2020-07-15,2020-07-16,1,RESIDUAL_REVERTED,21.713001251220703,21.65215301513672,-0.0028023871679445644,-37.16583135040825,9777.944880909668
FRT,1,2020-07-15,2020-07-16,1,RESIDUAL_REVERTED,62.38850402832031,62.194522857666016,-0.00310924542390445,-40.16477424187954,9777.944880909668
XYL,-1,2020-07-15,2020-07-16,1,RESIDUAL_REVERTED,68.92545318603516,69.40772247314453,-0.006996969404142961,-78.42386377672825,9777.944880909668
CAT,-1,2020-07-15,2020-07-16,1,RESIDUAL_REVERTED,124.97808074951172,123.31076049804688,0.013340901392193572,120.5423752308096,9777.944880909668
EW,-1,2020-07-15,2020-07-16,1,RESIDUAL_REVERTED,72.19000244140625,71.95999908447266,0.0031860832408238116,21.19621878211327,9777.944880909668
ALGN,-1,2020-07-15,2020-07-17,2,RESIDUAL_REVERTED,303.5199890136719,312.8299865722656,-0.030673424800942373,-310.2493703378531,9777.944880909668
PLD,1,2020-07-13,2020-07-20,5,RESIDUAL_REVERTED,80.17528533935547,79.71344757080078,-0.005760350793887148,-66.08964109335355,9780.23358511019
INTU,1,2020-07-15,2020-07-20,3,RESIDUAL_REVERTED,276.0513610839844,277.46014404296875,0.00510333639889482,40.09724706521608,9777.944880909668
TT,-1,2020-07-15,2020-07-20,3,RESIDUAL_REVERTED,92.37393951416016,94.2968521118164,-0.020816613514263782,-214.0162322803206,9777.944880909668
PKG,-1,2020-07-17,2020-07-20,1,RESIDUAL_REVERTED,89.37146759033203,87.55606079101562,0.02031304675042389,187.83407249151094,9730.39707782893
HIG,-1,2020-07-17,2020-07-20,1,RESIDUAL_REVERTED,37.0648307800293,36.714263916015625,0.009458207595610002,82.15622328124728,9730.39707782893
KHC,-1,2020-07-17,2020-07-21,2,RESIDUAL_REVERTED,25.483211517333984,25.299135208129883,0.007223434498390913,60.20600750661957,9730.39707782893
DPZ,1,2020-07-20,2020-07-21,1,RESIDUAL_REVERTED,359.3340759277344,362.9173889160156,0.009972093459351905,87.62342465182057,9771.64882941848
ISRG,-1,2020-07-20,2020-07-22,2,RESIDUAL_REVERTED,215.14666748046875,223.14999389648438,-0.03719939755396018,-373.85106843789316,9771.64882941848
AMZN,-1,2020-07-21,2020-07-22,1,RESIDUAL_REVERTED,161.62449645996094,156.25,0.03325298192834503,312.9761677032556,9704.58344728161
NOW,-1,2020-07-21,2020-07-22,1,RESIDUAL_REVERTED,89.44599914550781,88.0,0.01616616907767454,147.07155482162423,9704.58344728161
ADBE,-1,2020-07-21,2020-07-22,1,RESIDUAL_REVERTED,456.07000732421875,447.54998779296875,0.018681385301430598,171.49355309655803,9704.58344728161
FE,1,2020-07-22,2020-07-22,0,STOP_LOSS,22.2940673828125,18.949957275390624,-0.15000000000000002,-1479.4765131492434,9802.726606918952
PPG,1,2020-07-20,2020-07-23,3,RESIDUAL_REVERTED,99.52023315429688,98.32075500488281,-0.012052605901298308,-127.48659426010897,9771.64882941848
DOC,1,2020-07-21,2020-07-23,2,RESIDUAL_REVERTED,18.474124908447266,19.016429901123047,0.029354840641345525,275.02947888801674,9704.58344728161
PEG,1,2020-07-21,2020-07-23,2,RESIDUAL_REVERTED,42.381107330322266,42.78588104248047,0.009550805480455171,82.93566203216376,9704.58344728161
CVX,-1,2020-07-22,2020-07-23,1,RESIDUAL_REVERTED,68.73677825927734,69.15707397460938,-0.006114568153698707,-69.96899171854051,9802.726606918952
FE,1,2020-07-23,2020-07-24,1,RESIDUAL_REVERTED,21.295028686523438,21.47178077697754,0.008300157424345755,70.44878165753282,9655.79916797848
NVR,-1,2020-07-23,2020-07-24,1,RESIDUAL_REVERTED,3757.860107421875,3712.0,0.01220378250145604,108.05042368459468,9655.79916797848
BBY,-1,2020-07-23,2020-07-24,1,RESIDUAL_REVERTED,74.66918182373047,73.66967010498047,0.013385866757044673,119.47053579110828,9655.79916797848
LMT,-1,2020-07-23,2020-07-24,1,RESIDUAL_REVERTED,332.7454528808594,327.8697509765625,0.014652948258447429,131.7122782751851,9655.79916797848
NCLH,1,2020-07-17,2020-07-27,6,RESIDUAL_REVERTED,15.34000015258789,14.279999732971191,-0.06910041780135678,-681.7687132771831,9730.39707782893
HCA,-1,2020-07-23,2020-07-27,2,RESIDUAL_REVERTED,118.81055450439453,118.81055450439453,-0.0,-10.04276686258832,9655.79916797848
TRV,1,2020-07-24,2020-07-27,1,RESIDUAL_REVERTED,105.3308334350586,103.72541809082031,-0.015241646646877549,-156.4730274097128,9638.58436042921
AAPL,1,2020-07-24,2020-07-27,1,RESIDUAL_REVERTED,88.02073669433594,90.65442657470703,0.029921243326069158,278.6156443928346,9638.58436042921
ALLE,1,2020-07-24,2020-07-28,2,RESIDUAL_REVERTED,94.5888671875,92.79378509521484,-0.018977731160759403,-192.46558789157407,9638.58436042921
GL,-1,2020-07-24,2020-07-28,2,RESIDUAL_REVERTED,77.18560028076172,75.2269515991211,0.025375830135621946,234.69400614476018,9638.58436042921
AMD,-1,2020-07-27,2020-07-28,1,RESIDUAL_REVERTED,69.27999877929688,68.0999984741211,0.017032337268579778,154.91926193623326,9669.701379186256
NRG,-1,2020-07-27,2020-07-28,1,RESIDUAL_REVERTED,29.032058715820312,28.21744728088379,0.028059030980556066,261.6011576494512,9669.701379186256
CMCSA,-1,2020-07-27,2020-07-28,1,RESIDUAL_REVERTED,33.770057678222656,33.504276275634766,0.007870327173272407,66.27860601500508,9669.701379186256
INTC,1,2020-07-27,2020-07-29,2,RESIDUAL_REVERTED,45.4903450012207,44.11752700805664,-0.03017822777838297,-301.3382449238278,9669.701379186256
HAS,1,2020-07-28,2020-07-29,1,RESIDUAL_REVERTED,56.50307083129883,57.32925033569336,0.014621851383285867,131.7097896401037,9674.200172260296
AVY,1,2020-07-28,2020-07-29,1,RESIDUAL_REVERTED,105.05833435058594,105.90956115722656,0.008102420544761735,68.6710458384832,9674.200172260296
AEP,1,2020-07-28,2020-07-29,1,RESIDUAL_REVERTED,66.767822265625,68.06504821777344,0.019428909138111905,178.1909763804268,9674.200172260296
RVTY,-1,2020-07-28,2020-07-29,1,RESIDUAL_REVERTED,112.87973022460938,117.14958953857422,-0.037826625785414514,-375.9889877172415,9674.200172260296
EXR,-1,2020-07-29,2020-07-30,1,RESIDUAL_REVERTED,78.43624877929688,78.42056274414062,0.00019998451481773039,-7.981752186297887,9734.420584007732
DUK,-1,2020-07-29,2020-07-30,1,RESIDUAL_REVERTED,66.27528381347656,66.10282135009766,0.002602213879072668,15.415140665235265,9734.420584007732
LW,1,2020-07-29,2020-07-31,2,RESIDUAL_REVERTED,55.51282501220703,53.41614532470703,-0.037769284611960385,-377.2126911031363,9734.420584007732
WAB,-1,2020-07-29,2020-07-31,2,RESIDUAL_REVERTED,62.228660583496094,60.55881881713867,0.026833966064831016,251.22471866688284,9734.420584007732
STX,1,2020-07-30,2020-07-31,1,RESIDUAL_REVERTED,36.404788970947266,36.917415618896484,0.014081297061172782,125.78993049887893,9621.191946124367
MO,1,2020-07-30,2020-07-31,1,RESIDUAL_REVERTED,25.618186950683594,25.63680648803711,0.0007268093323449243,-2.6319162374460285,9621.191946124367
CHRW,-1,2020-07-30,2020-07-31,1,RESIDUAL_REVERTED,82.01441955566406,81.2844467163086,0.008900542652259147,75.86621614474274,9621.191946124367
ADP,1,2020-07-30,2020-08-03,2,RESIDUAL_REVERTED,116.96607971191406,116.17335510253906,-0.006777388891954561,-74.79514808943898,9621.191946124367
QCOM,-1,2020-07-31,2020-08-03,1,RESIDUAL_REVERTED,92.51432800292969,94.03783416748047,-0.01646778609798183,-168.55793858700582,9634.165848879788
PSA,-1,2020-07-29,2020-08-04,4,RESIDUAL_REVERTED,149.34088134765625,151.17910766601562,-0.012308929087408327,-130.40071463617085,9734.420584007732
GE,1,2020-07-30,2020-08-04,3,RESIDUAL_REVERTED,31.50262451171875,29.563989639282227,-0.061538836921836926,-601.4021156312797,9621.191946124367
UPS,-1,2020-07-31,2020-08-04,2,RESIDUAL_REVERTED,108.779296875,108.6335678100586,0.001339676474548912,2.894892484135905,9634.165848879788
FLS,1,2020-08-03,2020-08-04,1,RESIDUAL_REVERTED,24.740005493164062,24.890052795410156,0.006064966407851147,48.590670341969954,9599.230465134138
PEG,-1,2020-08-03,2020-08-04,1,RESIDUAL_REVERTED,44.93124771118164,44.178348541259766,0.016756694021975882,151.14563672469387,9599.230465134138
UAA,1,2020-08-03,2020-08-05,2,RESIDUAL_REVERTED,10.619999885559082,10.039999961853027,-0.05461392937439957,-533.5887992892184,9599.230465134138
AAPL,-1,2020-08-03,2020-08-05,2,RESIDUAL_REVERTED,104.67198944091797,105.81110382080078,-0.010882704971665547,-114.50185517259645,9599.230465134138
CBRE,1,2020-08-04,2020-08-05,1,RESIDUAL_REVERTED,41.150001525878906,42.040000915527344,0.02162817391607441,196.69914608472953,9540.462392616615
MCK,-1,2020-08-04,2020-08-05,1,RESIDUAL_REVERTED,153.09706115722656,152.16302490234375,0.006100941767416268,48.50750837308264,9540.462392616615
NWL,1,2020-08-03,2020-08-06,3,RESIDUAL_REVERTED,12.270885467529297,12.472784042358398,0.016453464207074386,148.26239411097086,9599.230465134138
WMB,-1,2020-08-05,2020-08-06,1,RESIDUAL_REVERTED,16.005504608154297,15.637055397033691,0.02302015588642503,210.83069274811504,9577.894310434109
VNO,-1,2020-08-05,2020-08-06,1,RESIDUAL_REVERTED,29.025320053100586,28.075780868530273,0.03271416758999279,303.72610513486444,9577.894310434109
EVRG,1,2020-08-05,2020-08-07,2,RESIDUAL_REVERTED,43.846923828125,42.633304595947266,-0.027678549057055468,-274.5475607363102,9577.894310434109
MOS,-1,2020-08-05,2020-08-07,2,RESIDUAL_REVERTED,13.946935653686523,13.95566177368164,-0.0006256657528072029,-15.959112047217024,9577.894310434109
ANET,1,2020-08-06,2020-08-07,1,RESIDUAL_REVERTED,14.86312484741211,14.688750267028809,-0.011732026890271419,-121.72926399998622,9565.277791014638
MCHP,1,2020-08-06,2020-08-07,1,RESIDUAL_REVERTED,43.297035217285156,43.81389236450195,0.01193747203758777,104.56286575290146,9565.277791014638
AIZ,-1,2020-08-06,2020-08-07,1,RESIDUAL_REVERTED,109.203369140625,106.40947723388672,0.02558430137023049,235.0924449165654,9565.277791014638
DIS,-1,2020-08-06,2020-08-10,2,RESIDUAL_REVERTED,123.09573364257812,125.80081939697266,-0.021975463115960103,-220.2615722098018,9565.277791014638
BIIB,-1,2020-08-10,2020-08-11,1,RESIDUAL_REVERTED,308.0,300.2699890136719,0.025097438267299155,229.0219787152887,9506.677182660756
PWR,-1,2020-08-07,2020-08-11,2,TRAILING_STOP,45.148963928222656,49.26927649551784,-0.09126040132051783,-885.4663078623934,9588.454978606887
IPGP,1,2020-08-05,2020-08-12,5,RESIDUAL_REVERTED,171.10000610351562,160.3800048828125,-0.06265342395264162,-609.3657231792533,9577.894310434109
AES,-1,2020-08-07,2020-08-12,3,RESIDUAL_REVERTED,13.087105751037598,13.533169746398926,-0.034084235571028465,-337.166015643681,9588.454978606887
NWS,-1,2020-08-10,2020-08-12,2,RESIDUAL_REVERTED,13.867938995361328,14.274153709411621,-0.029291642700920884,-288.49616068381965,9506.677182660756
ULTA,-1,2020-08-11,2020-08-12,1,RESIDUAL_REVERTED,221.92999267578125,217.83999633789062,0.018429218550309767,163.74905752278673,9400.543651574248
RMD,1,2020-08-07,2020-08-13,4,RESIDUAL_REVERTED,167.18653869628906,166.36293029785156,-0.004926284166536066,-56.80029119429069,9588.454978606887
ILMN,1,2020-08-10,2020-08-13,3,RESIDUAL_REVERTED,347.2859802246094,336.6342468261719,-0.030671360218884836,-300.9436061765248,9506.677182660756
ZTS,1,2020-08-10,2020-08-13,3,RESIDUAL_REVERTED,149.79029846191406,149.16983032226562,-0.004142245165538516,-48.86597528907265,9506.677182660756
PPG,-1,2020-08-12,2020-08-13,1,RESIDUAL_REVERTED,108.22039794921875,106.35926055908203,0.017197657977658154,151.70429930428216,9372.21668059362
BR,-1,2020-08-12,2020-08-13,1,RESIDUAL_REVERTED,126.95353698730469,123.96112823486328,0.02357089706559845,211.4672228799973,9372.21668059362
CPAY,1,2020-08-10,2020-08-14,4,RESIDUAL_REVERTED,239.4499969482422,235.13999938964844,-0.017999572409789444,-180.5372434462934,9506.677182660756
COP,-1,2020-08-13,2020-08-14,1,RESIDUAL_REVERTED,33.22029495239258,32.46951675415039,0.022599985921802124,203.08460812936363,9405.681425845518
SHW,-1,2020-08-13,2020-08-14,1,RESIDUAL_REVERTED,210.54383850097656,211.33856201171875,-0.0037746225033248315,-45.11338913868022,9405.681425845518
ABBV,-1,2020-08-13,2020-08-14,1,RESIDUAL_REVERTED,75.45297241210938,75.64329528808594,-0.0025224039543074728,-33.32819026456918,9405.681425845518
HPE,1,2020-08-14,2020-08-17,1,RESIDUAL_REVERTED,7.959179401397705,8.09252643585205,0.016753867167629055,148.62269205261836,9439.06412842352
GPC,1,2020-08-14,2020-08-17,1,RESIDUAL_REVERTED,78.655517578125,79.26458740234375,0.00774351047418631,63.61588207056703,9439.06412842352
KEYS,-1,2020-08-14,2020-08-17,1,RESIDUAL_REVERTED,102.55000305175781,103.5,-0.009263743734485574,-97.11186935457197,9439.06412842352
PAYC,-1,2020-08-14,2020-08-18,2,RESIDUAL_REVERTED,296.0260009765625,291.79241943359375,0.014301384098027059,125.24937713008386,9439.06412842352
MCK,-1,2020-08-17,2020-08-18,1,RESIDUAL_REVERTED,154.05992126464844,149.80404663085938,0.027624800784353254,251.78869315410824,9458.879459888678
AMAT,-1,2020-08-17,2020-08-18,1,RESIDUAL_REVERTED,64.57723999023438,63.90395736694336,0.010426004942187594,89.02427434284265,9458.879459888678
CINF,1,2020-08-13,2020-08-19,4,RESIDUAL_REVERTED,68.50173950195312,67.24395751953125,-0.018361314494590553,-182.02000578437557,9405.681425845518
CSCO,1,2020-08-14,2020-08-19,3,RESIDUAL_REVERTED,35.80615234375,35.477500915527344,-0.009178630115503683,-96.03342356060644,9439.06412842352
CB,1,2020-08-18,2020-08-19,1,RESIDUAL_REVERTED,114.85305786132812,114.43321228027344,-0.0036555019855161186,-44.12625018004247,9482.02387109324
BRK-B,1,2020-08-18,2020-08-19,1,RESIDUAL_REVERTED,206.9499969482422,209.19000244140625,0.010823897203169786,93.09911156179214,9482.02387109324
GM,-1,2020-08-18,2020-08-19,1,RESIDUAL_REVERTED,29.281837463378906,28.419198989868164,0.029459847749977897,269.8128622032043,9482.02387109324
AXP,1,2020-08-18,2020-08-20,2,RESIDUAL_REVERTED,91.1814193725586,88.90629577636719,-0.024951614175860448,-245.95552920829127,9482.02387109324
DVA,-1,2020-08-18,2020-08-20,2,RESIDUAL_REVERTED,86.16000366210938,86.18000030517578,-0.00023208730520507537,-12.060991270537675,9482.02387109324
GOOG,-1,2020-08-19,2020-08-20,1,RESIDUAL_REVERTED,76.93677520751953,76.44840240478516,0.006347716048886842,50.54418439615287,9480.96478845338
ORCL,-1,2020-08-19,2020-08-21,2,RESIDUAL_REVERTED,51.1396598815918,50.95564270019531,0.00359832626620038,24.274453513202133,9480.96478845338
STZ,-1,2020-08-19,2020-08-21,2,RESIDUAL_REVERTED,160.0606231689453,160.78823852539062,-0.004545873569899328,-52.98007958195914,9480.96478845338
GILD,1,2020-08-20,2020-08-21,1,RESIDUAL_REVERTED,52.2345085144043,52.18690872192383,-0.000911270993721347,-18.10762331416076,9476.3856885607
REG,1,2020-08-20,2020-08-21,1,RESIDUAL_REVERTED,31.542442321777344,32.374149322509766,0.026367869432805557,240.27077879204862,9476.3856885607
TGT,-1,2020-08-20,2020-08-21,1,RESIDUAL_REVERTED,130.69354248046875,128.5003204345703,0.01678141095782293,149.44549155988315,9476.3856885607
TJX,1,2020-08-20,2020-08-24,2,RESIDUAL_REVERTED,49.101478576660156,47.399444580078125,-0.034663599669910394,-337.7977826945844,9476.3856885607
EL,1,2020-08-21,2020-08-24,1,RESIDUAL_REVERTED,185.05665588378906,194.2186737060547,0.049509258548469326,459.95244334248525,9486.586561946644
SNPS,-1,2020-08-21,2020-08-24,1,RESIDUAL_REVERTED,213.61000061035156,214.89999389648438,-0.006039011668212524,-66.99261483842028,9486.586561946644
JKHY,1,2020-08-20,2020-08-26,4,RESIDUAL_REVERTED,157.7443084716797,153.53045654296875,-0.026713178874960608,-262.4941994822058,9476.3856885607
KEYS,1,2020-08-24,2020-08-26,2,RESIDUAL_REVERTED,97.1500015258789,97.58999633789062,0.004529025271239995,33.48155248900539,9493.570667451218
NWS,1,2020-08-24,2020-08-26,2,RESIDUAL_REVERTED,13.877387046813965,14.085216522216797,0.014976124446319794,132.6122366403515,9493.570667451218
DE,-1,2020-08-24,2020-08-26,2,RESIDUAL_REVERTED,189.2136688232422,191.26902770996094,-0.010862634288005824,-113.04913153508707,9493.570667451218
ULTA,-1,2020-08-24,2020-08-26,2,RESIDUAL_REVERTED,214.94000244140625,219.02000427246094,-0.018982049803255796,-190.17870143809583,9493.570667451218
HUM,1,2020-08-25,2020-08-26,1,RESIDUAL_REVERTED,386.5680236816406,382.06866455078125,-0.011639242915148174,-119.26369482419386,9440.330783799232
IP,-1,2020-08-25,2020-08-26,1,RESIDUAL_REVERTED,27.260725021362305,26.2707462310791,0.03631520399796506,333.37751499064234,9440.330783799232
VFC,-1,2020-08-25,2020-08-26,1,RESIDUAL_REVERTED,54.554054260253906,52.65081787109375,0.034887166773721945,319.88923103131157,9440.330783799232
FRT,-1,2020-08-21,2020-08-27,4,RESIDUAL_REVERTED,62.57469940185547,62.38850021362305,0.0029756305665433747,18.000447087227908,9486.586561946644
AMCR,1,2020-08-25,2020-08-27,2,RESIDUAL_REVERTED,40.365604400634766,40.9581184387207,0.014678686145886521,129.06203607859715,9440.330783799232
NFLX,-1,2020-08-27,2020-08-28,1,RESIDUAL_REVERTED,53.77799987792969,53.20000076293945,0.010747873039202438,93.00469781958309,9554.789258859993
ADBE,-1,2020-08-27,2020-08-28,1,RESIDUAL_REVERTED,519.010009765625,512.3300170898438,0.012870643244044189,113.29657775721702,9554.789258859993
META,-1,2020-08-27,2020-08-28,1,RESIDUAL_REVERTED,297.31243896484375,292.2013244628906,0.017191055038761727,154.599051345243,9554.789258859993
CRM,-1,2020-08-27,2020-08-31,2,RESIDUAL_REVERTED,261.9983825683594,264.9421691894531,-0.011235896161785108,-117.35377449433697,9554.789258859993
DGX,1,2020-08-28,2020-08-31,1,RESIDUAL_REVERTED,98.14967346191406,98.06062316894531,-0.0009072907716122236,-18.265663197257872,9579.036901491918
COTY,1,2020-08-28,2020-08-31,1,RESIDUAL_REVERTED,3.609999895095825,3.75,0.038781193621186594,361.7217046373676,9579.036901491918
RVTY,1,2020-08-28,2020-08-31,1,RESIDUAL_REVERTED,113.22486877441406,115.44361114501953,0.01959589262166439,178.036886749835,9579.036901491918
ABT,-1,2020-08-28,2020-08-31,1,RESIDUAL_REVERTED,101.50374603271484,98.96480560302734,0.025013268267647937,229.95832747278334,9579.036901491918
DLTR,1,2020-08-28,2020-09-01,2,RESIDUAL_REVERTED,97.22000122070312,96.22000122070312,-0.010285949263977634,-108.05925972422445,9579.036901491918
LOW,1,2020-08-28,2020-09-01,2,RESIDUAL_REVERTED,148.64865112304688,147.15396118164062,-0.010055186711173003,-105.84988195693022,9579.036901491918
HPQ,-1,2020-08-31,2020-09-01,1,RESIDUAL_REVERTED,15.806402206420898,15.590855598449707,0.013636664761297324,121.41298821364583,9617.714164590458
SWK,-1,2020-08-31,2020-09-01,1,RESIDUAL_REVERTED,135.09884643554688,131.4437713623047,0.027054820745534336,250.53120306649217,9617.714164590458
KO,-1,2020-08-31,2020-09-02,2,RESIDUAL_REVERTED,41.367130279541016,41.00163269042969,0.00883545913486028,75.02367974411307,9617.714164590458
DINO,1,2020-09-01,2020-09-02,1,RESIDUAL_REVERTED,19.66212272644043,19.481285095214844,-0.009197258797617347,-98.59942116271314,9673.570935893016
WST,-1,2020-09-01,2020-09-02,1,RESIDUAL_REVERTED,281.1233825683594,279.4000549316406,0.006130146916184409,49.467042252792545,9673.570935893016
NDAQ,-1,2020-09-01,2020-09-02,1,RESIDUAL_REVERTED,41.19287872314453,41.40091323852539,-0.005050254360202677,-58.74418425258973,9673.570935893016
ABBV,1,2020-09-02,2020-09-03,1,RESIDUAL_REVERTED,73.01821899414062,74.45368194580078,0.01965896965763214,180.80578654177387,9695.12722122429
NI,1,2020-09-02,2020-09-03,1,RESIDUAL_REVERTED,17.545612335205078,18.41469383239746,0.04953269686966588,470.2905576416432,9695.12722122429
CVS,1,2020-09-02,2020-09-04,2,RESIDUAL_REVERTED,49.68909454345703,49.81270980834961,0.002487774551505728,14.412103907961356,9695.12722122429
ATO,1,2020-09-02,2020-09-04,2,RESIDUAL_REVERTED,83.97789764404297,84.83050537109375,0.01015276341716409,88.68798958868422,9695.12722122429
ALB,-1,2020-09-02,2020-09-04,2,RESIDUAL_REVERTED,90.05904388427734,86.38240051269531,0.04082481018015682,385.92209514977156,9695.12722122429
FANG,1,2020-09-03,2020-09-04,1,RESIDUAL_REVERTED,28.607112884521484,28.504833221435547,-0.0035753228051642605,-44.31819988726328,9690.140885374778
DXC,-1,2020-09-03,2020-09-04,1,RESIDUAL_REVERTED,22.600000381469727,21.100000381469727,0.0663716802956289,633.6007368539873,9690.140885374778
IBM,-1,2020-09-03,2020-09-04,1,RESIDUAL_REVERTED,96.25418853759766,93.37085723876953,0.029955385242293908,280.5402430463906,9690.140885374778
EMN,-1,2020-09-02,2020-09-11,6,RESIDUAL_REVERTED,61.44093322753906,63.08488464355469,-0.02675661533211815,-270.4116893023859,9695.12722122429
BF-B,-1,2020-09-03,2020-09-11,5,RESIDUAL_REVERTED,69.93293762207031,69.65945434570312,0.003910650484112876,27.255494190044537,9690.140885374778
LUV,1,2020-09-10,2020-09-11,1,RESIDUAL_REVERTED,36.28190994262695,35.85041809082031,-0.011892754612118361,-126.41260311564551,9809.457921019997
AKAM,-1,2020-09-10,2020-09-11,1,RESIDUAL_REVERTED,109.16000366210938,106.83000183105469,0.02134483100849749,199.48685026559747,9809.457921019997
EOG,1,2020-09-11,2020-09-14,1,RESIDUAL_REVERTED,29.20359230041504,29.83351707458496,0.02157011259744812,202.53904344259973,9851.443002560207
PNR,1,2020-09-11,2020-09-14,1,RESIDUAL_REVERTED,40.49587631225586,41.3180046081543,0.02030153118700695,190.04793466226027,9851.443002560207
DOV,-1,2020-09-10,2020-09-15,3,RESIDUAL_REVERTED,103.3916015625,105.69084930419922,-0.022238244760231618,-228.65245720008085,9809.457921019997
SHW,-1,2020-09-10,2020-09-15,3,RESIDUAL_REVERTED,220.21141052246094,227.74757385253906,-0.03422240161033563,-346.27510240354,9809.457921019997
KIM,1,2020-09-14,2020-09-15,1,RESIDUAL_REVERTED,9.194708824157715,9.603877067565918,0.044500402485087465,426.90983433272004,9818.950712202792
HII,-1,2020-09-14,2020-09-15,1,RESIDUAL_REVERTED,129.7548828125,128.67654418945312,0.00831058222760761,71.62974051690286,9818.950712202792
XYL,-1,2020-09-14,2020-09-15,1,RESIDUAL_REVERTED,79.14942169189453,78.61908721923828,0.006700421321089167,55.81220059845617,9818.950712202792
TAP,1,2020-09-11,2020-09-17,4,RESIDUAL_REVERTED,29.9571590423584,29.006267547607422,-0.031741711335392275,-322.3967521968842,9851.443002560207
AVY,-1,2020-09-14,2020-09-17,3,RESIDUAL_REVERTED,109.227294921875,114.3694076538086,-0.0470771773265235,-472.9059732571905,9818.950712202792
C,1,2020-09-15,2020-09-17,2,RESIDUAL_REVERTED,39.166690826416016,37.001609802246094,-0.055278630348563396,-555.1740720269588,9869.587394423354
CFG,1,2020-09-16,2020-09-17,1,RESIDUAL_REVERTED,20.898984909057617,21.141088485717773,0.011584465834760582,102.82143289811025,9719.690461022854
NEE,-1,2020-09-16,2020-09-17,1,RESIDUAL_REVERTED,61.02369689941406,59.57296371459961,0.023773275932556293,221.27486957244466,9719.690461022854
AMT,-1,2020-09-16,2020-09-17,1,RESIDUAL_REVERTED,222.09095764160156,217.5821533203125,0.020301611417089416,187.51274448754128,9719.690461022854
SBAC,-1,2020-09-16,2020-09-17,1,RESIDUAL_REVERTED,292.8101806640625,293.36688232421875,-0.0019012373780642466,-28.402001398575003,9719.690461022856
CMCSA,-1,2020-09-16,2020-09-17,1,RESIDUAL_REVERTED,36.7796630859375,35.91196060180664,0.02359190953172763,219.50915331981838,9719.690461022854
KR,1,2020-09-15,2020-09-18,3,RESIDUAL_REVERTED,28.830663681030273,28.531896591186523,-0.010362823872151483,-112.095244855709,9869.587394423354
GEN,1,2020-09-14,2020-09-21,5,RESIDUAL_REVERTED,18.82306671142578,18.18828582763672,-0.033723563408705526,-340.7833926586534,9818.950712202792
CPRT,1,2020-09-18,2020-09-21,1,RESIDUAL_REVERTED,25.479999542236328,25.522499084472656,0.0016679569466191424,6.532895392439497,9792.640494144192
GPN,-1,2020-09-18,2020-09-21,1,RESIDUAL_REVERTED,172.9036865234375,166.82388305664062,0.03516294874356396,334.5269428361389,9792.640494144192
FMC,-1,2020-09-18,2020-09-21,1,RESIDUAL_REVERTED,94.38251495361328,90.7540054321289,0.03844472170791058,366.680208301375,9792.640494144192
AMT,1,2020-09-18,2020-09-22,2,RESIDUAL_REVERTED,208.40516662597656,202.80682373046875,-0.026862783615893338,-272.7186943252636,9792.640494144192
MKC,1,2020-09-18,2020-09-22,2,RESIDUAL_REVERTED,84.64459991455078,83.60205078125,-0.012316782575063745,-130.34615738438194,9792.640494144192
MET,-1,2020-09-18,2020-09-22,2,RESIDUAL_REVERTED,32.51532745361328,30.90656089782715,0.04947717528237161,474.5797500002883,9792.640494144192
NUE,-1,2020-09-18,2020-09-22,2,RESIDUAL_REVERTED,44.2149543762207,41.365577697753906,0.06444373218666544,621.2196518016391,9792.640494144192
F,-1,2020-09-18,2020-09-22,2,RESIDUAL_REVERTED,5.360684394836426,5.0526838302612305,0.05745545566380872,552.7545262407203,9792.640494144192
HRB,1,2020-09-21,2020-09-22,1,RESIDUAL_REVERTED,11.011926651000977,11.488249778747559,0.043255203457361,414.2072943459628,9807.53549644612
FRT,1,2020-09-22,2020-09-23,1,RESIDUAL_REVERTED,57.93361282348633,57.96506881713867,0.0005429662007820912,-4.5776383817803845,10010.027346662675
CAG,-1,2020-09-22,2020-09-23,1,RESIDUAL_REVERTED,26.22074317932129,26.50542640686035,-0.010857176152183845,-118.94446070404824,10010.027346662675
AMZN,-1,2020-09-23,2020-09-24,1,RESIDUAL_REVERTED,156.02149963378906,148.88949584960938,0.04571167307659396,446.6760996174212,9989.30027041042
UHS,1,2020-09-22,2020-09-25,3,RESIDUAL_REVERTED,104.41777801513672,98.48734283447266,-0.05679526315724104,-578.2479036428655,10010.027346662675
HCA,1,2020-09-23,2020-09-25,2,RESIDUAL_REVERTED,115.75951385498047,110.34172821044922,-0.046802076685623084,-477.27553756322914,9989.30027041042
PGR,1,2020-09-23,2020-09-25,2,RESIDUAL_REVERTED,80.3073959350586,77.65430450439453,-0.033036701038214655,-339.8378201216087,9989.30027041042
KMX,-1,2020-09-23,2020-09-25,2,RESIDUAL_REVERTED,108.27999877929688,95.25,0.12033615557990018,1192.3192551411441,9989.30027041042
ALB,1,2020-09-24,2020-09-25,1,RESIDUAL_REVERTED,74.63427734375,77.34675598144531,0.036343604228954884,349.7239533952602,9900.061495907901
NKE,-1,2020-09-24,2020-09-25,1,RESIDUAL_REVERTED,114.48374938964844,111.95757293701172,0.022065808170195544,208.46821847647405,9900.061495907901
COST,-1,2020-09-22,2020-09-28,4,RESIDUAL_REVERTED,312.15338134765625,314.95703125,-0.008981641942302776,-100.76515422370697,10010.027346662675
CFG,1,2020-09-23,2020-09-28,3,RESIDUAL_REVERTED,19.3057861328125,19.49321937561035,0.00970865633279172,86.94489171840196,9989.30027041042
CMCSA,-1,2020-09-23,2020-09-28,3,RESIDUAL_REVERTED,36.115211486816406,36.65458297729492,-0.014934745451384401,-159.8401887262975,9989.30027041042
GS,-1,2020-09-25,2020-09-28,1,RESIDUAL_REVERTED,167.96092224121094,172.15646362304688,-0.024979270927142583,-262.00985134868534,10072.72800530661
NOV,1,2020-09-28,2020-09-29,1,RESIDUAL_REVERTED,8.897100448608398,8.770256996154785,-0.014256718038229255,-153.3321868841891,10054.840170108148
APA,1,2020-09-28,2020-09-29,1,RESIDUAL_REVERTED,8.66368293762207,8.672222137451172,0.0009856316177061508,-0.14942697165905106,10054.840170108148
SLB,1,2020-09-28,2020-09-29,1,RESIDUAL_REVERTED,14.371570587158203,14.362785339355469,-0.0006112935082115412,-16.198225462939288,10054.840170108148
NCLH,-1,2020-09-28,2020-09-29,1,RESIDUAL_REVERTED,16.920000076293945,16.600000381469727,0.0189125114291554,180.0058496040123,10054.840170108148
BA,-1,2020-09-28,2020-09-30,2,RESIDUAL_REVERTED,160.3300018310547,164.5,-0.026008845015416338,-272.11060250682607,10054.840170108148
DVN,-1,2020-09-29,2020-09-30,1,RESIDUAL_REVERTED,7.340281963348389,7.227469444274902,0.015368962614349613,144.0117124402193,10030.632147762337
PM,1,2020-09-28,2020-10-01,3,RESIDUAL_REVERTED,58.04655838012695,56.82933044433594,-0.02096985540158658,-220.79796035111352,10054.840170108148
LLY,1,2020-09-29,2020-10-01,2,RESIDUAL_REVERTED,139.040283203125,139.369140625,0.002365195282251875,13.68190948421249,10030.632147762337
PCAR,-1,2020-09-29,2020-10-01,2,RESIDUAL_REVERTED,46.79678726196289,46.661155700683594,0.0028983092475995953,18.660251646475956,10030.632147762337
TPR,1,2020-09-30,2020-10-02,2,RESIDUAL_REVERTED,13.607829093933105,13.327797889709473,-0.02057868321909495,-215.71061706139446,10001.23691577093
HAS,-1,2020-09-30,2020-10-02,2,RESIDUAL_REVERTED,66.73738861083984,64.62480163574219,0.03165522384186481,306.35722161531424,10001.23691577093
MU,1,2020-10-01,2020-10-02,1,RESIDUAL_REVERTED,45.9289665222168,45.69493865966797,-0.005095430624062147,-60.82072109659242,9982.256676760786
NRG,-1,2020-10-01,2020-10-02,1,RESIDUAL_REVERTED,26.088815689086914,25.63126564025879,0.017538168626777484,164.9787480347379,9982.256676760786
NOV,1,2020-09-30,2020-10-05,3,RESIDUAL_REVERTED,8.444090843200684,8.05450439453125,-0.046137169282485235,-471.19928315262655,10001.23691577093
WMB,1,2020-10-02,2020-10-05,1,RESIDUAL_REVERTED,13.852062225341797,14.513120651245117,0.047722744465725775,462.7908606632607,9910.105552990106
VLO,1,2020-10-02,2020-10-05,1,RESIDUAL_REVERTED,31.658802032470703,33.44183349609375,0.0563202442655375,547.950390105952,9910.105552990106
DUK,-1,2020-10-01,2020-10-06,3,RESIDUAL_REVERTED,69.8184814453125,72.74508666992188,-0.0419173428585915,-429.2362084067721,9982.256676760786
MAA,-1,2020-10-02,2020-10-06,2,RESIDUAL_REVERTED,95.66584014892578,100.54532623291016,-0.05100552168243477,-516.0437287044962,9910.105552990106
ADI,1,2020-10-05,2020-10-06,1,RESIDUAL_REVERTED,104.3138656616211,104.85641479492188,0.00520112192046196,41.37270071502257,9854.112239155696
TXN,1,2020-10-05,2020-10-06,1,RESIDUAL_REVERTED,120.536376953125,121.85790252685547,0.01096370744778885,98.12947270674964,9854.112239155696
PAYC,-1,2020-09-30,2020-10-07,5,RESIDUAL_REVERTED,294.254638671875,332.83331298828125,-0.13110642704064746,-1322.963204168074,10001.23691577093
RHI,-1,2020-10-05,2020-10-07,2,RESIDUAL_REVERTED,44.53193283081055,44.878082275390625,-0.007773061319731989,-86.88017150309324,9854.112239155696
URI,-1,2020-10-05,2020-10-07,2,RESIDUAL_REVERTED,180.2125244140625,190.4361572265625,-0.05673097830320506,-569.5760257658867,9854.112239155696
SCHW,1,2020-10-06,2020-10-07,1,RESIDUAL_REVERTED,34.31831741333008,34.6417236328125,0.009423720154671855,82.66006988124047,9818.266830110353
YUM,1,2020-10-06,2020-10-08,2,RESIDUAL_REVERTED,84.52574157714844,84.19499969482422,-0.003912913109698546,-48.21708281167088,9818.266830110353
BA,1,2020-10-07,2020-10-08,1,RESIDUAL_REVERTED,163.7100067138672,166.22000122070312,0.015331955310605494,140.3520673587223,9798.187127920555
SNA,-1,2020-10-07,2020-10-08,1,RESIDUAL_REVERTED,135.27288818359375,135.53834533691406,-0.0019623825356640534,-29.230505304493544,9798.187127920555
DHI,1,2020-10-06,2020-10-09,3,RESIDUAL_REVERTED,71.38514709472656,73.81133270263672,0.03398726074894354,323.7108800301241,9818.266830110353
PAYX,1,2020-10-07,2020-10-09,2,RESIDUAL_REVERTED,67.03870391845703,68.79740905761719,0.026234175727791076,247.12065211826376,9798.187127920555
STE,-1,2020-10-07,2020-10-09,2,RESIDUAL_REVERTED,172.97926330566406,177.6095428466797,-0.026767830157963246,-272.601459892572,9798.187127920555
ARE,1,2020-10-08,2020-10-09,1,RESIDUAL_REVERTED,128.5402374267578,131.30604553222656,0.021517060811753197,200.76698504099537,9790.501587583338
PM,-1,2020-10-08,2020-10-09,1,RESIDUAL_REVERTED,60.047367095947266,60.146270751953125,-0.0016470939657990957,-26.117219930636196,9790.501587583338
MLM,-1,2020-10-08,2020-10-12,2,RESIDUAL_REVERTED,260.0277404785156,264.5060119628906,-0.01722228357687472,-178.88453334130162,9790.501587583338
IBM,-1,2020-10-09,2020-10-12,1,RESIDUAL_REVERTED,99.11499786376953,96.16407012939453,0.0297727669674267,282.66858689143965,9825.647089855802
BMY,-1,2020-10-08,2020-10-13,3,RESIDUAL_REVERTED,48.450599670410156,49.015933990478516,-0.011668262599722201,-124.67721543348834,9790.501587583338
AMGN,1,2020-10-09,2020-10-13,2,RESIDUAL_REVERTED,198.32485961914062,198.90695190429688,0.0029350444834503886,18.99864484191305,9825.647089855802
DPZ,1,2020-10-09,2020-10-13,2,RESIDUAL_REVERTED,371.00079345703125,362.3655700683594,-0.023275484961117754,-238.40799981250808,9825.647089855802
WY,1,2020-10-12,2020-10-13,1,RESIDUAL_REVERTED,23.287410736083984,23.295324325561523,0.0003398226435400442,-6.4920487465972885,9831.264644140669
EBAY,-1,2020-10-12,2020-10-13,1,RESIDUAL_REVERTED,50.87358093261719,50.28518295288086,0.011565884864988552,103.74064530817856,9831.264644140669
IFF,-1,2020-10-12,2020-10-13,1,RESIDUAL_REVERTED,102.73804473876953,100.98556518554688,0.017057746793591955,157.75924273695028,9831.264644140669
CF,1,2020-10-13,2020-10-14,1,RESIDUAL_REVERTED,25.69780158996582,25.636552810668945,-0.0023834248654480694,-33.35242147505555,9861.065150201492
MHK,1,2020-10-12,2020-10-15,3,RESIDUAL_REVERTED,106.36000061035156,102.66999816894531,-0.03469351654974617,-350.7418667092516,9831.264644140669
F,-1,2020-10-13,2020-10-15,2,RESIDUAL_REVERTED,5.73468542098999,5.44135046005249,0.05115101167778813,494.41103930783055,9861.065150201492
WAT,-1,2020-10-14,2020-10-15,1,RESIDUAL_REVERTED,215.44000244140625,210.05999755859375,0.0249721723999502,236.07720481910323,9850.868220243321
DIS,-1,2020-10-14,2020-10-15,1,RESIDUAL_REVERTED,125.20939636230469,121.19540405273438,0.032058235453475525,305.9168910337976,9850.868220243321
WRB,1,2020-10-14,2020-10-16,2,RESIDUAL_REVERTED,24.226411819458008,24.195276260375977,-0.0012851906965860582,-22.50478228810085,9850.868220243321
BAC,1,2020-10-15,2020-10-16,1,RESIDUAL_REVERTED,20.448883056640625,20.977659225463867,0.02585843771313101,245.10128893098084,9865.01399186349
FAST,1,2020-10-14,2020-10-19,3,RESIDUAL_REVERTED,19.639589309692383,19.45037841796875,-0.009634157249421405,-104.70822929065727,9850.868220243321
VRTX,1,2020-10-16,2020-10-19,1,RESIDUAL_REVERTED,217.7899932861328,219.0800018310547,0.0059231763840823515,48.63672131665232,9885.080902825008
MS,-1,2020-10-13,2020-10-20,5,RESIDUAL_REVERTED,42.55850601196289,42.9248161315918,-0.008607212845440193,-95.75661574417006,9861.065150201492
RCL,1,2020-10-14,2020-10-20,4,RESIDUAL_REVERTED,59.30928039550781,58.77758026123047,-0.008964872457255746,-98.11848951936435,9850.868220243321
BLK,-1,2020-10-14,2020-10-20,4,RESIDUAL_REVERTED,557.2665405273438,552.742919921875,0.008117516980632011,69.36852724263957,9850.868220243321
IT,-1,2020-10-16,2020-10-20,2,RESIDUAL_REVERTED,130.27000427246094,125.18000030517578,0.03907272434442666,376.1620429841231,9885.080902825008
CHRW,1,2020-10-19,2020-10-20,1,RESIDUAL_REVERTED,87.57212829589844,87.93022918701172,0.004089210780664043,30.467130708693716,9868.96363166865
SCHW,-1,2020-10-16,2020-10-21,3,RESIDUAL_REVERTED,36.295719146728516,36.1571159362793,0.0038187206014269615,27.29640407295646,9885.080902825008
ROST,1,2020-10-20,2020-10-21,1,RESIDUAL_REVERTED,86.447509765625,86.52269744873047,0.0008697495544904843,-1.304796299203299,9984.260637237106
PH,-1,2020-10-16,2020-10-22,4,RESIDUAL_REVERTED,206.9251708984375,206.73995971679688,0.0008950635673584673,-1.8143483203884578,9885.080902825008
JBHT,1,2020-10-19,2020-10-22,3,RESIDUAL_REVERTED,118.56482696533203,118.5363998413086,-0.00023976017804794303,-12.233965016907955,9868.96363166865
ZBH,1,2020-10-20,2020-10-22,2,RESIDUAL_REVERTED,132.68716430664062,131.93751525878906,-0.0056497480503775455,-66.36461342839347,9984.260637237106
PM,1,2020-10-21,2020-10-22,1,RESIDUAL_REVERTED,56.24352264404297,56.874977111816406,0.011227150044811784,101.7492892336984,9954.402602233771
IQV,-1,2020-10-21,2020-10-22,1,RESIDUAL_REVERTED,173.89999389648438,169.8699951171875,0.02317423186165135,220.65434743417245,9954.402602233771
TRV,-1,2020-10-21,2020-10-23,2,RESIDUAL_REVERTED,105.31515502929688,113.25155639648438,-0.07535858789724736,-760.8977845667113,9954.402602233771
PNR,-1,2020-10-21,2020-10-23,2,RESIDUAL_REVERTED,47.67319869995117,48.332969665527344,-0.013839452429627919,-148.18114085149847,9954.402602233771
CB,-1,2020-10-22,2020-10-23,1,RESIDUAL_REVERTED,117.16614532470703,118.5718002319336,-0.011997108066762907,-129.39259850761914,9935.726151512348
UNP,1,2020-10-22,2020-10-26,2,RESIDUAL_REVERTED,170.0641632080078,163.52426147460938,-0.03845549591420616,-391.82796093745486,9935.726151512348
GPC,1,2020-10-23,2020-10-26,1,RESIDUAL_REVERTED,82.11231231689453,82.2048110961914,0.0011264909815216217,1.2453134019905558,9889.111336716029
CINF,1,2020-10-23,2020-10-26,1,RESIDUAL_REVERTED,66.65513610839844,66.51717376708984,-0.0020697931076794074,-30.347291615281936,9889.111336716029
SNA,-1,2020-10-23,2020-10-26,1,RESIDUAL_REVERTED,146.3436737060547,143.5952606201172,0.01878053909906585,175.7321360713618,9889.111336716029
KMB,1,2020-10-23,2020-10-27,2,RESIDUAL_REVERTED,110.24647521972656,108.68696594238281,-0.014145661112843544,-149.70718500424155,9889.111336716029
ALGN,-1,2020-10-23,2020-10-27,2,RESIDUAL_REVERTED,451.3399963378906,455.3500061035156,-0.008884676293175131,-98.19631917185592,9889.111336716029
ITW,-1,2020-10-26,2020-10-27,1,RESIDUAL_REVERTED,178.24099731445312,175.33677673339844,0.016293785519675086,150.24813240598786,9831.406268774545
IBM,1,2020-10-21,2020-10-28,5,RESIDUAL_REVERTED,87.59664154052734,81.58966064453125,-0.06857547036454492,-692.240929328141,9954.402602233771
EG,-1,2020-10-26,2020-10-28,2,RESIDUAL_REVERTED,188.0768585205078,176.6417236328125,0.06080032906572841,587.8421428742165,9831.406268774545
MSI,-1,2020-10-26,2020-10-29,3,RESIDUAL_REVERTED,160.29550170898438,152.3216094970703,0.0497449530829045,478.90014158807907,9831.406268774545
PRGO,1,2020-11-05,2020-11-06,1,RESIDUAL_REVERTED,34.94626235961914,35.82785415649414,0.025227069716436734,239.81520000706635,9903.802844414462
J,1,2020-11-05,2020-11-06,1,RESIDUAL_REVERTED,76.3314437866211,77.00146484375,0.008777785718319553,76.98618959075594,9903.802844414462
JCI,1,2020-11-05,2020-11-06,1,RESIDUAL_REVERTED,38.05872344970703,38.86505126953125,0.021186412647017594,199.81733796513885,9903.802844414462
CAT,1,2020-11-05,2020-11-06,1,RESIDUAL_REVERTED,142.4993438720703,148.16607666015625,0.039766728983491095,383.7411198535348,9903.802844414462
BIIB,-1,2020-11-05,2020-11-06,1,RESIDUAL_REVERTED,348.0,328.8999938964844,0.054885075010102424,533.7532257509831,9903.802844414462
CI,-1,2020-11-05,2020-11-06,1,RESIDUAL_REVERTED,187.5660858154297,191.24542236328125,-0.019616214369756246,-204.47789845310615,9903.802844414462
UNH,-1,2020-11-05,2020-11-06,1,RESIDUAL_REVERTED,322.48748779296875,315.54364013671875,0.021532145956335014,203.25846060883356,9903.802844414462
LLY,-1,2020-11-05,2020-11-06,1,RESIDUAL_REVERTED,138.75840759277344,136.28729248046875,0.01780875952076999,166.36519763856995,9903.802844414462
ELV,-1,2020-11-05,2020-11-06,1,RESIDUAL_REVERTED,301.8330078125,291.925537109375,0.03282434474257223,315.1535266848375,9903.802844414462
FLS,1,2020-11-09,2020-11-10,1,RESIDUAL_REVERTED,28.667604446411133,29.00528907775879,0.01177931110284769,108.89056035128483,10107.333207373267
DXC,1,2020-11-09,2020-11-10,1,RESIDUAL_REVERTED,19.09000015258789,19.649999618530273,0.02933470201499544,286.24002679328714,10107.333207373267
REG,1,2020-11-09,2020-11-10,1,RESIDUAL_REVERTED,29.816240310668945,36.054107666015625,0.2092103930727518,2103.3945404478504,10107.333207373267
NWS,-1,2020-11-09,2020-11-10,1,RESIDUAL_REVERTED,15.224529266357422,15.186490058898926,0.0024985473634677735,14.960656725454003,10107.333207373267
MTD,-1,2020-11-09,2020-11-10,1,RESIDUAL_REVERTED,1182.47998046875,1182.1099853515625,0.00031289757399599605,-7.143242383999021,10107.333207373267
NWSA,-1,2020-11-09,2020-11-10,1,RESIDUAL_REVERTED,15.118412017822266,14.919113159179688,0.013182525943044476,123.00219991146652,10107.333207373267
CVS,-1,2020-11-09,2020-11-10,1,RESIDUAL_REVERTED,57.340599060058594,56.88352584838867,0.007971197008095121,70.3042248827314,10107.333207373267
MCHP,-1,2020-11-09,2020-11-10,1,RESIDUAL_REVERTED,58.06395721435547,55.22701644897461,0.04885889459631021,483.77902762824345,10107.333207373267
VMC,1,2020-11-05,2020-11-11,4,RESIDUAL_REVERTED,126.71115112304688,133.9613037109375,0.05721795219783088,556.4881772251698,9903.802844414462
GEN,1,2020-11-09,2020-11-12,3,RESIDUAL_REVERTED,18.003141403198242,17.765098571777344,-0.013222294159096593,-143.68264497285205,10107.333207373267
CDW,1,2020-11-11,2020-11-12,1,RESIDUAL_REVERTED,127.86345672607422,127.99287414550781,0.0010121532981142156,0.12126968409398042,10411.898190109177
ADSK,1,2020-11-11,2020-11-12,1,RESIDUAL_REVERTED,252.83999633789062,247.97999572753906,-0.019221644837618013,-210.4456403812773,10411.898190109177
PAYC,1,2020-11-11,2020-11-12,1,RESIDUAL_REVERTED,377.1344909667969,372.5700988769531,-0.012102823261120443,-136.36225511597607,10411.898190109177
LUMN,-1,2020-11-11,2020-11-12,1,RESIDUAL_REVERTED,8.31779956817627,8.173951148986816,0.01729404730306494,169.5387708027903,10411.898190109177
BRK-B,-1,2020-11-11,2020-11-12,1,RESIDUAL_REVERTED,228.5,225.00999450683594,0.015273547016035338,148.4886679990707,10411.898190109177
O,-1,2020-11-11,2020-11-12,1,RESIDUAL_REVERTED,46.437339782714844,45.412147521972656,0.022076894704545325,219.36165413926366,10411.898190109177
EXR,-1,2020-11-11,2020-11-13,2,RESIDUAL_REVERTED,91.88624572753906,93.0817642211914,-0.013010853628706132,-146.36306698279552,10411.898190109177
ARE,-1,2020-11-11,2020-11-16,3,RESIDUAL_REVERTED,127.5423355102539,130.9917755126953,-0.027045451133079546,-292.76888229468,10411.898190109177
BWA,1,2020-11-13,2020-11-16,1,RESIDUAL_REVERTED,29.62377166748047,31.071006774902344,0.04885384358435951,499.12354353873485,10435.493015940587
EFX,-1,2020-11-13,2020-11-16,1,RESIDUAL_REVERTED,156.7524871826172,158.6509246826172,-0.012111051850732801,-137.09151876210808,10435.493015940587
APD,1,2020-11-12,2020-11-18,4,RESIDUAL_REVERTED,241.26263427734375,231.6516571044922,-0.03983616112639832,-425.5537478990808,10426.088148808805
RSG,1,2020-11-16,2020-11-18,2,RESIDUAL_REVERTED,94.26770782470703,94.02659606933594,-0.002557734360311925,-36.999446506703165,10403.461136560561
CINF,1,2020-11-16,2020-11-18,2,RESIDUAL_REVERTED,69.82833862304688,68.72462463378906,-0.01580610409787886,-174.75943174442236,10403.461136560561
CSCO,-1,2020-11-16,2020-11-18,2,RESIDUAL_REVERTED,35.49856948852539,35.6346435546875,-0.0038332267503369266,-50.71971042628563,10403.461136560561
MGM,-1,2020-11-16,2020-11-18,2,RESIDUAL_REVERTED,27.2602481842041,26.500795364379883,0.027859350901444868,279.17462801622895,10403.461136560561
PFE,1,2020-11-17,2020-11-18,1,RESIDUAL_REVERTED,27.188858032226562,27.51670265197754,0.012058050373516593,114.54266677446913,10363.956344671702
CVX,-1,2020-11-17,2020-11-18,1,RESIDUAL_REVERTED,67.96134185791016,68.72431945800781,-0.01122664119394301,-126.98170905716246,10363.956344671702
IFF,-1,2020-11-13,2020-11-19,4,RESIDUAL_REVERTED,94.84761810302734,95.56571197509766,-0.007571026942292836,-90.32932711042164,10435.493015940587
IPGP,1,2020-11-16,2020-11-19,3,RESIDUAL_REVERTED,204.02999877929688,198.4499969482422,-0.02734892841464298,-294.7847132679316,10403.461136560561
LOW,1,2020-11-19,2020-11-20,1,RESIDUAL_REVERTED,133.45156860351562,134.11618041992188,0.004980172382842651,41.17394786023476,10351.240946241347
JCI,-1,2020-11-19,2020-11-20,1,RESIDUAL_REVERTED,41.02421951293945,40.78232192993164,0.005896457894379092,50.50991033838646,10351.240946241347
GD,-1,2020-11-19,2020-11-20,1,RESIDUAL_REVERTED,134.58436584472656,132.3780517578125,0.016393539272307023,159.2250793655725,10351.240946241347
SLB,-1,2020-11-17,2020-11-23,4,RESIDUAL_REVERTED,17.077220916748047,18.09623146057129,-0.059670747880521624,-629.952147343722,10363.956344671702
CNP,1,2020-11-19,2020-11-23,2,RESIDUAL_REVERTED,20.399883270263672,20.356679916381836,-0.002117823583079659,-32.2623820852357,10351.240946241347
DVA,1,2020-11-19,2020-11-23,2,RESIDUAL_REVERTED,108.38999938964844,109.79000091552734,0.012916334844196076,123.28200312130751,10351.240946241347
NEM,1,2020-11-19,2020-11-23,2,RESIDUAL_REVERTED,51.379241943359375,51.31181716918945,-0.0013122960094321678,-23.928341186571817,10351.240946241347
EL,1,2020-11-20,2020-11-23,1,RESIDUAL_REVERTED,222.77674865722656,221.96788024902344,-0.0036308475326914946,-47.813244893796195,10328.99400321902
FISV,-1,2020-11-20,2020-11-24,2,RESIDUAL_REVERTED,112.69000244140625,113.83000183105469,-0.010116242478929616,-115.28134599902506,10328.99400321902
TGT,-1,2020-11-19,2020-11-25,4,RESIDUAL_REVERTED,142.90618896484375,150.54660034179688,-0.0534645240510383,-564.9031838173695,10351.240946241347
LVS,1,2020-11-23,2020-11-25,2,RESIDUAL_REVERTED,52.61514663696289,54.3323860168457,0.0326377381732208,327.3340703459226,10351.656489470957
AMCR,1,2020-11-24,2020-11-25,1,RESIDUAL_REVERTED,43.57099914550781,43.91110610961914,0.007805810534101454,69.53859601271107,10223.396112867818
CF,-1,2020-11-23,2020-11-27,3,RESIDUAL_REVERTED,30.074495315551758,34.07795715332031,-0.13311817191819442,-1389.7140868080571,10351.656489470957
LUMN,-1,2020-11-23,2020-11-27,3,RESIDUAL_REVERTED,8.597034454345703,9.182496070861816,-0.068100415279849,-716.3059660855669,10351.656489470957
STE,1,2020-11-24,2020-11-27,2,RESIDUAL_REVERTED,179.72801208496094,180.1170654296875,0.002164678394944053,11.895903393268144,10223.396112867818
VRSK,1,2020-11-24,2020-11-27,2,RESIDUAL_REVERTED,189.87698364257812,189.98255920410156,0.0005560208483308404,-4.5418169440591205,10223.396112867818
RSG,1,2020-11-24,2020-11-27,2,RESIDUAL_REVERTED,91.14274597167969,90.35453796386719,-0.008648060790898415,-98.5917409108468,10223.396112867818
OXY,-1,2020-11-24,2020-11-27,2,RESIDUAL_REVERTED,15.761637687683105,15.529438018798828,0.014731950669423677,140.06204547368608,10223.396112867818
DLTR,-1,2020-11-25,2020-11-30,2,RESIDUAL_REVERTED,111.05999755859375,109.3499984741211,0.015397074752954931,145.3374650957359,10117.345024896771
GAP,1,2020-11-27,2020-11-30,1,RESIDUAL_REVERTED,17.816997528076172,17.630390167236328,-0.010473558215731149,-116.02674963456728,10117.151867059112
COO,-1,2020-11-30,2020-12-01,1,RESIDUAL_REVERTED,84.86363220214844,84.55128479003906,0.0036805802910409025,26.895668692658393,10100.383566496253
ECL,-1,2020-11-30,2020-12-01,1,RESIDUAL_REVERTED,208.89686584472656,210.8368377685547,-0.009286744997266227,-104.14670009609412,10100.383566496253
ADSK,-1,2020-11-27,2020-12-02,3,RESIDUAL_REVERTED,272.19000244140625,277.989990234375,-0.021308599658127703,-226.4209833419149,10117.151867059112
XRX,1,2020-12-01,2020-12-02,1,RESIDUAL_REVERTED,15.83545207977295,15.86385440826416,0.0017935912627016215,7.947188456287108,10025.537942328841
TFX,-1,2020-12-01,2020-12-02,1,RESIDUAL_REVERTED,369.6947326660156,364.1907653808594,0.014887870447774398,139.11135629174083,10025.537942328841
PPL,1,2020-11-27,2020-12-03,4,RESIDUAL_REVERTED,23.383895874023438,22.589874267578125,-0.033955916102387795,-353.4825432800381,10117.151867059112
PNW,1,2020-11-30,2020-12-03,3,RESIDUAL_REVERTED,65.45664978027344,64.59169006347656,-0.013214237509869386,-143.50251652126548,10100.383566496253
EOG,1,2020-12-01,2020-12-03,2,RESIDUAL_REVERTED,37.15567398071289,37.37030792236328,0.005776612793023439,47.85915596690156,10025.537942328841
COP,1,2020-12-01,2020-12-03,2,RESIDUAL_REVERTED,33.42448043823242,32.729835510253906,-0.020782519843867142,-218.2773012036054,10025.537942328841
AAP,-1,2020-12-02,2020-12-03,1,RESIDUAL_REVERTED,132.9114227294922,130.67832946777344,0.01680136451675529,156.23725603261124,9894.519543616314
CRM,1,2020-12-03,2020-12-04,1,RESIDUAL_REVERTED,221.8743896484375,219.6272735595703,-0.010127875021663235,-110.80107162796462,9961.606898622245
NTAP,-1,2020-12-03,2020-12-04,1,RESIDUAL_REVERTED,51.918155670166016,51.305809020996094,0.011794460748184799,107.39413363085517,9961.606898622245
GS,-1,2020-12-03,2020-12-04,1,RESIDUAL_REVERTED,207.67356872558594,208.0324249267578,-0.001727982060375055,-27.379826619594827,9961.606898622245
ILMN,-1,2020-11-30,2020-12-04,4,TRAILING_STOP,308.6770324707031,340.7495007081409,-0.10390299524627511,-1060.9335530491326,10100.383566496253
SRE,-1,2020-12-03,2020-12-07,2,RESIDUAL_REVERTED,54.109214782714844,52.78593826293945,0.024455659264124296,233.38486013204135,9961.606898622245
DVA,1,2020-12-04,2020-12-07,1,RESIDUAL_REVERTED,106.12000274658203,109.33999633789062,0.030342946739249976,291.7638848366471,9948.381088970049
GLW,1,2020-12-04,2020-12-07,1,RESIDUAL_REVERTED,32.24287796020508,32.754390716552734,0.015864364123419072,147.79744657496994,9948.381088970049
TSN,-1,2020-12-04,2020-12-07,1,RESIDUAL_REVERTED,57.90087127685547,58.32808303833008,-0.007378330447427528,-83.58771253055677,9948.381088970049
IP,1,2020-12-04,2020-12-08,2,RESIDUAL_REVERTED,35.884456634521484,35.60481262207031,-0.0077929008456031346,-87.43636511588679,9948.381088970049
CMI,1,2020-12-04,2020-12-08,2,RESIDUAL_REVERTED,193.4763946533203,191.8282928466797,-0.008518361165421595,-94.64991226450351,9948.381088970049
D,1,2020-12-07,2020-12-08,1,RESIDUAL_REVERTED,58.91470718383789,58.86799621582031,-0.0007928575096167734,-17.91512676459773,9994.708926111138
EMR,-1,2020-12-07,2020-12-08,1,RESIDUAL_REVERTED,71.14726257324219,69.71234893798828,0.02016821987742312,191.48489786665615,9994.708926111138
HPE,-1,2020-12-07,2020-12-08,1,RESIDUAL_REVERTED,10.279707908630371,10.144163131713867,0.013185664234944494,121.66138096320367,9994.708926111138
OXY,-1,2020-12-07,2020-12-08,1,RESIDUAL_REVERTED,16.560401916503906,16.588266372680664,-0.0016825954054284775,-27.022480454704088,9994.70892611114
LUMN,1,2020-12-08,2020-12-09,1,RESIDUAL_REVERTED,8.628080368041992,8.991914749145508,0.042168636079369604,411.1337389762211,9991.693828127129
TYL,-1,2020-12-08,2020-12-10,2,RESIDUAL_REVERTED,434.760009765625,442.6000061035156,-0.01803292888441388,-190.66809818333329,9991.693828127129
AZO,1,2020-12-09,2020-12-10,1,RESIDUAL_REVERTED,1107.1700439453125,1127.5699462890625,0.018425265798428292,174.38750854612113,10013.032625054158
NI,1,2020-12-09,2020-12-10,1,RESIDUAL_REVERTED,19.244958877563477,19.137392044067383,-0.005589351174010493,-65.9514051054772,10013.032625054158
EFX,-1,2020-12-09,2020-12-10,1,RESIDUAL_REVERTED,175.3341827392578,171.11744689941406,0.024049707672316956,230.72288177007425,10013.032625054158
T,-1,2020-12-09,2020-12-11,2,RESIDUAL_REVERTED,16.14723777770996,15.850340843200684,0.018386855919042766,173.78890573598486,10013.032625054158
FISV,1,2020-12-10,2020-12-11,1,RESIDUAL_REVERTED,112.33999633789062,114.25,0.017001991493435398,160.79095218638477,10053.524726801954
BF-B,1,2020-12-10,2020-12-14,2,RESIDUAL_REVERTED,68.00418090820312,67.57090759277344,-0.006371274672281602,-74.07526530210207,10053.524726801954
LOW,-1,2020-12-10,2020-12-14,2,RESIDUAL_REVERTED,143.24102783203125,142.59442138671875,0.004514114811230874,34.95415772102315,10053.524726801954
SBUX,-1,2020-12-11,2020-12-14,1,RESIDUAL_REVERTED,91.62700653076172,91.11799621582031,0.005555243308865698,45.66094572401199,10060.917230873316
APA,-1,2020-12-11,2020-12-14,1,RESIDUAL_REVERTED,13.957951545715332,14.274596214294434,-0.022685611677474293,-238.6101488354334,10060.917230873316
QRVO,1,2020-12-10,2020-12-15,3,RESIDUAL_REVERTED,159.4600067138672,159.4499969482422,-6.277289102940564e-05,-10.684297994532994,10053.524726801954
BWA,1,2020-12-11,2020-12-15,2,RESIDUAL_REVERTED,30.79118537902832,29.93858528137207,-0.027689745852946257,-288.5058662806984,10060.917230873316
GLW,1,2020-12-14,2020-12-15,1,RESIDUAL_REVERTED,32.0434684753418,32.069480895996094,0.0008117854243623324,-1.8934141280981232,10038.22196319874
DIS,-1,2020-12-14,2020-12-15,1,RESIDUAL_REVERTED,168.5100860595703,165.30084228515625,0.01904481713503814,181.0394535735576,10038.22196319874
DOC,1,2020-12-11,2020-12-16,3,RESIDUAL_REVERTED,21.431726455688477,21.966236114501953,0.024940112030573447,240.73402543600034,10060.917230873316
INCY,-1,2020-12-15,2020-12-16,1,RESIDUAL_REVERTED,87.22000122070312,85.93000030517578,0.01479019602697662,137.78187017516052,10000.160437522383
REGN,-1,2020-12-15,2020-12-16,1,RESIDUAL_REVERTED,496.00933837890625,487.202392578125,0.017755604823015525,167.4526269617285,10000.160437522383
MO,1,2020-12-16,2020-12-17,1,RESIDUAL_REVERTED,26.71622657775879,27.203710556030273,0.01824673768403029,173.8816375277555,10087.337745719586
AIV,-1,2020-12-16,2020-12-17,1,RESIDUAL_REVERTED,1.7304158210754395,1.6050740480422974,0.07243448164686983,720.7630277720784,10087.337745719586
AAP,-1,2020-12-10,2020-12-18,6,RESIDUAL_REVERTED,137.3687744140625,140.85751342773438,-0.0253968853442339,-266.7288339762267,10053.524726801952
PWR,1,2020-12-15,2020-12-18,3,RESIDUAL_REVERTED,68.20846557617188,68.21835327148438,0.00014496287563403598,-8.551233249705362,10000.160437522383
MCD,-1,2020-12-15,2020-12-18,3,RESIDUAL_REVERTED,186.556884765625,188.2455291748047,-0.009051632756953198,-101.1614710408637,10000.160437522383
TSN,1,2020-12-16,2020-12-21,3,RESIDUAL_REVERTED,56.527076721191406,53.745948791503906,-0.049199924903331915,-506.13544917988685,10087.337745719586
EL,-1,2020-12-17,2020-12-21,2,RESIDUAL_REVERTED,238.22454833984375,236.47439575195312,0.007346650880806438,63.934454371596935,10132.186031526327
KMX,-1,2020-12-17,2020-12-21,2,RESIDUAL_REVERTED,98.72000122070312,97.5199966430664,0.012155637791716911,112.68928627424296,10132.186031526327
ACN,-1,2020-12-18,2020-12-22,2,RESIDUAL_REVERTED,240.66690063476562,237.9034881591797,0.011482312143038187,105.55726069175407,10102.740370675872
DD,-1,2020-12-21,2020-12-22,1,RESIDUAL_REVERTED,78.82561492919922,79.49011993408203,-0.008430064332256348,-95.59579479082343,10111.408549951115
INTC,1,2020-12-21,2020-12-23,2,RESIDUAL_REVERTED,41.874454498291016,41.738853454589844,-0.0032382760641503916,-42.838569065962695,10111.408549951115
FDX,1,2020-12-21,2020-12-23,2,RESIDUAL_REVERTED,196.52960205078125,197.9620361328125,0.0072886428664376,63.550188024387765,10111.408549951115
ATO,1,2020-12-21,2020-12-23,2,RESIDUAL_REVERTED,81.57121276855469,80.21053314208984,-0.016680880181658586,-178.6942694422396,10111.408549951115
GS,-1,2020-12-22,2020-12-23,1,RESIDUAL_REVERTED,224.8009796142578,220.11001586914062,0.020867185513010367,200.18624129359358,10080.733666086884
MS,-1,2020-12-22,2020-12-23,1,RESIDUAL_REVERTED,57.24074935913086,56.1923942565918,0.01831483889146246,174.44329658274341,10080.733666086884
T,1,2020-12-18,2020-12-24,4,RESIDUAL_REVERTED,15.37633991241455,14.96484375,-0.026761645798576317,-280.33351678598405,10102.740370675872
FTNT,-1,2020-12-21,2020-12-24,3,RESIDUAL_REVERTED,28.67799949645996,29.993999481201172,-0.04588883492042939,-474.97147268736035,10111.408549951115
KMX,1,2020-12-23,2020-12-24,1,RESIDUAL_REVERTED,92.94000244140625,93.27999877929688,0.00365823465633075,26.747121941375283,10068.915136887303
ISRG,-1,2020-12-23,2020-12-24,1,RESIDUAL_REVERTED,272.336669921875,270.2366638183594,0.0077110662479571435,67.41399721639513,10068.915136887303
EW,-1,2020-12-23,2020-12-24,1,RESIDUAL_REVERTED,88.5,88.5199966430664,-0.0002259507691120266,-12.544415226830347,10068.915136887303
IFF,1,2020-12-24,2020-12-28,1,RESIDUAL_REVERTED,94.7296142578125,95.16866302490234,0.00463475725653173,36.67790162523779,10097.318292411117
PAYX,1,2020-12-24,2020-12-28,1,RESIDUAL_REVERTED,79.69882202148438,80.31187438964844,0.007692113291195124,67.53356309195186,10097.318292411117
CTAS,1,2020-12-24,2020-12-29,2,RESIDUAL_REVERTED,80.84062194824219,84.75813293457031,0.04845968390540456,478.9708780237195,10097.318292411117
CNP,-1,2020-12-24,2020-12-29,2,RESIDUAL_REVERTED,18.550840377807617,18.619966506958008,-0.0037263071506499212,-48.14299436102048,10097.318292411117
FIS,-1,2020-12-28,2020-12-29,1,RESIDUAL_REVERTED,121.85385131835938,122.90325164794922,-0.008611958655686092,-97.09292089629446,10075.982445396223
YUM,-1,2020-12-29,2020-12-31,2,RESIDUAL_REVERTED,98.43718719482422,97.63806915283203,0.008118050350327422,71.85192026280981,10145.021071113953
INTC,-1,2020-12-30,2020-12-31,1,RESIDUAL_REVERTED,44.39668273925781,44.071224212646484,0.007330694694528184,64.01799326872708,10137.98850570011
STX,1,2020-12-30,2021-01-04,2,RESIDUAL_REVERTED,51.00489044189453,52.74938201904297,0.03420243749245544,336.43255770065724,10137.98850570011
FCX,-1,2020-12-31,2021-01-04,1,RESIDUAL_REVERTED,24.67253875732422,25.313737869262695,-0.025988371859305914,-273.6753201886889,10128.316199933897
LRCX,1,2021-01-04,2021-01-05,1,RESIDUAL_REVERTED,45.1414794921875,45.264198303222656,0.002718537638014107,17.45988266061744,10167.77463182284
WDC,-1,2021-01-04,2021-01-05,1,RESIDUAL_REVERTED,41.33183288574219,39.6093635559082,0.04167415789654383,413.58578212369355,10167.77463182284
EVRG,-1,2021-01-04,2021-01-05,1,RESIDUAL_REVERTED,44.196319580078125,42.94291687011719,0.02835988882942908,278.1374876193221,10167.77463182284
ETR,-1,2020-12-30,2021-01-06,4,RESIDUAL_REVERTED,39.459598541259766,39.84756851196289,-0.009832081041003304,-110.68392336578084,10137.98850570011
IFF,1,2021-01-04,2021-01-06,2,RESIDUAL_REVERTED,94.30779266357422,94.76405334472656,0.004837995549105578,38.99927795703813,10167.77463182284
TDY,1,2021-01-05,2021-01-06,1,RESIDUAL_REVERTED,362.0,376.9800109863281,0.04138124581858604,410.77452743035786,10177.623311642623
TDG,1,2021-01-05,2021-01-06,1,RESIDUAL_REVERTED,492.7586669921875,499.43280029296875,0.013544425999689302,127.60351745271551,10177.623311642623
GILD,-1,2021-01-05,2021-01-06,1,RESIDUAL_REVERTED,48.83094787597656,48.4012565612793,0.008799569399894014,79.22469285977309,10177.623311642623
TPR,-1,2021-01-05,2021-01-06,1,RESIDUAL_REVERTED,28.344545364379883,28.808338165283203,-0.016362682658729755,-176.99685785608122,10177.623311642623
PEG,1,2021-01-05,2021-01-07,2,RESIDUAL_REVERTED,45.91917419433594,46.817604064941406,0.019565462279508727,188.85271673485,10177.623311642623
DD,-1,2021-01-06,2021-01-07,1,TRAILING_STOP,83.84867095947266,89.82588162193034,-0.07128569354840097,-742.070996914334,10257.808892177329
ARE,1,2021-01-07,2021-01-08,1,RESIDUAL_REVERTED,130.77626037597656,131.20321655273438,0.0032647834976342605,23.074493340669157,10195.736944237835
VRSN,1,2021-01-06,2021-01-11,3,RESIDUAL_REVERTED,200.05886840820312,198.4088134765625,-0.008247846970091954,-94.82034446430896,10257.808892177329
CE,-1,2021-01-06,2021-01-11,3,RESIDUAL_REVERTED,122.26569366455078,123.50049591064453,-0.010099335382511843,-114.53518003516335,10257.808892177329
KO,1,2021-01-07,2021-01-11,2,RESIDUAL_REVERTED,42.27371597290039,42.721012115478516,0.010580951598029964,97.63092186943196,10195.736944237835
CL,1,2021-01-07,2021-01-11,2,RESIDUAL_REVERTED,71.51241302490234,71.89653015136719,0.005371334992305243,44.5415993173758,10195.736944237835
COR,-1,2021-01-07,2021-01-11,2,RESIDUAL_REVERTED,95.99144744873047,98.351806640625,-0.024589265550508665,-261.4447698282394,10195.736944237835
CME,-1,2021-01-07,2021-01-11,2,RESIDUAL_REVERTED,157.80545043945312,158.82952880859375,-0.006489499356890471,-76.80275348642616,10195.736944237835
CNC,-1,2021-01-07,2021-01-11,2,RESIDUAL_REVERTED,67.73999786376953,66.8499984741211,0.013138462027092124,123.41554495574624,10195.736944237835
ETR,1,2021-01-08,2021-01-11,1,RESIDUAL_REVERTED,38.748985290527344,38.802066802978516,0.0013698813543938648,3.7160703450090145,10065.29372157387
XYL,-1,2021-01-08,2021-01-11,1,RESIDUAL_REVERTED,98.78216552734375,99.41664123535156,-0.006422978324282402,-74.94933830088512,10065.29372157387
AVY,1,2021-01-11,2021-01-12,1,RESIDUAL_REVERTED,140.5283966064453,146.00840759277344,0.03899575543920197,385.1175526342104,10141.008550163662
UHS,1,2021-01-12,2021-01-13,1,RESIDUAL_REVERTED,131.17733764648438,133.07005310058594,0.014428677148505153,137.09272685178,10214.44001993153
TSLA,1,2021-01-12,2021-01-13,1,RESIDUAL_REVERTED,277.0,284.2533264160156,0.026185293920633956,257.1199400795841,10214.44001993153
LLY,-1,2021-01-12,2021-01-13,1,RESIDUAL_REVERTED,172.62985229492188,169.8343505859375,0.01619361698930566,155.07875021649127,10214.44001993153
BIIB,-1,2021-01-12,2021-01-13,1,RESIDUAL_REVERTED,268.7799987792969,269.6099853515625,-0.003087977438928302,-41.97379070764341,10214.44001993153
GM,-1,2021-01-12,2021-01-13,1,TRAILING_STOP,44.378028869628906,48.67206573486328,-0.09676042344848468,-999.2714793088461,10214.44001993153
META,1,2021-01-12,2021-01-14,2,RESIDUAL_REVERTED,254.19541931152344,250.9960174560547,-0.012586386741878286,-138.7130510162874,10214.44001993153
BMY,-1,2021-01-12,2021-01-14,2,RESIDUAL_REVERTED,52.456722259521484,52.09555435180664,0.006885064337951219,59.74420177386883,10214.44001993153
SO,1,2021-01-13,2021-01-14,1,RESIDUAL_REVERTED,47.54749298095703,48.129112243652344,0.012232385478835983,114.43883183077998,10193.843467883838
COO,-1,2021-01-14,2021-01-15,1,RESIDUAL_REVERTED,95.33602142333984,93.82427215576172,0.015857062682165024,150.33357754797314,10126.554345542487
ROP,1,2021-01-14,2021-01-19,2,RESIDUAL_REVERTED,400.0351867675781,401.9385986328125,0.004758111106711871,38.032624723352555,10126.554345542487
INTC,-1,2021-01-14,2021-01-19,2,RESIDUAL_REVERTED,52.840274810791016,52.37922286987305,0.00872538877908735,77.8741415781466,10126.554345542487
MSCI,1,2021-01-15,2021-01-19,1,RESIDUAL_REVERTED,384.1899719238281,390.79486083984375,0.017191726486096792,163.5130383132303,10103.918835229497
AMAT,-1,2021-01-15,2021-01-19,1,RESIDUAL_REVERTED,100.34834289550781,100.29106903076172,0.0005707504787172413,-4.530842612985541,10103.918835229497
BKNG,1,2021-01-12,2021-01-20,5,RESIDUAL_REVERTED,87.42176055908203,85.17971801757812,-0.025646275334259228,-272.04579998580414,10214.44001993153
NOC,-1,2021-01-12,2021-01-20,5,RESIDUAL_REVERTED,268.2696228027344,272.9461364746094,-0.017432140184256983,-189.39319020206594,10214.440019931528
DD,1,2021-01-14,2021-01-20,3,RESIDUAL_REVERTED,92.48695373535156,95.62915802001953,0.0339745678472585,333.74673067220635,10126.554345542487
DUK,-1,2021-01-14,2021-01-20,3,RESIDUAL_REVERTED,73.34555053710938,72.33619689941406,0.013761620579623712,128.69931516954674,10126.554345542487
BLK,1,2021-01-15,2021-01-20,2,RESIDUAL_REVERTED,647.6678466796875,644.639892578125,-0.004675165082048682,-57.31778862128273,10103.918835229497
NI,-1,2021-01-19,2021-01-20,1,RESIDUAL_REVERTED,19.04638671875,18.442392349243164,0.03171175606301435,310.9625305540159,10126.350302623403
LYV,-1,2021-01-20,2021-01-21,1,RESIDUAL_REVERTED,76.52999877929688,73.75,0.03632560856709344,360.9611934101271,10218.392305991027
XRX,1,2021-01-20,2021-01-22,2,RESIDUAL_REVERTED,15.155801773071289,14.746575355529785,-0.027001304429080997,-285.99035877511915,10218.392305991025
FMC,1,2021-01-20,2021-01-22,2,RESIDUAL_REVERTED,98.61974334716797,96.43944549560547,-0.022108127415088386,-236.01495662465985,10218.392305991025
KMX,-1,2021-01-20,2021-01-22,2,RESIDUAL_REVERTED,117.05999755859375,119.77999877929688,-0.02323595829003544,-248.19225712183405,10218.392305991025
USB,1,2021-01-21,2021-01-22,1,RESIDUAL_REVERTED,36.191200256347656,35.929813385009766,-0.007222387472270886,-83.9025584260203,10208.643669392952
NFLX,-1,2021-01-21,2021-01-22,1,RESIDUAL_REVERTED,58.244998931884766,58.209999084472656,0.0006009073406120224,-4.272772335796673,10208.643669392952
F,-1,2021-01-21,2021-01-25,2,RESIDUAL_REVERTED,8.272025108337402,8.426029205322266,-0.018617460049733303,-200.77659266559323,10208.643669392952
CLX,-1,2021-01-25,2021-01-25,0,STOP_LOSS,167.8553924560547,174.56960815429687,-0.040000000000000036,-414.95666458817766,10115.959643787855
FAST,1,2021-01-21,2021-01-26,3,RESIDUAL_REVERTED,21.27492332458496,21.113616943359375,-0.0075819958908703855,-87.57183707491406,10208.643669392952
GOOG,-1,2021-01-21,2021-01-26,3,RESIDUAL_REVERTED,94.00958251953125,93.55587005615234,0.004826236339094958,38.47790620458708,10208.643669392952
PCAR,-1,2021-01-22,2021-01-26,2,RESIDUAL_REVERTED,53.81611633300781,52.619598388671875,0.0222334502350936,216.34016932191435,10202.441551365033
IBM,1,2021-01-25,2021-01-26,1,RESIDUAL_REVERTED,90.46653747558594,90.7864761352539,0.003536541450525954,25.641663193019554,10115.959643787855
CSX,1,2021-01-25,2021-01-26,1,RESIDUAL_REVERTED,27.09420394897461,27.165237426757812,0.0026217222663924566,16.392016381935488,10115.959643787855
ISRG,1,2021-01-25,2021-01-26,1,RESIDUAL_REVERTED,249.1366729736328,251.4933319091797,0.009459301625161842,85.52610889801595,10115.959643787855
BNY,1,2021-01-21,2021-01-27,4,RESIDUAL_REVERTED,36.333229064941406,34.82112503051758,-0.0416176616650592,-434.85609202219166,10208.643669392952
LDOS,-1,2021-01-25,2021-01-27,2,RESIDUAL_REVERTED,103.78533172607422,102.20734405517578,0.01520434193016118,143.36448220206177,10115.959643787855
CLX,-1,2021-01-26,2021-01-27,1,TRAILING_STOP,174.25868225097656,182.31870307917677,-0.046253195101015,-476.5944985709467,10076.756182667079
IRM,-1,2021-01-26,2021-01-27,1,TRAILING_STOP,25.469505310058594,27.621146187960253,-0.0844790996805076,-861.9853930282335,10076.756182667079
KR,-1,2021-01-27,2021-01-27,0,STOP_LOSS,32.75774383544922,35.373477717200174,-0.0798508558736668,-814.775698265296,10072.540840313808
ROK,1,2021-01-27,2021-01-28,1,RESIDUAL_REVERTED,223.54074096679688,222.74989318847656,-0.003537823910308102,-45.68959922481914,10072.540840313808
AXP,1,2021-01-27,2021-01-28,1,RESIDUAL_REVERTED,107.48263549804688,109.8875503540039,0.022374915211310853,215.18702030054138,10072.540840313808
AES,1,2021-01-27,2021-01-29,2,RESIDUAL_REVERTED,19.226024627685547,19.61985969543457,0.020484477440120274,196.15502939998154,10072.540840313808
LUMN,-1,2021-01-27,2021-01-29,2,RESIDUAL_REVERTED,12.872818946838379,10.490568161010742,0.18506053690848556,1854.522536042907,10072.540840313808
TEL,1,2021-01-27,2021-02-01,3,RESIDUAL_REVERTED,112.12512969970703,111.84137725830078,-0.00253067659467765,-35.550139022154454,10072.540840313808
BEN,1,2021-02-03,2021-02-04,1,RESIDUAL_REVERTED,19.68752098083496,19.79485321044922,0.00545178997999507,45.06536558607065,10129.178794694695
WBD,1,2021-02-03,2021-02-04,1,RESIDUAL_REVERTED,40.540000915527344,40.720001220703125,0.004440066628287553,34.82256282921837,10129.178794694693
WAT,-1,2021-02-03,2021-02-04,1,RESIDUAL_REVERTED,289.6600036621094,281.04998779296875,0.02972455900119464,290.9115821104217,10129.178794694693
SYK,-1,2021-02-03,2021-02-04,1,RESIDUAL_REVERTED,220.742431640625,220.9974822998047,-0.0011554219878981975,-22.03971441294562,10129.178794694693
VRTX,1,2021-02-03,2021-02-05,2,RESIDUAL_REVERTED,218.4199981689453,214.5,-0.017947066211003393,-191.82732676492665,10129.178794694693
SNA,1,2021-02-03,2021-02-05,2,RESIDUAL_REVERTED,154.0604705810547,163.8573760986328,0.06359129944643227,633.676399264248,10129.178794694693
LVS,-1,2021-02-03,2021-02-05,2,RESIDUAL_REVERTED,49.049285888671875,51.79875183105469,-0.05605516762513796,-578.6163393604575,10129.178794694693
EXPE,-1,2021-02-03,2021-02-08,3,RESIDUAL_REVERTED,136.09329223632812,140.15696716308594,-0.029859479919856602,-313.34677690808917,10129.178794694693
RTX,-1,2021-02-03,2021-02-08,3,RESIDUAL_REVERTED,61.53170394897461,63.75444030761719,-0.03612343257202477,-376.83394243177696,10129.178794694693
IP,1,2021-02-05,2021-02-08,1,RESIDUAL_REVERTED,34.58184814453125,34.88358688354492,0.008725350298011358,77.95676524019997,10096.734905954792
ALGN,-1,2021-02-05,2021-02-08,1,RESIDUAL_REVERTED,622.0900268554688,622.1900024414062,-0.00016070919259525418,-11.919988246434633,10096.734905954792
CBOE,1,2021-02-08,2021-02-09,1,RESIDUAL_REVERTED,84.61611938476562,86.04032897949219,0.016831421779701428,158.9192944299031,10043.558963372048
UNM,1,2021-02-08,2021-02-09,1,RESIDUAL_REVERTED,19.698936462402344,20.01898193359375,0.016246840117599692,153.05094967787437,10043.558963372048
AON,-1,2021-02-08,2021-02-09,1,RESIDUAL_REVERTED,215.09364318847656,216.44837951660156,-0.006298355953448187,-73.5339498273603,10043.558963372048
DVA,1,2021-02-03,2021-02-10,5,RESIDUAL_REVERTED,111.27999877929688,111.9000015258789,0.005571556015306012,46.27789060547424,10129.178794694693
APD,1,2021-02-05,2021-02-10,3,RESIDUAL_REVERTED,223.37060546875,222.55043029785156,-0.003671813348839148,-47.15152425032602,10096.734905954792
HPQ,-1,2021-02-09,2021-02-10,1,RESIDUAL_REVERTED,22.20103645324707,22.103551864624023,0.004390992683082073,33.89797571689923,10048.247585181643
OXY,-1,2021-02-09,2021-02-10,1,RESIDUAL_REVERTED,22.86028480529785,23.07402229309082,-0.009349729874906787,-104.24339762990837,10048.247585181643
HAS,1,2021-02-09,2021-02-11,2,RESIDUAL_REVERTED,74.96852111816406,74.28295135498047,-0.009144768403567816,-101.89120016486332,10048.247585181643
IT,-1,2021-02-10,2021-02-11,1,RESIDUAL_REVERTED,183.44000244140625,180.8300018310547,0.014228088615432899,132.43398036187477,10020.985545147263
MET,-1,2021-02-05,2021-02-11,4,TRAILING_STOP,43.952476501464844,46.95145414440853,-0.06823227908087803,-700.1992052584076,10096.734905954792
JKHY,1,2021-02-10,2021-02-12,2,RESIDUAL_REVERTED,138.8617401123047,139.67935180664062,0.005887955124821875,48.952626094571045,10020.985545147263
FMC,1,2021-02-11,2021-02-12,1,RESIDUAL_REVERTED,92.1549301147461,93.00001525878906,0.00917026515011976,81.68726583418228,10003.73093957525
GRMN,-1,2021-02-09,2021-02-12,3,TRAILING_STOP,110.52249145507812,115.67227577728794,-0.046594898960479414,-479.09298521848575,10048.247585181643
TYL,-1,2021-02-11,2021-02-12,1,TRAILING_STOP,451.45001220703125,474.28024338709537,-0.050570895033212215,-516.3592128607891,10003.73093957525
TTWO,1,2021-02-10,2021-02-16,3,RESIDUAL_REVERTED,202.50999450683594,200.72999572753906,-0.008789683608612209,-98.0582372872734,10020.985545147263
UAA,-1,2021-02-11,2021-02-16,2,RESIDUAL_REVERTED,22.829999923706055,22.3700008392334,0.02014888681602689,191.26672830007047,10003.73093957525
AZO,1,2021-02-12,2021-02-17,2,RESIDUAL_REVERTED,1151.1199951171875,1165.3699951171875,0.012379248089204875,112.51612396685533,9893.215999155549
ILMN,-1,2021-02-16,2021-02-17,1,RESIDUAL_REVERTED,494.5330810546875,477.5,0.03444275359367499,329.84722167758906,9863.630650589777
AKAM,1,2021-02-11,2021-02-18,4,RESIDUAL_REVERTED,105.91000366210938,101.22000122070312,-0.04428290321251449,-452.7764827763426,10003.73093957525
ZBRA,-1,2021-02-12,2021-02-18,3,RESIDUAL_REVERTED,470.4599914550781,471.8599853515625,-0.002975797989015705,-39.950361056765196,9893.215999155549
KLAC,-1,2021-02-12,2021-02-18,3,RESIDUAL_REVERTED,30.353628158569336,30.869163513183594,-0.01698430750752644,-178.61671969328364,9893.215999155549
NWL,1,2021-02-16,2021-02-18,2,RESIDUAL_REVERTED,18.60260581970215,18.395572662353516,-0.011129255726601617,-119.58361111979777,9863.630650589777
MHK,-1,2021-02-16,2021-02-18,2,RESIDUAL_REVERTED,172.0,171.22000122070312,0.0045348766238190175,34.50272064515289,9863.630650589777
CBOE,-1,2021-02-17,2021-02-18,1,RESIDUAL_REVERTED,89.77311706542969,88.83293914794922,0.010472822468615361,93.00653532486723,9833.320553737783
DVA,1,2021-02-16,2021-02-18,2,TRAILING_STOP,105.43000030517578,100.53112920087865,-0.04646562733678217,-467.9542567555577,9863.630650589777
HSIC,1,2021-02-18,2021-02-19,1,RESIDUAL_REVERTED,64.16999816894531,64.86000061035156,0.0107527265247791,96.658788331863,9916.416947190271
ALLE,1,2021-02-17,2021-02-22,3,RESIDUAL_REVERTED,100.86002349853516,100.42469024658203,-0.004316212081384774,-52.254796179422485,9833.320553737783
VZ,-1,2021-02-18,2021-02-22,2,RESIDUAL_REVERTED,40.610382080078125,40.31795883178711,0.00720070172485443,61.13249261701902,9916.416947190271
WAB,1,2021-02-19,2021-02-22,1,RESIDUAL_REVERTED,70.38331604003906,71.072021484375,0.009785066732919345,86.84081422745902,9890.557095311488
WMT,1,2021-02-19,2021-02-22,1,RESIDUAL_REVERTED,42.644134521484375,42.62556076049805,-0.00043555253717175724,-14.196260403598517,9890.557095311488
MOS,1,2021-02-19,2021-02-22,1,RESIDUAL_REVERTED,25.10528564453125,25.526044845581055,0.016759785449462106,155.79017599031764,9890.557095311488
FE,-1,2021-02-19,2021-02-22,1,RESIDUAL_REVERTED,27.17316436767578,27.372968673706055,-0.007353001046427776,-82.84861076459055,9890.557095311488
LKQ,-1,2021-02-19,2021-02-22,1,RESIDUAL_REVERTED,34.245643615722656,33.36845016479492,0.025614745652641324,243.38716335207195,9890.557095311488
RSG,-1,2021-02-19,2021-02-22,1,RESIDUAL_REVERTED,85.46709442138672,84.05133819580078,0.01656492753346328,153.83398364048986,9890.557095311488
ADP,-1,2021-02-19,2021-02-22,1,RESIDUAL_REVERTED,152.37667846679688,148.71774291992188,0.02401243801670272,227.53235862938203,9890.557095311486
ZTS,1,2021-02-22,2021-02-23,1,RESIDUAL_REVERTED,149.8990936279297,151.19068908691406,0.008616432746353375,76.06820505079067,9993.03213592975
NRG,1,2021-02-23,2021-02-24,1,RESIDUAL_REVERTED,31.94733428955078,33.12002182006836,0.036706897667550864,356.3871232253998,9986.037005076007
PFG,-1,2021-02-23,2021-02-24,1,RESIDUAL_REVERTED,48.31690216064453,48.194705963134766,0.002529056956165898,15.085815947051524,9986.037005076007
ORCL,-1,2021-02-23,2021-02-24,1,RESIDUAL_REVERTED,59.741153717041016,59.80607604980469,-0.0010867271340484486,-21.0419421466939,9986.037005076007
VNO,-1,2021-02-23,2021-02-24,1,TRAILING_STOP,34.50949478149414,37.73759609936105,-0.09354241023539966,-944.7781420497364,9986.037005076007
BXP,-1,2021-02-23,2021-02-24,1,TRAILING_STOP,73.44781494140625,78.1232226408571,-0.06365618505030679,-646.1834851896922,9986.037005076008
SLG,-1,2021-02-23,2021-02-25,2,TRAILING_STOP,46.890411376953125,50.90369517343983,-0.08558858151667348,-865.5173435913562,9986.037005076007
VTRS,1,2021-02-23,2021-02-26,3,RESIDUAL_REVERTED,12.569778442382812,11.92292308807373,-0.05146115798891204,-523.6221184924133,9986.037005076007
ANET,1,2021-02-23,2021-02-26,3,RESIDUAL_REVERTED,17.431249618530273,17.629375457763672,0.011366129426704008,103.45980075994291,9986.037005076007
BIO,1,2021-02-23,2021-02-26,3,RESIDUAL_REVERTED,599.1699829101562,588.5999755859375,-0.01764108287414612,-186.06246114271585,9986.037005076007
LDOS,1,2021-02-24,2021-02-26,2,RESIDUAL_REVERTED,85.70344543457031,82.65882873535156,-0.03552502100447219,-361.5611398892908,9903.815153608723
VRSK,1,2021-02-25,2021-02-26,1,RESIDUAL_REVERTED,161.67996215820312,158.27838134765625,-0.02103897579601388,-215.15433846022745,9767.109208690164
BA,-1,2021-02-25,2021-02-26,1,RESIDUAL_REVERTED,227.8000030517578,218.50999450683594,0.04078142414603536,388.5645361429445,9767.109208690164
IR,-1,2021-02-25,2021-02-26,1,RESIDUAL_REVERTED,47.731101989746094,46.100616455078125,0.0341598133438914,323.8552483040973,9767.109208690164
PRU,-1,2021-02-25,2021-02-26,1,RESIDUAL_REVERTED,69.25505828857422,67.03907775878906,0.03199738162881238,302.7224515845559,9767.109208690164
RTX,-1,2021-02-25,2021-02-26,1,RESIDUAL_REVERTED,68.03389739990234,65.61107635498047,0.0356119689965807,338.04744559020565,9767.109208690164
RSG,-1,2021-02-26,2021-03-01,1,RESIDUAL_REVERTED,84.34007263183594,83.61355590820312,0.008614134431733644,74.45913410844229,9798.646740469561
UHS,1,2021-03-01,2021-03-02,1,RESIDUAL_REVERTED,122.23807525634766,123.64545440673828,0.011513426953420058,103.06514639962361,9808.563082598135
RJF,1,2021-03-01,2021-03-02,1,RESIDUAL_REVERTED,73.51007843017578,74.4782943725586,0.013171199964131297,119.3173873662361,9808.563082598135
SBUX,-1,2021-03-01,2021-03-02,1,RESIDUAL_REVERTED,95.7097396850586,94.57286834716797,0.011878324417468944,106.56747177721726,9808.563082598135
MNST,-1,2021-03-01,2021-03-02,1,RESIDUAL_REVERTED,22.032499313354492,21.889999389648438,0.006467714882427367,53.468812270407845,9808.563082598135
KMI,1,2021-03-01,2021-03-03,2,RESIDUAL_REVERTED,10.994674682617188,11.172248840332031,0.01615092422839881,148.52958737434489,9808.563082598135
ETSY,-1,2021-03-01,2021-03-03,2,RESIDUAL_REVERTED,224.57000732421875,235.1999969482422,-0.04733485896305201,-474.74623741935534,9808.563082598135
XRAY,-1,2021-03-02,2021-03-03,1,RESIDUAL_REVERTED,53.65793991088867,53.0130615234375,0.012018321771617435,107.14023493499808,9735.860055542817
EOG,1,2021-03-01,2021-03-04,3,RESIDUAL_REVERTED,50.492835998535156,52.02782440185547,0.030400122571147437,288.2238661152376,9808.563082598135
TEL,-1,2021-03-01,2021-03-04,3,RESIDUAL_REVERTED,120.86508178710938,119.40434265136719,0.012085700138896316,108.20196343607938,9808.563082598135
TGT,1,2021-03-03,2021-03-04,1,RESIDUAL_REVERTED,148.76255798339844,146.5269012451172,-0.015028356386092456,-155.93679167192184,9733.370421377367
CRM,1,2021-03-01,2021-03-05,4,RESIDUAL_REVERTED,215.7806854248047,206.07595825195312,-0.04497495757669867,-450.7277017565583,9808.563082598135
WM,-1,2021-03-03,2021-03-05,2,TRAILING_STOP,104.34342193603516,107.57749145507813,-0.030994474390781734,-311.95255793997666,9733.370421377367
WY,1,2021-03-03,2021-03-08,3,RESIDUAL_REVERTED,27.03219985961914,27.16195297241211,0.00479994648851334,36.96292692552444,9733.370421377367
MKTX,1,2021-03-04,2021-03-08,2,RESIDUAL_REVERTED,471.97869873046875,471.70782470703125,-0.0005739115433940345,-15.311248394752283,9729.924478294404
REG,-1,2021-03-04,2021-03-08,2,RESIDUAL_REVERTED,44.647621154785156,46.28474426269531,-0.0366676446710239,-367.0733308763041,9729.924478294404
TYL,1,2021-03-05,2021-03-08,1,RESIDUAL_REVERTED,431.0299987792969,398.5400085449219,-0.07537756148386099,-738.1935629761642,9669.82962949063
HPQ,1,2021-03-05,2021-03-08,1,RESIDUAL_REVERTED,22.988990783691406,24.05314826965332,0.04628987396509965,437.7215575862109,9669.82962949063
EIX,-1,2021-03-05,2021-03-08,1,RESIDUAL_REVERTED,44.2791862487793,44.69596481323242,-0.009412516348233924,-100.92573312918502,9669.82962949063
DLTR,-1,2021-03-04,2021-03-08,2,TRAILING_STOP,101.80000305175781,106.24405331496106,-0.043654716404515126,-435.08984763189204,9729.924478294404
NCLH,1,2021-03-08,2021-03-09,1,RESIDUAL_REVERTED,29.510000228881836,29.559999465942383,0.0016943150346577784,6.662607527674641,9607.665686187122
NOV,-1,2021-03-08,2021-03-09,1,RESIDUAL_REVERTED,15.656000137329102,15.284531593322754,0.023726912413640222,218.27868631188153,9607.665686187122
FOXA,-1,2021-03-03,2021-03-10,5,RESIDUAL_REVERTED,35.426971435546875,37.898136138916016,-0.06975376678373402,-690.0373209954188,9733.370421377367
AVGO,1,2021-03-09,2021-03-10,1,RESIDUAL_REVERTED,38.980159759521484,40.02335739135742,0.026762271839614993,245.80200170205467,9546.120045737716
ADBE,1,2021-03-09,2021-03-10,1,RESIDUAL_REVERTED,437.8399963378906,445.7300109863281,0.018020314988191677,162.39195804847745,9546.120045737716
ADSK,1,2021-03-09,2021-03-10,1,RESIDUAL_REVERTED,262.239990234375,269.760009765625,0.028676097511020515,264.06247650310274,9546.120045737716
DIS,-1,2021-03-09,2021-03-10,1,RESIDUAL_REVERTED,194.0968475341797,191.30450439453125,0.014386339474971255,127.67223738363437,9546.120045737716
EL,1,2021-03-09,2021-03-11,2,RESIDUAL_REVERTED,262.7486572265625,267.104248046875,0.016577024089439174,148.62101878215432,9546.120045737716
ROST,-1,2021-03-09,2021-03-11,2,RESIDUAL_REVERTED,114.79956817626953,114.62096405029297,0.001555790921637601,4.930675644060719,9546.120045737716
MO,-1,2021-03-09,2021-03-11,2,RESIDUAL_REVERTED,30.280176162719727,30.984376907348633,-0.023256164060759366,-232.05071932568154,9546.120045737716
EMR,1,2021-03-10,2021-03-11,1,RESIDUAL_REVERTED,81.00395965576172,82.51915740966797,0.01870523071150232,169.94107419991994,9603.42703970853
TSLA,-1,2021-03-10,2021-03-11,1,RESIDUAL_REVERTED,233.43333435058594,233.13333129882812,0.0012851765691151984,2.5630714043092597,9603.42703970853
JBHT,1,2021-03-11,2021-03-12,1,RESIDUAL_REVERTED,149.1405792236328,152.4427490234375,0.02214132342112718,205.2881542569326,9715.366711145809
LH,1,2021-03-11,2021-03-12,1,RESIDUAL_REVERTED,190.38291931152344,192.9246368408203,0.013350554443058327,119.92531273417715,9715.366711145809
BEN,-1,2021-03-11,2021-03-12,1,RESIDUAL_REVERTED,21.87247085571289,22.179128646850586,-0.014020262875677814,-146.18998986344226,9715.366711145809
CTVA,-1,2021-03-11,2021-03-12,1,RESIDUAL_REVERTED,44.53618240356445,44.300540924072266,0.0052910120889330114,41.52328392948565,9715.366711145809
GE,1,2021-03-11,2021-03-15,2,RESIDUAL_REVERTED,61.70661163330078,61.94975280761719,0.003940277514528079,28.546733665677095,9715.366711145809
ACN,-1,2021-03-12,2021-03-15,1,RESIDUAL_REVERTED,242.48680114746094,241.3062286376953,0.004868605236157508,37.29859189478637,9684.925972824352
TRMB,-1,2021-03-12,2021-03-15,1,RESIDUAL_REVERTED,73.05000305175781,74.6500015258789,-0.021902784493895933,-222.11215409284202,9684.925972824352
NVR,1,2021-03-12,2021-03-16,2,RESIDUAL_REVERTED,4564.43994140625,4645.740234375,0.01781166890405017,162.73351646796428,9684.925972824352
ULTA,1,2021-03-15,2021-03-16,1,RESIDUAL_REVERTED,318.3800048828125,320.17999267578125,0.00565358303085417,45.023998727315195,9681.005928987674
DHI,1,2021-03-15,2021-03-16,1,RESIDUAL_REVERTED,76.72047424316406,79.78362274169922,0.03992608920568674,376.6504380393951,9681.005928987674
BA,-1,2021-03-15,2021-03-16,1,RESIDUAL_REVERTED,274.1499938964844,263.2300109863281,0.03983214719413597,375.94094093566866,9681.005928987674
LLY,1,2021-03-16,2021-03-17,1,RESIDUAL_REVERTED,181.64889526367188,179.9323272705078,-0.009449922558969481,-101.90103426780524,9755.778511106468
AMT,-1,2021-03-12,2021-03-18,4,RESIDUAL_REVERTED,181.14280700683594,186.9861602783203,-0.032258268313485106,-323.05037174929936,9684.925972824352
NOV,1,2021-03-17,2021-03-18,1,RESIDUAL_REVERTED,13.590276718139648,14.161069869995117,0.04200011255794389,398.1756732880881,9716.55189633283
VFC,1,2021-03-17,2021-03-18,1,RESIDUAL_REVERTED,63.433128356933594,65.46399688720703,0.03201589741634514,301.2120347928758,9716.55189633283
RMD,-1,2021-03-17,2021-03-18,1,RESIDUAL_REVERTED,182.12847900390625,180.93817138671875,0.00653553811955998,53.62509444547212,9716.55189633283
ORCL,1,2021-03-12,2021-03-19,5,RESIDUAL_REVERTED,62.096683502197266,61.93901824951172,-0.0025390285566534443,-34.262934435092546,9684.925972824352
NEM,-1,2021-03-16,2021-03-19,3,RESIDUAL_REVERTED,52.58122253417969,53.360904693603516,-0.014828148183831269,-155.0782120802263,9755.778511106468
NRG,1,2021-03-18,2021-03-19,1,RESIDUAL_REVERTED,31.257511138916016,31.73175621032715,0.015172195550166245,137.90124591622035,9735.619353270702
MAA,-1,2021-03-15,2021-03-22,5,RESIDUAL_REVERTED,115.9222183227539,115.4967041015625,0.003670687356988611,24.89261440142312,9681.005928987674
MCD,-1,2021-03-16,2021-03-22,4,RESIDUAL_REVERTED,193.30364990234375,196.65771484375,-0.017351275793813015,-179.89957578051664,9755.778511106468
MPC,1,2021-03-19,2021-03-22,1,RESIDUAL_REVERTED,46.552467346191406,46.938499450683594,0.008292409113816124,71.11473992295473,9757.433397827626
HIG,-1,2021-03-19,2021-03-22,1,RESIDUAL_REVERTED,60.81878662109375,60.64861297607422,0.0027980440662147554,17.364973490714743,9757.433397827626
PPL,-1,2021-03-19,2021-03-22,1,RESIDUAL_REVERTED,24.239219665527344,24.092071533203125,0.0060706629320039784,49.31306477732699,9757.433397827626
V,1,2021-03-22,2021-03-23,1,RESIDUAL_REVERTED,198.31271362304688,200.71304321289062,0.012103760500228544,108.90426287663931,9813.22060308806
FDX,-1,2021-03-22,2021-03-23,1,RESIDUAL_REVERTED,202.7858428955078,196.85997009277344,0.0292223200501619,276.90440048460056,9813.22060308806
DRI,1,2021-03-17,2021-03-24,5,RESIDUAL_REVERTED,117.59825134277344,115.254638671875,-0.019928975508890168,-203.26065620682328,9716.55189633283
TRV,1,2021-03-22,2021-03-24,2,RESIDUAL_REVERTED,134.12515258789062,132.81219482421875,-0.009789049543198147,-105.8272922137191,9813.22060308806
VLO,1,2021-03-19,2021-03-25,4,RESIDUAL_REVERTED,61.71760940551758,58.406986236572266,-0.05364146798351754,-532.8987830830976,9757.433397827626
NTRS,1,2021-03-23,2021-03-25,2,RESIDUAL_REVERTED,84.41357421875,84.81398010253906,0.00474338265492058,36.59754435031735,9782.795267503694
PEP,-1,2021-03-23,2021-03-25,2,RESIDUAL_REVERTED,116.0785140991211,116.69056701660156,-0.0052727494164668265,-61.78094132173424,9782.795267503694
PLD,-1,2021-03-23,2021-03-25,2,RESIDUAL_REVERTED,88.47679901123047,88.50245666503906,-0.0002899930161954778,-13.013074756107317,9782.795267503694
RL,1,2021-03-24,2021-03-25,1,RESIDUAL_REVERTED,103.11373138427734,100.78286743164062,-0.022604787173787888,-229.22955014439995,9715.79875884903
BALL,-1,2021-03-23,2021-03-26,3,RESIDUAL_REVERTED,78.30601501464844,78.50171661376953,-0.002499189865356799,-34.83249014494671,9782.795267503694
CL,-1,2021-03-24,2021-03-26,2,RESIDUAL_REVERTED,67.51306915283203,68.2944107055664,-0.011573189643706128,-122.60501188191195,9715.79875884903
GIS,1,2021-03-25,2021-03-26,1,RESIDUAL_REVERTED,47.309295654296875,48.20725631713867,0.01898063901444358,175.16062716155486,9746.768564154627
WBD,1,2021-03-25,2021-03-26,1,TRAILING_STOP,58.189998626708984,52.90400142669677,-0.09084030460151893,-894.703494099846,9746.768564154627
NKE,1,2021-03-26,2021-03-29,1,RESIDUAL_REVERTED,119.6383056640625,120.85649108886719,0.010182235681482243,89.18990656473424,9718.699094933327
MSCI,1,2021-03-26,2021-03-29,1,RESIDUAL_REVERTED,388.24273681640625,398.45465087890625,0.026302910767211696,245.78356093494563,9718.699094933327
CE,-1,2021-03-26,2021-03-29,1,RESIDUAL_REVERTED,141.02902221679688,139.46571350097656,0.011085014213720656,97.87509556912832,9718.699094933325
CSX,-1,2021-03-23,2021-03-30,5,RESIDUAL_REVERTED,28.95374870300293,29.74055290222168,-0.027174519171576206,-276.7488214663866,9782.795267503694
NFLX,1,2021-03-26,2021-03-30,2,RESIDUAL_REVERTED,50.28200149536133,51.05099868774414,0.01529368699560929,138.8417254965067,9718.699094933327
DRI,-1,2021-03-26,2021-03-30,2,RESIDUAL_REVERTED,122.2519760131836,119.1634292602539,0.025263777761732165,235.54869213465895,9718.699094933327
NI,1,2021-03-29,2021-03-30,1,RESIDUAL_REVERTED,19.917020797729492,20.125883102416992,0.010486623818322771,91.45091664804755,9645.316585088669
NUE,-1,2021-03-29,2021-03-30,1,RESIDUAL_REVERTED,73.57283782958984,72.78841400146484,0.010661867222546029,93.0548016139594,9645.316585088669
ANET,-1,2021-03-29,2021-03-30,1,RESIDUAL_REVERTED,19.409374237060547,19.058124542236328,0.01809690979905665,164.80276997748294,9645.316585088669
WBD,1,2021-03-29,2021-03-31,2,RESIDUAL_REVERTED,43.0,44.150001525878906,0.02674422153206768,248.18218867169907,9645.316585088669
TPR,1,2021-03-30,2021-03-31,1,RESIDUAL_REVERTED,34.56652069091797,35.756649017333984,0.03443008733964681,324.05818558954803,9698.603062884997
TFC,1,2021-03-30,2021-03-31,1,RESIDUAL_REVERTED,44.78664016723633,45.35150146484375,0.012612272219978848,112.56165820874955,9698.603062884997
BR,-1,2021-03-30,2021-03-31,1,RESIDUAL_REVERTED,142.28477478027344,138.61180114746094,0.02581424216670103,240.60102932914543,9698.603062884997
MCO,1,2021-03-31,2021-04-01,1,RESIDUAL_REVERTED,284.4029541015625,290.1798400878906,0.020312327642930006,189.7137043443773,9828.619777298703
GM,-1,2021-03-31,2021-04-01,1,RESIDUAL_REVERTED,55.86072540283203,55.51567077636719,0.00617705237403432,50.721366829561845,9828.619777298703
ZION,-1,2021-03-31,2021-04-01,1,RESIDUAL_REVERTED,45.88772964477539,45.31454849243164,0.012490945984489521,112.80749953047328,9828.619777298703
TROW,1,2021-03-31,2021-04-05,2,RESIDUAL_REVERTED,133.81088256835938,136.61642456054688,0.02096647102491267,196.13981626243046,9828.619777298703
DXC,-1,2021-03-31,2021-04-05,2,RESIDUAL_REVERTED,31.350000381469727,30.81999969482422,0.016905922813282626,156.03011838953574,9828.619777298703
L,1,2021-04-01,2021-04-05,1,RESIDUAL_REVERTED,50.089874267578125,51.65947723388672,0.031335733803679267,298.9080924443529,9858.424881648594
CPAY,1,2021-04-01,2021-04-05,1,RESIDUAL_REVERTED,273.32000732421875,282.07000732421875,0.03201375591074296,305.5889803399312,9858.424881648594
PVH,-1,2021-04-01,2021-04-05,1,RESIDUAL_REVERTED,104.03364562988281,101.46748352050781,0.024666655617400446,233.24941894624206,9858.424881648594
KR,1,2021-04-01,2021-04-06,2,RESIDUAL_REVERTED,31.947959899902344,32.55209732055664,0.01891004691839937,176.4716405333159,9858.424881648594
KMX,1,2021-04-05,2021-04-06,1,RESIDUAL_REVERTED,125.56999969482422,127.27999877929688,0.013617895107338684,125.71159045477165,9968.339670507457
FANG,-1,2021-04-05,2021-04-06,1,RESIDUAL_REVERTED,64.7601547241211,61.237953186035156,0.054388405232979276,532.2805007712032,9968.339670507457
ARE,-1,2021-04-05,2021-04-06,1,RESIDUAL_REVERTED,135.64320373535156,135.969482421875,-0.0024054186095459062,-34.15642144555395,9968.339670507457
PWR,-1,2021-03-31,2021-04-06,3,TRAILING_STOP,87.36861419677734,93.20478892984774,-0.0667994426456826,-667.2984301297466,9828.619777298703
COP,1,2021-04-06,2021-04-07,1,RESIDUAL_REVERTED,43.39729690551758,43.537479400634766,0.003230212596475379,22.40829253329085,10054.885474859395
MPC,1,2021-04-06,2021-04-08,2,RESIDUAL_REVERTED,47.70180130004883,46.675289154052734,-0.021519358137845446,-226.32137970259495,10054.885474859395
WAT,-1,2021-04-06,2021-04-08,2,RESIDUAL_REVERTED,294.9800109863281,297.510009765625,-0.008576848210281485,-96.74206486850682,10054.885474859395
ILMN,-1,2021-04-07,2021-04-08,1,RESIDUAL_REVERTED,400.92413330078125,394.1828918457031,0.016814257100409402,157.18262325072357,9946.138698527157
STZ,-1,2021-04-07,2021-04-08,1,RESIDUAL_REVERTED,213.7826690673828,203.20347595214844,0.049485737835464505,482.2957030478654,9946.138698527157
VFC,-1,2021-04-06,2021-04-09,3,RESIDUAL_REVERTED,69.3502197265625,69.86002349853516,-0.00735114861903452,-84.60970521429705,10054.885474859395
PAYX,1,2021-04-07,2021-04-09,2,RESIDUAL_REVERTED,80.65481567382812,81.28912353515625,0.007864475989794562,68.23591970271303,9946.138698527157
ROK,1,2021-04-07,2021-04-12,3,RESIDUAL_REVERTED,238.61053466796875,241.1029510498047,0.010445542085156356,93.8947252565608,9946.138698527157
YUM,-1,2021-04-07,2021-04-12,3,RESIDUAL_REVERTED,102.6351318359375,103.75386047363281,-0.010900055543199505,-119.00998772882528,9946.138698527157
PPG,1,2021-04-08,2021-04-12,2,RESIDUAL_REVERTED,132.23622131347656,134.42471313476562,0.016549866591401452,155.29133043564852,9991.983694582332
CDW,-1,2021-04-09,2021-04-12,1,RESIDUAL_REVERTED,161.5636749267578,163.0882110595703,-0.009436131813067572,-104.59096586851823,9998.296713968415
STZ,1,2021-04-09,2021-04-13,2,RESIDUAL_REVERTED,203.36636352539062,204.11749267578125,0.003693477807094947,26.91172606431294,9998.296713968415
IPGP,-1,2021-04-09,2021-04-13,2,RESIDUAL_REVERTED,229.66000366210938,225.14999389648438,0.01963776754205937,186.0431289604148,9998.296713968415
WAT,-1,2021-04-09,2021-04-13,2,RESIDUAL_REVERTED,305.45001220703125,307.20001220703125,-0.005729251694427395,-67.70858453154088,9998.296713968415
CAG,1,2021-04-12,2021-04-13,1,RESIDUAL_REVERTED,27.672555923461914,28.555164337158203,0.0318947196687378,307.3997919937501,9955.0522578618
OXY,1,2021-04-06,2021-04-14,6,RESIDUAL_REVERTED,23.816152572631836,23.23980712890625,-0.024199771225344335,-253.2591506994,10054.885474859395
AMD,1,2021-04-13,2021-04-14,1,RESIDUAL_REVERTED,79.66999816894531,79.87999725341797,0.0026358615451118617,16.381196245526905,10021.877728939153
FTV,-1,2021-04-13,2021-04-14,1,RESIDUAL_REVERTED,53.93032455444336,53.665321350097656,0.004913806963616207,39.050257980217964,10021.877728939153
PCAR,-1,2021-04-13,2021-04-14,1,RESIDUAL_REVERTED,52.331947326660156,52.55223083496094,-0.004209350493413755,-52.4267646144238,10021.877728939153
HON,-1,2021-04-12,2021-04-15,3,RESIDUAL_REVERTED,199.60621643066406,203.6666259765625,-0.02034209965253697,-213.16433960409844,9955.0522578618
BEN,1,2021-04-14,2021-04-15,1,RESIDUAL_REVERTED,22.828401565551758,23.192108154296875,0.015932196903963414,149.5973782076578,10023.79152112901
DHR,-1,2021-04-14,2021-04-15,1,RESIDUAL_REVERTED,208.9159698486328,205.8471221923828,0.01468938759671412,137.09790058403402,10023.79152112901
WST,-1,2021-04-14,2021-04-15,1,RESIDUAL_REVERTED,301.6080017089844,297.0922546386719,0.014972238948320893,139.93476179711453,10023.79152112901
INTC,1,2021-04-13,2021-04-16,3,RESIDUAL_REVERTED,59.673118591308594,59.41846466064453,-0.004267481517232996,-52.768671616167936,10021.877728939153
WAT,1,2021-04-15,2021-04-16,1,RESIDUAL_REVERTED,298.4700012207031,299.7799987792969,0.004389042628190509,34.19174319665611,10095.446302193266
WFC,-1,2021-04-15,2021-04-16,1,RESIDUAL_REVERTED,37.03009033203125,37.531436920166016,-0.013538897249221638,-147.04596966398105,10095.446302193266
SLB,-1,2021-04-15,2021-04-16,1,RESIDUAL_REVERTED,24.16024398803711,23.87610626220703,0.011760548691924111,108.49564783840246,10095.446302193266
WTW,1,2021-04-15,2021-04-19,2,RESIDUAL_REVERTED,220.5399627685547,223.73876953125,0.014504431407981633,136.26004776671866,10095.446302193266
TFC,1,2021-04-16,2021-04-19,1,RESIDUAL_REVERTED,44.7247314453125,45.00328826904297,0.006228250337759533,52.88825034596849,10121.889304728174
UNH,-1,2021-04-16,2021-04-19,1,RESIDUAL_REVERTED,357.31634521484375,353.7605895996094,0.009951281722352823,90.45489806918069,10121.889304728174
BDX,-1,2021-04-16,2021-04-20,2,RESIDUAL_REVERTED,180.37864685058594,180.1906280517578,0.0010423561885563037,0.030848877147510168,10121.889304728174
NEM,-1,2021-04-16,2021-04-20,2,RESIDUAL_REVERTED,56.171165466308594,55.6570930480957,0.009151891614590624,82.15983388800794,10121.889304728174
STT,1,2021-04-19,2021-04-20,1,RESIDUAL_REVERTED,67.99880981445312,68.0751724243164,0.0011229992123633625,1.2390767378888459,10120.057864406115
BNY,1,2021-04-19,2021-04-20,1,RESIDUAL_REVERTED,39.831764221191406,40.15028381347656,0.007996622758569494,70.7657640296265,10120.057864406115
SHW,-1,2021-04-19,2021-04-20,1,RESIDUAL_REVERTED,253.03067016601562,253.48765563964844,-0.0018060477543413445,-28.607163115729673,10120.057864406115
JBHT,1,2021-04-20,2021-04-21,1,RESIDUAL_REVERTED,159.25645446777344,160.85520935058594,0.010038870249594822,91.57258094610702,10136.60539970718
MS,-1,2021-04-20,2021-04-21,1,RESIDUAL_REVERTED,66.85868835449219,64.68375396728516,0.03253031790984717,319.5792636846824,10136.60539970718
SYF,1,2021-04-14,2021-04-22,6,RESIDUAL_REVERTED,35.726646423339844,35.797542572021484,0.0019844053606812295,9.857528474936618,10023.79152112901
ZION,1,2021-04-21,2021-04-22,1,RESIDUAL_REVERTED,43.26272964477539,44.60015106201172,0.03091393974022716,303.37910787026533,10146.97334979991
UAL,1,2021-04-21,2021-04-22,1,RESIDUAL_REVERTED,49.880001068115234,52.34000015258789,0.04931834466309093,490.03473963835506,10146.97334979991
JNJ,-1,2021-04-21,2021-04-22,1,RESIDUAL_REVERTED,142.9416961669922,142.48631286621094,0.0031857975173965603,21.993797185085963,10146.97334979991
PPG,-1,2021-04-19,2021-04-23,4,RESIDUAL_REVERTED,149.65455627441406,153.1918182373047,-0.023636179552091408,-250.25762243368482,10120.057864406115
DOV,-1,2021-04-21,2021-04-23,2,RESIDUAL_REVERTED,135.71902465820312,137.7001953125,-0.014597589831538249,-158.75325341913097,10146.973349799908
IBM,-1,2021-04-21,2021-04-23,2,RESIDUAL_REVERTED,106.57384490966797,109.08261108398438,-0.023540167631587616,-249.54321686792883,10146.97334979991
NFLX,1,2021-04-22,2021-04-23,1,RESIDUAL_REVERTED,51.38199996948242,50.9010009765625,-0.009361235319870875,-105.16770144463935,10154.699556811895
ISRG,-1,2021-04-22,2021-04-23,1,RESIDUAL_REVERTED,294.96331787109375,283.7300109863281,0.0380837419576181,376.57188501095624,10154.699556811895
MO,1,2021-04-20,2021-04-26,4,RESIDUAL_REVERTED,30.193437576293945,31.120136260986328,0.030692056257283218,300.8211011543936,10136.60539970718
HBAN,1,2021-04-23,2021-04-26,1,RESIDUAL_REVERTED,11.374834060668945,11.814743995666504,0.038673965057534065,384.258330871144,10204.810152572205
LYB,1,2021-04-23,2021-04-26,1,RESIDUAL_REVERTED,71.21459197998047,72.8477783203125,0.022933310364133597,223.70825324420966,10204.810152572205
DOW,1,2021-04-23,2021-04-26,1,RESIDUAL_REVERTED,45.51633834838867,46.45496368408203,0.02062172331414236,200.13074090140302,10204.810152572205
EFX,-1,2021-04-23,2021-04-27,2,RESIDUAL_REVERTED,213.18894958496094,217.99952697753906,-0.022564853393871598,-241.00432640585277,10204.810152572205
AZO,1,2021-04-27,2021-04-28,1,RESIDUAL_REVERTED,1451.3299560546875,1464.25,0.008902209929184224,80.80420112507615,10231.282433856875
KMB,1,2021-04-26,2021-04-29,3,RESIDUAL_REVERTED,106.6082992553711,105.20885467529297,-0.013126975947021502,-144.93317519965277,10264.089354329275
MAS,1,2021-04-27,2021-04-29,2,RESIDUAL_REVERTED,57.28684997558594,58.04597473144531,0.013251291634692741,125.27863604042466,10231.282433856875
STX,-1,2021-04-26,2021-04-29,3,STOP_LOSS,76.53475952148438,81.84894561767578,-0.06943493556936886,-723.9495101340855,10264.089354329275
APTV,-1,2021-04-26,2021-04-30,4,RESIDUAL_REVERTED,145.75,143.5500030517578,0.015094318684337527,143.92768383181988,10264.089354329275
MCK,1,2021-04-27,2021-04-30,3,RESIDUAL_REVERTED,185.3125,184.54608154296875,-0.004135816294266403,-52.52482968274357,10231.282433856875
RSG,1,2021-04-27,2021-04-30,3,RESIDUAL_REVERTED,97.8873291015625,99.29977416992188,0.014429294182640273,137.3250865778924,10231.282433856875
CFG,-1,2021-04-26,2021-05-03,5,RESIDUAL_REVERTED,36.21955490112305,37.82799530029297,-0.04440806640393169,-467.3466064782641,10264.089354329275
AMGN,1,2021-04-29,2021-05-03,2,RESIDUAL_REVERTED,198.26380920410156,202.98695373535156,0.02382252489856973,230.8072661980766,10118.41548324655
TFX,1,2021-04-30,2021-05-03,1,RESIDUAL_REVERTED,404.1269226074219,408.597412109375,0.011062092753211239,101.43555529512787,10086.504538244935
META,-1,2021-04-30,2021-05-03,1,RESIDUAL_REVERTED,323.04595947265625,323.07574462890625,-9.220098681517186e-05,-11.216433806006984,10086.504538244935
FITB,-1,2021-04-26,2021-05-04,6,RESIDUAL_REVERTED,31.770383834838867,33.21149826049805,-0.04536030893271348,-477.34365903903097,10264.089354329275
BMY,1,2021-04-30,2021-05-04,2,RESIDUAL_REVERTED,50.148170471191406,51.264381408691406,0.022258258417248378,214.3092659884893,10086.504538244935
RMD,1,2021-05-03,2021-05-04,1,RESIDUAL_REVERTED,181.45237731933594,184.17591857910156,0.015009675265772238,142.09720884128882,10148.227345935122
AON,-1,2021-05-03,2021-05-04,1,RESIDUAL_REVERTED,242.12771606445312,242.95578002929688,-0.0034199470358169393,-45.07412700244778,10148.227345935122
UPS,-1,2021-04-28,2021-05-04,4,TRAILING_STOP,152.70396423339844,166.84296860578988,-0.09259094512294941,-952.9950394508503,10168.499493446336
EL,1,2021-05-04,2021-05-05,1,RESIDUAL_REVERTED,270.83221435546875,272.9270935058594,0.007734970359327686,68.10328678462395,10117.70107483973
KEYS,1,2021-05-04,2021-05-05,1,RESIDUAL_REVERTED,139.3000030517578,141.41000366210938,0.015147168443116144,143.06019410163566,10117.70107483973
MHK,-1,2021-05-04,2021-05-05,1,RESIDUAL_REVERTED,221.0,221.82000732421875,-0.003710440381080371,-47.8772926037086,10117.70107483973
IPGP,1,2021-05-05,2021-05-06,1,RESIDUAL_REVERTED,189.75,189.8300018310547,0.0004216170279562892,-5.859831539572034,10127.712630998107
INCY,1,2021-05-05,2021-05-06,1,RESIDUAL_REVERTED,81.76000213623047,81.20999908447266,-0.006727043020881784,-78.22320642356473,10127.712630998107
HSIC,-1,2021-05-05,2021-05-06,1,RESIDUAL_REVERTED,79.55999755859375,78.2699966430664,0.016214189983820626,153.9677454245785,10127.712630998107
AMCR,-1,2021-05-05,2021-05-06,1,RESIDUAL_REVERTED,46.202396392822266,47.08061981201172,-0.01900817896376239,-202.93727747415383,10127.712630998107
IT,-1,2021-05-05,2021-05-07,2,RESIDUAL_REVERTED,228.24000549316406,231.47999572753906,-0.014195540467913492,-154.37503031720902,10127.712630998107
VRSK,1,2021-05-06,2021-05-07,1,RESIDUAL_REVERTED,166.1187744140625,168.95814514160156,0.017092413169758514,161.04641267346707,10012.916237258525
BKR,-1,2021-05-04,2021-05-07,3,TRAILING_STOP,19.07354164123535,20.778660896232996,-0.08939709714483879,-915.6842361040921,10117.701074839728
TMUS,-1,2021-05-06,2021-05-07,1,TRAILING_STOP,127.10376739501953,132.98517003040305,-0.0462724493217026,-473.77313346015586,10012.916237258525
COR,1,2021-05-06,2021-05-10,2,RESIDUAL_REVERTED,107.31473541259766,110.1667251586914,0.02657593791876378,255.9566727497517,10012.916237258525
CAH,1,2021-05-07,2021-05-10,1,RESIDUAL_REVERTED,50.2802848815918,50.555912017822266,0.005481813336570385,44.53914433690839,9943.832129073604
IRM,-1,2021-05-07,2021-05-10,1,RESIDUAL_REVERTED,33.03303527832031,33.42781448364258,-0.011951042403341106,-129.04115302479968,9943.832129073604
ALL,-1,2021-05-07,2021-05-10,1,RESIDUAL_REVERTED,113.91365814208984,116.7759780883789,-0.025127100586294526,-260.1295625352485,9943.832129073604
DXCM,1,2021-05-03,2021-05-10,5,TRAILING_STOP,96.5250015258789,87.31560256038323,-0.09540946718375953,-977.9010727992953,10148.227345935122
MNST,1,2021-05-10,2021-05-11,1,RESIDUAL_REVERTED,22.78499984741211,22.475000381469727,-0.01360541882898425,-144.9643947704772,9930.009364117044
CNC,-1,2021-05-10,2021-05-11,1,RESIDUAL_REVERTED,70.11000061035156,70.01000213623047,0.0014263082762878687,4.044848432903097,9930.009364117044
MCK,-1,2021-05-10,2021-05-12,2,RESIDUAL_REVERTED,191.133544921875,191.57981872558594,-0.0023348795413873358,-33.527076180402574,9930.009364117044
ALGN,1,2021-05-11,2021-05-12,1,RESIDUAL_REVERTED,539.9099731445312,553.4199829101562,0.025022708298830576,236.22510355551483,9838.532524317565
QCOM,1,2021-05-11,2021-05-12,1,RESIDUAL_REVERTED,111.25791931152344,111.95079803466797,0.006227680037808936,51.402064462407324,9838.532524317565
QRVO,1,2021-05-11,2021-05-12,1,RESIDUAL_REVERTED,164.69400024414062,168.92999267578125,0.02572038098146412,243.08574689724315,9838.532524317565
CME,-1,2021-05-11,2021-05-12,1,STOP_LOSS,165.74301147460938,172.99993121671324,-0.04378416729332546,-441.0265698915522,9838.532524317565
CTSH,1,2021-05-07,2021-05-13,4,RESIDUAL_REVERTED,68.92462921142578,65.02152252197266,-0.05662862077183428,-572.7677780358365,9943.832129073602
MSI,-1,2021-05-10,2021-05-13,3,RESIDUAL_REVERTED,187.34747314453125,183.16836547851562,0.022306720212829423,211.0989232068889,9930.009364117044
VTRS,-1,2021-05-11,2021-05-13,2,TRAILING_STOP,11.930908203125,12.78444736898855,-0.07154016704612531,-714.4439408121635,9838.532524317565
BAX,1,2021-05-12,2021-05-14,2,RESIDUAL_REVERTED,75.12261962890625,75.36568450927734,0.0032355751379784525,22.07629317577656,9882.146215428489
DHI,1,2021-05-13,2021-05-14,1,RESIDUAL_REVERTED,87.917236328125,90.93910217285156,0.034371711065260824,324.5659309385704,9730.791516226038
PHM,1,2021-05-13,2021-05-14,1,RESIDUAL_REVERTED,52.91537857055664,55.47763442993164,0.048421761850546474,461.21568686508044,9730.791516226038
GAP,1,2021-05-13,2021-05-14,1,RESIDUAL_REVERTED,26.696481704711914,27.7597599029541,0.039828401734844254,377.6373012531863,9730.791516226038
PRGO,-1,2021-05-13,2021-05-14,1,RESIDUAL_REVERTED,35.11167526245117,36.35564422607422,-0.03542892654151886,-354.8532967911747,9730.791516226038
PSX,-1,2021-05-13,2021-05-14,1,RESIDUAL_REVERTED,68.56929016113281,69.44929504394531,-0.012833804765144174,-134.86984170434775,9730.791516226038
TDY,1,2021-05-14,2021-05-17,1,RESIDUAL_REVERTED,413.2799987792969,423.3800048828125,0.024438652084175283,228.57774499590136,9757.257852950044
GEN,-1,2021-05-12,2021-05-17,3,TRAILING_STOP,21.40379524230957,23.5695121351734,-0.1011837792478405,-1010.920691147294,9882.146215428489
PH,-1,2021-05-14,2021-05-18,2,RESIDUAL_REVERTED,296.4068908691406,297.32391357421875,-0.0030937968492876777,-40.34959790436869,9757.257852950044
AVY,1,2021-05-17,2021-05-18,1,RESIDUAL_REVERTED,198.9137725830078,200.72866821289062,0.009124032018071881,79.16417607638664,9749.919151899694
FE,-1,2021-05-14,2021-05-19,3,RESIDUAL_REVERTED,30.209503173828125,30.387163162231445,-0.005880930493330272,-67.75242612673324,9757.257852950044
DIS,1,2021-05-17,2021-05-19,2,RESIDUAL_REVERTED,167.4435577392578,162.60545349121094,-0.028893940820230002,-291.3226493354277,9749.919151899694
FOXA,1,2021-05-17,2021-05-19,2,RESIDUAL_REVERTED,35.23780059814453,34.46302795410156,-0.02198697509184966,-224.01396307749602,9749.919151899694
STE,1,2021-05-17,2021-05-19,2,RESIDUAL_REVERTED,187.746337890625,184.5224151611328,-0.01717169434948096,-177.08883944466754,9749.919151899694
STX,-1,2021-05-17,2021-05-19,2,RESIDUAL_REVERTED,83.71967315673828,81.57630920410156,0.02560167606751107,239.58061786640488,9749.919151899694
CMCSA,1,2021-05-18,2021-05-19,1,RESIDUAL_REVERTED,44.08355712890625,43.29862976074219,-0.017805445369774242,-180.9768224548546,9628.197368672945
RCL,-1,2021-05-17,2021-05-20,3,RESIDUAL_REVERTED,81.2251968383789,81.930908203125,-0.008688330619257334,-95.08648638843431,9749.919151899694
DD,-1,2021-05-18,2021-05-20,2,RESIDUAL_REVERTED,96.93580627441406,95.22784423828125,0.017619516479780106,159.72330529598312,9628.197368672945
T,1,2021-05-19,2021-05-21,2,RESIDUAL_REVERTED,15.840635299682617,16.364112854003906,0.033046499993076406,309.2742706438699,9655.775685528346
CVS,-1,2021-05-19,2021-05-21,2,RESIDUAL_REVERTED,74.52330780029297,75.18852233886719,-0.008926261571169825,-96.27478667330597,9655.775685528344
PGR,1,2021-05-20,2021-05-21,1,RESIDUAL_REVERTED,88.63192749023438,91.21480560302734,0.02914162182784019,272.5514864998541,9690.012875357525
STE,1,2021-05-20,2021-05-24,2,RESIDUAL_REVERTED,180.64236450195312,182.439697265625,0.00994967469910657,86.67425682663445,9690.012875357525
DE,1,2021-05-20,2021-05-24,2,RESIDUAL_REVERTED,334.3064880371094,337.6687927246094,0.010057551402133713,87.71906080459688,9690.012875357525
TTWO,-1,2021-05-20,2021-05-24,2,RESIDUAL_REVERTED,179.9499969482422,184.36000061035156,-0.024506828212827347,-247.67494658784548,9690.012875357525
NWS,-1,2021-05-21,2021-05-24,1,RESIDUAL_REVERTED,24.49064826965332,24.271047592163086,0.008966715583529239,76.86984278133319,9667.135450326889
HRL,-1,2021-05-21,2021-05-25,2,RESIDUAL_REVERTED,41.415504455566406,41.306453704833984,0.0026330900025477444,15.41664610684651,9667.135450326889
LW,-1,2021-05-24,2021-05-25,1,RESIDUAL_REVERTED,72.68699645996094,72.6418228149414,0.0006214817948133611,-3.8578801733383328,9691.859378913907
TJX,1,2021-05-20,2021-05-26,4,RESIDUAL_REVERTED,63.02556610107422,62.821651458740234,-0.0032354273820717205,-41.02567019842164,9690.012875357525
TGT,-1,2021-05-20,2021-05-26,4,RESIDUAL_REVERTED,186.15638732910156,192.88525390625,-0.03614631049566208,-360.9139581489555,9690.012875357525
VFC,1,2021-05-24,2021-05-26,2,RESIDUAL_REVERTED,65.22162628173828,65.50578308105469,0.004356788009071355,32.5124046603795,9691.859378913907
PGR,1,2021-05-24,2021-05-26,2,RESIDUAL_REVERTED,88.67660522460938,87.79180145263672,-0.009977871499833979,-106.34763479243871,9691.859378913907
DG,1,2021-05-25,2021-05-26,1,RESIDUAL_REVERTED,182.0489959716797,183.2696075439453,0.006704851986415239,55.0214322957588,9650.344038908526
TROW,1,2021-05-25,2021-05-26,1,RESIDUAL_REVERTED,145.9656524658203,146.50189208984375,0.0036737384101304116,25.784769108019862,9650.344038908526
NVR,-1,2021-05-26,2021-05-27,1,RESIDUAL_REVERTED,4845.0,4859.0400390625,-0.0028978408797730726,-37.93253800558085,9678.790466059427
SNPS,-1,2021-05-26,2021-05-27,1,RESIDUAL_REVERTED,257.989990234375,253.8699951171875,0.015969592903370522,144.77555835125315,9678.790466059427
BALL,1,2021-05-27,2021-05-28,1,RESIDUAL_REVERTED,77.23436737060547,76.90798950195312,-0.004225811381172284,-50.619184349334816,9690.295982228816
ZBH,1,2021-05-27,2021-05-28,1,RESIDUAL_REVERTED,153.1846923828125,156.8426055908203,0.023879104048246447,221.5895922427091,9690.295982228816
SYK,1,2021-05-27,2021-05-28,1,RESIDUAL_REVERTED,240.9803466796875,242.66619873046875,0.00699580722664539,58.06725095724915,9690.295982228816
MGM,-1,2021-05-25,2021-06-01,4,RESIDUAL_REVERTED,42.107051849365234,43.126495361328125,-0.02421075490181246,-244.18976869046568,9650.344038908526
BSX,1,2021-05-27,2021-06-01,2,RESIDUAL_REVERTED,42.04999923706055,42.81999969482422,0.018311545106641347,167.6652738470727,9690.295982228816
MDT,1,2021-05-27,2021-06-01,2,RESIDUAL_REVERTED,105.10269165039062,108.06441497802734,0.028179329007942844,263.23920966600934,9690.295982228816
F,-1,2021-05-27,2021-06-01,2,RESIDUAL_REVERTED,10.545368194580078,10.79470157623291,-0.02364387634952192,-239.3142404203106,9690.295982228816
GE,-1,2021-05-28,2021-06-01,1,RESIDUAL_REVERTED,69.48680877685547,69.19503021240234,0.004199049713019876,30.663032476710722,9637.53117758684
TDG,-1,2021-05-28,2021-06-01,1,RESIDUAL_REVERTED,539.1362915039062,543.3003540039062,-0.007723580411150621,-84.30226730950588,9637.53117758684
HCA,-1,2021-05-26,2021-06-02,4,RESIDUAL_REVERTED,200.7313995361328,207.46380615234375,-0.033539379647473,-335.24393797422556,9678.790466059427
HPQ,1,2021-06-01,2021-06-02,1,RESIDUAL_REVERTED,24.29880142211914,24.380565643310547,0.0033649487384581622,22.988571847187863,9727.457373936579
HPE,1,2021-06-01,2021-06-02,1,RESIDUAL_REVERTED,13.870946884155273,13.63890552520752,-0.016728588241716524,-172.3727231068467,9727.457373936579
COST,1,2021-06-01,2021-06-03,2,RESIDUAL_REVERTED,359.37554931640625,359.10125732421875,-0.000763246115962124,-17.148189210751323,9727.457373936579
ABT,1,2021-06-02,2021-06-03,1,RESIDUAL_REVERTED,95.62264251708984,96.71636199951172,0.011437871341261063,101.14115516137069,9695.137803697206
NUE,-1,2021-06-02,2021-06-03,1,RESIDUAL_REVERTED,102.01838684082031,96.18534851074219,0.057176343507366334,544.731484532792,9695.137803697206
APA,-1,2021-06-02,2021-06-04,2,RESIDUAL_REVERTED,19.920671463012695,20.289730072021484,-0.018526414116814882,-189.78879514359693,9695.137803697206
SPG,-1,2021-06-02,2021-06-04,2,RESIDUAL_REVERTED,100.78108215332031,100.98356628417969,-0.00200914821048781,-29.56927522074798,9695.137803697206
PWR,1,2021-06-03,2021-06-04,1,RESIDUAL_REVERTED,92.27571105957031,92.84085845947266,0.006124552099495695,49.65825283393327,9696.056137142095
HCA,1,2021-06-03,2021-06-04,1,RESIDUAL_REVERTED,199.72865295410156,204.9618377685547,0.026201472533115888,244.22786694545772,9696.056137142095
SLB,-1,2021-06-03,2021-06-07,2,RESIDUAL_REVERTED,31.424474716186523,32.55664825439453,-0.036028399788170073,-359.60219047598616,9696.056137142095
LUV,1,2021-06-04,2021-06-07,1,RESIDUAL_REVERTED,53.83531188964844,53.8812141418457,0.0008526420779608745,-1.4306337781510905,9680.556927816064
GM,-1,2021-06-04,2021-06-07,1,RESIDUAL_REVERTED,60.9311408996582,61.324119567871094,-0.006449553748879344,-72.33851703122029,9680.556927816064
BIIB,-1,2021-06-07,2021-06-07,0,STOP_LOSS,295.3500061035156,315.04789922212615,-0.06669338991551177,-653.754788899362,9652.831682403876
DRI,1,2021-06-02,2021-06-08,4,RESIDUAL_REVERTED,115.39055633544922,116.06423950195312,0.0058382868399164956,46.87955614908069,9695.137803697206
DVN,-1,2021-06-02,2021-06-08,4,RESIDUAL_REVERTED,23.26217269897461,23.377172470092773,-0.004943638438521081,-58.43803910296354,9695.137803697206
KIM,1,2021-06-07,2021-06-08,1,RESIDUAL_REVERTED,17.17475700378418,17.42699432373047,0.014686514626711222,132.0427387835567,9652.831682403876
ADSK,-1,2021-06-07,2021-06-08,1,RESIDUAL_REVERTED,283.9700012207031,281.989990234375,0.006972606183106134,57.49811666212354,9652.831682403876
AOS,1,2021-06-04,2021-06-09,3,RESIDUAL_REVERTED,62.53190231323242,61.80656814575195,-0.011599425903391691,-121.91331526418999,9680.556927816064
URI,1,2021-06-08,2021-06-09,1,RESIDUAL_REVERTED,304.30120849609375,309.8269958496094,0.018158939889936665,165.0450195245913,9623.69462390482
BIIB,-1,2021-06-08,2021-06-09,1,RESIDUAL_REVERTED,389.1000061035156,395.0,-0.015163181197470177,-155.8165061543791,9623.69462390482
LLY,-1,2021-06-08,2021-06-09,1,RESIDUAL_REVERTED,211.19009399414062,210.84718322753906,0.0016237066811053413,5.8200992014578565,9623.69462390482
CAH,-1,2021-06-08,2021-06-09,1,RESIDUAL_REVERTED,52.41419982910156,52.50312042236328,-0.0016964981541576218,-26.14902809522469,9623.69462390482
AEP,1,2021-06-09,2021-06-10,1,RESIDUAL_REVERTED,69.0948257446289,70.2878189086914,0.017266027538324513,156.78436321888137,9643.880080665569
GNRC,-1,2021-06-09,2021-06-10,1,RESIDUAL_REVERTED,350.7900085449219,341.92999267578125,0.02525732105624101,233.86899977050683,9643.880080665569
CMS,1,2021-06-09,2021-06-11,2,RESIDUAL_REVERTED,51.1396484375,51.2161750793457,0.001496424871579416,4.780246259566207,9643.880080665569
NRG,-1,2021-06-09,2021-06-11,2,RESIDUAL_REVERTED,31.34823226928711,31.678855895996094,-0.010546802890474494,-111.79505537143241,9643.880080665569
BF-B,1,2021-06-10,2021-06-11,1,RESIDUAL_REVERTED,66.49676513671875,67.12763977050781,0.009487298103779462,81.54182807289696,9612.885895174064
CPB,1,2021-06-10,2021-06-14,2,RESIDUAL_REVERTED,37.26225280761719,37.45769119262695,0.00524494281166521,40.78094136168994,9612.885895174064
ROK,-1,2021-06-10,2021-06-15,3,RESIDUAL_REVERTED,256.8547058105469,259.2747497558594,-0.009421840015255478,-100.80615046621405,9612.885895174064
VRTX,1,2021-06-14,2021-06-15,1,RESIDUAL_REVERTED,195.66000366210938,195.91000366210938,0.0012777266447963065,2.645978425024265,9549.242521451275
CCI,1,2021-06-14,2021-06-15,1,RESIDUAL_REVERTED,150.3592071533203,152.68435668945312,0.015463965128266866,138.0460762549587,9549.242521451275
REGN,-1,2021-06-14,2021-06-15,1,RESIDUAL_REVERTED,520.0919799804688,523.0640869140625,-0.005714579435940115,-64.33725487257523,9549.242521451275
MOS,1,2021-06-07,2021-06-15,6,TRAILING_STOP,32.05788040161133,28.903671141268582,-0.098391073297042,-958.9304250350192,9652.831682403876
CAT,1,2021-06-11,2021-06-16,3,RESIDUAL_REVERTED,206.54359436035156,199.88998413085938,-0.03221407204661986,-319.3019261411474,9618.117436994371
ADBE,-1,2021-06-11,2021-06-16,3,RESIDUAL_REVERTED,529.75,548.4600219726562,-0.03531858796159737,-350.07948515069774,9618.117436994371
SRE,-1,2021-06-10,2021-06-17,5,RESIDUAL_REVERTED,58.6297607421875,59.35715866088867,-0.01240663290269528,-129.90777901442607,9612.885895174064
PPL,-1,2021-06-10,2021-06-17,5,RESIDUAL_REVERTED,24.119592666625977,23.738061904907227,0.015818292082795837,141.5672815795989,9612.885895174064
ETN,-1,2021-06-16,2021-06-17,1,RESIDUAL_REVERTED,136.09259033203125,134.6924285888672,0.010288302542761696,87.81643845057255,9469.315564114964
GLW,1,2021-06-15,2021-06-17,2,TRAILING_STOP,36.43907928466797,34.743247616905556,-0.04653881769389123,-450.3748817343126,9478.47384676122
FAST,1,2021-06-16,2021-06-17,1,TRAILING_STOP,22.618541717529297,21.917008666992185,-0.03101583909777106,-303.02123408277293,9469.315564114964
ARE,1,2021-06-16,2021-06-18,2,RESIDUAL_REVERTED,147.26974487304688,145.7975311279297,-0.009996715526235933,-104.08403845976898,9469.315564114964
XOM,-1,2021-06-16,2021-06-18,2,RESIDUAL_REVERTED,53.17425537109375,50.42957305908203,0.05161675124281595,479.18206020917717,9469.315564114964
STT,-1,2021-06-17,2021-06-18,1,RESIDUAL_REVERTED,74.62313079833984,68.67736053466797,0.0796773091675772,743.8960754696941,9452.48348485421
TTWO,1,2021-06-16,2021-06-21,3,RESIDUAL_REVERTED,177.0,171.85000610351562,-0.029096010714600995,-284.85086302398514,9469.315564114964
WTW,1,2021-06-17,2021-06-22,3,RESIDUAL_REVERTED,223.87429809570312,213.87759399414062,-0.044653201312501944,-431.3250896131729,9452.48348485421
RF,1,2021-06-18,2021-06-22,2,RESIDUAL_REVERTED,15.616499900817871,15.979300498962402,0.02323187656957182,210.40990278731698,9469.281493982628
MET,1,2021-06-18,2021-06-22,2,RESIDUAL_REVERTED,50.251617431640625,50.8746452331543,0.012398164145884571,107.87372395884752,9469.281493982628
AMD,-1,2021-06-18,2021-06-22,2,RESIDUAL_REVERTED,84.27999877929688,82.9000015258789,0.016373959105430824,145.28504875258747,9469.281493982628
GL,1,2021-06-21,2021-06-22,1,RESIDUAL_REVERTED,89.06110382080078,91.56796264648438,0.028147628068114106,256.89104575073344,9467.651872850576
LEN,-1,2021-06-21,2021-06-22,1,RESIDUAL_REVERTED,87.86149597167969,87.12156677246094,0.008421541097561658,70.11841304610327,9467.651872850576
PSA,-1,2021-06-21,2021-06-22,1,RESIDUAL_REVERTED,238.0615692138672,241.3138427734375,-0.013661480810657656,-139.0649277151974,9467.651872850576
AMZN,1,2021-06-22,2021-06-23,1,RESIDUAL_REVERTED,172.9029998779297,175.25,0.013574085607116704,119.91119539940179,9541.52515640143
KR,-1,2021-06-18,2021-06-24,4,RESIDUAL_REVERTED,34.86452865600586,34.96274185180664,-0.002816994796339012,-36.91459906347266,9469.281493982628
KIM,1,2021-06-23,2021-06-24,1,RESIDUAL_REVERTED,16.348220825195312,16.51479721069336,0.010189266910398231,87.38662106913435,9514.915273150838
TSCO,-1,2021-06-23,2021-06-24,1,RESIDUAL_REVERTED,32.64669418334961,32.96852493286133,-0.009857988919314886,-103.54846848009699,9514.915273150838
DHR,-1,2021-06-18,2021-06-25,5,RESIDUAL_REVERTED,222.22012329101562,231.3482208251953,-0.041076826882260775,-399.598630102189,9469.281493982628
EVRG,1,2021-06-23,2021-06-25,2,RESIDUAL_REVERTED,50.31731033325195,49.796905517578125,-0.010342460919059104,-107.87335081419178,9514.915273150838
CTAS,-1,2021-06-23,2021-06-25,2,RESIDUAL_REVERTED,88.73477935791016,89.91300201416016,-0.013278025423353546,-136.29898900388758,9514.915273150838
CMCSA,1,2021-06-24,2021-06-25,1,RESIDUAL_REVERTED,44.1628532409668,44.36900329589844,0.0046679514524756716,34.78442551027008,9489.376818749779
WAB,-1,2021-06-23,2021-06-28,3,RESIDUAL_REVERTED,78.6767807006836,80.54195404052734,-0.02370678265217263,-235.7726977121062,9514.915273150838
LLY,-1,2021-06-25,2021-06-28,1,RESIDUAL_REVERTED,222.05868530273438,218.1341552734375,0.01767339126567613,157.71533253301837,9465.210429685625
IRM,1,2021-06-23,2021-06-29,4,RESIDUAL_REVERTED,35.72651672363281,35.03239822387695,-0.01942866429227641,-194.28457883734583,9514.915273150837
EQIX,1,2021-06-25,2021-06-29,2,RESIDUAL_REVERTED,703.77294921875,714.4441528320312,0.015162849929266642,133.98259508191916,9465.210429685625
ABBV,1,2021-06-28,2021-06-29,1,RESIDUAL_REVERTED,93.23149108886719,92.7293701171875,-0.005385744299649442,-60.428465062981566,9467.018360942833
FDX,1,2021-06-28,2021-06-29,1,RESIDUAL_REVERTED,213.04588317871094,215.22723388671875,0.010238877538778945,87.41615747329445,9467.018360942833
NKE,-1,2021-06-28,2021-06-29,1,RESIDUAL_REVERTED,140.21188354492188,139.61065673828125,0.004287987518889591,30.961801534262417,9467.018360942833
INTC,-1,2021-06-29,2021-06-30,1,RESIDUAL_REVERTED,52.66482925415039,51.55754852294922,0.0210250511941783,189.50431295084445,9467.64235639693
META,-1,2021-06-29,2021-06-30,1,RESIDUAL_REVERTED,352.8901062011719,348.8291320800781,0.011507758505359456,99.35263453731164,9467.64235639693
RTX,1,2021-06-23,2021-07-01,6,RESIDUAL_REVERTED,78.05027770996094,76.26464080810547,-0.022878033932063557,-227.08862847576543,9514.915273150838
ACN,-1,2021-06-25,2021-07-01,4,RESIDUAL_REVERTED,268.3429870605469,271.2344970703125,-0.010775426037548108,-112.2658082746875,9465.210429685625
KMX,-1,2021-06-28,2021-07-01,3,RESIDUAL_REVERTED,127.55999755859375,129.5,-0.01520854874989408,-154.09115809965638,9467.018360942833
NOC,1,2021-06-30,2021-07-01,1,RESIDUAL_REVERTED,331.710205078125,334.6757507324219,0.008940170090933508,74.99600352740175,9450.458494116085
LMT,1,2021-06-30,2021-07-01,1,RESIDUAL_REVERTED,325.2618408203125,327.70233154296875,0.0075031571994468305,61.42236305624018,9450.458494116085
FOXA,1,2021-06-30,2021-07-01,1,RESIDUAL_REVERTED,34.537715911865234,34.65906524658203,0.0035135309765839118,23.73741792855123,9450.458494116085
ATO,1,2021-06-30,2021-07-02,2,RESIDUAL_REVERTED,84.46198272705078,85.1556625366211,0.008212923580210418,68.1266269693038,9450.458494116085
MS,-1,2021-06-30,2021-07-02,2,RESIDUAL_REVERTED,76.33668518066406,77.8012924194336,-0.019186151917695682,-191.24107593509243,9450.458494116085
WMT,-1,2021-07-01,2021-07-02,1,RESIDUAL_REVERTED,43.804603576660156,43.47391891479492,0.00754908468208193,61.940415356134665,9480.909964376162
SYY,-1,2021-07-01,2021-07-02,1,RESIDUAL_REVERTED,67.95370483398438,67.35799407958984,0.00876642054837029,73.48799629513645,9480.909964376162
MU,1,2021-07-02,2021-07-06,1,RESIDUAL_REVERTED,78.60580444335938,78.78131866455078,0.002232840468134656,11.695576175630299,9495.289302474435
WRB,-1,2021-07-02,2021-07-06,1,RESIDUAL_REVERTED,29.826061248779297,29.869388580322266,-0.0014526668869072612,-23.48469901895827,9495.289302474435
JBHT,-1,2021-07-02,2021-07-06,1,RESIDUAL_REVERTED,158.48342895507812,157.9400634765625,0.003428531816216829,22.888556260934887,9495.289302474435
KLAC,1,2021-07-02,2021-07-07,2,RESIDUAL_REVERTED,29.788537979125977,29.82556915283203,0.001243134984738159,2.3027350564810547,9495.289302474435
IBM,1,2021-07-06,2021-07-07,1,RESIDUAL_REVERTED,109.27108001708984,108.31101989746094,-0.00878604036382502,-92.54722974686493,9461.313263047594
APH,-1,2021-07-06,2021-07-07,1,RESIDUAL_REVERTED,16.7014217376709,16.560649871826172,0.008428735472693849,70.13959287391029,9461.313263047594
GOOGL,-1,2021-07-06,2021-07-08,2,RESIDUAL_REVERTED,124.46414184570312,122.85692596435547,0.012913083700364925,112.39701289106812,9461.313263047594
HLT,-1,2021-07-06,2021-07-08,2,RESIDUAL_REVERTED,125.3121566772461,120.50914764404297,0.03832835664598566,352.9868185893869,9461.313263047594
EXR,-1,2021-07-07,2021-07-08,1,RESIDUAL_REVERTED,137.99832153320312,137.9821014404297,0.00011753833375094391,-8.519861358607148,9441.711865341123
TER,1,2021-07-02,2021-07-08,3,TRAILING_STOP,128.31332397460938,117.87312541262668,-0.08136488276189158,-781.6920986381067,9495.289302474435
HAL,1,2021-07-07,2021-07-09,2,RESIDUAL_REVERTED,19.946073532104492,19.918922424316406,-0.0013612256940888079,-22.28758650223326,9441.711865341122
MKTX,1,2021-07-08,2021-07-09,1,RESIDUAL_REVERTED,419.8979797363281,432.1810607910156,0.029252536681411367,265.6686023493506,9408.224562762905
WYNN,1,2021-07-08,2021-07-09,1,RESIDUAL_REVERTED,106.77391815185547,109.23458099365234,0.023045542248410156,207.30100326259813,9408.224562762905
OTIS,-1,2021-07-08,2021-07-09,1,RESIDUAL_REVERTED,76.10851287841797,76.95293426513672,-0.011094966315630117,-114.03140497604119,9408.224562762905
GS,1,2021-07-02,2021-07-12,5,RESIDUAL_REVERTED,331.7525939941406,326.4631042480469,-0.01594407953954735,-160.81324036819547,9495.289302474435
AMZN,-1,2021-07-07,2021-07-12,3,RESIDUAL_REVERTED,185.86900329589844,187.1999969482422,-0.007160923170308475,-77.64865505243796,9441.711865341122
NSC,1,2021-07-09,2021-07-12,1,RESIDUAL_REVERTED,236.97540283203125,234.1691131591797,-0.011842113735494597,-120.91030136609183,9419.483206061237
CNP,-1,2021-07-09,2021-07-12,1,RESIDUAL_REVERTED,22.237384796142578,22.211101531982422,0.001181940430545425,1.5317942133701197,9419.483206061237
BALL,-1,2021-07-09,2021-07-12,1,RESIDUAL_REVERTED,79.62471008300781,78.54176330566406,0.01360063699088876,118.56974514329042,9419.483206061237
BA,-1,2021-07-09,2021-07-12,1,RESIDUAL_REVERTED,237.77000427246094,237.99000549316406,-0.0009252690278418463,-18.327722130520637,9419.483206061237
IFF,1,2021-07-12,2021-07-13,1,RESIDUAL_REVERTED,127.98123931884766,129.33016967773438,0.010540063262913346,90.30912239895136,9471.534432719842
SPGI,1,2021-07-12,2021-07-14,2,RESIDUAL_REVERTED,376.9485168457031,370.2496032714844,-0.01777142839100443,-177.71006900877154,9471.534432719842
AKAM,1,2021-07-13,2021-07-14,1,RESIDUAL_REVERTED,115.30999755859375,115.63999938964844,0.00286186660343124,17.5604147412286,9438.872315324505
PTC,1,2021-07-13,2021-07-14,1,RESIDUAL_REVERTED,142.8800048828125,144.1300048828125,0.008748599924987666,73.09675685567598,9438.872315324505
ALB,-1,2021-07-13,2021-07-14,1,RESIDUAL_REVERTED,174.5856170654297,174.20997619628906,0.002151614064518581,10.6938610168685,9438.872315324505
TROW,-1,2021-07-13,2021-07-14,1,RESIDUAL_REVERTED,167.29568481445312,163.3513946533203,0.02357675970846118,213.02791281535323,9438.872315324505
CHTR,1,2021-07-12,2021-07-14,2,TRAILING_STOP,727.52001953125,701.76,-0.03540798718892646,-344.671820301013,9471.534432719842
CINF,-1,2021-07-12,2021-07-15,3,RESIDUAL_REVERTED,103.44523620605469,102.82154846191406,0.006029158683521052,47.093449972881764,9471.534432719842
DIS,-1,2021-07-13,2021-07-15,2,RESIDUAL_REVERTED,178.48687744140625,177.86636352539062,0.003476524016278626,23.018572015986987,9438.872315324505
CAG,1,2021-07-14,2021-07-16,2,RESIDUAL_REVERTED,25.59548568725586,26.760652542114258,0.04552235769601132,421.30083371872337,9467.520307880313
BLK,1,2021-07-15,2021-07-16,1,RESIDUAL_REVERTED,772.6752319335938,778.6548461914062,0.007738845520968374,63.829481488134554,9477.313736142114
ILMN,1,2021-07-15,2021-07-19,2,RESIDUAL_REVERTED,448.3657531738281,451.36187744140625,0.0066823218463265555,53.821481657059174,9477.313736142114
WFC,-1,2021-07-15,2021-07-19,2,RESIDUAL_REVERTED,39.305782318115234,37.6485710144043,0.04216202314200379,389.9286930783609,9477.313736142114
USB,-1,2021-07-16,2021-07-19,1,RESIDUAL_REVERTED,47.395870208740234,44.9114990234375,0.05241746114927526,485.8706137538338,9448.245421363255
HON,-1,2021-07-16,2021-07-19,1,RESIDUAL_REVERTED,206.2722930908203,200.48008728027344,0.028080386966933046,255.80883390700436,9448.245421363255
MPC,1,2021-07-15,2021-07-19,2,TRAILING_STOP,48.35950469970703,44.7518295641025,-0.07460115975146431,-716.1424004828042,9477.313736142114
HIG,-1,2021-07-13,2021-07-20,5,RESIDUAL_REVERTED,56.96589279174805,55.3900146484375,0.027663538059019555,250.87665446565427,9438.872315324505
ENPH,1,2021-07-15,2021-07-20,3,RESIDUAL_REVERTED,171.99000549316406,167.52999877929688,-0.025931778425604235,-255.11803181177714,9477.313736142114
KO,-1,2021-07-15,2021-07-21,4,RESIDUAL_REVERTED,48.2197265625,49.15428924560547,-0.019381335186422932,-194.00244474800843,9477.313736142114
LYB,1,2021-07-19,2021-07-21,2,RESIDUAL_REVERTED,65.48334503173828,67.490234375,0.03064732478600507,281.08935161655455,9486.006376821097
KIM,1,2021-07-20,2021-07-21,1,RESIDUAL_REVERTED,15.610529899597168,16.689306259155273,0.06910568484840107,648.4681111205841,9526.330648705025
WELL,1,2021-07-20,2021-07-21,1,RESIDUAL_REVERTED,74.80311584472656,77.59513092041016,0.03732484996319063,345.8647470828741,9526.330648705025
KR,-1,2021-07-20,2021-07-21,1,RESIDUAL_REVERTED,36.61444854736328,36.301971435546875,0.008534256945374907,71.62748637594414,9526.330648705025
MKC,-1,2021-07-20,2021-07-21,1,RESIDUAL_REVERTED,79.13401794433594,78.18780517578125,0.011957092450686213,104.25085029570586,9526.330648705025
DGX,-1,2021-07-20,2021-07-21,1,RESIDUAL_REVERTED,124.37427520751953,124.11113739013672,0.0021156932729358147,10.45062909726203,9526.330648705025
DD,1,2021-07-19,2021-07-22,3,RESIDUAL_REVERTED,84.35539245605469,85.11597442626953,0.00901640011468241,76.00085779253394,9486.006376821097
HCA,-1,2021-07-21,2021-07-22,1,RESIDUAL_REVERTED,240.23876953125,238.72642517089844,0.006295171937911737,51.13692600784259,9687.563539616374
PPG,1,2021-07-21,2021-07-23,2,RESIDUAL_REVERTED,142.4354705810547,144.711181640625,0.01597713722773353,145.01457876918496,9687.563539616374
ELV,1,2021-07-22,2021-07-23,1,RESIDUAL_REVERTED,357.0243225097656,356.7648620605469,-0.0007267304574513078,-16.74984007223881,9702.362925995609
EXR,1,2021-07-22,2021-07-23,1,RESIDUAL_REVERTED,135.54547119140625,136.80833435058594,0.00931689674379732,80.64835266957664,9702.362925995609
NCLH,-1,2021-07-22,2021-07-23,1,RESIDUAL_REVERTED,25.670000076293945,25.75,-0.0031164753980632565,-40.14693909218928,9702.362925995609
CCL,-1,2021-07-22,2021-07-23,1,RESIDUAL_REVERTED,22.40003776550293,22.350830078125,0.0021967680542803736,11.430050630477197,9702.362925995609
LRCX,-1,2021-07-22,2021-07-26,2,RESIDUAL_REVERTED,59.93756866455078,60.80618667602539,-0.014492046154490401,-150.76844525197464,9702.362925995609
DPZ,-1,2021-07-23,2021-07-26,1,RESIDUAL_REVERTED,502.3291015625,485.4888916015625,0.033524257122583334,314.8282769411863,9680.53542120222
NFLX,1,2021-07-22,2021-07-27,3,RESIDUAL_REVERTED,51.020999908447266,51.80799865722656,0.015424996573793148,139.88172250773823,9702.362925995609
CMG,-1,2021-07-22,2021-07-27,3,RESIDUAL_REVERTED,34.952999114990234,36.13740158081055,-0.03388557479499266,-339.23570001572745,9702.362925995609
INTC,1,2021-07-26,2021-07-27,1,RESIDUAL_REVERTED,48.32719039916992,48.610870361328125,0.00586998664344196,47.18790064845023,9695.377004533051
VRSN,1,2021-07-26,2021-07-27,1,RESIDUAL_REVERTED,217.15850830078125,219.29962158203125,0.00985967944799282,85.85013573290799,9695.377004533051
WYNN,1,2021-07-26,2021-07-27,1,RESIDUAL_REVERTED,99.04450225830078,97.47161865234375,-0.01588057459115766,-163.5865506355602,9695.377004533051
CCI,1,2021-07-23,2021-07-28,3,RESIDUAL_REVERTED,149.71588134765625,151.01023864746094,0.00864542417379921,73.96995335710645,9680.53542120222
META,-1,2021-07-26,2021-07-28,2,RESIDUAL_REVERTED,366.0738525390625,371.0066223144531,-0.013474794064578077,-140.789222109026,9695.377004533051
HAS,-1,2021-07-27,2021-07-28,1,RESIDUAL_REVERTED,83.50218963623047,82.34896087646484,0.013810760709264791,124.64875849227748,9739.626461825346
LW,1,2021-07-28,2021-07-29,1,RESIDUAL_REVERTED,58.75706100463867,60.91750717163086,0.036769132595342535,345.9359057125637,9676.32636473834
PTC,1,2021-07-28,2021-07-29,1,RESIDUAL_REVERTED,144.0,136.55999755859375,-0.051666683620876785,-509.3700474175727,9676.32636473834
IPGP,1,2021-07-28,2021-07-29,1,RESIDUAL_REVERTED,201.41000366210938,210.27000427246094,0.043989873637137356,415.77121750477363,9676.32636473834
PNR,-1,2021-07-28,2021-07-29,1,RESIDUAL_REVERTED,67.75430297851562,67.23017120361328,0.00773577104126566,65.0258726147997,9676.326364738337
AON,-1,2021-07-27,2021-07-30,3,RESIDUAL_REVERTED,241.54042053222656,253.1315155029297,-0.04798822054363616,-477.96586967228967,9739.626461825346
GRMN,-1,2021-07-29,2021-07-30,1,RESIDUAL_REVERTED,140.8957061767578,140.75250244140625,0.0010163811179022542,-0.029164471624379656,9721.972685671733
PTC,1,2021-07-30,2021-08-02,1,RESIDUAL_REVERTED,133.1199951171875,135.67999267578125,0.0192307515962582,174.96140665337134,9602.112872462394
CTSH,-1,2021-07-30,2021-08-02,1,RESIDUAL_REVERTED,67.16374206542969,67.31012725830078,-0.002179527053875141,-30.731497213107293,9602.112872462394
RHI,-1,2021-07-26,2021-08-03,6,RESIDUAL_REVERTED,75.85643768310547,79.89786529541016,-0.053277318784570094,-527.6930650452344,9695.377004533051
DGX,1,2021-07-30,2021-08-03,2,RESIDUAL_REVERTED,128.14898681640625,130.62611389160156,0.019330055872733398,175.9144607593681,9602.112872462394
DXCM,-1,2021-08-02,2021-08-03,1,RESIDUAL_REVERTED,129.29750061035156,128.08999633789062,0.009338960666377072,79.70658986611113,9575.500498467387
LOW,1,2021-07-28,2021-08-04,5,RESIDUAL_REVERTED,175.79396057128906,175.24026489257812,-0.0031496854437521593,-40.13847197260033,9676.32636473834
TEL,-1,2021-07-29,2021-08-04,4,RESIDUAL_REVERTED,132.3699188232422,137.52493286132812,-0.03894399939135407,-389.318718651193,9721.972685671733
PYPL,1,2021-07-30,2021-08-04,3,RESIDUAL_REVERTED,277.1542053222656,271.0483093261719,-0.022030681399887175,-221.03743178670743,9602.112872462394
HUM,1,2021-07-29,2021-08-05,5,RESIDUAL_REVERTED,420.4369201660156,401.41259765625,-0.04524893413797626,-449.41091997996364,9721.972685671733
FTV,-1,2021-08-02,2021-08-05,3,RESIDUAL_REVERTED,54.0123176574707,54.5207633972168,-0.009413514579590831,-100.33424169045364,9575.500498467387
DXC,-1,2021-08-03,2021-08-05,2,RESIDUAL_REVERTED,44.0,40.88999938964844,0.07068183205344458,667.0977227515216,9573.929216378356
LDOS,1,2021-08-04,2021-08-05,1,RESIDUAL_REVERTED,88.79153442382812,88.79153442382812,0.0,-9.554093903027889,9554.093903027888
IT,-1,2021-08-04,2021-08-05,1,RESIDUAL_REVERTED,295.2799987792969,291.7799987792969,0.011853156375200458,103.56259959776246,9554.093903027888
GPN,1,2021-08-03,2021-08-06,3,RESIDUAL_REVERTED,165.7219696044922,163.36647033691406,-0.014213560659456892,-145.58551307088578,9573.929216378356
ETN,-1,2021-08-04,2021-08-06,2,RESIDUAL_REVERTED,150.2140350341797,150.1494903564453,0.0004296847343171484,-5.823145321324822,9554.093903027888
AMGN,1,2021-08-05,2021-08-06,1,RESIDUAL_REVERTED,194.28994750976562,196.92294311523438,0.013551887986054556,120.28817636784423,9588.44974556943
DVA,-1,2021-08-05,2021-08-06,1,RESIDUAL_REVERTED,134.07000732421875,130.50999450683594,0.026553387207428947,244.9600158709419,9588.44974556943
LUMN,1,2021-08-05,2021-08-09,2,RESIDUAL_REVERTED,10.530716896057129,10.48578929901123,-0.00426633794160014,-50.47556291274341,9588.44974556943
CAH,1,2021-08-06,2021-08-09,1,RESIDUAL_REVERTED,45.25258255004883,45.718910217285156,0.01030499567003873,90.0105783052403,9678.720021244206
CI,1,2021-08-06,2021-08-09,1,RESIDUAL_REVERTED,187.8878936767578,189.75634765625,0.009944515013333932,86.52333145159292,9678.720021244206
FRT,-1,2021-08-06,2021-08-09,1,RESIDUAL_REVERTED,98.60267639160156,97.7349624633789,0.008800105230171607,75.34602567347602,9678.720021244206
BKNG,-1,2021-08-06,2021-08-09,1,RESIDUAL_REVERTED,86.26792907714844,85.29655456542969,0.011259972531044049,99.16801599628148,9678.720021244206
WYNN,-1,2021-08-06,2021-08-10,2,RESIDUAL_REVERTED,95.86011505126953,92.92659759521484,0.03060206483672312,286.2811524945184,9678.720021244206
EXPE,1,2021-08-09,2021-08-10,1,RESIDUAL_REVERTED,145.03929138183594,147.00205993652344,0.013532667844606605,121.51152228797815,9700.820510550207
APD,1,2021-08-10,2021-08-11,1,RESIDUAL_REVERTED,242.1199493408203,245.19725036621094,0.012709820210059952,113.59734686943185,9706.300139145147
DRI,1,2021-08-10,2021-08-11,1,RESIDUAL_REVERTED,117.4970703125,118.65931701660156,0.009891707946507955,86.25758013531957,9706.300139145147
MAR,1,2021-08-10,2021-08-11,1,RESIDUAL_REVERTED,131.29348754882812,131.7057342529297,0.003139886918978041,20.75514635701147,9706.300139145147
MRNA,-1,2021-08-10,2021-08-11,1,RESIDUAL_REVERTED,485.5,443.57000732421875,0.08636455751963179,828.8119717813848,9706.300139145147
CTVA,-1,2021-08-09,2021-08-12,3,RESIDUAL_REVERTED,42.40547561645508,43.24679946899414,-0.019839981519098826,-202.84703447134683,9700.820510550207
MNST,-1,2021-08-09,2021-08-12,3,RESIDUAL_REVERTED,24.34000015258789,24.717500686645508,-0.015509471310232614,-160.815785133464,9700.820510550207
TSN,-1,2021-08-10,2021-08-12,2,RESIDUAL_REVERTED,65.79048156738281,67.94420623779297,-0.03273611347873029,-328.0081804313018,9706.300139145147
SYY,-1,2021-08-11,2021-08-12,1,RESIDUAL_REVERTED,68.94361114501953,68.3216323852539,0.009021557609701136,78.01424809653925,9744.030538924779
ISRG,1,2021-08-11,2021-08-13,2,RESIDUAL_REVERTED,333.1700134277344,333.89666748046875,0.0021810307754241975,11.49737392790216,9744.030538924779
GEN,-1,2021-08-12,2021-08-13,1,RESIDUAL_REVERTED,23.283119201660156,23.39971160888672,-0.005007593966114721,-58.82965926834457,9756.100281974954
VTR,1,2021-08-09,2021-08-16,5,RESIDUAL_REVERTED,49.065956115722656,48.042327880859375,-0.020862290596132316,-211.9809663543132,9700.820510550207
STZ,1,2021-08-12,2021-08-16,2,RESIDUAL_REVERTED,194.81996154785156,194.0455780029297,-0.00397486755858778,-48.51591718787177,9756.100281974954
COO,-1,2021-08-13,2021-08-16,1,RESIDUAL_REVERTED,109.71560668945312,109.26325225830078,0.004122972517781487,30.06520748108025,9681.950890047217
J,-1,2021-08-13,2021-08-16,1,RESIDUAL_REVERTED,110.88282775878906,109.02157592773438,0.016785753652527657,152.72869711952762,9681.950890047217
PRGO,1,2021-08-12,2021-08-17,3,RESIDUAL_REVERTED,34.540714263916016,32.83868408203125,-0.04927605633398391,-490.25787630302125,9756.100281974954
CRM,-1,2021-08-13,2021-08-17,2,RESIDUAL_REVERTED,246.99484252929688,243.60946655273438,0.013706261806502917,122.70558020980916,9681.950890047217
HPQ,1,2021-08-16,2021-08-17,1,RESIDUAL_REVERTED,23.795841217041016,24.092050552368164,0.012447945530709825,111.00041807338732,9701.373828339163
MRNA,1,2021-08-12,2021-08-18,4,RESIDUAL_REVERTED,400.0,406.5,0.016250000000000098,148.70126098532697,9756.100281974954
EBAY,-1,2021-08-16,2021-08-18,2,RESIDUAL_REVERTED,67.35760498046875,66.68148040771484,0.010037835712091603,87.34144093893087,9701.373828339163
TMUS,1,2021-08-17,2021-08-18,1,RESIDUAL_REVERTED,133.63584899902344,133.34109497070312,-0.002205650882814103,-30.92632627387387,9650.76064399204
AAP,-1,2021-08-17,2021-08-18,1,RESIDUAL_REVERTED,186.40216064453125,184.05357360839844,0.012599569811916345,111.8163168114672,9650.76064399204
BDX,-1,2021-08-13,2021-08-19,4,RESIDUAL_REVERTED,171.99705505371094,173.93997192382812,-0.011296221726066591,-119.8852727202441,9681.950890047217
CF,1,2021-08-17,2021-08-19,2,RESIDUAL_REVERTED,42.142086029052734,40.21508026123047,-0.04572639727643735,-450.724628613365,9650.76064399204
LOW,1,2021-08-18,2021-08-19,1,RESIDUAL_REVERTED,171.78195190429688,180.4051055908203,0.050198251859005394,477.05580568146934,9701.550117623075
HD,1,2021-08-18,2021-08-19,1,RESIDUAL_REVERTED,279.90814208984375,279.4259948730469,-0.0017225194422608725,-26.40430326094825,9701.550117623075
KR,-1,2021-08-18,2021-08-20,2,RESIDUAL_REVERTED,40.58930969238281,41.235286712646484,-0.015914954581868646,-164.57073740423144,9701.550117623075
JKHY,1,2021-08-19,2021-08-20,1,RESIDUAL_REVERTED,162.00900268554688,164.56068420410156,0.015750245210183866,144.1184337903195,9775.79812025935
IQV,-1,2021-08-17,2021-08-23,4,RESIDUAL_REVERTED,254.6199951171875,256.8800048828125,-0.008876010560697978,-96.12347758757497,9650.76064399204
TJX,-1,2021-08-19,2021-08-23,2,RESIDUAL_REVERTED,66.35347747802734,69.13487243652344,-0.041917847627762184,-420.1625475238858,9775.79812025935
ROST,-1,2021-08-19,2021-08-23,2,RESIDUAL_REVERTED,116.21112823486328,116.90059661865234,-0.005932894674214317,-68.19721327917763,9775.79812025935
ILMN,1,2021-08-20,2021-08-23,1,RESIDUAL_REVERTED,473.2587585449219,475.7781982421875,0.005323598669387364,41.86704947856399,9689.345328957424
CF,1,2021-08-20,2021-08-23,1,RESIDUAL_REVERTED,39.197532653808594,40.47621536254883,0.03262151013517922,306.23369098445244,9689.345328957424
SNPS,-1,2021-08-20,2021-08-23,1,RESIDUAL_REVERTED,315.3399963378906,316.42999267578125,-0.0034565749684434266,-43.391227618578625,9689.345328957424
DE,1,2021-08-20,2021-08-24,2,RESIDUAL_REVERTED,339.9067687988281,341.7794189453125,0.00550930525185489,43.665524998348445,9689.345328957424
TGT,-1,2021-08-23,2021-08-24,1,RESIDUAL_REVERTED,217.58554077148438,216.93515014648438,0.002989126128022712,19.115708828578065,9698.903517942357
STE,1,2021-08-19,2021-08-25,4,RESIDUAL_REVERTED,205.2681427001953,203.63861083984375,-0.007938552173347158,-87.34267869234002,9775.79812025935
XOM,-1,2021-08-24,2021-08-26,2,RESIDUAL_REVERTED,46.4008674621582,46.325340270996094,0.0016277107582892691,5.724622007960267,9723.251261403695
BBY,-1,2021-08-25,2021-08-26,1,RESIDUAL_REVERTED,96.3281021118164,95.84818267822266,0.004982133178920822,38.18345695314816,9630.438500609904
IRM,1,2021-08-23,2021-08-27,4,RESIDUAL_REVERTED,37.48221969604492,37.56387710571289,0.002178563871887862,11.420212442772822,9698.903517942357
PPL,1,2021-08-24,2021-08-27,3,RESIDUAL_REVERTED,24.268888473510742,24.119592666625977,-0.006151736493730242,-69.50822344407831,9723.251261403695
XEL,1,2021-08-24,2021-08-27,3,RESIDUAL_REVERTED,58.356346130371094,58.47475051879883,0.0020289890693843127,9.995255081598149,9723.251261403695
APA,-1,2021-08-24,2021-08-27,3,RESIDUAL_REVERTED,15.153043746948242,15.393706321716309,-0.01588212762974006,-164.8142292833136,9723.251261403695
STX,1,2021-08-25,2021-08-30,3,RESIDUAL_REVERTED,73.94116973876953,74.32852172851562,0.005238651094033209,40.79484343303524,9630.438500609904
CPB,1,2021-08-26,2021-08-30,2,RESIDUAL_REVERTED,33.49542236328125,33.84843826293945,0.010539228191527084,91.64428121729559,9612.406061238209
NTAP,-1,2021-08-27,2021-08-30,1,RESIDUAL_REVERTED,76.67048645019531,77.71465301513672,-0.01361888535322775,-140.73024140306515,9608.913506686347
ADI,-1,2021-08-27,2021-08-30,1,RESIDUAL_REVERTED,153.89382934570312,153.5902557373047,0.0019726171587848285,9.165552938401342,9608.913506686347
LVS,-1,2021-08-24,2021-08-31,5,RESIDUAL_REVERTED,38.37049102783203,40.960426330566406,-0.06749810162334824,-667.3730623119635,9723.251261403695
BKR,-1,2021-08-24,2021-08-31,5,RESIDUAL_REVERTED,19.382410049438477,20.247215270996094,-0.04461804385273904,-444.77290049986624,9723.251261403695
AZO,1,2021-08-30,2021-08-31,1,RESIDUAL_REVERTED,1555.75,1551.02001953125,-0.0030403216896994767,-38.717820618532606,9586.462801382679
ZION,-1,2021-08-30,2021-08-31,1,RESIDUAL_REVERTED,48.66250991821289,48.31755828857422,0.007088652644888893,58.214516700759816,9586.462801382679
ETR,1,2021-08-30,2021-09-01,2,RESIDUAL_REVERTED,46.17512893676758,46.60749435424805,0.009363599570507919,80.13245426885028,9586.462801382679
AAP,1,2021-08-30,2021-09-01,2,RESIDUAL_REVERTED,180.79225158691406,180.61500549316406,-0.0009803854545435975,-18.980192278036174,9586.462801382679
COF,1,2021-08-31,2021-09-01,1,RESIDUAL_REVERTED,151.12127685546875,151.97291564941406,0.005635465843501386,44.43067236447118,9590.772125127352
SYF,1,2021-08-31,2021-09-01,1,RESIDUAL_REVERTED,44.02320098876953,44.103729248046875,0.0018292231702525807,7.94411863547228,9590.772125127352
AAPL,-1,2021-08-31,2021-09-01,1,RESIDUAL_REVERTED,148.90016174316406,149.06597900390625,-0.0011136137046525718,-20.465786102987376,9590.772125127352
XYL,-1,2021-08-31,2021-09-01,1,RESIDUAL_REVERTED,128.10064697265625,128.07240295410156,0.00022048302816701781,-7.665433366598287,9590.772125127352
WFC,1,2021-09-01,2021-09-03,2,RESIDUAL_REVERTED,40.45957946777344,39.38833236694336,-0.026476970717981385,-264.1833159748142,9619.352305693103
WU,-1,2021-09-01,2021-09-03,2,RESIDUAL_REVERTED,13.96701717376709,13.999226570129395,-0.00230610415678445,-32.194864347316546,9619.352305693103
ANET,1,2021-09-02,2021-09-03,1,RESIDUAL_REVERTED,22.6143741607666,22.64812469482422,0.0014924372356130977,4.701899370331429,9562.711556260623
EMR,1,2021-09-02,2021-09-03,1,RESIDUAL_REVERTED,94.73072814941406,95.84488677978516,0.011761322351642622,102.8511865461151,9562.711556260623
MPC,1,2021-09-02,2021-09-03,1,RESIDUAL_REVERTED,51.743263244628906,51.63591003417969,-0.0020747282586658367,-29.392819437557613,9562.711556260623
PVH,-1,2021-09-02,2021-09-03,1,RESIDUAL_REVERTED,120.25296783447266,118.1921157836914,0.017137639826220297,154.21434784166067,9562.711556260623
BF-B,-1,2021-09-02,2021-09-03,1,RESIDUAL_REVERTED,64.4619140625,62.822959899902344,0.02542515509248744,233.506397214944,9562.711556260623
CMCSA,-1,2021-09-01,2021-09-08,4,RESIDUAL_REVERTED,48.580894470214844,47.904052734375,0.013932261709483695,123.70082892178071,9619.352305693103
DD,1,2021-09-07,2021-09-08,1,RESIDUAL_REVERTED,81.58599853515625,81.19849395751953,-0.004749645583730144,-55.11067753294381,9589.017087468254
NOW,-1,2021-09-07,2021-09-08,1,RESIDUAL_REVERTED,135.7259979248047,132.06199645996094,0.026995575798777205,249.21611022179292,9589.017087468254
CPB,-1,2021-09-01,2021-09-09,5,RESIDUAL_REVERTED,35.03062438964844,35.342594146728516,-0.00890562936047079,-96.2873457607184,9619.352305693103
ABBV,1,2021-09-02,2021-09-09,4,RESIDUAL_REVERTED,94.5122299194336,91.0913314819336,-0.03619529917362152,-355.5148546433166,9562.711556260623
TDY,1,2021-09-07,2021-09-09,2,RESIDUAL_REVERTED,445.04998779296875,445.8900146484375,0.0018874887731925583,8.501095430031189,9589.017087468254
AVGO,-1,2021-09-07,2021-09-09,2,RESIDUAL_REVERTED,45.21830749511719,44.786659240722656,0.009545873746847788,81.61339795555,9589.017087468254
MMM,1,2021-09-08,2021-09-09,1,RESIDUAL_REVERTED,130.2836456298828,131.61712646484375,0.010235212781419811,88.75387821955535,9615.705638623183
SWK,1,2021-09-08,2021-09-09,1,RESIDUAL_REVERTED,152.46800231933594,156.5357208251953,0.02667916181744001,246.79499159971374,9615.705638623183
EG,-1,2021-09-09,2021-09-10,1,RESIDUAL_REVERTED,239.38308715820312,237.94776916503906,0.005995903930403834,48.11099459117972,9662.163793032165
GIS,-1,2021-09-09,2021-09-10,1,RESIDUAL_REVERTED,48.54795455932617,47.955596923828125,0.012201495220033998,108.09973766029833,9662.163793032165
EMR,1,2021-09-10,2021-09-13,1,RESIDUAL_REVERTED,91.51507568359375,91.32484436035156,-0.002078688367148307,-29.678669230180976,9643.29233409167
ODFL,1,2021-09-10,2021-09-13,1,RESIDUAL_REVERTED,142.24691772460938,143.3871612548828,0.008015945431457006,67.61816274301096,9643.29233409167
TSCO,-1,2021-09-07,2021-09-14,5,RESIDUAL_REVERTED,36.22727966308594,37.00215148925781,-0.02138918056719108,-215.7560365432155,9589.017087468254
PHM,1,2021-09-09,2021-09-14,3,RESIDUAL_REVERTED,46.98814010620117,46.255592346191406,-0.015590056519668272,-160.2205265888777,9662.163793032165
O,1,2021-09-10,2021-09-14,2,RESIDUAL_REVERTED,52.24726104736328,51.394046783447266,-0.016330315634011106,-167.04256089706485,9643.29233409167
UPS,-1,2021-09-13,2021-09-14,1,RESIDUAL_REVERTED,153.70944213867188,154.12783813476562,-0.002721992808459195,-35.76509758467403,9554.780995301335
DLR,1,2021-09-10,2021-09-15,3,RESIDUAL_REVERTED,132.44232177734375,130.0513153076172,-0.018053190533356966,-183.6484401133713,9643.29233409167
WAT,1,2021-09-14,2021-09-15,1,RESIDUAL_REVERTED,405.8299865722656,409.3699951171875,0.008722885597542085,73.74429075545999,9554.195760356899
XYL,1,2021-09-14,2021-09-15,1,RESIDUAL_REVERTED,125.21510314941406,124.1717758178711,-0.008332280254547353,-89.12262832411736,9554.195760356899
TDG,-1,2021-09-10,2021-09-16,4,RESIDUAL_REVERTED,498.93408203125,508.75811767578125,-0.019690047239378394,-200.39226518485077,9643.29233409167
ADI,-1,2021-09-10,2021-09-16,4,RESIDUAL_REVERTED,156.009521484375,158.61276245117188,-0.016686423636377956,-171.4145751978119,9643.29233409167
EXPD,-1,2021-09-13,2021-09-16,3,RESIDUAL_REVERTED,119.57687377929688,121.28538513183594,-0.014287974744116916,-146.71605320014763,9554.780995301335
CMCSA,1,2021-09-15,2021-09-16,1,RESIDUAL_REVERTED,44.19340515136719,45.58687973022461,0.031531278797925166,291.25583365690454,9544.51698530673
EMN,1,2021-09-15,2021-09-16,1,RESIDUAL_REVERTED,86.06018829345703,87.63512420654297,0.018300400502443193,165.0366322064615,9544.51698530673
ZBH,-1,2021-09-15,2021-09-16,1,RESIDUAL_REVERTED,137.3519287109375,136.403564453125,0.006904630074823115,56.202622250823495,9544.51698530673
AME,-1,2021-09-15,2021-09-16,1,RESIDUAL_REVERTED,127.11673736572266,127.48457336425781,-0.0028936865920092814,-37.36671563027002,9544.51698530673
SBUX,1,2021-09-16,2021-09-17,1,RESIDUAL_REVERTED,101.96177673339844,101.73970794677734,-0.0021779611314712843,-30.45624945900649,9586.86658206413
CNP,1,2021-09-16,2021-09-20,2,RESIDUAL_REVERTED,22.070999145507812,21.47162628173828,-0.027156580443777667,-269.80320686488284,9586.86658206413
LHX,1,2021-09-17,2021-09-20,1,RESIDUAL_REVERTED,200.03219604492188,199.24473571777344,-0.003936667910057867,-47.21185732820517,9567.321495484244
CPRT,-1,2021-09-17,2021-09-20,1,RESIDUAL_REVERTED,37.834999084472656,35.40250015258789,0.06429229524900537,605.6647309323986,9567.321495484244
HCA,-1,2021-09-17,2021-09-20,1,RESIDUAL_REVERTED,250.64654541015625,243.98170471191406,0.026590594685180657,244.77272930530242,9567.321495484244
AIZ,1,2021-09-16,2021-09-20,2,STOP_LOSS,151.02471923828125,144.94032524745438,-0.04028740474747805,-395.62372584662717,9586.86658206413
BLK,1,2021-09-17,2021-09-20,1,TRAILING_STOP,777.720703125,752.967501749085,-0.03182788021001992,-313.9226302032608,9567.321495484244
NWSA,-1,2021-09-17,2021-09-21,2,RESIDUAL_REVERTED,21.476781845092773,21.132234573364258,0.016042779323906964,143.62186134288854,9567.321495484244
IFF,1,2021-09-20,2021-09-21,1,RESIDUAL_REVERTED,116.92015075683594,117.5815658569336,0.00565698124588665,44.66953527838798,9597.78022495468
DG,-1,2021-09-17,2021-09-22,3,RESIDUAL_REVERTED,203.64218139648438,202.32723999023438,0.006457117072861562,51.67219586196253,9567.321495484244
WY,-1,2021-09-17,2021-09-22,3,RESIDUAL_REVERTED,28.899255752563477,28.98810386657715,-0.003074408378346938,-39.564463348351524,9567.321495484244
GWW,-1,2021-09-21,2021-09-22,1,RESIDUAL_REVERTED,385.1153564453125,384.21124267578125,0.0023476440354817107,12.75866767315725,9599.162917721758
AMP,1,2021-09-21,2021-09-23,2,RESIDUAL_REVERTED,240.50259399414062,243.533447265625,0.012602164580221675,111.31058288830725,9599.162917721758
IVZ,1,2021-09-21,2021-09-23,2,RESIDUAL_REVERTED,19.59103775024414,19.80961799621582,0.011157155060300683,97.44663652982793,9599.162917721758
PRU,1,2021-09-21,2021-09-23,2,RESIDUAL_REVERTED,77.8421401977539,79.36262512207031,0.01953292805739526,177.80684588601264,9599.162917721758
VZ,-1,2021-09-21,2021-09-23,2,RESIDUAL_REVERTED,39.57659912109375,39.51100158691406,0.001657482846845304,5.940039970650897,9599.162917721758
DIS,1,2021-09-22,2021-09-23,1,RESIDUAL_REVERTED,167.67625427246094,169.61538696289062,0.01156474241891603,100.90567900305794,9556.403144547781
PFG,1,2021-09-21,2021-09-24,3,RESIDUAL_REVERTED,52.461883544921875,53.911712646484375,0.027635856808706505,255.54928841394386,9599.162917721758
AZO,-1,2021-09-22,2021-09-24,2,RESIDUAL_REVERTED,1655.0,1660.0,-0.0030211480362538623,-38.82842144780001,9556.403144547781
REGN,-1,2021-09-23,2021-09-24,1,RESIDUAL_REVERTED,640.9515380859375,638.2867431640625,0.0041575606945774,30.121718422179516,9593.474579959919
GIS,-1,2021-09-23,2021-09-24,1,RESIDUAL_REVERTED,49.51052474975586,49.62569808959961,-0.0023262395304004535,-32.112015743744195,9593.474579959919
MGM,-1,2021-09-23,2021-09-27,2,RESIDUAL_REVERTED,43.08249282836914,44.65185546875,-0.03642692280209614,-359.6232146927082,9593.474579959919
CRM,-1,2021-09-24,2021-09-28,2,RESIDUAL_REVERTED,273.28302001953125,269.95648193359375,0.01217250192016961,107.05136729813293,9611.092942889582
COST,-1,2021-09-27,2021-09-28,1,RESIDUAL_REVERTED,441.1889953613281,433.2191162109375,0.01806454656436618,163.23601013223308,9571.74190553845
CME,-1,2021-09-27,2021-09-28,1,RESIDUAL_REVERTED,160.85321044921875,162.28793334960938,-0.008919454553526496,-95.17904255186079,9571.74190553845
TRMB,1,2021-09-24,2021-09-28,2,TRAILING_STOP,88.75,85.68000030517578,-0.03459154585717428,-341.90742393328304,9611.092942889582
DLR,1,2021-09-24,2021-09-28,2,TRAILING_STOP,130.22007751464844,122.44636459792659,-0.05969673083513094,-583.0750459717735,9611.092942889582
AON,1,2021-09-24,2021-09-28,2,TRAILING_STOP,287.4657287597656,278.476904296875,-0.031269203816648994,-309.99205146279473,9611.092942889582
ETR,1,2021-09-24,2021-09-29,3,RESIDUAL_REVERTED,42.94706726074219,41.74651336669922,-0.02795426953729141,-278.1478400750471,9611.092942889582
NKE,1,2021-09-27,2021-09-30,3,RESIDUAL_REVERTED,136.41937255859375,133.10720825195312,-0.024279281193864244,-241.85055763858063,9571.74190553845
DOW,-1,2021-09-28,2021-09-30,2,RESIDUAL_REVERTED,45.75394058227539,44.81832504272461,0.02044885156652998,184.88532451372333,9520.327263502102
TROW,1,2021-09-29,2021-09-30,1,RESIDUAL_REVERTED,162.2632293701172,161.65704345703125,-0.003735818123668966,-44.90270396168049,9485.250567935469
EXR,-1,2021-09-29,2021-09-30,1,RESIDUAL_REVERTED,140.20111083984375,140.93458557128906,-0.005231590014170395,-59.32118173264945,9485.25056793547
CE,-1,2021-09-27,2021-10-01,4,RESIDUAL_REVERTED,143.69606018066406,140.5968475341797,0.021567833123523616,196.22132416920772,9571.74190553845
KMB,-1,2021-09-29,2021-10-01,2,RESIDUAL_REVERTED,109.83462524414062,109.07775115966797,0.006891033522354872,55.53252030388575,9485.250567935469
XYL,1,2021-09-29,2021-10-01,2,TRAILING_STOP,121.61521911621094,115.07342529296875,-0.05379091425219651,-519.4504403783699,9485.250567935469
IFF,-1,2021-09-29,2021-10-01,2,TRAILING_STOP,116.44772338867188,123.12772030444712,-0.057364770399840115,-554.2554486089474,9485.250567935469
MS,1,2021-09-30,2021-10-04,2,RESIDUAL_REVERTED,85.47614288330078,84.4698486328125,-0.011772808371362298,-120.56051267990007,9443.193354659632
KEYS,1,2021-09-29,2021-10-04,3,TRAILING_STOP,168.57000732421875,160.67992929179684,-0.04680594227682833,-453.22935808669416,9485.250567935469
IBM,-1,2021-10-01,2021-10-04,1,TRAILING_STOP,111.32656860351562,115.2623211669922,-0.035353219028007254,-342.4693145005589,9410.80811472213
MO,1,2021-10-01,2021-10-05,2,RESIDUAL_REVERTED,30.96663475036621,31.695335388183594,0.02353179942514627,211.93171424496603,9410.80811472213
CF,-1,2021-10-04,2021-10-05,1,RESIDUAL_REVERTED,55.27096939086914,54.94680404663086,0.00586502006045575,45.23003223770943,9329.014832796885
LYV,-1,2021-10-04,2021-10-05,1,RESIDUAL_REVERTED,98.33999633789062,98.5999984741211,-0.0026439103712909695,-34.190829523635145,9329.014832796885
PAYX,-1,2021-10-01,2021-10-05,2,TRAILING_STOP,97.04985046386719,100.34178316089645,-0.03392001823078439,-329.1643762322702,9410.80811472213
KMX,1,2021-10-01,2021-10-06,3,RESIDUAL_REVERTED,129.0,125.19000244140625,-0.02953486479530043,-287.2187799249145,9410.80811472213
BMY,1,2021-10-04,2021-10-06,2,RESIDUAL_REVERTED,48.794532775878906,48.556297302246094,-0.004882421453384245,-54.85442290030507,9329.014832796885
MRK,-1,2021-10-04,2021-10-06,2,RESIDUAL_REVERTED,72.23292541503906,69.94160461425781,0.031721279286636705,286.3850400477703,9329.014832796885
WMB,-1,2021-10-05,2021-10-06,1,RESIDUAL_REVERTED,22.25168228149414,21.713851928710938,0.024170323213292266,214.93961373284148,9279.484880622567
MA,1,2021-10-05,2021-10-07,2,RESIDUAL_REVERTED,337.4306640625,339.2568054199219,0.005411901027120747,40.91505904909173,9279.484880622567
IPGP,1,2021-10-05,2021-10-07,2,RESIDUAL_REVERTED,153.30999755859375,156.63999938964844,0.021720708917120524,192.17672661720556,9279.484880622567
VTR,1,2021-10-06,2021-10-07,1,RESIDUAL_REVERTED,45.827720642089844,46.50992965698242,0.014886383292343153,129.10722988967117,9302.383968296475
CE,-1,2021-10-06,2021-10-07,1,RESIDUAL_REVERTED,146.06224060058594,149.15220642089844,-0.02115513090588661,-206.38017897882327,9302.383968296475
NDAQ,-1,2021-10-06,2021-10-07,1,RESIDUAL_REVERTED,60.3632926940918,60.98875045776367,-0.010361558088647582,-105.92295896685651,9302.383968296475
CDW,1,2021-10-07,2021-10-08,1,RESIDUAL_REVERTED,165.528076171875,166.2283935546875,0.004230807238316148,30.05093340233935,9307.464118872924
CBRE,1,2021-10-07,2021-10-08,1,RESIDUAL_REVERTED,98.05000305175781,98.55000305175781,0.005099438902985698,38.13164907474318,9307.464118872924
CSX,-1,2021-10-07,2021-10-08,1,RESIDUAL_REVERTED,30.651315689086914,30.08128547668457,0.018597251034326634,163.69114805382003,9307.464118872924
AOS,-1,2021-10-06,2021-10-11,3,RESIDUAL_REVERTED,57.36125946044922,58.50794982910156,-0.019990676275910335,-195.92041987753353,9302.383968296475
ICE,-1,2021-10-07,2021-10-12,3,RESIDUAL_REVERTED,115.81849670410156,119.77899932861328,-0.0341957695637356,-328.31289322165765,9307.464118872924
PNW,1,2021-10-08,2021-10-12,2,RESIDUAL_REVERTED,54.53248977661133,54.23521041870117,-0.005451417295046279,-59.92431942369771,9292.4771825166
RHI,-1,2021-10-08,2021-10-12,2,RESIDUAL_REVERTED,87.66166687011719,88.63687133789062,-0.011124639795160762,-113.0938738138709,9292.4771825166
AVY,1,2021-10-11,2021-10-12,1,RESIDUAL_REVERTED,189.19178771972656,188.40658569335938,-0.00415029656324406,-47.42363745207962,9211.654594779176
LW,1,2021-10-08,2021-10-13,3,RESIDUAL_REVERTED,52.19208526611328,50.62260055541992,-0.03007131642069827,-288.5897803592488,9292.4771825166
SRE,1,2021-10-08,2021-10-13,3,RESIDUAL_REVERTED,53.77341842651367,52.57638168334961,-0.022260752211614054,-216.04658040860016,9292.4771825166
CB,-1,2021-10-11,2021-10-13,2,RESIDUAL_REVERTED,171.39541625976562,169.4576416015625,0.011305872120093596,94.62245218632467,9211.654594779176
IP,-1,2021-10-12,2021-10-13,1,RESIDUAL_REVERTED,44.312583923339844,44.2646598815918,0.001081499599097091,0.5713197765386315,9198.561385986386
CHTR,1,2021-10-11,2021-10-14,3,RESIDUAL_REVERTED,700.0,702.8099975585938,0.004014282226562527,27.74803763161713,9211.654594779176
MGM,-1,2021-10-13,2021-10-14,1,RESIDUAL_REVERTED,48.510292053222656,48.6302375793457,-0.00247257893214603,-32.09882360214182,9188.153202817228
FAST,-1,2021-10-13,2021-10-14,1,RESIDUAL_REVERTED,24.029380798339844,24.073707580566406,-0.001844690988859199,-26.326352657595518,9188.153202817228
LKQ,-1,2021-10-08,2021-10-15,5,RESIDUAL_REVERTED,45.16291427612305,47.71635437011719,-0.056538426160512634,-535.8796763177405,9292.4771825166
TXN,1,2021-10-13,2021-10-15,2,RESIDUAL_REVERTED,164.17738342285156,167.38873291015625,0.01956024283219082,170.44449336974697,9188.153202817228
TEL,1,2021-10-13,2021-10-15,2,RESIDUAL_REVERTED,131.3341522216797,136.94134521484375,0.0426940966862881,382.89560805608374,9188.153202817228
JPM,1,2021-10-14,2021-10-18,2,RESIDUAL_REVERTED,143.58932495117188,147.7882080078125,0.029242306543807883,259.4009951240091,9189.594950317061
ATO,-1,2021-10-14,2021-10-18,2,RESIDUAL_REVERTED,81.73094940185547,81.62492370605469,0.0012972527124268662,2.369062221657532,9189.594950317061
BLK,-1,2021-10-14,2021-10-19,3,RESIDUAL_REVERTED,781.2550048828125,796.5966796875,-0.019637217949072472,-190.29525550663246,9189.594950317061
USB,1,2021-10-15,2021-10-19,2,RESIDUAL_REVERTED,48.80458450317383,49.31500244140625,0.010458401468395495,86.96003113028365,9199.031676146327
DPZ,1,2021-10-18,2021-10-19,1,RESIDUAL_REVERTED,425.2859802246094,427.3473205566406,0.004846951058538496,35.36994189922219,9200.074946929404
JBHT,-1,2021-10-18,2021-10-19,1,RESIDUAL_REVERTED,182.60421752929688,181.47731018066406,0.006171310629514926,47.42435453365995,9200.074946929404
ETN,-1,2021-10-15,2021-10-20,3,RESIDUAL_REVERTED,148.8560333251953,149.6703643798828,-0.00547059488619106,-60.097768927615924,9199.031676146327
MDT,1,2021-10-19,2021-10-20,1,RESIDUAL_REVERTED,103.72296905517578,104.82232666015625,0.01059897932921361,88.51949049989422,9226.854760670822
IP,1,2021-10-18,2021-10-21,3,RESIDUAL_REVERTED,42.30816650390625,42.707454681396484,0.009437614779486347,77.58327496294775,9200.074946929404
CDW,-1,2021-10-19,2021-10-21,2,RESIDUAL_REVERTED,174.36102294921875,175.7989044189453,-0.008246576243965631,-85.72349615132514,9226.854760670822
MNST,1,2021-10-14,2021-10-22,6,RESIDUAL_REVERTED,21.489999771118164,21.420000076293945,-0.0032573148240929717,-39.108032107465625,9189.594950317061
ULTA,1,2021-10-20,2021-10-22,2,RESIDUAL_REVERTED,366.25,371.8800048828125,0.015372026983788478,132.03107677552424,9191.586098418751
AKAM,-1,2021-10-15,2021-10-25,6,RESIDUAL_REVERTED,105.54000091552734,107.93000030517578,-0.0226454365066886,-218.735896678294,9199.031676146327
D,-1,2021-10-20,2021-10-25,3,RESIDUAL_REVERTED,60.2537841796875,61.483428955078125,-0.02040776014538115,-197.4237550541158,9191.586098418751
NDAQ,1,2021-10-21,2021-10-25,2,RESIDUAL_REVERTED,61.900447845458984,62.68149185180664,0.012617744031474754,106.60217543804379,9180.792380449391
ELV,-1,2021-10-21,2021-10-25,2,RESIDUAL_REVERTED,390.38720703125,402.8052062988281,-0.03180944212289227,-301.73731199805974,9180.792380449391
WU,1,2021-10-20,2021-10-26,4,RESIDUAL_REVERTED,12.873669624328613,12.769429206848145,-0.008097179788075004,-83.580298312298,9191.586098418751
CCI,-1,2021-10-20,2021-10-26,4,RESIDUAL_REVERTED,135.0292205810547,139.0020751953125,-0.029422184303233845,-280.51149455716745,9191.586098418751
HON,1,2021-10-25,2021-10-26,1,RESIDUAL_REVERTED,193.37701416015625,194.6167755126953,0.006411110223846439,49.470605723565654,9147.83243306371
IBM,1,2021-10-22,2021-10-27,3,RESIDUAL_REVERTED,101.1019058227539,100.6202621459961,-0.004763942606603289,-52.73293036240346,9152.542809203227
POOL,-1,2021-10-22,2021-10-27,3,RESIDUAL_REVERTED,465.9735412597656,467.8605041503906,-0.004049506513875478,-46.7832873206389,9152.542809203227
BALL,1,2021-10-26,2021-10-27,1,RESIDUAL_REVERTED,82.23320770263672,83.63651275634766,0.017064943626976303,146.73316078115243,9138.602603233076
TSLA,-1,2021-10-26,2021-10-27,1,RESIDUAL_REVERTED,341.5633239746094,346.5533447265625,-0.01460935762624227,-142.8946845504652,9138.602603233076
DE,-1,2021-10-26,2021-10-27,1,RESIDUAL_REVERTED,331.864501953125,321.8905334472656,0.03005433978976202,265.4783364621089,9138.602603233076
INTC,1,2021-10-25,2021-10-28,3,RESIDUAL_REVERTED,45.8964729309082,44.33988571166992,-0.03391518170865859,-319.2431064411759,9147.83243306371
NUE,-1,2021-10-26,2021-10-28,2,RESIDUAL_REVERTED,102.29090118408203,101.61051177978516,0.006651514420353499,51.3144794473876,9138.602603233076
LMT,1,2021-10-27,2021-10-28,1,RESIDUAL_REVERTED,291.3100280761719,288.6856994628906,-0.009008713605269447,-91.61759530220746,9157.90474057185
UPS,-1,2021-10-27,2021-10-28,1,RESIDUAL_REVERTED,171.4005126953125,168.37698364257812,0.017640140074196342,152.29199567008197,9157.90474057185
FFIV,-1,2021-10-28,2021-10-29,1,RESIDUAL_REVERTED,216.24000549316406,212.41000366210938,0.017711809719574645,152.71510712216684,9144.028663069197
MSFT,-1,2021-10-28,2021-10-29,1,RESIDUAL_REVERTED,311.26837158203125,311.0763854980469,0.000616786353873966,-3.682736954657155,9144.028663069197
GLW,1,2021-10-27,2021-11-01,3,RESIDUAL_REVERTED,32.190006256103516,31.39586067199707,-0.024670563211085628,-234.9756071900592,9157.90474057185
ROL,1,2021-10-28,2021-11-01,2,RESIDUAL_REVERTED,32.51494598388672,32.93552017211914,0.012934795845604086,109.07297722810213,9144.028663069197
FISV,1,2021-10-28,2021-11-01,2,RESIDUAL_REVERTED,98.70999908447266,98.73999786376953,0.0003039082116818026,-6.366472737207923,9144.028663069197
DXCM,-1,2021-11-01,2021-11-02,1,RESIDUAL_REVERTED,156.8175048828125,157.66250610351562,-0.005388436841502919,-58.03939602423591,9053.134694525053
AOS,-1,2021-10-29,2021-11-02,2,TRAILING_STOP,64.68706512451172,71.16825007592571,-0.1001929047010992,-922.9592052181246,9112.547723450825
ENPH,-1,2021-10-28,2021-11-03,4,RESIDUAL_REVERTED,216.22000122070312,234.4499969482422,-0.08431225429941192,-781.266244174542,9144.028663069197
MO,1,2021-10-29,2021-11-03,3,RESIDUAL_REVERTED,30.163005828857422,30.04041862487793,-0.004064157421015735,-46.12885876384637,9112.547723450825
TER,-1,2021-10-29,2021-11-03,3,RESIDUAL_REVERTED,132.65597534179688,137.56149291992188,-0.03697924323036039,-346.8140390252974,9112.547723450825
CBRE,1,2021-11-02,2021-11-03,1,RESIDUAL_REVERTED,101.47000122070312,102.0999984741211,0.006208704502207452,46.730218703002606,8976.912816362783
MRSH,1,2021-11-02,2021-11-03,1,RESIDUAL_REVERTED,151.54701232910156,152.2245330810547,0.004470696858621004,31.136076583901538,8976.912816362783
GWW,-1,2021-11-01,2021-11-04,3,RESIDUAL_REVERTED,442.5191345214844,452.501953125,-0.022559066545925655,-213.93146016031173,9053.134694525053
AON,1,2021-11-02,2021-11-04,2,TRAILING_STOP,297.4502258300781,281.09590691905277,-0.05498169942680742,-502.29605210515206,8976.912816362783
NOC,1,2021-10-29,2021-11-05,5,RESIDUAL_REVERTED,324.5613098144531,332.8597106933594,0.02556805333220491,223.7610634089105,9112.547723450825
UA,-1,2021-11-03,2021-11-05,2,RESIDUAL_REVERTED,22.100000381469727,22.399999618530273,-0.013574625877024404,-130.59546255884624,8931.763886147839
BR,1,2021-11-04,2021-11-05,1,RESIDUAL_REVERTED,155.57861328125,157.20469665527344,0.010451843860337373,83.54597092384512,8844.008667289416
FMC,-1,2021-11-04,2021-11-05,1,RESIDUAL_REVERTED,91.39287567138672,89.85921478271484,0.016780967634570598,139.469560177219,8844.008667289416
CVS,-1,2021-11-04,2021-11-05,1,RESIDUAL_REVERTED,82.03956604003906,80.67620849609375,0.016618292974391546,138.0295906188127,8844.008667289416
QRVO,1,2021-11-05,2021-11-08,1,RESIDUAL_REVERTED,154.00999450683594,156.75,0.017791088831202062,148.43416841314635,8844.741916422601
ANET,-1,2021-11-03,2021-11-09,4,RESIDUAL_REVERTED,30.689374923706055,32.96562576293945,-0.07417064847010302,-672.4936895195289,8931.763886147839
PAYC,1,2021-11-04,2021-11-09,3,RESIDUAL_REVERTED,505.28887939453125,499.50787353515625,-0.011440991668572154,-109.97764603178805,8844.008667289416
MRK,1,2021-11-08,2021-11-09,1,RESIDUAL_REVERTED,69.00617218017578,71.76093292236328,0.039920497763515916,341.6490839115167,8782.631442637276
BIO,1,2021-11-08,2021-11-09,1,RESIDUAL_REVERTED,730.8699951171875,731.0900268554688,0.0003010545510846452,-6.139902301915274,8782.631442637276
PFE,-1,2021-11-08,2021-11-09,1,RESIDUAL_REVERTED,37.63669204711914,37.419898986816406,0.005760151822889248,41.65869891208562,8782.631442637276
LYV,-1,2021-11-08,2021-11-09,1,RESIDUAL_REVERTED,118.81999969482422,116.80999755859375,0.016916362071982216,139.6900323602698,8782.631442637276
CRL,1,2021-11-04,2021-11-10,4,RESIDUAL_REVERTED,386.010009765625,381.57000732421875,-0.011502298720445392,-110.51957502987146,8844.008667289416
EXPE,-1,2021-11-08,2021-11-10,2,RESIDUAL_REVERTED,180.8725128173828,183.8413543701172,-0.016414000704086273,-153.37053531930073,8782.631442637276
PEP,1,2021-11-09,2021-11-10,1,RESIDUAL_REVERTED,138.016845703125,140.08316040039062,0.014971467336025723,122.93656665934029,8803.833330644336
QCOM,-1,2021-11-05,2021-11-11,4,RESIDUAL_REVERTED,140.88833618164062,145.13101196289062,-0.030113747498445198,-276.0585272981133,8844.741916422601
PYPL,1,2021-11-10,2021-11-11,1,RESIDUAL_REVERTED,201.84901428222656,205.6268768310547,0.018716279404495273,156.50977880575903,8838.904090964103
TSLA,1,2021-11-10,2021-11-11,1,RESIDUAL_REVERTED,336.8033447265625,367.5899963378906,0.09140839036596438,798.7071164654258,8838.904090964103
LOW,1,2021-11-10,2021-11-11,1,RESIDUAL_REVERTED,211.91334533691406,213.46205139160156,0.007308204456049072,55.72531591407799,8838.904090964103
DHI,-1,2021-11-10,2021-11-11,1,RESIDUAL_REVERTED,92.17575073242188,90.76130676269531,0.015345076752697917,126.69095609398221,8838.904090964103
SJM,-1,2021-11-10,2021-11-11,1,RESIDUAL_REVERTED,108.40935516357422,107.56216430664062,0.007814739379782387,60.094469257997915,8838.904090964103
JCI,-1,2021-11-10,2021-11-12,2,RESIDUAL_REVERTED,69.21932220458984,69.93980407714844,-0.010408681414548981,-101.2382163455914,8838.904090964103
AMD,1,2021-11-11,2021-11-12,1,RESIDUAL_REVERTED,142.9600067138672,146.02999877929688,0.021474481821858404,183.2498682593251,8954.855135845384
FTNT,1,2021-11-11,2021-11-12,1,RESIDUAL_REVERTED,67.77799987792969,67.86799621582031,0.0013278104702516558,2.929550097911723,8954.855135845384
CAH,-1,2021-11-11,2021-11-12,1,RESIDUAL_REVERTED,45.370513916015625,45.587806701660156,-0.004789295224796319,-52.040603989662436,8954.855135845384
COO,1,2021-11-12,2021-11-15,1,RESIDUAL_REVERTED,102.67547607421875,105.06967163085938,0.023318085760907437,200.9267171575787,9007.570764133192
SYK,1,2021-11-12,2021-11-15,1,RESIDUAL_REVERTED,250.68954467773438,252.22178649902344,0.006112108996243926,46.02015591047777,9007.570764133192
TPR,-1,2021-11-12,2021-11-15,1,RESIDUAL_REVERTED,40.94422149658203,40.09011459350586,0.020860255045940246,178.81160936867434,9007.570764133192
POOL,-1,2021-11-12,2021-11-16,2,RESIDUAL_REVERTED,516.841552734375,529.0372314453125,-0.023596552263291715,-222.02882384132357,9007.570764133192
WDC,-1,2021-11-12,2021-11-16,2,RESIDUAL_REVERTED,44.91969299316406,44.31043243408203,0.013563328653531714,112.86856529691524,9007.570764133192
HPE,1,2021-11-15,2021-11-16,1,RESIDUAL_REVERTED,12.765782356262207,12.861833572387695,0.007524115126275044,58.50093100318861,8972.049578711682
DGX,1,2021-11-15,2021-11-16,1,RESIDUAL_REVERTED,136.54318237304688,134.0188446044922,-0.018487468394123074,-174.75959735414068,8972.049578711682
CAH,-1,2021-11-15,2021-11-16,1,RESIDUAL_REVERTED,46.54755783081055,45.723628997802734,0.017700796162123056,149.74505008644076,8972.049578711682
LH,-1,2021-11-15,2021-11-16,1,RESIDUAL_REVERTED,239.44911193847656,233.1681671142578,0.026230812774250545,226.31697899600914,8972.049578711682
DIS,1,2021-11-12,2021-11-17,3,RESIDUAL_REVERTED,158.54299926757812,153.89874267578125,-0.02929335646008946,-272.73762100675094,9007.570764133192
TTWO,1,2021-11-16,2021-11-17,1,RESIDUAL_REVERTED,177.80999755859375,178.99000549316406,0.006636341886127495,50.84281882587422,9025.84853119336
DLTR,-1,2021-11-16,2021-11-18,2,RESIDUAL_REVERTED,130.08999633789062,132.25999450683594,-0.01668074586849122,-160.022660619604,9025.84853119336
WMT,1,2021-11-17,2021-11-18,1,RESIDUAL_REVERTED,44.82688522338867,44.50751495361328,-0.007124525118884617,-73.16660050462065,9009.59674352325
IQV,-1,2021-11-17,2021-11-18,1,RESIDUAL_REVERTED,269.0,267.2300109863281,0.00657988480918914,50.12641487903161,9009.59674352325
AMT,1,2021-11-16,2021-11-19,3,RESIDUAL_REVERTED,225.25184631347656,224.19483947753906,-0.004692555702591195,-51.35896837847124,9025.84853119336
PGR,1,2021-11-18,2021-11-19,1,RESIDUAL_REVERTED,81.06278991699219,80.91948699951172,-0.001767801449064521,-24.922635072552332,9007.364562599625
NVR,1,2021-11-17,2021-11-22,3,RESIDUAL_REVERTED,5165.759765625,5248.0,0.015920259188640262,134.35380104082589,9009.59674352325
QCOM,-1,2021-11-17,2021-11-22,3,RESIDUAL_REVERTED,162.16461181640625,162.45162963867188,-0.0017699165005899964,-25.512439231927754,9009.59674352325
CSCO,1,2021-11-19,2021-11-22,1,RESIDUAL_REVERTED,46.8780517578125,46.702964782714844,-0.0037349456415597393,-42.272397664638675,8931.269706010555
BBWI,-1,2021-11-19,2021-11-22,1,RESIDUAL_REVERTED,68.81405639648438,67.61357879638672,0.01744523812374743,146.78107662607164,8931.269706010555
HD,-1,2021-11-17,2021-11-22,3,TRAILING_STOP,346.0742492675781,364.67781237629816,-0.05375598776300783,-494.12187589721304,9009.59674352325
AAPL,-1,2021-11-19,2021-11-22,1,TRAILING_STOP,153.99169921875,160.31047111096032,-0.04103319805072281,-375.7735351917136,8931.269706010555
MDLZ,1,2021-11-22,2021-11-23,1,RESIDUAL_REVERTED,53.22029113769531,53.748966217041016,0.009933712650648241,79.77261673486908,8934.358595536532
TGT,1,2021-11-18,2021-11-24,4,RESIDUAL_REVERTED,219.9002685546875,212.86764526367188,-0.03198096726865374,-296.92756370030304,9007.364562599625
ROST,1,2021-11-22,2021-11-24,2,RESIDUAL_REVERTED,107.74650573730469,108.04946899414062,0.002811815146698038,16.17484534701218,8934.358595536532
CPRT,1,2021-11-23,2021-11-24,1,RESIDUAL_REVERTED,36.584999084472656,36.91999816894531,0.009156733438728804,72.38233872783796,8878.920737948578
AMGN,1,2021-11-23,2021-11-24,1,RESIDUAL_REVERTED,174.544677734375,176.33126831054688,0.010235720729856457,81.9577912416969,8878.920737948578
GILD,-1,2021-11-23,2021-11-24,1,RESIDUAL_REVERTED,58.472381591796875,59.20046615600586,-0.01245176858524144,-119.67055148980458,8878.920737948578
LYB,-1,2021-11-23,2021-11-26,2,RESIDUAL_REVERTED,66.45706176757812,62.66034698486328,0.057130343739739575,498.28248950690346,8878.920737948578
AIZ,-1,2021-11-23,2021-11-26,2,RESIDUAL_REVERTED,150.7488250732422,144.62437438964844,0.040626855171960075,351.67304049330744,8878.920737948578
TRV,-1,2021-11-23,2021-11-26,2,RESIDUAL_REVERTED,144.16929626464844,140.40457153320312,0.026113221254368102,222.73950237728693,8878.920737948578
LOW,-1,2021-11-17,2021-11-29,7,RESIDUAL_REVERTED,227.76451110839844,228.0286865234375,-0.0011598620599559961,-20.713949155995785,9009.59674352325
BBY,1,2021-11-24,2021-11-29,2,RESIDUAL_REVERTED,95.17990112304688,91.68051147460938,-0.036766056774040434,-337.0430263865273,8928.842308470385
ADSK,1,2021-11-26,2021-11-29,1,RESIDUAL_REVERTED,258.17999267578125,257.2099914550781,-0.00375707354644339,-42.39476393636598,8915.462741307558
GAP,1,2021-11-26,2021-11-29,1,RESIDUAL_REVERTED,14.470500946044922,14.462248802185059,-0.0005702735441317497,-13.997173150100304,8915.462741307558
STZ,1,2021-11-26,2021-11-29,1,RESIDUAL_REVERTED,209.3610382080078,210.768798828125,0.0067240811956545965,51.00285848039303,8915.462741307558
CLX,-1,2021-11-29,2021-11-30,1,RESIDUAL_REVERTED,145.29844665527344,143.3550262451172,0.01337536948875373,110.69430127147618,8954.010295353197
RVTY,-1,2021-11-29,2021-11-30,1,RESIDUAL_REVERTED,180.61827087402344,183.13894653320312,-0.013955817686560623,-134.1571154901898,8954.010295353197
MRNA,-1,2021-11-29,2021-12-01,2,RESIDUAL_REVERTED,370.3299865722656,330.0,0.10890283810273005,966.3048242573594,8954.010295353197
WMT,1,2021-11-30,2021-12-01,1,RESIDUAL_REVERTED,44.30083465576172,43.99711990356445,-0.006855734311944084,-70.2374725382877,8944.820611898997
DXCM,1,2021-11-30,2021-12-01,1,RESIDUAL_REVERTED,143.0,141.8524932861328,-0.00802452247459573,-80.6868456862938,8944.820611898997
DE,1,2021-11-30,2021-12-01,1,RESIDUAL_REVERTED,325.1400451660156,332.1086120605469,0.021432508846989773,182.66927131391216,8944.820611898997
STZ,1,2021-11-30,2021-12-01,1,RESIDUAL_REVERTED,205.96034240722656,207.66065979003906,0.008255557176393813,64.86273514322173,8944.820611898997
HPQ,-1,2021-11-26,2021-12-01,3,TRAILING_STOP,28.697025299072266,31.320981829912228,-0.09143653404817509,-825.0621504678365,8915.462741307558
LH,-1,2021-12-01,2021-12-02,1,RESIDUAL_REVERTED,232.53273010253906,233.1437225341797,-0.002627554544133215,-32.59398564193775,8933.01552674184
TPR,1,2021-11-26,2021-12-03,5,RESIDUAL_REVERTED,37.72150421142578,36.50336456298828,-0.032292976483915714,-296.67833797525503,8915.462741307558
LRCX,-1,2021-11-30,2021-12-03,3,RESIDUAL_REVERTED,64.19701385498047,63.5762825012207,0.009669162418706634,77.05257574896521,8944.820611898997
AAPL,-1,2021-12-01,2021-12-03,2,RESIDUAL_REVERTED,163.59356689453125,160.21389770507812,0.020658936983946274,175.35818269881773,8933.01552674184
DG,1,2021-12-03,2021-12-06,1,RESIDUAL_REVERTED,200.01612854003906,204.28216552734375,0.021328464951518633,183.2118838595498,9017.30883145406
MMM,1,2021-12-03,2021-12-06,1,RESIDUAL_REVERTED,120.20756530761719,123.47633361816406,0.027192700411009296,236.06506624704133,9017.30883145406
CL,1,2021-12-03,2021-12-06,1,RESIDUAL_REVERTED,67.88640594482422,69.02051544189453,0.0167059882061229,141.55042463029173,9017.30883145406
KR,-1,2021-12-03,2021-12-06,1,RESIDUAL_REVERTED,40.575557708740234,39.5746955871582,0.024666626365715705,213.34781950631975,9017.30883145406
DAL,-1,2021-12-03,2021-12-06,1,RESIDUAL_REVERTED,35.212425231933594,35.95566177368164,-0.021107223852165014,-199.61929267745282,9017.30883145406
CCL,-1,2021-12-03,2021-12-06,1,RESIDUAL_REVERTED,17.498802185058594,17.28227996826172,0.012373545029370825,102.4414775908982,9017.30883145406
PVH,1,2021-12-03,2021-12-07,2,RESIDUAL_REVERTED,100.25098419189453,104.55241394042969,0.04290660868028606,377.691381478342,9017.30883145406
MPWR,1,2021-12-07,2021-12-08,1,RESIDUAL_REVERTED,505.2598571777344,517.1928100585938,0.023617456861730668,205.7672844784556,9102.47223459806
KEYS,1,2021-12-07,2021-12-08,1,RESIDUAL_REVERTED,199.69000244140625,202.44000244140625,0.013771345417289638,116.1881404146924,9102.47223459806
ODFL,1,2021-12-07,2021-12-08,1,RESIDUAL_REVERTED,173.90652465820312,177.6510772705078,0.021531984608767596,186.79382267647298,9102.47223459806
CME,1,2021-12-07,2021-12-08,1,RESIDUAL_REVERTED,183.662109375,187.3419647216797,0.020036007204764283,173.18353843933784,9102.47223459806
HST,-1,2021-12-07,2021-12-08,1,RESIDUAL_REVERTED,13.082999229431152,13.098750114440918,-0.0012039200441389397,-20.246878738343565,9102.47223459806
UAL,-1,2021-12-07,2021-12-08,1,RESIDUAL_REVERTED,44.97999954223633,43.7400016784668,0.027567760702291055,241.78347080306727,9102.47223459806
NCLH,-1,2021-12-07,2021-12-08,1,RESIDUAL_REVERTED,20.780000686645508,20.6299991607666,0.007218552498667985,56.46218642476397,9102.47223459806
MKC,1,2021-12-08,2021-12-09,1,RESIDUAL_REVERTED,78.74382781982422,79.51476287841797,0.009790418880293084,80.8261571002328,9199.92479997341
AMGN,-1,2021-12-07,2021-12-10,3,RESIDUAL_REVERTED,180.5172882080078,184.0991668701172,-0.019842302627447017,-190.35721107953947,9102.47223459806
MKTX,-1,2021-12-07,2021-12-10,3,RESIDUAL_REVERTED,341.80426025390625,358.0086364746094,-0.04740835064099502,-441.4192718089504,9102.47223459806
KHC,1,2021-12-09,2021-12-10,1,RESIDUAL_REVERTED,25.966896057128906,26.265451431274414,0.011497537999484608,95.97871451282256,9147.98347587341
BF-B,1,2021-12-09,2021-12-10,1,RESIDUAL_REVERTED,63.62553024291992,64.17784118652344,0.008680649756392045,70.22275183517962,9147.98347587341
NVR,-1,2021-12-09,2021-12-10,1,RESIDUAL_REVERTED,5890.2099609375,5874.5498046875,0.002658675387440246,15.005010640867404,9147.98347587341
NCLH,-1,2021-12-09,2021-12-10,1,RESIDUAL_REVERTED,21.1200008392334,21.5,-0.0179923837910414,-174.008309994698,9147.98347587341
CPB,-1,2021-12-09,2021-12-10,1,TRAILING_STOP,34.54280090332031,35.499823075609875,-0.027705401625308657,-262.9068169141182,9147.98347587341
LH,1,2021-12-10,2021-12-13,1,RESIDUAL_REVERTED,231.8484344482422,234.93597412109375,0.013317060691823812,112.67822423994585,9153.090432134106
ODFL,1,2021-12-09,2021-12-14,3,RESIDUAL_REVERTED,173.86264038085938,174.03817749023438,0.0010096309879481513,0.08348607480872161,9147.98347587341
WMT,1,2021-12-13,2021-12-14,1,RESIDUAL_REVERTED,44.08938217163086,45.051395416259766,0.021819612733151583,190.3027369058883,9145.343540895554
C,1,2021-12-13,2021-12-14,1,RESIDUAL_REVERTED,51.36738967895508,51.33342742919922,-0.0006611636286780742,-15.188888777641282,9145.343540895554
ORCL,-1,2021-12-13,2021-12-14,1,RESIDUAL_REVERTED,96.09588623046875,93.8069839477539,0.023818941398025317,208.61726486371393,9145.343540895554
AVGO,-1,2021-12-13,2021-12-14,1,RESIDUAL_REVERTED,58.03560256958008,56.55632400512695,0.025489156637593102,223.90038059051687,9145.343540895554
COST,-1,2021-12-13,2021-12-14,1,RESIDUAL_REVERTED,522.4808349609375,528.1950073242188,-0.010936616198962579,-109.3981556979709,9145.343540895554
F,-1,2021-12-13,2021-12-14,1,RESIDUAL_REVERTED,15.6544771194458,14.593155860900879,0.067796659731711,611.0138771734692,9145.343540895554
GM,-1,2021-12-13,2021-12-14,1,RESIDUAL_REVERTED,59.493404388427734,55.5635986328125,0.06605447773601669,595.0747327652545,9145.343540895554
NXPI,1,2021-12-09,2021-12-15,4,RESIDUAL_REVERTED,205.5614013671875,202.4173583984375,-0.015294909199095708,-148.99560130587594,9147.98347587341
ADBE,1,2021-12-15,2021-12-16,1,RESIDUAL_REVERTED,615.9600219726562,578.4000244140625,-0.06097797944468075,-574.2856663344095,9270.52350493469
SNPS,1,2021-12-15,2021-12-16,1,RESIDUAL_REVERTED,347.0199890136719,363.0799865722656,0.04627974775816446,419.5524471448806,9270.52350493469
MSCI,1,2021-12-15,2021-12-16,1,RESIDUAL_REVERTED,561.9230346679688,574.9002685546875,0.023094326244138985,204.71892252484832,9270.523504934688
BRK-B,-1,2021-12-15,2021-12-16,1,RESIDUAL_REVERTED,295.82000732421875,296.8800048828125,-0.0035832517488649795,-42.68892029825139,9270.52350493469
PRU,-1,2021-12-15,2021-12-16,1,RESIDUAL_REVERTED,85.1172103881836,85.74312591552734,-0.007353571909713752,-77.65915334780836,9270.52350493469
ALGN,1,2021-12-14,2021-12-17,3,RESIDUAL_REVERTED,620.2000122070312,592.469970703125,-0.04471144946486971,-422.39455864990646,9244.975640189563
CNC,-1,2021-12-15,2021-12-17,2,RESIDUAL_REVERTED,81.95999908447266,83.12000274658203,-0.014153290325367163,-140.91782491809175,9270.52350493469
TRV,-1,2021-12-15,2021-12-20,3,RESIDUAL_REVERTED,143.44479370117188,142.9417724609375,0.003506723578147297,22.6936249350797,9270.52350493469
SCHW,-1,2021-12-15,2021-12-20,3,RESIDUAL_REVERTED,75.83679962158203,76.51173400878906,-0.008899826872638128,-92.38269838983592,9270.52350493469
SWKS,1,2021-12-17,2021-12-20,1,RESIDUAL_REVERTED,126.16004943847656,130.2559051513672,0.032465552535218434,288.1989319032443,9163.916234506756
TGT,1,2021-12-17,2021-12-20,1,RESIDUAL_REVERTED,193.05784606933594,189.7948455810547,-0.016901672502392606,-163.97198451398177,9163.916234506756
ACN,-1,2021-12-17,2021-12-20,1,RESIDUAL_REVERTED,365.94708251953125,360.88763427734375,0.013825628031663428,117.41456069221712,9163.916234506756
MDT,1,2021-12-16,2021-12-21,3,RESIDUAL_REVERTED,88.05929565429688,85.74713897705078,-0.026256815479460127,-253.76545562767322,9314.651682777854
ADBE,1,2021-12-17,2021-12-21,2,RESIDUAL_REVERTED,566.0900268554688,550.9099731445312,-0.026815617641702816,-254.77712204270995,9163.916234506756
CAG,-1,2021-12-17,2021-12-21,2,RESIDUAL_REVERTED,26.882911682128906,26.718847274780273,0.0061029255048179465,46.42667502216112,9163.916234506756
PFG,1,2021-12-21,2021-12-22,1,RESIDUAL_REVERTED,57.23570251464844,59.113101959228516,0.032801195094960045,292.2911550600724,9195.942892878113
AMP,1,2021-12-21,2021-12-22,1,RESIDUAL_REVERTED,268.56494140625,275.08740234375,0.024286345430447165,214.0282348393981,9195.942892878113
D,-1,2021-12-21,2021-12-22,1,RESIDUAL_REVERTED,63.07434844970703,61.890037536621094,0.018776427219541758,163.37756398310836,9195.942892878113
COR,-1,2021-12-21,2021-12-22,1,RESIDUAL_REVERTED,121.12498474121094,121.61203002929688,-0.004021014236877063,-46.37501553460613,9195.942892878113
AEP,-1,2021-12-21,2021-12-22,1,RESIDUAL_REVERTED,73.90101623535156,72.7710952758789,0.015289653878022613,131.296536140971,9195.942892878113
FDX,-1,2021-12-20,2021-12-23,3,RESIDUAL_REVERTED,183.072509765625,183.48934936523438,-0.002276909843771824,-30.67883379786163,9192.712442333712
GIS,1,2021-12-22,2021-12-23,1,RESIDUAL_REVERTED,53.99321365356445,54.748085021972656,0.013980856432285416,120.37627900799983,9278.36613776053
HST,-1,2021-12-22,2021-12-27,2,RESIDUAL_REVERTED,13.248406410217285,13.579222679138184,-0.024970268776308924,-241.45576255613048,9278.36613776053
CTAS,1,2021-12-23,2021-12-27,1,RESIDUAL_REVERTED,103.25743103027344,104.7926254272461,0.014867640824054229,128.59973373131902,9278.341492123856
PAYX,-1,2021-12-23,2021-12-27,1,RESIDUAL_REVERTED,115.35763549804688,115.91718292236328,-0.004850545192787603,-54.49028252061333,9278.341492123856
ISRG,-1,2021-12-23,2021-12-27,1,RESIDUAL_REVERTED,360.6499938964844,363.4599914550781,-0.0077914809542469765,-81.79228199023014,9278.341492123856
CCI,1,2021-12-22,2021-12-28,3,RESIDUAL_REVERTED,156.70875549316406,161.00216674804688,0.02739739232419658,244.7975695474034,9278.36613776053
KMX,1,2021-12-23,2021-12-28,2,RESIDUAL_REVERTED,128.1999969482422,126.94999694824219,-0.00975039024770541,-99.70055816660863,9278.341492123856
FTV,-1,2021-12-27,2021-12-28,1,RESIDUAL_REVERTED,55.204261779785156,55.735782623291016,-0.009628257427409137,-98.55088082784204,9250.93767891744
IEX,1,2021-12-20,2021-12-29,6,RESIDUAL_REVERTED,212.9140625,221.43930053710938,0.04004074666091806,358.70631605280477,9192.712442333712
ATO,-1,2021-12-23,2021-12-29,3,RESIDUAL_REVERTED,90.85572814941406,92.17298126220703,-0.014498294599837758,-144.42518981291315,9278.341492123856
FISV,1,2021-12-28,2021-12-29,1,RESIDUAL_REVERTED,104.0,104.27999877929688,0.0026922959547777126,15.702435645718744,9286.163067981357
AMZN,1,2021-12-28,2021-12-29,1,RESIDUAL_REVERTED,170.1824951171875,170.83999633789062,0.0038635067622576624,26.573052163687116,9286.163067981357
APA,-1,2021-12-28,2021-12-29,1,RESIDUAL_REVERTED,24.3626708984375,24.026697158813477,0.013790513405719018,118.65685474133586,9286.163067981357
DVN,-1,2021-12-28,2021-12-29,1,RESIDUAL_REVERTED,36.11433029174805,35.599552154541016,0.014254123862976753,122.96353072749045,9286.163067981357
DXCM,1,2021-12-29,2021-12-30,1,RESIDUAL_REVERTED,133.9949951171875,133.1750030517578,-0.00611957233710525,-66.25614654667665,9310.198790832772
TER,1,2021-12-29,2021-12-30,1,RESIDUAL_REVERTED,161.7757110595703,163.72943115234375,0.012076720788166018,103.07025415273505,9310.198790832772
CPB,-1,2021-12-29,2021-12-30,1,RESIDUAL_REVERTED,35.983821868896484,35.91756057739258,0.0018414189505862044,7.65860136049596,9310.198790832772
FFIV,-1,2021-12-28,2021-12-31,3,RESIDUAL_REVERTED,245.0,245.39999389648438,-0.001632628148915849,-25.011019979973014,9286.163067981357
BIIB,-1,2021-12-30,2021-12-31,1,RESIDUAL_REVERTED,245.19000244140625,239.75999450683594,0.022146122927128475,197.04457645144385,9321.916767902685
WDC,-1,2021-12-30,2021-12-31,1,RESIDUAL_REVERTED,49.16193771362305,49.139373779296875,0.00045897162267305447,-5.226269222622893,9321.916767902685
EXC,-1,2021-12-30,2022-01-04,3,RESIDUAL_REVERTED,34.06761932373047,34.03153991699219,0.0010590527737037725,-0.006636306222306487,9321.916767902685
GWW,1,2021-12-31,2022-01-05,3,RESIDUAL_REVERTED,492.717041015625,496.25,0.007170360856796343,57.526152384427945,9328.400351074288
C,-1,2022-01-04,2022-01-05,1,RESIDUAL_REVERTED,54.39899826049805,54.432960510253906,-0.0006243175580775695,-15.32260614945564,9318.475536400538
ZTS,1,2022-01-04,2022-01-05,1,STOP_LOSS,221.4975128173828,207.34735884141483,-0.06388403100324791,-604.3226047167843,9318.475536400538
MHK,-1,2022-01-03,2022-01-06,3,RESIDUAL_REVERTED,183.35000610351562,183.67999267578125,-0.0017997630830692835,-26.67677600412213,9325.315502088202
MRSH,1,2022-01-04,2022-01-06,2,RESIDUAL_REVERTED,155.71437072753906,153.41258239746094,-0.014782118820013568,-146.99641473056272,9318.475536400538
WBD,-1,2022-01-04,2022-01-06,2,RESIDUAL_REVERTED,25.770000457763672,26.59000015258789,-0.031819933265743394,-306.3616925488433,9318.475536400538
WAB,-1,2022-01-05,2022-01-07,2,RESIDUAL_REVERTED,95.48572540283203,93.81055450439453,0.017543678820790665,152.19038951281797,9216.178964171097
ARE,1,2022-01-06,2022-01-07,1,RESIDUAL_REVERTED,168.2205352783203,168.60906982421875,0.0023096736986101263,11.987989185786985,9161.495134778637
CCI,1,2022-01-06,2022-01-07,1,RESIDUAL_REVERTED,149.0262451171875,151.51898193359375,0.016726830998432973,144.00466428722382,9161.495134778637
WMT,-1,2022-01-06,2022-01-07,1,RESIDUAL_REVERTED,45.152000427246094,45.1142692565918,0.0008356478184193827,-1.683532956664313,9161.495134778637
SLB,-1,2022-01-04,2022-01-10,4,TRAILING_STOP,28.901031494140625,31.750138012704078,-0.09858148208796913,-929.1869796392018,9318.475536400538
CTAS,1,2022-01-04,2022-01-11,5,RESIDUAL_REVERTED,101.89440155029297,95.45233154296875,-0.06322300253311308,-598.1659069777832,9318.475536400538
FTV,1,2022-01-04,2022-01-11,5,RESIDUAL_REVERTED,54.58415603637695,53.43252944946289,-0.021098184354935823,-205.82308885295134,9318.475536400538
HUM,1,2022-01-07,2022-01-11,2,RESIDUAL_REVERTED,350.2669372558594,366.40460205078125,0.0460724752423145,412.07425275533404,9147.156143551623
LW,-1,2022-01-07,2022-01-11,2,RESIDUAL_REVERTED,61.76030731201172,62.35237121582031,-0.009586479238477663,-97.25151788348826,9147.156143551623
FOX,1,2022-01-10,2022-01-11,1,RESIDUAL_REVERTED,33.778289794921875,33.68484878540039,-0.0027663037438778737,-34.02516133349825,9037.418054910348
APH,1,2022-01-10,2022-01-11,1,RESIDUAL_REVERTED,19.457998275756836,19.630537033081055,0.008867240857924674,71.05947609042344,9037.418054910348
WBD,-1,2022-01-10,2022-01-11,1,RESIDUAL_REVERTED,30.170000076293945,28.899999618530273,0.0420948112214814,371.41127989795444,9037.418054910348
CAG,-1,2022-01-10,2022-01-11,1,RESIDUAL_REVERTED,27.203229904174805,26.77353858947754,0.01579559913329709,133.60942394801233,9037.418054910348
KEY,-1,2022-01-07,2022-01-12,3,RESIDUAL_REVERTED,20.555309295654297,20.95060920715332,-0.0192310368972457,-185.69662995464876,9147.156143551623
COR,-1,2022-01-11,2022-01-12,1,RESIDUAL_REVERTED,128.91729736328125,129.71945190429688,-0.00622224137041294,-66.50474648553741,9178.883626924953
APTV,1,2022-01-12,2022-01-13,1,RESIDUAL_REVERTED,161.77999877929688,160.52999877929688,-0.007726542276126902,-79.84008578459147,9153.16105739161
UNP,1,2022-01-12,2022-01-13,1,RESIDUAL_REVERTED,222.27566528320312,222.1769256591797,-0.00044422147560607694,-13.217158753410938,9153.16105739161
ES,1,2022-01-12,2022-01-13,1,RESIDUAL_REVERTED,70.78299713134766,72.04739379882812,0.017862999854812767,154.26800212455205,9153.16105739161
ILMN,-1,2022-01-12,2022-01-13,1,RESIDUAL_REVERTED,409.5330810546875,403.26849365234375,0.015296901989481082,130.7535351150586,9153.16105739161
YUM,1,2022-01-12,2022-01-14,2,RESIDUAL_REVERTED,119.69754791259766,116.96778106689453,-0.022805536899522694,-217.79154192288885,9153.16105739161
WAB,1,2022-01-12,2022-01-14,2,RESIDUAL_REVERTED,90.45044708251953,90.0511245727539,-0.004414820740480274,-49.54252155188232,9153.16105739161
CRL,-1,2022-01-12,2022-01-14,2,RESIDUAL_REVERTED,358.0,349.70001220703125,0.02318432344404675,202.8017459636405,9153.16105739161
APA,-1,2022-01-12,2022-01-14,2,RESIDUAL_REVERTED,28.282411575317383,27.834440231323242,0.015839220174035495,135.54013034072818,9153.16105739161
FCX,-1,2022-01-13,2022-01-14,1,RESIDUAL_REVERTED,41.758426666259766,40.63235092163086,0.026966431317652084,237.36897840436194,9143.59073427464
NOW,1,2022-01-14,2022-01-18,1,RESIDUAL_REVERTED,104.25199890136719,104.94000244140625,0.00659942780272238,51.447120401561136,9193.34217962838
BWA,-1,2022-01-14,2022-01-18,1,RESIDUAL_REVERTED,40.69675827026367,40.80390167236328,-0.002632725717072626,-33.59280362351818,9193.34217962838
BSX,-1,2022-01-13,2022-01-19,3,RESIDUAL_REVERTED,44.2400016784668,44.16999816894531,0.001582357750125385,4.784000038953564,9143.59073427464
LUMN,1,2022-01-14,2022-01-19,2,RESIDUAL_REVERTED,11.444406509399414,11.41637897491455,-0.00244901598539371,-31.69672681575421,9193.34217962838
TECH,1,2022-01-14,2022-01-19,2,RESIDUAL_REVERTED,96.82683563232422,93.03934478759766,-0.039116127466032435,-368.62148274455564,9193.34217962838
LRCX,-1,2022-01-18,2022-01-19,1,RESIDUAL_REVERTED,68.2753677368164,65.81647491455078,0.03601434754249888,321.84480303401415,9192.00565474588
JPM,1,2022-01-18,2022-01-20,2,RESIDUAL_REVERTED,139.11851501464844,133.05477905273438,-0.04358683645577721,-409.6421276051465,9192.00565474588
MNST,1,2022-01-18,2022-01-20,2,RESIDUAL_REVERTED,22.084999084472656,21.844999313354492,-0.010867094456295523,-109.03245415082527,9192.005654745879
WYNN,-1,2022-01-18,2022-01-20,2,RESIDUAL_REVERTED,87.63856506347656,86.8183364868164,0.009359219609153424,76.51923897704192,9192.005654745879
GS,1,2022-01-19,2022-01-20,1,RESIDUAL_REVERTED,319.12066650390625,310.7138671875,-0.0263436379990869,-249.9248345149492,9144.550732070615
WMB,-1,2022-01-19,2022-01-20,1,RESIDUAL_REVERTED,24.289690017700195,23.5156192779541,0.03186828399959074,282.24560759793167,9144.550732070615
LVS,-1,2022-01-18,2022-01-21,3,RESIDUAL_REVERTED,39.956356048583984,40.96980667114258,-0.025363940128231732,-243.01358125975537,9192.005654745879
USB,1,2022-01-20,2022-01-21,1,RESIDUAL_REVERTED,46.2149772644043,46.27215576171875,0.001237228723219408,2.1586042910146457,9123.043395884297
BNY,1,2022-01-20,2022-01-21,1,RESIDUAL_REVERTED,51.99427795410156,52.36279296875,0.0070876071204171165,55.50517366299343,9123.043395884297
CME,-1,2022-01-20,2022-01-24,2,RESIDUAL_REVERTED,190.70541381835938,181.3451385498047,0.04908237831921247,438.523382623865,9123.043395884297
VFC,1,2022-01-21,2022-01-24,1,RESIDUAL_REVERTED,56.6755256652832,56.743709564208984,0.0012030571948897784,1.8499173478499342,9137.394777474123
ARE,1,2022-01-21,2022-01-24,1,RESIDUAL_REVERTED,160.55422973632812,157.11373901367188,-0.02142883889329128,-204.84325348807272,9137.394777474123
TRV,-1,2022-01-21,2022-01-24,1,RESIDUAL_REVERTED,151.209716796875,148.16404724121094,0.020142022749473187,174.82192669835194,9137.394777474123
PG,-1,2022-01-20,2022-01-25,3,RESIDUAL_REVERTED,142.45626831054688,142.7498321533203,-0.0020607295576033913,-28.481892371004957,9123.043395884297
NTRS,1,2022-01-21,2022-01-25,2,RESIDUAL_REVERTED,103.1939926147461,99.39481353759766,-0.036815893841145475,-345.3705502115421,9137.394777474123
MS,-1,2022-01-21,2022-01-25,2,RESIDUAL_REVERTED,84.27287292480469,82.93331146240234,0.015895523860894323,135.81508946837664,9137.394777474123
BLK,1,2022-01-25,2022-01-26,1,RESIDUAL_REVERTED,688.7621459960938,721.6781005859375,0.04779001688927087,427.99914500639807,9151.905862475947
WMB,1,2022-01-25,2022-01-26,1,RESIDUAL_REVERTED,22.904504776000977,23.82524299621582,0.04019900142873123,358.5616222403874,9151.905862475947
SRE,1,2022-01-25,2022-01-26,1,RESIDUAL_REVERTED,56.462738037109375,57.790863037109375,0.0235221501147731,206.01296141918925,9151.905862475947
PLD,1,2022-01-25,2022-01-26,1,RESIDUAL_REVERTED,130.84764099121094,133.5770721435547,0.020859612994682086,181.65785598530627,9151.905862475947
SBAC,-1,2022-01-25,2022-01-26,1,RESIDUAL_REVERTED,298.1959228515625,299.11712646484375,-0.0030892562328552753,-37.62122507364821,9151.905862475947
GPC,-1,2022-01-25,2022-01-26,1,RESIDUAL_REVERTED,115.37936401367188,115.84101867675781,-0.004001189181725984,-45.96919695788447,9151.905862475947
URI,-1,2022-01-25,2022-01-26,1,RESIDUAL_REVERTED,293.654052734375,301.6346130371094,-0.027176741572006113,-258.17883144037364,9151.905862475947
SYF,1,2022-01-31,2022-02-01,1,RESIDUAL_REVERTED,36.841026306152344,38.23448944091797,0.03782367850411705,340.0512862091456,9239.327321527879
VFC,1,2022-01-31,2022-02-01,1,RESIDUAL_REVERTED,52.84886169433594,55.74656677246094,0.05483003768150341,497.1000415369939,9239.327321527879
CE,1,2022-01-31,2022-02-01,1,RESIDUAL_REVERTED,140.43162536621094,144.60580444335938,0.029723924837181226,265.2524289942555,9239.327321527879
WDC,1,2022-01-31,2022-02-01,1,RESIDUAL_REVERTED,37.24001693725586,38.646575927734375,0.037770095347925636,339.55646142633117,9239.327321527879
V,-1,2022-01-31,2022-02-01,1,RESIDUAL_REVERTED,217.54750061035156,218.8495635986328,-0.0059851893707267845,-64.7499244551448,9239.327321527879
NI,-1,2022-01-31,2022-02-01,1,RESIDUAL_REVERTED,24.8879451751709,25.008012771606445,-0.00482432742399852,-54.01948498052983,9239.327321527879
MA,-1,2022-01-31,2022-02-01,1,RESIDUAL_REVERTED,368.59124755859375,375.48260498046875,-0.018696476021936803,-182.25560806277832,9239.327321527879
CHD,-1,2022-01-31,2022-02-01,1,RESIDUAL_REVERTED,96.83006286621094,97.2363052368164,-0.004195415747759723,-48.20511633095191,9239.327321527879
AAPL,-1,2022-01-31,2022-02-01,1,RESIDUAL_REVERTED,166.21139526367188,169.97203063964844,-0.02262561703432442,-218.57762898084133,9239.327321527879
CAT,1,2022-01-31,2022-02-02,2,RESIDUAL_REVERTED,184.91799926757812,188.39476013183594,0.018801635741401812,164.38828224002359,9239.327321527879
BR,1,2022-02-02,2022-02-03,1,RESIDUAL_REVERTED,141.0721893310547,139.88951110839844,-0.00838349662158322,-87.73037721334171,9353.611850633062
SO,1,2022-02-02,2022-02-03,1,RESIDUAL_REVERTED,57.283660888671875,58.08335876464844,0.0139603137015063,121.16045414849222,9353.611850633062
MOS,-1,2022-02-02,2022-02-03,1,RESIDUAL_REVERTED,38.221588134765625,38.248104095458984,-0.0006937430386164678,-16.03539473870605,9353.611850633062
XOM,-1,2022-02-02,2022-02-03,1,RESIDUAL_REVERTED,68.09149932861328,68.11700439453125,-0.0003745704848541198,-13.04583625842308,9353.611850633062
FDX,1,2022-02-02,2022-02-04,2,RESIDUAL_REVERTED,185.36911010742188,180.10292053222656,-0.028409207834808825,-274.9494505698633,9353.611850633062
T,1,2022-02-02,2022-02-04,2,RESIDUAL_REVERTED,14.2487211227417,14.425283432006836,0.01239144957250482,106.4932453124852,9353.611850633062
UPS,-1,2022-02-02,2022-02-04,2,RESIDUAL_REVERTED,182.9810791015625,180.31549072265625,0.014567562897728537,126.60307407512215,9353.611850633062
VZ,-1,2022-02-02,2022-02-04,2,RESIDUAL_REVERTED,39.9841423034668,39.95427322387695,0.0007470231414030692,-2.7355573162702207,9353.611850633062
TECH,-1,2022-02-02,2022-02-07,3,RESIDUAL_REVERTED,98.92720031738281,100.33804321289062,-0.014261425482389845,-143.38380958223283,9353.611850633062
PYPL,1,2022-02-03,2022-02-07,2,RESIDUAL_REVERTED,128.51678466796875,125.1839599609375,-0.025932991676081985,-250.12685785346252,9291.479342189688
META,1,2022-02-04,2022-02-07,1,RESIDUAL_REVERTED,232.7408905029297,235.4449920654297,0.011618506557471209,98.5239116211175,9283.588214863661
MCK,-1,2022-02-04,2022-02-07,1,RESIDUAL_REVERTED,257.238037109375,260.1678466796875,-0.011389488130275183,-115.25748233933354,9283.588214863661
CLX,1,2022-02-07,2022-02-08,1,RESIDUAL_REVERTED,119.29542541503906,123.47148895263672,0.0350060660169389,314.6680437982135,9258.05671593081
NWL,1,2022-02-07,2022-02-08,1,RESIDUAL_REVERTED,17.004030227661133,17.553062438964844,0.03228835775712624,289.5199269401183,9258.05671593081
XYL,1,2022-02-04,2022-02-09,3,RESIDUAL_REVERTED,85.7178955078125,87.7807846069336,0.024066025966924087,214.02377729275224,9283.588214863661
ZBH,1,2022-02-08,2022-02-09,1,RESIDUAL_REVERTED,101.50047302246094,112.2672348022461,0.10607597638882527,972.0542421441195,9255.637453563011
AVY,1,2022-02-08,2022-02-09,1,RESIDUAL_REVERTED,166.19723510742188,171.13389587402344,0.02970362752070299,265.532906930047,9255.637453563011
TSN,-1,2022-02-08,2022-02-09,1,RESIDUAL_REVERTED,85.60531616210938,85.04785919189453,0.0065119433606108945,50.86508402832059,9255.637453563011
GEN,-1,2022-02-07,2022-02-09,2,TRAILING_STOP,24.991437911987305,27.366491743491984,-0.09503470107918321,-889.9232495289617,9258.05671593081
DXC,-1,2022-02-04,2022-02-10,4,RESIDUAL_REVERTED,34.77000045776367,38.380001068115234,-0.10382515279908477,-974.4344219010339,9283.588214863661
AMZN,-1,2022-02-07,2022-02-10,3,RESIDUAL_REVERTED,158.52000427246094,158.35000610351562,0.0010724083040846155,0.11848056463117496,9258.05671593081
RCL,-1,2022-02-08,2022-02-10,2,RESIDUAL_REVERTED,80.64514923095703,84.45409393310547,-0.047230921369370016,-447.01027437254015,9255.637453563011
GILD,1,2022-02-09,2022-02-10,1,RESIDUAL_REVERTED,54.0109748840332,53.351585388183594,-0.012208435364578829,-121.96046573037022,9237.797808081752
WTW,1,2022-02-09,2022-02-11,2,RESIDUAL_REVERTED,211.85044860839844,213.06515502929688,0.005733792063588261,43.70333014305148,9237.797808081752
CVS,1,2022-02-10,2022-02-11,1,RESIDUAL_REVERTED,89.60536193847656,90.36776733398438,0.008508479615664921,69.45029975983401,9254.825952225754
KO,1,2022-02-10,2022-02-11,1,RESIDUAL_REVERTED,52.547119140625,53.774620056152344,0.02336000404213112,206.82984931516094,9254.825952225754
OMC,-1,2022-02-10,2022-02-11,1,RESIDUAL_REVERTED,76.6002426147461,72.69843292236328,0.05093730201360602,462.2219259144,9254.825952225754
AIZ,-1,2022-02-10,2022-02-11,1,RESIDUAL_REVERTED,153.17626953125,149.87002563476562,0.021584569898471462,190.42650736889541,9254.825952225754
DIS,-1,2022-02-11,2022-02-14,1,RESIDUAL_REVERTED,148.86672973632812,144.82363891601562,0.027159129695893736,244.22621177544758,9338.222501923223
MCO,-1,2022-02-11,2022-02-14,1,RESIDUAL_REVERTED,335.4822692871094,317.610595703125,0.05327158905286167,488.19631663183776,9338.222501923223
ORLY,-1,2022-02-11,2022-02-15,2,RESIDUAL_REVERTED,44.04399871826172,44.32733154296875,-0.006432949617482198,-69.81338151514936,9338.222501923223
CDW,1,2022-02-10,2022-02-16,4,RESIDUAL_REVERTED,174.6192169189453,170.4629669189453,-0.023801790394749278,-229.426112693262,9254.825952225754
LUMN,1,2022-02-11,2022-02-16,3,RESIDUAL_REVERTED,10.20186996459961,9.286317825317383,-0.08974356098040692,-846.9645403816029,9338.222501923223
IQV,1,2022-02-16,2022-02-17,1,RESIDUAL_REVERTED,228.4199981689453,232.38999938964844,0.017380269908621626,152.8832628008885,9338.33294736724
STZ,1,2022-02-16,2022-02-17,1,RESIDUAL_REVERTED,201.7605743408203,201.8981170654297,0.0006817125945379754,-2.9754567947481325,9338.33294736724
XRAY,-1,2022-02-16,2022-02-17,1,RESIDUAL_REVERTED,50.877384185791016,50.66989517211914,0.00407821701120048,28.578417236855152,9338.33294736724
DGX,-1,2022-02-16,2022-02-17,1,RESIDUAL_REVERTED,119.57593536376953,120.0702133178711,-0.004133590530551956,-48.14529414002648,9338.33294736724
MPWR,-1,2022-02-16,2022-02-18,2,RESIDUAL_REVERTED,456.0299987792969,447.80413818359375,0.01803798131202361,158.81768257097687,9338.33294736724
HSIC,-1,2022-02-16,2022-02-22,3,RESIDUAL_REVERTED,82.04000091552734,83.66999816894531,-0.019868323198780846,-195.536573976612,9338.33294736724
VNO,-1,2022-02-16,2022-02-22,3,RESIDUAL_REVERTED,38.63756561279297,38.87638854980469,-0.006181107252073881,-67.65925791822814,9338.33294736724
TJX,1,2022-02-17,2022-02-22,2,RESIDUAL_REVERTED,62.0965690612793,61.90911865234375,-0.003018691882164415,-37.04207150997854,9220.90823007577
FIS,1,2022-02-16,2022-02-23,4,RESIDUAL_REVERTED,90.08450317382812,83.73767852783203,-0.0704541227668114,-666.9334268305826,9338.33294736724
AKAM,1,2022-02-17,2022-02-23,3,RESIDUAL_REVERTED,104.41000366210938,100.48999786376953,-0.037544350740813415,-355.24082446252373,9220.90823007577
CL,1,2022-03-21,2022-03-22,1,RESIDUAL_REVERTED,66.08235168457031,66.78268432617188,0.010597877099538522,88.42475075957786,9218.038078562076
VZ,1,2022-03-21,2022-03-22,1,RESIDUAL_REVERTED,38.3492317199707,38.21486282348633,-0.0035038223833412374,-41.50025704464511,9218.038078562078
FDX,1,2022-03-21,2022-03-22,1,RESIDUAL_REVERTED,159.78453063964844,163.7255859375,0.024664811306043033,218.02945115618022,9218.038078562078
CINF,1,2022-03-21,2022-03-22,1,RESIDUAL_REVERTED,115.00103759765625,118.08094787597656,0.026781586867900442,237.53221263028573,9218.038078562078
HCA,1,2022-03-21,2022-03-22,1,RESIDUAL_REVERTED,251.9771270751953,253.14218139648438,0.004623651102035886,33.38164334602993,9218.038078562078
MTCH,-1,2022-03-21,2022-03-22,1,RESIDUAL_REVERTED,97.52123260498047,96.04261016845703,0.015162056477615926,130.43613359660978,9218.038078562078
MSCI,-1,2022-03-21,2022-03-22,1,RESIDUAL_REVERTED,487.00537109375,485.48907470703125,0.0031135106032061932,19.316326085499544,9218.038078562078
PEP,-1,2022-03-21,2022-03-22,1,RESIDUAL_REVERTED,139.8289031982422,140.32009887695312,-0.003512833666545756,-41.798887741358286,9218.038078562078
ZBRA,-1,2022-03-21,2022-03-22,1,RESIDUAL_REVERTED,437.6199951171875,429.8299865722656,0.0178008514963669,154.77341265353462,9218.038078562078
HPQ,-1,2022-03-21,2022-03-24,3,RESIDUAL_REVERTED,30.98598289489746,31.783723831176758,-0.02574521966868648,-247.2196846508601,9218.038078562078
WY,1,2022-03-23,2022-03-24,1,RESIDUAL_REVERTED,32.538978576660156,32.624603271484375,0.0026314499892026166,15.101848174518778,9264.17443403365
LNT,1,2022-03-23,2022-03-24,1,RESIDUAL_REVERTED,51.623958587646484,52.063499450683594,0.008514280482595282,69.5741662472324,9264.17443403365
AEE,1,2022-03-23,2022-03-24,1,RESIDUAL_REVERTED,77.61802673339844,77.84532928466797,0.0029284762939190134,17.85217582115829,9264.17443403365
ALGN,-1,2022-03-23,2022-03-24,1,RESIDUAL_REVERTED,451.2200012207031,438.8500061035156,0.0274145540617049,244.65797839025146,9264.17443403365
HWM,-1,2022-03-23,2022-03-24,1,RESIDUAL_REVERTED,36.60502624511719,36.43724060058594,0.00458367775528179,33.03901896401331,9264.17443403365
CBOE,-1,2022-03-23,2022-03-24,1,RESIDUAL_REVERTED,112.95508575439453,109.44241333007812,0.03109795721774078,278.79866195246143,9264.17443403365
WFC,-1,2022-03-23,2022-03-24,1,RESIDUAL_REVERTED,47.10089874267578,46.16351318359375,0.019901649100226515,175.02226121870595,9264.17443403365
CNC,1,2022-03-24,2022-03-25,1,RESIDUAL_REVERTED,82.70999908447266,85.01000213623047,0.02780804107383439,251.43943953361278,9384.12157232247
ADBE,1,2022-03-24,2022-03-25,1,RESIDUAL_REVERTED,426.0799865722656,435.44000244140625,0.021967743532007145,196.66078041364722,9384.12157232247
NVDA,-1,2022-03-25,2022-03-28,1,RESIDUAL_REVERTED,27.771846771240234,27.642370223999023,0.004662151145644833,34.23059867756393,9391.680212131929
INTC,-1,2022-03-25,2022-03-28,1,RESIDUAL_REVERTED,47.371402740478516,47.997535705566406,-0.01321753059579267,-133.77910182862524,9391.680212131929
GIS,-1,2022-03-25,2022-03-28,1,RESIDUAL_REVERTED,55.693695068359375,56.28705596923828,-0.010654004912954873,-109.6891568925957,9391.680212131929
ANET,-1,2022-03-25,2022-03-28,1,RESIDUAL_REVERTED,35.0,34.502498626708984,0.01421432495117192,123.98724913726173,9391.680212131929
AVGO,-1,2022-03-25,2022-03-28,1,RESIDUAL_REVERTED,58.15998840332031,58.048702239990234,0.0019134488569417796,8.400930021752133,9391.680212131929
FDS,1,2022-03-25,2022-03-29,2,RESIDUAL_REVERTED,400.2288513183594,413.1078186035156,0.03217900769205606,292.6721621004983,9391.680212131929
POOL,1,2022-03-25,2022-03-29,2,RESIDUAL_REVERTED,420.8758850097656,419.22503662109375,-0.003922411445914875,-46.21129515559062,9391.680212131929
SWK,1,2022-03-25,2022-03-29,2,RESIDUAL_REVERTED,117.11398315429688,119.8592529296875,0.023441007652978074,210.64869229091246,9391.680212131929
LOW,1,2022-03-28,2022-03-29,1,RESIDUAL_REVERTED,193.19903564453125,199.03030395507812,0.03018269884781355,271.72880635281774,9316.115707050032
INTU,-1,2022-03-29,2022-03-30,1,RESIDUAL_REVERTED,471.7757568359375,464.845947265625,0.014688778450144824,128.73751365003602,9413.11811475968
MSCI,-1,2022-03-29,2022-03-30,1,RESIDUAL_REVERTED,490.20849609375,484.2097473144531,0.012237137518215646,105.64750985893322,9413.11811475968
TSLA,-1,2022-03-29,2022-03-30,1,RESIDUAL_REVERTED,369.3299865722656,363.72332763671875,0.015180622043668879,133.36996981872113,9413.11811475968
SNPS,-1,2022-03-29,2022-03-31,2,RESIDUAL_REVERTED,336.6099853515625,334.1499938964844,0.007308135712340347,59.03988097449162,9413.11811475968
ADBE,-1,2022-03-29,2022-03-31,2,RESIDUAL_REVERTED,459.1600036621094,461.5899963378906,-0.005292256852514221,-59.63148426259465,9413.11811475968
FMC,1,2022-03-30,2022-03-31,1,RESIDUAL_REVERTED,113.2525863647461,113.18344116210938,-0.00061053972236913,-15.217636060747786,9450.571646288032
ADM,1,2022-03-30,2022-03-31,1,RESIDUAL_REVERTED,77.52152252197266,78.01298522949219,0.006339693694486392,50.43320096423801,9450.571646288032
DE,1,2022-03-30,2022-03-31,1,RESIDUAL_REVERTED,390.8055725097656,391.183349609375,0.0009666625201458778,-0.31962599856949403,9450.571646288032
AIZ,1,2022-03-30,2022-03-31,1,RESIDUAL_REVERTED,168.4964599609375,168.68194580078125,0.0011008292986496304,0.9476927778550106,9450.571646288032
BRK-B,1,2022-03-30,2022-03-31,1,RESIDUAL_REVERTED,354.6600036621094,359.0,0.012237061673369354,106.13883282389202,9450.571646288032
PSX,-1,2022-03-31,2022-04-01,1,RESIDUAL_REVERTED,74.19837951660156,73.71224212646484,0.0065518599368864505,52.84573788884854,9546.81071465162
ELV,-1,2022-03-31,2022-04-01,1,RESIDUAL_REVERTED,467.3598937988281,461.5458984375,0.012440081912186374,109.08958351537555,9546.81071465162
POOL,1,2022-04-01,2022-04-04,1,RESIDUAL_REVERTED,397.2514953613281,397.4753112792969,0.0005634111402530451,-4.171870061696017,9549.4418550904
MAS,1,2022-04-01,2022-04-04,1,RESIDUAL_REVERTED,47.344600677490234,47.43645477294922,0.0019401176511064655,8.968335325834405,9549.4418550904
TFX,-1,2022-04-01,2022-04-04,1,RESIDUAL_REVERTED,343.32977294921875,342.03662109375,0.0037665007737619494,26.24754985500727,9549.4418550904
PAYX,-1,2022-03-31,2022-04-05,3,RESIDUAL_REVERTED,119.42997741699219,120.85887145996094,-0.011964282953682126,-124.39419188672619,9546.81071465162
HPQ,1,2022-04-01,2022-04-05,2,RESIDUAL_REVERTED,30.339401245117188,30.4317684173584,0.00304446259486002,19.508940215258868,9549.4418550904
AMD,1,2022-04-01,2022-04-05,2,RESIDUAL_REVERTED,110.4800033569336,109.69000244140625,-0.007150623565560954,-77.79976359007054,9549.4418550904
MKC,-1,2022-04-01,2022-04-05,2,RESIDUAL_REVERTED,90.0018310546875,90.685791015625,-0.00759940051132868,-82.54086355103624,9549.4418550904
IQV,-1,2022-04-04,2022-04-05,1,RESIDUAL_REVERTED,240.3699951171875,237.55999755859375,0.011690300851501023,101.1304577871245,9472.284484209209
AOS,-1,2022-04-04,2022-04-06,2,RESIDUAL_REVERTED,60.38543701171875,59.30287170410156,0.01792758918689452,160.0496508069957,9472.284484209209
EG,1,2022-04-05,2022-04-06,1,RESIDUAL_REVERTED,273.2198791503906,273.2382507324219,6.724101514277159e-05,-8.852112675053558,9489.9044269239
GPC,-1,2022-04-05,2022-04-06,1,RESIDUAL_REVERTED,112.7643051147461,110.56236267089844,0.01952694553127443,175.72570742006226,9489.9044269239
JBHT,1,2022-04-04,2022-04-07,3,RESIDUAL_REVERTED,174.25027465820312,164.80987548828125,-0.05417724126082146,-522.3979351554513,9472.284484209209
SBUX,1,2022-04-05,2022-04-07,2,RESIDUAL_REVERTED,77.60961151123047,74.40876007080078,-0.04124297723055226,-400.6861206705638,9489.9044269239
CTSH,1,2022-04-06,2022-04-07,1,RESIDUAL_REVERTED,79.4054946899414,80.08879852294922,0.008605246219747675,71.97411396519638,9469.102493673729
MKTX,1,2022-04-06,2022-04-08,2,RESIDUAL_REVERTED,283.39593505859375,268.10076904296875,-0.05397101413068128,-520.2706384523625,9469.102493673729
GL,-1,2022-04-06,2022-04-08,2,RESIDUAL_REVERTED,97.06946563720703,98.48783874511719,-0.014611938971738736,-148.2794815857021,9469.102493673729
BR,-1,2022-04-06,2022-04-08,2,RESIDUAL_REVERTED,145.37379455566406,145.91709899902344,-0.0037372928526766547,-45.2546250027971,9469.102493673729
AMT,-1,2022-04-06,2022-04-08,2,RESIDUAL_REVERTED,225.558837890625,229.85081481933594,-0.019028192239543884,-190.12346331575242,9469.102493673729
ANET,1,2022-04-07,2022-04-08,1,RESIDUAL_REVERTED,33.025001525878906,33.04499816894531,0.0006055001405749216,-3.702305792220165,9377.612262878167
ABBV,-1,2022-04-07,2022-04-08,1,TRAILING_STOP,142.7161407470703,149.62104191862272,-0.04838206201069917,-463.50497355836904,9377.612262878167
GPN,1,2022-04-08,2022-04-11,1,RESIDUAL_REVERTED,128.00775146484375,127.96001434326172,-0.0003729236787284318,-12.83419690797611,9349.347238549264
CMS,1,2022-04-08,2022-04-12,2,RESIDUAL_REVERTED,63.15828323364258,62.55024719238281,-0.009627178101254685,-99.31217431903883,9349.347238549264
LUV,1,2022-04-08,2022-04-12,2,RESIDUAL_REVERTED,38.870853424072266,39.38496780395508,0.013226217965269349,114.24532891928651,9349.347238549264
DOV,1,2022-04-11,2022-04-12,1,RESIDUAL_REVERTED,142.75054931640625,141.8043975830078,-0.006628007653415757,-70.8002640800401,9285.653605749323
CAH,-1,2022-04-11,2022-04-12,1,RESIDUAL_REVERTED,57.11014938354492,57.39592361450195,-0.005003913210553934,-55.95603464040594,9285.653605749323
AAP,-1,2022-04-11,2022-04-12,1,RESIDUAL_REVERTED,203.34791564941406,200.12307739257812,0.015858722950451987,137.86623755359403,9285.653605749323
DVA,-1,2022-04-11,2022-04-12,1,RESIDUAL_REVERTED,121.45999908447266,118.95999908447266,0.020582908108383147,181.75456492892116,9285.653605749323
AJG,-1,2022-04-07,2022-04-13,4,RESIDUAL_REVERTED,170.9552001953125,171.76739501953125,-0.004750922015187786,-54.70941661032273,9377.612262878167
CPT,1,2022-04-11,2022-04-13,2,RESIDUAL_REVERTED,143.5059051513672,141.413818359375,-0.014578402120703604,-144.5879608278156,9285.653605749323
IP,-1,2022-04-11,2022-04-13,2,RESIDUAL_REVERTED,38.27915954589844,37.66044235229492,0.016163290964151034,140.51049282764816,9285.653605749323
TTWO,-1,2022-08-17,2022-08-18,1,RESIDUAL_REVERTED,134.30999755859375,132.41000366210938,0.014146332596391309,122.72810661311607,9344.477526470324
TGT,-1,2022-08-17,2022-08-18,1,RESIDUAL_REVERTED,151.7608184814453,151.6039581298828,0.0010336024352799456,0.13216395073483136,9344.477526470324
BBY,-1,2022-08-17,2022-08-18,1,RESIDUAL_REVERTED,67.78871154785156,66.73854064941406,0.015491825621972377,135.30776287201704,9344.477526470324
UHS,1,2022-08-17,2022-08-19,2,RESIDUAL_REVERTED,104.92623901367188,105.7486572265625,0.007838060533013724,63.86148168513938,9344.477526470324
HD,-1,2022-08-17,2022-08-19,2,RESIDUAL_REVERTED,293.83074951171875,291.03656005859375,0.009509520217908851,79.19358278902897,9344.477526470324
WMT,-1,2022-08-17,2022-08-19,2,RESIDUAL_REVERTED,44.08296585083008,44.1943244934082,-0.0025261150294411117,-33.33425798682339,9344.477526470324
NTAP,1,2022-12-01,2022-12-02,1,RESIDUAL_REVERTED,62.10163116455078,61.2994384765625,-0.012917417351932525,-130.5024090573177,9381.266410462647
HRL,1,2022-12-01,2022-12-02,1,RESIDUAL_REVERTED,40.71469497680664,41.06986999511719,0.00872350925170573,72.41537913176165,9381.266410462647
HPE,-1,2022-12-01,2022-12-02,1,RESIDUAL_REVERTED,14.78139877319336,14.988826751708984,-0.014033041236381827,-141.28580826234335,9381.266410462647
STT,-1,2022-12-01,2022-12-02,1,RESIDUAL_REVERTED,70.41836547851562,68.82218170166016,0.022667151758051785,203.187127404634,9381.266410462647
EL,-1,2022-12-01,2022-12-02,1,RESIDUAL_REVERTED,218.43714904785156,213.8845977783203,0.020841469911942245,186.05072047205888,9381.266410462647
QCOM,-1,2022-12-01,2022-12-02,1,RESIDUAL_REVERTED,116.55852508544922,113.78987121582031,0.023753336511415202,213.38026129870033,9381.266410462647
TJX,1,2022-12-01,2022-12-05,2,RESIDUAL_REVERTED,76.40958404541016,74.90778350830078,-0.01965460950836817,-193.6742018380809,9381.266410462647
INTU,-1,2022-12-01,2022-12-05,2,RESIDUAL_REVERTED,396.16802978515625,389.6314392089844,0.016499540812812907,145.1066958624154,9381.266410462647
HII,-1,2022-12-05,2022-12-06,1,RESIDUAL_REVERTED,219.6782989501953,218.32952880859375,0.00613975139122569,47.88762180180457,9347.31366248623
FMC,-1,2022-12-05,2022-12-06,1,RESIDUAL_REVERTED,116.53633880615234,114.3887710571289,0.018428309753198313,162.81237747263134,9347.31366248623
MPC,1,2022-12-01,2022-12-06,3,TRAILING_STOP,113.62076568603516,103.20148241186985,-0.0917022800476156,-869.2346442242111,9381.266410462647
ENPH,-1,2022-12-05,2022-12-07,2,RESIDUAL_REVERTED,334.010009765625,309.2200012207031,0.07421935816329883,684.3927342878568,9347.31366248623
CRL,1,2022-12-01,2022-12-08,5,RESIDUAL_REVERTED,231.49000549316406,212.89999389648438,-0.08030589293509971,-762.3755568767464,9381.266410462647
DG,-1,2022-12-05,2022-12-09,4,RESIDUAL_REVERTED,225.2911834716797,229.6784210205078,-0.01947363177387551,-192.22126514428845,9347.31366248623
TRMB,1,2022-12-14,2022-12-15,1,RESIDUAL_REVERTED,54.86000061035156,54.11000061035156,-0.013671162808162274,-136.72813865661593,9323.860313695532
CPRT,1,2022-12-14,2022-12-15,1,RESIDUAL_REVERTED,31.329999923706055,30.924999237060547,-0.012926929065807613,-129.79247676788958,9323.860313695532
LUV,1,2022-12-14,2022-12-15,1,RESIDUAL_REVERTED,34.97825241088867,34.68448257446289,-0.008398642475755391,-87.59247569767403,9323.860313695532
CBRE,-1,2022-12-14,2022-12-15,1,RESIDUAL_REVERTED,79.38999938964844,78.04000091552734,0.017004641447284308,149.11927183296024,9323.860313695532
HAL,-1,2022-12-14,2022-12-15,1,RESIDUAL_REVERTED,34.276493072509766,33.47486114501953,0.023387221259608793,208.66258868762995,9323.860313695532
COO,-1,2022-12-14,2022-12-15,1,RESIDUAL_REVERTED,81.15657806396484,80.49669647216797,0.008130968647751202,66.34096179608873,9323.860313695532
MTCH,-1,2022-12-14,2022-12-15,1,RESIDUAL_REVERTED,44.92486572265625,41.56437683105469,0.0748024248385637,688.2960433867321,9323.860313695532
FAST,1,2022-12-14,2022-12-15,1,TRAILING_STOP,22.96091651916504,21.699815899124474,-0.054923792740936506,-521.1695808428445,9323.860313695532
MRNA,-1,2022-12-14,2022-12-16,2,RESIDUAL_REVERTED,195.0800018310547,206.3699951171875,-0.057873657884780494,-549.594253789624,9323.860313695532
UAL,1,2022-12-14,2022-12-19,3,RESIDUAL_REVERTED,41.66999816894531,38.66999816894531,-0.07199424362431961,-680.2524991215449,9323.860313695532
CPT,-1,2023-01-12,2023-01-13,1,RESIDUAL_REVERTED,103.84738159179688,102.39704895019531,0.013966001062044375,119.48823798551611,9224.58925777825
AOS,-1,2023-01-12,2023-01-13,1,RESIDUAL_REVERTED,58.42351531982422,56.80323791503906,0.02773330902660298,246.55259100491298,9224.58925777825
BIO,-1,2023-01-12,2023-01-13,1,RESIDUAL_REVERTED,460.1499938964844,449.30999755859375,0.023557527940181178,208.012885832369,9224.58925777825
TFX,1,2023-01-12,2023-01-17,2,RESIDUAL_REVERTED,232.04551696777344,233.02426147460938,0.004217898796863517,29.664340482198508,9224.58925777825
ISRG,1,2023-01-12,2023-01-17,2,RESIDUAL_REVERTED,258.739990234375,258.4800109863281,-0.0010047895874595314,-18.488726106967274,9224.58925777825
SYK,1,2023-01-12,2023-01-17,2,RESIDUAL_REVERTED,249.447998046875,250.7908935546875,0.005383468772357736,40.41086880519386,9224.58925777825
CL,1,2023-01-12,2023-01-17,2,RESIDUAL_REVERTED,70.75526428222656,71.48694610595703,0.010341023118957793,86.11940567440695,9224.58925777825
FRT,-1,2023-01-12,2023-01-17,2,RESIDUAL_REVERTED,92.5594482421875,93.9020004272461,-0.014504755706254091,-143.46415276227006,9224.58925777825
SCHW,1,2023-01-12,2023-01-18,3,RESIDUAL_REVERTED,79.28134155273438,77.25286102294922,-0.02558585021465487,-245.12553881948648,9224.58925777825
JPM,-1,2023-01-17,2023-01-18,1,RESIDUAL_REVERTED,130.23036193847656,128.1547088623047,0.015938319185140992,138.11187671514088,9252.797725672523
WFC,-1,2023-01-17,2023-01-19,2,RESIDUAL_REVERTED,39.87764358520508,39.03169631958008,0.021213572056169694,186.7638152764461,9252.797725672523
BF-B,-1,2023-01-17,2023-01-19,2,RESIDUAL_REVERTED,61.591407775878906,61.05129623413086,0.008769267682814164,71.56050318944354,9252.797725672523
GS,1,2023-01-18,2023-01-19,1,RESIDUAL_REVERTED,318.3812561035156,316.2880554199219,-0.006574509784939009,-69.91228363562998,9233.949122242988
TRV,1,2023-01-18,2023-01-19,1,RESIDUAL_REVERTED,172.56015014648438,171.2990264892578,-0.007308313397710986,-76.68480090907062,9233.949122242988
ADP,1,2023-01-18,2023-01-19,1,RESIDUAL_REVERTED,217.60635375976562,213.12954711914062,-0.020572959214083086,-199.10862296972815,9233.949122242988
MS,-1,2023-01-18,2023-01-20,2,RESIDUAL_REVERTED,86.04721069335938,83.67378234863281,0.02758286207770977,245.2311508322361,9233.949122242988
XRAY,-1,2023-01-12,2023-01-23,6,RESIDUAL_REVERTED,32.63161087036133,33.903564453125,-0.0389791845648344,-370.0998901856937,9224.58925777825
EMR,1,2023-01-18,2023-01-24,4,RESIDUAL_REVERTED,84.77388000488281,83.32014465332031,-0.017148387586822356,-167.50211395821117,9233.949122242988
GS,1,2023-01-23,2023-01-24,1,RESIDUAL_REVERTED,312.3028259277344,310.7763977050781,-0.004887654212291537,-54.23123902335928,9214.834385508662
SYF,-1,2023-01-23,2023-01-24,1,RESIDUAL_REVERTED,32.44965744018555,31.500953674316406,0.029236171987882642,260.1469948844618,9214.834385508662
PPG,-1,2023-01-23,2023-01-24,1,RESIDUAL_REVERTED,119.6208267211914,119.74955749511719,-0.00107615686544138,-19.31951506058848,9214.834385508662
FAST,-1,2023-01-23,2023-01-24,1,RESIDUAL_REVERTED,22.404233932495117,22.349477767944336,0.0024440096776244813,13.135146187388646,9214.834385508662
NEE,1,2023-01-23,2023-01-25,2,RESIDUAL_REVERTED,72.98686218261719,72.22454071044922,-0.010444639615559859,-105.41233584707845,9214.834385508662
EG,1,2023-01-23,2023-01-25,2,RESIDUAL_REVERTED,317.8150634765625,320.52642822265625,0.008531265687769185,69.3600589258503,9214.834385508662
KEY,-1,2023-01-23,2023-01-25,2,RESIDUAL_REVERTED,14.38615608215332,14.583453178405762,-0.013714372006376152,-136.02980462697153,9214.834385508662
WDC,-1,2023-01-24,2023-01-25,1,RESIDUAL_REVERTED,30.93682098388672,30.560733795166016,0.012156620388261152,103.027037408332,9246.003932684582
PCAR,-1,2023-01-25,2023-01-26,1,RESIDUAL_REVERTED,65.5170669555664,66.16752624511719,-0.009928089271638463,-101.4259617830763,9260.19550393819
TRV,-1,2023-01-25,2023-01-26,1,RESIDUAL_REVERTED,181.22927856445312,178.42674255371094,0.015464035573840684,133.8307506333733,9260.19550393819
RTX,-1,2023-01-25,2023-01-27,2,RESIDUAL_REVERTED,91.81376647949219,92.32229614257812,-0.005538708219747557,-60.9459007461539,9260.19550393819
NDAQ,1,2023-01-26,2023-01-27,1,RESIDUAL_REVERTED,54.901649475097656,56.73234176635742,0.033344941522934324,298.65926399145786,9238.331427812243
COF,-1,2023-01-26,2023-01-27,1,RESIDUAL_REVERTED,109.32424926757812,110.09376525878906,-0.007038840846073313,-74.48061327734314,9238.331427812243
WMB,1,2023-01-23,2023-01-30,5,RESIDUAL_REVERTED,27.121662139892578,26.813264846801758,-0.011370884700949269,-113.94326331180265,9214.834385508662
MMM,1,2023-01-25,2023-01-30,3,RESIDUAL_REVERTED,84.4459228515625,84.42379760742188,-0.0002620048830482835,-11.68519883573142,9260.19550393819
STX,-1,2023-01-27,2023-01-30,1,RESIDUAL_REVERTED,62.23650360107422,61.981285095214844,0.004100784766048027,28.624816802093978,9285.367910992964
NEE,1,2023-01-26,2023-01-31,3,RESIDUAL_REVERTED,67.35454559326172,66.8523178100586,-0.007456479422130791,-78.0893169000251,9238.331427812243
MKTX,-1,2023-01-26,2023-01-31,3,RESIDUAL_REVERTED,349.3974914550781,346.8289489746094,0.007351347800958585,58.15845547948775,9238.331427812243
URI,-1,2023-01-27,2023-01-31,2,RESIDUAL_REVERTED,415.87506103515625,413.9593811035156,0.0046063832894241985,33.13988569656029,9285.367910992964
CL,1,2023-01-30,2023-01-31,1,RESIDUAL_REVERTED,66.45111846923828,67.53717041015625,0.016343621686679688,141.85622508329095,9250.21608311663
AXP,-1,2023-01-30,2023-02-01,2,RESIDUAL_REVERTED,167.60958862304688,166.25750732421875,0.008066849336817783,65.04221094812144,9250.21608311663
LHX,-1,2023-01-30,2023-02-01,2,RESIDUAL_REVERTED,196.7661590576172,197.8690185546875,-0.005604924659566857,-61.4917998125432,9250.21608311663
CEG,1,2023-01-31,2023-02-01,1,RESIDUAL_REVERTED,80.50772094726562,83.009033203125,0.03106922201285256,278.6695833871099,9272.39242429839
CINF,-1,2023-01-31,2023-02-01,1,RESIDUAL_REVERTED,101.62480163574219,102.70787048339844,-0.010657524838654453,-108.32898640247787,9272.39242429839
TMO,1,2023-01-25,2023-02-02,6,RESIDUAL_REVERTED,564.52001953125,584.8018188476562,0.03592751118595805,323.2692341591837,9260.195503938188
GLW,1,2023-02-01,2023-02-02,1,RESIDUAL_REVERTED,31.59817886352539,32.486087799072266,0.028100003464814005,251.37221962049944,9280.537971946322
IP,-1,2023-02-01,2023-02-02,1,RESIDUAL_REVERTED,34.752708435058594,34.710636138916016,0.0012106192017004025,1.7781457854630474,9280.537971946322
AOS,-1,2023-02-01,2023-02-03,2,RESIDUAL_REVERTED,64.08714294433594,65.01362609863281,-0.014456615035898679,-143.89020297154707,9280.537971946322
ODFL,-1,2023-02-02,2023-02-03,1,RESIDUAL_REVERTED,182.7571258544922,178.73226928710938,0.022022980217949684,196.12251705911928,9332.835262140656
JNJ,1,2023-01-31,2023-02-06,4,RESIDUAL_REVERTED,145.2668914794922,147.8272705078125,0.01762534464834875,154.07500521260133,9272.39242429839
CAT,1,2023-02-01,2023-02-06,3,RESIDUAL_REVERTED,238.8742218017578,235.42039489746094,-0.014458767791039495,-143.39858891248647,9280.537971946322
IEX,1,2023-02-02,2023-02-06,2,RESIDUAL_REVERTED,219.0601348876953,217.810791015625,-0.005703200505700501,-62.533252533406895,9332.835262140656
AMD,-1,2023-02-02,2023-02-06,2,RESIDUAL_REVERTED,84.29000091552734,84.62999725341797,-0.004033649711682408,-47.3801826701154,9332.835262140656
AFL,1,2023-02-03,2023-02-06,1,RESIDUAL_REVERTED,63.228607177734375,63.76311111450195,0.008453514328808476,68.80582993241647,9236.565144072048
SYK,-1,2023-02-02,2023-02-07,3,RESIDUAL_REVERTED,267.080078125,259.6600341796875,0.027782094409302016,249.52178053955157,9332.835262140656
APD,1,2023-02-03,2023-02-07,2,RESIDUAL_REVERTED,266.9170837402344,257.5198669433594,-0.0352065018289367,-334.2611192081183,9236.565144072048
CLX,-1,2023-02-06,2023-02-07,1,RESIDUAL_REVERTED,135.67906188964844,133.13980102539062,0.018715200627809958,164.4951199773167,9290.908850967928
GWW,-1,2023-02-03,2023-02-08,3,RESIDUAL_REVERTED,650.2026977539062,652.9115600585938,-0.00416618127553936,-48.290113718892485,9236.565144072048
PH,-1,2023-02-06,2023-02-08,2,RESIDUAL_REVERTED,333.78338623046875,332.019775390625,0.005283698687825078,39.45451307333969,9290.908850967928
CPAY,1,2023-02-07,2023-02-08,1,RESIDUAL_REVERTED,210.02000427246094,210.50999450683594,0.002333064586263589,12.440563377463096,9340.477178698031
TECH,1,2023-02-07,2023-02-08,1,RESIDUAL_REVERTED,73.75196075439453,76.49042510986328,0.037130732897912466,337.3048767009554,9340.477178698031
L,-1,2023-02-07,2023-02-09,2,RESIDUAL_REVERTED,60.3420524597168,61.58744430541992,-0.02063887115100238,-202.5926510636849,9340.477178698031
CARR,1,2023-02-08,2023-02-09,1,RESIDUAL_REVERTED,42.594852447509766,43.27080535888672,0.01586935680103463,139.6673974979468,9397.983338702988
SWKS,-1,2023-02-08,2023-02-09,1,RESIDUAL_REVERTED,108.1773681640625,107.85662841796875,0.002964943144182608,18.296593341229606,9397.983338702988
TSN,1,2023-02-07,2023-02-10,3,RESIDUAL_REVERTED,52.92158889770508,53.35169982910156,0.008127324601456376,66.53465624009536,9340.477178698031
GRMN,1,2023-02-07,2023-02-10,3,RESIDUAL_REVERTED,91.02381134033203,89.04300689697266,-0.02176138764342972,-212.5005909666241,9340.477178698031
CINF,-1,2023-02-08,2023-02-10,2,RESIDUAL_REVERTED,116.4871826171875,114.37568664550781,0.018126423218756238,160.6690521901522,9397.983338702988
LUMN,1,2023-02-09,2023-02-10,1,RESIDUAL_REVERTED,3.9700000286102295,3.950000047683716,-0.005037778534604964,-56.61667036129868,9380.983369130785
JKHY,1,2023-02-09,2023-02-10,1,RESIDUAL_REVERTED,157.16358947753906,158.91151428222656,0.01112169052958234,94.89924432855241,9380.983369130785
FTNT,-1,2023-02-09,2023-02-10,1,RESIDUAL_REVERTED,60.7599983215332,57.41999816894531,0.054970379276725545,506.3759442216158,9380.983369130785
CME,-1,2023-02-09,2023-02-10,1,RESIDUAL_REVERTED,163.01144409179688,158.31591796875,0.028804886363700155,260.79167446063184,9380.983369130785
IFF,1,2023-02-10,2023-02-13,1,RESIDUAL_REVERTED,83.26126861572266,86.10733795166016,0.03418239216451302,314.32258679416236,9477.453169906626
MPWR,-1,2023-02-10,2023-02-13,1,RESIDUAL_REVERTED,495.34228515625,479.91522216796875,0.031144248029248978,285.65636854122965,9477.453169906626
CBRE,-1,2023-02-10,2023-02-13,1,RESIDUAL_REVERTED,87.05999755859375,87.47000122070312,-0.004709438015242595,-54.32181125920952,9477.453169906626
NWS,1,2023-02-13,2023-02-14,1,RESIDUAL_REVERTED,18.239656448364258,18.278423309326172,0.002125416181585571,10.70988685512964,9525.373565877873
EXPE,1,2023-02-13,2023-02-14,1,RESIDUAL_REVERTED,107.02626037597656,109.23562622070312,0.020643212581334724,187.01062071544663,9525.373565877873
MSI,-1,2023-02-13,2023-02-14,1,RESIDUAL_REVERTED,260.8736267089844,259.7706604003906,0.004227971690768717,30.579075994868766,9525.373565877873
DXCM,-1,2023-02-13,2023-02-14,1,RESIDUAL_REVERTED,119.69000244140625,117.5,0.01829728796670682,164.66350475835665,9525.373565877873
GPN,-1,2023-02-13,2023-02-14,1,RESIDUAL_REVERTED,112.31012725830078,109.60954284667969,0.02404577821740017,219.4485375841988,9525.373565877873
LYV,1,2023-02-13,2023-02-15,2,RESIDUAL_REVERTED,76.4800033569336,77.81999969482422,0.017520871849819875,157.2840295787451,9525.373565877873
FIS,1,2023-02-14,2023-02-15,1,RESIDUAL_REVERTED,59.282737731933594,59.803157806396484,0.008778610677802057,74.65719986469256,9603.173911297888
ILMN,-1,2023-02-14,2023-02-15,1,RESIDUAL_REVERTED,207.9863739013672,206.24513244628906,0.00837190159343737,70.64418563196125,9603.173911297888
NWSA,1,2023-02-13,2023-02-16,3,RESIDUAL_REVERTED,18.017498016357422,18.24961280822754,0.012882742745934372,113.12620717364712,9525.373565877871
WHR,-1,2023-02-14,2023-02-16,2,RESIDUAL_REVERTED,120.48857116699219,118.81204223632812,0.013914422873688714,123.69843666453174,9603.173911297888
MRSH,1,2023-02-15,2023-02-16,1,RESIDUAL_REVERTED,156.89942932128906,156.83334350585938,-0.00042119857105638037,-13.662488238313705,9614.781060593645
LDOS,1,2023-02-15,2023-02-16,1,RESIDUAL_REVERTED,90.18631744384766,93.05271911621094,0.03178311027222036,295.820071808164,9614.781060593645
ECL,-1,2023-02-15,2023-02-17,2,RESIDUAL_REVERTED,152.9188232421875,154.96482849121094,-0.013379682145363114,-138.71239109474902,9614.781060593645
CDNS,-1,2023-02-15,2023-02-17,2,RESIDUAL_REVERTED,199.10000610351562,192.3300018310547,0.03400303397751325,317.1001377532282,9614.781060593645
HWM,-1,2023-02-15,2023-02-17,2,RESIDUAL_REVERTED,42.07859420776367,42.50431823730469,-0.01011735390776125,-107.32720542440401,9614.781060593645
MLM,-1,2023-02-16,2023-02-17,1,RESIDUAL_REVERTED,365.8861083984375,359.215576171875,0.018231171048720185,165.51780863729152,9611.550669541053
AKAM,1,2023-02-16,2023-02-21,2,RESIDUAL_REVERTED,78.02999877929688,76.7300033569336,-0.01666020047033756,-169.66184647440951,9611.550669541053
OGN,1,2023-02-17,2023-02-21,1,RESIDUAL_REVERTED,21.193822860717773,22.335952758789062,0.05388975389561268,509.45038825358426,9637.217501508623
HSIC,1,2023-02-17,2023-02-21,1,RESIDUAL_REVERTED,82.36000061035156,82.54000091552734,0.0021855306440243805,11.414685454079187,9637.217501508623
VMC,1,2023-02-17,2023-02-21,1,RESIDUAL_REVERTED,178.40890502929688,178.91412353515625,0.0028318009450056802,17.639818785673885,9637.217501508623
WST,-1,2023-02-17,2023-02-21,1,RESIDUAL_REVERTED,314.1608581542969,306.4647521972656,0.024497341910275083,226.37790905849167,9637.217501508623
DVN,1,2023-02-16,2023-02-22,3,RESIDUAL_REVERTED,49.541622161865234,46.67392349243164,-0.057884634057078,-565.694463350374,9611.550669541053
BIO,-1,2023-02-21,2023-02-22,1,RESIDUAL_REVERTED,476.2799987792969,467.2300109863281,0.01900140215033974,174.48615487291576,9698.308987455091
IEX,-1,2023-02-21,2023-02-22,1,RESIDUAL_REVERTED,218.6500244140625,215.67466735839844,0.01360785146783039,122.15209177362514,9698.308987455091
DE,-1,2023-02-21,2023-02-23,2,RESIDUAL_REVERTED,411.906005859375,410.0558776855469,0.004491627088486161,33.50437641621454,9698.308987455091
NDSN,1,2023-02-22,2023-02-23,1,RESIDUAL_REVERTED,206.2701873779297,212.68231201171875,0.03108604648737101,292.5831891477746,9729.906567637348
HD,1,2023-02-22,2023-02-23,1,RESIDUAL_REVERTED,269.8410949707031,269.15185546875,-0.0025542421625139866,-34.57001789122273,9729.906567637348
DOV,1,2023-02-22,2023-02-23,1,RESIDUAL_REVERTED,142.62159729003906,143.0426788330078,0.002952438837944271,18.98268399520367,9729.906567637348
SWK,1,2023-02-22,2023-02-23,1,RESIDUAL_REVERTED,72.29700469970703,73.46031951904297,0.016090774772314242,146.75354770030958,9729.906567637348
TAP,-1,2023-02-22,2023-02-23,1,RESIDUAL_REVERTED,46.68042755126953,46.87383270263672,-0.004143174377629011,-50.25534358245998,9729.906567637348
PG,-1,2023-02-21,2023-02-24,3,RESIDUAL_REVERTED,126.7279281616211,126.78266143798828,-0.0004318959298172942,-14.471678573580345,9698.308987455091
KEYS,1,2023-02-23,2023-02-24,1,RESIDUAL_REVERTED,160.8699951171875,158.77999877929688,-0.012991834408698444,-136.36953573652036,9750.892752396423
GRMN,-1,2023-02-23,2023-02-27,2,RESIDUAL_REVERTED,91.9537582397461,92.30714416503906,-0.003843083002345704,-47.63287742602629,9750.892752396423
EBAY,1,2023-02-24,2023-02-27,1,RESIDUAL_REVERTED,41.823978424072266,42.394596099853516,0.013643314129409223,122.97811833622038,9731.982083269026
GM,1,2023-02-24,2023-02-27,1,RESIDUAL_REVERTED,37.463077545166016,38.060020446777344,0.01593416613708909,145.26150176503532,9731.982083269026
NVDA,-1,2023-02-24,2023-02-27,1,RESIDUAL_REVERTED,23.147605895996094,23.591121673583984,-0.019160330428150463,-196.486810542418,9731.982083269026
NI,-1,2023-02-23,2023-02-28,3,RESIDUAL_REVERTED,24.9465274810791,24.481239318847656,0.018651420025666776,171.63061123248752,9750.892752396423
DG,1,2023-02-24,2023-02-28,2,RESIDUAL_REVERTED,200.81674194335938,201.4781494140625,0.003293587299059375,22.305123934566804,9731.982083269026
ADSK,1,2023-02-27,2023-02-28,1,RESIDUAL_REVERTED,195.0,195.11000061035156,0.0005641056941105838,-4.243071841374927,9727.881294773324
LIN,-1,2023-02-27,2023-02-28,1,RESIDUAL_REVERTED,329.6815490722656,327.9866943359375,0.005140884411328095,40.115010115598736,9727.881294773324
PWR,-1,2023-02-24,2023-03-01,3,RESIDUAL_REVERTED,157.49041748046875,161.18350219726562,-0.023449583637397353,-238.64888324820657,9731.982083269026
HSIC,1,2023-02-28,2023-03-01,1,RESIDUAL_REVERTED,78.22000122070312,77.77999877929688,-0.005625190929935631,-64.41543304008371,9726.93340469394
SCHW,1,2023-02-28,2023-03-01,1,RESIDUAL_REVERTED,74.31741333007812,73.89904022216797,-0.005629543456416641,-64.45774860693999,9726.93340469394
UNP,-1,2023-02-28,2023-03-01,1,RESIDUAL_REVERTED,194.59951782226562,190.4954833984375,0.021089643333939145,195.3231762013322,9726.93340469394
DPZ,1,2023-02-24,2023-03-02,4,RESIDUAL_REVERTED,284.3744812011719,284.28033447265625,-0.00033106602293553333,-12.952299722554887,9731.982083269024
XRAY,-1,2023-03-01,2023-03-02,1,RESIDUAL_REVERTED,35.23042678833008,33.931007385253906,0.03688344199981697,349.29780677489845,9734.453889792365
ABT,-1,2023-03-01,2023-03-02,1,RESIDUAL_REVERTED,93.68250274658203,93.28245544433594,0.00427024567573997,31.661446708754944,9734.453889792365
VRSK,-1,2023-03-02,2023-03-03,1,TRAILING_STOP,171.61477661132812,181.53111826117356,-0.057782563049940006,-574.4217620358457,9763.781877658337
LYV,-1,2023-02-28,2023-03-06,4,RESIDUAL_REVERTED,71.81999969482422,73.54000091552734,-0.023948777889330364,-243.56951957099065,9726.93340469394
GS,1,2023-03-01,2023-03-06,3,RESIDUAL_REVERTED,321.6459655761719,329.6274719238281,0.024814570061088004,231.70105602086457,9734.453889792365
LOW,1,2023-03-02,2023-03-06,2,RESIDUAL_REVERTED,179.6935577392578,186.81939697265625,0.039655507537661894,377.2303501049866,9763.781877658337
PFG,1,2023-03-03,2023-03-06,1,RESIDUAL_REVERTED,75.36109161376953,76.31527709960938,0.01266151359285117,113.2763265736949,9718.96607432706
CRM,-1,2023-03-03,2023-03-06,1,RESIDUAL_REVERTED,184.54698181152344,181.60317993164062,0.01595150379045107,145.199519119821,9718.96607432706
DXCM,-1,2023-03-03,2023-03-06,1,RESIDUAL_REVERTED,120.52999877929688,114.0999984741211,0.05334771733425292,508.8282707654903,9718.96607432706
ARE,1,2023-03-02,2023-03-07,3,RESIDUAL_REVERTED,118.7520980834961,121.49861907958984,0.02312818923133997,215.9419037049122,9763.781877658337
COO,-1,2023-03-06,2023-03-07,1,RESIDUAL_REVERTED,87.74317932128906,86.47578430175781,0.014444370825570707,129.97941170832473,9676.822032810058
NWL,1,2023-03-07,2023-03-08,1,RESIDUAL_REVERTED,11.444257736206055,11.376237869262695,-0.005943580484749633,-67.68210343011347,9751.609175673093
DXCM,1,2023-03-07,2023-03-08,1,RESIDUAL_REVERTED,113.23999786376953,113.51000213623047,0.002384354270173583,13.488056157918365,9751.609175673093
BRK-B,-1,2023-03-07,2023-03-08,1,RESIDUAL_REVERTED,316.3900146484375,310.7200012207031,0.017920961993805995,164.90372585342496,9751.609175673093
IT,-1,2023-03-07,2023-03-08,1,RESIDUAL_REVERTED,340.8800048828125,333.70001220703125,0.021063108932568797,195.56037699587472,9751.609175673093
UHS,1,2023-03-01,2023-03-09,6,RESIDUAL_REVERTED,130.5218048095703,121.28313446044922,-0.07078258198007759,-698.4197194850627,9734.453889792365
FSLR,-1,2023-03-02,2023-03-09,5,RESIDUAL_REVERTED,195.72999572753906,214.64999389648438,-0.09666376427700141,-955.0780999780892,9763.781877658337
EMN,1,2023-03-07,2023-03-09,2,RESIDUAL_REVERTED,71.97042083740234,72.66542053222656,0.00965674073789824,84.37006803031751,9751.609175673093
MRK,-1,2023-03-07,2023-03-09,2,RESIDUAL_REVERTED,99.94127655029297,97.73268127441406,0.02209893001284091,205.47620797314124,9751.609175673093
UAL,-1,2023-03-08,2023-03-09,1,RESIDUAL_REVERTED,54.22999954223633,53.7599983215332,0.008666812182749006,74.45281791315259,9730.749374373036
CFG,1,2023-03-08,2023-03-09,1,STOP_LOSS,33.52802276611328,31.150184721871824,-0.07092091474731199,-699.4993393583394,9730.749374373036
BF-B,1,2023-03-09,2023-03-10,1,RESIDUAL_REVERTED,59.034969329833984,57.15253448486328,-0.03188677603020951,-320.9390802187713,9763.643157818897
ON,-1,2023-03-09,2023-03-10,1,RESIDUAL_REVERTED,82.87999725341797,82.33999633789062,0.0065154552777820784,53.69245734871483,9763.643157818897
KIM,-1,2023-03-09,2023-03-10,1,RESIDUAL_REVERTED,16.925535202026367,16.527984619140625,0.02348821340894125,219.49199614515206,9763.643157818897
MET,1,2023-03-09,2023-03-10,1,TRAILING_STOP,60.714290618896484,57.22691345214844,-0.05743914869463451,-570.2985866255575,9763.643157818897
SCHW,1,2023-03-10,2023-03-13,1,STOP_LOSS,62.43195343017578,49.21531295776367,-0.21169673134116596,-2057.734686318801,9679.317652375472
ZION,1,2023-03-10,2023-03-13,1,TRAILING_STOP,33.0302848815918,23.004648208618164,-0.3035286165079687,-2946.1602384711787,9679.317652375472
AMP,1,2023-03-10,2023-03-13,1,TRAILING_STOP,296.3260192871094,274.6224755478907,-0.07324211283043014,-718.2585264314251,9679.317652375472
BSX,-1,2023-03-10,2023-03-13,1,TRAILING_STOP,47.060001373291016,48.048000793457035,-0.020994462204303233,-213.18267529244096,9679.317652375472
GE,-1,2023-03-10,2023-03-14,2,RESIDUAL_REVERTED,72.10431671142578,71.53155517578125,0.007943512424323007,66.8708101963302,9679.317652375474
WM,-1,2023-03-10,2023-03-14,2,TRAILING_STOP,142.88002014160156,146.36003662109374,-0.024356214928044517,-245.93124366230407,9679.317652375472
BXP,1,2023-03-15,2023-03-16,1,RESIDUAL_REVERTED,42.720767974853516,45.32408905029297,0.06093806827095971,541.6704926026273,9041.765977990835
CHRW,1,2023-03-15,2023-03-16,1,RESIDUAL_REVERTED,88.86642456054688,89.56769561767578,0.007891293709595626,62.27378939227196,9041.765977990835
JBHT,1,2023-03-15,2023-03-16,1,RESIDUAL_REVERTED,160.85498046875,163.03115844726562,0.01352881938858208,113.22149068263883,9041.765977990835
C,-1,2023-03-15,2023-03-16,1,RESIDUAL_REVERTED,40.53416061401367,39.838375091552734,0.017165410900858435,146.0645127978908,9041.765977990835
EMN,-1,2023-03-15,2023-03-16,1,RESIDUAL_REVERTED,69.64925384521484,68.62665557861328,0.014682113736266822,123.59789293062033,9041.765977990835
FTV,-1,2023-03-15,2023-03-16,1,RESIDUAL_REVERTED,48.190696716308594,47.5300407409668,0.01370920157537836,114.79769623265385,9041.765977990835
SCHW,-1,2023-03-15,2023-03-17,2,RESIDUAL_REVERTED,54.245243072509766,53.75080871582031,0.009114796591998653,73.0440268403977,9041.765977990835
FISV,-1,2023-03-15,2023-03-17,2,RESIDUAL_REVERTED,109.16999816894531,109.06999969482422,0.0009159886030807307,-1.11494431335783,9041.765977990835
UAL,1,2023-03-15,2023-03-20,3,RESIDUAL_REVERTED,44.65999984741211,43.25,-0.031571873090676106,-294.3645212067241,9041.765977990835
DG,1,2023-03-17,2023-03-20,1,RESIDUAL_REVERTED,197.05322265625,194.36099243164062,-0.01366245214525541,-133.3760633318157,9100.676393535765
HIG,-1,2023-03-17,2023-03-20,1,RESIDUAL_REVERTED,62.957664489746094,62.23691940307617,0.011448091229421475,94.96035527100643,9100.676393535765
PGR,-1,2023-03-17,2023-03-20,1,RESIDUAL_REVERTED,129.7574005126953,124.69160461425781,0.039040516212729415,346.1989243227865,9100.676393535765
REG,1,2023-03-17,2023-03-21,2,RESIDUAL_REVERTED,50.29277420043945,50.423011779785156,0.0025895882940687454,14.454545160744269,9100.676393535765
FRT,1,2023-03-17,2023-03-21,2,RESIDUAL_REVERTED,82.23868560791016,82.89972686767578,0.008038081529139207,64.01472643860606,9100.676393535765
AON,-1,2023-03-17,2023-03-21,2,RESIDUAL_REVERTED,290.15582275390625,296.0366516113281,-0.020267829890870948,-194.0062268659676,9100.676393535765
FDX,-1,2023-03-20,2023-03-21,1,RESIDUAL_REVERTED,165.1713104248047,163.8423614501953,0.00804588261237038,63.8933275994585,9088.146459292633
NEM,-1,2023-03-20,2023-03-21,1,RESIDUAL_REVERTED,45.05091094970703,43.589603424072266,0.0324368030485801,285.6726398642689,9088.146459292633
ALK,1,2023-03-15,2023-03-22,5,RESIDUAL_REVERTED,41.02000045776367,40.599998474121094,-0.010238956093504559,-101.5737217119539,9041.765977990835
UPS,1,2023-03-21,2023-03-22,1,RESIDUAL_REVERTED,152.64405822753906,154.19842529296875,0.010182951655495653,83.84584889564303,9135.664223932132
PKG,-1,2023-03-21,2023-03-22,1,RESIDUAL_REVERTED,123.12370300292969,121.31282043457031,0.014707830614193673,125.11919237684991,9135.664223932132
MSFT,1,2023-03-21,2023-03-23,2,RESIDUAL_REVERTED,267.4371032714844,270.414306640625,0.011132349747740022,92.5148943901367,9135.664223932132
CPAY,-1,2023-03-21,2023-03-23,2,RESIDUAL_REVERTED,203.77999877929688,202.24000549316406,0.007557136595141012,59.571139459682755,9135.664223932132
ED,1,2023-03-22,2023-03-23,1,RESIDUAL_REVERTED,83.08655548095703,81.40937805175781,-0.020185906365845385,-194.04634147742553,9163.583834819385
USB,-1,2023-03-22,2023-03-23,1,RESIDUAL_REVERTED,31.904918670654297,29.80344009399414,0.0658669153290482,594.5465274033695,9163.583834819385
TFC,-1,2023-03-22,2023-03-23,1,RESIDUAL_REVERTED,28.073659896850586,27.215879440307617,0.03055463590050822,270.79114175961735,9163.583834819385
KEY,-1,2023-03-22,2023-03-23,1,RESIDUAL_REVERTED,10.541759490966797,10.159331321716309,0.03627745155618378,323.26131691355675,9163.583834819385
BF-B,-1,2023-03-23,2023-03-24,1,RESIDUAL_REVERTED,57.1708984375,57.014793395996094,0.0027304983089353474,15.91516257407927,9295.305573751884
ATO,1,2023-03-22,2023-03-27,3,RESIDUAL_REVERTED,101.21092987060547,100.99058532714844,-0.002177082492362592,-29.103486829934305,9163.583834819385
MTB,1,2023-03-23,2023-03-27,2,RESIDUAL_REVERTED,105.79167938232422,107.18428039550781,0.013163615714529175,113.00334503297793,9295.305573751884
FDS,1,2023-03-24,2023-03-27,1,RESIDUAL_REVERTED,374.4366455078125,383.22344970703125,0.023466731434104382,206.5598168001105,9198.834761465023
GPC,1,2023-03-24,2023-03-27,1,RESIDUAL_REVERTED,140.08938598632812,142.10890197753906,0.014415910077641536,123.34443519152867,9198.834761465023
ACN,-1,2023-03-24,2023-03-27,1,RESIDUAL_REVERTED,254.1400604248047,254.40316772460938,-0.0010352846354284573,-18.91057135083599,9198.834761465023
MU,-1,2023-03-24,2023-03-27,1,RESIDUAL_REVERTED,59.60839080810547,60.278263092041016,-0.011237885721358198,-112.810453471212,9198.834761465023
CBRE,1,2023-03-23,2023-03-28,3,RESIDUAL_REVERTED,71.72000122070312,68.41000366210938,-0.04615166623335565,-438.07464903041085,9295.305573751884
REGN,-1,2023-03-24,2023-03-28,2,RESIDUAL_REVERTED,797.5239868164062,816.296875,-0.023538963710085126,-226.2100427553144,9198.834761465023
NFLX,-1,2023-03-24,2023-03-28,2,RESIDUAL_REVERTED,32.0629997253418,32.60599899291992,-0.016935385716544626,-165.43599473535178,9198.834761465023
AEE,-1,2023-03-27,2023-03-28,1,RESIDUAL_REVERTED,75.9234619140625,75.23177337646484,0.009110339810117885,74.51251482363824,9204.55531019491
MCHP,1,2023-03-28,2023-03-29,1,RESIDUAL_REVERTED,71.06220245361328,72.87960815429688,0.025574857490097136,227.8064731763262,9274.726136978763
HPE,-1,2023-03-28,2023-03-29,1,RESIDUAL_REVERTED,13.718873023986816,13.865500450134277,-0.010688008110512515,-108.63641497262802,9274.726136978763
BAC,-1,2023-03-28,2023-03-29,1,RESIDUAL_REVERTED,25.98589324951172,26.08661460876465,-0.003876001424535369,-45.42388873384571,9274.726136978763
AMT,1,2023-03-28,2023-03-30,2,RESIDUAL_REVERTED,170.1505889892578,178.72056579589844,0.05036701228922391,457.6319490607561,9274.726136978763
NKE,1,2023-03-28,2023-03-30,2,RESIDUAL_REVERTED,109.28520202636719,112.13895416259766,0.0261128870452374,232.79405491546288,9274.726136978763
MKC,-1,2023-03-29,2023-03-30,1,RESIDUAL_REVERTED,74.66898345947266,74.58653259277344,0.0011042184167937563,0.7886999062769728,9278.57224530279
OXY,-1,2023-03-29,2023-03-30,1,RESIDUAL_REVERTED,58.9970703125,59.04412078857422,-0.0007975052968731688,-16.864319278685695,9278.57224530279
AVGO,1,2023-03-28,2023-03-31,3,RESIDUAL_REVERTED,59.8792724609375,60.387821197509766,0.008492901060279667,69.45522063984959,9274.726136978763
CDW,1,2023-03-29,2023-03-31,2,RESIDUAL_REVERTED,177.8985137939453,180.97669982910156,0.017303045256025218,151.1887094487344,9278.57224530279
ULTA,1,2023-03-30,2023-03-31,1,RESIDUAL_REVERTED,527.8099975585938,538.75,0.020727160326651006,184.1031378630294,9337.375651337747
PAYX,-1,2023-03-30,2023-03-31,1,RESIDUAL_REVERTED,104.8432846069336,101.67835235595703,0.030187267242171578,272.4950446029472,9337.375651337747
CTAS,-1,2023-03-30,2023-03-31,1,RESIDUAL_REVERTED,113.16871643066406,112.2506103515625,0.008112719734380547,66.26655607040861,9337.375651337747
WM,-1,2023-03-31,2023-04-03,1,RESIDUAL_REVERTED,153.7491455078125,154.1468048095703,-0.0025864163371080995,-33.92640062128548,9404.026757425498
DLR,-1,2023-04-03,2023-04-04,1,RESIDUAL_REVERTED,87.64220428466797,83.28692626953125,0.04969384385849618,456.87390388028786,9381.43342923933
KIM,-1,2023-04-03,2023-04-04,1,RESIDUAL_REVERTED,16.536441802978516,16.53643798828125,2.3068428567363242e-07,-9.564646046810651,9381.433429239329
VTR,1,2023-04-03,2023-04-05,2,RESIDUAL_REVERTED,39.1973876953125,38.0967903137207,-0.02807833496831258,-272.6647562231917,9381.43342923933
EXR,1,2023-04-04,2023-04-05,1,RESIDUAL_REVERTED,134.57302856445312,137.3762969970703,0.020830834101906115,186.12982901321396,9390.812170654946
COP,-1,2023-04-04,2023-04-05,1,RESIDUAL_REVERTED,97.14811706542969,95.87471008300781,0.01310789154630998,113.58164808349599,9390.812170654946
INTC,-1,2023-03-30,2023-04-06,5,RESIDUAL_REVERTED,31.086471557617188,31.818490982055664,-0.023547845341074458,-230.27390463061397,9337.375651337747
SPG,-1,2023-04-03,2023-04-06,3,RESIDUAL_REVERTED,93.96961975097656,92.12396240234375,0.01964100050126716,174.41943556367778,9381.43342923933
SCHW,1,2023-03-31,2023-04-10,5,RESIDUAL_REVERTED,49.87139892578125,47.075927734375,-0.05605359487842876,-536.2699680910152,9404.026757425498
MU,1,2023-04-03,2023-04-10,4,RESIDUAL_REVERTED,58.9188232421875,60.39021682739258,0.02497323443064836,224.78616052651333,9381.43342923933
NEM,-1,2023-04-05,2023-04-10,2,RESIDUAL_REVERTED,47.85329818725586,47.40935134887695,0.009277246400899886,76.98836070326239,9341.029100639214
MKTX,1,2023-04-06,2023-04-10,1,RESIDUAL_REVERTED,317.7685546875,322.8116149902344,0.015870230796416696,138.2405999429776,9301.429799942222
CMI,1,2023-04-06,2023-04-10,1,RESIDUAL_REVERTED,204.44277954101562,204.41493225097656,-0.00013621068008162762,-10.567750401684592,9301.429799942222
JNJ,-1,2023-04-06,2023-04-10,1,RESIDUAL_REVERTED,150.19346618652344,148.96286010742188,0.008193472794437606,66.76406948959286,9301.429799942222
ABT,-1,2023-04-05,2023-04-11,3,RESIDUAL_REVERTED,95.47801208496094,96.93859100341797,-0.015297542193875469,-152.872216014414,9341.029100639214
CSX,-1,2023-04-10,2023-04-11,1,RESIDUAL_REVERTED,28.39849853515625,28.636497497558594,-0.008380688229263633,-88.02635931438368,9359.700735270584
ICE,-1,2023-04-10,2023-04-11,1,RESIDUAL_REVERTED,102.8160400390625,101.85989379882812,0.00929958243743978,77.54140624318829,9359.700735270584
CAG,1,2023-04-11,2023-04-12,1,RESIDUAL_REVERTED,30.721662521362305,30.83611488342285,0.0037254612109927088,25.6580702400717,9420.65081356006
INCY,1,2023-04-11,2023-04-12,1,RESIDUAL_REVERTED,74.2300033569336,74.30999755859375,0.0010776532135599037,0.7264677121864098,9420.65081356006
MU,-1,2023-04-11,2023-04-12,1,RESIDUAL_REVERTED,62.81844711303711,63.52915954589844,-0.011313753610980859,-116.24357651370002,9420.65081356006
CTAS,1,2023-04-03,2023-04-13,7,RESIDUAL_REVERTED,111.36396026611328,110.28839111328125,-0.009658143893786386,-99.94336380181582,9381.43342923933
AMCR,1,2023-04-11,2023-04-13,2,RESIDUAL_REVERTED,46.08692932128906,45.631866455078125,-0.00987401141522204,-102.39375467863651,9420.65081356006
ORCL,1,2023-04-11,2023-04-13,2,RESIDUAL_REVERTED,89.90255737304688,90.59514617919922,0.007703772021506294,63.11760807524358,9420.65081356006
WDC,-1,2023-04-11,2023-04-13,2,RESIDUAL_REVERTED,28.80817413330078,28.612607955932617,0.006788565511415046,54.19131787261998,9420.65081356006
KMX,-1,2023-04-12,2023-04-13,1,RESIDUAL_REVERTED,73.0,69.66999816894531,0.045616463439105304,419.7680762573462,9407.488415277065
MHK,-1,2023-04-12,2023-04-13,1,RESIDUAL_REVERTED,101.7699966430664,98.36000061035156,0.03350688950766678,305.78636413221375,9407.488415277066
WHR,-1,2023-04-12,2023-04-14,2,RESIDUAL_REVERTED,112.85343933105469,111.88774108886719,0.008557100677761609,70.76408855819092,9407.488415277066
FTV,-1,2023-04-13,2023-04-14,1,RESIDUAL_REVERTED,49.586238861083984,49.87574768066406,-0.005838491207029062,-65.27161524113876,9512.899814661936
PH,1,2023-04-14,2023-04-17,1,RESIDUAL_REVERTED,307.9664001464844,308.4185791015625,0.0014682736651239203,4.42920743798482,9473.439506111317
JKHY,-1,2023-04-14,2023-04-17,1,RESIDUAL_REVERTED,150.62832641601562,146.68299865722656,0.026192468924421175,238.60030738519959,9473.439506111317
AAL,1,2023-04-13,2023-04-18,3,RESIDUAL_REVERTED,13.149999618530273,13.199999809265137,0.003802295983674764,26.63987551334904,9512.899814661936
SYY,1,2023-04-13,2023-04-18,3,RESIDUAL_REVERTED,68.09011840820312,68.88528442382812,0.01167814117840038,101.52454074341391,9512.899814661936
PGR,1,2023-04-14,2023-04-18,2,RESIDUAL_REVERTED,126.04769897460938,126.0111312866211,-0.0002901099209724478,-12.220404123173191,9473.439506111317
PSA,1,2023-04-14,2023-04-18,2,RESIDUAL_REVERTED,264.40496826171875,254.36898803710938,-0.03795685191011755,-368.8755889488287,9473.439506111317
C,-1,2023-04-17,2023-04-18,1,RESIDUAL_REVERTED,44.387760162353516,44.53940963745117,-0.0034164705437484955,-41.751935131168224,9407.84342154855
STT,1,2023-04-18,2023-04-19,1,RESIDUAL_REVERTED,65.55034637451172,67.44355010986328,0.028881674011835612,261.9653969605441,9400.481035094524
ENPH,-1,2023-04-14,2023-04-20,4,RESIDUAL_REVERTED,209.77000427246094,220.5,-0.05115123949562572,-495.08776884321895,9473.439506111317
JPM,-1,2023-04-17,2023-04-20,3,RESIDUAL_REVERTED,130.11810302734375,130.08090209960938,0.0002859012456287724,-7.280242961873383,9407.84342154855
JNJ,1,2023-04-19,2023-04-20,1,RESIDUAL_REVERTED,146.57412719726562,146.97222900390625,0.0027160441904241495,16.115252191224005,9398.368336363954
MAR,-1,2023-04-19,2023-04-20,1,RESIDUAL_REVERTED,166.66867065429688,167.17141723632812,-0.0030164432226980065,-37.95010194827075,9398.368336363954
MTB,-1,2023-04-18,2023-04-21,3,RESIDUAL_REVERTED,112.91527557373047,110.68357849121094,0.019764350493590155,175.92626299089164,9400.481035094524
CDW,1,2023-04-20,2023-04-21,1,RESIDUAL_REVERTED,155.9521484375,156.43667602539062,0.003106899088888282,19.744641681330144,9378.337367675498
OMC,1,2023-04-20,2023-04-21,1,RESIDUAL_REVERTED,80.61576080322266,81.64203643798828,0.012730458964106184,109.95250637355558,9378.337367675498
CSCO,1,2023-04-20,2023-04-24,2,RESIDUAL_REVERTED,43.6552848815918,43.14179611206055,-0.011762350673555577,-119.63447457475768,9378.337367675498
T,1,2023-04-21,2023-04-24,1,RESIDUAL_REVERTED,14.988045692443848,15.172565460205078,0.012311129252445152,106.48774498569206,9419.548238350342
DHI,-1,2023-04-21,2023-04-24,1,RESIDUAL_REVERTED,103.9275894165039,102.77915954589844,0.011050288735197977,94.53625452071044,9419.548238350342
TAP,-1,2023-04-14,2023-04-25,7,RESIDUAL_REVERTED,49.58670425415039,51.44719314575195,-0.03751991425092216,-366.44417832725094,9473.439506111317
SNA,-1,2023-04-21,2023-04-25,2,RESIDUAL_REVERTED,237.21511840820312,235.49073791503906,0.007269268943460472,58.71259515038628,9419.548238350342
MRSH,-1,2023-04-21,2023-04-25,2,RESIDUAL_REVERTED,170.60592651367188,169.91404724121094,0.004055423434575101,28.42680604515654,9419.548238350342
WRB,1,2023-04-24,2023-04-25,1,RESIDUAL_REVERTED,35.548606872558594,35.35828399658203,-0.005353877204214208,-59.91115512755972,9433.044561977158
ALB,1,2023-04-24,2023-04-25,1,RESIDUAL_REVERTED,169.6610870361328,170.97232055664062,0.007728546029111216,63.43422267037548,9433.044561977158
HPE,1,2023-04-20,2023-04-26,4,RESIDUAL_REVERTED,13.471437454223633,12.912419319152832,-0.04149654682140358,-398.3523687444983,9378.337367675498
CARR,1,2023-04-25,2023-04-26,1,RESIDUAL_REVERTED,40.728824615478516,39.21506118774414,-0.03716688222716569,-360.7019626380202,9455.256829693846
T,1,2023-04-25,2023-04-26,1,RESIDUAL_REVERTED,14.686103820800781,14.585457801818848,-0.00685314636271217,-74.22111665114377,9455.256829693846
HCA,-1,2023-04-24,2023-04-27,3,RESIDUAL_REVERTED,276.2236022949219,271.31927490234375,0.017754917942681137,157.57561301047616,9433.044561977158
KDP,-1,2023-04-26,2023-04-27,1,RESIDUAL_REVERTED,32.13421630859375,31.31142807006836,0.0256047395282315,231.78754178012687,9423.130025540977
MDT,-1,2023-04-25,2023-04-28,3,RESIDUAL_REVERTED,79.89798736572266,81.45851135253906,-0.019531455525573005,-194.7900256544368,9455.256829693846
UPS,1,2023-04-26,2023-04-28,2,RESIDUAL_REVERTED,144.88037109375,146.21151733398438,0.009187899162496072,77.11234905998296,9423.130025540977
PEP,-1,2023-04-26,2023-04-28,2,RESIDUAL_REVERTED,166.78945922851562,168.04608154296875,-0.007534183036899567,-80.82940779141656,9423.130025540977
ODFL,1,2023-04-27,2023-04-28,1,RESIDUAL_REVERTED,149.602294921875,155.69557189941406,0.04072983626836124,372.21871067961433,9373.549886795101
MSCI,1,2023-04-26,2023-05-01,3,RESIDUAL_REVERTED,443.5827941894531,462.2816467285156,0.04215414300103859,387.6022286031872,9423.130025540977
BRO,-1,2023-04-26,2023-05-01,3,RESIDUAL_REVERTED,61.43034744262695,62.61994934082031,-0.019365052416550066,-192.5613546390218,9423.130025540977
WAB,1,2023-04-27,2023-05-02,3,RESIDUAL_REVERTED,94.9312973022461,95.71684265136719,0.008274882693534158,68.15269333555631,9373.549886795101
HAS,-1,2023-04-28,2023-05-02,2,RESIDUAL_REVERTED,51.874534606933594,51.17588806152344,0.013468006040034397,117.07691947931733,9414.830878559804
RMD,-1,2023-05-01,2023-05-02,1,RESIDUAL_REVERTED,231.29222106933594,226.58514404296875,0.020351212006201047,182.24876872548418,9422.460892842913
L,-1,2023-05-02,2023-05-03,1,RESIDUAL_REVERTED,59.167137145996094,58.71201705932617,0.0076921093130956075,62.82708364104997,9410.361676055129
ENPH,1,2023-04-27,2023-05-04,5,RESIDUAL_REVERTED,166.52999877929688,158.8699951171875,-0.04599774045672833,-440.3200836803654,9373.549886795101
CMCSA,-1,2023-04-28,2023-05-04,4,RESIDUAL_REVERTED,33.38274002075195,33.99135971069336,-0.018231567857014408,-181.91803819972966,9414.830878559804
TMUS,1,2023-05-01,2023-05-04,3,RESIDUAL_REVERTED,137.4200439453125,133.2364959716797,-0.03044350630027226,-296.1317820743975,9422.460892842913
GPN,1,2023-05-02,2023-05-04,2,RESIDUAL_REVERTED,99.23916625976562,99.3644027709961,0.0012619665798345725,2.4592624823126226,9410.361676055129
LDOS,1,2023-05-03,2023-05-04,1,RESIDUAL_REVERTED,77.26427459716797,76.97653198242188,-0.0037241353296371127,-44.00541514594563,9318.693075285262
AME,-1,2023-05-03,2023-05-04,1,RESIDUAL_REVERTED,142.91604614257812,141.29287719726562,0.01135749965887789,96.38838290202587,9318.693075285262
BR,-1,2023-05-03,2023-05-05,2,RESIDUAL_REVERTED,145.58737182617188,144.0193328857422,0.01077043235797881,90.73041512841482,9318.693075285262
FSLR,1,2023-05-01,2023-05-08,5,RESIDUAL_REVERTED,182.5800018310547,179.6999969482422,-0.015773933913515004,-157.97742168151316,9422.460892842913
RSG,-1,2023-05-01,2023-05-08,5,RESIDUAL_REVERTED,139.35223388671875,140.035888671875,-0.004905947799243693,-56.61166215961345,9422.460892842913
BWA,1,2023-05-05,2023-05-08,1,RESIDUAL_REVERTED,36.701480865478516,37.727508544921875,0.027956029436633445,252.60140459101194,9375.73017864337
TFX,1,2023-05-05,2023-05-08,1,RESIDUAL_REVERTED,243.5733184814453,249.27015686035156,0.02338859779233249,209.799809388002,9375.73017864337
BALL,-1,2023-05-05,2023-05-08,1,RESIDUAL_REVERTED,56.634639739990234,55.64421844482422,0.017487906689493293,154.48484031087256,9375.73017864337
VMC,-1,2023-05-05,2023-05-08,1,RESIDUAL_REVERTED,187.94815063476562,188.64938354492188,-0.0037309912749230456,-44.56058320254861,9375.73017864337
VRSK,-1,2023-05-04,2023-05-09,3,RESIDUAL_REVERTED,203.77200317382812,205.1862335205078,-0.006940258350766948,-74.86837669240056,9354.747372018799
AES,1,2023-05-09,2023-05-10,1,RESIDUAL_REVERTED,18.521312713623047,19.3094539642334,0.042553206827000256,390.4979068211722,9402.35391706887
WELL,1,2023-05-09,2023-05-10,1,RESIDUAL_REVERTED,70.93640899658203,73.21270751953125,0.03208928327706717,292.1615869998384,9402.35391706887
VTRS,-1,2023-05-09,2023-05-10,1,RESIDUAL_REVERTED,8.386852264404297,8.438516616821289,-0.006160160068189979,-67.53787370777145,9402.35391706887
PGR,-1,2023-05-09,2023-05-11,2,RESIDUAL_REVERTED,122.36672973632812,121.80957794189453,0.004553131358777995,33.05311439605949,9402.35391706887
DVA,-1,2023-05-10,2023-05-11,1,RESIDUAL_REVERTED,101.5,98.76000213623047,0.026995052845020018,243.84697433059353,9382.647028508716
LYV,-1,2023-05-08,2023-05-12,4,RESIDUAL_REVERTED,77.16000366210938,77.81999969482422,-0.008553602921081094,-90.95737125944272,9437.321291396516
TSN,1,2023-05-09,2023-05-12,3,RESIDUAL_REVERTED,44.506160736083984,43.53286361694336,-0.02186881777810845,-214.9179092324832,9402.35391706887
AXON,1,2023-05-11,2023-05-12,1,RESIDUAL_REVERTED,197.83999633789062,205.1199951171875,0.03679740656112518,334.7754379376308,9356.75576214254
J,1,2023-05-11,2023-05-12,1,RESIDUAL_REVERTED,91.45179748535156,93.75050354003906,0.025135712122615228,225.71436911707374,9356.75576214254
MET,1,2023-05-05,2023-05-12,5,TRAILING_STOP,49.45225524902344,45.140990164096394,-0.08718035331689311,-826.3465100218406,9375.73017864337
BSX,-1,2023-05-09,2023-05-15,4,RESIDUAL_REVERTED,53.13999938964844,53.369998931884766,-0.004328181123034236,-50.86569587529186,9402.35391706887
AKAM,-1,2023-05-11,2023-05-15,2,RESIDUAL_REVERTED,85.31999969482422,85.2300033569336,0.0010548094023972165,0.14516760519654132,9356.75576214254
MOS,1,2023-05-05,2023-05-16,7,RESIDUAL_REVERTED,35.142635345458984,32.55717086791992,-0.07357059173631808,-698.8088583728895,9375.73017864337
STE,-1,2023-05-12,2023-05-16,2,RESIDUAL_REVERTED,201.29727172851562,203.21347045898438,-0.009519248393257351,-99.52283410126071,9420.735036989508
AXON,1,2023-05-15,2023-05-16,1,RESIDUAL_REVERTED,200.1999969482422,203.25,0.01523478071054285,133.1710651220657,9360.33853868138
GEN,1,2023-05-15,2023-05-16,1,RESIDUAL_REVERTED,15.101044654846191,15.212631225585938,0.007389327910101606,59.771688967790965,9360.33853868138
MHK,1,2023-05-15,2023-05-16,1,RESIDUAL_REVERTED,95.0999984741211,94.91000366210938,-0.00199784242965495,-28.05146978644906,9360.33853868138
PYPL,1,2023-05-15,2023-05-16,1,RESIDUAL_REVERTED,61.068965911865234,61.11841583251953,0.0008097389552275125,-1.7846975051683653,9360.33853868138
FSLR,-1,2023-05-15,2023-05-16,1,RESIDUAL_REVERTED,228.0800018310547,220.0,0.03542617400117254,322.22600741287465,9360.33853868138
TPR,-1,2023-05-12,2023-05-17,3,RESIDUAL_REVERTED,37.192630767822266,38.765708923339844,-0.042295425815335186,-408.65714289823177,9420.735036989508
WDC,-1,2023-05-16,2023-05-18,2,RESIDUAL_REVERTED,27.642305374145508,27.84539222717285,-0.007346957870500104,-79.01287521530932,9417.099127342735
STX,-1,2023-05-16,2023-05-18,2,RESIDUAL_REVERTED,56.290470123291016,56.3365592956543,-0.0008187739818539264,-17.504573703332213,9417.099127342735
GEN,1,2023-05-17,2023-05-18,1,RESIDUAL_REVERTED,14.422242164611816,14.868578910827637,0.030947805557655084,281.9612553403668,9419.956273083497
CZR,1,2023-05-17,2023-05-18,1,RESIDUAL_REVERTED,41.7599983215332,43.34000015258789,0.03783529440996114,346.8086592385294,9419.956273083497
EBAY,1,2023-05-17,2023-05-18,1,RESIDUAL_REVERTED,40.509300231933594,41.214874267578125,0.017417581434505447,154.57086279508022,9419.956273083497
FRT,1,2023-05-17,2023-05-18,1,RESIDUAL_REVERTED,77.3069839477539,78.21156311035156,0.011701131209684634,100.74907599558843,9419.956273083497
IT,-1,2023-05-17,2023-05-18,1,RESIDUAL_REVERTED,321.82000732421875,324.79998779296875,-0.009259773789476622,-96.8779972255077,9419.956273083497
BRK-B,-1,2023-05-17,2023-05-18,1,RESIDUAL_REVERTED,325.0199890136719,326.8699951171875,-0.005691976389297748,-63.2532008379705,9419.956273083497
KEYS,-1,2023-05-18,2023-05-19,1,RESIDUAL_REVERTED,157.0,157.49000549316406,-0.003121054096586473,-39.31755468850088,9491.155025108594
AES,1,2023-05-17,2023-05-22,3,RESIDUAL_REVERTED,17.904504776000977,17.887371063232422,-0.0009569498281527533,-18.429874597049043,9419.956273083497
MOH,1,2023-05-19,2023-05-22,1,RESIDUAL_REVERTED,283.7900085449219,286.6700134277344,0.010148366031556888,86.52399317836297,9463.111821391705
CAG,1,2023-05-19,2023-05-22,1,RESIDUAL_REVERTED,29.491130828857422,29.606599807739258,0.003915379832395205,27.570039517197152,9463.111821391705
CPRT,-1,2023-05-19,2023-05-22,1,RESIDUAL_REVERTED,44.209999084472656,44.29999923706055,-0.0020357420142878,-28.924576293213484,9463.111821391705
TTWO,-1,2023-05-19,2023-05-22,1,RESIDUAL_REVERTED,140.1999969482422,137.42999267578125,0.01975752020510768,177.41394452432937,9463.111821391705
SNPS,-1,2023-05-19,2023-05-22,1,RESIDUAL_REVERTED,413.0299987792969,405.760009765625,0.017601600453134636,157.00038360500196,9463.111821391705
BBWI,-1,2023-05-19,2023-05-22,1,RESIDUAL_REVERTED,33.40313720703125,33.53885269165039,-0.0040629562360559035,-48.11886468285113,9463.111821391705
PODD,1,2023-05-19,2023-05-23,2,RESIDUAL_REVERTED,302.9700012207031,303.4599914550781,0.001617289607554362,5.833828286268762,9463.111821391705
BWA,-1,2023-05-22,2023-05-24,2,RESIDUAL_REVERTED,38.81241989135742,38.9890251159668,-0.00455022451843301,-52.97058022748858,9470.748646222142
PEP,1,2023-05-23,2023-05-24,1,RESIDUAL_REVERTED,165.02850341796875,164.83380126953125,-0.0011798092111662273,-20.620868197621974,9462.502528103378
TGT,1,2023-05-19,2023-05-24,3,TRAILING_STOP,137.60171508789062,126.69095825148449,-0.07929230263908471,-759.4398623074586,9463.111821391707
NKE,1,2023-05-23,2023-05-25,2,RESIDUAL_REVERTED,101.70612335205078,100.39044189453125,-0.012936108605431373,-131.8092589306265,9462.502528103378
KMB,1,2023-05-23,2023-05-25,2,RESIDUAL_REVERTED,121.736328125,118.79423522949219,-0.024167747958414254,-238.03553499508564,9462.502528103378
PFE,-1,2023-05-23,2023-05-25,2,RESIDUAL_REVERTED,31.436429977416992,31.4038143157959,0.001037511627259291,-0.02133175938534826,9462.502528103378
EPAM,-1,2023-05-23,2023-05-25,2,RESIDUAL_REVERTED,261.32000732421875,256.2099914550781,0.019554629289446845,175.29364661727456,9462.502528103378
MTCH,-1,2023-05-23,2023-05-25,2,RESIDUAL_REVERTED,32.577484130859375,32.70230484008789,-0.0038315024182693502,-46.116099170380316,9462.502528103378
AZO,1,2023-05-24,2023-05-26,2,RESIDUAL_REVERTED,2463.409912109375,2461.14990234375,-0.0009174314654315507,-17.944917111542356,9361.070528708355
GLW,-1,2023-05-25,2023-05-26,1,RESIDUAL_REVERTED,29.22792625427246,28.720338821411133,0.017366522292601272,153.88025371123854,9408.322409117549
ADI,1,2023-05-25,2023-05-30,2,RESIDUAL_REVERTED,157.3939971923828,168.36839294433594,0.06972563088628547,646.2648925404014,9408.322409117549
INTU,1,2023-05-25,2023-05-30,2,RESIDUAL_REVERTED,408.01971435546875,413.7427673339844,0.01402641288437767,122.49070974317776,9408.322409117549
DLTR,1,2023-05-26,2023-05-30,1,RESIDUAL_REVERTED,136.50999450683594,141.89999389648438,0.03948428398316661,363.1995874817276,9442.451933560624
MDT,1,2023-05-26,2023-05-31,2,RESIDUAL_REVERTED,73.80756378173828,73.65596771240234,-0.002053936772445586,-28.826954082326807,9442.451933560624
AVGO,-1,2023-05-30,2023-05-31,1,RESIDUAL_REVERTED,79.98078155517578,76.12883758544922,0.048160869334206824,444.59212241970687,9426.141895400322
NVDA,-1,2023-05-26,2023-06-01,3,RESIDUAL_REVERTED,37.77014923095703,38.36725997924805,-0.015809065106939357,-159.37140471922814,9442.451933560624
CDNS,-1,2023-05-26,2023-06-01,3,RESIDUAL_REVERTED,226.25999450683594,228.57000732421875,-0.01020955039983007,-106.46848751816741,9442.451933560624
SNPS,-1,2023-05-26,2023-06-01,3,RESIDUAL_REVERTED,434.29998779296875,446.5299987792969,-0.02816028397439929,-276.06616348888406,9442.451933560624
ULTA,1,2023-05-30,2023-06-01,2,RESIDUAL_REVERTED,417.6499938964844,408.1099853515625,-0.022842113454660806,-224.6314880085584,9426.141895400322
MDLZ,1,2023-05-31,2023-06-01,1,RESIDUAL_REVERTED,66.09354400634766,67.14236450195312,0.015868728351210004,139.27490437360987,9371.969256496255
MA,1,2023-05-31,2023-06-01,1,RESIDUAL_REVERTED,358.0289306640625,360.147705078125,0.005917886049411347,46.06254573897523,9371.969256496255
GEN,-1,2023-05-23,2023-06-02,7,RESIDUAL_REVERTED,15.97813892364502,16.559162139892578,-0.03636363527843289,-355.0475933848366,9462.502528103378
EW,-1,2023-06-01,2023-06-05,2,RESIDUAL_REVERTED,84.05999755859375,84.94000244140625,-0.01046877121545342,-108.69989306142521,9440.453171623587
DG,1,2023-06-02,2023-06-05,1,RESIDUAL_REVERTED,151.5200958251953,153.12684631347656,0.010604207181434955,90.14750733060089,9391.436481508214
ROST,1,2023-06-02,2023-06-05,1,RESIDUAL_REVERTED,97.9658203125,100.04690551757812,0.02124297227787908,190.01083733222038,9391.436481508214
NTAP,-1,2023-06-02,2023-06-05,1,RESIDUAL_REVERTED,67.53842163085938,66.62016296386719,0.013596093080336713,118.1757571508141,9391.436481508214
HRL,-1,2023-06-02,2023-06-05,1,RESIDUAL_REVERTED,35.334110260009766,35.79037857055664,-0.012912970135355861,-130.9120626082955,9391.436481508214
MTCH,-1,2023-06-02,2023-06-06,2,RESIDUAL_REVERTED,36.79248809814453,37.18614959716797,-0.010699507409592357,-110.30325308718837,9391.436481508214
MMM,-1,2023-06-05,2023-06-06,1,RESIDUAL_REVERTED,76.5470962524414,74.39256286621094,0.02814650707487487,255.53611756765864,9415.024069444564
TGT,1,2023-05-31,2023-06-07,5,RESIDUAL_REVERTED,119.2489013671875,117.28569030761719,-0.016463137496967373,-163.586841734302,9371.969256496255
AAP,1,2023-06-01,2023-06-07,4,RESIDUAL_REVERTED,67.3266372680664,62.49549102783203,-0.07175683260399268,-686.5187626046778,9440.453171623587
CRM,1,2023-06-02,2023-06-07,3,RESIDUAL_REVERTED,208.9118194580078,210.854736328125,0.009300176864850407,77.90691280138088,9391.436481508214
EPAM,1,2023-06-06,2023-06-07,1,RESIDUAL_REVERTED,197.99000549316406,209.6300048828125,0.0587908433087565,541.8085512237028,9380.10681939098
PAYC,-1,2023-06-06,2023-06-07,1,RESIDUAL_REVERTED,296.6484375,301.3652038574219,-0.01590018945379379,-158.78812699900763,9380.10681939098
FTNT,-1,2023-06-06,2023-06-07,1,RESIDUAL_REVERTED,71.3499984741211,69.54000091552734,0.025367871020351096,228.51081786789481,9380.10681939098
TSCO,-1,2023-06-07,2023-06-08,1,RESIDUAL_REVERTED,40.734886169433594,40.860748291015625,-0.0030897869962989155,-38.86032197386493,9452.168248173759
MAS,-1,2023-06-07,2023-06-09,2,RESIDUAL_REVERTED,50.186279296875,51.442108154296875,-0.025023350505684494,-246.4817272045925,9452.168248173759
CPB,1,2023-06-08,2023-06-09,1,RESIDUAL_REVERTED,40.0157356262207,40.310420989990234,0.007364237072189139,59.852748932149666,9409.988494443436
PTC,1,2023-06-08,2023-06-09,1,RESIDUAL_REVERTED,135.75999450683594,137.91000366210938,0.015836838849939472,139.5399706361593,9409.988494443436
FICO,1,2023-06-08,2023-06-09,1,RESIDUAL_REVERTED,756.1099853515625,769.6699829101562,0.01793389562536829,159.26338412507502,9409.988494443436
INTU,1,2023-06-08,2023-06-09,1,RESIDUAL_REVERTED,410.8276672363281,412.2218322753906,0.003393551968982944,22.507329846489966,9409.988494443436
WHR,-1,2023-06-08,2023-06-09,1,RESIDUAL_REVERTED,123.17764282226562,121.19486236572266,0.016096918329602583,141.95350490024006,9409.988494443436
BF-B,-1,2023-06-08,2023-06-12,2,RESIDUAL_REVERTED,60.12385177612305,59.35917663574219,0.012718332538444121,109.95794752616105,9409.988494443436
CHRW,1,2023-06-06,2023-06-13,5,RESIDUAL_REVERTED,84.9579086303711,84.00133514404297,-0.01125938128361792,-114.94149888039868,9380.10681939098
BBWI,-1,2023-06-06,2023-06-13,5,RESIDUAL_REVERTED,35.87766647338867,38.43452072143555,-0.07126590158653023,-679.1760555966417,9380.106819390981
WMB,1,2023-06-12,2023-06-13,1,RESIDUAL_REVERTED,26.597007751464844,26.993974685668945,0.014925247904333805,131.38903948442115,9440.369774178469
GLW,-1,2023-06-12,2023-06-13,1,RESIDUAL_REVERTED,30.5978946685791,30.718944549560547,-0.0039561506532588275,-46.99370651374559,9440.369774178469
MTCH,-1,2023-06-12,2023-06-13,1,RESIDUAL_REVERTED,39.893741607666016,41.0458984375,-0.028880641007926533,-282.406713914851,9440.369774178469
ADBE,-1,2023-06-09,2023-06-14,3,RESIDUAL_REVERTED,456.9100036621094,476.1499938964844,-0.04210892753532969,-407.61324174329826,9437.434299675238
PLD,1,2023-06-12,2023-06-14,2,RESIDUAL_REVERTED,108.31704711914062,108.92576599121094,0.005619788281347571,43.58598321462267,9440.369774178469
TGT,1,2023-06-12,2023-06-14,2,RESIDUAL_REVERTED,113.08391571044922,114.7717514038086,0.014925515116412047,131.3915608039571,9440.369774178469
V,1,2023-06-14,2023-06-15,1,RESIDUAL_REVERTED,218.28472900390625,216.60665893554688,-0.00768752846805576,-81.35555918693936,9368.783179234271
CMI,-1,2023-06-14,2023-06-15,1,RESIDUAL_REVERTED,224.26361083984375,218.61097717285156,0.02520530926004294,226.71090701963482,9368.783179234271
STLD,-1,2023-06-14,2023-06-15,1,RESIDUAL_REVERTED,104.23213958740234,99.12179565429688,0.04902848539168925,450.0197927473727,9368.783179234271
FMC,1,2023-06-12,2023-06-16,4,RESIDUAL_REVERTED,93.09203338623047,93.69133758544922,0.006437760326195585,51.304080803645306,9440.369774178469
FCX,-1,2023-06-14,2023-06-16,2,RESIDUAL_REVERTED,38.90737533569336,38.13114929199219,0.019950614427313162,177.27073025519198,9368.783179234271
CVS,1,2023-06-15,2023-06-16,1,RESIDUAL_REVERTED,59.64541244506836,61.29067611694336,0.02758407737376678,249.93916156391802,9406.71725620993
NKE,-1,2023-06-15,2023-06-16,1,RESIDUAL_REVERTED,103.95587921142578,105.97307586669922,-0.019404353756374393,-192.2168614367784,9406.71725620993
CCL,-1,2023-06-13,2023-06-20,4,RESIDUAL_REVERTED,14.821818351745605,15.737109184265137,-0.06175293818870298,-591.4101909302187,9407.378388843534
BIIB,1,2023-06-14,2023-06-20,3,RESIDUAL_REVERTED,304.6000061035156,296.0,-0.02823376865131444,-273.7525819776474,9368.783179234271
HUM,1,2023-06-15,2023-06-21,3,RESIDUAL_REVERTED,439.1278991699219,427.0013427734375,-0.02761508986199024,-269.0441759216129,9406.71725620993
DPZ,-1,2023-06-16,2023-06-21,2,RESIDUAL_REVERTED,313.48126220703125,305.8046569824219,0.024488242680162364,220.98686071516263,9419.315957717215
ETN,1,2023-06-20,2023-06-21,1,RESIDUAL_REVERTED,181.90757751464844,185.61114501953125,0.020359610938057715,181.67979037021055,9389.41249100715
GLW,-1,2023-06-20,2023-06-21,1,RESIDUAL_REVERTED,32.73955535888672,32.357784271240234,0.011660851329883926,99.96895466635489,9389.41249100715
BALL,-1,2023-06-20,2023-06-21,1,RESIDUAL_REVERTED,54.042625427246094,53.59330368041992,0.008314210186384563,68.53061803914254,9389.41249100715
MAR,1,2023-06-16,2023-06-22,3,RESIDUAL_REVERTED,171.927978515625,170.94842529296875,-0.0056974625719060645,-63.05868297970791,9419.315957717215
LEN,-1,2023-06-16,2023-06-22,3,RESIDUAL_REVERTED,111.01673126220703,111.9176025390625,-0.00811473429827192,-86.45490810946646,9419.315957717215
GNRC,-1,2023-06-21,2023-06-23,2,RESIDUAL_REVERTED,128.89999389648438,122.81999969482422,0.047168304806459616,433.49584730007456,9392.697676543277
FMC,-1,2023-06-22,2023-06-23,1,RESIDUAL_REVERTED,95.66546630859375,94.49332427978516,0.01225250943770606,105.38461152373277,9376.763258442836
CTVA,-1,2023-06-22,2023-06-23,1,RESIDUAL_REVERTED,56.368408203125,55.50907516479492,0.01524494066310067,133.4584249883822,9376.763258442836
INTC,1,2023-06-22,2023-06-26,2,RESIDUAL_REVERTED,32.03699493408203,32.52700424194336,0.015295108323035711,133.97013719402213,9376.763258442836
FFIV,1,2023-06-22,2023-06-26,2,RESIDUAL_REVERTED,145.0500030517578,144.4499969482422,-0.00413654664523877,-48.144788149052935,9376.763258442836
ARE,1,2023-06-20,2023-06-27,5,RESIDUAL_REVERTED,97.10035705566406,96.39214324951172,-0.007293627208253772,-77.8380454677274,9389.41249100715
TDG,-1,2023-06-22,2023-06-27,3,RESIDUAL_REVERTED,720.7459106445312,731.994873046875,-0.01560738983906873,-156.36075057855248,9376.763258442836
HCA,-1,2023-06-23,2023-06-27,2,RESIDUAL_REVERTED,285.4966735839844,286.6961364746094,-0.004201320020886801,-49.28519036855348,9399.429176478838
KMX,-1,2023-06-26,2023-06-27,1,RESIDUAL_REVERTED,86.41000366210938,81.72000122070312,0.054276151401933204,499.58064987754204,9375.698422063899
DGX,-1,2023-06-26,2023-06-27,1,RESIDUAL_REVERTED,132.99375915527344,131.9149627685547,0.00811163165528117,66.52901265498721,9375.698422063899
NVR,-1,2023-06-26,2023-06-27,1,RESIDUAL_REVERTED,6184.0,6155.02001953125,0.0046862840344032985,34.39848068880926,9375.698422063899
BWA,1,2023-06-21,2023-06-28,5,RESIDUAL_REVERTED,39.12300109863281,39.156761169433594,0.0008629212957276255,-1.2915914065484344,9392.697676543277
AWK,1,2023-06-27,2023-06-28,1,RESIDUAL_REVERTED,129.67898559570312,132.04669189453125,0.018258211135379065,163.63848860489753,9486.794040522467
CCL,1,2023-06-27,2023-06-28,1,RESIDUAL_REVERTED,14.51672077178955,15.687899589538574,0.0806779186677602,755.5053165795324,9486.794040522467
TXN,-1,2023-06-28,2023-06-29,1,RESIDUAL_REVERTED,159.16354370117188,160.3300323486328,-0.007328868284379286,-80.24314189116097,9607.185173131646
REGN,1,2023-06-28,2023-06-30,2,RESIDUAL_REVERTED,701.5892333984375,703.5211181640625,0.002753583826061723,16.833777438730554,9607.185173131646
DAL,-1,2023-06-28,2023-06-30,2,RESIDUAL_REVERTED,44.66225051879883,45.029052734375,-0.00821280189232243,-88.93175964753124,9607.185173131646
NWL,-1,2023-06-28,2023-06-30,2,RESIDUAL_REVERTED,7.576892375946045,7.722603797912598,-0.01923102701433832,-194.84266035088007,9607.185173131646
GNRC,-1,2023-06-28,2023-06-30,2,RESIDUAL_REVERTED,144.3300018310547,148.6300048828125,-0.02979285662859743,-296.36601995653893,9607.185173131644
SJM,1,2023-06-29,2023-06-30,1,RESIDUAL_REVERTED,127.86270904541016,129.87710571289062,0.015754371876831375,140.16561203913864,9505.01220643996
FDS,1,2023-06-23,2023-07-03,6,RESIDUAL_REVERTED,386.2026672363281,382.7117004394531,-0.009039209443726604,-94.32035644965639,9399.429176478838
ODFL,-1,2023-06-28,2023-07-03,3,RESIDUAL_REVERTED,176.87277221679688,180.51968383789062,-0.02061884130262648,-208.38548924671383,9607.185173131646
WFC,-1,2023-06-30,2023-07-03,1,RESIDUAL_REVERTED,39.62486267089844,39.56028366088867,0.0016297598441191719,5.813963904166375,9517.698316416845
GIS,1,2023-06-29,2023-07-05,3,RESIDUAL_REVERTED,66.34935760498047,66.37531280517578,0.00039118992454811874,-5.788606331077119,9505.012206439958
HSY,1,2023-06-29,2023-07-05,3,RESIDUAL_REVERTED,225.82327270507812,228.84324645996094,0.013373173272654082,117.54360690137548,9505.01220643996
CCL,-1,2023-07-03,2023-07-05,1,RESIDUAL_REVERTED,18.256622314453125,18.630611419677734,-0.02048512034608585,-205.33118222671453,9543.344112108643
ROST,-1,2023-07-03,2023-07-05,1,RESIDUAL_REVERTED,107.62883758544922,107.45454406738281,0.001619394225344406,5.729501465546057,9543.344112108643
EFX,1,2023-07-05,2023-07-06,1,RESIDUAL_REVERTED,222.15902709960938,222.95751953125,0.003594238064801303,24.652958711166608,9509.55459618207
BBY,1,2023-07-03,2023-07-07,3,RESIDUAL_REVERTED,70.12014770507812,68.4991455078125,-0.023117495474816785,-230.05124933123602,9543.344112108643
FIS,-1,2023-07-05,2023-07-07,2,RESIDUAL_REVERTED,52.984893798828125,53.38677978515625,-0.007584916332077585,-82.06149329671548,9509.55459618207
QRVO,1,2023-07-06,2023-07-07,1,RESIDUAL_REVERTED,96.0999984741211,98.91999816894531,0.029344430172739466,266.47117994679763,9406.052121769431
PCG,-1,2023-07-06,2023-07-07,1,RESIDUAL_REVERTED,17.46527671813965,17.1114501953125,0.020258855816447485,181.060972097009,9406.052121769431
GPN,-1,2023-07-05,2023-07-07,2,TRAILING_STOP,97.06200408935547,103.07586961532162,-0.06195900839250945,-599.4010658593793,9509.55459618207
DOC,-1,2023-07-05,2023-07-10,3,RESIDUAL_REVERTED,16.678234100341797,16.580791473388672,0.005842502651472459,45.507920182387856,9509.55459618207
LVS,1,2023-07-06,2023-07-10,2,RESIDUAL_REVERTED,50.95420455932617,52.38054656982422,0.02799262637565758,253.7624005415264,9406.052121769431
NKE,1,2023-07-03,2023-07-11,5,RESIDUAL_REVERTED,103.24007415771484,98.21098327636719,-0.04871258493736608,-474.19186427938956,9543.344112108643
SBAC,-1,2023-07-06,2023-07-11,3,RESIDUAL_REVERTED,223.34820556640625,224.2000274658203,-0.0038138739339941274,-45.85882474892245,9406.052121769431
DHI,1,2023-07-07,2023-07-11,2,RESIDUAL_REVERTED,110.84210205078125,115.19491577148438,0.039270400327746646,360.4380602629127,9423.028769769619
BIIB,1,2023-07-10,2023-07-11,1,RESIDUAL_REVERTED,275.0,280.0,0.018181818181818077,162.15044594339986,9442.323480028577
GRMN,1,2023-07-10,2023-07-11,1,RESIDUAL_REVERTED,99.50919342041016,100.49052429199219,0.009861710640504118,83.62857972308312,9442.323480028577
SLB,-1,2023-07-10,2023-07-11,1,RESIDUAL_REVERTED,48.713340759277344,49.72743225097656,-0.02081753121204466,-206.29658339222996,9442.323480028577
BKR,-1,2023-07-10,2023-07-11,1,RESIDUAL_REVERTED,30.8264217376709,31.209186553955078,-0.0124167773847208,-126.93271291538106,9442.323480028577
FMC,1,2023-07-11,2023-07-12,1,RESIDUAL_REVERTED,82.11092376708984,84.193603515625,0.02536422260261917,231.13415659919858,9491.562009459156
VRSN,1,2023-07-12,2023-07-13,1,RESIDUAL_REVERTED,212.5226287841797,212.1297607421875,-0.0018485939320426192,-26.806788120687123,9413.587794907875
LW,1,2023-07-12,2023-07-13,1,RESIDUAL_REVERTED,102.76277923583984,104.55406188964844,0.01743123986261219,154.59487377248,9413.587794907875
MDLZ,1,2023-07-12,2023-07-13,1,RESIDUAL_REVERTED,65.35187530517578,65.41604614257812,0.000981928018173761,-0.1747439203538601,9413.587794907875
LLY,1,2023-07-12,2023-07-13,1,RESIDUAL_REVERTED,428.6102294921875,430.3305969238281,0.004013827280041626,28.352035441612703,9413.587794907875
NWL,-1,2023-07-12,2023-07-13,1,RESIDUAL_REVERTED,8.562573432922363,8.399720191955566,0.0190191934986087,169.53192812649854,9413.587794907875
HPQ,-1,2023-07-12,2023-07-13,1,RESIDUAL_REVERTED,29.58819580078125,28.983821868896484,0.02042618400777274,182.78431869388834,9413.587794907875
ETSY,-1,2023-07-12,2023-07-13,1,RESIDUAL_REVERTED,95.2699966430664,92.8499984741211,0.0254014721760929,229.6455737196671,9413.587794907875
HAL,-1,2023-07-10,2023-07-14,4,RESIDUAL_REVERTED,32.862892150878906,34.583702087402344,-0.05236331387459492,-504.9120108700985,9442.323480028577
MGM,-1,2023-07-11,2023-07-17,4,RESIDUAL_REVERTED,45.5,48.2599983215332,-0.06065930376996054,-586.3212408357674,9491.562009459156
CNC,1,2023-07-13,2023-07-17,2,RESIDUAL_REVERTED,63.869998931884766,65.5,0.025520605845845923,232.85776212834838,9501.355870736219
PGR,1,2023-07-14,2023-07-17,1,RESIDUAL_REVERTED,104.3884506225586,107.85282897949219,0.03318737213046563,303.6749645354462,9439.465851293473
FAST,1,2023-07-14,2023-07-17,1,RESIDUAL_REVERTED,26.099132537841797,26.640262603759766,0.02073364182251547,186.1771808533124,9439.465851293473
GPC,1,2023-07-14,2023-07-17,1,RESIDUAL_REVERTED,148.6578369140625,149.48890686035156,0.005590488625026202,43.305375003451715,9439.465851293473
PEP,-1,2023-07-14,2023-07-18,2,RESIDUAL_REVERTED,167.40216064453125,165.24566650390625,0.012882116528974752,111.84892570288527,9439.465851293473
CBOE,-1,2023-07-14,2023-07-18,2,RESIDUAL_REVERTED,135.6888427734375,136.2410125732422,-0.004069382482144501,-48.24942077647805,9439.465851293475
LUV,1,2023-07-14,2023-07-19,3,RESIDUAL_REVERTED,34.50796127319336,34.25614547729492,-0.007297324634882307,-78.28787112471896,9439.465851293473
VZ,1,2023-07-18,2023-07-19,1,RESIDUAL_REVERTED,26.183128356933594,27.5650634765625,0.05277960298670559,492.3328006405692,9513.086634420742
SBAC,1,2023-07-18,2023-07-19,1,RESIDUAL_REVERTED,211.5723419189453,219.16392517089844,0.03588173758014879,331.6623185199892,9513.086634420742
CCI,1,2023-07-18,2023-07-19,1,RESIDUAL_REVERTED,92.3252182006836,94.36795043945312,0.022125398440210775,200.86250513229126,9513.086634420742
TMUS,-1,2023-07-18,2023-07-19,1,RESIDUAL_REVERTED,131.29685974121094,132.82763671875,-0.011658900148535656,-120.66991365948014,9513.08663442074
FDS,-1,2023-07-14,2023-07-20,4,RESIDUAL_REVERTED,398.1370849609375,409.42724609375,-0.02835747173343628,-278.012880499452,9439.465851293473
UNH,-1,2023-07-17,2023-07-20,3,RESIDUAL_REVERTED,450.05194091796875,473.9525451660156,-0.05310632412627059,-515.9937382103274,9521.192529819868
SCHW,-1,2023-07-19,2023-07-20,1,RESIDUAL_REVERTED,64.8743896484375,63.058250427246094,0.02799470223971734,256.8057066234793,9515.060367789529
OMC,1,2023-07-20,2023-07-21,1,RESIDUAL_REVERTED,78.41677856445312,76.553955078125,-0.023755419700096647,-237.12586913272503,9583.343776173815
TMUS,1,2023-07-20,2023-07-21,1,RESIDUAL_REVERTED,131.5440673828125,133.92108154296875,0.01807009778129176,163.50202935146694,9583.343776173815
LIN,1,2023-07-20,2023-07-21,1,RESIDUAL_REVERTED,360.7550964355469,364.850830078125,0.011353224619821578,99.16410979644581,9583.343776173815
CAH,1,2023-07-20,2023-07-21,1,RESIDUAL_REVERTED,88.70050048828125,90.02752685546875,0.014960753996679177,133.71901790041895,9583.343776173815
NTRS,-1,2023-07-20,2023-07-21,1,RESIDUAL_REVERTED,73.6218490600586,72.62144470214844,0.013588416627434263,120.51730767690486,9583.343776173815
ALL,-1,2023-07-21,2023-07-24,1,RESIDUAL_REVERTED,104.4962387084961,103.67536926269531,0.007855492752142812,65.78885738527883,9618.546813557105
F,1,2023-07-18,2023-07-25,5,RESIDUAL_REVERTED,11.427002906799316,11.4768648147583,0.004363515819998165,31.976662139874563,9513.086634420742
RHI,1,2023-07-24,2023-07-25,1,RESIDUAL_REVERTED,66.5733871459961,67.32942199707031,0.011356412576938979,99.03868033856905,9568.275717652743
MS,-1,2023-07-19,2023-07-26,5,RESIDUAL_REVERTED,82.63882446289062,85.32325744628906,-0.032483920249904985,-319.72667755499447,9515.060367789529
ABT,-1,2023-07-21,2023-07-26,3,RESIDUAL_REVERTED,106.01648712158203,105.68769073486328,0.0031013703212188215,19.648947724642625,9618.546813557105
CSX,1,2023-07-24,2023-07-26,2,RESIDUAL_REVERTED,30.927019119262695,31.825115203857422,0.02903920617539746,268.14792802465973,9568.275717652743
ISRG,1,2023-07-24,2023-07-26,2,RESIDUAL_REVERTED,336.760009765625,328.2699890136719,-0.025210893531752543,-250.67244372764927,9568.275717652743
OMC,1,2023-07-24,2023-07-27,3,RESIDUAL_REVERTED,74.02264404296875,74.1117935180664,0.0012043541033999183,1.949554609302023,9568.275717652743
BDX,-1,2023-07-25,2023-07-27,2,RESIDUAL_REVERTED,204.36537170410156,209.17593383789062,-0.023539027642873966,-234.50687003422075,9536.177109837721
ZTS,-1,2023-07-24,2023-07-28,4,RESIDUAL_REVERTED,175.8413543701172,182.84814453125,-0.039847225848731016,-391.81201785342375,9568.275717652743
LW,1,2023-07-26,2023-07-28,2,RESIDUAL_REVERTED,97.96434020996094,95.42124938964844,-0.025959352299643412,-256.45944461086174,9517.401402935537
UNP,-1,2023-07-27,2023-07-28,1,RESIDUAL_REVERTED,219.10897827148438,215.7681427001953,0.015247369585876358,134.79391092410935,9468.900495192544
RTX,1,2023-07-26,2023-07-31,3,RESIDUAL_REVERTED,81.21248626708984,81.80178833007812,0.007256298754974688,59.509175993804384,9517.401402935537
TDY,1,2023-07-27,2023-07-31,2,RESIDUAL_REVERTED,389.79998779296875,381.70001220703125,-0.020779825140065378,-206.13261600569246,9468.900495192544
APH,-1,2023-07-27,2023-07-31,2,RESIDUAL_REVERTED,21.812856674194336,21.3353271484375,0.021892113118855083,197.5589451755043,9468.900495192544
EBAY,1,2023-07-28,2023-07-31,1,RESIDUAL_REVERTED,41.6132926940918,42.710880279541016,0.026375888914098145,239.45878068681452,9441.375387165743
TXT,-1,2023-07-28,2023-07-31,1,RESIDUAL_REVERTED,76.6690673828125,76.61922454833984,0.0006501035707632274,-3.4864725518670854,9441.375387165743
JNJ,-1,2023-07-21,2023-08-01,7,RESIDUAL_REVERTED,153.32321166992188,151.67306518554688,0.010762535342185964,92.58908911639753,9618.546813557105
ALLE,1,2023-07-27,2023-08-01,3,RESIDUAL_REVERTED,113.35662841796875,111.46719360351562,-0.01666805762329482,-167.21816548876538,9468.900495192544
TROW,-1,2023-07-31,2023-08-01,1,RESIDUAL_REVERTED,109.4781723022461,105.34306335449219,0.03777108131050766,349.33320524122615,9500.267434662901
CINF,-1,2023-07-31,2023-08-01,1,RESIDUAL_REVERTED,101.50550079345703,99.33540344238281,0.02137911082759858,193.52407197126195,9500.267434662901
AON,1,2023-07-31,2023-08-02,2,RESIDUAL_REVERTED,309.9507141113281,311.5953063964844,0.005305979984177478,40.882757303566066,9500.267434662901
MTD,1,2023-08-01,2023-08-02,1,RESIDUAL_REVERTED,1252.81005859375,1277.0,0.019308546607138988,175.86200251011954,9610.527200323646
A,1,2023-08-01,2023-08-02,1,RESIDUAL_REVERTED,119.0303955078125,119.24541473388672,0.0018064228481884381,7.741468379518535,9610.527200323646
CVX,-1,2023-08-01,2023-08-02,1,RESIDUAL_REVERTED,142.97093200683594,140.8129425048828,0.015093903856274404,135.3332529552421,9610.527200323646
DXCM,1,2023-08-01,2023-08-03,2,RESIDUAL_REVERTED,124.44999694824219,123.80000305175781,-0.0052229322010727275,-59.78056161818728,9610.527200323646
DIS,-1,2023-08-01,2023-08-03,2,RESIDUAL_REVERTED,86.40747833251953,83.2079086303711,0.0370288517139179,346.0590490507378,9610.527200323646
ANET,-1,2023-08-02,2023-08-03,1,RESIDUAL_REVERTED,45.77750015258789,44.5,0.02790672597519883,259.0663135083424,9630.191789746536
ZBRA,1,2023-08-02,2023-08-04,2,RESIDUAL_REVERTED,250.10000610351562,249.0,-0.004398265000682744,-51.965149220701356,9630.191789746536
CAT,-1,2023-08-02,2023-08-04,2,RESIDUAL_REVERTED,275.8745422363281,271.5123596191406,0.015812197029222874,142.34258791355603,9630.191789746536
JCI,1,2023-08-03,2023-08-07,2,RESIDUAL_REVERTED,60.285152435302734,59.65797424316406,-0.010403526686139752,-109.90130765966941,9641.88232955765
GNRC,1,2023-08-03,2023-08-07,2,RESIDUAL_REVERTED,116.05999755859375,113.77999877929688,-0.019645001096487147,-198.96196387144997,9641.88232955765
DXC,1,2023-08-04,2023-08-07,1,RESIDUAL_REVERTED,19.149999618530273,19.290000915527344,0.007310772834773216,60.641752312059076,9614.812599988381
CLX,-1,2023-08-04,2023-08-07,1,RESIDUAL_REVERTED,146.75241088867188,145.6815948486328,0.00729675262951146,60.388498610342964,9614.812599988381
GPN,-1,2023-08-02,2023-08-08,4,RESIDUAL_REVERTED,115.61669921875,116.87232208251953,-0.010860220645063201,-115.04883600551773,9630.191789746536
PAYC,1,2023-08-03,2023-08-08,3,RESIDUAL_REVERTED,292.1265869140625,282.81005859375,-0.03189209314608954,-316.9879417827659,9641.88232955765
CTSH,-1,2023-08-04,2023-08-08,2,RESIDUAL_REVERTED,66.81403350830078,66.71025085449219,0.0015533062196536607,4.944058237985333,9614.812599988381
FTNT,1,2023-08-07,2023-08-08,1,RESIDUAL_REVERTED,57.58000183105469,56.880001068115234,-0.012157011821453678,-126.66947712671731,9631.97623221224
AFL,-1,2023-08-03,2023-08-09,4,RESIDUAL_REVERTED,71.4380874633789,72.1191635131836,-0.009533794562373021,-102.38336919781513,9641.88232955765
BKNG,-1,2023-08-07,2023-08-09,2,RESIDUAL_REVERTED,120.52454376220703,127.0467300415039,-0.05411500492517973,-531.5278357591201,9631.97623221224
PNW,1,2023-08-08,2023-08-09,1,RESIDUAL_REVERTED,67.5790023803711,69.10588836669922,0.022594088881839225,206.4653563613326,9566.20245966388
AAPL,1,2023-08-08,2023-08-09,1,RESIDUAL_REVERTED,177.0530242919922,178.21566772460938,0.006566639780746009,53.22019425982424,9566.20245966388
MNST,-1,2023-08-08,2023-08-09,1,RESIDUAL_REVERTED,29.219999313354492,28.81999969482422,0.013689241202256341,121.26686712601551,9566.20245966388
HSIC,1,2023-08-08,2023-08-10,2,RESIDUAL_REVERTED,75.68000030517578,77.48999786376953,0.023916458130219587,219.10908329179605,9566.20245966388
LLY,-1,2023-08-09,2023-08-11,2,RESIDUAL_REVERTED,508.66864013671875,511.943115234375,-0.006437344155472591,-71.84240456728038,9603.950136825135
XYL,1,2023-08-10,2023-08-11,1,RESIDUAL_REVERTED,98.43666076660156,98.18697357177734,-0.002536526461581645,-33.83796392436425,9571.567909848663
UHS,1,2023-08-10,2023-08-11,1,RESIDUAL_REVERTED,130.02117919921875,129.03582763671875,-0.007578392755462127,-82.07240026580617,9571.567909848663
IFF,1,2023-08-09,2023-08-14,3,RESIDUAL_REVERTED,59.786033630371094,58.925865173339844,-0.014387448117887613,-147.71119629001652,9603.950136825135
CPAY,-1,2023-08-10,2023-08-14,2,RESIDUAL_REVERTED,262.6199951171875,266.2099914550781,-0.0136699276697827,-140.86589758308588,9571.567909848663
TPR,1,2023-08-11,2023-08-14,1,RESIDUAL_REVERTED,32.144161224365234,32.84818649291992,0.02190211975483236,199.5609613146708,9552.407729246033
AXON,-1,2023-08-10,2023-08-15,3,RESIDUAL_REVERTED,203.80999755859375,206.6199951171875,-0.013787339150455047,-142.18356156045314,9571.567909848663
AKAM,-1,2023-08-10,2023-08-15,3,RESIDUAL_REVERTED,103.69999694824219,102.41999816894531,0.012343286566688483,108.0602860619546,9571.567909848663
APTV,1,2023-08-14,2023-08-15,1,RESIDUAL_REVERTED,97.69000244140625,98.3499984741211,0.006756024324092946,54.61482993186933,9493.861949864473
TER,1,2023-08-14,2023-08-15,1,RESIDUAL_REVERTED,100.5325927734375,102.62763214111328,0.02083940451428723,188.25364441137373,9493.861949864473
NWS,-1,2023-08-14,2023-08-16,2,RESIDUAL_REVERTED,21.10662269592285,20.87253761291504,0.011090598736719248,95.47300324349332,9493.861949864473
ESS,1,2023-08-15,2023-08-16,1,RESIDUAL_REVERTED,212.24290466308594,213.15379333496094,0.004291727317438321,31.347580092934592,9529.352148103362
FOXA,1,2023-08-15,2023-08-16,1,RESIDUAL_REVERTED,32.218772888183594,32.52553176879883,0.009521122411454197,81.1554110916898,9529.352148103362
PODD,1,2023-08-09,2023-08-16,5,TRAILING_STOP,235.0,215.28775926477732,-0.0838818754690327,-814.7985008500965,9603.950136825135
AES,1,2023-08-16,2023-08-17,1,RESIDUAL_REVERTED,15.547651290893555,15.962024688720703,0.026651832490599547,245.0786819300315,9559.007706602526
PYPL,1,2023-08-16,2023-08-17,1,RESIDUAL_REVERTED,58.78443908691406,58.35918426513672,-0.007234139312762622,-78.6756255512159,9559.007706602526
DHI,-1,2023-08-16,2023-08-17,1,RESIDUAL_REVERTED,122.7374496459961,119.5195083618164,0.026218088231920955,241.00144756596822,9559.007706602526
LEN,-1,2023-08-16,2023-08-17,1,RESIDUAL_REVERTED,115.60324096679688,114.01734924316406,0.013718401926882895,121.45530576310946,9559.007706602526
BR,-1,2023-08-09,2023-08-18,7,RESIDUAL_REVERTED,167.12399291992188,168.18988037109375,-0.006377824228281703,-72.24569396585059,9603.950136825135
TJX,-1,2023-08-17,2023-08-18,1,RESIDUAL_REVERTED,85.6551284790039,85.11651611328125,0.006288150812297055,50.65871730273508,9609.696391299489
JKHY,1,2023-08-17,2023-08-21,2,RESIDUAL_REVERTED,149.38722229003906,148.20130920410156,-0.007938517550282964,-85.8582964747939,9609.696391299489
RMD,1,2023-08-17,2023-08-21,2,RESIDUAL_REVERTED,167.0956573486328,161.73619079589844,-0.032074242010683984,-317.679312231184,9609.696391299489
CI,1,2023-08-18,2023-08-21,1,RESIDUAL_REVERTED,254.23580932617188,260.0595703125,0.02290692645447323,209.20974614559177,9554.93157097975
MRNA,-1,2023-08-18,2023-08-21,1,RESIDUAL_REVERTED,105.9000015258789,101.98999786376953,0.036921658222581644,343.22345826162086,9554.93157097975
CVS,1,2023-08-18,2023-08-22,2,RESIDUAL_REVERTED,59.57270431518555,59.742149353027344,0.002844340202272866,17.608955688325594,9554.93157097975
WMT,-1,2023-08-21,2023-08-22,1,RESIDUAL_REVERTED,50.9141845703125,50.70101547241211,0.004186831227867449,30.42606294255081,9600.857518229857
AMT,1,2023-08-17,2023-08-23,4,RESIDUAL_REVERTED,159.91372680664062,159.74273681640625,-0.0010692639940855786,-19.87986108543728,9609.696391299489
ROST,-1,2023-08-21,2023-08-23,2,RESIDUAL_REVERTED,114.86219787597656,114.3877182006836,0.0041308601443034165,29.698251375823354,9600.857518229857
DRI,1,2023-08-22,2023-08-23,1,RESIDUAL_REVERTED,140.96127319335938,141.55081176757812,0.0041822733355285635,30.484771623881105,9585.856947064522
PANW,-1,2023-08-22,2023-08-23,1,RESIDUAL_REVERTED,120.82499694824219,117.75499725341797,0.02540864698833234,233.91496488158106,9585.856947064522
CSCO,-1,2023-08-18,2023-08-24,4,RESIDUAL_REVERTED,50.47201919555664,52.03339385986328,-0.030935450754545846,-306.0589665953286,9554.93157097975
HAS,-1,2023-08-23,2023-08-24,1,RESIDUAL_REVERTED,59.14579391479492,58.8543586730957,0.00492740434119554,37.53694228885179,9600.080691132014
TDY,-1,2023-08-15,2023-08-25,8,RESIDUAL_REVERTED,401.04998779296875,407.8900146484375,-0.01705529750321233,-173.6609470088348,9529.352148103362
JNJ,1,2023-08-22,2023-08-25,3,RESIDUAL_REVERTED,152.1197967529297,150.87347412109375,-0.008193033769695268,-88.083838000993,9585.856947064522
SPG,1,2023-08-22,2023-08-25,3,RESIDUAL_REVERTED,96.40396118164062,94.1708755493164,-0.02316383688961421,-231.5200611026574,9585.856947064522
EQT,1,2023-08-24,2023-08-25,1,RESIDUAL_REVERTED,39.774192810058594,40.148067474365234,0.009399930907261211,80.49133961570637,9587.745730122193
NKE,1,2023-08-24,2023-08-25,1,RESIDUAL_REVERTED,91.75037384033203,91.56446075439453,-0.002026292407931063,-29.005608324051032,9587.745730122193
MRK,-1,2023-08-24,2023-08-25,1,RESIDUAL_REVERTED,100.56523132324219,99.64978790283203,0.009102981302431368,77.54530174737218,9587.745730122193
BF-B,-1,2023-08-24,2023-08-25,1,RESIDUAL_REVERTED,63.587921142578125,62.48236846923828,0.017386205642121122,157.0044351020808,9587.745730122193
PRU,-1,2023-08-25,2023-08-28,1,RESIDUAL_REVERTED,81.07902526855469,81.199951171875,-0.001491457290214937,-24.115995117804243,9600.252284935346
BBY,1,2023-08-23,2023-08-29,4,RESIDUAL_REVERTED,63.05608367919922,64.77091979980469,0.02719541114113233,251.3475216215575,9600.080691132014
ADSK,-1,2023-08-25,2023-08-29,2,RESIDUAL_REVERTED,209.85000610351562,217.0,-0.03407192608303955,-337.2559319440113,9600.252284935346
ULTA,1,2023-08-28,2023-08-29,1,RESIDUAL_REVERTED,409.0,410.8299865722656,0.004474294797715439,33.212184915552875,9565.562631865965
PTC,-1,2023-08-28,2023-08-29,1,RESIDUAL_REVERTED,144.8300018310547,145.14999389648438,-0.002209432171401682,-30.901249492312726,9565.562631865965
SHW,1,2023-08-28,2023-08-30,2,RESIDUAL_REVERTED,257.6231384277344,263.7966003417969,0.023963150017265233,219.5408392089116,9565.562631865965
HAS,-1,2023-08-28,2023-08-30,2,RESIDUAL_REVERTED,61.698158264160156,63.00525665283203,-0.021185371256554175,-212.70168525940485,9565.562631865965
FDS,1,2023-08-28,2023-08-31,3,RESIDUAL_REVERTED,414.09149169921875,419.8260498046875,0.013848529178750013,122.83717610008135,9565.562631865965
ABT,1,2023-08-29,2023-08-31,2,RESIDUAL_REVERTED,96.98839569091797,98.19088745117188,0.01239830550539267,108.94906624694515,9563.557684106248
BSX,-1,2023-08-29,2023-08-31,2,RESIDUAL_REVERTED,53.79999923706055,54.560001373291016,-0.014126433959257945,-145.11434093591944,9563.557684106248
NSC,1,2023-08-30,2023-08-31,1,RESIDUAL_REVERTED,195.75128173828125,196.68978881835938,0.004794385363631415,36.2636695411997,9563.233825204019
TSLA,-1,2023-08-30,2023-08-31,1,RESIDUAL_REVERTED,254.1999969482422,255.97999572753906,-0.007002355628113133,-76.75364271238773,9563.233825204019
BBY,-1,2023-08-30,2023-08-31,1,RESIDUAL_REVERTED,65.64112091064453,64.9330062866211,0.010787668068425793,93.46608496337531,9563.233825204019
ISRG,-1,2023-08-28,2023-09-01,4,RESIDUAL_REVERTED,301.2200012207031,317.54998779296875,-0.054212822873938915,-529.1842755833518,9565.562631865965
HPQ,1,2023-08-31,2023-09-01,1,RESIDUAL_REVERTED,25.66412353515625,26.233463287353516,0.022184266352106352,202.46038718707533,9562.1178522237
PODD,-1,2023-08-31,2023-09-01,1,RESIDUAL_REVERTED,201.5,192.39999389648438,0.045161320612980727,422.31116446242413,9562.1178522237
PCAR,1,2023-08-30,2023-09-05,3,RESIDUAL_REVERTED,74.03010559082031,74.87227630615234,0.011376057194715905,99.17426518927792,9563.233825204019
CRM,-1,2023-09-01,2023-09-05,1,RESIDUAL_REVERTED,219.3132781982422,215.22137451171875,0.018657801844650157,169.96214010016735,9630.966613491464
COO,1,2023-09-01,2023-09-05,1,STOP_LOSS,93.18000030517578,88.81088088073395,-0.0468890256507023,-460.9918138742595,9630.966613491464
CHRW,1,2023-09-01,2023-09-06,2,RESIDUAL_REVERTED,85.09783172607422,82.79839324951172,-0.027021117106300396,-269.740323585159,9630.966613491464
STX,-1,2023-09-01,2023-09-06,2,RESIDUAL_REVERTED,66.64044952392578,65.6245346069336,0.015244718849434569,136.87739170681644,9630.966613491464
FOXA,1,2023-09-05,2023-09-06,1,RESIDUAL_REVERTED,29.857845306396484,30.196043014526367,0.011326929477306624,98.06686533776637,9501.437635494794
WDC,-1,2023-09-01,2023-09-07,3,RESIDUAL_REVERTED,34.080894470214844,33.351287841796875,0.02140808331939792,196.0740735750264,9630.966613491464
HPE,-1,2023-09-05,2023-09-07,2,RESIDUAL_REVERTED,16.560073852539062,16.163150787353516,0.02396867723658669,217.97564428277178,9501.437635494794
APTV,-1,2023-09-05,2023-09-07,2,RESIDUAL_REVERTED,103.80000305175781,100.86000061035156,0.028323722109529048,259.3759543024055,9501.437635494794
XYL,1,2023-09-06,2023-09-07,1,RESIDUAL_REVERTED,94.19806671142578,93.86085510253906,-0.0035798145403531656,-43.65758553980864,9536.336966017654
NVR,1,2023-09-06,2023-09-07,1,RESIDUAL_REVERTED,6199.97998046875,6305.0,0.016938767522167053,151.9166910169631,9536.336966017654
CF,-1,2023-09-06,2023-09-07,1,RESIDUAL_REVERTED,76.7314682006836,75.34976959228516,0.018006935626264098,162.08318644820778,9536.336966017654
LMT,1,2023-09-07,2023-09-08,1,RESIDUAL_REVERTED,391.42242431640625,393.573486328125,0.00549550020154177,43.03290784776026,9578.294890019735
HII,1,2023-09-07,2023-09-08,1,RESIDUAL_REVERTED,196.97544860839844,196.83441162109375,-0.0007160130275173371,-16.433049720715395,9578.294890019735
ZBH,-1,2023-09-07,2023-09-08,1,RESIDUAL_REVERTED,120.36161041259766,117.05525207519531,0.027470206871345493,253.4859661840294,9578.294890019735
DG,1,2023-09-01,2023-09-11,5,RESIDUAL_REVERTED,128.00502014160156,119.06199645996094,-0.0698646324319756,-682.1584770584932,9630.966613491464
STX,1,2023-09-08,2023-09-11,1,RESIDUAL_REVERTED,59.296016693115234,61.31854248046875,0.03410896549461384,318.71587465045707,9631.232071673572
SWKS,1,2023-09-08,2023-09-11,1,RESIDUAL_REVERTED,89.3724136352539,91.58629608154297,0.024771429529970357,228.82886478530452,9631.232071673572
CNC,-1,2023-09-08,2023-09-11,1,RESIDUAL_REVERTED,65.88999938964844,65.63999938964844,0.003794202493789589,26.740180316851227,9631.232071673572
CHD,-1,2023-09-08,2023-09-11,1,RESIDUAL_REVERTED,92.84566497802734,93.50159454345703,-0.0070647301151316455,-77.89725269584532,9631.232071673572
PEG,-1,2023-09-08,2023-09-12,2,RESIDUAL_REVERTED,54.71812438964844,55.1169319152832,-0.007288399046627703,-80.24747520531906,9631.232071673572
IQV,1,2023-09-11,2023-09-12,1,RESIDUAL_REVERTED,214.44000244140625,214.8000030517578,0.001678794097430325,6.576024199780245,9699.798815583661
DXCM,-1,2023-09-08,2023-09-13,3,RESIDUAL_REVERTED,104.91999816894531,104.98999786376953,-0.0006671720934601222,-16.63659095976059,9631.232071673572
ESS,1,2023-09-11,2023-09-13,2,RESIDUAL_REVERTED,201.5352020263672,201.34767150878906,-0.0009305099838270436,-18.721045574778007,9699.798815583661
KR,1,2023-09-12,2023-09-13,1,RESIDUAL_REVERTED,42.68381881713867,42.83345031738281,0.003505579031838124,24.21653596566773,9671.811708150884
TSLA,-1,2023-09-12,2023-09-13,1,RESIDUAL_REVERTED,270.760009765625,270.07000732421875,0.00254839125616646,14.798496131975815,9671.811708150884
HLT,-1,2023-09-11,2023-09-14,3,RESIDUAL_REVERTED,153.86329650878906,153.27761840820312,0.00380648350760171,26.664820526380808,9699.798815583661
RTX,1,2023-09-12,2023-09-14,2,RESIDUAL_REVERTED,70.36287689208984,69.402099609375,-0.01365460488757897,-141.6705467463,9671.811708150884
CVS,-1,2023-09-12,2023-09-14,2,RESIDUAL_REVERTED,61.62385559082031,63.18452072143555,-0.02532566512842016,-255.13026029507046,9671.811708150884
ORCL,1,2023-09-13,2023-09-14,1,RESIDUAL_REVERTED,104.5625991821289,109.56291198730469,0.047821236697321856,452.84569248182555,9676.742891626373
PNC,-1,2023-09-13,2023-09-14,1,RESIDUAL_REVERTED,112.76152038574219,111.68762969970703,0.009523556283752788,82.33798419311057,9676.742891626373
MMM,1,2023-09-14,2023-09-15,1,RESIDUAL_REVERTED,78.23088073730469,78.45415496826172,0.002854042148736413,18.012652462564937,9722.824883383872
JBHT,-1,2023-09-14,2023-09-15,1,RESIDUAL_REVERTED,185.73072814941406,185.63357543945312,0.0005230836648784098,-4.826839744257405,9722.824883383872
DTE,-1,2023-09-14,2023-09-15,1,RESIDUAL_REVERTED,95.36021423339844,95.9395980834961,-0.006075739811989056,-69.01880988613426,9722.824883383872
SJM,1,2023-09-12,2023-09-18,4,RESIDUAL_REVERTED,117.50019836425781,113.47702026367188,-0.034239755818231354,-340.66670267954504,9671.811708150884
V,1,2023-09-15,2023-09-18,1,RESIDUAL_REVERTED,236.4457244873047,235.50735473632812,-0.003968647574454032,-48.113635766627134,9687.315877549743
TT,1,2023-09-15,2023-09-18,1,RESIDUAL_REVERTED,195.87559509277344,196.86770629882812,0.005065006723194765,39.35447101192707,9687.315877549743
AMCR,-1,2023-09-15,2023-09-18,1,RESIDUAL_REVERTED,40.38629913330078,39.53784942626953,0.02100835494311626,193.74023545758126,9687.315877549743
MKTX,-1,2023-09-15,2023-09-18,1,RESIDUAL_REVERTED,219.95132446289062,213.41253662109375,0.02972834038514771,278.25712302668705,9687.315877549743
CEG,-1,2023-09-15,2023-09-18,1,RESIDUAL_REVERTED,110.3160629272461,108.32476806640625,0.018050815157835243,165.0761798217539,9687.315877549743
CBRE,1,2023-09-14,2023-09-19,3,RESIDUAL_REVERTED,79.6500015258789,79.01000213623047,-0.00803514598101418,-87.80808001056732,9722.824883383872
COF,-1,2023-09-18,2023-09-19,1,RESIDUAL_REVERTED,99.1775894165039,97.92701721191406,0.01260942327744996,112.68108203992472,9717.122429339332
LOW,1,2023-09-18,2023-09-20,2,RESIDUAL_REVERTED,207.2782745361328,205.6207275390625,-0.00799672324935996,-87.38340870749064,9717.122429339332
GD,-1,2023-09-18,2023-09-20,2,RESIDUAL_REVERTED,212.007568359375,210.91456604003906,0.005155487267714864,40.021243146689685,9717.122429339332
INCY,1,2023-09-19,2023-09-20,1,RESIDUAL_REVERTED,59.529998779296875,60.75,0.020493889563582668,189.59070240697386,9730.762676996876
MRNA,1,2023-09-19,2023-09-20,1,RESIDUAL_REVERTED,102.30999755859375,106.6500015258789,0.04242013557667823,402.8431192096788,9730.762676996876
DOC,1,2023-09-19,2023-09-20,1,RESIDUAL_REVERTED,16.35405921936035,16.576398849487305,0.013595378807466973,122.49649529999829,9730.762676996876
NOC,-1,2023-09-19,2023-09-20,1,RESIDUAL_REVERTED,418.789794921875,416.0977783203125,0.006428085483947132,52.65949737125217,9730.762676996876
DIS,1,2023-09-20,2023-09-21,1,RESIDUAL_REVERTED,79.53325653076172,79.5623550415039,0.0003658659535830111,-6.21445424718698,9797.080086246358
CBOE,-1,2023-09-20,2023-09-21,1,RESIDUAL_REVERTED,151.5784454345703,150.829833984375,0.004938772449137319,38.4192354605313,9797.080086246358
TYL,-1,2023-09-19,2023-09-22,3,RESIDUAL_REVERTED,388.3900146484375,386.4100036621094,0.0050979966313510205,39.320096725155295,9730.762676996876
ROL,-1,2023-09-19,2023-09-22,3,RESIDUAL_REVERTED,36.747833251953125,36.4405632019043,0.008361582788898092,71.09518427810501,9730.762676996876
LIN,1,2023-09-21,2023-09-22,1,RESIDUAL_REVERTED,362.938720703125,356.8951721191406,-0.016651705203225897,-172.89951184077597,9799.682272016571
MOS,1,2023-09-21,2023-09-22,1,RESIDUAL_REVERTED,33.60372543334961,34.07740020751953,0.014095900619989887,128.26659746809855,9799.682272016571
FOXA,1,2023-09-21,2023-09-22,1,RESIDUAL_REVERTED,30.10907554626465,31.085010528564453,0.032413316071435494,307.68169651105814,9799.682272016571
AZO,-1,2023-09-21,2023-09-22,1,RESIDUAL_REVERTED,2576.239990234375,2528.929931640625,0.018363995114230813,170.0606101491245,9799.682272016571
TXT,-1,2023-09-21,2023-09-22,1,RESIDUAL_REVERTED,78.55399322509766,77.69644927978516,0.01091661811329181,97.04088086540366,9799.682272016571
ZBRA,1,2023-09-21,2023-09-25,2,RESIDUAL_REVERTED,232.92999267578125,225.75,-0.030824680812037708,-311.7207243272652,9799.682272016571
FDX,-1,2023-09-22,2023-09-25,1,RESIDUAL_REVERTED,198.82131958007812,197.5010528564453,0.006640468569574343,55.47417746154478,9863.796742392415
FDS,-1,2023-09-25,2023-09-26,1,RESIDUAL_REVERTED,419.14166259765625,418.62127685546875,0.0012415509805500102,2.1864836802766874,9838.665969774022
NEE,-1,2023-09-25,2023-09-26,1,RESIDUAL_REVERTED,61.489166259765625,61.39768600463867,0.001487745902107207,4.6101500792078145,9838.665969774022
NCLH,1,2023-09-25,2023-09-27,2,RESIDUAL_REVERTED,15.380000114440918,15.470000267028809,0.005851765404304876,47.70611239408821,9838.665969774022
NOC,1,2023-09-25,2023-09-27,2,RESIDUAL_REVERTED,402.6758728027344,406.47125244140625,0.009425396193357694,82.8482921470622,9838.665969774022
IT,-1,2023-09-25,2023-09-27,2,RESIDUAL_REVERTED,354.8699951171875,351.45001220703125,0.009637283955288733,84.6373496480109,9838.665969774022
ARE,1,2023-09-22,2023-09-28,4,RESIDUAL_REVERTED,87.90110778808594,84.60574340820312,-0.03748945221290445,-379.4672391858098,9863.796742392415
TGT,1,2023-09-25,2023-09-28,3,RESIDUAL_REVERTED,100.4439697265625,98.14141082763672,-0.022923814194062753,-235.26564670301747,9838.665969774022
AOS,-1,2023-09-27,2023-09-28,1,RESIDUAL_REVERTED,62.21067428588867,62.28615951538086,-0.0012133806675249659,-21.882276103240244,9796.468912116432
KDP,1,2023-09-26,2023-09-29,3,RESIDUAL_REVERTED,29.54967498779297,28.94532585144043,-0.020451972368636828,-209.95282465951507,9791.778193558745
ABBV,-1,2023-09-26,2023-09-29,3,RESIDUAL_REVERTED,139.20498657226562,137.45591735839844,0.01256470229217821,112.72259103591003,9791.778193558745
PAYX,-1,2023-09-28,2023-09-29,1,RESIDUAL_REVERTED,105.78120422363281,106.29589080810547,-0.004865576907070901,-57.42473526879593,9753.097548513235
TRGP,-1,2023-09-25,2023-10-02,5,RESIDUAL_REVERTED,78.93109130859375,80.14944458007812,-0.015435657245901124,-162.7762175915554,9838.665969774022
RMD,-1,2023-09-27,2023-10-02,3,RESIDUAL_REVERTED,141.3759307861328,141.67689514160156,-0.00212882315819396,-31.257971377423537,9796.468912116432
NEE,1,2023-09-28,2023-10-02,2,RESIDUAL_REVERTED,55.15912628173828,51.29890060424805,-0.06998344494750008,-691.96718521981,9753.097548513235
NEM,1,2023-09-28,2023-10-02,2,RESIDUAL_REVERTED,35.016807556152344,34.412742614746094,-0.017250714258790767,-177.91687254655415,9753.097548513235
KMX,1,2023-09-29,2023-10-02,1,RESIDUAL_REVERTED,69.62000274658203,70.55000305175781,0.013358234250018697,119.5189763425239,9676.431433660633
ACN,1,2023-09-29,2023-10-02,1,RESIDUAL_REVERTED,288.1607971191406,291.20953369140625,0.01057998382411851,92.6488683656398,9676.431433660633
TRMB,-1,2023-09-29,2023-10-03,2,RESIDUAL_REVERTED,54.150001525878906,52.619998931884766,0.028254894753104165,263.48851113364316,9676.431433660633
BKR,1,2023-10-02,2023-10-04,2,RESIDUAL_REVERTED,33.04767608642578,31.958602905273438,-0.032954607104723976,-330.43953950306735,9736.527658977244
NEE,1,2023-10-03,2023-10-04,1,RESIDUAL_REVERTED,47.630775451660156,49.13095474243164,0.03149600812806419,295.71767501257665,9701.940659611673
NI,1,2023-10-03,2023-10-04,1,RESIDUAL_REVERTED,20.90513038635254,21.97087860107422,0.05098022327655172,484.6578568327261,9701.940659611673
PCG,1,2023-10-03,2023-10-04,1,RESIDUAL_REVERTED,14.742777824401855,15.096602439880371,0.023999860792372152,223.02686197430037,9701.940659611673
VTRS,-1,2023-10-03,2023-10-04,1,RESIDUAL_REVERTED,8.745508193969727,8.472210884094238,0.03125002044637437,293.44823681223403,9701.940659611675
PFE,-1,2023-10-02,2023-10-05,3,RESIDUAL_REVERTED,27.169153213500977,27.581438064575195,-0.015174740553538735,-158.15272349009348,9736.527658977244
PWR,1,2023-10-03,2023-10-05,2,RESIDUAL_REVERTED,174.64601135253906,169.721923828125,-0.028194674967264688,-283.1082325773279,9701.940659611673
GD,-1,2023-10-03,2023-10-05,2,RESIDUAL_REVERTED,209.51998901367188,206.2289276123047,0.015707624923331,142.38772933728853,9701.940659611673
FE,-1,2023-10-04,2023-10-05,1,RESIDUAL_REVERTED,29.67325782775879,29.60262107849121,0.0023804851384231496,13.31314520764501,9775.808721848047
TRGP,1,2023-10-05,2023-10-06,1,RESIDUAL_REVERTED,73.07357788085938,75.2760009765625,0.03013980100021918,285.95930548301817,9818.435902598796
BKR,1,2023-10-05,2023-10-06,1,RESIDUAL_REVERTED,30.869535446166992,31.329578399658203,0.014902814274399212,136.43072965556382,9818.435902598796
PPG,-1,2023-10-05,2023-10-06,1,RESIDUAL_REVERTED,123.64700317382812,121.91313934326172,0.014022691905673401,127.73841997611697,9818.435902598796
LHX,1,2023-10-05,2023-10-09,2,RESIDUAL_REVERTED,154.36575317382812,163.62652587890625,0.0599924044982294,578.9186265169412,9818.435902598796
KO,1,2023-10-06,2023-10-09,1,RESIDUAL_REVERTED,47.73587417602539,48.57979202270508,0.017678902109716343,164.20859249056318,9850.508414570564
LW,-1,2023-10-06,2023-10-09,1,RESIDUAL_REVERTED,90.63860321044922,86.41332244873047,0.04661679033058663,449.3905967789369,9850.508414570564
NKE,-1,2023-10-02,2023-10-10,6,RESIDUAL_REVERTED,89.7263412475586,90.7056884765625,-0.010914824068239293,-117.21748544752454,9736.527658977244
PSX,1,2023-10-05,2023-10-10,3,RESIDUAL_REVERTED,98.53467559814453,100.41877746582031,0.019121206379769662,177.82803314792332,9818.435902598796
MKTX,-1,2023-10-06,2023-10-10,2,RESIDUAL_REVERTED,222.89137268066406,226.54737854003906,-0.01640263512851603,-171.9039671734433,9850.508414570564
DPZ,1,2023-10-09,2023-10-10,1,RESIDUAL_REVERTED,319.7140197753906,334.96209716796875,0.04769286440203779,461.095260640885,9880.114917757674
ABBV,-1,2023-10-06,2023-10-11,3,RESIDUAL_REVERTED,132.07347106933594,134.45362854003906,-0.01802146526045023,-188.05523620830309,9850.508414570564
CHD,1,2023-10-09,2023-10-11,2,RESIDUAL_REVERTED,82.88102722167969,84.9839096069336,0.02537230118576339,240.67579589982165,9880.114917757674
MGM,-1,2023-10-09,2023-10-11,2,RESIDUAL_REVERTED,36.189998626708984,37.439998626708984,-0.03453992946762563,-351.7131474053731,9880.114917757674
PPG,1,2023-10-10,2023-10-11,1,RESIDUAL_REVERTED,120.96228790283203,123.5165023803711,0.021115791721721067,200.66767807584668,9980.867659332529
DAL,1,2023-10-10,2023-10-11,1,RESIDUAL_REVERTED,34.57059860229492,34.686744689941406,0.003359678233595176,23.534869916206784,9980.867659332529
NOC,-1,2023-10-10,2023-10-11,1,RESIDUAL_REVERTED,450.75115966796875,444.4635009765625,0.013949290105072287,129.12038330661795,9980.867659332529
GWW,1,2023-10-11,2023-10-13,2,RESIDUAL_REVERTED,691.5250244140625,719.8067016601562,0.040897547084513874,399.2956801291082,10013.15785354541
TFC,-1,2023-10-11,2023-10-13,2,RESIDUAL_REVERTED,25.31671142578125,25.239049911499023,0.003067598827355633,20.32249066594465,10013.15785354541
CVX,1,2023-10-12,2023-10-13,1,RESIDUAL_REVERTED,144.00975036621094,144.14208984375,0.0009189619258593851,-0.8124518623963031,9969.033566271573
AMGN,-1,2023-10-12,2023-10-16,2,RESIDUAL_REVERTED,259.56744384765625,260.0426940917969,-0.0018309316341673654,-28.627197253991287,9969.033566271573
INVH,-1,2023-10-12,2023-10-16,2,RESIDUAL_REVERTED,28.983922958374023,28.92192268371582,0.002139126395941826,10.97250604185053,9969.033566271573
NFLX,1,2023-10-11,2023-10-17,4,RESIDUAL_REVERTED,37.27799987792969,36.11000061035156,-0.03133213346753716,-323.5898893531982,10013.15785354541
NEE,-1,2023-10-11,2023-10-17,4,RESIDUAL_REVERTED,47.612483978271484,49.012054443359375,-0.029395031473816946,-305.3196321186766,10013.15785354541
DVA,1,2023-10-12,2023-10-17,3,RESIDUAL_REVERTED,76.55999755859375,74.1500015258789,-0.03147852807689022,-323.6226313301052,9969.033566271575
AMT,-1,2023-10-12,2023-10-18,4,RESIDUAL_REVERTED,150.8178253173828,151.85438537597656,-0.006872928026991465,-79.31547860961538,9969.033566271573
DLTR,1,2023-10-16,2023-10-18,2,RESIDUAL_REVERTED,108.87000274658203,114.86000061035156,0.05501972731379934,533.716588411577,9885.06517452116
PH,1,2023-10-16,2023-10-18,2,RESIDUAL_REVERTED,385.99267578125,385.2456970214844,-0.0019352148541517122,-29.005225272031893,9885.06517452116
COO,-1,2023-10-16,2023-10-18,2,RESIDUAL_REVERTED,82.16999816894531,82.58000183105469,-0.00498970027072887,-59.62805183544146,9885.06517452116
HUM,-1,2023-10-17,2023-10-18,1,RESIDUAL_REVERTED,507.9749755859375,508.7381591796875,-0.001502403918361761,-24.98186140573602,9902.54330150209
BAX,1,2023-10-12,2023-10-19,5,RESIDUAL_REVERTED,31.209522247314453,30.292152404785156,-0.029393908540469083,-302.8513800196829,9969.033566271573
GS,1,2023-10-18,2023-10-20,2,RESIDUAL_REVERTED,287.1485290527344,279.1981506347656,-0.027687338131927808,-286.21533297479425,9981.878328276413
JBHT,1,2023-10-19,2023-10-20,1,RESIDUAL_REVERTED,174.30592346191406,175.80201721191406,0.008583149214242747,75.00753872265565,9896.945197965342
UAL,1,2023-10-19,2023-10-20,1,RESIDUAL_REVERTED,36.09000015258789,35.77000045776367,-0.008866713590226283,-97.60644699724487,9896.945197965342
PG,-1,2023-10-19,2023-10-20,1,RESIDUAL_REVERTED,139.121826171875,138.60108947753906,0.0037430265880251667,26.971523172582945,9896.945197965342
PLD,1,2023-10-18,2023-10-23,3,RESIDUAL_REVERTED,97.71367645263672,92.00265502929688,-0.05844649009914249,-593.0959283362864,9981.878328276413
VFC,-1,2023-10-18,2023-10-23,3,RESIDUAL_REVERTED,17.22311782836914,16.62437629699707,0.034763829484220965,336.60545990601054,9981.878328276413
GPC,1,2023-10-20,2023-10-23,1,RESIDUAL_REVERTED,118.71543884277344,116.56109619140625,-0.01814711441382444,-189.260369842582,9889.223837514162
ROST,-1,2023-10-17,2023-10-24,5,RESIDUAL_REVERTED,112.70292663574219,111.10078430175781,0.01421562315912639,129.9542055561239,9902.54330150209
ABT,-1,2023-10-19,2023-10-24,3,RESIDUAL_REVERTED,91.1961669921875,90.11927795410156,0.011808490132904303,106.44365976742269,9896.945197965342
MCD,-1,2023-10-19,2023-10-24,3,RESIDUAL_REVERTED,238.36534118652344,236.89566040039062,0.006165664768280066,50.56382282698696,9896.945197965342
SEDG,1,2023-10-23,2023-10-24,1,RESIDUAL_REVERTED,80.6500015258789,86.68000030517578,0.07476749739876909,729.1371349713365,9889.271816830396
AXP,1,2023-10-23,2023-10-24,1,RESIDUAL_REVERTED,137.21829223632812,141.43667602539062,0.030742138823570686,293.9760865566669,9889.271816830396
PM,-1,2023-10-23,2023-10-24,1,RESIDUAL_REVERTED,82.32191467285156,80.65425872802734,0.02025774001311198,190.35193161635058,9889.271816830396
MGM,-1,2023-10-24,2023-10-25,1,RESIDUAL_REVERTED,36.93000030517578,35.810001373291016,0.03032761772622561,293.57293143602243,10011.66583108201
RF,1,2023-10-23,2023-10-26,3,RESIDUAL_REVERTED,12.497164726257324,12.35684585571289,-0.011228056412636911,-120.87105500518294,9889.271816830396
FMC,1,2023-10-24,2023-10-26,2,RESIDUAL_REVERTED,50.47220230102539,50.3917350769043,-0.0015942879536179344,-25.965163322109586,10011.66583108201
CVX,1,2023-10-24,2023-10-26,2,RESIDUAL_REVERTED,141.91920471191406,136.7325439453125,-0.03654657434932862,-375.72080944252593,10011.66583108201
VZ,-1,2023-10-25,2023-10-26,1,RESIDUAL_REVERTED,28.813215255737305,28.111677169799805,0.02434778901663215,233.71603303083185,10013.28836418384
GE,-1,2023-10-25,2023-10-26,1,RESIDUAL_REVERTED,89.83372497558594,87.8222427368164,0.022391170346283573,214.11482452700133,10013.28836418384
FICO,1,2023-10-25,2023-10-27,2,RESIDUAL_REVERTED,845.1199951171875,830.989990234375,-0.016719524995800317,-177.34700474676492,10013.28836418384
PNR,1,2023-10-25,2023-10-27,2,RESIDUAL_REVERTED,56.699859619140625,56.56419372558594,-0.0023927024593353163,-33.96012864935316,10013.28836418384
WRB,-1,2023-10-25,2023-10-27,2,RESIDUAL_REVERTED,41.85125732421875,41.37934112548828,0.011276033956986509,102.55802755611903,10013.28836418384
FISV,-1,2023-10-25,2023-10-30,3,RESIDUAL_REVERTED,114.8499984741211,113.2699966430664,0.013757090570712616,127.21969218915142,10013.28836418384
PAYC,1,2023-11-02,2023-11-03,1,RESIDUAL_REVERTED,148.5297088623047,159.11734008789062,0.07128291913236873,707.3677779430702,10069.682432931346
EL,1,2023-11-02,2023-11-03,1,RESIDUAL_REVERTED,98.26571655273438,110.17153930664062,0.12115947628099755,1209.357748732047,10069.682432931346
GRMN,-1,2023-11-02,2023-11-03,1,RESIDUAL_REVERTED,108.74690246582031,109.25045013427734,-0.004630455277705892,-56.919988027455574,10069.682432931346
TT,-1,2023-11-02,2023-11-03,1,RESIDUAL_REVERTED,209.60964965820312,211.55503845214844,-0.009281007802443897,-103.77079151779597,10069.682432931346
AIZ,-1,2023-11-02,2023-11-03,1,RESIDUAL_REVERTED,157.57144165039062,157.3517608642578,0.0013941662513961006,3.7777822094494162,10069.682432931346
MLM,-1,2023-11-02,2023-11-03,1,RESIDUAL_REVERTED,433.71893310546875,441.4168701171875,-0.017748676444905964,-189.08218467177298,10069.682432931346
DD,1,2023-11-02,2023-11-06,2,RESIDUAL_REVERTED,79.88090515136719,82.33277893066406,0.030694116130141502,298.85577955611313,10069.682432931346
GNRC,-1,2023-11-02,2023-11-07,3,RESIDUAL_REVERTED,98.2699966430664,102.05999755859375,-0.038567223415029606,-399.24721579240804,10069.682432931346
CHD,1,2023-11-06,2023-11-07,1,RESIDUAL_REVERTED,83.73954772949219,83.60448455810547,-0.0016128958783372394,-26.657038479957677,10205.25490809697
FTNT,1,2023-11-06,2023-11-07,1,RESIDUAL_REVERTED,50.09000015258789,50.16999816894531,0.001597085568251666,6.085261093287159,10205.25490809697
EXPE,-1,2023-11-06,2023-11-07,1,RESIDUAL_REVERTED,112.24393463134766,110.36003875732422,0.01678394365103897,160.96625768911127,10205.25490809697
TRMB,1,2023-11-02,2023-11-08,4,RESIDUAL_REVERTED,41.279998779296875,42.45000076293945,0.028343072147312354,275.19335039631727,10069.682432931346
MTCH,1,2023-11-02,2023-11-08,4,RESIDUAL_REVERTED,28.61211585998535,28.506502151489258,-0.003691223292010992,-47.22054404935119,10069.682432931346
CAH,-1,2023-11-06,2023-11-09,3,RESIDUAL_REVERTED,95.54325866699219,98.11669158935547,-0.026934740956792824,-285.8432011537804,10205.25490809697
PODD,-1,2023-11-06,2023-11-09,3,RESIDUAL_REVERTED,163.36000061035156,155.22000122070312,0.049828595489933125,497.9728145817025,10205.25490809697
CI,1,2023-11-07,2023-11-09,2,RESIDUAL_REVERTED,290.3282165527344,278.85516357421875,-0.03951752645589546,-412.67637596003254,10190.101812321656
APD,1,2023-11-08,2023-11-09,1,RESIDUAL_REVERTED,239.0682830810547,244.4311981201172,0.022432566001422405,217.8002937673857,10167.440270119114
PPL,-1,2023-11-08,2023-11-09,1,RESIDUAL_REVERTED,23.295595169067383,23.22316551208496,0.003109156750740416,21.259423682278392,10167.440270119114
EMR,1,2023-11-08,2023-11-10,2,RESIDUAL_REVERTED,81.09419250488281,81.3408203125,0.003041251167305692,20.738838450096555,10167.440270119114
GEN,-1,2023-11-08,2023-11-10,2,RESIDUAL_REVERTED,17.869491577148438,18.058086395263672,-0.010554011416665565,-117.93631557102441,10167.440270119114
WBD,1,2023-11-09,2023-11-10,1,RESIDUAL_REVERTED,9.670000076293945,9.680000305175781,0.0010341498245023395,0.34252498917269225,10184.269598782543
BDX,1,2023-11-10,2023-11-13,1,RESIDUAL_REVERTED,172.85031127929688,174.4543914794922,0.009280169577498665,84.27161638827256,10183.229539875212
DIS,-1,2023-11-10,2023-11-13,1,RESIDUAL_REVERTED,87.38672637939453,85.72876739501953,0.018972663848018212,182.91848434485073,10183.229539875212
ATO,-1,2023-11-10,2023-11-13,1,RESIDUAL_REVERTED,104.15596771240234,103.65388488769531,0.004820490229550667,38.72852506642531,10183.229539875212
STE,1,2023-11-09,2023-11-14,3,RESIDUAL_REVERTED,200.37147521972656,199.3409881591797,-0.005142883034707668,-62.534588685579884,10184.269598782543
CTVA,1,2023-11-10,2023-11-14,2,RESIDUAL_REVERTED,42.975284576416016,44.06009292602539,0.025242610032760515,246.739536963207,10183.229539875212
CPRT,-1,2023-11-13,2023-11-14,1,RESIDUAL_REVERTED,48.459999084472656,49.150001525878906,-0.014238597904293826,-154.9702177967848,10151.657198789459
IT,-1,2023-11-06,2023-11-15,7,RESIDUAL_REVERTED,387.80999755859375,421.5899963378906,-0.08710450734110609,-901.0568840420331,10205.25490809697
TDG,-1,2023-11-10,2023-11-15,3,RESIDUAL_REVERTED,842.2450561523438,850.7672729492188,-0.010118452740829786,-113.88483374755012,10183.229539875212
ILMN,1,2023-11-13,2023-11-15,2,RESIDUAL_REVERTED,94.85408782958984,95.44747161865234,0.006255753469777137,53.32285441415288,10151.657198789459
BSX,-1,2023-11-14,2023-11-15,1,RESIDUAL_REVERTED,54.11000061035156,54.0099983215332,0.0018481295082304339,8.411223349186628,10143.226981135367
HSIC,-1,2023-11-14,2023-11-16,2,RESIDUAL_REVERTED,68.06999969482422,67.70999908447266,0.005288682414654633,43.12435752871632,10143.226981135367
ARE,-1,2023-11-15,2023-11-16,1,RESIDUAL_REVERTED,90.91663360595703,91.5123291015625,-0.006552106825548298,-77.23431615932192,10195.546200728528
AEP,1,2023-11-14,2023-11-17,3,RESIDUAL_REVERTED,69.66341400146484,70.5438461303711,0.012638371827251138,117.98655019760217,10143.226981135367
MRSH,1,2023-11-15,2023-11-17,2,RESIDUAL_REVERTED,188.95533752441406,188.91717529296875,-0.0002019642945538802,-12.253652928602357,10195.546200728528
AJG,1,2023-11-15,2023-11-17,2,RESIDUAL_REVERTED,236.4482879638672,239.59613037109375,0.013313026853920773,125.47016736978023,10195.546200728528
VFC,-1,2023-11-16,2023-11-17,1,RESIDUAL_REVERTED,16.315656661987305,16.362430572509766,-0.0028668114003302936,-39.60135287047788,10186.052787018583
WYNN,1,2023-11-13,2023-11-20,5,RESIDUAL_REVERTED,82.65892791748047,84.50444793701172,0.02232692905687883,216.39034522329283,10151.657198789459
VRTX,1,2023-11-16,2023-11-20,2,RESIDUAL_REVERTED,350.7200012207031,349.760009765625,-0.0027372019039029194,-38.05339522736003,10186.052787018583
TGT,-1,2023-11-16,2023-11-20,2,RESIDUAL_REVERTED,115.19843292236328,117.09037017822266,-0.01642328986484065,-177.97083594098194,10186.052787018583
CRL,-1,2023-11-16,2023-11-20,2,RESIDUAL_REVERTED,188.02000427246094,188.9600067138672,-0.004999481012903706,-61.54345297049621,10186.052787018583
MCD,-1,2023-11-17,2023-11-20,1,RESIDUAL_REVERTED,257.2384948730469,256.1222229003906,0.004339443725975611,33.78310064102829,10170.028263988186
AMAT,1,2023-11-20,2023-11-21,1,RESIDUAL_REVERTED,145.43045043945312,148.0581512451172,0.018068436133724664,173.58469377226476,10175.30946456817
MOH,1,2023-11-20,2023-11-21,1,RESIDUAL_REVERTED,352.3800048828125,358.04998779296875,0.016090535307307974,153.46900364974974,10175.30946456817
ROST,-1,2023-11-20,2023-11-21,1,RESIDUAL_REVERTED,125.08308410644531,126.0152359008789,-0.007452261039872843,-86.24513334149651,10175.30946456817
INTC,-1,2023-11-17,2023-11-22,3,RESIDUAL_REVERTED,42.3429069519043,43.44810485839844,-0.02610113442965778,-276.37365744236894,10170.028263988186
IP,1,2023-11-21,2023-11-22,1,RESIDUAL_REVERTED,29.040332794189453,28.880428314208984,-0.005506289515127882,-66.17830715372148,10175.741840274135
TECH,-1,2023-11-21,2023-11-22,1,RESIDUAL_REVERTED,63.06334686279297,63.29994201660156,-0.0037517062696237335,-48.571703863278124,10175.741840274135
BMY,1,2023-11-21,2023-11-24,2,RESIDUAL_REVERTED,42.83156967163086,43.638553619384766,0.01884086793784734,181.44820643786784,10175.741840274135
NRG,1,2023-11-22,2023-11-24,1,RESIDUAL_REVERTED,43.31626510620117,43.65996170043945,0.00793458515861456,70.48482093041682,10170.063087136803
A,-1,2023-11-22,2023-11-24,1,RESIDUAL_REVERTED,121.31729888916016,121.36627197265625,-0.0004036776613436377,-14.479525525757957,10170.063087136803
CF,1,2023-11-20,2023-11-27,4,RESIDUAL_REVERTED,72.85797119140625,72.82044219970703,-0.0005150979513364184,-15.413969883451262,10175.30946456817
BA,-1,2023-11-21,2023-11-27,3,RESIDUAL_REVERTED,216.5,218.80999755859375,-0.010669734681726384,-119.41628726184135,10175.741840274135
ADSK,1,2023-11-24,2023-11-27,1,RESIDUAL_REVERTED,202.66000366210938,202.2100067138672,-0.002220452679910445,-32.67996387325664,10151.130034958638
PNW,-1,2023-11-24,2023-11-27,1,RESIDUAL_REVERTED,65.71793365478516,65.61968994140625,0.0014949300429161205,4.831151458249567,10151.130034958638
HPQ,-1,2023-11-24,2023-11-27,1,RESIDUAL_REVERTED,25.222848892211914,25.107955932617188,0.0045551142967915625,35.909430285280926,10151.130034958638
ENPH,-1,2023-11-21,2023-11-28,4,RESIDUAL_REVERTED,98.12000274658203,97.11000061035156,0.010293539624525283,93.8050794806214,10175.741840274135
J,1,2023-11-22,2023-11-29,4,RESIDUAL_REVERTED,99.60423278808594,100.1523208618164,0.005502658455254217,45.7643393579467,10170.063087136803
ALB,1,2023-11-28,2023-11-29,1,RESIDUAL_REVERTED,115.8999252319336,120.63131713867188,0.04082307988784328,405.49172593049036,10187.551306516649
GIS,1,2023-11-28,2023-11-29,1,RESIDUAL_REVERTED,55.857666015625,55.725711822509766,-0.00236232915779766,-34.24186762971161,10187.551306516649
NWS,-1,2023-11-28,2023-11-29,1,RESIDUAL_REVERTED,23.056486129760742,22.899707794189453,0.0067997497402226825,58.91989810273877,10187.551306516649
IP,-1,2023-11-28,2023-11-30,2,TRAILING_STOP,30.443933486938477,32.62235261909834,-0.07155511402935133,-739.9366067227093,10187.551306516649
CCI,-1,2023-11-28,2023-11-30,2,STOP_LOSS,90.94786834716797,99.5076241139151,-0.09411716758520017,-969.9199121865469,10187.551306516649
GEHC,1,2023-11-28,2023-12-01,3,RESIDUAL_REVERTED,70.36595916748047,68.02704620361328,-0.03323926784399056,-348.64498448494385,10187.551306516649
LVS,1,2023-11-30,2023-12-01,1,RESIDUAL_REVERTED,43.0204963684082,43.60670852661133,0.013626345758149139,126.92247039896773,10057.620560932417
AZO,1,2023-11-28,2023-12-04,4,RESIDUAL_REVERTED,2615.1298828125,2637.81005859375,0.00867267661553317,78.12161001006203,10187.551306516649
DPZ,-1,2023-11-28,2023-12-04,4,RESIDUAL_REVERTED,368.4182434082031,376.232666015625,-0.021210737381328837,-227.1994855675137,10187.551306516649
CI,1,2023-11-30,2023-12-04,2,RESIDUAL_REVERTED,248.98358154296875,253.09730529785156,0.01652206836045078,156.03198754304316,10057.620560932417
HRL,1,2023-11-30,2023-12-04,2,RESIDUAL_REVERTED,27.176769256591797,27.907421112060547,0.026885162418322617,260.20794138043647,10057.620560932417
NTAP,-1,2023-11-30,2023-12-04,2,RESIDUAL_REVERTED,84.75972747802734,86.26939392089844,-0.017811129032504924,-189.69311116235176,10057.620560932417
PSX,-1,2023-12-01,2023-12-04,1,RESIDUAL_REVERTED,117.4653091430664,117.84012603759766,-0.003190873094921498,-42.018129159341214,9974.641697305124
SYF,-1,2023-11-29,2023-12-04,3,STOP_LOSS,29.509016036987305,32.44451930653743,-0.09947818205360348,-1020.7906871869214,10148.024692365549
CRM,-1,2023-12-01,2023-12-05,2,RESIDUAL_REVERTED,245.3168182373047,245.30703735351562,3.9870416791432106e-05,-9.981007746588142,9974.641697305124
PFE,1,2023-12-04,2023-12-05,1,RESIDUAL_REVERTED,24.251262664794922,24.4100399017334,0.006547174022776492,55.01531288067813,9923.57520091084
BRK-B,1,2023-12-04,2023-12-06,2,RESIDUAL_REVERTED,355.9100036621094,356.1499938964844,0.0006743003340889953,-3.2354508626153864,9923.57520091084
ALK,1,2023-12-05,2023-12-06,1,RESIDUAL_REVERTED,34.29999923706055,36.0,0.04956270556130593,483.7803587463729,9967.059091113748
RL,1,2023-12-05,2023-12-06,1,RESIDUAL_REVERTED,123.17769622802734,124.45262145996094,0.010350292877481904,93.14334063872307,9967.059091113748
BBWI,-1,2023-12-05,2023-12-06,1,RESIDUAL_REVERTED,33.49531555175781,32.906227111816406,0.017587188842306367,165.22157376371013,9967.059091113748
MMM,-1,2023-12-05,2023-12-06,1,RESIDUAL_REVERTED,80.36137390136719,79.51668548583984,0.010511124617706091,94.65460460438999,9967.059091113748
SJM,-1,2023-12-06,2023-12-07,1,TRAILING_STOP,103.88690948486328,109.63898770830185,-0.055368652816423225,-563.9564313808845,9996.297698507096
IDXX,-1,2023-12-05,2023-12-08,3,RESIDUAL_REVERTED,511.55999755859375,520.1699829101562,-0.016830841724633228,-178.4093834924445,9967.059091113748
CHTR,1,2023-12-06,2023-12-08,2,RESIDUAL_REVERTED,365.5,364.04998779296875,-0.0039672016608242044,-49.6337978657019,9996.297698507096
BF-B,1,2023-12-07,2023-12-08,1,RESIDUAL_REVERTED,50.2136344909668,50.36206817626953,0.002956043449303225,19.40053281702375,9925.752570512384
SRE,-1,2023-12-07,2023-12-08,1,RESIDUAL_REVERTED,67.12091064453125,67.19432067871094,-0.0010936984238558711,-20.983630685797618,9925.752570512384
FCX,1,2023-12-05,2023-12-11,4,RESIDUAL_REVERTED,36.05153274536133,36.24468231201172,0.005357596527577391,43.40572234500763,9967.059091113748
NCLH,-1,2023-12-05,2023-12-11,4,RESIDUAL_REVERTED,17.40999984741211,18.5,-0.06260770603911947,-635.125473549584,9967.059091113746
CEG,1,2023-12-07,2023-12-11,2,RESIDUAL_REVERTED,111.35822296142578,109.67694091796875,-0.015097960426680102,-159.70944277536984,9925.752570512384
CPB,-1,2023-12-07,2023-12-11,2,RESIDUAL_REVERTED,38.25413513183594,38.113037109375,0.0036884384387378955,26.3110622816973,9925.752570512384
KVUE,-1,2023-12-08,2023-12-11,1,RESIDUAL_REVERTED,18.40597915649414,18.071008682250977,0.018199003236672562,169.4441831665818,9857.986757469953
ODFL,1,2023-12-07,2023-12-12,3,RESIDUAL_REVERTED,183.4857940673828,186.9429473876953,0.018841531236161613,176.9971163406577,9925.752570512384
COO,1,2023-12-11,2023-12-12,1,RESIDUAL_REVERTED,83.73750305175781,85.25749969482422,0.01815192222924189,169.8960698926866,9910.610363960717
ALLE,-1,2023-12-11,2023-12-12,1,RESIDUAL_REVERTED,105.99819946289062,105.08316040039062,0.0086325906207525,75.49025218410338,9910.610363960717
INCY,-1,2023-12-12,2023-12-12,0,STOP_LOSS,57.36000061035156,61.52281720449096,-0.07257351028319459,-730.4302519498248,9923.003205258317
NSC,1,2023-12-11,2023-12-13,2,RESIDUAL_REVERTED,209.77865600585938,209.57069396972656,-0.0009913403016892364,-19.730485438360006,9910.610363960717
LULU,-1,2023-12-11,2023-12-13,2,RESIDUAL_REVERTED,493.95001220703125,502.8299865722656,-0.0179774757481177,-188.5680906618133,9910.610363960717
CI,-1,2023-12-12,2023-12-13,1,RESIDUAL_REVERTED,286.2517395019531,281.511962890625,0.01655807094683448,154.27148531498463,9923.003205258317
AVGO,-1,2023-12-12,2023-12-14,2,RESIDUAL_REVERTED,99.51581573486328,105.72979736328125,-0.06244215135585751,-630.2605476776207,9923.003205258317
ORCL,1,2023-12-13,2023-12-14,1,RESIDUAL_REVERTED,97.9307861328125,98.69618225097656,0.007815684407210144,66.94026993564661,9827.138235791725
LIN,-1,2023-12-13,2023-12-14,1,RESIDUAL_REVERTED,391.8616943359375,392.67254638671875,-0.0020692301965246074,-30.368244527748207,9827.138235791725
INCY,-1,2023-12-13,2023-12-15,2,RESIDUAL_REVERTED,62.45000076293945,63.81999969482422,-0.02193753266849896,-225.91783427234998,9827.138235791725
UNH,1,2023-12-12,2023-12-15,3,TRAILING_STOP,514.3018798828125,495.2352315827563,-0.037072873045691956,-377.6133041467639,9923.003205258317
WMB,1,2023-12-12,2023-12-18,4,RESIDUAL_REVERTED,31.418914794921875,31.708576202392578,0.009219332028537197,81.51471633362179,9923.003205258317
PFE,1,2023-12-14,2023-12-18,2,RESIDUAL_REVERTED,22.362640380859375,22.49635124206543,0.005979207237106987,48.878625787843575,9822.445356671209
POOL,-1,2023-12-15,2023-12-18,1,RESIDUAL_REVERTED,375.3832092285156,373.9073486328125,0.00393161057665925,28.432169734733645,9757.673510472254
DOV,-1,2023-12-15,2023-12-18,1,RESIDUAL_REVERTED,149.44171142578125,148.2672119140625,0.007859248268192176,66.77725769635227,9757.673510472256
JCI,1,2023-12-13,2023-12-19,4,RESIDUAL_REVERTED,49.976993560791016,52.122459411621094,0.04292906991734857,411.83183122375505,9827.138235791725
VRTX,-1,2023-12-14,2023-12-19,3,RESIDUAL_REVERTED,404.1000061035156,399.70001220703125,0.010888378693459488,96.5922209140071,9822.445356671209
EXC,1,2023-12-15,2023-12-20,3,RESIDUAL_REVERTED,33.74489974975586,31.951305389404297,-0.053151568789726156,-528.1340105026175,9757.673510472254
AEE,1,2023-12-18,2023-12-20,2,RESIDUAL_REVERTED,66.23331451416016,66.52764129638672,0.004443787607271821,33.344892600847416,9688.872849457961
COST,-1,2023-12-18,2023-12-20,2,RESIDUAL_REVERTED,639.7757568359375,646.7943725585938,-0.010970430885608007,-116.42628057813717,9688.872849457961
ADM,1,2023-12-19,2023-12-20,1,RESIDUAL_REVERTED,66.12317657470703,66.75117492675781,0.00949740143444644,82.16138177796516,9674.407320536548
DRI,-1,2023-12-19,2023-12-20,1,RESIDUAL_REVERTED,153.60720825195312,151.02542114257812,0.016807721061763203,152.8223364528169,9674.407320536548
KR,-1,2023-12-19,2023-12-20,1,RESIDUAL_REVERTED,42.72107696533203,42.2503776550293,0.011017964520995238,96.78052417503781,9674.407320536548
BLK,1,2023-12-19,2023-12-21,2,RESIDUAL_REVERTED,754.283447265625,748.5679931640625,-0.007577329347848938,-82.94392474822642,9674.407320536548
FDS,1,2023-12-20,2023-12-21,1,RESIDUAL_REVERTED,430.27276611328125,439.3720397949219,0.021147686765852658,196.2337961606921,9744.882343174819
AVY,-1,2023-12-21,2023-12-22,1,RESIDUAL_REVERTED,191.7946319580078,192.02200317382812,-0.0011854931157306847,-21.554752753196425,9771.194067058583
ILMN,-1,2023-12-20,2023-12-26,3,RESIDUAL_REVERTED,135.21400451660156,136.85797119140625,-0.012158257428156016,-128.86514423295677,9744.882343174819
FDX,1,2023-12-21,2023-12-26,2,RESIDUAL_REVERTED,189.14971923828125,190.59056091308594,0.007617466632290348,64.62333482401147,9771.194067058583
AON,1,2023-12-21,2023-12-26,2,RESIDUAL_REVERTED,286.841552734375,284.8993835449219,-0.006770878106533096,-75.8976782683995,9771.194067058583
ADM,1,2023-12-21,2023-12-26,2,RESIDUAL_REVERTED,64.3483657836914,65.12199401855469,0.012022500112339296,107.64425061095803,9771.194067058583
PAYX,1,2023-12-22,2023-12-26,1,RESIDUAL_REVERTED,108.01359558105469,108.57776641845703,0.005223146534169221,40.917029963428085,9694.749680424851
SPG,1,2023-12-22,2023-12-27,2,RESIDUAL_REVERTED,124.72499084472656,126.00379943847656,0.010253026158502765,89.65607213207076,9694.749680424851
RVTY,-1,2023-12-14,2023-12-27,8,TRAILING_STOP,98.76537322998047,110.15355405750398,-0.11530539960604935,-1144.6065620457407,9822.445356671209
ALLE,-1,2023-12-21,2023-12-28,4,RESIDUAL_REVERTED,117.36607360839844,122.98346710205078,-0.04786215744419664,-478.4807197826782,9771.194067058583
INTC,-1,2023-12-27,2023-12-29,2,RESIDUAL_REVERTED,49.96088409423828,49.6352424621582,0.006517931737673788,52.753213566822865,9623.77453676649
BMY,1,2023-12-27,2024-01-02,3,RESIDUAL_REVERTED,45.094627380371094,45.12971496582031,0.0007780879339185365,-2.139375762379034,9623.77453676649
REGN,-1,2023-12-28,2024-01-02,2,RESIDUAL_REVERTED,866.0968017578125,865.7401733398438,0.00041176507896689696,-6.025788252582857,9595.640732142345
JCI,-1,2023-12-21,2024-01-03,7,RESIDUAL_REVERTED,53.008663177490234,54.472835540771484,-0.027621378761783166,-281.21075962777894,9771.194067058583
EIX,-1,2023-12-27,2024-01-04,5,RESIDUAL_REVERTED,62.28446960449219,63.26698303222656,-0.015774613382330438,-162.47821046107046,9623.77453676649
PTC,1,2024-01-03,2024-01-04,1,RESIDUAL_REVERTED,168.75,169.83999633789062,0.006459237557870479,52.17586376174174,9563.010967764529
HSY,-1,2024-01-02,2024-01-05,3,RESIDUAL_REVERTED,170.7238311767578,174.8555145263672,-0.024200976050799072,-242.61468204158237,9599.187506801029
RCL,1,2024-01-03,2024-01-05,2,RESIDUAL_REVERTED,113.68818664550781,114.61627197265625,0.008163428008947982,68.46490714056853,9563.010967764529
NCLH,1,2024-01-03,2024-01-05,2,RESIDUAL_REVERTED,17.760000228881836,17.350000381469727,-0.02308557669640987,-230.22025030112934,9563.010967764529
CCL,1,2024-01-03,2024-01-05,2,RESIDUAL_REVERTED,16.494932174682617,16.632719039916992,0.008353284740743483,70.27960134802917,9563.010967764529
EOG,-1,2024-01-04,2024-01-05,1,RESIDUAL_REVERTED,115.05784606933594,111.65816497802734,0.029547581563971637,271.61688243200166,9515.98218221412
BSX,-1,2024-01-02,2024-01-08,4,RESIDUAL_REVERTED,57.459999084472656,58.400001525878906,-0.016359249153908628,-167.48144291905072,9599.187506801029
APH,1,2024-01-03,2024-01-09,4,RESIDUAL_REVERTED,23.55010414123535,23.364072799682617,-0.00789938509133814,-85.06714628169294,9563.010967764529
VTRS,-1,2024-01-03,2024-01-09,4,RESIDUAL_REVERTED,10.198385238647461,10.40378189086914,-0.02014011506873814,-203.0338732771365,9563.010967764529
TEL,1,2024-01-05,2024-01-09,2,RESIDUAL_REVERTED,126.59346008300781,126.89130401611328,0.002352759241355473,12.97725447539377,9601.523401041477
DG,-1,2024-01-05,2024-01-09,2,RESIDUAL_REVERTED,126.75821685791016,126.60137939453125,0.0012372962263639264,1.9010290725798806,9601.523401041477
MSCI,1,2024-01-08,2024-01-09,1,RESIDUAL_REVERTED,523.1349487304688,519.186767578125,-0.00754715616290802,-81.46109273608758,9534.992952412756
HII,1,2024-01-08,2024-01-09,1,RESIDUAL_REVERTED,237.098388671875,240.2837371826172,0.013434711760738516,118.50083906294748,9534.992952412756
CAG,1,2024-01-08,2024-01-09,1,RESIDUAL_REVERTED,23.79259490966797,24.180978775024414,0.0163237287412743,146.03382223348333,9534.992952412756
STZ,-1,2024-01-08,2024-01-09,1,RESIDUAL_REVERTED,233.21749877929688,234.27012634277344,-0.004513501641112638,-52.78331418045826,9534.992952412756
AAL,-1,2024-01-08,2024-01-10,2,RESIDUAL_REVERTED,14.029999732971191,14.34000015258789,-0.02209553995130764,-220.7116597960418,9534.992952412756
ANET,-1,2024-01-09,2024-01-10,1,RESIDUAL_REVERTED,61.25,61.875,-0.010204081632652962,-107.60709785670944,9582.92845443545
ES,1,2024-01-10,2024-01-11,1,RESIDUAL_REVERTED,50.46064376831055,51.13814926147461,0.013426413984625851,118.75485674798317,9561.8130319088
HPE,1,2024-01-10,2024-01-11,1,RESIDUAL_REVERTED,15.093838691711426,15.356173515319824,0.017380258857043085,156.54187921249633,9561.8130319088
FTNT,1,2024-01-10,2024-01-11,1,RESIDUAL_REVERTED,59.380001068115234,62.0,0.04412258142062586,412.1191150602741,9561.8130319088
GLW,1,2024-01-10,2024-01-11,1,RESIDUAL_REVERTED,28.923887252807617,29.018714904785156,0.00327852377340232,21.771143994361665,9561.8130319088
GILD,-1,2024-01-10,2024-01-11,1,RESIDUAL_REVERTED,77.02810668945312,77.41371154785156,-0.005006027993821105,-57.64352535559141,9561.8130319088
RMD,-1,2024-01-10,2024-01-11,1,RESIDUAL_REVERTED,171.9948272705078,172.80328369140625,-0.004700469390436446,-54.71977634518919,9561.8130319088
CAG,-1,2024-01-10,2024-01-11,1,RESIDUAL_REVERTED,24.620018005371094,24.628459930419922,-0.00034288866267218054,-13.032263571401895,9561.8130319088
CRL,1,2024-01-10,2024-01-12,2,RESIDUAL_REVERTED,215.33999633789062,214.82000732421875,-0.0024147349424857856,-32.63951245155451,9561.8130319088
ISRG,-1,2024-01-11,2024-01-12,1,RESIDUAL_REVERTED,364.45001220703125,365.0,-0.001509089791596141,-24.28833772101295,9601.768822081416
HD,-1,2024-01-11,2024-01-12,1,RESIDUAL_REVERTED,332.847900390625,334.1901550292969,-0.004032636640028731,-48.5317863314953,9601.768822081416
ED,1,2024-01-12,2024-01-16,1,RESIDUAL_REVERTED,83.63642120361328,83.29927062988281,-0.0040311453895148786,-48.33125963824516,9610.262888144094
LNT,1,2024-01-12,2024-01-16,1,RESIDUAL_REVERTED,45.95433044433594,45.91781997680664,-0.0007944946031478439,-17.241747236606713,9610.262888144094
WEC,1,2024-01-12,2024-01-16,1,RESIDUAL_REVERTED,75.15596771240234,74.83850860595703,-0.00422400397610645,-50.18375464476714,9610.262888144094
CMS,1,2024-01-12,2024-01-16,1,RESIDUAL_REVERTED,53.329830169677734,53.421566009521484,0.0017201599846066173,6.912661178761185,9610.262888144094
MAA,-1,2024-01-12,2024-01-16,1,RESIDUAL_REVERTED,121.5706558227539,120.75337219238281,0.006722704791217615,54.84019469007747,9610.262888144094
CTSH,-1,2024-01-12,2024-01-17,2,RESIDUAL_REVERTED,71.64781188964844,72.05684661865234,-0.005708963305591341,-64.89262954045407,9610.262888144094
ACN,-1,2024-01-16,2024-01-17,1,RESIDUAL_REVERTED,335.01019287109375,335.69915771484375,-0.002056548900334798,-29.480473664050926,9579.227825824524
BNY,-1,2024-01-16,2024-01-18,2,RESIDUAL_REVERTED,51.602294921875,51.461544036865234,0.0027276090186078017,16.18123259547449,9579.227825824524
JCI,1,2024-01-17,2024-01-18,1,RESIDUAL_REVERTED,50.28261947631836,52.488502502441406,0.04386969193524126,409.84705914970067,9565.192836016631
BA,1,2024-01-17,2024-01-18,1,RESIDUAL_REVERTED,202.6300048828125,205.63999938964844,0.014854633737864775,132.45119965695324,9565.192836016631
SNA,-1,2024-01-12,2024-01-19,4,RESIDUAL_REVERTED,266.0333557128906,264.8429870605469,0.004474509029718909,32.654625785081386,9610.262888144094
UAL,1,2024-01-16,2024-01-19,3,RESIDUAL_REVERTED,39.290000915527344,39.720001220703125,0.010944268138356028,95.20599123945726,9579.227825824524
GNRC,1,2024-01-17,2024-01-19,2,RESIDUAL_REVERTED,114.25,116.3499984741211,0.018380730626880393,166.16213246051544,9565.192836016631
CME,-1,2024-01-18,2024-01-19,1,RESIDUAL_REVERTED,183.36744689941406,184.71849060058594,-0.007367958293671428,-80.52097572410402,9595.483869106582
MS,1,2024-01-17,2024-01-22,3,RESIDUAL_REVERTED,78.3467788696289,78.91001892089844,0.007189064558822178,59.165213585282935,9565.192836016631
TSCO,-1,2024-01-18,2024-01-22,2,RESIDUAL_REVERTED,43.295589447021484,43.96537780761719,-0.015470129155194634,-158.49798358422848,9595.483869106582
HUM,1,2024-01-19,2024-01-22,1,RESIDUAL_REVERTED,397.35516357421875,387.1914367675781,-0.025578444017733792,-255.59263424615034,9621.168241909143
WDC,-1,2024-01-17,2024-01-22,3,TRAILING_STOP,39.24079132080078,43.49808883666992,-0.10849163262445294,-1048.411832664433,9565.192836016631
FAST,-1,2024-01-19,2024-01-23,2,RESIDUAL_REVERTED,32.070072174072266,32.98393249511719,-0.028495736338995492,-284.31097961777107,9621.168241909143
PPG,1,2024-01-22,2024-01-23,1,RESIDUAL_REVERTED,132.7682342529297,133.91123962402344,0.008609027434350436,72.75092168313883,9566.544691029949
CMI,1,2024-01-22,2024-01-23,1,RESIDUAL_REVERTED,217.60752868652344,223.30606079101562,0.02618720105360528,240.82922400666624,9566.544691029949
TRV,-1,2024-01-22,2024-01-23,1,RESIDUAL_REVERTED,203.29278564453125,203.40744018554688,-0.0005639872593221629,-15.155463394676964,9566.544691029949
TXN,-1,2024-01-22,2024-01-23,1,RESIDUAL_REVERTED,161.1491241455078,161.92706298828125,-0.00482744691848902,-55.96234020402999,9566.544691029949
NTRS,1,2024-01-19,2024-01-24,3,RESIDUAL_REVERTED,75.39320373535156,76.15345001220703,0.01008375077844037,87.34778577557402,9621.168241909143
ADM,1,2024-01-23,2024-01-24,1,RESIDUAL_REVERTED,47.537696838378906,47.610511779785156,0.0015317305264874737,5.048536722295524,9508.23489958007
GILD,1,2024-01-23,2024-01-24,1,RESIDUAL_REVERTED,72.10711669921875,73.04357147216797,0.01298699512359458,113.91342367512063,9508.23489958007
REGN,-1,2024-01-23,2024-01-24,1,RESIDUAL_REVERTED,934.521240234375,948.083251953125,-0.014512256260059697,-147.7540726114949,9508.23489958007
JBHT,-1,2024-01-23,2024-01-24,1,RESIDUAL_REVERTED,202.4600372314453,200.5318603515625,0.009523740616912857,80.90454552196259,9508.23489958007
RTX,-1,2024-01-24,2024-01-25,1,RESIDUAL_REVERTED,85.04837036132812,85.63667297363281,-0.006917270840173462,-75.66989318427012,9529.565436216455
VZ,-1,2024-01-24,2024-01-25,1,RESIDUAL_REVERTED,35.863792419433594,35.201385498046875,0.018470074598908814,166.385399759649,9529.565436216455
PCAR,-1,2024-01-24,2024-01-25,1,RESIDUAL_REVERTED,94.59982299804688,94.95282745361328,-0.003731555138043907,-45.29466621800224,9529.565436216455
MMM,1,2024-01-24,2024-01-26,2,RESIDUAL_REVERTED,75.58270263671875,75.25422668457031,-0.004345914351954638,-50.92353329576207,9529.565436216455
DHI,1,2024-01-24,2024-01-26,2,RESIDUAL_REVERTED,140.5522003173828,136.64659118652344,-0.027787605758145872,-274.20097092055846,9529.565436216455
KMB,1,2024-01-25,2024-01-26,1,RESIDUAL_REVERTED,105.43248748779297,107.50276947021484,0.01963609160470181,176.84786860515922,9494.538349065717
TDY,1,2024-01-25,2024-01-26,1,RESIDUAL_REVERTED,419.6700134277344,425.04998779296875,0.012819534856189474,112.16016917755593,9494.538349065717
TXT,-1,2024-01-25,2024-01-26,1,RESIDUAL_REVERTED,86.09419250488281,86.26376342773438,-0.001969597691992453,-28.392343904730243,9494.538349065717
TEL,-1,2024-01-25,2024-01-26,1,RESIDUAL_REVERTED,138.8531036376953,140.0829315185547,-0.008857042792995928,-93.8181623404887,9494.538349065717
DD,1,2024-01-25,2024-01-29,2,RESIDUAL_REVERTED,76.89347839355469,76.52442169189453,-0.004799583909720684,-55.041586922721834,9494.538349065717
IBM,-1,2024-01-26,2024-01-29,1,RESIDUAL_REVERTED,176.3917694091797,172.842041015625,0.02012411579885176,182.26870789265342,9535.50545916447
ELV,-1,2024-01-26,2024-01-29,1,RESIDUAL_REVERTED,458.8295593261719,461.5484924316406,-0.005925801967645139,-66.25959685949023,9535.50545916447
URI,-1,2024-01-26,2024-01-29,1,RESIDUAL_REVERTED,637.516357421875,618.8009033203125,0.029356821803362076,270.35384522866616,9535.50545916447
INTC,1,2024-01-29,2024-01-30,1,RESIDUAL_REVERTED,43.13233184814453,43.09286117553711,-0.0009151063927261838,-18.319970386473276,9568.318747667914
FICO,1,2024-01-29,2024-01-30,1,RESIDUAL_REVERTED,1200.0,1216.6199951171875,0.013849995930989678,122.88659638608321,9568.318747667914
TER,1,2024-01-29,2024-01-30,1,RESIDUAL_REVERTED,103.21182250976562,103.88529968261719,0.006525194076365093,52.83560049698079,9568.318747667914
AXP,-1,2024-01-29,2024-01-30,1,RESIDUAL_REVERTED,196.43289184570312,195.0611572265625,0.0069832226479571435,57.09392995901449,9568.318747667914
COF,-1,2024-01-29,2024-01-30,1,RESIDUAL_REVERTED,134.07583618164062,132.85646057128906,0.009094670934586602,77.30763150839155,9568.318747667914
HPQ,1,2024-01-30,2024-01-31,1,RESIDUAL_REVERTED,26.04281234741211,25.810924530029297,-0.008904100459252273,-95.13136660748013,9609.57022683518
DPZ,-1,2024-01-30,2024-01-31,1,RESIDUAL_REVERTED,413.77783203125,416.3649597167969,-0.00625245599274038,-69.91427363711517,9609.57022683518
KLAC,1,2024-01-29,2024-02-01,3,RESIDUAL_REVERTED,58.405582427978516,58.62981033325195,0.0038391519432228183,27.147543651060474,9568.318747667914
VMC,-1,2024-01-30,2024-02-01,2,RESIDUAL_REVERTED,224.21902465820312,222.71966552734375,0.00668702904735663,54.301152598527715,9609.57022683518
MLM,-1,2024-01-30,2024-02-01,2,RESIDUAL_REVERTED,502.76226806640625,504.02264404296875,-0.0025069024797939043,-34.09498794898927,9609.57022683518
UPS,1,2024-01-31,2024-02-01,1,RESIDUAL_REVERTED,123.40333557128906,121.00874328613281,-0.019404599349528207,-194.84988721608315,9553.854904969137
SLB,1,2024-01-31,2024-02-01,1,RESIDUAL_REVERTED,45.99947738647461,45.62738800048828,-0.008088991595711748,-86.79626641189797,9553.854904969137
WHR,1,2024-01-31,2024-02-01,1,RESIDUAL_REVERTED,95.67656707763672,95.91092681884766,0.0024494998970936432,13.836610618296408,9553.854904969137
GLW,-1,2024-01-31,2024-02-01,1,RESIDUAL_REVERTED,31.598159790039062,30.678281784057617,0.02911175878892247,268.5298906781317,9553.854904969137
SYY,-1,2024-01-31,2024-02-02,2,RESIDUAL_REVERTED,75.44654083251953,77.01485443115234,-0.020787084223175212,-208.63293113336073,9553.854904969137
ROK,1,2024-02-01,2024-02-02,1,RESIDUAL_REVERTED,246.85391235351562,250.39340209960938,0.014338398416894105,127.43656284932622,9559.25074638017
FTV,-1,2024-02-01,2024-02-02,1,TRAILING_STOP,58.61262893676758,61.8995391152492,-0.05607853184725098,-546.094182364511,9559.25074638017
CHRW,1,2024-02-02,2024-02-05,1,RESIDUAL_REVERTED,68.87185668945312,69.11671447753906,0.003555266256143108,24.333309559926903,9529.437233675702
MET,1,2024-02-02,2024-02-05,1,RESIDUAL_REVERTED,60.543460845947266,60.30833435058594,-0.0038835985270087026,-46.519441383398316,9529.437233675702
AFL,1,2024-02-02,2024-02-05,1,RESIDUAL_REVERTED,72.5365219116211,71.81975555419922,-0.009881454728353112,-103.64705749361873,9529.437233675702
PRU,1,2024-02-02,2024-02-05,1,RESIDUAL_REVERTED,89.90542602539062,89.27531433105469,-0.007008605844968541,-76.28411269412827,9529.437233675702
CTVA,-1,2024-02-02,2024-02-05,1,RESIDUAL_REVERTED,52.778743743896484,51.02918243408203,0.03314897600261235,306.3349057425704,9529.437233675702
GEN,1,2024-02-05,2024-02-06,1,RESIDUAL_REVERTED,20.142913818359375,19.97212791442871,-0.008478708962900927,-90.16089519364758,9516.194459426672
META,-1,2024-02-05,2024-02-06,1,RESIDUAL_REVERTED,465.4222717285156,459.5981140136719,0.012513706516909084,109.44160540533781,9516.194459426672
CLX,-1,2024-02-05,2024-02-06,1,RESIDUAL_REVERTED,140.3828125,140.28292846679688,0.0007115118398353104,-2.93050533898742,9516.194459426672
PH,-1,2024-02-02,2024-02-07,3,RESIDUAL_REVERTED,486.38323974609375,501.6293029785156,-0.03134578247470188,-308.9658007222817,9529.437233675702
ETN,-1,2024-02-02,2024-02-07,3,RESIDUAL_REVERTED,257.3855895996094,263.91375732421875,-0.025363376927063586,-251.92492666274111,9529.437233675702
APD,1,2024-02-06,2024-02-07,1,RESIDUAL_REVERTED,204.94000244140625,204.59324645996094,-0.001691987788203786,-25.580175217313517,9505.324197856038
MTCH,1,2024-02-06,2024-02-07,1,RESIDUAL_REVERTED,34.27693176269531,34.6801872253418,0.01176463125224525,102.26539660590407,9505.324197856038
F,1,2024-02-06,2024-02-07,1,RESIDUAL_REVERTED,9.78886890411377,10.705523490905762,0.09364254397224259,880.1523636007158,9505.324197856038
EL,-1,2024-02-06,2024-02-07,1,RESIDUAL_REVERTED,142.7087860107422,139.56919860839844,0.021999958727890956,199.53214175131347,9505.324197856038
MCD,1,2024-02-06,2024-02-08,2,RESIDUAL_REVERTED,264.7872619628906,267.80975341796875,0.011414791756492182,98.94172145046797,9505.324197856038
FMC,1,2024-02-07,2024-02-08,1,RESIDUAL_REVERTED,48.28364562988281,49.086727142333984,0.01663257821514086,149.2062594998327,9549.65170234528
GEHC,-1,2024-02-07,2024-02-08,1,RESIDUAL_REVERTED,81.68451690673828,81.17671966552734,0.006216566620461328,49.65708512672624,9549.65170234528
XYL,-1,2024-02-07,2024-02-09,2,RESIDUAL_REVERTED,116.64193725585938,118.2755355834961,-0.014005240019748122,-143.74753612752775,9549.65170234528
CINF,1,2024-02-08,2024-02-09,1,RESIDUAL_REVERTED,100.27757263183594,100.83960723876953,0.005604788709805186,44.16372454219389,9596.665768848923
EMR,-1,2024-02-08,2024-02-09,1,RESIDUAL_REVERTED,99.84320068359375,97.77246856689453,0.020739841096054534,189.3498586015675,9596.665768848923
PRU,-1,2024-02-08,2024-02-09,1,RESIDUAL_REVERTED,95.16515350341797,94.09746551513672,0.011219316619322295,97.93501759683484,9596.665768848923
CMG,-1,2024-02-08,2024-02-09,1,RESIDUAL_REVERTED,53.56100082397461,52.739601135253906,0.015335779318616405,137.46295204281432,9596.665768848923
FOXA,1,2024-02-08,2024-02-12,2,RESIDUAL_REVERTED,28.746631622314453,28.72730827331543,-0.0006721952419643795,-16.04427342085763,9596.665768848923
FOX,1,2024-02-08,2024-02-12,2,RESIDUAL_REVERTED,26.364330291748047,26.451021194458008,0.0032881890702565197,21.943207897439745,9596.665768848923
CPAY,1,2024-02-09,2024-02-12,1,RESIDUAL_REVERTED,268.1199951171875,273.3999938964844,0.019692670727482042,179.07374319413557,9584.939591343635
SNA,1,2024-02-09,2024-02-13,2,RESIDUAL_REVERTED,247.41551208496094,246.13223266601562,-0.005186737921689555,-59.274651962041695,9584.939591343635
RL,-1,2024-02-09,2024-02-13,2,RESIDUAL_REVERTED,164.33233642578125,167.0977020263672,-0.016827884643597635,-171.35325686505843,9584.939591343635
EXPE,1,2024-02-12,2024-02-13,1,RESIDUAL_REVERTED,130.23452758789062,129.5934295654297,-0.0049226425152752995,-56.99052905376378,9626.483917646501
AMAT,-1,2024-02-12,2024-02-13,1,RESIDUAL_REVERTED,181.3661346435547,174.83670043945312,0.036001396936280794,336.92238813259445,9626.483917646501
LRCX,-1,2024-02-12,2024-02-13,1,RESIDUAL_REVERTED,88.56184387207031,85.60816955566406,0.03335154494607073,311.40062717958494,9626.483917646501
KLAC,-1,2024-02-12,2024-02-13,1,RESIDUAL_REVERTED,63.26316833496094,61.507537841796875,0.02775122617742576,257.4622438174497,9626.483917646501
FE,-1,2024-02-12,2024-02-14,2,RESIDUAL_REVERTED,33.755393981933594,33.42127990722656,0.009898094357478238,85.32320516910826,9626.483917646501
MSI,1,2024-02-13,2024-02-14,1,RESIDUAL_REVERTED,310.58135986328125,310.6396179199219,0.0001875774407913422,-7.815924107988989,9619.40535462396
PTC,1,2024-02-13,2024-02-14,1,RESIDUAL_REVERTED,175.0,178.5500030517578,0.020285731724330347,185.41970267867887,9619.40535462396
KEYS,1,2024-02-13,2024-02-15,2,RESIDUAL_REVERTED,155.49000549316406,153.55999755859375,-0.012412424377045705,-128.95984680028369,9619.40535462396
ECL,-1,2024-02-14,2024-02-15,1,RESIDUAL_REVERTED,214.114990234375,211.2076416015625,0.013578445066503964,122.3078653263556,9733.482454795774
LDOS,-1,2024-02-14,2024-02-15,1,RESIDUAL_REVERTED,118.31603240966797,118.74301147460938,-0.0036088014130071233,-45.06969437507323,9733.482454795774
WM,-1,2024-02-14,2024-02-15,1,RESIDUAL_REVERTED,190.93653869628906,190.39938354492188,0.0028132653657328976,17.46986609773178,9733.482454795774
MCO,1,2024-02-14,2024-02-16,2,RESIDUAL_REVERTED,361.8796691894531,364.0216064453125,0.005918921227757723,47.84942760894086,9733.482454795774
BIIB,1,2024-02-14,2024-02-16,2,RESIDUAL_REVERTED,227.00999450683594,221.14999389648438,-0.025813844113260376,-260.8664519226654,9733.482454795774
HWM,-1,2024-02-14,2024-02-16,2,RESIDUAL_REVERTED,62.173587799072266,63.12751007080078,-0.015342886030822678,-159.53877427772846,9733.482454795774
KHC,1,2024-02-15,2024-02-16,1,RESIDUAL_REVERTED,29.315227508544922,29.880138397216797,0.019270220178479347,177.35820771486584,9712.624598314811
IQV,-1,2024-02-15,2024-02-16,1,RESIDUAL_REVERTED,241.9499969482422,241.42999267578125,0.002149222066624712,10.980071313159845,9712.624598314811
WST,1,2024-02-16,2024-02-20,1,RESIDUAL_REVERTED,348.2309875488281,358.82220458984375,0.03041434398347609,285.95970904062517,9726.806296194363
ZBRA,-1,2024-02-16,2024-02-20,1,RESIDUAL_REVERTED,282.4100036621094,269.8599853515625,0.04443900055878469,422.55062619317476,9726.806296194363
CBRE,-1,2024-02-16,2024-02-20,1,RESIDUAL_REVERTED,93.66000366210938,92.23999786376953,0.015161282754832084,137.62588961449967,9726.806296194363
WFC,-1,2024-02-16,2024-02-20,1,RESIDUAL_REVERTED,49.06642150878906,48.65076446533203,0.008471313592383622,72.52033878288091,9726.806296194363
ADBE,1,2024-02-20,2024-02-21,1,RESIDUAL_REVERTED,531.5,539.760009765625,0.015540940292803285,141.6327672021404,9745.483533904428
VMC,-1,2024-02-20,2024-02-21,1,RESIDUAL_REVERTED,248.15008544921875,246.5919189453125,0.006279129427199437,51.2863077680264,9745.483533904428
AMAT,-1,2024-02-20,2024-02-21,1,RESIDUAL_REVERTED,191.46868896484375,184.27210998535156,0.03758619238685845,356.5462970635762,9745.483533904428
DLR,1,2024-02-20,2024-02-22,2,RESIDUAL_REVERTED,125.36641693115234,129.04420471191406,0.02933630768742046,276.0080717276485,9745.483533904428
CARR,1,2024-02-20,2024-02-22,2,RESIDUAL_REVERTED,51.63115692138672,52.43381881713867,0.015546076121712327,141.68279331263756,9745.483533904428
EXPD,1,2024-02-21,2024-02-22,1,RESIDUAL_REVERTED,112.55057525634766,114.0751953125,0.013546088526689815,123.14747611524803,9820.908987243887
WMT,-1,2024-02-21,2024-02-22,1,RESIDUAL_REVERTED,56.73460006713867,56.371498107910156,0.006400009144311047,52.87101350553808,9820.908987243887
CAG,-1,2024-02-21,2024-02-22,1,RESIDUAL_REVERTED,24.350507736206055,24.07710075378418,0.011227978709263398,100.30893854814214,9820.908987243887
KO,-1,2024-02-21,2024-02-22,1,RESIDUAL_REVERTED,56.39111328125,56.39111328125,-0.0,-10.016567022887108,9820.908987243887
AKAM,1,2024-02-15,2024-02-23,5,RESIDUAL_REVERTED,114.19999694824219,107.69000244140625,-0.05700520736253967,-563.1059687701229,9712.624598314811
PANW,1,2024-02-22,2024-02-23,1,RESIDUAL_REVERTED,137.06500244140625,138.47500610351562,0.010287116601571,91.33194576306202,9839.712455239254
GRMN,-1,2024-02-22,2024-02-23,1,RESIDUAL_REVERTED,128.7840576171875,128.65982055664062,0.0009646928575287594,-0.5366960119615081,9839.712455239254
EQT,-1,2024-02-22,2024-02-23,1,RESIDUAL_REVERTED,35.26338577270508,35.53404998779297,-0.00767550276744533,-85.60194287437946,9839.712455239254
TFX,1,2024-02-23,2024-02-26,1,RESIDUAL_REVERTED,232.98031616210938,230.77706909179688,-0.009456794919874056,-102.86658413080134,9841.746023162668
NEM,1,2024-02-23,2024-02-26,1,RESIDUAL_REVERTED,29.617414474487305,29.197980880737305,-0.01416172212166944,-149.14813035905178,9841.746023162668
PWR,-1,2024-02-23,2024-02-26,1,RESIDUAL_REVERTED,234.84951782226562,233.7227020263672,0.004798033252728318,37.20854507489804,9841.746023162668
NVDA,-1,2024-02-23,2024-02-26,1,RESIDUAL_REVERTED,80.5565185546875,79.46968078613281,0.013491617910682985,122.81521752271901,9841.746023162668
MOS,-1,2024-02-23,2024-02-26,1,RESIDUAL_REVERTED,29.206205368041992,28.647371292114258,0.01913408705052866,178.37241288100788,9841.746023162668
BKNG,1,2024-02-26,2024-02-27,1,RESIDUAL_REVERTED,139.0771026611328,137.3949737548828,-0.01209493780114601,-129.84309687240562,9920.09968580206
WBD,1,2024-02-26,2024-02-27,1,RESIDUAL_REVERTED,8.779999732971191,8.59000015258789,-0.021640043981983603,-224.4841574954671,9920.09968580206
D,-1,2024-02-26,2024-02-27,1,RESIDUAL_REVERTED,41.79512023925781,41.328285217285156,0.011169605908542435,100.74577060537408,9920.09968580206
KDP,1,2024-02-23,2024-02-28,3,RESIDUAL_REVERTED,28.08605194091797,27.136016845703125,-0.03382586834252621,-342.58089846062387,9841.746023162668
PODD,1,2024-02-27,2024-02-28,1,RESIDUAL_REVERTED,169.25999450683594,166.8300018310547,-0.014356568324732533,-150.61297786980603,9812.310291921607
GOOG,1,2024-02-27,2024-02-28,1,RESIDUAL_REVERTED,138.10195922851562,137.7948760986328,-0.002223597200201044,-31.62002667169653,9812.310291921607
FIS,-1,2024-02-27,2024-02-28,1,RESIDUAL_REVERTED,62.94047546386719,62.26140213012695,0.010789135746679834,95.91423858644603,9812.310291921607
DPZ,-1,2024-02-27,2024-02-28,1,RESIDUAL_REVERTED,439.4014892578125,425.8449401855469,0.030852305701475458,292.8826817187879,9812.310291921607
LULU,-1,2024-02-27,2024-02-28,1,RESIDUAL_REVERTED,471.0899963378906,466.5,0.009743353443231295,85.64695382099275,9812.310291921607
CPRT,-1,2024-02-26,2024-02-29,3,RESIDUAL_REVERTED,51.060001373291016,53.31999969482422,-0.04426161889442071,-449.8303009870655,9920.09968580206
SBAC,1,2024-02-28,2024-02-29,1,RESIDUAL_REVERTED,187.7099609375,195.5194091796875,0.04160380303306188,399.2462550710288,9837.770592098777
HSIC,1,2024-02-28,2024-03-01,2,RESIDUAL_REVERTED,78.12999725341797,76.47000122070312,-0.021246590183928715,-218.75234114587983,9837.770592098777
CEG,-1,2024-02-28,2024-03-01,2,RESIDUAL_REVERTED,155.81890869140625,164.2351837158203,-0.05401318168055069,-541.8906240107319,9837.770592098777
VTRS,1,2024-02-29,2024-03-01,1,RESIDUAL_REVERTED,11.03783130645752,11.046762466430664,0.0008091408289525592,-1.8665130060606243,9758.843949162065
UHS,1,2024-02-29,2024-03-01,1,RESIDUAL_REVERTED,161.42105102539062,165.30987548828125,0.02409118537010979,225.22572356878624,9758.843949162065
FISV,1,2024-02-29,2024-03-01,1,RESIDUAL_REVERTED,148.58999633789062,149.60000610351562,0.006797293159145568,56.54171240603737,9758.843949162065
AXON,-1,2024-02-29,2024-03-01,1,RESIDUAL_REVERTED,309.2200012207031,303.0,0.020115132255832502,186.44727355414832,9758.843949162065
WY,-1,2024-02-29,2024-03-01,1,RESIDUAL_REVERTED,31.74654769897461,31.489181518554688,0.0081069029256442,69.20198270492423,9758.843949162065
EBAY,-1,2024-02-29,2024-03-01,1,RESIDUAL_REVERTED,45.906944274902344,45.188899993896484,0.015641299858819346,142.7675587223997,9758.843949162065
HRL,-1,2024-03-01,2024-03-04,1,RESIDUAL_REVERTED,31.754451751708984,29.956348419189453,0.05662523625282745,546.7791889965298,9828.006198103983
XEL,1,2024-03-01,2024-03-05,2,RESIDUAL_REVERTED,47.085567474365234,46.61161422729492,-0.010065786025162504,-108.70515033846766,9828.006198103983
D,1,2024-03-04,2024-03-05,1,RESIDUAL_REVERTED,39.826202392578125,41.96980285644531,0.053823873105879105,520.9641346690447,9867.312874281713
NTAP,-1,2024-03-04,2024-03-05,1,RESIDUAL_REVERTED,101.23091125488281,98.76698303222656,0.024339682337270352,230.229183062118,9867.312874281713
COO,-1,2024-03-04,2024-03-05,1,RESIDUAL_REVERTED,102.0199966430664,102.47000122070312,-0.004410944838697972,-53.610467049444225,9867.312874281713
AVGO,-1,2024-03-04,2024-03-05,1,RESIDUAL_REVERTED,136.45823669433594,135.66563415527344,0.005808389132551328,47.27888076550836,9867.312874281713
WDC,-1,2024-03-04,2024-03-05,1,RESIDUAL_REVERTED,48.89115524291992,47.612464904785156,0.026153817224843223,248.1358866384668,9867.312874281713
LVS,1,2024-03-04,2024-03-06,2,RESIDUAL_REVERTED,48.72584533691406,48.83026123046875,0.002142926260852107,11.267038546118709,9867.312874281713
HPE,-1,2024-03-05,2024-03-06,1,STOP_LOSS,15.9370698928833,17.99677102496169,-0.12923963726846344,-1294.7360716293763,9934.643375781649
BBY,1,2024-03-04,2024-03-07,3,RESIDUAL_REVERTED,68.67945861816406,68.60070037841797,-0.0011467510276101933,-21.17700637702673,9867.312874281713
ALB,1,2024-03-06,2024-03-07,1,RESIDUAL_REVERTED,105.49835968017578,113.88809967041016,0.07952483825974488,774.537073793006,9868.590499497135
ADSK,1,2024-03-06,2024-03-07,1,RESIDUAL_REVERTED,248.14999389648438,252.88999938964844,0.019101372596210364,178.5407818187537,9868.590499497135
DVA,-1,2024-03-06,2024-03-07,1,RESIDUAL_REVERTED,133.0399932861328,132.5800018310547,0.003457542681085446,24.075297605382374,9868.590499497135
CFG,-1,2024-03-06,2024-03-07,1,RESIDUAL_REVERTED,30.759355545043945,30.932981491088867,-0.005644654869009447,-65.79645396741005,9868.590499497135
TGT,-1,2024-03-06,2024-03-08,2,RESIDUAL_REVERTED,157.0518798828125,156.24940490722656,0.005109617128968624,40.189002513459116,9868.590499497135
NRG,-1,2024-03-06,2024-03-08,2,RESIDUAL_REVERTED,58.21049499511719,58.345176696777344,-0.0023137013638425685,-33.10801906522613,9868.590499497135
DXCM,-1,2024-03-07,2024-03-08,1,RESIDUAL_REVERTED,135.60000610351562,134.0,0.011799454509568319,106.91126453737465,9912.170333753467
ZTS,1,2024-03-04,2024-03-11,5,RESIDUAL_REVERTED,182.84339904785156,176.1028594970703,-0.036865096502702865,-373.4448744863727,9867.312874281713
BF-B,1,2024-03-07,2024-03-11,2,RESIDUAL_REVERTED,52.39228057861328,50.76259994506836,-0.031105357803610567,-318.07961437306795,9912.170333753467
CMI,1,2024-03-08,2024-03-11,1,RESIDUAL_REVERTED,255.11514282226562,258.23565673828125,0.012231786327907779,111.16757474402074,9902.978658624568
ROST,1,2024-03-08,2024-03-11,1,RESIDUAL_REVERTED,141.9497528076172,142.28079223632812,0.0023320888001798767,13.180099646764425,9902.978658624568
KR,-1,2024-03-08,2024-03-11,1,RESIDUAL_REVERTED,52.56380844116211,52.93330383300781,-0.007029463861228713,-79.74863862896981,9902.978658624568
MCHP,-1,2024-03-08,2024-03-11,1,RESIDUAL_REVERTED,87.24958801269531,83.04220581054688,0.048222373285432996,467.69345062412975,9902.978658624568
TMUS,1,2024-03-08,2024-03-12,2,RESIDUAL_REVERTED,157.49578857421875,157.51495361328125,0.00012168604148721229,-8.698526913860377,9902.978658624568
NEE,-1,2024-03-11,2024-03-12,1,RESIDUAL_REVERTED,53.57634735107422,53.669410705566406,-0.0017370231285527282,-27.39470850044562,9933.406293478767
PSA,-1,2024-03-11,2024-03-12,1,RESIDUAL_REVERTED,262.9390563964844,260.21331787109375,0.010366426968842934,92.89614234023986,9933.406293478767
EXR,-1,2024-03-11,2024-03-12,1,RESIDUAL_REVERTED,134.25575256347656,131.60415649414062,0.019750334854979568,186.1582746292722,9933.406293478767
EQT,1,2024-03-12,2024-03-13,1,RESIDUAL_REVERTED,33.62007522583008,33.23341369628906,-0.011500912087309856,-124.52620961782304,9965.954286355573
ISRG,1,2024-03-12,2024-03-13,1,RESIDUAL_REVERTED,378.8999938964844,389.6700134277344,0.028424438386748463,273.16906096452163,9965.954286355573
HWM,1,2024-03-12,2024-03-13,1,RESIDUAL_REVERTED,64.63788604736328,65.57190704345703,0.014450054808558432,133.970627078241,9965.954286355573
BSX,1,2024-03-12,2024-03-13,1,RESIDUAL_REVERTED,66.05000305175781,67.5999984741211,0.02346700001131996,223.78815953968908,9965.954286355573
PFE,-1,2024-03-12,2024-03-13,1,RESIDUAL_REVERTED,24.013946533203125,23.996980667114258,0.0007065005356536869,-3.117123545444,9965.954286355573
SRE,-1,2024-03-12,2024-03-13,1,RESIDUAL_REVERTED,66.2582778930664,65.52409362792969,0.011080642124771334,100.32409203386362,9965.954286355573
ORCL,-1,2024-03-13,2024-03-14,1,RESIDUAL_REVERTED,124.49260711669922,123.74369812011719,0.006015690521124717,50.28004763686495,10057.535211619854
NOW,-1,2024-03-13,2024-03-14,1,RESIDUAL_REVERTED,159.01199340820312,157.62600708007812,0.00871623767753793,77.45517283730929,10057.535211619854
LUV,1,2024-03-13,2024-03-15,2,RESIDUAL_REVERTED,27.258529663085938,26.58489227294922,-0.024712902656997437,-258.48414842137794,10057.535211619854
MMM,-1,2024-03-13,2024-03-15,2,RESIDUAL_REVERTED,79.28701782226562,81.89493560791016,-0.032892115976547176,-341.45117403308274,10057.535211619854
DLTR,1,2024-03-14,2024-03-15,1,RESIDUAL_REVERTED,128.5399932861328,124.68000030517578,-0.03002950974460228,-310.65708866939497,10016.512884451777
MCD,1,2024-03-14,2024-03-15,1,RESIDUAL_REVERTED,265.7762756347656,265.2774658203125,-0.0018768033875927737,-28.806138685201063,10016.512884451777
DG,-1,2024-03-14,2024-03-15,1,RESIDUAL_REVERTED,157.27658081054688,141.8348388671875,0.09818208066183909,973.737757434261,10016.512884451777
GL,1,2024-03-14,2024-03-18,2,RESIDUAL_REVERTED,116.42463684082031,113.91024017333984,-0.02159677483828648,-226.23272412803706,10016.512884451777
FICO,1,2024-03-14,2024-03-18,2,RESIDUAL_REVERTED,1251.52001953125,1217.969970703125,-0.026807440795626247,-278.3993304749561,10016.512884451777
MSFT,-1,2024-03-15,2024-03-18,1,RESIDUAL_REVERTED,411.2850341796875,406.3412170410156,0.012020415837722842,109.91628552487586,9986.288345163837
CTAS,-1,2024-03-15,2024-03-18,1,RESIDUAL_REVERTED,153.80056762695312,154.43182373046875,-0.00410438084368292,-51.19206564377742,9986.288345163835
NEE,-1,2024-03-14,2024-03-19,3,RESIDUAL_REVERTED,55.09327697753906,56.20073318481445,-0.02010147640567639,-212.06745671297932,10016.512884451777
JBL,1,2024-03-18,2024-03-19,1,RESIDUAL_REVERTED,123.55703735351562,122.48192596435547,-0.008701336744455057,-96.83868078410211,9986.472087750017
ADBE,1,2024-03-18,2024-03-19,1,RESIDUAL_REVERTED,495.54998779296875,509.8900146484375,0.02893759904895754,278.85356083857175,9986.472087750017
CSGP,-1,2024-03-18,2024-03-20,2,RESIDUAL_REVERTED,96.33000183105469,95.02999877929688,0.013495308076893697,124.46009923579417,9986.472087750017
CMI,-1,2024-03-18,2024-03-20,2,RESIDUAL_REVERTED,264.07574462890625,267.8832702636719,-0.014418308808013203,-154.45258115840642,9986.472087750017
ABT,1,2024-03-19,2024-03-20,1,RESIDUAL_REVERTED,106.72917175292969,107.2607421875,0.004980554293074313,39.73847493001113,9989.400565426517
IP,1,2024-03-19,2024-03-20,1,RESIDUAL_REVERTED,32.049522399902344,35.199581146240234,0.09828722896499342,971.3501847813868,9989.400565426517
PEP,-1,2024-03-19,2024-03-20,1,RESIDUAL_REVERTED,155.89134216308594,156.98468017578125,-0.007013462053277575,-80.28372577068073,9989.400565426517
MTCH,-1,2024-03-19,2024-03-21,2,RESIDUAL_REVERTED,33.67204284667969,34.80500411987305,-0.03364694201513463,-346.6755728448421,9989.400565426517
FMC,1,2024-03-20,2024-03-21,1,RESIDUAL_REVERTED,57.32499313354492,58.20025634765625,0.015268439929374322,143.62417425085994,10071.25243674646
NDAQ,-1,2024-03-20,2024-03-21,1,RESIDUAL_REVERTED,58.0015754699707,59.19198989868164,-0.02052382920748852,-217.07826173384274,10071.25243674646
ULTA,1,2024-03-18,2024-03-22,4,RESIDUAL_REVERTED,534.3599853515625,522.0,-0.023130447058888004,-240.86254023654942,9986.472087750017
AMCR,1,2024-03-21,2024-03-22,1,RESIDUAL_REVERTED,40.192138671875,40.49729537963867,0.00759244762402278,66.34042419183501,10068.892731176018
VRSN,1,2024-03-21,2024-03-22,1,RESIDUAL_REVERTED,185.96469116210938,188.97010803222656,0.01616122314045798,152.5753666635912,10068.892731176018
F,-1,2024-03-21,2024-03-22,1,RESIDUAL_REVERTED,11.15848445892334,11.115303039550781,0.003869828338384007,28.715696521608802,10068.892731176018
RCL,-1,2024-03-21,2024-03-22,1,RESIDUAL_REVERTED,132.23985290527344,130.9734344482422,0.009576677750378404,86.20754239468643,10068.892731176018
COF,-1,2024-03-21,2024-03-22,1,RESIDUAL_REVERTED,137.59494018554688,138.2025604248047,-0.004416007147053813,-54.75592090316559,10068.892731176018
MU,-1,2024-03-22,2024-03-25,1,RESIDUAL_REVERTED,108.42724609375,109.3497314453125,-0.008507874033477636,-95.89503053918138,10060.186375701907
GS,-1,2024-03-22,2024-03-25,1,RESIDUAL_REVERTED,393.555908203125,386.4046325683594,0.018170926889184535,172.63817044219115,10060.186375701907
ACN,1,2024-03-22,2024-03-26,2,RESIDUAL_REVERTED,334.2869567871094,319.7925720214844,-0.04335910950559685,-446.0428087251191,10060.186375701907
NKE,1,2024-03-25,2024-03-26,1,RESIDUAL_REVERTED,88.34959411621094,88.03966522216797,-0.003507983224408484,-45.18582413632447,10027.41356508505
FDX,-1,2024-03-25,2024-03-26,1,RESIDUAL_REVERTED,215.13934326171875,216.93997192382812,-0.008369592631501499,-94.19496792379657,10027.41356508505
BDX,-1,2024-03-25,2024-03-26,1,RESIDUAL_REVERTED,182.8443603515625,180.5043182373047,0.012797999947925742,118.17161766421181,10027.41356508505
EQIX,1,2024-03-20,2024-03-27,5,RESIDUAL_REVERTED,759.6090087890625,767.2904052734375,0.010112303034188974,91.72138235916188,10071.25243674646
LULU,1,2024-03-25,2024-03-27,2,RESIDUAL_REVERTED,405.0899963378906,387.0799865722656,-0.044459280477029184,-455.6160999182936,10027.41356508505
KIM,1,2024-03-25,2024-03-27,2,RESIDUAL_REVERTED,17.10938835144043,16.984500885009766,-0.007299353072440451,-83.18444876401249,10027.41356508505
EMN,-1,2024-03-26,2024-03-27,1,RESIDUAL_REVERTED,89.53417205810547,89.25521850585938,0.0031156098932266785,20.837989282606067,9934.3866566683
ALL,-1,2024-03-25,2024-03-28,3,RESIDUAL_REVERTED,158.5873260498047,163.83482360839844,-0.033089009628334054,-342.5993855592267,10027.41356508505
KDP,-1,2024-03-26,2024-03-28,2,RESIDUAL_REVERTED,28.076826095581055,28.61832618713379,-0.0192863712482787,-202.0269214560493,9934.3866566683
UPS,1,2024-03-27,2024-03-28,1,RESIDUAL_REVERTED,124.4253158569336,126.9071044921875,0.019946010328858677,187.90530985170471,9923.159034788261
APA,1,2024-03-27,2024-03-28,1,RESIDUAL_REVERTED,29.607473373413086,30.846773147583008,0.04185766743888353,405.22945164111985,9923.159034788261
MKC,-1,2024-03-27,2024-03-28,1,RESIDUAL_REVERTED,72.76693725585938,71.86845397949219,0.012347410929334335,112.47089346561681,9923.15903478826
STX,-1,2024-03-27,2024-03-28,1,RESIDUAL_REVERTED,91.61460876464844,90.56111907958984,0.011499145161061985,104.04707588311949,9923.159034788261
GPN,1,2024-03-28,2024-04-01,1,RESIDUAL_REVERTED,128.6263885498047,129.7436065673828,0.008685760598382553,76.98763865094503,10022.581960320174
CTAS,-1,2024-03-28,2024-04-01,1,RESIDUAL_REVERTED,168.39990234375,167.75640869140625,0.0038212234293949487,28.09659271082336,10022.581960320174
NFLX,1,2024-03-28,2024-04-02,2,RESIDUAL_REVERTED,61.499000549316406,61.099998474121094,-0.0064879440581371295,-75.016020061434,10022.581960320174
V,1,2024-03-28,2024-04-02,2,RESIDUAL_REVERTED,273.2988586425781,272.8180847167969,-0.0017591508730375738,-27.645000149004748,10022.581960320174
GE,1,2024-04-01,2024-04-02,1,RESIDUAL_REVERTED,138.06271362304688,138.44332885742188,0.0027568285772956447,17.554553422438474,10000.02950375329
CCL,1,2024-04-01,2024-04-02,1,RESIDUAL_REVERTED,16.219362258911133,15.589482307434082,-0.03883506277387605,-398.15762713586605,10000.029503753292
COF,-1,2024-04-01,2024-04-02,1,RESIDUAL_REVERTED,143.5550994873047,139.35984802246094,0.029223980756007628,282.193079387622,10000.029503753292
EL,-1,2024-04-01,2024-04-02,1,RESIDUAL_REVERTED,147.3404083251953,147.44552612304688,-0.0007134349568216347,-17.333613785241617,10000.029503753292
BXP,-1,2024-04-01,2024-04-02,1,RESIDUAL_REVERTED,58.29677200317383,55.72760772705078,0.044070437999263024,430.7338447772079,10000.029503753292
INVH,-1,2024-04-01,2024-04-02,1,RESIDUAL_REVERTED,32.31992721557617,31.657184600830078,0.02050569638741928,194.96460876792378,10000.029503753292
HUM,1,2024-04-03,2024-04-04,1,RESIDUAL_REVERTED,296.81024169921875,299.9835510253906,0.010691374084684124,97.35882757159219,10051.470383392143
DHI,1,2024-04-03,2024-04-04,1,RESIDUAL_REVERTED,150.40956115722656,155.75424194335938,0.03553418243502415,346.9407265691347,10051.470383392143
CI,-1,2024-04-03,2024-04-04,1,RESIDUAL_REVERTED,346.8453674316406,346.597900390625,0.0007134794471902461,-3.0739948198104536,10051.470383392145
HD,1,2024-04-02,2024-04-05,3,RESIDUAL_REVERTED,341.786865234375,335.3918762207031,-0.01871045866343224,-198.4907560782133,10075.108571565914
ADSK,1,2024-04-03,2024-04-05,2,RESIDUAL_REVERTED,247.58999633789062,246.0,-0.006421892489229308,-74.56865781312914,10051.470383392145
ELV,-1,2024-04-03,2024-04-05,2,RESIDUAL_REVERTED,477.6876525878906,477.2665100097656,0.0008816275150580477,-1.586819969558667,10051.470383392145
PSX,-1,2024-04-03,2024-04-05,2,RESIDUAL_REVERTED,156.70860290527344,159.17616271972656,-0.015746166890050706,-168.80510803949718,10051.470383392145
GD,-1,2024-04-02,2024-04-08,4,RESIDUAL_REVERTED,278.08349609375,282.0860290527344,-0.014393277613407918,-155.96341172103732,10075.108571565914
DOW,-1,2024-04-03,2024-04-08,3,RESIDUAL_REVERTED,51.27877426147461,51.77101516723633,-0.009599311076581962,-107.18990885813335,10051.470383392145
ABBV,1,2024-04-05,2024-04-08,1,RESIDUAL_REVERTED,154.44432067871094,155.5567169189453,0.007202571356110132,62.08061381911368,10014.665841867234
AAL,1,2024-04-03,2024-04-09,4,RESIDUAL_REVERTED,14.300000190734863,13.960000038146973,-0.023776234129575746,-248.91809050882975,10051.470383392145
CAG,-1,2024-04-05,2024-04-09,2,RESIDUAL_REVERTED,26.238739013671875,26.81119155883789,-0.021817075312488665,-229.01818431599693,10014.665841867234
HPQ,1,2024-04-08,2024-04-09,1,RESIDUAL_REVERTED,26.349822998046875,26.493812561035156,0.005464536251304386,44.46778109830241,9966.323322572789
ACGL,-1,2024-04-08,2024-04-09,1,RESIDUAL_REVERTED,90.1737060546875,89.8218765258789,0.0039016864693929287,28.741427627377096,9966.323322572789
GE,-1,2024-04-08,2024-04-09,1,RESIDUAL_REVERTED,155.13182067871094,153.8116912841797,0.008509726687636388,74.69021804331226,9966.323322572789
LW,1,2024-04-05,2024-04-10,3,RESIDUAL_REVERTED,76.83045959472656,74.7600326538086,-0.02694799630041622,-279.7549063093818,10014.665841867234
J,1,2024-04-08,2024-04-10,2,RESIDUAL_REVERTED,119.7928237915039,116.8773422241211,-0.02433769799480745,-252.4024117823841,9966.323322572789
CF,1,2024-04-09,2024-04-10,1,RESIDUAL_REVERTED,75.55342102050781,75.06233215332031,-0.00649988922479372,-74.40713855249805,9925.399338501804
CPT,-1,2024-04-09,2024-04-11,2,RESIDUAL_REVERTED,94.46714782714844,93.44690704345703,0.01079995328702199,96.93044269884369,9925.399338501804
MAA,-1,2024-04-09,2024-04-11,2,RESIDUAL_REVERTED,119.81929779052734,120.31326293945312,-0.004122584241724958,-51.2602474063816,9925.399338501804
HIG,1,2024-04-10,2024-04-11,1,RESIDUAL_REVERTED,94.42525482177734,94.6168441772461,0.002029005437479192,10.236688658970301,9957.956157809047
HII,1,2024-04-10,2024-04-11,1,RESIDUAL_REVERTED,259.3278503417969,261.074951171875,0.006737035099683375,57.09560044838065,9957.956157809047
RVTY,-1,2024-04-10,2024-04-11,1,RESIDUAL_REVERTED,107.29348754882812,108.64432525634766,-0.012590118360210623,-135.58984774991106,9957.956157809047
ADI,-1,2024-04-10,2024-04-11,1,RESIDUAL_REVERTED,193.02789306640625,190.6967010498047,0.012076969704060248,110.17052451917263,9957.956157809047
VICI,1,2024-04-11,2024-04-12,1,RESIDUAL_REVERTED,24.29511833190918,24.243505477905273,-0.002124412538304754,-31.245215154631595,10003.749766446357
DHI,1,2024-04-11,2024-04-12,1,RESIDUAL_REVERTED,145.27911376953125,145.52249145507812,0.0016752420856103178,6.746573504906727,10003.749766446357
PSA,1,2024-04-11,2024-04-12,1,RESIDUAL_REVERTED,250.6183624267578,248.31015014648438,-0.00921006847991035,-102.09290256110233,10003.749766446357
CSCO,-1,2024-04-10,2024-04-15,3,RESIDUAL_REVERTED,47.017906188964844,47.00845718383789,0.00020096609766029339,-8.540692341704261,9957.956157809047
GL,1,2024-04-12,2024-04-15,1,RESIDUAL_REVERTED,58.58369064331055,57.90715789794922,-0.011548141435479553,-124.81277190724826,9951.292947925776
FAST,1,2024-04-12,2024-04-15,1,RESIDUAL_REVERTED,32.94373321533203,33.782249450683594,0.02545298159958742,243.21213830958504,9951.292947925776
IT,-1,2024-04-12,2024-04-15,1,RESIDUAL_REVERTED,469.9599914550781,470.3699951171875,-0.0008724224818370541,-18.83291699678801,9951.292947925776
DAL,-1,2024-04-12,2024-04-15,1,RESIDUAL_REVERTED,45.493717193603516,45.96042251586914,-0.010258676385565657,-112.28717214794942,9951.292947925776
AAPL,-1,2024-04-12,2024-04-16,2,RESIDUAL_REVERTED,172.38075256347656,169.89784240722656,0.01440363914953735,133.05949876783055,9951.292947925776
JPM,1,2024-04-15,2024-04-16,1,RESIDUAL_REVERTED,176.08489990234375,174.55787658691406,-0.00867208554666854,-96.22053352920557,9952.733414373002
ZTS,1,2024-04-15,2024-04-16,1,RESIDUAL_REVERTED,145.72698974609375,144.83982849121094,-0.006087830788439108,-70.51299504506459,9952.733414373002
ANET,1,2024-04-15,2024-04-17,2,RESIDUAL_REVERTED,68.82499694824219,65.71749877929688,-0.04515072003972942,-459.1011268967772,9952.733414373002
CRM,1,2024-04-16,2024-04-17,1,RESIDUAL_REVERTED,269.98480224609375,272.8931579589844,0.010772294176172315,96.3560736602771,9865.56578329036
MTB,-1,2024-04-16,2024-04-17,1,RESIDUAL_REVERTED,130.27891540527344,128.82901000976562,0.011129240606566504,99.79372453490762,9865.56578329036
GS,-1,2024-04-16,2024-04-17,1,RESIDUAL_REVERTED,384.10638427734375,382.1594543457031,0.005068725778415661,39.97321280622521,9865.56578329036
CNC,-1,2024-04-16,2024-04-17,1,RESIDUAL_REVERTED,73.94000244140625,72.47000122070312,0.019881000435021945,186.17852270735247,9865.56578329036
MOH,1,2024-04-16,2024-04-18,2,RESIDUAL_REVERTED,368.8900146484375,362.489990234375,-0.017349410826860923,-180.94173872011032,9865.56578329036
LYV,1,2024-04-17,2024-04-18,1,RESIDUAL_REVERTED,92.75,91.36000061035156,-0.014986516330441346,-158.2602916732703,9904.253279905095
BAC,1,2024-04-17,2024-04-18,1,RESIDUAL_REVERTED,32.95969772338867,33.5737419128418,0.01863015233350862,174.5212352007011,9904.253279905095
TRV,1,2024-04-18,2024-04-19,1,RESIDUAL_REVERTED,200.1291046142578,203.2393035888672,0.015540962822994553,143.3958461599614,9866.782382675146
NKE,-1,2024-04-12,2024-04-22,6,RESIDUAL_REVERTED,86.41487121582031,88.87554168701172,-0.028475081158726878,-294.6662908067118,9951.292947925776
UNH,-1,2024-04-17,2024-04-22,3,RESIDUAL_REVERTED,452.75787353515625,470.9023132324219,-0.04007537087227875,-407.62427135853255,9904.253279905095
UAL,-1,2024-04-18,2024-04-22,2,RESIDUAL_REVERTED,49.220001220703125,51.86000061035156,-0.053636719304630764,-539.7621110000038,9866.782382675146
ED,-1,2024-04-18,2024-04-22,2,RESIDUAL_REVERTED,83.38957214355469,84.12541198730469,-0.008824123026836661,-97.37047100484769,9866.782382675146
SNA,1,2024-04-19,2024-04-22,1,RESIDUAL_REVERTED,245.4252471923828,251.6708526611328,0.025448096885705596,238.90940923558347,9777.1951681154
EFX,1,2024-04-19,2024-04-22,1,RESIDUAL_REVERTED,212.05581665039062,215.73641967773438,0.017356765239841643,159.83843582835993,9777.1951681154
PLD,1,2024-04-18,2024-04-23,3,RESIDUAL_REVERTED,97.53692626953125,96.22979736328125,-0.013401374804839716,-142.0291169862797,9866.782382675146
SO,-1,2024-04-18,2024-04-23,3,RESIDUAL_REVERTED,64.43624114990234,67.170166015625,-0.04242837286803458,-429.31086978016475,9866.782382675146
LVS,1,2024-04-19,2024-04-23,2,RESIDUAL_REVERTED,43.951026916503906,44.53957748413086,0.01339105383692285,121.0842882287856,9777.1951681154
NFLX,1,2024-04-22,2024-04-24,2,RESIDUAL_REVERTED,55.066001892089844,57.430999755859375,0.04294842157605894,408.4152412441386,9741.115604863691
VZ,1,2024-04-23,2024-04-24,1,RESIDUAL_REVERTED,33.579402923583984,34.08857727050781,0.015163293644099296,138.44230059879237,9779.960246819195
CAH,1,2024-04-23,2024-04-24,1,RESIDUAL_REVERTED,99.5252685546875,100.0196533203125,0.004967429606616447,38.77701320272083,9779.960246819195
T,-1,2024-04-23,2024-04-24,1,RESIDUAL_REVERTED,14.720117568969727,15.187422752380371,-0.031746022490726,-320.60550404970957,9779.960246819195
F,-1,2024-04-23,2024-04-24,1,RESIDUAL_REVERTED,11.270761489868164,11.175758361816406,0.008429166754807205,72.50576280968968,9779.960246819195
C,-1,2024-04-23,2024-04-25,2,RESIDUAL_REVERTED,56.98426818847656,57.693302154541016,-0.012442626510869692,-131.92675797760447,9779.960246819195
LKQ,1,2024-04-24,2024-04-25,1,RESIDUAL_REVERTED,37.9660530090332,39.63982009887695,0.044085886132158913,423.07866486517344,9824.45210492336
MSCI,1,2024-04-24,2024-04-25,1,RESIDUAL_REVERTED,438.0382385253906,451.9586486816406,0.0317789839606506,302.23054820668324,9824.45210492336
DHR,-1,2024-04-24,2024-04-25,1,RESIDUAL_REVERTED,245.6462860107422,246.53407287597656,-0.003614086252440085,-45.54463241372214,9824.45210492336
TDY,1,2024-04-25,2024-04-26,1,RESIDUAL_REVERTED,365.44000244140625,372.9599914550781,0.020577903249323626,192.61052775601325,9843.332192962449
FTV,1,2024-04-25,2024-04-26,1,RESIDUAL_REVERTED,56.49919891357422,56.66318130493164,0.0029023843613829037,18.71151666107864,9843.332192962449
OTIS,1,2024-04-25,2024-04-26,1,RESIDUAL_REVERTED,89.38137817382812,88.7704849243164,-0.006834681473848581,-77.08573435305034,9843.332192962449
WAB,-1,2024-04-25,2024-04-26,1,RESIDUAL_REVERTED,160.4871826171875,161.08004760742188,-0.003694157879564397,-46.42055485720313,9843.332192962449
HAS,-1,2024-04-25,2024-04-26,1,RESIDUAL_REVERTED,59.119834899902344,58.73777389526367,0.0064624842962696105,53.60560960550382,9843.332192962449
TXT,1,2024-04-26,2024-04-29,1,RESIDUAL_REVERTED,84.3072280883789,85.9333267211914,0.019287772468427722,180.48324234193885,9874.27359044645
TYL,-1,2024-04-26,2024-04-29,1,RESIDUAL_REVERTED,459.0,458.30999755859375,0.00150327329282407,4.780219231203877,9874.27359044645
MCK,-1,2024-04-23,2024-04-30,5,RESIDUAL_REVERTED,523.0538330078125,530.4639892578125,-0.014167100559015156,-149.38904409913573,9779.960246819195
IBM,1,2024-04-26,2024-04-30,2,RESIDUAL_REVERTED,155.8464813232422,154.90675354003906,-0.0060298299661577515,-69.38469428476537,9874.27359044645
CINF,1,2024-04-29,2024-04-30,1,RESIDUAL_REVERTED,104.95838165283203,106.60881805419922,0.01572467463176297,145.1020512242669,9859.611464842565
FTNT,1,2024-04-29,2024-04-30,1,RESIDUAL_REVERTED,64.3499984741211,63.790000915527344,-0.008702370969269846,-95.61870704647863,9859.611464842565
RMD,-1,2024-04-29,2024-04-30,1,RESIDUAL_REVERTED,209.0764923095703,209.97488403320312,-0.004296952343655125,-52.445516536943806,9859.611464842565
CARR,-1,2024-04-26,2024-05-01,3,RESIDUAL_REVERTED,57.63658142089844,59.23222351074219,-0.02768453732866938,-283.9828007077396,9874.27359044645
AON,1,2024-04-29,2024-05-01,2,RESIDUAL_REVERTED,276.4539794921875,277.040771484375,0.0021225666321220693,11.057606994970833,9859.611464842565
BALL,-1,2024-04-29,2024-05-01,2,RESIDUAL_REVERTED,67.86959075927734,67.22230529785156,0.009537194112774317,83.82976380440506,9859.611464842565
BEN,1,2024-04-30,2024-05-01,1,RESIDUAL_REVERTED,20.250932693481445,20.136423110961914,-0.0056545337566793474,-65.40737455667934,9833.172082527735
TSLA,-1,2024-04-30,2024-05-01,1,RESIDUAL_REVERTED,186.97999572753906,182.0,0.026633842343197767,252.00168858290328,9833.172082527735
GEHC,1,2024-05-01,2024-05-02,1,RESIDUAL_REVERTED,76.21526336669922,78.87464141845703,0.034892985135570376,334.5799082095657,9876.740610253823
FFIV,1,2024-05-01,2024-05-02,1,RESIDUAL_REVERTED,164.5500030517578,167.52999877929688,0.01810997066102593,168.9013083266672,9876.740610253823
TAP,1,2024-05-01,2024-05-02,1,RESIDUAL_REVERTED,51.7467155456543,52.01069641113281,0.005101403300574958,40.483303919243966,9876.740610253823
GLW,-1,2024-05-01,2024-05-03,2,RESIDUAL_REVERTED,31.969009399414062,32.29425048828125,-0.010173636749380988,-110.80251857150844,9876.740610253823
CDW,1,2024-05-02,2024-05-03,1,RESIDUAL_REVERTED,208.37376403808594,211.46905517578125,0.014854514684149889,137.08415848878727,9899.855057128816
GRMN,-1,2024-05-02,2024-05-03,1,RESIDUAL_REVERTED,157.4907989501953,159.20970153808594,-0.010914304831447286,-118.20193460886203,9899.855057128816
VRSK,-1,2024-05-02,2024-05-03,1,RESIDUAL_REVERTED,229.59219360351562,229.8571014404297,-0.0011538190073288046,-21.52443153732343,9899.855057128816
LDOS,-1,2024-05-01,2024-05-06,3,RESIDUAL_REVERTED,135.9725341796875,138.59054565429688,-0.01925397279975427,-200.73658574783042,9876.740610253823
CVS,1,2024-05-02,2024-05-06,2,RESIDUAL_REVERTED,51.67657470703125,51.31000900268555,-0.007093459781803757,-80.08896663871181,9899.855057128816
HII,1,2024-05-03,2024-05-06,1,RESIDUAL_REVERTED,233.8812255859375,234.5269012451172,0.0027606989725750264,17.367487729008218,9871.712548871334
AME,1,2024-05-03,2024-05-06,1,RESIDUAL_REVERTED,161.1050567626953,164.3527374267578,0.02015877545573419,189.03042326906203,9871.712548871334
PAYC,1,2024-05-03,2024-05-06,1,RESIDUAL_REVERTED,169.32701110839844,169.013427734375,-0.0018519394629997743,-28.14438567849753,9871.712548871334
TECH,-1,2024-05-02,2024-05-07,3,RESIDUAL_REVERTED,73.48127746582031,75.86979675292969,-0.032505141030249485,-332.46098993837245,9899.855057128816
EXPE,1,2024-05-06,2024-05-07,1,RESIDUAL_REVERTED,114.20671844482422,114.04888916015625,-0.001381961471419224,-23.505077961915234,9870.813943177252
AMGN,-1,2024-05-06,2024-05-07,1,RESIDUAL_REVERTED,288.6279602050781,280.1514587402344,0.029368261684768693,279.9741096414432,9870.813943177252
MSI,-1,2024-05-06,2024-05-07,1,RESIDUAL_REVERTED,346.0598449707031,344.5110778808594,0.0044754313808782475,34.13467334516327,9870.813943177252
PANW,-1,2024-05-06,2024-05-08,2,RESIDUAL_REVERTED,149.4949951171875,151.4499969482422,-0.013077373122238445,-139.4166843826121,9870.813943177254
TSN,1,2024-05-07,2024-05-08,1,RESIDUAL_REVERTED,53.92313766479492,54.106895446777344,0.003407772432025835,23.916667601649415,9940.143909574159
TMUS,1,2024-05-07,2024-05-08,1,RESIDUAL_REVERTED,156.03846740722656,155.7987518310547,-0.0015362594887982084,-25.203148990476198,9940.143909574159
BF-B,1,2024-05-07,2024-05-08,1,RESIDUAL_REVERTED,44.04826736450195,43.99238967895508,-0.0012685558113894047,-22.543466418450592,9940.143909574159
PWR,-1,2024-05-07,2024-05-08,1,RESIDUAL_REVERTED,269.95343017578125,265.1851501464844,0.01766334299287098,165.5293160351701,9940.143909574159
FAST,1,2024-05-07,2024-05-09,2,RESIDUAL_REVERTED,31.92963981628418,31.943925857543945,0.000447422562295241,-5.494922974297979,9940.143909574159
BLDR,1,2024-05-08,2024-05-09,1,RESIDUAL_REVERTED,162.00999450683594,163.0800018310547,0.006604576016904895,55.43031797613955,9896.02020165151
FIS,-1,2024-05-08,2024-05-09,1,RESIDUAL_REVERTED,69.7560043334961,69.49417877197266,0.0037534483808974173,27.071850899497857,9896.02020165151
KVUE,-1,2024-05-08,2024-05-10,2,RESIDUAL_REVERTED,18.072792053222656,18.53181266784668,-0.025398433915039265,-261.7659222961082,9896.02020165151
IFF,-1,2024-05-08,2024-05-10,2,RESIDUAL_REVERTED,90.48624420166016,92.4328842163086,-0.021513104359930146,-223.29692642034306,9896.02020165151
BR,1,2024-05-09,2024-05-10,1,RESIDUAL_REVERTED,183.2019805908203,185.29336547851562,0.011415732957420266,102.88696690938134,9883.450425005132
UBER,1,2024-05-09,2024-05-10,1,RESIDUAL_REVERTED,66.80999755859375,67.81999969482422,0.015117529907775706,139.45520028833332,9883.450425005132
MTCH,1,2024-05-09,2024-05-10,1,RESIDUAL_REVERTED,28.9289608001709,29.351425170898438,0.014603510082707327,134.37745097452802,9883.450425005132
HPQ,-1,2024-05-09,2024-05-10,1,RESIDUAL_REVERTED,26.44881820678711,26.853782653808594,-0.015311249215572253,-161.48492199087528,9883.450425005132
EMR,-1,2024-05-09,2024-05-13,2,RESIDUAL_REVERTED,109.6987533569336,110.73446655273438,-0.0094414308650419,-103.64026750988113,9883.450425005132
EPAM,1,2024-05-10,2024-05-13,1,RESIDUAL_REVERTED,182.97999572753906,185.0,0.011039481471344814,99.26798401847881,9893.199384611522
CPAY,1,2024-05-10,2024-05-13,1,RESIDUAL_REVERTED,285.3299865722656,284.17999267578125,-0.0040303997147286275,-49.74681058811423,9893.199384611522
EQIX,-1,2024-05-10,2024-05-13,1,RESIDUAL_REVERTED,721.2491455078125,721.1639404296875,0.00011813543025418483,-8.919430562046506,9893.199384611522
AKAM,1,2024-05-13,2024-05-14,1,RESIDUAL_REVERTED,91.47000122070312,94.30000305175781,0.03093912532291676,295.6378124734942,9879.735779682402
MTD,-1,2024-05-13,2024-05-14,1,RESIDUAL_REVERTED,1505.010009765625,1467.8900146484375,0.024664284540518278,233.72833939080573,9879.735779682402
CBRE,-1,2024-05-13,2024-05-14,1,RESIDUAL_REVERTED,90.76000213623047,89.0,0.01939182563690023,181.6118247247418,9879.735779682402
PODD,1,2024-05-13,2024-05-15,2,RESIDUAL_REVERTED,166.0,174.25,0.04969879518072284,480.8857236919358,9879.735779682402
ATO,1,2024-05-13,2024-05-15,2,RESIDUAL_REVERTED,110.96690368652344,111.75912475585938,0.00713925542677063,60.61895452183428,9879.735779682402
ADM,1,2024-05-14,2024-05-15,1,RESIDUAL_REVERTED,57.8640251159668,56.64191436767578,-0.02112038949661299,-219.04989568908337,9907.35354391041
INCY,-1,2024-05-14,2024-05-15,1,RESIDUAL_REVERTED,57.599998474121094,57.43000030517578,0.00295135717792927,19.15270805727596,9907.35354391041
NDSN,1,2024-05-14,2024-05-16,2,RESIDUAL_REVERTED,265.44122314453125,265.87664794921875,0.0016403812472278734,6.33635750069461,9907.35354391041
KMX,-1,2024-05-14,2024-05-16,2,RESIDUAL_REVERTED,76.19999694824219,74.26000213623047,0.02545925052109166,242.06531781535182,9907.35354391041
ORCL,-1,2024-05-15,2024-05-16,1,RESIDUAL_REVERTED,117.25432586669922,118.98138427734375,-0.014729165835706048,-156.43677479027818,9928.325159860116
BG,1,2024-05-15,2024-05-17,2,RESIDUAL_REVERTED,96.108154296875,97.27236938476562,0.01211359323678618,110.27923350298063,9928.325159860116
BF-B,1,2024-05-16,2024-05-17,1,RESIDUAL_REVERTED,44.46733474731445,45.407894134521484,0.02115169241763093,199.4789270993295,9904.06497037835
DHI,-1,2024-05-16,2024-05-17,1,RESIDUAL_REVERTED,152.75611877441406,148.59039306640625,0.02727043434613341,260.1296640066786,9904.06497037835
GEN,-1,2024-05-13,2024-05-20,5,RESIDUAL_REVERTED,22.389995574951172,24.02566909790039,-0.0730537671378162,-733.0299296600682,9879.735779682402
COO,-1,2024-05-15,2024-05-20,3,RESIDUAL_REVERTED,96.55000305175781,97.29000091552734,-0.007664400211078615,-86.6590610816747,9928.325159860116
FOX,1,2024-05-16,2024-05-20,2,RESIDUAL_REVERTED,29.82529640197754,29.58210563659668,-0.008153842365996922,-90.61987142915964,9904.06497037835
AMZN,1,2024-05-16,2024-05-20,2,RESIDUAL_REVERTED,185.60000610351562,184.33999633789062,-0.006788845496708884,-77.10761326020734,9904.06497037835
MLM,1,2024-05-17,2024-05-20,1,RESIDUAL_REVERTED,575.2941284179688,572.6024780273438,-0.004678737810216993,-56.425318402055645,9940.337871880385
WMT,-1,2024-05-17,2024-05-21,2,RESIDUAL_REVERTED,62.909183502197266,63.193172454833984,-0.004514268614324024,-55.23166224240305,9940.337871880385
CB,-1,2024-05-17,2024-05-21,2,RESIDUAL_REVERTED,260.6600646972656,258.2815856933594,0.009124830866088507,80.41178798003037,9940.337871880385
LRCX,1,2024-05-20,2024-05-21,1,RESIDUAL_REVERTED,89.62384033203125,95.23715209960938,0.06263190404229912,611.6379466659297,9929.092653621272
EBAY,1,2024-05-20,2024-05-21,1,RESIDUAL_REVERTED,49.521121978759766,49.2131233215332,-0.006219541175958576,-71.6526160524268,9929.092653621272
VLO,-1,2024-05-20,2024-05-21,1,RESIDUAL_REVERTED,155.27322387695312,152.67288208007812,0.016746878386035502,156.24098401310084,9929.092653621272
JPM,1,2024-05-21,2024-05-22,1,RESIDUAL_REVERTED,188.01478576660156,189.92356872558594,0.010152302390482815,91.49802129778497,10002.816034526297
TJX,1,2024-05-21,2024-05-22,1,RESIDUAL_REVERTED,95.6727523803711,99.27021026611328,0.03760169741369612,365.93198434969156,10002.816034526297
JBL,-1,2024-05-21,2024-05-22,1,RESIDUAL_REVERTED,117.63423156738281,117.61432647705078,0.0001692117172595875,-8.507340445397736,10002.816034526297
FSLR,-1,2024-05-22,2024-05-22,0,STOP_LOSS,213.3300018310547,241.3105521075107,-0.13116087768383844,-1322.3430691984943,10000.593587492282
WST,1,2024-05-21,2024-05-23,2,RESIDUAL_REVERTED,339.8954162597656,332.9930114746094,-0.0203074370967129,-213.03280766695502,10002.816034526297
CCL,-1,2024-05-21,2024-05-23,2,RESIDUAL_REVERTED,15.707585334777832,15.402486801147461,0.019423643235275567,183.9893928716746,10002.816034526297
NDSN,1,2024-05-22,2024-05-23,1,RESIDUAL_REVERTED,235.41867065429688,236.20457458496094,0.0033383245622780056,23.367941009387323,10000.593587492282
KEYS,1,2024-05-22,2024-05-23,1,RESIDUAL_REVERTED,147.1699981689453,148.83999633789062,0.011347409048875656,103.42349216826166,10000.593587492282
C,-1,2024-05-22,2024-05-23,1,RESIDUAL_REVERTED,60.50006103515625,60.0389518737793,0.0076216313419751325,66.06138049300378,10000.593587492282
HPQ,-1,2024-05-22,2024-05-24,2,RESIDUAL_REVERTED,29.481565475463867,29.499561309814453,-0.0006104097275825282,-16.505802346571336,10000.593587492282
TGT,1,2024-05-23,2024-05-24,1,RESIDUAL_REVERTED,130.84400939941406,133.04766845703125,0.016841879637685908,157.30188160123163,9934.77701889739
LULU,1,2024-05-23,2024-05-24,1,RESIDUAL_REVERTED,299.6499938964844,301.5299987792969,0.006274002740216833,52.364875811988036,9934.777018897388
ADI,-1,2024-05-23,2024-05-24,1,RESIDUAL_REVERTED,232.04193115234375,227.65887451171875,0.018889071552103953,177.62581954111715,9934.777018897388
FSLR,-1,2024-05-23,2024-05-24,1,RESIDUAL_REVERTED,245.0,253.8800048828125,-0.036244917889030503,-370.4009854539117,9934.777018897388
MDT,1,2024-05-24,2024-05-28,1,RESIDUAL_REVERTED,74.63838195800781,75.68898010253906,0.01407584297744191,130.36457190002957,9975.24803085537
BA,1,2024-05-24,2024-05-28,1,RESIDUAL_REVERTED,173.1999969482422,174.72999572753906,0.008833711352512763,78.09915451255583,9975.24803085537
LYV,1,2024-05-24,2024-05-28,1,RESIDUAL_REVERTED,94.25,95.55999755859375,0.013899178340517349,128.60317946521096,9975.24803085537
RL,-1,2024-05-24,2024-05-28,1,TRAILING_STOP,163.09335327148438,171.91401967833826,-0.05408354313600405,-549.945404872926,9975.24803085537
INTU,1,2024-05-28,2024-05-29,1,RESIDUAL_REVERTED,593.2070922851562,582.0411987304688,-0.018822926596636202,-197.0581864476459,9945.644935869004
ROST,-1,2024-05-28,2024-05-29,1,RESIDUAL_REVERTED,137.87521362304688,133.2104034423828,0.03383356629580814,326.52699065443545,9945.644935869004
CTAS,1,2024-05-28,2024-05-30,2,RESIDUAL_REVERTED,166.71241760253906,162.5963897705078,-0.02468938961610112,-255.37477178953984,9945.644935869004
DECK,-1,2024-05-28,2024-05-30,2,RESIDUAL_REVERTED,173.3333282470703,177.0016632080078,-0.02116347154950282,-220.94208426078828,9945.644935869004
PNR,1,2024-05-29,2024-05-30,1,RESIDUAL_REVERTED,76.06720733642578,76.78878784179688,0.009486091715970701,83.21351053538976,9811.353567932485
JKHY,1,2024-05-29,2024-05-30,1,RESIDUAL_REVERTED,156.12428283691406,156.53128051757812,0.0026068826275360557,15.752905077339276,9811.353567932485
MRK,1,2024-05-29,2024-05-30,1,RESIDUAL_REVERTED,116.6819076538086,116.53392791748047,-0.0012682320618820908,-22.248205196663022,9811.353567932485
NVDA,-1,2024-05-24,2024-05-31,4,RESIDUAL_REVERTED,104.15202331542969,112.2000732421875,-0.07727214191877851,-782.0139864106678,9975.24803085537
NWSA,-1,2024-05-28,2024-05-31,3,RESIDUAL_REVERTED,26.28059959411621,26.319866180419922,-0.001494128250882909,-25.40418840332108,9945.644935869004
RL,-1,2024-05-29,2024-05-31,2,RESIDUAL_REVERTED,174.54867553710938,180.12158203125,-0.031927520945043364,-323.61819114095067,9811.353567932485
AAL,1,2024-05-30,2024-06-03,2,RESIDUAL_REVERTED,11.760000228881836,11.600000381469727,-0.01360542893691108,-142.91421847431974,9789.566243885098
CRM,1,2024-05-31,2024-06-03,1,RESIDUAL_REVERTED,215.28634643554688,230.5256805419922,0.07078634738691014,680.4732792930396,9755.755845474878
NOW,1,2024-05-31,2024-06-03,1,RESIDUAL_REVERTED,130.35800170898438,131.9600067138672,0.01228927249482692,110.07544056157671,9755.755845474878
HPQ,-1,2024-05-31,2024-06-03,1,RESIDUAL_REVERTED,33.82820510864258,32.8472900390625,0.02899695879310693,273.08498430635467,9755.755845474878
UHS,-1,2024-05-30,2024-06-04,3,RESIDUAL_REVERTED,178.4408721923828,184.10693359375,-0.03175315908150478,-321.4005231422607,9789.566243885098
HRL,1,2024-05-31,2024-06-04,2,RESIDUAL_REVERTED,27.835216522216797,27.89866828918457,0.0022795499692676024,12.471857725789722,9755.755845474878
A,1,2024-05-31,2024-06-04,2,RESIDUAL_REVERTED,128.72616577148438,128.9619903564453,0.0018319863995606145,8.10771997485536,9755.755845474878
TMUS,-1,2024-06-03,2024-06-04,1,RESIDUAL_REVERTED,167.94338989257812,166.57676696777344,0.008137402285846584,69.97021256246755,9824.805423204938
CZR,-1,2024-06-03,2024-06-05,2,RESIDUAL_REVERTED,35.79999923706055,35.540000915527344,0.007262523102627649,61.17643337916987,9824.805423204938
COO,-1,2024-06-03,2024-06-05,2,RESIDUAL_REVERTED,94.33000183105469,94.94999694824219,-0.006572618521707652,-74.82294534407258,9824.805423204938
WM,1,2024-06-04,2024-06-05,1,RESIDUAL_REVERTED,194.4957275390625,195.8529510498047,0.006978166193751578,58.940351965659524,9865.027159467985
TSCO,1,2024-06-04,2024-06-05,1,RESIDUAL_REVERTED,50.792938232421875,51.65788650512695,0.017028908009754984,158.0416175328405,9865.027159467985
BBWI,1,2024-06-05,2024-06-06,1,RESIDUAL_REVERTED,41.886226654052734,43.818302154541016,0.04612674988477017,445.16465216409244,9869.806364211378
MKC,1,2024-06-05,2024-06-06,1,RESIDUAL_REVERTED,64.59587097167969,64.53939819335938,-0.000874247494008884,-18.494145517736023,9869.806364211378
HON,-1,2024-06-05,2024-06-06,1,RESIDUAL_REVERTED,196.41128540039062,197.5825653076172,-0.005963404316808418,-68.95397256989202,9869.806364211378
HAL,1,2024-06-04,2024-06-07,3,RESIDUAL_REVERTED,32.36919021606445,31.878807067871094,-0.015149688482166246,-159.24238944935013,9865.027159467985
TMUS,-1,2024-06-05,2024-06-07,2,RESIDUAL_REVERTED,172.2935791015625,172.7747802734375,-0.0027929141317062367,-37.84295757140899,9869.806364211378
BF-B,1,2024-06-06,2024-06-07,1,RESIDUAL_REVERTED,40.18356704711914,40.67414093017578,0.012208320940781503,110.43440623750205,9858.263627927703
CSCO,1,2024-06-06,2024-06-07,1,RESIDUAL_REVERTED,43.43460464477539,43.44405746459961,0.00021763338014757494,-7.713849135813151,9858.263627927703
SNPS,-1,2024-06-06,2024-06-07,1,RESIDUAL_REVERTED,590.72998046875,577.75,0.021972780962378535,206.67349925164353,9858.263627927703
ETN,1,2024-06-07,2024-06-10,1,RESIDUAL_REVERTED,305.0386657714844,305.0191650390625,-6.39287231752883e-05,-10.552008730933522,9918.263819789443
XYL,1,2024-06-07,2024-06-10,1,RESIDUAL_REVERTED,132.6454315185547,133.092529296875,0.00337062327139237,23.49575165757962,9918.263819789443
SJM,-1,2024-06-07,2024-06-10,1,RESIDUAL_REVERTED,105.0775375366211,104.6933364868164,0.003656357569959079,26.167608138794797,9918.263819789443
SHW,1,2024-06-10,2024-06-11,1,RESIDUAL_REVERTED,285.1405334472656,287.4247741699219,0.008010929540744227,69.22085509252118,9878.921812478915
ENPH,1,2024-06-10,2024-06-11,1,RESIDUAL_REVERTED,123.2300033569336,129.38999938964844,0.04998779408349541,483.6996747620038,9878.921812478917
ABT,-1,2024-06-10,2024-06-11,1,RESIDUAL_REVERTED,102.67015075683594,102.37443542480469,0.002880246399283304,18.393278631993642,9878.921812478917
ADSK,-1,2024-06-04,2024-06-12,6,RESIDUAL_REVERTED,211.0,219.44000244140625,-0.04000001157064581,-405.86010716612816,9865.027159467985
HPE,-1,2024-06-06,2024-06-12,4,RESIDUAL_REVERTED,18.280973434448242,19.696640014648438,-0.07743934343958658,-774.4730598880043,9858.263627927703
APD,-1,2024-06-10,2024-06-12,2,RESIDUAL_REVERTED,265.19219970703125,266.7779235839844,-0.005979526843945315,-69.37260748826195,9878.921812478917
LUV,-1,2024-06-11,2024-06-12,1,RESIDUAL_REVERTED,27.98909568786621,26.81260108947754,0.04203403395053962,405.4268180560632,9879.739517139637
CTVA,1,2024-06-10,2024-06-13,3,RESIDUAL_REVERTED,51.4835205078125,50.48632049560547,-0.01936930501976275,-201.1310977398444,9878.921812478917
HBAN,1,2024-06-11,2024-06-13,2,RESIDUAL_REVERTED,11.307232856750488,11.144280433654785,-0.014411344062700504,-152.1888747857817,9879.739517139637
TTWO,1,2024-06-11,2024-06-13,2,RESIDUAL_REVERTED,160.0,158.63999938964844,-0.008500003814697288,-93.81557418924992,9879.739517139637
STT,1,2024-06-12,2024-06-13,1,RESIDUAL_REVERTED,67.69684600830078,67.0514907836914,-0.009533017602182614,-104.58034523025913,9933.306520016682
NEE,1,2024-06-12,2024-06-14,2,RESIDUAL_REVERTED,69.11597442626953,68.15122985839844,-0.013958344302882564,-148.5164927362412,9933.306520016682
AAPL,-1,2024-06-12,2024-06-14,2,RESIDUAL_REVERTED,205.4119415283203,211.83074951171875,-0.03124846557430283,-320.89521931652354,9933.306520016682
ORCL,-1,2024-06-13,2024-06-14,1,RESIDUAL_REVERTED,137.02276611328125,135.8811492919922,0.008331584988915286,71.93204457255706,9832.16628739824
NTRS,-1,2024-06-13,2024-06-14,1,RESIDUAL_REVERTED,78.28329467773438,77.35787200927734,0.011821457850831107,106.26192337757236,9832.16628739824
ALGN,-1,2024-06-13,2024-06-17,2,RESIDUAL_REVERTED,264.1600036621094,251.4199981689453,0.04822836658292895,464.2048437127558,9832.16628739824
LOW,-1,2024-06-13,2024-06-17,2,RESIDUAL_REVERTED,216.17074584960938,212.71728515625,0.01597561538582082,146.93260637547465,9832.16628739824
DHR,1,2024-06-14,2024-06-17,1,RESIDUAL_REVERTED,250.1443328857422,250.81509399414062,0.002681496321185195,16.436589798253326,9782.778489175562
WBD,1,2024-06-14,2024-06-17,1,RESIDUAL_REVERTED,7.289999961853027,7.21999979019165,-0.009602218385140304,-103.67218576795858,9782.778489175562
GNRC,1,2024-06-14,2024-06-17,1,RESIDUAL_REVERTED,134.02999877929688,134.77000427246094,0.005521193015771031,44.20282347596164,9782.778489175562
RTX,1,2024-06-14,2024-06-18,2,RESIDUAL_REVERTED,100.49800109863281,100.47879028320312,-0.00019115619434895148,-11.651882175971695,9782.778489175562
PH,1,2024-06-17,2024-06-18,1,RESIDUAL_REVERTED,489.12628173828125,497.0582580566406,0.016216622607499787,149.98515661670083,9861.920349064874
ADBE,-1,2024-06-17,2024-06-18,1,RESIDUAL_REVERTED,525.510009765625,514.7100219726562,0.02055144068099768,192.72293682685898,9861.920349064874
GILD,-1,2024-06-17,2024-06-18,1,RESIDUAL_REVERTED,60.79200744628906,60.247459411621094,0.008957559678368754,78.32676662310949,9861.920349064874
HAS,-1,2024-06-17,2024-06-20,2,RESIDUAL_REVERTED,56.257503509521484,55.825252532958984,0.007683436867925386,65.55838258052734,9861.920349064874
BIO,-1,2024-06-18,2024-06-20,1,RESIDUAL_REVERTED,295.95001220703125,284.0,0.04037848188589244,389.89618281408906,9901.04490717069
EIX,1,2024-06-18,2024-06-21,2,RESIDUAL_REVERTED,63.526336669921875,64.16793823242188,0.010099772726290146,90.04725925638779,9901.04490717069
PCG,1,2024-06-18,2024-06-21,2,RESIDUAL_REVERTED,17.43656349182129,17.613685607910156,0.010158086263497124,90.62433552449625,9901.044907170692
CCI,1,2024-06-18,2024-06-21,2,RESIDUAL_REVERTED,85.66099548339844,86.12316131591797,0.0053952890683963695,43.491244946512296,9901.04490717069
STZ,-1,2024-06-18,2024-06-21,2,RESIDUAL_REVERTED,249.0523223876953,249.4784698486328,-0.0017110760375649292,-27.244213473070705,9901.04490717069
LEN,1,2024-06-20,2024-06-21,1,RESIDUAL_REVERTED,137.31687927246094,139.8682403564453,0.018580098073172957,174.66487588105738,9940.628549417117
PSA,-1,2024-06-20,2024-06-21,1,RESIDUAL_REVERTED,265.1737365722656,267.7728271484375,-0.009801463032382829,-107.62079401273981,9940.628549417117
BALL,1,2024-06-20,2024-06-24,2,RESIDUAL_REVERTED,59.984989166259766,58.80292510986328,-0.019705997664185126,-205.73268652327502,9940.628549417117
OXY,-1,2024-06-20,2024-06-24,2,RESIDUAL_REVERTED,59.22748947143555,58.71097183227539,0.008720910573278062,76.40110929508421,9940.628549417117
ACN,-1,2024-06-21,2024-06-25,2,RESIDUAL_REVERTED,294.10418701171875,295.01422119140625,-0.003094257817047863,-41.144377890549116,9948.7687000978
GILD,-1,2024-06-21,2024-06-25,2,RESIDUAL_REVERTED,67.17633819580078,66.32197570800781,0.012718205706639396,116.25488104997856,9948.7687000978
GS,1,2024-06-24,2024-06-25,1,RESIDUAL_REVERTED,431.14581298828125,438.9899597167969,0.018193721224259773,171.69299492998053,9991.082219590437
MS,1,2024-06-24,2024-06-25,1,RESIDUAL_REVERTED,91.024658203125,91.08112335205078,0.0006203280522050214,-3.796432521177053,9991.082219590437
PKG,1,2024-06-24,2024-06-25,1,RESIDUAL_REVERTED,175.0222625732422,179.7342071533203,0.026921972729648136,258.854071014367,9991.082219590437
OKE,1,2024-06-24,2024-06-25,1,RESIDUAL_REVERTED,71.49592590332031,72.41781616210938,0.01289430477529141,118.77256292521625,9991.082219590437
FDS,-1,2024-06-24,2024-06-25,1,RESIDUAL_REVERTED,411.4580078125,412.0694274902344,-0.0014859831772018328,-25.043751534568756,9991.082219590437
MCD,-1,2024-06-24,2024-06-25,1,RESIDUAL_REVERTED,245.31890869140625,246.3892059326172,-0.0043628811448745974,-53.802073406936444,9991.082219590437
DVN,-1,2024-06-25,2024-06-26,1,RESIDUAL_REVERTED,44.62202072143555,44.43437194824219,0.004205295281556332,32.015993537145484,10043.804966977918
POOL,1,2024-06-26,2024-06-27,1,RESIDUAL_REVERTED,294.14776611328125,297.4715881347656,0.011299837715593286,103.32550163010536,10037.266044716212
PNR,1,2024-06-26,2024-06-27,1,RESIDUAL_REVERTED,71.61102294921875,73.27845001220703,0.023284502780678062,223.55862670931919,10037.266044716212
LOW,1,2024-06-26,2024-06-27,1,RESIDUAL_REVERTED,207.07313537597656,210.0291290283203,0.014275119015205062,133.17425974719723,10037.266044716212
MHK,1,2024-06-26,2024-06-27,1,RESIDUAL_REVERTED,108.52999877929688,106.5,-0.01870449462940671,-197.68538387762325,10037.266044716212
ISRG,-1,2024-06-26,2024-06-27,1,RESIDUAL_REVERTED,441.25,442.1000061035156,-0.0019263594413951868,-29.582059300255292,10037.266044716212
RCL,-1,2024-06-26,2024-06-27,1,RESIDUAL_REVERTED,154.6778106689453,156.24391174316406,-0.010124923978725331,-111.91552965579241,10037.266044716212
MS,-1,2024-06-26,2024-06-27,1,RESIDUAL_REVERTED,91.63631439208984,90.41300201416016,0.013349646218806077,123.82553162571293,10037.266044716212
CCL,-1,2024-06-26,2024-06-28,2,RESIDUAL_REVERTED,17.616901397705078,18.335355758666992,-0.0407821071789336,-419.9942287777134,10037.266044716212
FDX,-1,2024-06-27,2024-06-28,1,RESIDUAL_REVERTED,225.8230438232422,226.4239959716797,-0.0026611639727427416,-36.93900702797246,10030.973037554351
RTX,1,2024-06-25,2024-07-01,4,RESIDUAL_REVERTED,97.4231948852539,96.93315124511719,-0.005030051013148351,-60.53939589131443,10043.804966977918
AJG,-1,2024-06-28,2024-07-01,1,RESIDUAL_REVERTED,253.1089324951172,254.4005126953125,-0.005102862974700528,-61.272133400872654,10003.117137032486
IP,1,2024-06-28,2024-07-02,2,RESIDUAL_REVERTED,38.68506622314453,39.076377868652344,0.01011531538425281,91.13097518734176,10003.117137032486
MU,1,2024-06-28,2024-07-02,2,RESIDUAL_REVERTED,131.87454223632812,128.9852752685547,-0.021909209456027368,-229.05392551116958,10003.117137032486
V,1,2024-06-28,2024-07-02,2,RESIDUAL_REVERTED,262.70458984375,258.8112487792969,-0.014820224750426991,-158.17743709061426,10003.117137032486
MA,1,2024-06-28,2024-07-02,2,RESIDUAL_REVERTED,438.70806884765625,429.1966552734375,-0.021680507493746726,-226.76733685926612,10003.117137032486
MKC,-1,2024-06-28,2024-07-02,2,RESIDUAL_REVERTED,66.62860107421875,65.77220916748047,0.012853217581205612,118.23845131497644,10003.117137032486
UNH,-1,2024-07-01,2024-07-02,1,RESIDUAL_REVERTED,481.4216003417969,469.555908203125,0.02464719516167857,235.30276144943232,9953.521825693215
RF,-1,2024-07-01,2024-07-02,1,RESIDUAL_REVERTED,18.340068817138672,18.121084213256836,0.011940228036505296,108.7576967792741,9953.521825693215
TFC,-1,2024-06-28,2024-07-03,3,RESIDUAL_REVERTED,34.30143356323242,35.85402297973633,-0.04526310580115589,-463.6161923896246,10003.117137032486
FTV,1,2024-07-02,2024-07-03,1,RESIDUAL_REVERTED,53.52372741699219,54.113216400146484,0.011013601099970405,99.98137804866923,9990.051558013405
MSFT,-1,2024-07-02,2024-07-03,1,RESIDUAL_REVERTED,445.3494873046875,450.2529602050781,-0.011010393051235079,-120.24031751468475,9990.051558013405
PKG,1,2024-07-03,2024-07-05,1,RESIDUAL_REVERTED,168.5315399169922,169.5345001220703,0.005951172140076011,49.225279011528116,9948.12523598632
ICE,-1,2024-07-03,2024-07-05,1,RESIDUAL_REVERTED,137.45916748046875,137.37155151367188,0.0006373963148680328,-3.8013140911085146,9948.12523598632
ON,-1,2024-07-03,2024-07-05,1,RESIDUAL_REVERTED,73.36000061035156,73.1500015258789,0.002862582916105194,18.347892959546616,9948.125235986321
EG,1,2024-07-03,2024-07-08,2,RESIDUAL_REVERTED,353.01422119140625,356.5806884765625,0.010102899744717453,90.5065342151225,9948.12523598632
TPR,1,2024-07-03,2024-07-08,2,RESIDUAL_REVERTED,39.1297607421875,38.91824722290039,-0.005405438604153434,-63.695218435445376,9948.12523598632
CF,1,2024-07-03,2024-07-08,2,RESIDUAL_REVERTED,67.3465805053711,66.6524658203125,-0.010306606212964864,-112.42826889587283,9948.12523598632
STZ,1,2024-07-05,2024-07-08,1,RESIDUAL_REVERTED,237.0921173095703,245.56748962402344,0.035747170385200366,343.15391602857807,9880.819585972764
DGX,-1,2024-07-05,2024-07-08,1,RESIDUAL_REVERTED,135.4029998779297,135.3394012451172,0.0004696988461838636,-5.432482369446399,9880.819585972764
MOH,-1,2024-07-05,2024-07-08,1,RESIDUAL_REVERTED,294.19000244140625,293.239990234375,0.0032292470823187536,21.847360428485057,9880.819585972764
TSLA,-1,2024-07-03,2024-07-09,3,RESIDUAL_REVERTED,234.55999755859375,251.0,-0.07008868780917976,-708.17963882877,9948.12523598632
LUV,1,2024-07-08,2024-07-09,1,RESIDUAL_REVERTED,25.835704803466797,26.112585067749023,0.010716961909437606,96.01678861506397,9886.811104071603
BAX,-1,2024-07-08,2024-07-09,1,RESIDUAL_REVERTED,33.672611236572266,32.723541259765625,0.02818522062749451,268.7248498018412,9886.811104071603
META,-1,2024-07-08,2024-07-09,1,RESIDUAL_REVERTED,538.3087158203125,529.7728271484375,0.01585686506834172,146.77395146463581,9886.811104071603
ETSY,1,2024-07-09,2024-07-10,1,RESIDUAL_REVERTED,55.369998931884766,57.2400016784668,0.03377285141151032,326.5415406076388,9968.918355760596
WELL,1,2024-07-09,2024-07-10,1,RESIDUAL_REVERTED,100.19878387451172,101.22807312011719,0.010272472437335534,92.38531796431927,9968.918355760596
EXPD,1,2024-07-09,2024-07-11,2,RESIDUAL_REVERTED,117.57215881347656,118.64686584472656,0.009140829275364304,81.10970030391674,9968.918355760596
CMG,1,2024-07-09,2024-07-11,2,RESIDUAL_REVERTED,59.630001068115234,58.0,-0.02733525136538717,-282.3355560069506,9968.918355760596
GLW,-1,2024-07-09,2024-07-11,2,RESIDUAL_REVERTED,41.977210998535156,44.08811950683594,-0.0502870118830534,-511.93613225838817,9968.918355760596
INTC,-1,2024-07-09,2024-07-11,2,RESIDUAL_REVERTED,34.79924774169922,34.80918502807617,-0.0002855603790838934,-13.209385934568207,9968.918355760596
PFG,-1,2024-07-10,2024-07-11,1,RESIDUAL_REVERTED,74.57745361328125,75.70378875732422,-0.015102890880178688,-160.20013811139185,9931.521588780972
C,-1,2024-07-10,2024-07-11,1,RESIDUAL_REVERTED,62.35393142700195,62.288055419921875,0.001056485221901382,0.3670352105533991,9931.521588780972
BLK,-1,2024-07-10,2024-07-11,1,RESIDUAL_REVERTED,764.626953125,780.086181640625,-0.020218001016631293,-211.0270036800819,9931.521588780972
PTC,1,2024-07-10,2024-07-12,2,RESIDUAL_REVERTED,177.6199951171875,179.77000427246094,0.012104544614219392,110.22491629662271,9931.521588780972
FISV,1,2024-07-11,2024-07-12,1,RESIDUAL_REVERTED,149.24000549316406,151.8800048828125,0.01768962270488106,165.16212285501638,9901.344164476437
MA,1,2024-07-11,2024-07-15,2,RESIDUAL_REVERTED,426.8680419921875,435.09906005859375,0.019282347837500824,180.9243574926477,9901.344164476439
WRB,1,2024-07-12,2024-07-15,1,RESIDUAL_REVERTED,50.044918060302734,50.793846130371094,0.014965117320522303,138.57312610318203,9928.123816638312
ARE,-1,2024-07-12,2024-07-15,1,RESIDUAL_REVERTED,112.47848510742188,112.2914047241211,0.0016632548271086067,6.396520406226069,9928.123816638312
VICI,-1,2024-07-12,2024-07-15,1,RESIDUAL_REVERTED,25.871686935424805,25.78437042236328,0.0033749833661587125,23.40009263455625,9928.123816638312
NVR,-1,2024-07-12,2024-07-15,1,RESIDUAL_REVERTED,8062.0,8080.0,-0.002232696601339512,-32.30268854518695,9928.123816638312
SBAC,-1,2024-07-12,2024-07-16,2,RESIDUAL_REVERTED,200.7477569580078,202.5090789794922,-0.00877380673226047,-97.47438886981317,9928.123816638312
WY,-1,2024-07-12,2024-07-16,2,RESIDUAL_REVERTED,27.18683624267578,27.158916473388672,0.0010269591149882906,-0.12054750018684468,9928.123816638312
WFC,1,2024-07-15,2024-07-16,1,RESIDUAL_REVERTED,54.20354461669922,55.1441535949707,0.017353274309328093,162.2367852464151,9926.018890181826
DAL,1,2024-07-12,2024-07-17,3,RESIDUAL_REVERTED,43.31060791015625,44.15812301635742,0.019568303173191692,184.2512746999327,9928.123816638312
ALGN,1,2024-07-15,2024-07-17,2,RESIDUAL_REVERTED,243.0,245.61000061035156,0.010740743252475538,96.63349511827428,9926.018890181826
AES,1,2024-07-16,2024-07-17,1,RESIDUAL_REVERTED,15.318146705627441,15.558606147766113,0.01569768502415081,145.83237195319825,9927.43350912784
FAST,-1,2024-07-16,2024-07-17,1,RESIDUAL_REVERTED,32.48236083984375,32.963623046875,-0.014816109254008447,-157.28637376774958,9927.43350912784
APA,-1,2024-07-16,2024-07-17,1,RESIDUAL_REVERTED,28.39712142944336,29.080839157104492,-0.02407700827564252,-249.2701047499782,9927.43350912784
CNP,1,2024-07-16,2024-07-18,2,RESIDUAL_REVERTED,26.88446044921875,26.94123649597168,0.0021118536806856714,11.02737084338758,9927.43350912784
AXON,-1,2024-07-16,2024-07-18,2,RESIDUAL_REVERTED,311.0199890136719,318.0,-0.022442322785952262,-233.2370512259428,9927.43350912784
HII,-1,2024-07-17,2024-07-18,1,RESIDUAL_REVERTED,255.93319702148438,254.48251342773438,0.005668211903078091,46.44439504562399,9985.29444262688
STT,-1,2024-07-17,2024-07-19,2,RESIDUAL_REVERTED,80.16358947753906,79.86148071289062,0.00376865315809094,27.268740724644736,9985.29444262688
ELV,1,2024-07-18,2024-07-19,1,RESIDUAL_REVERTED,487.0953063964844,487.853759765625,0.001557094390318925,5.511622699655869,9907.362459260505
APH,1,2024-07-18,2024-07-19,1,RESIDUAL_REVERTED,31.847694396972656,32.71733474731445,0.027306226300151337,260.4900525502556,9907.362459260505
USB,-1,2024-07-18,2024-07-19,1,RESIDUAL_REVERTED,41.204124450683594,41.15812301635742,0.001116427904716888,0.9641169823615855,9907.362459260505
SCHW,1,2024-07-17,2024-07-22,3,RESIDUAL_REVERTED,64.33706665039062,61.11341094970703,-0.050105730157096295,-510.0556030896022,9985.29444262688
JBHT,1,2024-07-18,2024-07-22,2,RESIDUAL_REVERTED,159.50213623046875,161.34132385253906,0.011530802442751176,104.27535686757814,9907.362459260505
UNH,-1,2024-07-18,2024-07-22,2,RESIDUAL_REVERTED,536.28515625,534.90771484375,0.0025684869144650957,15.158909191975587,9907.362459260505
DPZ,1,2024-07-19,2024-07-22,1,RESIDUAL_REVERTED,391.29931640625,387.2454528808594,-0.010360006663497123,-112.33081390992945,9892.781041211709
DHI,-1,2024-07-19,2024-07-22,1,RESIDUAL_REVERTED,169.50680541992188,170.2775115966797,-0.004546756543777342,-55.09172501757457,9892.781041211709
TRV,1,2024-07-22,2024-07-23,1,RESIDUAL_REVERTED,196.03680419921875,198.28453063964844,0.011465839027581248,103.60892581265861,9905.150554137319
WRB,1,2024-07-22,2024-07-23,1,RESIDUAL_REVERTED,49.077964782714844,50.717994689941406,0.033416827989659836,320.92806236901305,9905.150554137319
ISRG,-1,2024-07-22,2024-07-23,1,RESIDUAL_REVERTED,462.3299865722656,459.1000061035156,0.006986309697749049,59.133882632037896,9905.150554137319
SBUX,-1,2024-07-22,2024-07-23,1,RESIDUAL_REVERTED,74.03479766845703,72.9100570678711,0.015192053412812156,140.4576007920371,9905.150554137319
CTAS,-1,2024-07-19,2024-07-24,3,RESIDUAL_REVERTED,186.0054931640625,186.27516174316406,-0.0014497882536388396,-24.833936440964074,9892.781041211709
VZ,1,2024-07-23,2024-07-24,1,RESIDUAL_REVERTED,33.979835510253906,34.418392181396484,0.012906380050316635,118.22361611883713,9934.818718368362
CRWD,1,2024-07-23,2024-07-24,1,RESIDUAL_REVERTED,67.25499725341797,67.5,0.003642892819679444,26.238565315704847,9934.818718368362
BKNG,1,2024-07-23,2024-07-24,1,RESIDUAL_REVERTED,153.4036407470703,152.34349060058594,-0.0069108538840504385,-78.55857020527816,9934.818718368362
IQV,-1,2024-07-23,2024-07-24,1,RESIDUAL_REVERTED,242.0,238.0399932861328,0.016363664106889164,152.52199803973824,9934.818718368362
NXPI,-1,2024-07-23,2024-07-24,1,RESIDUAL_REVERTED,250.41073608398438,250.3914794921875,7.690002472748869e-05,-9.368709669238356,9934.818718368362
UPS,1,2024-07-24,2024-07-25,1,RESIDUAL_REVERTED,110.2311019897461,112.6359634399414,0.02181654185421289,207.94420869240162,9994.610731751665
AOS,1,2024-07-24,2024-07-25,1,RESIDUAL_REVERTED,77.30146789550781,77.57864379882812,0.003585648641174277,25.824633076425883,9994.610731751665
MSCI,-1,2024-07-24,2024-07-25,1,RESIDUAL_REVERTED,529.183837890625,519.879638671875,0.017582168147533328,165.62575675940968,9994.610731751665
BRO,-1,2024-07-24,2024-07-25,1,RESIDUAL_REVERTED,96.42808532714844,96.31006622314453,0.0012239079890833393,2.046674704818992,9994.610731751665
ROP,1,2024-07-25,2024-07-26,1,RESIDUAL_REVERTED,533.2646484375,542.6463623046875,0.017592979198370884,166.43426803185116,10035.723252362677
TDY,-1,2024-07-25,2024-07-26,1,RESIDUAL_REVERTED,415.80999755859375,420.0,-0.010076723662267861,-111.41256564614073,10035.723252362677
TEL,-1,2024-07-25,2024-07-26,1,RESIDUAL_REVERTED,151.6758575439453,151.85997009277344,-0.0012138553347211811,-22.42030788226881,10035.723252362675
LW,1,2024-07-25,2024-07-29,2,RESIDUAL_REVERTED,51.86585998535156,53.43726348876953,0.03029745392945915,293.86911120345405,10035.723252362677
FTV,1,2024-07-25,2024-07-29,2,RESIDUAL_REVERTED,52.36714172363281,52.993934631347656,0.011969202195963646,110.02381773750466,10035.723252362677
EW,1,2024-07-26,2024-07-29,1,RESIDUAL_REVERTED,61.560001373291016,63.959999084472656,0.03898631672582975,378.7311936446696,9975.319451511816
LKQ,1,2024-07-26,2024-07-29,1,RESIDUAL_REVERTED,35.867897033691406,37.01898956298828,0.032092556979731235,309.9981216832083,9975.319451511814
TMO,-1,2024-07-25,2024-07-30,3,RESIDUAL_REVERTED,571.7410278320312,605.1538696289062,-0.058440517944937875,-597.4459285975448,10035.723252362677
TYL,-1,2024-07-26,2024-07-30,2,RESIDUAL_REVERTED,570.9099731445312,579.6799926757812,-0.015361475440594186,-163.69235933873762,9975.319451511816
CBRE,-1,2024-07-26,2024-07-30,2,RESIDUAL_REVERTED,110.0,110.70999908447266,-0.0064545371315696265,-74.7913895396313,9975.319451511816
DXCM,1,2024-07-29,2024-07-30,1,RESIDUAL_REVERTED,65.02999877929688,68.54000091552734,0.05397512228383938,531.0815502481953,10030.222084868565
MMM,-1,2024-07-29,2024-07-30,1,RESIDUAL_REVERTED,122.56507873535156,120.50637817382812,0.016796795488286498,158.33500800405412,10030.222084868565
NSC,-1,2024-07-29,2024-07-30,1,RESIDUAL_REVERTED,236.6549072265625,236.86529541015625,-0.0008890083288757289,-19.150764508146217,10030.222084868565
L,1,2024-07-30,2024-07-31,1,RESIDUAL_REVERTED,78.81121063232422,79.79536437988281,0.012487484200057963,116.458544748958,10143.376508436164
IVZ,1,2024-07-30,2024-07-31,1,RESIDUAL_REVERTED,15.742384910583496,15.778953552246094,0.002322941655302335,13.40731407251714,10143.376508436164
DGX,1,2024-07-30,2024-07-31,1,RESIDUAL_REVERTED,136.7083282470703,137.40243530273438,0.005077284351028055,41.33167990102636,10143.376508436164
ECL,1,2024-07-31,2024-08-01,1,RESIDUAL_REVERTED,228.9948272705078,227.6562042236328,-0.005845647532001674,-69.52654659450981,10160.652307235116
FFIV,-1,2024-07-31,2024-08-01,1,RESIDUAL_REVERTED,203.3300018310547,203.5,-0.0008360702671244002,-18.8618267101044,10160.652307235116
HWM,-1,2024-07-31,2024-08-01,1,RESIDUAL_REVERTED,93.83967590332031,96.09668731689453,-0.024051781848645204,-254.86905577285896,10160.652307235116
IT,-1,2024-07-31,2024-08-01,1,RESIDUAL_REVERTED,499.1099853515625,499.82000732421875,-0.001422576172576795,-24.824621731885568,10160.652307235116
SWK,-1,2024-07-31,2024-08-01,1,RESIDUAL_REVERTED,97.16246795654297,96.10564422607422,0.01087687203397747,100.21106743610137,10160.652307235116
TAP,1,2024-07-30,2024-08-02,3,RESIDUAL_REVERTED,48.65644454956055,48.683982849121094,0.0005659743496566616,-4.405356031211871,10143.376508436164
VRSK,1,2024-08-01,2024-08-02,1,RESIDUAL_REVERTED,256.8285827636719,258.0372619628906,0.004706170887260441,37.43424614355686,10106.935099559845
GRMN,1,2024-08-01,2024-08-02,1,RESIDUAL_REVERTED,165.8859100341797,163.3773193359375,-0.015122385606621491,-162.87148449126292,10106.935099559845
CDW,1,2024-08-01,2024-08-02,1,RESIDUAL_REVERTED,208.324462890625,206.6474609375,-0.008049952126867876,-91.42659862852706,10106.935099559845
PYPL,-1,2024-07-31,2024-08-05,3,RESIDUAL_REVERTED,64.28312683105469,60.030548095703125,0.06615388741944606,661.7432651496408,10160.652307235116
AFL,-1,2024-08-02,2024-08-05,1,RESIDUAL_REVERTED,95.73246002197266,94.69197845458984,0.010868639196611074,99.4928715601893,10096.248166299332
CHRW,-1,2024-08-02,2024-08-05,1,RESIDUAL_REVERTED,97.10216522216797,93.70765686035156,0.03495811194374332,342.8314360950253,10096.248166299332
IRM,-1,2024-08-02,2024-08-05,1,RESIDUAL_REVERTED,102.06876373291016,95.63937377929688,0.0629907693448456,625.997066117338,10096.248166299332
MRNA,1,2024-08-02,2024-08-06,2,RESIDUAL_REVERTED,91.16999816894531,84.91999816894531,-0.0685532535431036,-701.8808432145232,10096.248166299332
LH,-1,2024-08-02,2024-08-06,2,RESIDUAL_REVERTED,227.0592803955078,223.82952880859375,0.014224265933056146,133.18734625154104,10096.248166299332
BKNG,1,2024-08-05,2024-08-06,1,RESIDUAL_REVERTED,125.8404541015625,134.08583068847656,0.06552246370836712,654.4275437848828,10147.783578676375
PRU,1,2024-08-05,2024-08-07,2,RESIDUAL_REVERTED,96.84373474121094,97.4256820678711,0.006009137588665503,50.80115445171765,10147.783578676375
MET,1,2024-08-05,2024-08-07,2,RESIDUAL_REVERTED,64.60303497314453,65.47499084472656,0.01349713480093473,126.74973631198425,10147.783578676375
HSIC,1,2024-08-07,2024-08-08,1,RESIDUAL_REVERTED,64.80999755859375,65.8499984741211,0.016046921072433218,154.26283914609104,10257.589560557713
KVUE,-1,2024-08-07,2024-08-08,1,RESIDUAL_REVERTED,18.621814727783203,18.513813018798828,0.005799741355134391,49.06068746303077,10257.589560557713
TAP,-1,2024-08-07,2024-08-08,1,RESIDUAL_REVERTED,49.491703033447266,47.72938537597656,0.03560834542872171,354.9841767475222,10257.589560557713
INTC,1,2024-08-05,2024-08-09,4,RESIDUAL_REVERTED,20.072668075561523,20.079999923706055,0.0003652652510832688,-6.4430041782308,10147.783578676375
VMC,1,2024-08-07,2024-08-09,2,RESIDUAL_REVERTED,244.36778259277344,242.09613037109375,-0.009296038117533989,-105.56485563774675,10257.589560557713
FOXA,-1,2024-08-07,2024-08-09,2,RESIDUAL_REVERTED,38.20060729980469,38.44435501098633,-0.006380728695454252,-76.14914131674567,10257.589560557713
FOX,-1,2024-08-07,2024-08-09,2,RESIDUAL_REVERTED,35.69113540649414,35.79814529418945,-0.0029982203277243435,-41.4338064083155,10257.589560557713
FIS,-1,2024-08-07,2024-08-09,2,RESIDUAL_REVERTED,73.05950927734375,71.71611022949219,0.018387737080902578,178.05049131533508,10257.589560557713
ABNB,1,2024-08-08,2024-08-12,2,RESIDUAL_REVERTED,113.9800033569336,115.4800033569336,0.013160203156887817,125.01751309680023,10286.439897622611
CRL,1,2024-08-08,2024-08-12,2,RESIDUAL_REVERTED,191.5,199.52000427246094,0.04187991787185874,420.29342057956967,10286.439897622611
PH,-1,2024-08-09,2024-08-12,1,RESIDUAL_REVERTED,559.2603759765625,558.1342163085938,0.0020136589616281952,10.389600377237086,10443.177168437047
MCK,1,2024-08-09,2024-08-13,2,RESIDUAL_REVERTED,543.2439575195312,544.7296142578125,0.0027347874149670215,18.102412389328435,10443.177168437047
CAH,-1,2024-08-09,2024-08-13,2,RESIDUAL_REVERTED,96.46414184570312,98.22776794433594,-0.018282711740221336,-201.88962120726518,10443.177168437047
PODD,1,2024-08-12,2024-08-13,1,RESIDUAL_REVERTED,183.24000549316406,189.0,0.03143415375552805,315.8030467834121,10381.961772712115
WYNN,1,2024-08-12,2024-08-13,1,RESIDUAL_REVERTED,72.32511138916016,72.2664566040039,-0.0008109878302245965,-18.79739660191325,10381.961772712115
AKAM,-1,2024-08-12,2024-08-13,1,RESIDUAL_REVERTED,101.22000122070312,99.87000274658203,0.013337269885795755,127.95164408014206,10381.961772712115
EXPE,-1,2024-08-12,2024-08-13,1,RESIDUAL_REVERTED,126.75279235839844,126.6738510131836,0.0006227976815819103,-4.116261696069638,10381.961772712115
BLK,1,2024-08-13,2024-08-14,1,RESIDUAL_REVERTED,805.368408203125,816.3833618164062,0.013676912951995357,132.3392211173874,10445.023126279739
KHC,1,2024-08-13,2024-08-14,1,RESIDUAL_REVERTED,29.830415725708008,30.277088165283203,0.014973724928353915,145.87767958534695,10445.023126279739
KEY,-1,2024-08-13,2024-08-14,1,RESIDUAL_REVERTED,14.569866180419922,14.289153099060059,0.019266689061091524,190.6945197516291,10445.023126279739
AIZ,-1,2024-08-12,2024-08-15,3,RESIDUAL_REVERTED,172.1149444580078,180.9190216064453,-0.051152310894104325,-542.3442407265388,10381.961772712115
CVS,1,2024-08-14,2024-08-15,1,RESIDUAL_REVERTED,51.78732681274414,52.25996780395508,0.009126576332467273,84.84911473032638,10446.808478085677
BAX,1,2024-08-14,2024-08-15,1,RESIDUAL_REVERTED,33.72102355957031,34.641048431396484,0.027283420688606563,274.4353497475476,10446.808478085677
CMG,1,2024-08-14,2024-08-15,1,RESIDUAL_REVERTED,52.02000045776367,51.790000915527344,-0.004421367555024758,-56.612893946621725,10446.808478085677
SBUX,-1,2024-08-14,2024-08-15,1,RESIDUAL_REVERTED,90.1593246459961,88.9589614868164,0.013313799364545242,128.50540670439366,10446.808478085677
REGN,-1,2024-08-14,2024-08-15,1,RESIDUAL_REVERTED,1141.498046875,1156.3974609375,-0.01305250946621328,-147.0801571718586,10446.808478085677
TJX,1,2024-08-15,2024-08-16,1,RESIDUAL_REVERTED,107.87629699707031,108.72511291503906,0.007868419120762082,71.73972760058281,10450.853709870666
ALL,-1,2024-08-15,2024-08-16,1,RESIDUAL_REVERTED,175.14462280273438,170.9882049560547,0.023731347158519767,237.48404044543662,10450.853709870666
EL,-1,2024-08-14,2024-08-19,3,RESIDUAL_REVERTED,87.58267211914062,91.37808227539062,-0.043335171951445206,-464.0280929110766,10446.808478085677
FICO,1,2024-08-16,2024-08-19,1,RESIDUAL_REVERTED,1726.9300537109375,1747.0999755859375,0.011679640314127049,111.42234369327056,10438.863248026435
ICE,1,2024-08-16,2024-08-19,1,RESIDUAL_REVERTED,151.68679809570312,152.33880615234375,0.004298383674954165,34.40894100268325,10438.863248026433
HSY,1,2024-08-16,2024-08-20,2,RESIDUAL_REVERTED,182.8658905029297,184.80137634277344,0.010584181853273256,99.99272029705608,10438.863248026435
ULTA,-1,2024-08-16,2024-08-20,2,RESIDUAL_REVERTED,368.0,376.3399963378906,-0.022663033526876708,-247.5579938884735,10438.863248026435
CSCO,-1,2024-08-16,2024-08-20,2,RESIDUAL_REVERTED,46.38134002685547,47.65911102294922,-0.027549247075524308,-298.5889158079689,10438.863248026435
DE,-1,2024-08-16,2024-08-20,2,RESIDUAL_REVERTED,362.42877197265625,365.1556396484375,-0.007523871962314743,-89.43669017707015,10438.863248026435
AMCR,1,2024-08-19,2024-08-20,1,RESIDUAL_REVERTED,46.2148551940918,46.965248107910156,0.01623704998461828,158.15212957839998,10384.978749013648
ZTS,1,2024-08-15,2024-08-21,4,RESIDUAL_REVERTED,178.86688232421875,178.62451171875,-0.0013550334322338653,-24.605029254044197,10450.853709870666
HPQ,1,2024-08-20,2024-08-21,1,RESIDUAL_REVERTED,31.375852584838867,31.738584518432617,0.011560863011226274,109.89234391746024,10411.320147186301
AZO,1,2024-08-20,2024-08-21,1,RESIDUAL_REVERTED,3176.989990234375,3198.949951171875,0.006912190785933081,61.517728527999964,10411.320147186301
COO,-1,2024-08-19,2024-08-22,3,RESIDUAL_REVERTED,94.4000015258789,93.97000122070312,0.004555087904928645,36.32158418258639,10384.978749013648
DRI,-1,2024-08-20,2024-08-22,2,RESIDUAL_REVERTED,142.41017150878906,146.3488006591797,-0.027656937061883546,-298.92427465201047,10411.320147186301
PODD,1,2024-08-21,2024-08-22,1,RESIDUAL_REVERTED,183.85000610351562,186.75999450683594,0.015828057148292274,153.75783124335885,10374.922158395739
VRSN,1,2024-08-21,2024-08-22,1,RESIDUAL_REVERTED,175.72061157226562,177.0956573486328,0.007825182054990165,70.77013971005438,10374.922158395739
PANW,-1,2024-08-21,2024-08-22,1,RESIDUAL_REVERTED,182.15499877929688,179.6750030517578,0.013614755258755662,130.74445484460037,10374.922158395739
PYPL,-1,2024-08-21,2024-08-22,1,RESIDUAL_REVERTED,71.27020263671875,70.94878387451172,0.0045098617699373955,36.23381391780342,10374.922158395739
TTWO,-1,2024-08-21,2024-08-23,2,RESIDUAL_REVERTED,156.6199951171875,160.1999969482422,-0.022857884961470232,-248.0612452963184,10374.922158395739
BEN,1,2024-08-22,2024-08-23,1,RESIDUAL_REVERTED,17.87188148498535,18.532814025878906,0.03698169895815506,374.8797271510033,10423.979029294784
AXP,1,2024-08-22,2024-08-23,1,RESIDUAL_REVERTED,241.5371551513672,242.7410430908203,0.00498427638885901,41.50603552810341,10423.979029294784
INCY,1,2024-08-23,2024-08-26,1,RESIDUAL_REVERTED,63.52000045776367,64.26000213623047,0.011649900395684698,111.40101180243656,10466.011103826831
NDSN,-1,2024-08-23,2024-08-26,1,RESIDUAL_REVERTED,249.90432739257812,250.321533203125,-0.0016694621293671386,-28.154878478506056,10466.011103826831
CNP,-1,2024-08-23,2024-08-26,1,RESIDUAL_REVERTED,25.76909065246582,25.654645919799805,0.004441163027810058,35.83275348532913,10466.011103826831
STT,-1,2024-08-23,2024-08-26,1,RESIDUAL_REVERTED,78.32259368896484,79.75762176513672,-0.01832201933800448,-202.53071049485942,10466.011103826831
INTU,1,2024-08-26,2024-08-27,1,RESIDUAL_REVERTED,612.1275024414062,604.7387084960938,-0.012070677948373576,-136.4302860822471,10442.710922998505
MRSH,1,2024-08-26,2024-08-27,1,RESIDUAL_REVERTED,215.5878143310547,217.10328674316406,0.007029490125922466,62.927518931422604,10442.710922998505
BRO,1,2024-08-26,2024-08-27,1,RESIDUAL_REVERTED,100.5524673461914,100.82819366455078,0.0027421138997025807,18.178074298144743,10442.710922998505
BLDR,-1,2024-08-26,2024-08-27,1,RESIDUAL_REVERTED,183.36000061035156,174.25999450683594,0.04962917797351862,507.88023642532727,10442.710922998505
ARE,-1,2024-08-23,2024-08-28,3,RESIDUAL_REVERTED,105.8772964477539,107.12449645996094,-0.0117796737738054,-134.44881361238308,10466.011103826831
AJG,1,2024-08-26,2024-08-28,2,RESIDUAL_REVERTED,282.22802734375,284.4784851074219,0.007973898924400036,72.78477591302153,10442.710922998505
COP,-1,2024-08-27,2024-08-28,1,RESIDUAL_REVERTED,106.74422454833984,105.22279357910156,0.01425305186932424,138.39828132584398,10452.60673202037
EOG,-1,2024-08-27,2024-08-28,1,RESIDUAL_REVERTED,122.18207550048828,119.46670532226562,0.02222396507097968,221.75758381123336,10452.60673202037
MLM,1,2024-08-28,2024-08-29,1,RESIDUAL_REVERTED,513.3687744140625,509.7950439453125,-0.006961331983677654,-83.5184714329913,10495.103275852502
HSY,1,2024-08-28,2024-08-29,1,RESIDUAL_REVERTED,179.45529174804688,180.78004455566406,0.007382077144189925,66.94182091172152,10495.103275852502
JKHY,-1,2024-08-27,2024-08-30,3,RESIDUAL_REVERTED,163.6150665283203,166.75479125976562,-0.019189704212856595,-211.7704305343071,10452.60673202037
VMC,1,2024-08-28,2024-08-30,2,RESIDUAL_REVERTED,238.25051879882812,238.7234649658203,0.001985079274440249,10.328091914154124,10495.103275852502
PODD,-1,2024-08-28,2024-08-30,2,RESIDUAL_REVERTED,191.77000427246094,207.99000549316406,-0.08458049152284652,-899.0646748059322,10495.103275852502
GD,-1,2024-08-29,2024-08-30,1,RESIDUAL_REVERTED,286.8189697265625,286.3666076660156,0.0015771692541052262,5.7936519294125635,10380.509641039596
TSN,-1,2024-08-29,2024-08-30,1,RESIDUAL_REVERTED,60.80315017700195,59.70804214477539,0.01801071209367655,176.4703922107745,10380.509641039596
IFF,-1,2024-08-29,2024-08-30,1,RESIDUAL_REVERTED,97.73928833007812,98.44493103027344,-0.007219642297908502,-85.56837442968065,10380.509641039596
STX,1,2024-08-28,2024-09-03,3,RESIDUAL_REVERTED,96.40779113769531,95.97395324707031,-0.004500029359716051,-57.69976201400337,10495.103275852502
SJM,1,2024-08-29,2024-09-03,2,RESIDUAL_REVERTED,105.69438171386719,105.69438171386719,0.0,-10.380509641039597,10380.509641039596
DG,1,2024-08-30,2024-09-03,1,RESIDUAL_REVERTED,80.56886291503906,79.2514877319336,-0.01635092187529885,-180.445435447226,10404.663202467302
NTAP,1,2024-08-30,2024-09-03,1,RESIDUAL_REVERTED,115.31417846679688,118.20426177978516,0.02506268831304581,250.23378322776603,10404.663202467302
CRM,1,2024-09-03,2024-09-04,1,RESIDUAL_REVERTED,248.5979461669922,242.5458526611328,-0.024344905495695346,-263.7118063453923,10409.923236403767
VLO,-1,2024-09-03,2024-09-04,1,RESIDUAL_REVERTED,137.01382446289062,134.0462188720703,0.02165916908351151,214.97104128233747,10409.923236403769
INTC,-1,2024-09-03,2024-09-04,1,RESIDUAL_REVERTED,21.540000915527344,19.760000228881836,0.08263698286857435,850.0721092416682,10409.923236403767
MPC,-1,2024-09-03,2024-09-05,2,RESIDUAL_REVERTED,167.8121337890625,166.0141143798828,0.01071447796164593,100.77377629304537,10409.923236403767
HPE,-1,2024-09-03,2024-09-05,2,RESIDUAL_REVERTED,18.3059024810791,16.283517837524414,0.11047718874527024,1139.8188887740976,10409.923236403767
AMZN,-1,2024-09-03,2024-09-05,2,RESIDUAL_REVERTED,177.5500030517578,175.0,0.0143621684479186,138.7672316469997,10409.923236403767
VRTX,1,2024-09-04,2024-09-05,1,RESIDUAL_REVERTED,476.82000732421875,477.7300109863281,0.001908484644375763,9.545372635213841,10517.964592277229
BA,1,2024-09-04,2024-09-05,1,RESIDUAL_REVERTED,160.27999877929688,164.14999389648438,0.024145215539441267,243.31357826340917,10517.964592277229
NWS,1,2024-09-04,2024-09-05,1,RESIDUAL_REVERTED,27.438648223876953,27.891042709350586,0.01648749172271402,162.81018213561515,10517.964592277229
APH,1,2024-09-04,2024-09-06,2,RESIDUAL_REVERTED,28.496854782104492,30.403196334838867,0.06689655989444576,692.7458758984983,10517.964592277229
HRL,1,2024-09-05,2024-09-06,1,RESIDUAL_REVERTED,28.686506271362305,29.326831817626953,0.022321489421104124,227.26773753128452,10664.675377956057
MDLZ,-1,2024-09-05,2024-09-06,1,RESIDUAL_REVERTED,70.72041320800781,70.67342376708984,0.0006644395696580041,-3.7861384985172024,10664.675377956057
HUM,-1,2024-09-05,2024-09-06,1,RESIDUAL_REVERTED,362.55865478515625,357.9183044433594,0.012798895518151832,125.6923244831276,10664.675377956057
ZBH,1,2024-09-06,2024-09-09,1,RESIDUAL_REVERTED,103.45555877685547,103.03394317626953,-0.004075330562906987,-54.798884013756016,10801.442991671911
CPRT,1,2024-09-06,2024-09-09,1,RESIDUAL_REVERTED,49.70000076293945,49.81999969482422,0.0024144653932127724,15.26522745333046,10801.442991671911
HPE,1,2024-09-06,2024-09-09,1,RESIDUAL_REVERTED,16.68704605102539,16.710783004760742,0.0014224778707250252,4.555688229064564,10801.442991671911
MKTX,-1,2024-09-06,2024-09-09,1,RESIDUAL_REVERTED,250.89236450195312,248.52259826660156,0.009445350160638744,91.06076428644465,10801.442991671911
CMCSA,-1,2024-09-06,2024-09-10,2,RESIDUAL_REVERTED,34.38848114013672,34.40576934814453,-0.0005027325265505311,-16.661569639971827,10801.442991671911
CAH,-1,2024-09-06,2024-09-10,2,RESIDUAL_REVERTED,109.06293487548828,110.0762939453125,-0.0092915074308344,-111.64329979044449,10801.442991671911
AVGO,1,2024-09-09,2024-09-10,1,RESIDUAL_REVERTED,136.29388427734375,138.36119079589844,0.015168006470106521,152.7440193942786,10786.685196125085
WFC,1,2024-09-09,2024-09-10,1,RESIDUAL_REVERTED,52.396541595458984,53.612396240234375,0.023204864438624684,239.39173073821925,10786.685196125085
CCI,-1,2024-09-09,2024-09-10,1,RESIDUAL_REVERTED,102.99227905273438,104.88539123535156,-0.01838110778816615,-209.3741315130193,10786.685196125085
T,-1,2024-09-09,2024-09-10,1,RESIDUAL_REVERTED,19.11871337890625,19.5656681060791,-0.023377866403184733,-263.3019909431685,10786.685196125085
ORCL,1,2024-09-10,2024-09-11,1,RESIDUAL_REVERTED,150.912841796875,153.4080047607422,0.01653380145889516,166.9171124999721,10751.134646902145
TRGP,1,2024-09-10,2024-09-11,1,RESIDUAL_REVERTED,138.60870361328125,138.2536163330078,-0.002561796416941653,-38.279581754285545,10751.134646902146
PCG,1,2024-09-10,2024-09-12,2,RESIDUAL_REVERTED,19.54367446899414,19.45506477355957,-0.0045339322231932044,-59.47167800047464,10751.134646902146
HPE,1,2024-09-11,2024-09-12,1,RESIDUAL_REVERTED,15.286568641662598,15.533432960510254,0.016149099554941593,162.7655795595697,10749.970989682432
JPM,1,2024-09-11,2024-09-12,1,RESIDUAL_REVERTED,196.97390747070312,199.27713012695312,0.0116930342999495,114.88695862638282,10749.970989682432
EQIX,-1,2024-09-11,2024-09-12,1,RESIDUAL_REVERTED,818.8931884765625,838.2807006835938,-0.02367526373384421,-265.60221652089933,10749.970989682432
JCI,-1,2024-09-11,2024-09-12,1,RESIDUAL_REVERTED,68.3031234741211,68.86808776855469,-0.008271426923069702,-99.92702574467447,10749.970989682432
ROL,-1,2024-09-11,2024-09-12,1,RESIDUAL_REVERTED,48.67705154418945,48.30702209472656,0.007601722736369387,70.7974299855323,10749.970989682432
PAYC,-1,2024-09-10,2024-09-13,3,RESIDUAL_REVERTED,162.0607147216797,165.49581909179688,-0.021196403928099183,-239.4030114627707,10751.134646902146
CAG,1,2024-09-12,2024-09-13,1,RESIDUAL_REVERTED,27.45071792602539,27.730470657348633,0.01019108979506922,98.63075968785247,10737.080494689906
UNP,1,2024-09-12,2024-09-13,1,RESIDUAL_REVERTED,237.16275024414062,239.09512329101562,0.008147877543525528,76.70359434249768,10737.080494689906
DLR,-1,2024-09-11,2024-09-16,3,RESIDUAL_REVERTED,145.6501007080078,150.60020446777344,-0.03398627076605565,-376.941597971702,10749.970989682432
FTNT,1,2024-09-13,2024-09-16,1,RESIDUAL_REVERTED,74.66999816894531,74.87000274658203,0.00267851322540813,18.008750846032036,10737.556855217903
WFC,1,2024-09-13,2024-09-16,1,RESIDUAL_REVERTED,49.6489143371582,50.558406829833984,0.018318476945931916,185.8597830088705,10737.556855217903
AXON,-1,2024-09-13,2024-09-16,1,RESIDUAL_REVERTED,382.9800109863281,380.989990234375,0.005196147827214337,44.873100772086524,10737.556855217903
MRNA,1,2024-09-13,2024-09-17,2,RESIDUAL_REVERTED,66.16999816894531,70.11000061035156,0.059543638362307805,628.2959688254551,10737.556855217903
WBD,-1,2024-09-13,2024-09-17,2,RESIDUAL_REVERTED,7.760000228881836,8.670000076293945,-0.11726801811489573,-1271.0072535400125,10737.556855217903
ETSY,-1,2024-09-16,2024-09-17,1,RESIDUAL_REVERTED,55.52000045776367,54.29999923706055,0.021974085206127314,224.0960603449336,10688.639494353207
KR,-1,2024-09-13,2024-09-18,3,RESIDUAL_REVERTED,52.95341491699219,52.76176071166992,0.003619298313861208,27.499912187971816,10737.556855217903
TRMB,-1,2024-09-17,2024-09-18,1,RESIDUAL_REVERTED,58.5,58.4900016784668,0.00017091147920000882,-9.056472290394623,10669.989190714123
QRVO,1,2024-09-17,2024-09-19,2,RESIDUAL_REVERTED,102.06999969482422,102.69000244140625,0.006074289687819645,54.11020981693324,10669.989190714123
SWKS,1,2024-09-17,2024-09-19,2,RESIDUAL_REVERTED,91.28569793701172,92.70328521728516,0.015529127917185859,154.9427900133663,10669.989190714123
INCY,-1,2024-09-17,2024-09-19,2,RESIDUAL_REVERTED,66.41999816894531,66.22000122070312,0.0030110953591638845,21.054970002898898,10669.989190714123
ACN,1,2024-09-18,2024-09-19,1,RESIDUAL_REVERTED,322.30401611328125,327.1144714355469,0.014925210614114448,147.95210813880152,10630.463207494202
SYF,-1,2024-09-18,2024-09-19,1,RESIDUAL_REVERTED,47.65323257446289,48.213523864746094,-0.011757676447399223,-135.89154542300506,10630.463207494202
ADBE,1,2024-09-16,2024-09-20,4,RESIDUAL_REVERTED,537.4000244140625,526.4400024414062,-0.020394531958955797,-228.56944435981464,10688.639494353207
BLK,-1,2024-09-19,2024-09-20,1,RESIDUAL_REVERTED,900.0906372070312,892.8189086914062,0.008078884742306669,75.03730754710506,10623.76714102332
WST,-1,2024-09-19,2024-09-20,1,RESIDUAL_REVERTED,313.1404724121094,307.94281005859375,0.01659850070953217,165.59482187600608,10623.76714102332
GRMN,1,2024-09-16,2024-09-23,5,RESIDUAL_REVERTED,168.0420684814453,166.6372833251953,-0.008359723067828728,-99.99802860593101,10688.639494353207
HPE,-1,2024-09-18,2024-09-23,3,RESIDUAL_REVERTED,17.346935272216797,17.996990203857422,-0.03747376245080969,-409.8422505375533,10630.463207494202
VTR,1,2024-09-20,2024-09-23,1,RESIDUAL_REVERTED,59.010433197021484,59.303916931152344,0.004973421109297549,42.42209716391134,10683.15235259015
ICE,1,2024-09-20,2024-09-23,1,RESIDUAL_REVERTED,155.18504333496094,155.98526000976562,0.005156532212176268,44.37732287151018,10683.15235259015
DRI,-1,2024-09-20,2024-09-23,1,RESIDUAL_REVERTED,162.3100128173828,161.6895751953125,0.003822546812120464,29.965217702040036,10683.152352590148
FDS,-1,2024-09-20,2024-09-23,1,RESIDUAL_REVERTED,452.4037170410156,454.1549072265625,-0.0038708572002914554,-52.269168161597705,10683.15235259015
AJG,1,2024-09-20,2024-09-24,2,RESIDUAL_REVERTED,274.1447448730469,276.5174865722656,0.008655069059658738,81.73403732324019,10683.15235259015
FDX,1,2024-09-23,2024-09-24,1,RESIDUAL_REVERTED,197.8123321533203,200.60716247558594,0.014128696081998626,140.24871313210463,10688.359190050538
CEG,-1,2024-09-23,2024-09-24,1,RESIDUAL_REVERTED,256.5710754394531,251.15423583984375,0.02111243284275688,214.87165799242587,10688.359190050538
VST,-1,2024-09-23,2024-09-25,2,RESIDUAL_REVERTED,109.09033203125,112.8766098022461,-0.03470772982807935,-382.2730674460703,10688.359190050538
MCO,1,2024-09-24,2024-09-25,1,RESIDUAL_REVERTED,469.8082580566406,472.65228271484375,0.006053585924537419,54.131253457776005,10717.873417095048
CSX,1,2024-09-24,2024-09-25,1,RESIDUAL_REVERTED,33.07198715209961,33.246971130371094,0.005291002849835635,45.962071227534736,10717.873417095048
STZ,-1,2024-09-24,2024-09-25,1,RESIDUAL_REVERTED,242.5347137451172,240.43307495117188,0.008665311292939126,81.99175968052374,10717.873417095048
NVR,-1,2024-09-24,2024-09-25,1,RESIDUAL_REVERTED,9693.6201171875,9575.0,0.01223692653038655,120.28996342884572,10717.873417095048
REGN,1,2024-09-24,2024-09-26,2,RESIDUAL_REVERTED,1066.2679443359375,1052.2303466796875,-0.013165168971662644,-151.74993666276623,10717.873417095048
FCX,-1,2024-09-25,2024-09-26,1,RESIDUAL_REVERTED,47.53118133544922,49.81267166137695,-0.04799986581074478,-525.1928917200323,10708.70946363626
V,1,2024-09-25,2024-09-27,2,RESIDUAL_REVERTED,270.11761474609375,269.1029052734375,-0.003756546842048958,-50.91636429732039,10708.70946363626
GPN,1,2024-09-25,2024-09-27,2,RESIDUAL_REVERTED,98.37511444091797,96.31504821777344,-0.020940928352177535,-234.84690192711784,10708.70946363626
AMGN,1,2024-09-26,2024-09-27,1,RESIDUAL_REVERTED,295.33819580078125,303.830810546875,0.02875555843045241,294.8090250728516,10627.126104660014
J,-1,2024-09-26,2024-09-27,1,RESIDUAL_REVERTED,125.64498138427734,125.6530990600586,-6.460803839369866e-05,-11.5244737672765,10627.126104660014
UPS,-1,2024-09-26,2024-09-27,1,RESIDUAL_REVERTED,116.9820556640625,118.2174301147461,-0.01056037563770662,-123.1217474050727,10627.126104660014
HPE,-1,2024-09-26,2024-09-30,2,RESIDUAL_REVERTED,19.3453311920166,19.211454391479492,0.006920367462737387,62.531239376545464,10627.126104660012
OKE,1,2024-09-27,2024-09-30,1,RESIDUAL_REVERTED,80.79761505126953,81.90270233154297,0.013677226482145644,133.99002645662495,10575.05325353616
JBL,-1,2024-09-27,2024-09-30,1,RESIDUAL_REVERTED,127.42540740966797,121.07505798339844,0.0498358181100681,516.5040586096571,10575.05325353616
TPR,-1,2024-09-24,2024-10-01,5,RESIDUAL_REVERTED,43.817317962646484,45.40750503540039,-0.03629129181547608,-400.9745675528494,10717.873417095048
NOW,1,2024-09-26,2024-10-01,3,RESIDUAL_REVERTED,178.72999572753906,179.71800231933594,0.0055279282460400925,48.08949146823522,10627.126104660014
GL,1,2024-09-30,2024-10-01,1,RESIDUAL_REVERTED,102.90682983398438,103.98849487304688,0.010511110300526205,101.09611142685827,10635.14161901483
HPQ,1,2024-09-30,2024-10-01,1,RESIDUAL_REVERTED,32.45966720581055,32.039058685302734,-0.012957881479219835,-148.37514178062034,10635.14161901483
WYNN,-1,2024-09-30,2024-10-01,1,RESIDUAL_REVERTED,95.55747985839844,94.1650619506836,0.01457152187121502,144.2049270979395,10635.14161901483
BKR,-1,2024-09-30,2024-10-01,1,RESIDUAL_REVERTED,34.646392822265625,34.550079345703125,0.0027798991097451875,18.73219073244337,10635.14161901483
LW,1,2024-10-01,2024-10-02,1,RESIDUAL_REVERTED,61.2899284362793,59.64265441894531,-0.0268767489106565,-299.2485320301697,10739.87714565983
ISRG,-1,2024-10-01,2024-10-02,1,RESIDUAL_REVERTED,492.5,482.7200012207031,0.019857865541719533,202.42805077105677,10739.87714565983
VLTO,-1,2024-10-01,2024-10-02,1,RESIDUAL_REVERTED,111.58283996582031,108.85648345947266,0.02443347478145197,251.5955248781237,10739.87714565983
UHS,1,2024-09-30,2024-10-03,3,RESIDUAL_REVERTED,222.1432647705078,221.63760375976562,-0.002276283331230311,-34.831632913855664,10635.14161901483
RF,1,2024-10-02,2024-10-03,1,RESIDUAL_REVERTED,20.788333892822266,20.751441955566406,-0.0017746461763632482,-29.809084542338372,10746.819070858273
CDW,1,2024-10-02,2024-10-03,1,RESIDUAL_REVERTED,210.19284057617188,210.5407257080078,0.0016550760286713206,7.031090156471857,10746.819070858273
PAYX,-1,2024-10-02,2024-10-03,1,RESIDUAL_REVERTED,129.830078125,130.37034606933594,-0.004161346524152565,-55.70575958141317,10746.819070858273
MKC,-1,2024-10-02,2024-10-03,1,RESIDUAL_REVERTED,78.59432220458984,77.24055480957031,0.017224748010365443,174.24627348008622,10746.819070858275
HUM,1,2024-10-02,2024-10-04,2,RESIDUAL_REVERTED,214.37965393066406,235.78248596191406,0.09983611615574417,1061.6373976535829,10746.819070858273
BLK,-1,2024-10-03,2024-10-04,1,RESIDUAL_REVERTED,914.7874755859375,921.6658935546875,-0.0075191431368737405,-92.92659092110127,10877.893794914899
MSCI,-1,2024-10-03,2024-10-04,1,RESIDUAL_REVERTED,571.6766357421875,576.59521484375,-0.008603778419555175,-104.7320084826474,10877.893794914897
UNH,-1,2024-10-02,2024-10-07,3,RESIDUAL_REVERTED,576.093505859375,561.3445434570312,0.02560168141514163,263.9005828266926,10746.819070858273
CAG,1,2024-10-03,2024-10-07,2,RESIDUAL_REVERTED,26.148122787475586,25.885854721069336,-0.010030091587755252,-119.92961170426334,10877.893794914899
STZ,1,2024-10-04,2024-10-07,1,RESIDUAL_REVERTED,230.970947265625,231.95045471191406,0.004240825341390586,35.07153679507883,10828.87684026851
UHS,1,2024-10-04,2024-10-07,1,RESIDUAL_REVERTED,214.92581176757812,212.5861053466797,-0.010886111824616962,-128.65429887632752,10828.87684026851
LYV,1,2024-10-04,2024-10-07,1,RESIDUAL_REVERTED,110.30999755859375,110.43000030517578,0.0010878682733928002,0.9456245149621578,10828.87684026851
MKTX,-1,2024-10-04,2024-10-07,1,RESIDUAL_REVERTED,266.25213623046875,266.31011962890625,-0.00021777627499419694,-13.401922636150795,10828.87684026851
PCAR,-1,2024-10-04,2024-10-08,2,RESIDUAL_REVERTED,95.79998779296875,96.43714904785156,-0.00665095340366606,-83.32097453224267,10828.87684026851
VRSK,1,2024-10-07,2024-10-08,1,RESIDUAL_REVERTED,261.3437805175781,263.0068664550781,0.006363594856576782,58.03206508498217,10826.04352400415
AIG,-1,2024-10-07,2024-10-08,1,RESIDUAL_REVERTED,71.98777770996094,70.6122055053711,0.019108413238314248,195.93600428636805,10826.04352400415
COF,-1,2024-10-07,2024-10-08,1,RESIDUAL_REVERTED,148.16293334960938,148.13375854492188,0.00019691027997303934,-8.90759771097476,10826.04352400415
ACGL,1,2024-10-08,2024-10-09,1,RESIDUAL_REVERTED,103.36266326904297,104.15191650390625,0.007635767209373645,71.84019310273946,10832.43999220553
CINF,1,2024-10-08,2024-10-09,1,RESIDUAL_REVERTED,127.86626434326172,127.72294616699219,-0.0011208443212573638,-22.967848103404393,10832.43999220553
L,1,2024-10-08,2024-10-09,1,RESIDUAL_REVERTED,76.43673706054688,76.70533752441406,0.003514023154264523,27.21397223511033,10832.43999220553
APD,-1,2024-10-08,2024-10-09,1,RESIDUAL_REVERTED,295.688232421875,297.8682556152344,-0.0073727086651491636,-90.95249022005326,10832.43999220553
GNRC,-1,2024-10-08,2024-10-09,1,RESIDUAL_REVERTED,170.47000122070312,175.86000061035156,-0.03161846278554403,-353.7245169907704,10832.43999220553
EG,1,2024-10-08,2024-10-10,2,RESIDUAL_REVERTED,362.76373291015625,387.2514343261719,0.0675031685763372,720.0259708832574,10832.43999220553
MPC,1,2024-10-09,2024-10-10,1,RESIDUAL_REVERTED,152.87991333007812,156.32211303710938,0.022515709435282805,232.97419498965394,10833.765935245097
EW,-1,2024-10-09,2024-10-10,1,RESIDUAL_REVERTED,68.72000122070312,67.6500015258789,0.015570426015968475,157.72416214529645,10833.765935245097
AON,-1,2024-10-09,2024-10-11,2,RESIDUAL_REVERTED,348.7170715332031,349.9512023925781,-0.00353906063144227,-49.62804268994707,10833.765935245097
AFL,1,2024-10-10,2024-10-11,1,RESIDUAL_REVERTED,107.58587646484375,107.51873779296875,-0.0006240472642051742,-17.573872975555027,10823.114838200323
GLW,-1,2024-10-10,2024-10-11,1,RESIDUAL_REVERTED,45.51057434082031,44.77307891845703,0.016204924526777353,164.4416231230437,10823.114838200323
NCLH,-1,2024-10-10,2024-10-11,1,RESIDUAL_REVERTED,22.940000534057617,23.15999984741211,-0.00959020524118448,-114.88639866353857,10823.114838200323
NRG,1,2024-10-10,2024-10-14,2,RESIDUAL_REVERTED,85.41496276855469,87.78815460205078,0.02778426351278318,289.73880371812504,10823.114838200323
MTCH,1,2024-10-10,2024-10-14,2,RESIDUAL_REVERTED,35.25627517700195,36.09159469604492,0.02369278986079215,245.47845576975072,10823.114838200323
CTSH,1,2024-10-11,2024-10-14,1,RESIDUAL_REVERTED,71.8062973022461,73.30828857421875,0.020917263922556772,216.3815284143012,10869.72647070225
MOS,-1,2024-10-11,2024-10-14,1,RESIDUAL_REVERTED,24.697229385375977,24.24785041809082,0.018195521460040665,186.79563438126232,10869.72647070225
WTW,1,2024-10-11,2024-10-15,2,RESIDUAL_REVERTED,285.0373229980469,287.8575744628906,0.009894323435191144,96.62508858780897,10869.72647070225
AOS,1,2024-10-14,2024-10-15,1,RESIDUAL_REVERTED,77.7359390258789,79.14619445800781,0.0181416144167168,187.26737224223834,10930.5060889094
FAST,-1,2024-10-14,2024-10-15,1,RESIDUAL_REVERTED,36.86940383911133,36.965232849121094,-0.002599147261179935,-39.57087647438681,10930.5060889094
UBER,-1,2024-10-14,2024-10-15,1,RESIDUAL_REVERTED,85.63999938964844,84.7699966430664,0.010158836440711028,99.95113564892098,10930.5060889094
SNPS,-1,2024-10-09,2024-10-16,5,RESIDUAL_REVERTED,517.3699951171875,515.969970703125,0.0027060409905398375,17.39025080150409,10833.765935245097
GWW,-1,2024-10-14,2024-10-16,2,RESIDUAL_REVERTED,1077.95703125,1076.2945556640625,0.0015422466181325145,5.50326002978635,10930.5060889094
QCOM,-1,2024-10-15,2024-10-16,1,RESIDUAL_REVERTED,169.7831573486328,167.2922821044922,0.014670920738185211,149.86068410281368,10971.759171749613
CAT,1,2024-10-15,2024-10-17,2,RESIDUAL_REVERTED,381.11224365234375,385.5220642089844,0.011570923343683814,115.91814845776435,10971.759171749614
SCHW,-1,2024-10-16,2024-10-17,1,RESIDUAL_REVERTED,70.85289001464844,70.6969223022461,0.0022012893527716404,13.020240858626279,11008.795960637837
VTRS,-1,2024-10-16,2024-10-17,1,RESIDUAL_REVERTED,10.917545318603516,10.88990592956543,0.002531648665656361,16.657667357392963,11008.795960637837
ACGL,1,2024-10-15,2024-10-18,3,RESIDUAL_REVERTED,105.71138763427734,103.14396667480469,-0.02428708029408333,-277.31051914539137,10971.759171749614
FFIV,1,2024-10-15,2024-10-18,3,RESIDUAL_REVERTED,219.0,218.47999572753906,-0.00237444873269832,-37.01061289275151,10971.759171749614
MS,-1,2024-10-17,2024-10-18,1,RESIDUAL_REVERTED,113.71949005126953,113.49163055419922,0.002003697844297214,10.746921455278803,10911.542912996418
CSCO,-1,2024-10-17,2024-10-18,1,RESIDUAL_REVERTED,54.172786712646484,54.20161056518555,-0.000532072545796014,-16.936753868372247,10911.542912996418
D,-1,2024-10-17,2024-10-18,1,RESIDUAL_REVERTED,55.452083587646484,54.71064376831055,0.01337081983878985,134.84418278083493,10911.542912996418
KLAC,1,2024-10-16,2024-10-21,3,RESIDUAL_REVERTED,70.9852523803711,66.74232482910156,-0.05977195838558136,-668.6970813482216,11008.795960637837
LRCX,1,2024-10-16,2024-10-21,3,RESIDUAL_REVERTED,75.99031066894531,71.52839660644531,-0.05871688144477394,-657.0877621474805,11008.795960637839
CSX,1,2024-10-18,2024-10-21,1,RESIDUAL_REVERTED,32.274845123291016,33.12059783935547,0.026204702542603986,274.68560784458265,10903.857069750182
SNA,-1,2024-10-18,2024-10-21,1,RESIDUAL_REVERTED,313.205078125,308.6114807128906,0.01466642060725487,148.88287423497377,10903.857069750184
TRV,-1,2024-10-18,2024-10-21,1,RESIDUAL_REVERTED,260.7848205566406,258.4110412597656,0.009102444274970534,88.1841478942008,10903.857069750182
BG,1,2024-10-21,2024-10-22,1,RESIDUAL_REVERTED,84.76717376708984,83.8253173828125,-0.011111098110516582,-132.84595637631918,10973.977886727822
GEN,1,2024-10-21,2024-10-22,1,RESIDUAL_REVERTED,26.072853088378906,25.860803604125977,-0.008132960498574815,-100.18028108738609,10973.977886727822
ISRG,-1,2024-10-21,2024-10-22,1,RESIDUAL_REVERTED,519.0399780273438,515.0,0.007783558489459774,74.26766700660667,10973.977886727822
LW,-1,2024-10-21,2024-10-22,1,RESIDUAL_REVERTED,73.9379653930664,73.19005584716797,0.010115365521926711,99.87178738287525,10973.977886727822
NFLX,-1,2024-10-21,2024-10-23,2,RESIDUAL_REVERTED,76.57599639892578,76.28299713134766,0.0038262547189296114,30.599414061579985,10973.977886727822
PSA,1,2024-10-22,2024-10-23,1,RESIDUAL_REVERTED,306.52886962890625,308.76226806640625,0.007286094912377417,68.72021640572402,10938.438985809042
UPS,1,2024-10-22,2024-10-23,1,RESIDUAL_REVERTED,115.43782806396484,115.80844116210938,0.003210499576786763,24.16185582197035,10938.438985809042
KVUE,-1,2024-10-22,2024-10-23,1,RESIDUAL_REVERTED,20.492748260498047,20.73811149597168,-0.011973173746861354,-142.19244323590928,10938.43898580904
CDW,-1,2024-10-22,2024-10-23,1,RESIDUAL_REVERTED,211.7487335205078,208.85919189453125,0.013646086934903545,138.1880620165573,10938.438985809042
CI,1,2024-10-22,2024-10-24,2,RESIDUAL_REVERTED,307.2121887207031,305.7633972167969,-0.004715931063605683,-62.49757072424088,10938.43898580904
GPC,1,2024-10-23,2024-10-24,1,RESIDUAL_REVERTED,106.57586669921875,106.9591293334961,0.003596148416592282,28.412602900959623,10951.721684146583
PM,-1,2024-10-23,2024-10-24,1,RESIDUAL_REVERTED,122.0549545288086,123.84849548339844,-0.01469453625634265,-172.1823449810289,10951.721684146583
DGX,-1,2024-10-23,2024-10-24,1,RESIDUAL_REVERTED,154.85313415527344,152.67332458496094,0.014076625456781344,143.07504589047386,10951.721684146583
MCD,1,2024-10-24,2024-10-25,1,RESIDUAL_REVERTED,284.9682922363281,286.75933837890625,0.006285071677703646,57.96446612318365,10974.10899812243
STX,1,2024-10-24,2024-10-25,1,RESIDUAL_REVERTED,101.45308685302734,101.1522216796875,-0.0029655595770654575,-43.50221085024449,10974.10899812243
PKG,-1,2024-10-24,2024-10-25,1,RESIDUAL_REVERTED,217.0641632080078,218.320556640625,-0.00578812003809781,-74.74255358516584,10974.10899812243
NTRS,-1,2024-10-24,2024-10-25,1,RESIDUAL_REVERTED,98.82716369628906,98.60814666748047,0.002216162243426023,13.14279406906572,10974.10899812243
TDY,-1,2024-10-24,2024-10-28,2,RESIDUAL_REVERTED,470.55999755859375,470.0,0.001190066222159114,1.6564265496373605,10974.10899812243
CARR,1,2024-10-25,2024-10-28,1,RESIDUAL_REVERTED,70.81107330322266,72.54744720458984,0.02452121992180234,257.32904015021376,10945.998788665973
MOH,-1,2024-10-25,2024-10-28,1,RESIDUAL_REVERTED,324.739990234375,326.739990234375,-0.006158773357591629,-78.61134902243745,10945.998788665973
WST,-1,2024-10-25,2024-10-28,1,RESIDUAL_REVERTED,325.9705810546875,307.8037414550781,0.05573153117324281,599.1924058455601,10945.998788665973
LMT,1,2024-10-23,2024-10-29,4,RESIDUAL_REVERTED,547.0963745117188,524.13232421875,-0.041974415044267244,-470.41398704810683,10951.721684146583
NEM,1,2024-10-25,2024-10-29,2,RESIDUAL_REVERTED,46.39618682861328,47.4354133605957,0.022398964290347934,234.11044768286055,10945.998788665973
MHK,1,2024-10-28,2024-10-29,1,RESIDUAL_REVERTED,131.0800018310547,127.95999908447266,-0.023802278783939257,-273.34153772792484,11026.11431125363
HIG,1,2024-10-28,2024-10-29,1,RESIDUAL_REVERTED,109.57103729248047,109.5323715209961,-0.00035288313809755945,-14.915098665521612,11026.11431125363
TPR,-1,2024-10-28,2024-10-29,1,RESIDUAL_REVERTED,49.29570007324219,48.190330505371094,0.022423245155840488,236.1215906936304,11026.11431125363
AON,-1,2024-10-28,2024-10-29,1,RESIDUAL_REVERTED,374.73260498046875,366.2911682128906,0.022526560687234798,237.26425593058528,11026.11431125363
MMM,-1,2024-10-29,2024-10-30,1,RESIDUAL_REVERTED,124.19812774658203,124.1884994506836,7.752367989055653e-05,-10.403825555446936,11040.664125183648
STLD,-1,2024-10-29,2024-10-30,1,RESIDUAL_REVERTED,132.5084991455078,131.11215209960938,0.010537792329570528,105.14354464331052,11040.664125183648
STT,-1,2024-10-29,2024-10-30,1,RESIDUAL_REVERTED,88.18123626708984,88.31454467773438,-0.0015117548390992663,-27.959368178230253,11040.664125183648
COO,1,2024-10-29,2024-10-31,2,RESIDUAL_REVERTED,105.12000274658203,105.02999877929688,-0.0008562021017268773,-20.488977433711952,11040.664125183648
SWK,1,2024-10-30,2024-10-31,1,RESIDUAL_REVERTED,85.78753662109375,85.97120666503906,0.002140987504473335,12.564067314853606,11021.914048730132
F,1,2024-10-30,2024-10-31,1,RESIDUAL_REVERTED,9.232762336730957,9.25939655303955,0.002884750558631133,20.75766092417458,11021.914048730132
ECL,1,2024-10-30,2024-10-31,1,RESIDUAL_REVERTED,249.4600830078125,244.89651489257812,-0.018293780953690497,-212.55357910595436,11021.914048730132
DHI,1,2024-10-30,2024-10-31,1,RESIDUAL_REVERTED,162.50970458984375,164.11231994628906,0.00986165940360384,97.6181010944803,11021.914048730132
FFIV,-1,2024-10-30,2024-10-31,1,RESIDUAL_REVERTED,240.00999450683594,238.39999389648438,0.0067080565276447235,62.73295330638502,11021.914048730132
LDOS,-1,2024-10-30,2024-10-31,1,RESIDUAL_REVERTED,184.02517700195312,180.91441345214844,0.016904010638564282,175.16987352459802,11021.914048730132
GRMN,-1,2024-10-31,2024-11-01,1,RESIDUAL_REVERTED,198.12396240234375,192.58230590820312,0.027970652448828015,298.68797131695834,11076.714851352448
IEX,-1,2024-10-31,2024-11-01,1,RESIDUAL_REVERTED,213.84669494628906,210.2398681640625,0.01686641349838247,175.62611292210659,11076.714851352448
FMC,-1,2024-10-31,2024-11-01,1,RESIDUAL_REVERTED,62.046714782714844,59.985923767089844,0.03321353955389594,356.79044732588767,11076.714851352448
HII,1,2024-11-01,2024-11-04,1,RESIDUAL_REVERTED,177.50181579589844,181.41392517089844,0.022039827353081076,234.20255244707124,11137.224643952664
TFX,1,2024-11-01,2024-11-04,1,RESIDUAL_REVERTED,197.78138732910156,205.97898864746094,0.04144778954714701,450.245311866306,11137.224643952664
APTV,1,2024-11-01,2024-11-04,1,RESIDUAL_REVERTED,57.4900016784668,56.59000015258789,-0.01565492258832213,-185.40243809896006,11137.224643952664
BALL,1,2024-11-01,2024-11-04,1,RESIDUAL_REVERTED,58.326881408691406,57.471561431884766,-0.014664250104741372,-174.37461277173793,11137.224643952664
ETR,-1,2024-11-01,2024-11-04,1,RESIDUAL_REVERTED,73.13533020019531,68.30733489990234,0.06601454163230225,724.2418880947434,11137.224643952664
AME,-1,2024-11-01,2024-11-04,1,RESIDUAL_REVERTED,180.30645751953125,177.41342163085938,0.01604510414364113,167.43413515278243,11137.224643952664
EL,1,2024-11-01,2024-11-05,2,RESIDUAL_REVERTED,65.8376693725586,63.88249969482422,-0.029696823966695596,-341.7120542730938,11137.224643952664
WAT,-1,2024-11-04,2024-11-05,1,RESIDUAL_REVERTED,387.0,386.5,0.0012919896640827266,3.065147622177234,11236.827511134754
CHD,-1,2024-11-04,2024-11-05,1,RESIDUAL_REVERTED,101.30558013916016,100.31036376953125,0.009823904747021883,98.9868056064495,11236.827511134754
CHTR,-1,2024-11-04,2024-11-06,2,RESIDUAL_REVERTED,377.0,392.07000732421875,-0.03997349422869689,-461.08507039431913,11236.827511134754
L,1,2024-11-05,2024-11-06,1,RESIDUAL_REVERTED,76.33724975585938,82.1274642944336,0.07585044728612034,840.8735395010907,11239.743245106232
PEG,1,2024-11-05,2024-11-06,1,RESIDUAL_REVERTED,77.06998443603516,78.84224700927734,0.022995496706154084,247.09450378636552,11239.743245106234
CEG,1,2024-11-05,2024-11-06,1,RESIDUAL_REVERTED,227.69747924804688,236.0699462890625,0.036770134955665945,401.8404893064897,11239.743245106234
SHW,-1,2024-11-05,2024-11-06,1,RESIDUAL_REVERTED,367.2281188964844,373.16143798828125,-0.01615703914402422,-193.1571390041668,11239.743245106234
STZ,-1,2024-11-05,2024-11-06,1,RESIDUAL_REVERTED,227.9180450439453,223.2672576904297,0.020405524944805964,218.0061945666678,11239.743245106234
BRK-B,1,2024-11-05,2024-11-07,2,RESIDUAL_REVERTED,442.2900085449219,468.2699890136719,0.058739695599773656,648.6492440436276,11239.743245106234
CE,1,2024-11-06,2024-11-07,1,RESIDUAL_REVERTED,92.61299896240234,92.55326080322266,-0.0006450299617652977,-18.544815516894282,11275.449353106233
CMI,-1,2024-11-06,2024-11-07,1,RESIDUAL_REVERTED,352.67974853515625,344.7422180175781,0.022506340527196134,242.40246634776895,11275.449353106233
PLTR,-1,2024-11-06,2024-11-08,2,RESIDUAL_REVERTED,53.439998626708984,55.56999969482422,-0.03985780544258244,-461.38122598186396,11275.449353106233
IFF,1,2024-11-07,2024-11-08,1,RESIDUAL_REVERTED,84.38274383544922,87.79058837890625,0.040385562125148544,447.983238871416,11380.135543900804
IRM,1,2024-11-07,2024-11-08,1,RESIDUAL_REVERTED,106.72736358642578,110.14930725097656,0.03206247722759259,353.3127635109752,11380.135543900804
HD,1,2024-11-07,2024-11-08,1,RESIDUAL_REVERTED,371.4267578125,383.7759704589844,0.03324804254603109,366.79791158394187,11380.135543900804
TRMB,-1,2024-11-07,2024-11-08,1,RESIDUAL_REVERTED,72.6500015258789,71.37000274658203,0.01761870271731414,188.99912984677547,11380.135543900804
GS,-1,2024-11-07,2024-11-08,1,RESIDUAL_REVERTED,567.049072265625,563.6083374023438,0.006067790305226861,57.483866979794406,11380.135543900804
KEY,-1,2024-11-07,2024-11-08,1,RESIDUAL_REVERTED,17.928869247436523,17.46139907836914,0.026073600215151482,285.26815075076695,11380.135543900804
BDX,1,2024-11-08,2024-11-11,1,RESIDUAL_REVERTED,171.79820251464844,174.5853729248047,0.016223513222838326,175.0821981691582,11506.90624613372
EPAM,-1,2024-11-08,2024-11-11,1,RESIDUAL_REVERTED,234.72999572753906,237.27999877929688,-0.010863558548851682,-136.8024255748815,11506.90624613372
MTCH,1,2024-11-08,2024-11-12,2,RESIDUAL_REVERTED,30.023521423339844,30.23474884033203,0.007035397814061373,69.40827897299835,11506.90624613372
FTNT,1,2024-11-11,2024-11-12,1,RESIDUAL_REVERTED,92.41999816894531,97.16000366210938,0.05128766053965128,580.1053126310194,11541.62428430258
AKAM,1,2024-11-11,2024-11-12,1,RESIDUAL_REVERTED,91.6500015258789,91.5,-0.0016366778328590348,-30.422099945297926,11541.62428430258
ABNB,1,2024-11-11,2024-11-12,1,RESIDUAL_REVERTED,136.0,135.64999389648438,-0.0025735742905560466,-41.23000019987659,11541.62428430258
AXON,-1,2024-11-11,2024-11-12,1,RESIDUAL_REVERTED,611.0599975585938,609.1099853515625,0.0031911959788273325,25.077472247383366,11541.62428430258
MSI,-1,2024-11-11,2024-11-12,1,RESIDUAL_REVERTED,495.28533935546875,489.76483154296875,0.01114611593325987,116.94207093793678,11541.62428430258
EOG,-1,2024-11-11,2024-11-12,1,RESIDUAL_REVERTED,125.88113403320312,125.52278900146484,0.0028466937042668228,21.10192407758464,11541.62428430258
BMY,-1,2024-11-12,2024-11-13,1,RESIDUAL_REVERTED,55.12465286254883,54.562538146972656,0.010197156560382892,106.6842396816868,11617.986122414002
PODD,-1,2024-11-11,2024-11-14,3,RESIDUAL_REVERTED,268.1600036621094,266.4599914550781,0.00633954424155414,60.96346230273111,11541.62428430258
ABBV,1,2024-11-12,2024-11-14,2,RESIDUAL_REVERTED,166.13560485839844,160.46278381347656,-0.034145727219381805,-408.12421880443856,11617.986122414002
AMGN,1,2024-11-13,2024-11-14,1,RESIDUAL_REVERTED,288.10723876953125,280.4903259277344,-0.02643776974965195,-317.51158397387377,11577.640251591909
MOS,1,2024-11-13,2024-11-14,1,RESIDUAL_REVERTED,24.210403442382812,24.341468811035156,0.005413597049890528,51.06770051956485,11577.64025159191
LYV,-1,2024-11-13,2024-11-14,1,RESIDUAL_REVERTED,129.4499969482422,126.76000213623047,0.020780184437449223,228.9027493418447,11577.64025159191
POOL,1,2024-11-13,2024-11-15,2,RESIDUAL_REVERTED,343.9051513671875,363.599365234375,0.05726641136049748,651.100764025308,11577.640251591913
TJX,-1,2024-11-13,2024-11-15,2,RESIDUAL_REVERTED,116.98877716064453,117.1759033203125,-0.0015995223149569693,-30.568074262196017,11577.64025159191
PLD,-1,2024-11-14,2024-11-15,1,RESIDUAL_REVERTED,108.87506866455078,106.96695709228516,0.0175256979919306,191.31788015517714,11584.56124942375
DG,1,2024-11-13,2024-11-18,3,RESIDUAL_REVERTED,72.21553802490234,72.94612884521484,0.010116809211621058,105.49257290577435,11577.64025159191
J,1,2024-11-15,2024-11-18,1,RESIDUAL_REVERTED,136.3876953125,136.64059448242188,0.0018542667602265972,9.906910125188286,11609.574679896012
TPR,-1,2024-11-15,2024-11-18,1,RESIDUAL_REVERTED,56.23821258544922,55.08436584472656,0.02051713039367109,226.4773898023639,11609.574679896012
TSN,-1,2024-11-13,2024-11-19,4,RESIDUAL_REVERTED,58.19525909423828,59.95083236694336,-0.030166946586872356,-361.95858363751245,11577.64025159191
OMC,1,2024-11-18,2024-11-19,1,RESIDUAL_REVERTED,89.7646713256836,89.75540161132812,-0.0001032668445009044,-12.806514418132647,11608.355549784936
DIS,-1,2024-11-18,2024-11-19,1,RESIDUAL_REVERTED,110.7472915649414,109.49647521972656,0.01129432898574656,119.33503399857844,11608.355549784937
EXC,-1,2024-11-18,2024-11-19,1,RESIDUAL_REVERTED,36.663143157958984,36.68193054199219,-0.0005124324434557792,-17.79121399314044,11608.35554978494
LDOS,1,2024-11-15,2024-11-20,3,RESIDUAL_REVERTED,164.14747619628906,154.94232177734375,-0.05607856198737837,-662.3323038868763,11609.574679896012
ECL,-1,2024-11-15,2024-11-20,3,RESIDUAL_REVERTED,241.30242919921875,239.27523803710938,0.00840103918073587,85.28408682047713,11609.574679896012
UBER,1,2024-11-19,2024-11-20,1,RESIDUAL_REVERTED,68.51000213623047,69.29000091552734,0.011385181068099604,120.39888895530602,11599.693878512286
GD,1,2024-11-15,2024-11-21,4,RESIDUAL_REVERTED,281.26702880859375,271.4701232910156,-0.03483133291191787,-415.78434684080577,11609.574679896012
BBY,1,2024-11-19,2024-11-21,2,RESIDUAL_REVERTED,79.2469711303711,78.3979721069336,-0.010713330886057304,-135.8089168966396,11599.693878512286
HSIC,-1,2024-11-19,2024-11-21,2,RESIDUAL_REVERTED,73.69000244140625,73.5999984741211,0.0012213864066122904,2.1110764300897933,11599.693878512286
INTU,1,2024-11-20,2024-11-21,1,RESIDUAL_REVERTED,631.9417724609375,649.3521118164062,0.027550543600984856,307.0438574756342,11570.506765059088
SMCI,-1,2024-11-20,2024-11-21,1,RESIDUAL_REVERTED,27.290000915527344,27.68000030517578,-0.014290926220765998,-177.2234810142352,11570.506765059088
EIX,-1,2024-11-20,2024-11-22,2,RESIDUAL_REVERTED,77.93111419677734,79.57646179199219,-0.021112845776339206,-256.4428081602834,11570.506765059088
WMT,-1,2024-11-20,2024-11-22,2,TRAILING_STOP,85.04769897460938,88.69594390400152,-0.04289645661643737,-508.6178449643864,11570.506765059088
TGT,1,2024-11-21,2024-11-25,2,RESIDUAL_REVERTED,113.79718017578125,119.37100982666016,0.04898038459537468,558.4790916063031,11645.681903296334
QCOM,1,2024-11-21,2024-11-25,2,RESIDUAL_REVERTED,148.64889526367188,152.27027893066406,0.02436199516026405,271.9245082397017,11645.681903296334
KEYS,-1,2024-11-21,2024-11-25,2,RESIDUAL_REVERTED,165.38999938964844,172.0,-0.039966144475149346,-477.78740721671414,11645.681903296334
TDG,1,2024-11-22,2024-11-25,1,RESIDUAL_REVERTED,1159.2862548828125,1186.42041015625,0.02340591476794529,257.8822805056101,11515.577448633021
KMX,-1,2024-11-22,2024-11-25,1,RESIDUAL_REVERTED,81.2699966430664,83.08000183105469,-0.022271505632487365,-268.3424715328134,11515.577448633023
GOOGL,1,2024-11-22,2024-11-26,2,RESIDUAL_REVERTED,164.69349670410156,166.46109008789062,0.010732624051117412,112.0149898573269,11515.577448633021
GOOG,1,2024-11-22,2024-11-26,2,RESIDUAL_REVERTED,165.9982452392578,168.3120574951172,0.013938775392019487,148.917213593484,11515.577448633021
CPRT,-1,2024-11-25,2024-11-26,1,RESIDUAL_REVERTED,63.369998931884766,63.75,-0.005996545281998333,-80.713709257769,11498.492132293886
DE,-1,2024-11-22,2024-11-27,3,RESIDUAL_REVERTED,426.0523681640625,451.4437561035156,-0.05959687079987197,-698.8693613848351,11515.577448633021
MRNA,-1,2024-11-25,2024-11-27,2,RESIDUAL_REVERTED,43.0,42.4900016784668,0.01186042608216753,124.49196165188887,11498.492132293886
OKE,1,2024-11-26,2024-11-27,1,RESIDUAL_REVERTED,102.90914154052734,103.03726959228516,0.001245059961046735,2.8077344384757907,11486.515899907608
ORCL,1,2024-11-26,2024-11-27,1,RESIDUAL_REVERTED,184.6839599609375,185.3116455078125,0.0033987009321641004,27.533196780278235,11486.515899907608
ULTA,-1,2024-11-26,2024-11-27,1,RESIDUAL_REVERTED,360.0,365.8800048828125,-0.016333346896701295,-199.42177595959774,11486.515899907608
DRI,-1,2024-11-26,2024-11-27,1,RESIDUAL_REVERTED,165.33018493652344,165.3206787109375,5.7498427099567095e-05,-11.053008623160048,11486.515899907608
GM,1,2024-11-27,2024-11-29,1,RESIDUAL_REVERTED,54.15304946899414,55.35972213745117,0.02228263560942989,245.60106560944638,11546.018452786431
AMGN,1,2024-11-27,2024-11-29,1,RESIDUAL_REVERTED,264.7866516113281,265.2232971191406,0.001649046525401987,7.484383198202922,11546.018452786431
SJM,-1,2024-11-27,2024-11-29,1,RESIDUAL_REVERTED,112.14189910888672,110.02584838867188,0.018869403291986497,206.20468562117858,11546.018452786431
BX,1,2024-11-26,2024-12-02,3,RESIDUAL_REVERTED,181.49754333496094,180.31253051757812,-0.006529084612433733,-86.44545189536315,11486.515899907608
ADSK,1,2024-11-29,2024-12-02,1,RESIDUAL_REVERTED,289.0299987792969,291.739990234375,0.009376159798372585,96.32243575901607,11506.03370569363
HPQ,1,2024-11-29,2024-12-02,1,RESIDUAL_REVERTED,31.31671142578125,32.6882438659668,0.04379554486223736,492.15502513075586,11506.03370569363
VRSN,-1,2024-11-29,2024-12-02,1,RESIDUAL_REVERTED,187.65402221679688,183.6663818359375,0.021249959546576935,232.8953102887338,11506.03370569363
A,-1,2024-11-29,2024-12-02,1,RESIDUAL_REVERTED,135.35281372070312,135.90496826171875,-0.0040793724625109995,-58.69635793606284,11506.03370569363
RL,-1,2024-12-02,2024-12-03,1,RESIDUAL_REVERTED,225.8802490234375,229.4334259033203,-0.015730356661303846,-193.66866774178305,11556.626486071178
ULTA,-1,2024-11-29,2024-12-04,3,RESIDUAL_REVERTED,377.6600036621094,395.3999938964844,-0.0469734418851695,-552.9651667224263,11506.03370569363
PCG,1,2024-12-03,2024-12-04,1,RESIDUAL_REVERTED,20.637113571166992,20.578004837036133,-0.002864195805630576,-44.560293716033485,11535.858024886831
TRGP,1,2024-12-03,2024-12-04,1,RESIDUAL_REVERTED,188.5202178955078,189.59036254882812,0.005676551116196249,53.915287778692694,11535.858024886831
WMB,1,2024-12-03,2024-12-04,1,RESIDUAL_REVERTED,53.163360595703125,52.91957473754883,-0.004585599093485437,-64.40822871633411,11535.858024886831
EXC,1,2024-12-03,2024-12-04,1,RESIDUAL_REVERTED,36.043487548828125,35.74304962158203,-0.008335428885428708,-107.64410406163424,11535.858024886831
KMI,1,2024-12-03,2024-12-04,1,RESIDUAL_REVERTED,25.579811096191406,25.477380752563477,-0.004004343239390917,-57.7062963498691,11535.858024886831
VRSN,-1,2024-12-03,2024-12-04,1,RESIDUAL_REVERTED,188.6361846923828,184.80572509765625,0.020306070126328457,222.60517227686228,11535.858024886831
SMCI,-1,2024-12-03,2024-12-04,1,RESIDUAL_REVERTED,44.41999816894531,40.150001525878906,0.09612779871863264,1097.728045645947,11535.858024886831
TMO,-1,2024-11-29,2024-12-05,4,RESIDUAL_REVERTED,519.4655151367188,523.5170288085938,-0.0077993890909364705,-102.21735960328928,11506.03370569363
CPB,1,2024-12-05,2024-12-06,1,RESIDUAL_REVERTED,39.07493591308594,38.77429962158203,-0.0076938396565156,-100.9460271776921,11616.353458101174
ON,1,2024-12-05,2024-12-06,1,RESIDUAL_REVERTED,65.87999725341797,66.27999877929688,0.006071668830528898,58.87903243225013,11616.353458101174
LYB,1,2024-12-05,2024-12-06,1,RESIDUAL_REVERTED,68.49839782714844,68.37505340576172,-0.0018006906044426563,-32.52335325872352,11616.353458101174
CRM,-1,2024-12-05,2024-12-06,1,RESIDUAL_REVERTED,355.5932922363281,359.7427062988281,-0.011668988569509597,-147.46609123668583,11616.353458101174
PYPL,-1,2024-12-05,2024-12-06,1,RESIDUAL_REVERTED,88.60192108154297,88.5030288696289,0.001116140719150449,1.126533266773989,11616.353458101174
SYY,-1,2024-12-04,2024-12-09,3,RESIDUAL_REVERTED,75.41246032714844,76.71760559082031,-0.017306758830172075,-213.81545405834595,11635.400226865067
MCHP,1,2024-12-05,2024-12-09,2,RESIDUAL_REVERTED,58.61114501953125,56.71431350708008,-0.032362983385140875,-387.3682374915729,11616.353458101174
NOW,-1,2024-12-05,2024-12-09,2,RESIDUAL_REVERTED,223.02000427246094,224.83999633789062,-0.008160667341779115,-106.92560628440354,11616.353458101174
BF-B,-1,2024-12-06,2024-12-09,1,RESIDUAL_REVERTED,42.662837982177734,41.75552749633789,0.021266997901519535,232.8779301460871,11495.540237454748
MKTX,1,2024-12-05,2024-12-10,3,RESIDUAL_REVERTED,240.54013061523438,233.29481506347656,-0.030121026097501113,-361.3378908845298,11616.353458101174
COO,1,2024-12-09,2024-12-10,1,RESIDUAL_REVERTED,98.5999984741211,99.5999984741211,0.010141987986566292,105.25006812106136,11519.210277012844
HAL,1,2024-12-09,2024-12-10,1,RESIDUAL_REVERTED,27.8372802734375,27.866018295288086,0.0010323573843529221,0.36678554348007264,11519.210277012844
LULU,-1,2024-12-09,2024-12-10,1,RESIDUAL_REVERTED,398.67999267578125,404.0,-0.013344053932862199,-165.54108847597507,11519.210277012844
HPE,-1,2024-12-09,2024-12-10,1,RESIDUAL_REVERTED,22.80702781677246,21.640378952026367,0.05115304256734987,577.7966003927345,11519.210277012844
CME,1,2024-12-09,2024-12-11,2,RESIDUAL_REVERTED,221.3475799560547,220.53273010253906,-0.0036813135868817293,-53.90383266727699,11519.210277012844
CTAS,1,2024-12-10,2024-12-11,1,RESIDUAL_REVERTED,205.8900909423828,206.85476684570312,0.0046853925747707414,42.528821545318074,11547.175017578384
HSY,-1,2024-12-10,2024-12-11,1,RESIDUAL_REVERTED,183.3584442138672,169.20803833007812,0.07717346176478346,879.812326092806,11547.175017578384
NOC,-1,2024-12-10,2024-12-11,1,RESIDUAL_REVERTED,463.8965148925781,466.4116516113281,-0.005421762479359105,-74.41481352896687,11547.175017578384
VRSN,-1,2024-12-10,2024-12-12,2,RESIDUAL_REVERTED,197.2105255126953,195.88462829589844,0.0067232578654201625,65.66925439093234,11547.175017578384
AJG,1,2024-12-11,2024-12-12,1,RESIDUAL_REVERTED,279.80596923828125,279.94342041015625,0.000491237453758453,-5.915047035518106,11620.73114462476
URI,1,2024-12-11,2024-12-12,1,RESIDUAL_REVERTED,796.010498046875,786.6219482421875,-0.01179450500681034,-148.6129724268649,11620.73114462476
GOOGL,-1,2024-12-11,2024-12-13,2,RESIDUAL_REVERTED,184.22869873046875,189.8954315185547,-0.030759229301057456,-369.7261561304753,11620.73114462476
GOOG,-1,2024-12-11,2024-12-13,2,RESIDUAL_REVERTED,185.61276245117188,191.58778381347656,-0.03219078948774601,-386.37034199648997,11620.73114462476
PPG,1,2024-12-12,2024-12-13,1,RESIDUAL_REVERTED,117.11904907226562,117.89378356933594,0.006614931586340633,64.65435777670683,11521.505430124715
MDLZ,-1,2024-12-12,2024-12-13,1,RESIDUAL_REVERTED,59.34244155883789,58.89803695678711,0.00748881559937431,74.57593758624814,11521.505430124715
AVGO,-1,2024-12-12,2024-12-13,1,RESIDUAL_REVERTED,177.85035705566406,210.2591552734375,-0.182225095042289,-2112.3069413451826,11521.505430124715
ORCL,1,2024-12-11,2024-12-16,3,RESIDUAL_REVERTED,174.563232421875,170.48355102539062,-0.023370794295472397,-283.07065543006723,11620.73114462476
XYL,1,2024-12-12,2024-12-16,2,RESIDUAL_REVERTED,119.30715942382812,117.97805786132812,-0.011140166012824748,-139.8088128977718,11521.505430124715
WBD,-1,2024-12-13,2024-12-16,1,RESIDUAL_REVERTED,12.319999694824219,12.020000457763672,0.024350588026928244,269.78331125428474,11557.193117033788
PGR,-1,2024-12-16,2024-12-17,1,RESIDUAL_REVERTED,233.5501251220703,228.2476348876953,0.022703863813404168,246.00225454136663,11338.785391248237
NDSN,1,2024-12-13,2024-12-18,3,RESIDUAL_REVERTED,220.18426513671875,218.40330505371094,-0.008088498430630198,-104.99079133745687,11557.193117033788
ADBE,1,2024-12-13,2024-12-18,3,RESIDUAL_REVERTED,473.9800109863281,453.239990234375,-0.04375716332170676,-517.0143248862053,11557.193117033788
AVGO,-1,2024-12-16,2024-12-18,2,RESIDUAL_REVERTED,227.84463500976562,235.33494567871094,-0.03287464139159679,-384.7594865464153,11338.785391248237
ANET,-1,2024-12-16,2024-12-18,2,RESIDUAL_REVERTED,113.37999725341797,113.27999877929688,0.0008819763321883389,-1.7885937732606274,11338.785391248237
PSX,1,2024-12-17,2024-12-18,1,RESIDUAL_REVERTED,109.18122863769531,109.02073669433594,-0.0014699591254092592,-27.520662949511664,11145.469720034836
SCHW,1,2024-12-16,2024-12-18,2,STOP_LOSS,78.24646759033203,73.71037219466761,-0.057971887234752106,-668.340908077706,11338.785391248239
LW,-1,2024-12-16,2024-12-19,3,RESIDUAL_REVERTED,75.48058319091797,62.735618591308594,0.168850902587394,1903.4944777306137,11338.785391248237
MU,-1,2024-12-17,2024-12-19,2,RESIDUAL_REVERTED,109.18687438964844,89.61781311035156,0.17922540038523294,1986.9764030563153,11145.469720034836
FOXA,-1,2024-12-18,2024-12-20,2,RESIDUAL_REVERTED,48.54306411743164,48.062156677246094,0.009906820859560295,99.42046500135378,11205.648695979195
HST,1,2024-12-19,2024-12-20,1,RESIDUAL_REVERTED,15.56324577331543,15.412919044494629,-0.00965908596512366,-119.9353269864914,11257.034018558874
BXP,1,2024-12-19,2024-12-20,1,RESIDUAL_REVERTED,68.45325469970703,67.48046875,-0.014210952480995687,-171.1502229454936,11257.034018558874
RMD,1,2024-12-19,2024-12-20,1,RESIDUAL_REVERTED,227.76065063476562,227.10195922851562,-0.002892033388621984,-43.79647439796493,11257.034018558874
JBL,-1,2024-12-19,2024-12-20,1,RESIDUAL_REVERTED,144.911376953125,139.63441467285156,0.03641509998197312,398.65802060642164,11257.034018558874
APD,1,2024-12-19,2024-12-23,2,RESIDUAL_REVERTED,283.1535949707031,280.54339599609375,-0.00921831479794366,-114.97603185115808,11257.034018558872
EXC,-1,2024-12-19,2024-12-23,2,RESIDUAL_REVERTED,34.381675720214844,34.729068756103516,-0.01010401699776442,-125.50779168779826,11257.034018558872
ACN,-1,2024-12-20,2024-12-23,1,RESIDUAL_REVERTED,358.1026611328125,348.3266296386719,0.027299522051066005,303.9253801650381,11558.92749299132
SBUX,1,2024-12-17,2024-12-23,4,TRAILING_STOP,88.98819732666016,82.88732635660323,-0.06855820382181355,-774.8767977836565,11145.469720034836
DRI,-1,2024-12-20,2024-12-24,2,RESIDUAL_REVERTED,173.90347290039062,176.08474731445312,-0.012543018133467143,-157.08099817385335,11558.92749299132
FDS,1,2024-12-23,2024-12-24,1,RESIDUAL_REVERTED,468.0111389160156,477.63427734375,0.020561772204873208,225.47830242512057,11532.53727548886
PANW,1,2024-12-23,2024-12-24,1,RESIDUAL_REVERTED,187.3000030517578,187.94000244140625,0.003416974795625416,27.854148729868278,11532.53727548886
CCL,-1,2024-12-23,2024-12-24,1,RESIDUAL_REVERTED,26.10057258605957,25.588796615600586,0.01960784457013509,214.48672132542154,11532.53727548886
ODFL,1,2024-12-23,2024-12-26,2,RESIDUAL_REVERTED,178.77294921875,178.0611114501953,-0.003981797982667179,-57.4298108172356,11532.53727548886
OXY,-1,2024-12-23,2024-12-26,2,RESIDUAL_REVERTED,46.31632995605469,46.4610710144043,-0.0031250545647063532,-48.04781508110747,11532.53727548886
FDX,1,2024-12-24,2024-12-26,1,RESIDUAL_REVERTED,209.2850799560547,210.3354034423828,0.005018625725965231,46.60327655859455,11604.065162692095
WMT,1,2024-12-24,2024-12-26,1,RESIDUAL_REVERTED,88.94674682617188,91.08257293701172,0.02401241402357157,266.8982310718529,11604.065162692095
CAG,-1,2024-12-24,2024-12-26,1,RESIDUAL_REVERTED,24.33058738708496,24.31289291381836,0.0007272522025503214,-3.3921751925743036,11604.065162692095
AMD,-1,2024-12-24,2024-12-27,2,RESIDUAL_REVERTED,127.51000213623047,124.37000274658203,0.024625514367835222,273.84103426026815,11604.065162692095
PLD,-1,2024-12-27,2024-12-30,1,RESIDUAL_REVERTED,100.16231536865234,98.93575286865234,0.012245748268553625,130.23423774769188,11594.720235619436
SBUX,-1,2024-12-26,2024-12-31,3,RESIDUAL_REVERTED,85.50558471679688,86.80677795410156,-0.015217640363660134,-189.4258455247303,11631.04050812089
FDX,-1,2024-12-27,2025-01-02,3,RESIDUAL_REVERTED,215.76593017578125,219.0413818359375,-0.015180578590363147,-188.39595387796922,11594.720235619436
TSCO,1,2024-12-31,2025-01-02,1,RESIDUAL_REVERTED,50.7325325012207,51.23407745361328,0.009886061816064773,103.16289617875807,11615.979773987283
CTSH,1,2024-12-31,2025-01-02,1,RESIDUAL_REVERTED,74.4267578125,74.89071655273438,0.006233762612677607,60.75907502050181,11615.979773987283
DVA,1,2024-12-31,2025-01-02,1,RESIDUAL_REVERTED,150.8800048828125,149.6699981689453,-0.008019662478185863,-104.7256387962283,11615.979773987283
EQT,-1,2024-12-31,2025-01-02,1,RESIDUAL_REVERTED,45.28276062011719,46.036983489990234,-0.0166558500308831,-205.41661141321717,11615.979773987283
TJX,1,2024-12-31,2025-01-03,2,RESIDUAL_REVERTED,119.28983306884766,118.95709991455078,-0.002789283426231637,-44.00003950708037,11615.979773987283
DVN,-1,2024-12-31,2025-01-06,3,RESIDUAL_REVERTED,30.506282806396484,32.62596130371094,-0.06948334252215105,-819.8584364258701,11615.979773987283
AJG,1,2025-01-03,2025-01-06,1,RESIDUAL_REVERTED,272.53619384765625,276.75067138671875,0.015463918680167499,166.7244372804563,11533.085487907601
EMN,1,2025-01-03,2025-01-06,1,RESIDUAL_REVERTED,81.58528900146484,82.64579010009766,0.0129986804191351,138.3068495697152,11533.085487907601
REG,1,2025-01-03,2025-01-06,1,RESIDUAL_REVERTED,67.608642578125,67.72990417480469,0.001793581294574409,9.142098148730366,11533.085487907601
CEG,-1,2025-01-03,2025-01-06,1,RESIDUAL_REVERTED,248.00387573242188,255.3103790283203,-0.029461246419316467,-351.7126152561673,11533.085487907601
UBER,-1,2025-01-03,2025-01-06,1,RESIDUAL_REVERTED,63.689998626708984,66.97000122070312,-0.05149949230205575,-606.0101714676689,11533.085487907601
NEM,-1,2025-01-03,2025-01-06,1,RESIDUAL_REVERTED,37.52742004394531,37.19523620605469,0.008851763257416323,90.37905716232369,11533.085487907601
PPG,1,2025-01-03,2025-01-07,2,RESIDUAL_REVERTED,110.1846923828125,109.85948944091797,-0.002951434857799362,-45.555216439634414,11533.085487907601
VST,-1,2025-01-03,2025-01-07,2,RESIDUAL_REVERTED,152.84527587890625,162.99468994140625,-0.06640319109725712,-778.2334203240397,11533.085487907601
NFLX,1,2025-01-06,2025-01-08,2,RESIDUAL_REVERTED,88.8759994506836,88.0,-0.009856423062445274,-124.25988275365489,11450.94611026681
ESS,1,2025-01-07,2025-01-08,1,RESIDUAL_REVERTED,259.609619140625,255.5177764892578,-0.015761521722162053,-190.46633453313726,11368.653236218483
L,1,2025-01-07,2025-01-08,1,RESIDUAL_REVERTED,82.23702239990234,82.73482513427734,0.006053267978919363,57.414442609721284,11368.653236218483
TER,-1,2025-01-07,2025-01-08,1,RESIDUAL_REVERTED,140.49159240722656,137.14015197753906,0.02385509604000413,259.7456051501449,11368.653236218483
KLAC,-1,2025-01-07,2025-01-08,1,RESIDUAL_REVERTED,68.63450622558594,68.16230773925781,0.006879899227017372,66.66185358917586,11368.653236218483
TSCO,-1,2025-01-07,2025-01-08,1,RESIDUAL_REVERTED,51.97673416137695,51.93815612792969,0.0007422173414645128,-3.151907447291587,11368.653236218483
UDR,1,2025-01-07,2025-01-10,2,RESIDUAL_REVERTED,38.56300354003906,37.71385192871094,-0.022019851499545995,-261.5795412195763,11368.653236218483
MU,-1,2025-01-07,2025-01-10,2,RESIDUAL_REVERTED,103.01307678222656,97.7433853149414,0.051155558419301306,570.0527965563051,11368.653236218483
LUV,1,2025-01-08,2025-01-10,1,RESIDUAL_REVERTED,31.548181533813477,31.915124893188477,0.011631204764740888,120.76701558719819,11365.891050374687
PAYX,-1,2025-01-08,2025-01-10,1,RESIDUAL_REVERTED,131.2265167236328,131.99539184570312,-0.005859144487463608,-78.21958326236356,11365.891050374687
JNJ,1,2025-01-10,2025-01-13,1,RESIDUAL_REVERTED,134.6463623046875,136.53717041015625,0.014042771546921573,148.72381217264143,11408.918576538863
EBAY,-1,2025-01-10,2025-01-13,1,RESIDUAL_REVERTED,67.0596694946289,62.950782775878906,0.061272099157588245,687.7718861320592,11408.918576538863
MDT,-1,2025-01-10,2025-01-13,1,RESIDUAL_REVERTED,77.50817108154297,76.47787475585938,0.01329274463978336,140.10008233234768,11408.918576538863
BSX,-1,2025-01-10,2025-01-13,1,RESIDUAL_REVERTED,95.4800033569336,93.81999969482422,0.017385877709951147,186.81937671355738,11408.918576538863
EIX,1,2025-01-10,2025-01-13,1,TRAILING_STOP,63.53002166748047,58.52210693500167,-0.07882753068605086,-910.2961293237189,11408.918576538863
PCG,1,2025-01-10,2025-01-13,1,TRAILING_STOP,17.7236270904541,16.845482000664408,-0.049546578999208335,-576.3991676817835,11408.918576538863
STZ,1,2025-01-13,2025-01-14,1,RESIDUAL_REVERTED,170.7236785888672,175.84242248535156,0.02998262419597464,329.3613334208029,11369.977475933993
XEL,1,2025-01-13,2025-01-14,1,RESIDUAL_REVERTED,60.40357208251953,60.03445053100586,-0.006110922562814647,-80.81628884636562,11369.977475933993
CEG,-1,2025-01-13,2025-01-14,1,RESIDUAL_REVERTED,294.5306091308594,281.0660705566406,0.045715243702349695,508.4594526070088,11369.977475933993
TAP,-1,2025-01-13,2025-01-14,1,RESIDUAL_REVERTED,48.8629264831543,50.20520782470703,-0.027470342817381033,-324.09490196404215,11369.977475933993
EIX,1,2025-01-14,2025-01-15,1,RESIDUAL_REVERTED,52.72578430175781,56.73143768310547,0.07597143284626529,858.6249132028215,11458.500123650078
MRNA,1,2025-01-14,2025-01-15,1,RESIDUAL_REVERTED,35.150001525878906,35.18000030517578,0.0008534502985664272,-1.6841294021722337,11458.500123650078
APH,1,2025-01-14,2025-01-15,1,RESIDUAL_REVERTED,34.025169372558594,35.47662353515625,0.042658249447782515,477.0966566701764,11458.500123650078
RVTY,-1,2025-01-14,2025-01-15,1,RESIDUAL_REVERTED,122.03955841064453,121.47228240966797,0.00464829608009365,41.6068036573439,11458.500123650078
WY,-1,2025-01-14,2025-01-15,1,RESIDUAL_REVERTED,27.244352340698242,28.205915451049805,-0.03529403445994772,-416.30522989646124,11458.500123650078
ESS,-1,2025-01-14,2025-01-15,1,RESIDUAL_REVERTED,267.509765625,273.81292724609375,-0.02356236082210783,-281.8112687023775,11458.500123650078
LLY,1,2025-01-15,2025-01-16,1,RESIDUAL_REVERTED,739.8801879882812,738.3984985351562,-0.002002607283151714,-34.36731089781344,11449.641002988023
URI,-1,2025-01-15,2025-01-16,1,RESIDUAL_REVERTED,739.6297607421875,730.0933837890625,0.0128934467747156,136.02514115518326,11449.641002988023
AOS,-1,2025-01-15,2025-01-16,1,RESIDUAL_REVERTED,69.98127746582031,68.71888732910156,0.01803896959919482,194.97140364807797,11449.641002988023
CRL,1,2025-01-15,2025-01-16,1,TRAILING_STOP,180.5,167.92493069148367,-0.06966797400840075,-808.7240961587762,11449.641002988023
ABT,1,2025-01-16,2025-01-17,1,RESIDUAL_REVERTED,107.52887725830078,110.04713439941406,0.023419356784169176,257.31341309000913,11483.285678114285
CMI,1,2025-01-16,2025-01-17,1,RESIDUAL_REVERTED,350.8768310546875,358.2811584472656,0.021102354835802917,230.71992119781808,11483.285678114285
BNY,-1,2025-01-16,2025-01-17,1,RESIDUAL_REVERTED,78.90120697021484,79.49981689453125,-0.007586828482134322,-98.87788604848596,11483.285678114285
ISRG,-1,2025-01-16,2025-01-17,1,RESIDUAL_REVERTED,582.5999755859375,597.6799926757812,-0.025883998835869004,-309.0936772627928,11483.285678114285
GS,-1,2025-01-16,2025-01-17,1,RESIDUAL_REVERTED,589.1658935546875,596.7091674804688,-0.01280331059265749,-158.80983440252925,11483.285678114285
DGX,1,2025-01-16,2025-01-21,2,RESIDUAL_REVERTED,146.3524932861328,147.30657958984375,0.0065190983924381385,63.33995319138605,11483.285678114285
USB,1,2025-01-17,2025-01-21,1,RESIDUAL_REVERTED,45.84862518310547,45.735836029052734,-0.0024600335037809895,-39.68917730719335,11474.828638294337
TXN,1,2025-01-17,2025-01-21,1,RESIDUAL_REVERTED,183.40037536621094,182.57168579101562,-0.00451847262330074,-63.29760334796557,11474.828638294337
CCI,-1,2025-01-17,2025-01-21,1,RESIDUAL_REVERTED,83.39498901367188,83.7061538696289,-0.003731217662322761,-54.53881975943943,11474.828638294337
AMT,-1,2025-01-17,2025-01-21,1,RESIDUAL_REVERTED,180.74375915527344,181.26486206054688,-0.0028831031716329836,-44.801718609253435,11474.828638294337
JBHT,1,2025-01-21,2025-01-22,1,RESIDUAL_REVERTED,169.52554321289062,170.52822875976562,0.005914657625463615,56.12871739839256,11427.553394628692
STT,1,2025-01-21,2025-01-22,1,RESIDUAL_REVERTED,93.71593475341797,94.63725280761719,0.009830964783346108,100.86014965028268,11427.553394628692
TFC,-1,2025-01-21,2025-01-22,1,RESIDUAL_REVERTED,44.369781494140625,44.12019348144531,0.0056251801178752725,52.66041621539098,11427.553394628692
SLB,-1,2025-01-21,2025-01-22,1,RESIDUAL_REVERTED,41.913169860839844,41.36957931518555,0.012969444865638335,136.629921033731,11427.553394628692
INTC,-1,2025-01-21,2025-01-22,1,RESIDUAL_REVERTED,22.030000686645508,21.729999542236328,0.013617845440696663,144.04485063047727,11427.553394628692
PLD,-1,2025-01-22,2025-01-23,1,RESIDUAL_REVERTED,109.69170379638672,108.7764892578125,0.00834351648209486,84.01577189737456,11464.972074259116
SCHW,-1,2025-01-22,2025-01-23,1,RESIDUAL_REVERTED,79.3127212524414,78.71601104736328,0.007523511936740612,74.60887771740622,11464.972074259116
EXPE,1,2025-01-22,2025-01-23,1,TRAILING_STOP,179.3141326904297,169.1056067914996,-0.05693096102220907,-663.8504944154801,11464.972074259116
BKNG,1,2025-01-22,2025-01-24,2,RESIDUAL_REVERTED,184.5474395751953,189.295166015625,0.02572631975473816,283.33908971849337,11464.972074259116
KEY,1,2025-01-22,2025-01-24,2,RESIDUAL_REVERTED,16.2145938873291,16.112674713134766,-0.006285644580588667,-83.49367928963349,11464.972074259116
D,1,2025-01-23,2025-01-24,1,RESIDUAL_REVERTED,49.247833251953125,49.062686920166016,-0.003759481779429641,-54.2447246783193,11401.694433224613
TXT,1,2025-01-23,2025-01-24,1,RESIDUAL_REVERTED,79.31560516357422,77.32897186279297,-0.02504719338248984,-296.8393495675805,11401.694433224613
TDY,-1,2025-01-23,2025-01-24,1,RESIDUAL_REVERTED,514.719970703125,513.8499755859375,0.0016902299632925999,7.653044533349411,11401.694433224613
TEL,-1,2025-01-23,2025-01-24,1,RESIDUAL_REVERTED,151.31259155273438,152.90565490722656,-0.010528293370330566,-131.73147882209582,11401.694433224613
NFLX,-1,2025-01-23,2025-01-27,2,RESIDUAL_REVERTED,95.78099822998047,97.11000061035156,-0.013875428372337684,-170.14769949523705,11401.694433224613
UNP,-1,2025-01-24,2025-01-27,1,RESIDUAL_REVERTED,238.10787963867188,241.1386260986328,-0.012728459320876295,-156.4859804171908,11376.852631240281
ABT,-1,2025-01-24,2025-01-27,1,TRAILING_STOP,118.73506164550781,125.5424459446166,-0.057332553710484735,-664.1972232770057,11376.852631240281
LDOS,1,2025-01-24,2025-01-28,2,RESIDUAL_REVERTED,146.99166870117188,145.65774536132812,-0.009074822754448486,-114.56815230266088,11376.852631240281
TXN,1,2025-01-27,2025-01-28,1,RESIDUAL_REVERTED,176.9326934814453,176.72314453125,-0.0011843427354893965,-24.679360964485316,11301.364436928008
CF,1,2025-01-27,2025-01-28,1,RESIDUAL_REVERTED,86.35354614257812,85.96859741210938,-0.004457821915421545,-61.65564476300075,11301.364436928008
ADI,1,2025-01-27,2025-01-28,1,RESIDUAL_REVERTED,211.97711181640625,207.5016326904297,-0.02111303002303755,-249.78810807174824,11301.364436928008
CSX,1,2025-01-27,2025-01-28,1,RESIDUAL_REVERTED,32.039695739746094,32.52736282348633,0.01522071519347401,160.62747753051167,11301.364436928008
NEE,-1,2025-01-27,2025-01-28,1,RESIDUAL_REVERTED,69.56481170654297,68.64422607421875,0.013233495638681259,138.10411608009886,11301.364436928008
WELL,-1,2025-01-27,2025-01-28,1,RESIDUAL_REVERTED,132.7943572998047,134.52500915527344,-0.013032570740649119,-158.88814236798518,11301.364436928008
AWK,-1,2025-01-28,2025-01-29,1,RESIDUAL_REVERTED,122.5355453491211,120.99608612060547,0.012563368646456685,130.094864003467,11263.535994401485
COST,-1,2025-01-28,2025-01-29,1,RESIDUAL_REVERTED,952.6326904296875,948.6410522460938,0.004190112541480495,35.73279656235164,11263.535994401485
FE,-1,2025-01-28,2025-01-29,1,RESIDUAL_REVERTED,37.9686393737793,37.50276565551758,0.012269960839930594,126.78829947012515,11263.535994401484
LMT,1,2025-01-29,2025-01-30,1,RESIDUAL_REVERTED,438.8805847167969,435.6175842285156,-0.007434825330418282,-95.20105050888911,11291.641791042339
SYF,1,2025-01-29,2025-01-30,1,RESIDUAL_REVERTED,64.82273864746094,67.21961975097656,0.036975930877451546,406.0185650843036,11291.641791042339
SYY,1,2025-01-29,2025-01-30,1,RESIDUAL_REVERTED,69.81431579589844,69.24842071533203,-0.008105716916581907,-102.77273024673677,11291.641791042339
GM,1,2025-01-29,2025-01-30,1,RESIDUAL_REVERTED,49.43748474121094,49.60463333129883,0.0033810091869126424,26.866414267483766,11291.641791042339
ARE,1,2025-01-29,2025-01-30,1,RESIDUAL_REVERTED,89.25770568847656,89.00211334228516,-0.0028635325568804326,-43.60945868837935,11291.641791042339
RCL,-1,2025-01-29,2025-01-30,1,RESIDUAL_REVERTED,258.54473876953125,261.88580322265625,-0.012922577612779262,-157.5081905723767,11291.641791042339
IVZ,-1,2025-01-29,2025-01-30,1,RESIDUAL_REVERTED,18.108551025390625,18.033647537231445,0.004136360112642623,35.21790623079328,11291.641791042339
FFIV,-1,2025-01-30,2025-01-31,1,RESIDUAL_REVERTED,304.3599853515625,302.2900085449219,0.00680108064879037,65.15352544072498,11262.829112893349
SBUX,-1,2025-01-30,2025-01-31,1,RESIDUAL_REVERTED,104.28678131103516,104.28678894042969,-7.315782912797886e-08,-11.48712232060859,11262.829112893349
HSIC,-1,2025-01-30,2025-01-31,1,RESIDUAL_REVERTED,80.45999908447266,79.7699966430664,0.008575720224428984,85.15006117766585,11262.829112893349
UPS,1,2025-01-31,2025-02-03,1,RESIDUAL_REVERTED,102.73584747314453,100.34186553955078,-0.02330230384500931,-274.710398038043,11309.304921074681
NOW,1,2025-01-31,2025-02-03,1,RESIDUAL_REVERTED,206.40199279785156,201.3000030517578,-0.02471870390849662,-290.7208889961463,11309.304921074681
AVY,1,2025-01-31,2025-02-03,1,RESIDUAL_REVERTED,177.76377868652344,175.60791015625,-0.012127715478388867,-148.39675924604055,11309.304921074681
AMP,1,2025-01-31,2025-02-03,1,RESIDUAL_REVERTED,533.0703125,521.6592407226562,-0.021406316408482673,-253.2788191418595,11309.30492107468
CMCSA,1,2025-01-31,2025-02-03,1,RESIDUAL_REVERTED,29.3807315826416,29.064714431762695,-0.010755931995431012,-132.8905985104243,11309.304921074681
IBM,-1,2025-01-31,2025-02-03,1,RESIDUAL_REVERTED,244.61782836914062,241.13079833984375,0.014255011797565165,149.76149303592695,11309.304921074681
WM,-1,2025-01-31,2025-02-03,1,RESIDUAL_REVERTED,215.5941925048828,212.97705078125,0.012139203256013253,125.82225509468381,11309.304921074681
BEN,-1,2025-02-03,2025-02-04,1,RESIDUAL_REVERTED,20.260486602783203,18.842248916625977,0.07000017886847798,779.8182645284502,11299.013335959806
KEYS,-1,2025-02-03,2025-02-04,1,RESIDUAL_REVERTED,173.77999877929688,174.10000610351562,-0.0018414508370734328,-32.34345772846478,11299.013335959806
EMN,-1,2025-02-03,2025-02-05,2,RESIDUAL_REVERTED,90.05091094970703,93.46297454833984,-0.03789038403552003,-440.1021169399613,11299.013335959806
BLK,1,2025-02-04,2025-02-05,1,RESIDUAL_REVERTED,975.205078125,983.361328125,0.008363625439360645,82.69773792112494,11236.955144511314
KHC,1,2025-02-04,2025-02-05,1,RESIDUAL_REVERTED,26.114803314208984,25.693161010742188,-0.01614572004979964,-192.57497275395863,11236.955144511314
TFX,1,2025-02-04,2025-02-05,1,RESIDUAL_REVERTED,171.8395233154297,172.68333435058594,0.0049104595897147,43.91406969697363,11236.955144511314
ALLE,1,2025-02-04,2025-02-05,1,RESIDUAL_REVERTED,126.37866973876953,127.05552673339844,0.005355785086423204,48.91567027687907,11236.955144511314
IDXX,-1,2025-02-04,2025-02-05,1,RESIDUAL_REVERTED,464.4700012207031,469.239990234375,-0.010269746164737414,-126.91855675161239,11236.955144511314
LIN,-1,2025-02-04,2025-02-05,1,RESIDUAL_REVERTED,445.49578857421875,443.0139465332031,0.005570966336087224,51.17264604066648,11236.955144511314
ADM,1,2025-02-04,2025-02-05,1,TRAILING_STOP,45.73567581176758,42.9928851627989,-0.05997048475367606,-684.7856594925831,11236.955144511314
PLTR,-1,2025-02-05,2025-02-06,1,RESIDUAL_REVERTED,101.77999877929688,101.08999633789062,0.006779352030672259,64.60521362823256,11210.378607073895
AMCR,-1,2025-02-05,2025-02-07,2,RESIDUAL_REVERTED,45.73943328857422,45.42304992675781,0.006917080931464925,65.92641297503044,11210.378607073895
FMC,1,2025-02-06,2025-02-07,1,RESIDUAL_REVERTED,34.19905471801758,32.87431335449219,-0.03873619825016561,-443.68414170367316,11171.187126877223
IEX,1,2025-02-06,2025-02-07,1,RESIDUAL_REVERTED,193.6688232421875,195.8984832763672,0.011512746330840429,117.37555095740788,11171.187126877223
MKTX,1,2025-02-06,2025-02-07,1,RESIDUAL_REVERTED,202.72296142578125,193.98399353027344,-0.04310793328020335,-492.49719305830394,11171.187126877223
VLTO,1,2025-02-06,2025-02-07,1,RESIDUAL_REVERTED,95.28772735595703,97.59027099609375,0.02416411540108765,258.63569684667783,11171.187126877223
TROW,1,2025-02-06,2025-02-07,1,RESIDUAL_REVERTED,101.88026428222656,101.75242614746094,-0.0012547880167594894,-25.181650130790445,11171.187126877223
AMGN,-1,2025-02-06,2025-02-07,1,RESIDUAL_REVERTED,293.7234191894531,283.919677734375,0.033377459251060504,361.6678248259697,11171.187126877223
FISV,-1,2025-02-06,2025-02-07,1,RESIDUAL_REVERTED,229.5,231.5399932861328,-0.008888859634565538,-110.74328203759434,11171.187126877223
JCI,-1,2025-02-06,2025-02-10,2,RESIDUAL_REVERTED,85.48653411865234,88.27937316894531,-0.03266992958699921,-376.7634300573758,11171.187126877223
PM,-1,2025-02-07,2025-02-10,1,RESIDUAL_REVERTED,138.1460418701172,136.72183227539062,0.010309449155738948,103.92240474864936,11180.569878810255
APD,1,2025-02-10,2025-02-11,1,RESIDUAL_REVERTED,298.88909912109375,297.6289367675781,-0.004216153607546125,-58.169735169775805,11156.353512220545
CPAY,1,2025-02-10,2025-02-11,1,RESIDUAL_REVERTED,375.0,370.82000732421875,-0.011146647135416687,-135.45011146295002,11156.353512220545
AMZN,1,2025-02-10,2025-02-11,1,RESIDUAL_REVERTED,230.5500030517578,231.9199981689453,0.005942290605305045,55.10479400557649,11156.353512220545
CDW,1,2025-02-10,2025-02-11,1,RESIDUAL_REVERTED,188.15882873535156,184.31842041015625,-0.020410460412659703,-238.74881206717976,11156.353512220545
DHI,1,2025-02-10,2025-02-11,1,RESIDUAL_REVERTED,127.70658111572266,127.6672592163086,-0.0003079081678526441,-14.589768315899438,11156.353512220545
EXPE,-1,2025-02-10,2025-02-11,1,RESIDUAL_REVERTED,201.70372009277344,198.07403564453125,0.01799512892758115,189.48431373411648,11156.353512220545
TTWO,-1,2025-02-10,2025-02-11,1,RESIDUAL_REVERTED,210.00999450683594,212.27000427246094,-0.010761439096897085,-131.49879287503913,11156.353512220545
ROK,-1,2025-02-11,2025-02-12,1,RESIDUAL_REVERTED,297.2129211425781,293.79241943359375,0.01150859019128414,116.49178129777603,11100.181062495421
MCD,-1,2025-02-11,2025-02-12,1,RESIDUAL_REVERTED,294.5894775390625,296.7075500488281,-0.007189912305963997,-91.17169078248621,11100.181062495421
PFG,-1,2025-02-10,2025-02-13,3,RESIDUAL_REVERTED,77.75991821289062,80.20223236083984,-0.03140839399113915,-362.4159643575925,11156.353512220543
FIS,1,2025-02-12,2025-02-13,1,RESIDUAL_REVERTED,67.94883728027344,68.76372528076172,0.011992670266410155,121.44954361786625,11054.259403487173
MAR,1,2025-02-12,2025-02-13,1,RESIDUAL_REVERTED,279.5711975097656,286.1573181152344,0.02355793681228091,249.23107735815816,11054.259403487173
AES,1,2025-02-12,2025-02-13,1,RESIDUAL_REVERTED,9.315990447998047,9.371386528015137,0.0059463435827151745,54.64529884987578,11054.259403487173
GPN,1,2025-02-12,2025-02-13,1,RESIDUAL_REVERTED,104.1259994506836,106.21009826660156,0.02001516265786285,210.08791421950693,11054.259403487173
DD,-1,2025-02-12,2025-02-13,1,RESIDUAL_REVERTED,97.68318176269531,100.72932434082031,-0.03118390006506022,-356.16432862038954,11054.259403487173
SPGI,-1,2025-02-12,2025-02-13,1,RESIDUAL_REVERTED,499.796142578125,500.6076354980469,-0.0016236478251629993,-29.22900375665493,11054.259403487173
GILD,-1,2025-02-13,2025-02-14,1,RESIDUAL_REVERTED,100.1864013671875,101.1037826538086,-0.009156744569144282,-113.28228801048915,11126.42201417163
NTAP,1,2025-02-12,2025-02-18,3,RESIDUAL_REVERTED,114.10128784179688,116.2684326171875,0.01899316665378392,198.7961539855612,11054.259403487173
CVS,-1,2025-02-13,2025-02-18,2,RESIDUAL_REVERTED,60.60292053222656,61.542423248291016,-0.015502598023553249,-184.1581260837295,11126.42201417163
WST,1,2025-02-14,2025-02-18,1,RESIDUAL_REVERTED,201.67337036132812,214.9378204345703,0.06577194623899496,714.3773871631018,11034.719753874104
ZBRA,1,2025-02-14,2025-02-18,1,RESIDUAL_REVERTED,321.0,317.04998779296875,-0.012305333978290478,-146.75273872617035,11034.719753874102
MGM,-1,2025-02-14,2025-02-18,1,RESIDUAL_REVERTED,41.209999084472656,39.7400016784668,0.035670891498751134,382.5688755872902,11034.719753874104
GEHC,-1,2025-02-14,2025-02-18,1,RESIDUAL_REVERTED,92.9320297241211,91.9847640991211,0.010193101644417557,101.28292214993336,11034.719753874104
TAP,-1,2025-02-14,2025-02-19,2,RESIDUAL_REVERTED,55.29471206665039,56.44124984741211,-0.020735034832620514,-240.40098012284528,11034.719753874104
ABNB,-1,2025-02-18,2025-02-19,1,RESIDUAL_REVERTED,161.0399932861328,160.0,0.00645798143002263,60.293948087008765,11080.547146058136
DUK,1,2025-02-14,2025-02-20,3,RESIDUAL_REVERTED,107.51378631591797,105.84322357177734,-0.01553812586631309,-182.40785475684393,11034.719753874104
ZTS,1,2025-02-14,2025-02-20,3,RESIDUAL_REVERTED,159.81448364257812,152.6609344482422,-0.04476158250046158,-504.7192726270673,11034.719753874104
MDT,1,2025-02-19,2025-02-20,1,RESIDUAL_REVERTED,81.28905487060547,82.01687622070312,0.008953497506597685,88.13116545199163,11087.046837186768
ALLE,1,2025-02-19,2025-02-20,1,RESIDUAL_REVERTED,123.4946060180664,123.85757446289062,0.00293914411752616,21.483088440822343,11087.046837186768
CAG,1,2025-02-19,2025-02-20,1,RESIDUAL_REVERTED,21.490339279174805,21.714570999145508,0.010434070726281774,104.53814249219721,11087.046837186768
INTC,-1,2025-02-19,2025-02-20,1,RESIDUAL_REVERTED,25.979999542236328,25.559999465942383,0.016166284976685263,168.02115048027417,11087.046837186768
ETR,-1,2025-02-19,2025-02-20,1,RESIDUAL_REVERTED,84.25749206542969,83.8725814819336,0.004568265373922964,39.367471493399286,11087.046837186768
NKE,-1,2025-02-19,2025-02-20,1,RESIDUAL_REVERTED,73.12493133544922,73.21060180664062,-0.001171563099299222,-24.302582916714876,11087.046837186768
GRMN,-1,2025-02-20,2025-02-21,1,RESIDUAL_REVERTED,232.4329833984375,223.50816345214844,0.03839739014574406,416.8691021456613,11146.952972929108
FTNT,-1,2025-02-20,2025-02-24,2,RESIDUAL_REVERTED,113.80000305175781,109.31999969482422,0.0393673395148858,427.46255240354697,11146.952972929108
JPM,1,2025-02-21,2025-02-24,1,RESIDUAL_REVERTED,260.4168395996094,257.6701965332031,-0.01054710237106482,-129.02721861814572,11179.096539355456
NWSA,1,2025-02-21,2025-02-24,1,RESIDUAL_REVERTED,28.51903533935547,28.371217727661133,-0.005183121025498116,-69.09273555340187,11179.096539355456
NWS,1,2025-02-21,2025-02-24,1,RESIDUAL_REVERTED,32.65185546875,32.1583251953125,-0.015114922761735317,-180.06579168732617,11179.096539355456
HAS,-1,2025-02-21,2025-02-24,1,RESIDUAL_REVERTED,64.65924835205078,63.52159881591797,0.017594536978509878,185.39237161655194,11179.096539355456
LKQ,-1,2025-02-21,2025-02-24,1,RESIDUAL_REVERTED,39.436683654785156,38.23030090332031,0.030590370174761516,330.751620218461,11179.096539355456
EPAM,1,2025-02-21,2025-02-25,2,RESIDUAL_REVERTED,223.4499969482422,207.5,-0.07138060938052593,-808.7508344806251,11179.096539355456
SYY,-1,2025-02-24,2025-02-25,1,RESIDUAL_REVERTED,70.15000915527344,70.78302764892578,-0.009023783478790293,-111.65846772064907,11112.202622651901
WMT,1,2025-02-21,2025-02-26,3,RESIDUAL_REVERTED,95.0097427368164,96.16130065917969,0.0121204193295541,124.2484935743096,11179.096539355456
BAX,-1,2025-02-21,2025-02-26,3,RESIDUAL_REVERTED,32.86863327026367,35.25212478637695,-0.07251568681042886,-822.9382409124009,11179.096539355456
LW,1,2025-02-25,2025-02-26,1,RESIDUAL_REVERTED,50.235191345214844,49.680206298828125,-0.011047734297912282,-133.1820914194196,11059.605060478665
WDC,1,2025-02-25,2025-02-26,1,RESIDUAL_REVERTED,48.472442626953125,49.527278900146484,0.021761566284402845,229.4943863781446,11059.605060478665
HRL,1,2025-02-25,2025-02-26,1,RESIDUAL_REVERTED,27.36671257019043,27.282825469970703,-0.0030652969370936756,-44.94362809107049,11059.605060478665
BRK-B,-1,2025-02-25,2025-02-26,1,RESIDUAL_REVERTED,503.1499938964844,499.1199951171875,0.008009537569677483,77.34902402248964,11059.605060478665
LYV,-1,2025-02-25,2025-02-26,1,RESIDUAL_REVERTED,154.5399932861328,144.67999267578125,0.06380225856549404,694.7158668397313,11059.605060478667
HIG,-1,2025-02-25,2025-02-27,2,RESIDUAL_REVERTED,111.29647064208984,112.6161117553711,-0.011856989764976289,-142.70262414490696,11059.605060478665
SRE,1,2025-02-26,2025-02-27,1,RESIDUAL_REVERTED,66.30597686767578,68.59727478027344,0.03455643097107686,373.26830831277607,11129.330279535716
AMT,-1,2025-02-26,2025-02-27,1,RESIDUAL_REVERTED,193.84756469726562,189.5459442138672,0.02219073781048697,235.74555014721065,11129.330279535716
KEYS,1,2025-02-27,2025-02-28,1,RESIDUAL_REVERTED,161.8699951171875,157.30999755859375,-0.028170740076272294,-326.8921320348966,11211.578808627937
EXR,1,2025-02-27,2025-02-28,1,RESIDUAL_REVERTED,142.01687622070312,142.04457092285156,0.00019500993744858697,-9.026302711099023,11211.578808627937
FTNT,1,2025-02-27,2025-02-28,1,RESIDUAL_REVERTED,109.9800033569336,106.9800033569336,-0.027277686019554603,-316.8845923706107,11211.578808627937
VRSK,1,2025-02-27,2025-02-28,1,RESIDUAL_REVERTED,285.9521179199219,287.5189208984375,0.005479249427886357,50.188742445863085,11211.578808627937
INTU,-1,2025-02-27,2025-02-28,1,RESIDUAL_REVERTED,616.145263671875,592.4064331054688,0.03852797703083255,420.75014836141065,11211.578808627935
AXON,-1,2025-02-27,2025-02-28,1,RESIDUAL_REVERTED,575.0,526.969970703125,0.0835304857336957,925.5620206927316,11211.578808627937
NRG,-1,2025-02-27,2025-02-28,1,RESIDUAL_REVERTED,114.0198745727539,102.51976776123047,0.10086054606370787,1119.958563648599,11211.578808627937
INVH,-1,2025-02-28,2025-03-03,1,RESIDUAL_REVERTED,31.178268432617188,31.634315490722656,-0.014627081009680909,-178.29028627023945,11389.048187242355
TFX,1,2025-02-28,2025-03-04,2,RESIDUAL_REVERTED,132.89747619628906,132.03408813476562,-0.006496647537897693,-85.34268473595617,11389.048187242355
BIIB,-1,2025-02-28,2025-03-04,2,RESIDUAL_REVERTED,141.05999755859375,143.41000366210938,-0.01665962104202845,-201.67323418157872,11389.048187242355
NTAP,1,2025-03-03,2025-03-04,1,RESIDUAL_REVERTED,97.78443145751953,91.35099029541016,-0.06579208025465944,-757.8306155240006,11351.705753154423
HPQ,1,2025-03-03,2025-03-04,1,RESIDUAL_REVERTED,28.655221939086914,27.585721969604492,-0.03732303912201007,-434.82002360072033,11351.705753154423
UHS,1,2025-03-03,2025-03-04,1,RESIDUAL_REVERTED,174.8697967529297,175.11819458007812,0.0014204730134124155,4.765023529559761,11351.705753154421
AES,-1,2025-03-03,2025-03-04,1,RESIDUAL_REVERTED,10.294675827026367,10.396239280700684,-0.009865629125269226,-123.62546078668416,11351.705753154423
BBY,-1,2025-03-03,2025-03-04,1,RESIDUAL_REVERTED,81.12872314453125,72.5201416015625,0.10611015691239856,1193.5620046098911,11351.705753154425
MNST,-1,2025-03-03,2025-03-04,1,RESIDUAL_REVERTED,27.21500015258789,27.670000076293945,-0.016718718396288024,-201.46086492418624,11351.705753154423
EOG,1,2025-03-03,2025-03-04,1,TRAILING_STOP,120.55548095703125,112.22442463999177,-0.06910557903218739,-795.4256717283661,11351.705753154423
WY,-1,2025-03-04,2025-03-05,1,RESIDUAL_REVERTED,29.60112762451172,28.894092559814453,0.023885409828502402,256.55350819221024,11214.033851077755
BBY,1,2025-03-05,2025-03-06,1,RESIDUAL_REVERTED,68.88682556152344,68.46690368652344,-0.006095822700161513,-79.80909002917387,11252.167509261631
BA,1,2025-03-05,2025-03-06,1,RESIDUAL_REVERTED,159.9600067138672,161.4199981689453,0.009127228018249056,91.3975804980252,11252.167509261633
DOV,1,2025-03-05,2025-03-06,1,RESIDUAL_REVERTED,182.32366943359375,184.9121551513672,0.014197200647698693,148.41723770131765,11252.167509261631
LH,-1,2025-03-05,2025-03-06,1,RESIDUAL_REVERTED,251.09141540527344,249.84104919433594,0.004979725049219064,44.58593976504835,11252.167509261631
ENPH,-1,2025-03-05,2025-03-06,1,RESIDUAL_REVERTED,58.27000045776367,57.400001525878906,0.014930477519308982,156.60735340983265,11252.167509261631
STE,-1,2025-03-05,2025-03-06,1,RESIDUAL_REVERTED,221.9410400390625,222.36526489257812,-0.0019114304116127911,-32.99636513837165,11252.167509261631
TYL,-1,2025-03-05,2025-03-06,1,RESIDUAL_REVERTED,612.4199829101562,617.280029296875,-0.007935806345874541,-100.81973171610923,11252.167509261631
STX,1,2025-03-05,2025-03-06,1,TRAILING_STOP,91.59791564941406,85.10048268060265,-0.07093428843599425,-809.0175808935334,11252.167509261631
BAC,1,2025-03-05,2025-03-07,2,RESIDUAL_REVERTED,41.02665328979492,39.98843002319336,-0.025306067723047998,-295.8579064732072,11252.16750926163
BF-B,-1,2025-03-06,2025-03-07,1,RESIDUAL_REVERTED,32.74850845336914,33.908756256103516,-0.03542902738261988,-409.8158815932775,11237.921801919782
PAYC,1,2025-03-07,2025-03-10,1,RESIDUAL_REVERTED,201.2179412841797,212.713134765625,0.057128074206915125,624.3463223784717,11129.26513063291
SBUX,1,2025-03-07,2025-03-10,1,RESIDUAL_REVERTED,100.74525451660156,101.70721435546875,0.009548438221560707,95.08470187031043,11129.26513063291
FAST,-1,2025-03-07,2025-03-10,1,STOP_LOSS,37.5213623046875,39.60673203353738,-0.05557819867828617,-630.2110780489002,11129.26513063291
JKHY,-1,2025-03-07,2025-03-10,1,TRAILING_STOP,179.7283477783203,189.01364489817178,-0.05166295264286358,-586.6173782595768,11129.26513063291
POOL,-1,2025-03-07,2025-03-10,1,TRAILING_STOP,344.3392028808594,357.49214870085433,-0.03819764264409309,-436.6788346801466,11129.26513063291
PCAR,-1,2025-03-07,2025-03-10,1,TRAILING_STOP,103.37744140625,110.29931963799432,-0.06695733747697341,-756.9157198593047,11129.26513063291
HPE,1,2025-03-10,2025-03-11,1,RESIDUAL_REVERTED,14.924616813659668,14.45311164855957,-0.03159244696108754,-358.34187542997734,10999.960625672988
SPG,1,2025-03-07,2025-03-11,2,TRAILING_STOP,160.51199340820312,151.8695838036541,-0.05384276539741317,-610.0600613991747,11129.265130632908
CBRE,1,2025-03-07,2025-03-12,3,RESIDUAL_REVERTED,134.0,128.74000549316406,-0.039253690349521975,-447.7755600226009,11129.26513063291
DG,-1,2025-03-10,2025-03-12,2,RESIDUAL_REVERTED,79.19559478759766,76.81217193603516,0.030095396820427056,319.78268409964227,10999.960625672986
HRL,1,2025-03-25,2025-03-26,1,RESIDUAL_REVERTED,27.32010841369629,26.947263717651367,-0.013647262682823236,-158.83632938945962,10849.15068673322
OMC,1,2025-03-25,2025-03-26,1,RESIDUAL_REVERTED,75.38292694091797,75.28870391845703,-0.00124992523220524,-24.4029975644822,10849.15068673322
TGT,-1,2025-03-25,2025-03-26,1,RESIDUAL_REVERTED,101.67311096191406,99.41705322265625,0.022189325357644618,229.79678348290923,10849.15068673322
ROST,-1,2025-03-25,2025-03-26,1,RESIDUAL_REVERTED,126.95378112792969,126.69734954833984,0.0020198813876322053,10.861529593001846,10849.15068673322
DLTR,-1,2025-03-25,2025-03-26,1,RESIDUAL_REVERTED,69.08000183105469,67.1500015258789,0.02793862556483251,292.2035475615763,10849.15068673322
AMD,-1,2025-03-25,2025-03-26,1,RESIDUAL_REVERTED,113.2699966430664,114.11000061035156,-0.007415944135075403,-91.56426202001337,10849.15068673322
PNW,1,2025-03-25,2025-03-27,2,RESIDUAL_REVERTED,87.76081085205078,87.99685668945312,0.0026896496865813635,18.31667385014053,10849.15068673322
DTE,1,2025-03-25,2025-03-27,2,RESIDUAL_REVERTED,129.13470458984375,129.3915557861328,0.0019890175697143686,10.719211069990708,10849.15068673322
WEC,1,2025-03-25,2025-03-27,2,RESIDUAL_REVERTED,100.27232360839844,101.213623046875,0.00938743019611965,90.94557124977918,10849.15068673322
TSLA,-1,2025-03-25,2025-03-27,2,RESIDUAL_REVERTED,283.6000061035156,272.4800109863281,0.03921013708698107,414.33502471793236,10849.15068673322
CI,1,2025-05-13,2025-05-14,1,RESIDUAL_REVERTED,299.7636413574219,295.5613708496094,-0.014018613093914056,-164.05263312232182,10928.38816198836
LNT,1,2025-05-13,2025-05-14,1,RESIDUAL_REVERTED,57.25539779663086,58.217674255371094,0.01680673780589581,172.65033104036482,10928.38816198836
ICE,1,2025-05-13,2025-05-14,1,RESIDUAL_REVERTED,170.30442810058594,169.87255859375,-0.002535867749609344,-38.62747878363947,10928.388161988358
XEL,1,2025-05-13,2025-05-14,1,RESIDUAL_REVERTED,64.68853759765625,64.81260681152344,0.0019179474212087655,10.021205694318386,10928.38816198836
NRG,-1,2025-05-13,2025-05-14,1,RESIDUAL_REVERTED,147.41458129882812,152.4587860107422,-0.03421781391956613,-385.28800643467764,10928.38816198836
MAS,-1,2025-05-13,2025-05-14,1,RESIDUAL_REVERTED,67.66778564453125,65.92698669433594,0.02572566744447624,270.1401339852567,10928.38816198836
CMI,-1,2025-05-13,2025-05-14,1,RESIDUAL_REVERTED,322.5732727050781,325.0888366699219,-0.007798426521045565,-96.41452327759833,10928.38816198836
SWK,-1,2025-05-13,2025-05-14,1,RESIDUAL_REVERTED,69.07624816894531,68.47721862792969,0.008672004587604865,83.67313778475437,10928.388161988358
A,-1,2025-05-13,2025-05-14,1,RESIDUAL_REVERTED,114.27045440673828,113.79528045654297,0.004158327300458287,34.32133428226375,10928.38816198836
NI,1,2025-05-13,2025-05-15,2,RESIDUAL_REVERTED,37.03572463989258,36.851905822753906,-0.004963283935335072,-65.14196121878933,10928.38816198836
RVTY,1,2025-05-15,2025-05-16,1,RESIDUAL_REVERTED,90.47335815429688,90.09468841552734,-0.00418542813591305,-56.52460870599386,10905.064809769372
TECH,1,2025-05-15,2025-05-16,1,RESIDUAL_REVERTED,47.61055374145508,47.98723602294922,0.00791173913959664,75.32982425148359,10905.064809769372
TMO,1,2025-05-15,2025-05-16,1,RESIDUAL_REVERTED,401.24090576171875,402.8023376464844,0.003891507227562929,31.510855145228177,10905.064809769372
ABBV,1,2025-05-15,2025-05-16,1,RESIDUAL_REVERTED,171.18495178222656,174.33900451660156,0.018424824738026313,189.91838111311054,10905.064809769372
SMCI,-1,2025-05-15,2025-05-16,1,RESIDUAL_REVERTED,44.04999923706055,45.5,-0.03291715750404656,-370.2642108721947,10905.064809769372
IP,-1,2025-05-15,2025-05-16,1,RESIDUAL_REVERTED,46.58864974975586,46.355003356933594,0.005015092604685134,43.59703500847045,10905.064809769372
GOOGL,-1,2025-05-15,2025-05-16,1,RESIDUAL_REVERTED,165.0621795654297,166.94332885742188,-0.01139661003474468,-135.4618937622713,10905.06480976937
GOOG,-1,2025-05-15,2025-05-16,1,RESIDUAL_REVERTED,166.3560028076172,168.1375732421875,-0.010709384720133164,-127.9641103422361,10905.064809769372
PKG,-1,2025-05-15,2025-05-16,1,RESIDUAL_REVERTED,183.71226501464844,183.68336486816406,0.00015731201442681364,-9.405136417172102,10905.064809769372
FISV,1,2025-05-16,2025-05-19,1,RESIDUAL_REVERTED,159.5,166.0500030517578,0.041065849854280856,439.05052899803184,10963.842033578745
AMAT,1,2025-05-19,2025-05-20,1,RESIDUAL_REVERTED,160.7269287109375,163.20892333984375,0.01544230732716878,157.67271984953666,10923.258758809858
FICO,1,2025-05-21,2025-05-21,0,STOP_LOSS,1964.5999755859375,1785.0640825462124,-0.09138547046259582,-1009.6673461849265,10934.262254409952
D,-1,2025-05-21,2025-05-22,1,RESIDUAL_REVERTED,54.02471923828125,52.619529724121094,0.026010121551255705,273.39676773009444,10934.262254409952
FICO,1,2025-05-22,2025-05-23,1,RESIDUAL_REVERTED,1720.2099609375,1690.7099609375,-0.017149069398437078,-196.90313470820894,10854.34196736331
CBRE,1,2025-05-22,2025-05-23,1,RESIDUAL_REVERTED,120.5,119.44000244140625,-0.00879666023729253,-106.28855937445059,10854.34196736331
PANW,1,2025-05-22,2025-05-23,1,RESIDUAL_REVERTED,183.00999450683594,183.61000061035156,0.003278542820202235,24.714289745292177,10854.34196736331
PSX,1,2025-05-22,2025-05-23,1,RESIDUAL_REVERTED,107.36994934082031,107.2545394897461,-0.0010748803718615418,-22.515627537990323,10854.34196736331
GOOG,-1,2025-05-22,2025-05-23,1,RESIDUAL_REVERTED,172.536865234375,169.48126220703125,0.017709855938283114,181.25694312339908,10854.34196736331
AES,1,2025-05-22,2025-05-27,2,RESIDUAL_REVERTED,9.257329940795898,9.464091300964355,0.022334880736753826,231.45487613297993,10854.34196736331
GOOGL,-1,2025-05-22,2025-05-27,2,RESIDUAL_REVERTED,171.04400634765625,169.3619384765625,0.009834123434146247,95.5167043432426,10854.34196736331
GLW,-1,2025-05-22,2025-05-27,2,RESIDUAL_REVERTED,47.293025970458984,48.10791015625,-0.017230535984312345,-198.40726118588134,10854.34196736331
WDAY,1,2025-05-27,2025-05-28,1,RESIDUAL_REVERTED,241.22999572753906,239.17999267578125,-0.008498126634604808,-103.2880914340956,10879.442109773054
DECK,1,2025-05-27,2025-05-28,1,RESIDUAL_REVERTED,102.76000213623047,108.4800033569336,0.05566369308867891,594.4076895013967,10879.442109773054
ROST,1,2025-05-27,2025-05-28,1,RESIDUAL_REVERTED,136.17550659179688,138.89761352539062,0.019989695663505724,206.4885562849384,10879.442109773054
CPRT,1,2025-05-27,2025-05-29,2,RESIDUAL_REVERTED,54.310001373291016,52.119998931884766,-0.040324109483143356,-449.36390495240624,10879.442109773054
INTU,-1,2025-05-27,2025-05-29,2,RESIDUAL_REVERTED,715.4930419921875,750.0475463867188,-0.048294675652357455,-537.0101024193643,10879.442109773054
FICO,1,2025-05-28,2025-05-29,1,RESIDUAL_REVERTED,1543.5799560546875,1645.0,0.06570443179667684,702.9811727197476,10870.017050405968
DRI,-1,2025-05-28,2025-05-29,1,RESIDUAL_REVERTED,205.9984588623047,206.05621337890625,-0.0002803638285477916,-14.134513353334903,10870.017050405968
HST,-1,2025-05-28,2025-05-29,1,RESIDUAL_REVERTED,14.139674186706543,14.1305513381958,0.0006451951006989365,-4.0677904444353725,10870.017050405968
AOS,1,2025-05-29,2025-05-30,1,RESIDUAL_REVERTED,62.9559326171875,62.624942779541016,-0.005257484463920381,-68.17133136598274,10898.9454592216
SNPS,1,2025-05-29,2025-06-02,2,RESIDUAL_REVERTED,473.0,459.9200134277344,-0.027653248567157784,-312.13949773902016,10898.9454592216
CDNS,1,2025-05-29,2025-06-02,2,RESIDUAL_REVERTED,293.1099853515625,286.760009765625,-0.02166413941279144,-246.8971612032678,10898.9454592216
UDR,-1,2025-05-29,2025-06-02,2,RESIDUAL_REVERTED,38.43364334106445,38.74496078491211,-0.008100128345496449,-99.66518293083104,10898.9454592216
HPQ,1,2025-05-30,2025-06-02,1,RESIDUAL_REVERTED,23.061159133911133,23.228809356689453,0.007269809024117668,67.74297109492483,10810.898293261716
UBER,1,2025-05-30,2025-06-02,1,RESIDUAL_REVERTED,84.52999877929688,84.4800033569336,-0.0005914518287621906,-17.201826796590396,10810.898293261716
BIIB,-1,2025-05-30,2025-06-02,1,RESIDUAL_REVERTED,132.58999633789062,129.58999633789062,0.0226261413595249,233.71034701938683,10810.898293261716
NDSN,-1,2025-05-30,2025-06-03,2,RESIDUAL_REVERTED,207.12049865722656,208.35589599609375,-0.005964630960606732,-75.75687844137948,10810.898293261716
COO,1,2025-06-02,2025-06-03,1,RESIDUAL_REVERTED,68.37000274658203,66.8499984741211,-0.022232034684786184,-251.925821420349,10849.089350351775
ULTA,-1,2025-06-02,2025-06-03,1,RESIDUAL_REVERTED,465.2699890136719,475.3399963378906,-0.021643363126786275,-245.9973510997234,10849.089350351773
APD,-1,2025-06-02,2025-06-03,1,RESIDUAL_REVERTED,269.6846618652344,269.2297668457031,0.0016867663751621853,7.244633642308822,10849.089350351773
GM,1,2025-06-03,2025-06-04,1,RESIDUAL_REVERTED,46.87239456176758,48.36088180541992,0.0317561596237812,332.10401530706554,10803.545010869253
ADBE,1,2025-06-03,2025-06-04,1,RESIDUAL_REVERTED,403.4599914550781,411.5400085449219,0.020026811235243303,205.44883131496243,10803.545010869253
OMC,1,2025-06-03,2025-06-04,1,RESIDUAL_REVERTED,66.48774719238281,67.1379165649414,0.00977878481394967,94.78917410729551,10803.545010869253
LDOS,1,2025-06-03,2025-06-04,1,RESIDUAL_REVERTED,139.29989624023438,141.76910400390625,0.017725840652555336,180.60262137583473,10803.545010869253
NUE,-1,2025-06-03,2025-06-04,1,RESIDUAL_REVERTED,116.97433471679688,120.25637817382812,-0.028057808278861396,-314.2991639235974,10803.545010869253
STLD,-1,2025-06-03,2025-06-04,1,RESIDUAL_REVERTED,132.94520568847656,134.7073211669922,-0.013254449225079235,-154.28737852629732,10803.545010869255
FDS,1,2025-06-04,2025-06-05,1,RESIDUAL_REVERTED,426.4490051269531,425.43035888671875,-0.0023886706921291134,-36.74449422921364,10847.158875555466
NTAP,-1,2025-06-04,2025-06-05,1,RESIDUAL_REVERTED,101.71731567382812,101.62928009033203,0.0008654925949717063,-1.6690538631351775,10847.158875555466
GNRC,-1,2025-06-04,2025-06-05,1,RESIDUAL_REVERTED,127.95999908447266,127.47000122070312,0.0038293049958999514,30.49640981539871,10847.158875555466
DG,-1,2025-06-04,2025-06-06,2,RESIDUAL_REVERTED,111.8759994506836,109.63321685791016,0.020047039613371953,206.2917709158964,10847.158875555466
DLTR,1,2025-06-05,2025-06-06,1,RESIDUAL_REVERTED,91.41000366210938,96.31999969482422,0.05371399011058231,572.3793255464186,10863.740190443881
CRWD,1,2025-06-05,2025-06-06,1,RESIDUAL_REVERTED,115.58125305175781,115.77999877929688,0.0017195325564609565,7.807474474487714,10863.740190443881
MPC,1,2025-06-05,2025-06-06,1,RESIDUAL_REVERTED,154.25051879882812,155.63946533203125,0.009004485326980172,86.9097377559622,10863.740190443883
VLO,1,2025-06-05,2025-06-06,1,RESIDUAL_REVERTED,123.60745239257812,124.43307495117188,0.006679391433225046,61.66315138380841,10863.740190443881
DHI,-1,2025-06-05,2025-06-06,1,RESIDUAL_REVERTED,121.19601440429688,121.08758544921875,0.000894657762559925,-1.3546982698274863,10863.740190443881
LEN,-1,2025-06-05,2025-06-06,1,RESIDUAL_REVERTED,107.28314971923828,107.98588562011719,-0.006550291473712111,-82.27581020383133,10863.740190443881
BF-B,1,2025-06-06,2025-06-09,1,RESIDUAL_REVERTED,26.242429733276367,27.021820068359375,0.029699625492174198,312.7576048585825,10903.26131024556
TSCO,-1,2025-06-06,2025-06-09,1,RESIDUAL_REVERTED,50.36419677734375,49.56645965576172,0.015839369485207255,161.67100740524606,10903.26131024556
COO,-1,2025-06-06,2025-06-09,1,RESIDUAL_REVERTED,71.83999633789062,72.7699966430664,-0.01294543920633906,-152.3391516283128,10903.26131024556
LULU,1,2025-06-09,2025-06-10,1,RESIDUAL_REVERTED,266.5400085449219,260.0,-0.024536686183153744,-279.43915353661276,10947.914866760064
POOL,1,2025-06-09,2025-06-10,1,RESIDUAL_REVERTED,289.7417297363281,294.1049499511719,0.015058998297602377,153.8342841584057,10947.914866760064
RF,-1,2025-06-09,2025-06-10,1,RESIDUAL_REVERTED,21.073759078979492,21.035686492919922,0.0018066347782037528,8.624128351602069,10947.914866760066
TGT,-1,2025-06-09,2025-06-10,1,RESIDUAL_REVERTED,93.4703369140625,92.90938568115234,0.006001382378945541,54.57246044902448,10947.914866760064
USB,-1,2025-06-09,2025-06-10,1,RESIDUAL_REVERTED,42.80219650268555,42.79268264770508,0.00022227492413551264,-8.729844190615191,10947.914866760064
AVGO,1,2025-06-09,2025-06-11,2,RESIDUAL_REVERTED,242.25518798828125,243.5502471923828,0.005345847141008164,47.54870158401539,10947.914866760064
ISRG,1,2025-06-10,2025-06-11,1,RESIDUAL_REVERTED,525.8099975585938,529.1400146484375,0.006333118627080969,58.19810029579596,10919.06635478865
EVRG,-1,2025-06-10,2025-06-11,1,RESIDUAL_REVERTED,64.45268249511719,65.06542205810547,-0.00950681242839968,-114.99519261608741,10919.06635478865
LVS,-1,2025-06-10,2025-06-11,1,RESIDUAL_REVERTED,40.91342544555664,41.8778190612793,-0.023571568628639294,-268.646453773289,10919.06635478865
MOS,1,2025-06-09,2025-06-12,3,RESIDUAL_REVERTED,33.464107513427734,33.08089065551758,-0.011451578613186908,-136.25613716006697,10947.914866760064
SJM,1,2025-06-11,2025-06-12,1,RESIDUAL_REVERTED,90.35210418701172,91.29356384277344,0.010419897402865974,102.59704386826452,10897.551763429097
GE,1,2025-06-11,2025-06-12,1,RESIDUAL_REVERTED,241.06198120117188,238.43914794921875,-0.01088032728713162,-129.40719711308896,10897.551763429097
INTC,-1,2025-06-11,2025-06-12,1,RESIDUAL_REVERTED,21.780000686645508,20.5,0.058769542988598045,629.661506140517,10897.551763429097
NVR,-1,2025-06-11,2025-06-12,1,RESIDUAL_REVERTED,7452.009765625,7295.0,0.02106945247834513,218.61098882077226,10897.551763429097
CZR,-1,2025-06-11,2025-06-12,1,RESIDUAL_REVERTED,28.530000686645508,27.520000457763672,0.0354013391017759,374.87182090046025,10897.551763429097
USB,1,2025-06-12,2025-06-13,1,RESIDUAL_REVERTED,41.86054229736328,41.56568908691406,-0.007043702595983636,-88.67376259912011,11028.827014583185
LMT,1,2025-06-12,2025-06-13,1,RESIDUAL_REVERTED,442.562255859375,463.5237731933594,0.04736399694384463,511.07931733381827,11028.827014583185
BEN,-1,2025-06-12,2025-06-13,1,RESIDUAL_REVERTED,21.005117416381836,20.780366897583008,0.010699798260758397,106.81591576170071,11028.827014583185
SBUX,-1,2025-06-12,2025-06-13,1,RESIDUAL_REVERTED,91.71881103515625,90.5757064819336,0.012463141860664773,126.27574164502691,11028.827014583185
BA,1,2025-06-13,2025-06-16,1,RESIDUAL_REVERTED,200.67999267578125,200.57000732421875,-0.0005480633624508346,-17.100751696759176,11048.500824240733
SPGI,1,2025-06-13,2025-06-16,1,RESIDUAL_REVERTED,468.95001220703125,472.73187255859375,0.008064527674845001,78.00788936806504,11048.500824240733
ORCL,-1,2025-06-13,2025-06-17,2,RESIDUAL_REVERTED,198.88575744628906,207.84437561035156,-0.04504404075531587,-509.430075606421,11048.500824240733
CAH,-1,2025-06-13,2025-06-17,2,RESIDUAL_REVERTED,159.17391967773438,160.34805297851562,-0.007376417588750739,-93.02764186025017,11048.500824240733
CPAY,1,2025-06-16,2025-06-17,1,RESIDUAL_REVERTED,326.5400085449219,329.29998779296875,0.00845219322540447,81.99778591839782,11009.418342008821
MA,1,2025-06-16,2025-06-17,1,RESIDUAL_REVERTED,559.6505737304688,560.4644165039062,0.0014541980507813967,4.992451413830026,11009.418342008823
V,1,2025-06-16,2025-06-17,1,RESIDUAL_REVERTED,353.0403747558594,350.06939697265625,-0.008415405136757093,-103.61180965222412,11009.418342008823
CF,-1,2025-06-16,2025-06-17,1,RESIDUAL_REVERTED,98.37187194824219,99.34585571289062,-0.00990103924382879,-120.28648225589993,11009.418342008823
BG,-1,2025-06-16,2025-06-18,2,RESIDUAL_REVERTED,78.93568420410156,82.9080810546875,-0.05032447480045432,-565.7895999920999,11009.418342008823
ADM,-1,2025-06-16,2025-06-18,2,RESIDUAL_REVERTED,50.37343978881836,52.088199615478516,-0.03404095161753862,-386.4201358567733,11009.418342008823
LHX,1,2025-06-17,2025-06-18,1,RESIDUAL_REVERTED,244.12379455566406,245.81808471679688,0.006940290946307215,65.04962238653074,10956.97926024533
LMT,1,2025-06-17,2025-06-18,1,RESIDUAL_REVERTED,455.57855224609375,463.0205078125,0.016335175415339354,167.93770688897737,10956.97926024533
ENPH,1,2025-06-18,2025-06-20,1,RESIDUAL_REVERTED,34.81999969482422,36.45000076293945,0.04681220799543895,501.4967432699194,10952.388412758572
CVX,-1,2025-06-18,2025-06-20,1,RESIDUAL_REVERTED,142.1917266845703,141.3163299560547,0.006156453324865696,56.293701991504,10952.388412758572
VLO,-1,2025-06-18,2025-06-20,1,RESIDUAL_REVERTED,137.2056427001953,136.0692138671875,0.00828266834106084,79.59349114277725,10952.388412758572
ADBE,1,2025-06-18,2025-06-23,2,RESIDUAL_REVERTED,383.989990234375,377.5899963378906,-0.016667085234638557,-193.40550741547477,10952.388412758572
PTC,1,2025-06-18,2025-06-23,2,RESIDUAL_REVERTED,166.9199981689453,166.82000732421875,-0.0005990345424360388,-17.509966964686722,10952.388412758572
JBL,-1,2025-06-18,2025-06-23,2,RESIDUAL_REVERTED,199.45648193359375,203.76991271972656,-0.021625924333554147,-248.37329410445355,10952.388412758572
V,1,2025-06-20,2025-06-23,1,RESIDUAL_REVERTED,335.6701354980469,334.2341613769531,-0.004277932318772271,-57.88129366513696,10971.107053780095
STT,-1,2025-06-20,2025-06-23,1,RESIDUAL_REVERTED,96.77354431152344,96.31861114501953,0.0047010075919037275,40.41304124465023,10971.107053780095
WFC,-1,2025-06-20,2025-06-23,1,RESIDUAL_REVERTED,73.20423126220703,73.09719848632812,0.0014621118756855678,4.8597557316600115,10971.107053780095
MA,1,2025-06-20,2025-06-24,2,RESIDUAL_REVERTED,532.8837890625,552.9811401367188,0.037714322497173214,402.58987858870563,10971.107053780095
ACN,1,2025-06-23,2025-06-24,1,RESIDUAL_REVERTED,278.8309631347656,288.26837158203125,0.033846343107541754,359.31988217937106,10945.057295559453
KMX,-1,2025-06-23,2025-06-24,1,RESIDUAL_REVERTED,67.94000244140625,67.55999755859375,0.005593242112998609,50.08920468793349,10945.057295559454
KR,-1,2025-06-23,2025-06-25,2,RESIDUAL_REVERTED,70.1649398803711,71.26431274414062,-0.015668407407516183,-182.96632300171677,10945.057295559454
AMGN,1,2025-06-24,2025-06-25,1,RESIDUAL_REVERTED,263.6192321777344,266.1962890625,0.009775678593237691,96.40677979231648,10991.800226108166
BNY,1,2025-06-24,2025-06-25,1,RESIDUAL_REVERTED,88.2965087890625,89.26358032226562,0.010952545536238922,109.33619817933167,10991.800226108166
NTRS,-1,2025-06-24,2025-06-25,1,RESIDUAL_REVERTED,118.1093521118164,115.40380859375,0.022907106589705295,240.71205771892906,10991.800226108166
GNRC,-1,2025-06-24,2025-06-25,1,RESIDUAL_REVERTED,134.49000549316406,135.97999572753906,-0.011078817559054377,-133.04934511917673,10991.800226108166
LOW,-1,2025-06-24,2025-06-25,1,RESIDUAL_REVERTED,213.4562530517578,213.943603515625,-0.0022831397857856484,-36.31923174824357,10991.800226108166
SLB,1,2025-06-24,2025-06-26,2,RESIDUAL_REVERTED,32.218223571777344,32.21821975708008,-1.1840184976907864e-07,-10.993101024861964,10991.800226108166
EBAY,1,2025-06-25,2025-06-26,1,RESIDUAL_REVERTED,73.05701446533203,73.45075225830078,0.00538945912107569,48.55648349715506,11068.86059143534
UBER,-1,2025-06-25,2025-06-26,1,RESIDUAL_REVERTED,91.56500244140625,91.30000305175781,0.0028941121889666244,20.763655792812504,11068.86059143534
EQIX,1,2025-06-26,2025-06-26,0,STOP_LOSS,769.7709350585938,701.4798247391916,-0.08871614555595553,-989.8041208012045,11038.077288097917
AZO,1,2025-06-25,2025-06-27,2,RESIDUAL_REVERTED,3568.47998046875,3517.0400390625,-0.014415084766565722,-170.5476450044277,11068.86059143534
PAYX,1,2025-06-26,2025-06-27,1,RESIDUAL_REVERTED,131.65850830078125,134.23464965820312,0.019566842968754772,204.83425752260527,11038.077288097917
YUM,-1,2025-06-26,2025-06-27,1,RESIDUAL_REVERTED,143.40545654296875,143.54212951660156,-0.0009530528121282078,-21.78244093500904,11038.077288097917
BLK,-1,2025-06-26,2025-06-27,1,RESIDUAL_REVERTED,994.4723510742188,1009.1672973632812,-0.014776626291509443,-174.44638659468043,11038.077288097917
SYK,-1,2025-06-26,2025-06-27,1,RESIDUAL_REVERTED,388.20867919921875,385.6403503417969,0.006615846051458041,61.80709530979272,11038.077288097917
NTRS,-1,2025-06-26,2025-06-27,1,RESIDUAL_REVERTED,120.48399353027344,119.87086486816406,0.005088880640027216,44.94392510676918,11038.077288097917
EQIX,1,2025-06-27,2025-06-30,1,RESIDUAL_REVERTED,743.3120727539062,771.3571166992188,0.037729837807434,402.60332519013366,10966.838890720865
ABT,1,2025-06-27,2025-06-30,1,RESIDUAL_REVERTED,129.6965789794922,130.387451171875,0.005326834353063914,47.422485989813424,10966.838890720865
FFIV,1,2025-06-27,2025-06-30,1,RESIDUAL_REVERTED,288.8800048828125,297.45001220703125,0.029666322276944213,314.2162651122846,10966.838890720865
MKC,-1,2025-06-27,2025-06-30,1,RESIDUAL_REVERTED,74.17278289794922,73.26763153076172,0.01220328174059282,122.71593948465652,10966.838890720865
TEL,1,2025-06-30,2025-07-01,1,RESIDUAL_REVERTED,166.0966796875,165.8009490966797,-0.0017804726221903877,-30.65934202894988,11030.197264418053
PLTR,1,2025-06-30,2025-07-01,1,RESIDUAL_REVERTED,137.7899932861328,135.27000427246094,-0.01828862135466469,-212.6564349500002,11030.197264418053
NKE,-1,2025-06-30,2025-07-01,1,RESIDUAL_REVERTED,68.81175231933594,69.3318099975586,-0.0075576868876876535,-94.65225317246521,11030.197264418053
BA,-1,2025-06-30,2025-07-01,1,RESIDUAL_REVERTED,213.8800048828125,209.5,0.020478795505977088,214.75349751293504,11030.197264418053
CHRW,-1,2025-06-30,2025-07-01,1,RESIDUAL_REVERTED,94.84468078613281,94.54080963134766,0.0032038818863270313,24.109900631362066,11030.197264418053
PEP,-1,2025-06-30,2025-07-01,1,RESIDUAL_REVERTED,124.86934661865234,126.1922607421875,-0.01059438652766631,-128.16705394851184,11030.197264418053
FTV,1,2025-07-01,2025-07-02,1,RESIDUAL_REVERTED,51.77751541137695,52.96083068847656,0.022853844331812034,241.62450857621778,11062.168808728575
LW,1,2025-07-01,2025-07-02,1,RESIDUAL_REVERTED,49.89092254638672,50.55587387084961,0.013328102398680652,136.30183096618063,11062.168808728575
HPE,-1,2025-07-01,2025-07-02,1,RESIDUAL_REVERTED,19.659732818603516,20.070125579833984,-0.020874788330903726,-242.32147605506677,11062.168808728575
WMB,1,2025-07-02,2025-07-03,1,RESIDUAL_REVERTED,56.542762756347656,56.927669525146484,0.006807356946059606,64.05858101547425,11037.060097162095
HWM,1,2025-07-02,2025-07-03,1,RESIDUAL_REVERTED,174.88999938964844,176.20639038085938,0.007526965497198335,71.99697265941158,11037.060097162095
KMI,1,2025-07-02,2025-07-03,1,RESIDUAL_REVERTED,26.950246810913086,27.045373916625977,0.0035297304095327497,27.901307636302096,11037.060097162095
PKG,-1,2025-07-02,2025-07-03,1,RESIDUAL_REVERTED,196.94100952148438,195.5641632080078,0.006991161042699701,65.94565759221372,11037.060097162095
ITW,-1,2025-07-02,2025-07-03,1,RESIDUAL_REVERTED,248.64573669433594,249.6893768310547,-0.004197297530991628,-57.6063431106918,11037.060097162095
LVS,-1,2025-07-02,2025-07-03,1,RESIDUAL_REVERTED,46.26139450073242,46.69001388549805,-0.009265163521148034,-113.569006112269,11037.060097162095
WYNN,-1,2025-07-02,2025-07-07,2,RESIDUAL_REVERTED,101.0997085571289,103.93659210205078,-0.02806025443009874,-321.34491569101874,11037.060097162095
CNC,1,2025-07-03,2025-07-07,1,RESIDUAL_REVERTED,33.959999084472656,33.34000015258789,-0.018256741713760682,-212.014179432283,11015.089281728975
CTAS,1,2025-07-03,2025-07-07,1,RESIDUAL_REVERTED,213.27671813964844,216.71507263183594,0.016121565083049294,166.47659922988777,11015.089281728975
STZ,-1,2025-07-03,2025-07-07,1,RESIDUAL_REVERTED,167.33502197265625,168.0788116455078,-0.004444913348582213,-60.21809249978324,11015.089281728973
LEN,1,2025-07-07,2025-07-08,1,RESIDUAL_REVERTED,107.80918884277344,106.42700958251953,-0.012820607177275511,-152.04089072440823,11006.133191428205
PCAR,1,2025-07-07,2025-07-08,1,RESIDUAL_REVERTED,94.55038452148438,94.14183807373047,-0.00432093904029629,-58.539185365676175,11006.133191428205
NOW,-1,2025-07-07,2025-07-08,1,RESIDUAL_REVERTED,208.64599609375,207.43600463867188,0.005799255570351103,52.63650471875515,11006.133191428205
CDNS,-1,2025-07-07,2025-07-08,1,RESIDUAL_REVERTED,326.80999755859375,322.1199951171875,0.0143508536349638,146.80622138316485,11006.133191428205
SNPS,-1,2025-07-07,2025-07-08,1,RESIDUAL_REVERTED,544.1099853515625,540.6699829101562,0.006322255672598254,58.39691713944295,11006.133191428207
BAX,1,2025-07-08,2025-07-09,1,RESIDUAL_REVERTED,29.426429748535156,30.68515396118164,0.04277529497811883,460.48157531739366,11028.466669503612
TSN,1,2025-07-08,2025-07-09,1,RESIDUAL_REVERTED,53.165748596191406,53.491275787353516,0.006122874214272489,56.46368456706583,11028.466669503612
MOH,1,2025-07-08,2025-07-09,1,RESIDUAL_REVERTED,231.60000610351562,230.0,-0.006908489038642274,-87.18041274825151,11028.466669503612
TSCO,-1,2025-07-08,2025-07-09,1,RESIDUAL_REVERTED,55.02412414550781,55.29651641845703,-0.004950415425584831,-65.87088716014323,11028.466669503612
SCHW,-1,2025-07-08,2025-07-09,1,RESIDUAL_REVERTED,91.22344207763672,90.88867950439453,0.0036696989898417076,29.245756371048262,11028.466669503612
JPM,1,2025-07-09,2025-07-10,1,RESIDUAL_REVERTED,281.78912353515625,277.6876220703125,-0.01455521566407103,-171.6847975323363,11042.287209489083
DVN,-1,2025-07-09,2025-07-10,1,RESIDUAL_REVERTED,33.65237045288086,33.11974334716797,0.0158273280171648,163.59691523387804,11042.287209489083
CVX,-1,2025-07-09,2025-07-10,1,RESIDUAL_REVERTED,145.52195739746094,145.37921142578125,0.0009809239391262992,-0.4244351341603893,11042.287209489083
ADSK,1,2025-07-10,2025-07-10,0,STOP_LOSS,300.0,285.2545712050131,-0.049151429316622974,-551.6053620514282,11004.188821255068
BAC,1,2025-07-09,2025-07-11,2,RESIDUAL_REVERTED,45.92030334472656,45.41396713256836,-0.011026412616595871,-132.73822380477347,11042.287209489083
DOW,-1,2025-07-09,2025-07-11,2,RESIDUAL_REVERTED,27.585208892822266,27.82475471496582,-0.00868385021386886,-107.4279839112845,11042.287209489083
MET,1,2025-07-10,2025-07-11,1,RESIDUAL_REVERTED,75.5296630859375,74.96041107177734,-0.0075368006542338994,-93.89909813984941,11004.188821255066
PTC,-1,2025-07-10,2025-07-11,1,RESIDUAL_REVERTED,198.35000610351562,194.00999450683594,0.021880572034944645,229.67994815516332,11004.188821255066
AES,-1,2025-07-10,2025-07-11,1,RESIDUAL_REVERTED,12.302379608154297,11.531720161437988,0.06264312037693087,678.4702096306263,11004.188821255066
MNST,1,2025-07-10,2025-07-14,2,RESIDUAL_REVERTED,29.78499984741211,29.440000534057617,-0.011582988588951348,-138.40185167174488,11004.188821255066
ADSK,1,2025-07-11,2025-07-14,1,RESIDUAL_REVERTED,285.6099853515625,298.3699951171875,0.04467634333554016,481.016566609743,11018.841565717948
CAG,1,2025-07-11,2025-07-14,1,RESIDUAL_REVERTED,17.77135467529297,17.725860595703125,-0.002559966891724552,-39.21260722431716,11018.841565717948
DAL,-1,2025-07-11,2025-07-14,1,RESIDUAL_REVERTED,55.42640686035156,55.96854782104492,-0.00978127559412778,-119.07131763635267,11018.841565717948
UAL,-1,2025-07-11,2025-07-14,1,RESIDUAL_REVERTED,90.98999786376953,87.75,0.03560828596369969,381.3287022386744,11018.841565717948
PYPL,1,2025-07-14,2025-07-15,1,RESIDUAL_REVERTED,70.77076721191406,72.95638275146484,0.030883027352327952,329.51441867058645,11032.509304590647
NSC,-1,2025-07-14,2025-07-15,1,RESIDUAL_REVERTED,259.58551025390625,257.08209228515625,0.009643904878594123,95.20037130891251,11032.509304590647
HRL,1,2025-07-14,2025-07-16,2,RESIDUAL_REVERTED,28.656354904174805,27.801223754882812,-0.02984089051630956,-340.08780163190795,11032.509304590647
KHC,-1,2025-07-14,2025-07-16,2,RESIDUAL_REVERTED,25.144161224365234,25.116491317749023,0.0011004505725725755,0.6732822320371703,11032.509304590647
HSIC,1,2025-07-15,2025-07-16,1,RESIDUAL_REVERTED,70.9800033569336,70.72000122070312,-0.003663033585994735,-51.715732319670465,11094.93464387113
STZ,1,2025-07-15,2025-07-16,1,RESIDUAL_REVERTED,159.38507080078125,160.2061309814453,0.005151424638072388,46.03120767852881,11094.93464387113
VTR,-1,2025-07-14,2025-07-17,3,RESIDUAL_REVERTED,63.16173553466797,64.04901123046875,-0.014047677573928885,-166.75441970728275,11032.509304590647
WAT,1,2025-07-15,2025-07-17,2,RESIDUAL_REVERTED,308.3900146484375,291.3399963378906,-0.05528719316669117,-624.1960255739741,11094.93464387113
FAST,-1,2025-07-15,2025-07-17,2,RESIDUAL_REVERTED,43.992122650146484,44.518157958984375,-0.011957488685446327,-144.27109765743964,11094.93464387113
GEN,-1,2025-07-15,2025-07-17,2,RESIDUAL_REVERTED,29.110700607299805,29.335308074951172,-0.007715632498210834,-97.18473961088343,11094.93464387113
STT,1,2025-07-16,2025-07-17,1,RESIDUAL_REVERTED,100.26809692382812,102.0716552734375,0.01798735993742362,187.33485287539352,11033.738466628845
C,-1,2025-07-16,2025-07-17,1,RESIDUAL_REVERTED,88.99951934814453,87.68612670898438,0.014757300362741144,151.66043890481444,11033.738466628845
MTB,1,2025-07-17,2025-07-18,1,RESIDUAL_REVERTED,186.0930633544922,189.12289428710938,0.01628126743685021,168.73922921471015,11048.11289723008
UHS,1,2025-07-17,2025-07-18,1,RESIDUAL_REVERTED,168.8178253173828,170.17042541503906,0.008012187665095816,77.42718120360487,11048.11289723008
JNJ,-1,2025-07-17,2025-07-18,1,RESIDUAL_REVERTED,158.4208221435547,159.14894104003906,-0.004596106033489589,-62.07074030879915,11048.11289723008
F,1,2025-07-17,2025-07-21,2,RESIDUAL_REVERTED,10.549851417541504,10.615846633911133,0.006255558847008791,58.02945141959982,11048.112897230078
ABT,1,2025-07-18,2025-07-21,1,RESIDUAL_REVERTED,119.85958862304688,121.45277404785156,0.013292098221821647,135.8501040413423,11057.80252379318
SNA,-1,2025-07-18,2025-07-21,1,RESIDUAL_REVERTED,326.74066162109375,327.2339172363281,-0.001509624216303962,-27.977949034853566,11057.80252379318
PEP,-1,2025-07-18,2025-07-21,1,RESIDUAL_REVERTED,139.20265197753906,136.19515991210938,0.021605134835469664,227.75209400658986,11057.80252379318
ALLE,-1,2025-07-18,2025-07-21,1,RESIDUAL_REVERTED,152.40679931640625,151.4774932861328,0.006097536556385119,56.18377151166547,11057.802523793182
ELV,1,2025-07-18,2025-07-22,2,RESIDUAL_REVERTED,283.1048889160156,269.1402893066406,-0.04932659292053998,-556.2288043488157,11057.80252379318
NSC,-1,2025-07-18,2025-07-22,2,RESIDUAL_REVERTED,271.8876037597656,273.540283203125,-0.006078539148182793,-78.74390337740566,11057.80252379318
MMM,1,2025-07-21,2025-07-22,1,RESIDUAL_REVERTED,148.8029327392578,149.5164031982422,0.004794733852689248,41.91281316495156,11051.976353442937
IVZ,-1,2025-07-21,2025-07-22,1,RESIDUAL_REVERTED,19.39639663696289,19.23324203491211,0.008411593405955875,81.74006067032285,11051.976353442937
MOH,1,2025-07-21,2025-07-23,2,RESIDUAL_REVERTED,183.38999938964844,182.7100067138672,-0.0037079048914574475,-52.01116369605509,11051.976353442937
EQT,1,2025-07-22,2025-07-23,1,RESIDUAL_REVERTED,52.50813674926758,52.51799011230469,0.00018765402177867152,-8.947449070814883,11013.060922413166
EXE,1,2025-07-22,2025-07-23,1,RESIDUAL_REVERTED,95.95401000976562,94.9620132446289,-0.010338252304783913,-124.81193548504486,11013.060922413166
VZ,-1,2025-07-22,2025-07-23,1,RESIDUAL_REVERTED,40.016510009765625,39.68889617919922,0.008186966591700706,78.97599619672903,11013.060922413166
TJX,-1,2025-07-22,2025-07-23,1,RESIDUAL_REVERTED,123.18074035644531,124.27389526367188,-0.00887439792993061,-109.01563465675545,11013.060922413166
LIN,-1,2025-07-22,2025-07-23,1,RESIDUAL_REVERTED,462.6580505371094,465.6478271484375,-0.00646217353800993,-82.43620760102343,11013.060922413166
MSCI,1,2025-07-23,2025-07-24,1,RESIDUAL_REVERTED,525.524658203125,523.107177734375,-0.0046001275696859745,-61.79994981350357,11039.988236213963
LMT,1,2025-07-23,2025-07-24,1,RESIDUAL_REVERTED,400.41668701171875,407.4232177734375,0.01749809882801845,182.04222757860936,11039.988236213963
NOC,-1,2025-07-23,2025-07-24,1,RESIDUAL_REVERTED,551.1627197265625,556.9453125,-0.010491625370283142,-127.14676555411243,11039.988236213963
OTIS,1,2025-07-24,2025-07-25,1,RESIDUAL_REVERTED,86.3832015991211,87.86399841308594,0.017142184898827795,177.4346067884014,10997.82162371173
TXN,1,2025-07-24,2025-07-25,1,RESIDUAL_REVERTED,180.41014099121094,179.71336364746094,-0.0038621850186567608,-53.45220572571353,10997.82162371173
FISV,1,2025-07-24,2025-07-25,1,RESIDUAL_REVERTED,143.30999755859375,141.0,-0.016118886316003778,-188.18182178177094,10997.82162371173
IQV,-1,2025-07-23,2025-07-28,3,RESIDUAL_REVERTED,191.27000427246094,198.67999267578125,-0.03874098519266456,-439.6343867031025,11039.988236213963
TEL,-1,2025-07-24,2025-07-28,2,RESIDUAL_REVERTED,198.06410217285156,203.78138732910156,-0.02886583229130779,-329.0670631967774,10997.82162371173
BKR,-1,2025-07-24,2025-07-28,2,RESIDUAL_REVERTED,43.54536437988281,45.367103576660156,-0.04183543352364172,-471.77691576999234,10997.82162371173
LKQ,1,2025-07-25,2025-07-28,1,RESIDUAL_REVERTED,30.193870544433594,30.47844696044922,0.009424973045335072,91.39545082559913,10854.230719730711
WST,-1,2025-07-25,2025-07-28,1,RESIDUAL_REVERTED,278.0010070800781,260.002197265625,0.06474368565603283,692.0367104532096,10854.230719730711
LW,-1,2025-07-24,2025-07-29,3,RESIDUAL_REVERTED,55.027462005615234,57.060874938964844,-0.03695269342318763,-418.28302547240435,10997.82162371173
WAB,1,2025-07-25,2025-07-29,2,RESIDUAL_REVERTED,199.50965881347656,197.8197479248047,-0.008470321180047646,-102.7470816680106,10854.230719730711
CHTR,1,2025-07-28,2025-07-29,1,RESIDUAL_REVERTED,309.010009765625,297.3699951171875,-0.037668730075333556,-420.0528718643993,10868.150201825836
CMCSA,1,2025-07-28,2025-07-29,1,RESIDUAL_REVERTED,30.09770965576172,29.999380111694336,-0.0032670108520552743,-46.35676167063216,10868.150201825836
DOC,1,2025-07-28,2025-07-30,2,RESIDUAL_REVERTED,16.311647415161133,16.098846435546875,-0.013045952637283365,-152.58263030333342,10868.150201825836
RVTY,1,2025-07-29,2025-07-30,1,RESIDUAL_REVERTED,94.5784912109375,94.6682357788086,0.0009488898239129462,-0.559220832500646,10840.84406689386
WSM,-1,2025-07-29,2025-07-30,1,RESIDUAL_REVERTED,185.9415283203125,185.67529296875,0.0014318229712723118,4.47564451701855,10840.84406689386
UNP,-1,2025-07-29,2025-07-30,1,RESIDUAL_REVERTED,220.34103393554688,219.81549072265625,0.002385135457993459,14.81635912875277,10840.84406689386
SMCI,-1,2025-07-29,2025-07-30,1,RESIDUAL_REVERTED,59.72999954223633,59.560001373291016,0.002846110333972196,19.817686516507454,10840.84406689386
ROST,-1,2025-07-29,2025-07-30,1,RESIDUAL_REVERTED,139.8483428955078,138.47349548339844,0.009830988223697656,95.57634225023116,10840.84406689386
JCI,1,2025-07-30,2025-07-31,1,RESIDUAL_REVERTED,101.79698944091797,103.4625473022461,0.016361563052852413,167.38355309760172,10902.06380194208
GLW,-1,2025-07-30,2025-07-31,1,RESIDUAL_REVERTED,61.0168571472168,62.280635833740234,-0.02071195970441897,-237.03721744882188,10902.06380194208
CARR,1,2025-07-30,2025-08-01,2,RESIDUAL_REVERTED,70.36771392822266,66.96997833251953,-0.04828543384497219,-537.0497388440416,10902.06380194208
UPS,1,2025-07-30,2025-08-01,2,RESIDUAL_REVERTED,83.61489868164062,78.96399688720703,-0.055622883813346014,-617.003089868961,10902.063801942078
IEX,1,2025-07-31,2025-08-01,1,RESIDUAL_REVERTED,160.11978149414062,159.80447387695312,-0.0019691983978821215,-31.978743573337024,10773.733208680549
GRMN,1,2025-07-31,2025-08-01,1,RESIDUAL_REVERTED,215.0772247314453,213.04847717285156,-0.009432647092814883,-112.34774402668896,10773.73320868055
TER,-1,2025-07-31,2025-08-01,1,RESIDUAL_REVERTED,108.18138885498047,104.07349395751953,0.03797228840320821,398.32246656476684,10773.73320868055
HUM,-1,2025-07-31,2025-08-01,1,RESIDUAL_REVERTED,256.4298400878906,245.96090698242188,0.040825720992067716,429.0862822397982,10773.73320868055
AEP,-1,2025-07-31,2025-08-01,1,RESIDUAL_REVERTED,108.28047180175781,110.01203918457031,-0.015991502013241066,-183.3629196377145,10773.73320868055
GNRC,-1,2025-07-31,2025-08-04,2,RESIDUAL_REVERTED,181.0,195.33999633789062,-0.07922649910436808,-865.2242937392476,10773.73320868055
ALGN,1,2025-08-01,2025-08-04,1,RESIDUAL_REVERTED,129.0,140.67999267578125,0.0905425788820251,960.1424776083163,10728.17164488504
XYL,-1,2025-08-01,2025-08-04,1,RESIDUAL_REVERTED,141.31170654296875,140.36756896972656,0.006681241040388253,60.77454414712171,10728.17164488504
EMN,1,2025-08-04,2025-08-05,1,RESIDUAL_REVERTED,56.191497802734375,57.95982360839844,0.03146963285926163,328.7039613393662,10793.493853465268
IR,1,2025-08-04,2025-08-05,1,RESIDUAL_REVERTED,75.58624267578125,78.34282684326172,0.036469390062217055,382.6418275539645,10793.493853465268
GWW,1,2025-08-04,2025-08-05,1,RESIDUAL_REVERTED,919.8180541992188,925.57666015625,0.00626059244080035,56.74638534234924,10793.493853465268
D,-1,2025-08-04,2025-08-05,1,RESIDUAL_REVERTED,57.494285583496094,58.139007568359375,-0.011213670686054167,-132.10458394428034,10793.493853465268
AMZN,1,2025-08-04,2025-08-06,2,RESIDUAL_REVERTED,217.39999389648438,214.6999969482422,-0.012419489531024563,-144.7761529277968,10793.493853465268
MPWR,-1,2025-08-04,2025-08-06,2,RESIDUAL_REVERTED,785.9205932617188,796.4271240234375,-0.013368438048066311,-155.59979124302907,10793.493853465268
ON,1,2025-08-05,2025-08-06,1,RESIDUAL_REVERTED,48.40999984741211,46.900001525878906,-0.031191867925897676,-346.6465307674718,10773.359040921905
IDXX,-1,2025-08-05,2025-08-06,1,RESIDUAL_REVERTED,676.47998046875,647.010009765625,0.04356369967179885,458.5858393336796,10773.359040921905
BEN,-1,2025-08-05,2025-08-06,1,RESIDUAL_REVERTED,23.972692489624023,24.058135986328125,-0.003564201090098029,-49.404733411439324,10773.359040921905
IT,1,2025-08-06,2025-08-07,1,RESIDUAL_REVERTED,244.0,246.9199981689453,0.01196720561043163,118.86653235030423,10844.277423411506
VRTX,1,2025-08-06,2025-08-07,1,RESIDUAL_REVERTED,375.760009765625,385.0,0.02459013730635773,255.6846622710965,10844.277423411506
TDG,1,2025-08-06,2025-08-07,1,RESIDUAL_REVERTED,1343.61181640625,1311.57470703125,-0.023844021750783262,-269.2861785853854,10844.277423411508
LDOS,-1,2025-08-06,2025-08-07,1,RESIDUAL_REVERTED,172.6202392578125,173.09371948242188,-0.0027429009868433774,-40.81846625997716,10844.277423411506
KMB,-1,2025-08-04,2025-08-08,4,RESIDUAL_REVERTED,123.74382019042969,128.63291931152344,-0.03950984472250729,-438.33765264444395,10793.493853465268
MKTX,1,2025-08-07,2025-08-08,1,RESIDUAL_REVERTED,182.10580444335938,180.20053100585938,-0.010462453096011015,-123.8475345179758,10809.560635992164
MOS,1,2025-08-07,2025-08-08,1,RESIDUAL_REVERTED,29.881061553955078,30.61874771118164,0.024687414665457874,255.91711508327177,10809.560635992164
AIZ,-1,2025-08-07,2025-08-08,1,RESIDUAL_REVERTED,205.76197814941406,199.80111694335938,0.02896969235845026,302.290087150259,10809.560635992164
MTCH,-1,2025-08-07,2025-08-08,1,RESIDUAL_REVERTED,36.60150909423828,35.67303466796875,0.02536710778451723,263.326657052741,10809.560635992164
ANET,-1,2025-08-07,2025-08-08,1,RESIDUAL_REVERTED,139.0800018310547,139.60000610351562,-0.0037388860052836037,-51.46026730359706,10809.560635992164
FTNT,1,2025-08-08,2025-08-11,1,RESIDUAL_REVERTED,76.11000061035156,74.0199966430664,-0.027460306799694023,-309.6755588594152,10886.21533304104
LLY,1,2025-08-08,2025-08-11,1,RESIDUAL_REVERTED,649.4684448242188,624.1043701171875,-0.039053590531093696,-435.8194384849145,10886.21533304104
ABNB,1,2025-08-08,2025-08-11,1,RESIDUAL_REVERTED,120.56999969482422,120.01000213623047,-0.004644584556781628,-61.42288197687434,10886.21533304104
BDX,-1,2025-08-08,2025-08-12,2,RESIDUAL_REVERTED,142.55145263671875,147.6090850830078,-0.03547934694975052,-397.7613076190685,10886.21533304104
GDDY,1,2025-08-11,2025-08-12,1,RESIDUAL_REVERTED,132.7899932861328,134.6699981689453,0.014157730084084719,141.61952588373927,10769.012387665462
AKAM,1,2025-08-11,2025-08-12,1,RESIDUAL_REVERTED,70.95999908447266,70.63999938964844,-0.004509578621094468,-59.30843856736594,10769.012387665462
GILD,-1,2025-08-11,2025-08-12,1,RESIDUAL_REVERTED,115.5520248413086,116.84098815917969,-0.011154831078393324,-131.17148277368412,10769.012387665462
MNST,-1,2025-08-11,2025-08-12,1,RESIDUAL_REVERTED,32.21500015258789,31.864999771118164,0.010864515902900274,106.07847670160523,10769.012387665462
MET,-1,2025-08-11,2025-08-12,1,RESIDUAL_REVERTED,74.24066162109375,73.6767578125,0.007595619385395214,70.85850073666717,10769.012387665462
INTU,1,2025-08-12,2025-08-13,1,RESIDUAL_REVERTED,699.2842407226562,705.5537719726562,0.008965640700727029,85.8967485548827,10789.479350310205
HSY,1,2025-08-12,2025-08-13,1,RESIDUAL_REVERTED,169.7903289794922,169.06785583496094,-0.004255090080062862,-56.67673079958216,10789.479350310205
GEN,-1,2025-08-11,2025-08-14,3,RESIDUAL_REVERTED,29.83333969116211,31.337217330932617,-0.05040929561821805,-554.56167483095,10769.012387665462
CRM,1,2025-08-12,2025-08-14,2,RESIDUAL_REVERTED,230.6387176513672,234.59817504882812,0.01716735783905121,174.34476012706787,10789.479350310205
CAH,1,2025-08-13,2025-08-14,1,RESIDUAL_REVERTED,146.11045837402344,146.1698455810547,0.0004064541833086466,-6.369907724018512,10728.282918035846
DAL,-1,2025-08-13,2025-08-14,1,RESIDUAL_REVERTED,57.589962005615234,58.21314239501953,-0.010820989764562361,-127.0942180482833,10728.282918035846
UAL,-1,2025-08-13,2025-08-14,1,RESIDUAL_REVERTED,98.66999816894531,98.0199966430664,0.00658763086998293,59.76574283800582,10728.282918035846
CSGP,1,2025-08-13,2025-08-15,2,RESIDUAL_REVERTED,89.1500015258789,87.97000122070312,-0.013236122097353475,-152.65814508481083,10728.282918035846
NXPI,-1,2025-08-13,2025-08-15,2,RESIDUAL_REVERTED,215.94281005859375,228.41404724121094,-0.05775250020703737,-631.068747508079,10728.282918035846
APTV,-1,2025-08-13,2025-08-15,2,RESIDUAL_REVERTED,71.87999725341797,74.5,-0.03644967788945541,-402.40753350610464,10728.282918035846
RJF,1,2025-08-14,2025-08-15,1,RESIDUAL_REVERTED,162.3922882080078,163.04339599609375,0.004009474804936186,31.8558529325916,10592.24272137658
SCHW,1,2025-08-14,2025-08-15,1,RESIDUAL_REVERTED,96.1313247680664,95.92398071289062,-0.002156883364252349,-33.42705172117872,10592.24272137658
AMCR,1,2025-08-15,2025-08-18,1,RESIDUAL_REVERTED,40.656761169433594,40.00699234008789,-0.015981814848404885,-180.40995460183018,10628.716029406822
TPR,1,2025-08-15,2025-08-18,1,RESIDUAL_REVERTED,94.55892181396484,98.79803466796875,0.0448303848297249,465.62246909984384,10628.716029406822
SWKS,-1,2025-08-15,2025-08-18,1,RESIDUAL_REVERTED,72.69271087646484,71.45477294921875,0.017029739465210803,170.25858802388538,10628.716029406822
INTC,-1,2025-08-15,2025-08-19,2,RESIDUAL_REVERTED,25.010000228881836,24.940000534057617,0.002798868220056372,18.727937045878466,10628.716029406822
AMAT,1,2025-08-18,2025-08-19,1,RESIDUAL_REVERTED,160.46005249023438,162.8697967529297,0.015017720767865006,149.79276516638586,10691.68447669231
KLAC,1,2025-08-18,2025-08-19,1,RESIDUAL_REVERTED,86.83555603027344,87.86499786376953,0.011855072743902184,115.99563740073278,10691.68447669231
LRCX,1,2025-08-18,2025-08-19,1,RESIDUAL_REVERTED,98.35062408447266,98.1817398071289,-0.0017171652840626273,-29.04189419351386,10691.68447669231
UNH,-1,2025-08-18,2025-08-19,1,RESIDUAL_REVERTED,303.14459228515625,299.0017395019531,0.013666259892593069,135.28775216868465,10691.684476692308
CRM,-1,2025-08-18,2025-08-19,1,RESIDUAL_REVERTED,237.34010314941406,242.51712036132812,-0.021812652574162428,-244.2381429508608,10691.68447669231
NEE,-1,2025-08-18,2025-08-19,1,RESIDUAL_REVERTED,73.41606140136719,73.11705017089844,0.004072831268270405,32.66446551525867,10691.68447669231
EPAM,-1,2025-08-19,2025-08-20,1,RESIDUAL_REVERTED,165.5,167.08999633789062,-0.009607228627737996,-114.13402559703536,10734.83548607397
MDT,1,2025-08-20,2025-08-21,1,RESIDUAL_REVERTED,86.80258178710938,89.64605712890625,0.032757958153488254,338.365055770371,10659.99438500349
PLTR,1,2025-08-20,2025-08-21,1,RESIDUAL_REVERTED,152.3000030517578,157.1699981689453,0.03197632974132292,330.0370673627716,10659.99438500349
ORCL,1,2025-08-20,2025-08-21,1,RESIDUAL_REVERTED,229.56350708007812,230.4237060546875,0.0037471067834371485,29.26417081780892,10659.99438500349
JBL,1,2025-08-20,2025-08-21,1,RESIDUAL_REVERTED,204.8837127685547,204.45423889160156,-0.002096183591900669,-32.99412705194081,10659.99438500349
PLD,-1,2025-08-20,2025-08-21,1,RESIDUAL_REVERTED,107.08319854736328,104.79602813720703,0.021358816706849026,216.9295790459936,10659.99438500349
FRT,-1,2025-08-20,2025-08-21,1,RESIDUAL_REVERTED,93.02268981933594,91.91082000732422,0.011952673204474462,116.6089859699557,10659.99438500349
HD,-1,2025-08-20,2025-08-21,1,RESIDUAL_REVERTED,396.150390625,386.7030334472656,0.023847905748191844,243.4782476660615,10659.99438500349
KIM,-1,2025-08-20,2025-08-21,1,RESIDUAL_REVERTED,20.531246185302734,20.3330135345459,0.009655168954076476,92.10517360617936,10659.99438500349
TRMB,1,2025-08-20,2025-08-22,2,RESIDUAL_REVERTED,81.12000274658203,80.91000366210938,-0.00258874602271264,-38.24221444228766,10659.99438500349
ADI,-1,2025-08-21,2025-08-25,2,RESIDUAL_REVERTED,240.0366668701172,248.53631591796875,-0.03540979450631476,-392.3242714896442,10758.015742117956
EIX,1,2025-08-22,2025-08-25,1,RESIDUAL_REVERTED,51.50175094604492,52.30734634399414,0.015642097271473254,157.61725474364616,10770.416817585947
PCG,1,2025-08-22,2025-08-25,1,RESIDUAL_REVERTED,14.654654502868652,14.96140193939209,0.02093174127465036,214.560439639144,10770.416817585947
DHR,1,2025-08-22,2025-08-25,1,RESIDUAL_REVERTED,205.3649444580078,209.75259399414062,0.02136513389718253,219.2259249198874,10770.416817585947
PKG,-1,2025-08-22,2025-08-25,1,RESIDUAL_REVERTED,204.94044494628906,205.71615600585938,-0.0037850559940650896,-51.77252488665856,10770.416817585947
CSX,1,2025-08-25,2025-08-25,0,STOP_LOSS,34.211761474609375,32.40640944859859,-0.05276992321341445,-576.8172340044604,10732.773702056325
WMT,1,2025-08-22,2025-08-26,2,RESIDUAL_REVERTED,97.25119018554688,95.47612762451172,-0.018252347941947966,-207.25751935435534,10770.416817585947
NDSN,-1,2025-08-22,2025-08-26,2,RESIDUAL_REVERTED,217.62014770507812,222.22567749023438,-0.021163158989294217,-239.2581464634987,10770.416817585947
SW,-1,2025-08-22,2025-08-26,2,RESIDUAL_REVERTED,42.537776947021484,43.46525955200195,-0.021803739441663694,-246.17025623559434,10770.416817585947
CCL,-1,2025-08-25,2025-08-26,1,RESIDUAL_REVERTED,30.61798095703125,30.696714401245117,-0.0025714773395528745,-38.55956778028347,10732.773702056325
ES,1,2025-08-26,2025-08-27,1,RESIDUAL_REVERTED,59.89016342163086,61.01482391357422,0.018778718034640818,189.15147697222514,10644.829662682187
DXCM,1,2025-08-26,2025-08-27,1,RESIDUAL_REVERTED,76.25,75.80000305175781,-0.005901599321209039,-73.43493841459716,10644.829662682187
DPZ,-1,2025-08-26,2025-08-27,1,RESIDUAL_REVERTED,448.7591857910156,441.5437927246094,0.016078541219580522,160.38701190054636,10644.829662682187
KDP,1,2025-08-26,2025-08-28,2,RESIDUAL_REVERTED,29.774532318115234,28.602764129638672,-0.03935471348322883,-429.3595890045888,10644.829662682187
CSX,1,2025-08-26,2025-08-28,2,RESIDUAL_REVERTED,31.772979736328125,32.2450065612793,0.014856234097914145,147.4181806978438,10644.829662682187
ERIE,1,2025-08-27,2025-08-28,1,RESIDUAL_REVERTED,342.5726013183594,343.17974853515625,0.0017723169175243303,8.20608192931465,10637.483446024053
SJM,1,2025-08-28,2025-08-29,1,RESIDUAL_REVERTED,101.63536071777344,103.2009048461914,0.015403537876598428,153.5797346201072,10668.344198388459
SBAC,1,2025-08-28,2025-08-29,1,RESIDUAL_REVERTED,203.0166473388672,202.1390380859375,-0.00432284378859249,-56.7628708582321,10668.344198388459
KMX,-1,2025-08-28,2025-08-29,1,RESIDUAL_REVERTED,61.7599983215332,62.29999923706055,-0.008743538377640636,-104.20713937274438,10668.344198388459
HRL,1,2025-08-29,2025-09-02,1,RESIDUAL_REVERTED,23.99114418029785,24.200176239013672,0.008712884101937934,82.21394846204882,10665.324441899105
COO,1,2025-08-29,2025-09-02,1,RESIDUAL_REVERTED,65.05999755859375,66.37999725341797,0.02028896010387049,205.61482348357816,10665.324441899103
BBY,1,2025-08-29,2025-09-02,1,RESIDUAL_REVERTED,68.2470932006836,68.45330810546875,0.0030215924974090758,21.544826742017698,10665.324441899105
NTAP,-1,2025-08-29,2025-09-02,1,RESIDUAL_REVERTED,114.45690155029297,109.00237274169922,0.047655744081076645,497.6478346731413,10665.324441899105
A,-1,2025-08-29,2025-09-02,1,RESIDUAL_REVERTED,124.00492095947266,123.8858642578125,0.0009600965892238023,-0.6331938531085135,10665.324441899105
HPQ,-1,2025-08-29,2025-09-02,1,RESIDUAL_REVERTED,26.47130012512207,26.4241943359375,0.0017795041785599874,8.108227359221024,10665.324441899105
FICO,-1,2025-08-29,2025-09-02,1,RESIDUAL_REVERTED,1508.1099853515625,1505.0,0.0020621740998800764,11.12591619260199,10665.324441899105
ULTA,1,2025-09-02,2025-09-03,1,RESIDUAL_REVERTED,491.260009765625,535.1799926757812,0.0894027236841648,948.2334965108518,10731.71933445698
DELL,1,2025-09-02,2025-09-03,1,RESIDUAL_REVERTED,117.61128234863281,120.1686782836914,0.021744477944537266,222.50723722341968,10731.71933445698
ADSK,-1,2025-09-02,2025-09-04,2,RESIDUAL_REVERTED,313.0199890136719,318.5799865722656,-0.017762436118259783,-201.88160212048734,10731.71933445698
KHC,1,2025-09-03,2025-09-04,1,RESIDUAL_REVERTED,24.568096160888672,25.223247528076172,0.026666753618071137,278.13350987800777,10841.96599370576
BIIB,-1,2025-09-03,2025-09-04,1,RESIDUAL_REVERTED,139.55999755859375,141.77999877929688,-0.01590714574046248,-183.61122519718361,10841.96599370576
RL,-1,2025-09-03,2025-09-04,1,RESIDUAL_REVERTED,305.9483642578125,308.38507080078125,-0.007964437230706833,-97.45265750329044,10841.965993705759
TTWO,-1,2025-09-03,2025-09-04,1,RESIDUAL_REVERTED,241.0,238.52999877929688,0.010248967720759894,100.11934479141703,10841.96599370576
ROST,-1,2025-09-03,2025-09-04,1,RESIDUAL_REVERTED,149.3535614013672,149.52169799804688,-0.0011257622188722838,-23.268278144972466,10841.965993705762
STZ,1,2025-09-03,2025-09-05,2,RESIDUAL_REVERTED,145.98387145996094,142.07803344726562,-0.02675527079555884,-300.776662243485,10841.96599370576
ERIE,1,2025-09-03,2025-09-05,2,RESIDUAL_REVERTED,330.5473327636719,328.4810791015625,-0.006251006912788126,-78.58128376638633,10841.96599370576
DLTR,1,2025-09-04,2025-09-05,1,RESIDUAL_REVERTED,101.68000030517578,100.18000030517578,-0.014752163606392532,-170.20370310062282,10810.16195580967
ISRG,1,2025-09-04,2025-09-05,1,RESIDUAL_REVERTED,440.69000244140625,454.8299865722656,0.032086010693513245,335.87138267085396,10810.16195580967
NI,1,2025-09-05,2025-09-08,1,RESIDUAL_REVERTED,38.45022201538086,39.27804946899414,0.02152984846959094,222.49970395183416,10843.549784278233
TROW,-1,2025-09-05,2025-09-08,1,RESIDUAL_REVERTED,104.91827392578125,101.52049255371094,0.03238502927024789,340.2925295467174,10843.549784278233
CPRT,-1,2025-09-05,2025-09-08,1,RESIDUAL_REVERTED,48.7599983215332,48.66999816894531,0.0018457784184980897,8.96693633977252,10843.549784278233
WSM,-1,2025-09-05,2025-09-08,1,RESIDUAL_REVERTED,201.51229858398438,199.66824340820312,0.009151080051884253,88.223139651927,10843.549784278233
LULU,1,2025-09-08,2025-09-09,1,RESIDUAL_REVERTED,167.75999450683594,167.8300018310547,0.00041730642889303837,-6.360309894583384,10911.45243438886
KVUE,1,2025-09-08,2025-09-09,1,RESIDUAL_REVERTED,17.67821502685547,17.4425106048584,-0.013333044181157772,-156.32158838400238,10911.45243438886
FAST,1,2025-09-08,2025-09-09,1,RESIDUAL_REVERTED,47.077392578125,46.8620719909668,-0.004573757707606263,-60.7928389375171,10911.45243438886
SCHW,1,2025-09-08,2025-09-09,1,RESIDUAL_REVERTED,91.0167007446289,92.38914489746094,0.015079036502133603,153.54047002028076,10911.45243438886
POOL,-1,2025-09-08,2025-09-09,1,RESIDUAL_REVERTED,323.4405517578125,322.8260498046875,0.00189989149407932,9.611659477212985,10911.45243438886
AVGO,-1,2025-09-08,2025-09-10,2,RESIDUAL_REVERTED,339.6384582519531,348.32879638671875,-0.02558702621456055,-290.6736532138337,10911.45243438886
CVS,1,2025-09-09,2025-09-10,1,RESIDUAL_REVERTED,69.35856628417969,69.85287475585938,0.0071268553858852,66.67135181551754,10888.154977865794
LYV,-1,2025-09-09,2025-09-10,1,RESIDUAL_REVERTED,170.86000061035156,170.83999633789062,0.00011707990395337653,-9.82806020868216,10888.154977865794
SOLV,-1,2025-09-09,2025-09-10,1,RESIDUAL_REVERTED,74.0999984741211,72.54000091552734,0.021052599065013,218.23788201931868,10888.154977865792
TTWO,-1,2025-09-09,2025-09-10,1,RESIDUAL_REVERTED,249.27999877929688,248.5800018310547,0.0028080750628610707,19.487084673687253,10888.154977865794
HUM,1,2025-09-10,2025-09-11,1,RESIDUAL_REVERTED,266.1693420410156,271.7882385253906,0.021110231709214444,220.0420276438589,10947.540704040584
UNH,-1,2025-09-10,2025-09-11,1,RESIDUAL_REVERTED,334.4870300292969,337.8168029785156,-0.009954864165965027,-120.20129198569042,10947.540704040584
FOX,1,2025-09-10,2025-09-12,2,RESIDUAL_REVERTED,52.338932037353516,52.061798095703125,-0.005294986559003623,-68.88563804563945,10947.540704040584
NWS,1,2025-09-10,2025-09-12,2,RESIDUAL_REVERTED,32.13447570800781,31.995410919189453,-0.004327588540170457,-58.300304172048904,10947.540704040584
FOXA,1,2025-09-10,2025-09-12,2,RESIDUAL_REVERTED,57.79985427856445,57.72059631347656,-0.0013712485278234432,-25.951833878206525,10947.540704040584
SNPS,1,2025-09-11,2025-09-12,1,RESIDUAL_REVERTED,415.9700012207031,443.82000732421875,0.0669519581262763,714.443510629101,10838.288251746484
ORCL,-1,2025-09-11,2025-09-12,1,RESIDUAL_REVERTED,326.6173400878906,302.3439636230469,0.07431747640315711,794.8382689481334,10838.288251746484
DLR,-1,2025-09-11,2025-09-12,1,RESIDUAL_REVERTED,167.71498107910156,167.72462463378906,-5.749966178014709e-05,-11.677994244559839,10838.288251746484
AVGO,-1,2025-09-11,2025-09-12,1,RESIDUAL_REVERTED,367.8103332519531,359.6154479980469,0.02228019311326057,230.5532527434622,10838.288251746484
PWR,-1,2025-09-11,2025-09-12,1,RESIDUAL_REVERTED,390.79718017578125,387.8197326660156,0.007618907353493132,71.5646875610726,10838.288251746484
CDW,1,2025-09-12,2025-09-15,1,RESIDUAL_REVERTED,161.7562255859375,161.2270050048828,-0.0032717169255011003,-47.286498960260296,11073.911295332207
WBD,-1,2025-09-12,2025-09-16,2,RESIDUAL_REVERTED,17.530000686645508,18.770000457763672,-0.07073586551897892,-795.2686997817248,11073.911295332206
ANET,1,2025-09-15,2025-09-16,1,RESIDUAL_REVERTED,139.60000610351562,145.25999450683594,0.04054432776402139,434.1667424176352,10984.87328350244
FFIV,1,2025-09-15,2025-09-16,1,RESIDUAL_REVERTED,320.2699890136719,324.04998779296875,0.01180253819890531,118.59968856190115,10984.87328350244
CTVA,-1,2025-09-15,2025-09-16,1,RESIDUAL_REVERTED,73.20220947265625,69.35832977294922,0.05251043277789125,565.9173011040199,10984.87328350244
MKC,1,2025-09-16,2025-09-17,1,RESIDUAL_REVERTED,64.04129791259766,64.95188903808594,0.014218811222893146,146.59767897298403,11096.048109504445
ERIE,1,2025-09-16,2025-09-17,1,RESIDUAL_REVERTED,315.5353698730469,315.3394775390625,-0.0006208252788370006,-17.98131091749569,11096.048109504445
SJM,1,2025-09-16,2025-09-17,1,RESIDUAL_REVERTED,98.44664764404297,100.44439697265625,0.020292710584078222,213.96026035721994,11096.048109504445
STX,-1,2025-09-16,2025-09-17,1,RESIDUAL_REVERTED,209.4017791748047,208.50985717773438,0.00425938117901925,35.96989896160306,11096.048109504445
NWSA,-1,2025-09-16,2025-09-17,1,RESIDUAL_REVERTED,29.645946502685547,29.586395263671875,0.0020087481102442073,10.985134346697183,11096.048109504445
TSLA,-1,2025-09-15,2025-09-18,3,RESIDUAL_REVERTED,423.1300048828125,428.8699951171875,-0.013565547628712205,-160.72295018392722,10984.87328350244
EMR,1,2025-09-17,2025-09-18,1,RESIDUAL_REVERTED,127.5172119140625,129.52565002441406,0.01575032954535671,164.28558540738794,11143.706547517253
PFG,1,2025-09-17,2025-09-18,1,RESIDUAL_REVERTED,77.55664825439453,78.13664245605469,0.007478329900973968,72.15093917751899,11143.706547517251
STLD,-1,2025-09-17,2025-09-18,1,RESIDUAL_REVERTED,137.8511505126953,134.55067443847656,0.023942317941806346,255.57895664897873,11143.706547517253
OXY,-1,2025-09-17,2025-09-18,1,RESIDUAL_REVERTED,46.415775299072266,46.15105056762695,0.005703335336738502,52.22396223477024,11143.706547517253
UBER,1,2025-09-18,2025-09-19,1,RESIDUAL_REVERTED,93.93000030517578,95.0,0.011391458440836999,116.09755271931772,11178.529294671942
HLT,1,2025-09-18,2025-09-19,1,RESIDUAL_REVERTED,266.2576904296875,267.2856140136719,0.003860634343840097,31.95610670690596,11178.529294671942
MAR,1,2025-09-18,2025-09-19,1,RESIDUAL_REVERTED,260.5503845214844,263.208251953125,0.010200972976961653,102.79633002482197,11178.529294671942
WDAY,-1,2025-09-18,2025-09-19,1,RESIDUAL_REVERTED,237.67999267578125,236.1300048828125,0.006521322116847639,61.53881485790101,11178.529294671942
AXP,-1,2025-09-18,2025-09-22,2,RESIDUAL_REVERTED,334.91754150390625,335.91693115234375,-0.002983987174723257,-44.99918190991404,11178.529294671942
MCO,1,2025-09-19,2025-09-22,1,RESIDUAL_REVERTED,480.8096008300781,478.84661865234375,-0.0040826601098343795,-56.899924905842425,11199.408452431016
INTC,-1,2025-09-19,2025-09-22,1,RESIDUAL_REVERTED,30.3799991607666,29.670000076293945,0.02337060908775679,250.45209800535923,11199.408452431016
CRWD,-1,2025-09-19,2025-09-22,1,RESIDUAL_REVERTED,124.75,124.0,0.006012024048096198,55.941578708617904,11199.408452431016
ALL,-1,2025-09-19,2025-09-22,1,RESIDUAL_REVERTED,202.46319580078125,200.35398864746094,0.010417731207778225,105.30951031011129,11199.408452431016
DRI,1,2025-09-19,2025-09-23,2,RESIDUAL_REVERTED,186.83375549316406,179.38987731933594,-0.03984225524011631,-457.1859937074535,11199.408452431016
CTSH,1,2025-09-22,2025-09-23,1,RESIDUAL_REVERTED,65.53129577636719,66.49945831298828,0.014774048416882568,153.72832594105046,11166.710762774886
DXCM,1,2025-09-22,2025-09-23,1,RESIDUAL_REVERTED,67.69000244140625,69.01000213623047,0.01950065958361935,206.48263537820856,11166.710762774886
TRGP,1,2025-09-22,2025-09-23,1,RESIDUAL_REVERTED,159.5296173095703,162.09446716308594,0.016077577924220154,168.2771848517425,11166.710762774886
KVUE,1,2025-09-23,2025-09-24,1,RESIDUAL_REVERTED,16.87680435180664,16.50909996032715,-0.02178756024034434,-255.84566620035102,11232.796803129431
WAB,-1,2025-09-23,2025-09-24,1,RESIDUAL_REVERTED,197.51710510253906,194.03335571289062,0.01763770984715418,186.7686153232931,11232.796803129431
SWKS,-1,2025-09-23,2025-09-24,1,RESIDUAL_REVERTED,80.61648559570312,78.34027099609375,0.02823510083315639,305.86733545854133,11232.796803129431
TER,-1,2025-09-23,2025-09-24,1,RESIDUAL_REVERTED,135.73707580566406,134.2499542236328,0.010955898181867263,111.67340420290033,11232.796803129431
IRM,-1,2025-09-23,2025-09-24,1,RESIDUAL_REVERTED,100.57593536376953,100.13089752197266,0.004424893889251269,38.27283745824088,11232.796803129431
ES,-1,2025-09-22,2025-09-25,3,RESIDUAL_REVERTED,63.08473587036133,65.67504119873047,-0.04106073034358415,-470.60141231004826,11166.710762774886
REGN,1,2025-09-24,2025-09-25,1,RESIDUAL_REVERTED,564.9928588867188,574.3548583984375,0.01657012007225367,174.37923091368285,11205.56995860574
GNRC,1,2025-09-24,2025-09-25,1,RESIDUAL_REVERTED,167.80999755859375,163.6199951171875,-0.02496872952961715,-290.85452105747544,11205.56995860574
PPG,1,2025-09-24,2025-09-25,1,RESIDUAL_REVERTED,102.643798828125,102.57559967041016,-0.0006644255034737867,-18.647113786832882,11205.56995860574
XEL,-1,2025-09-25,2025-09-26,1,RESIDUAL_REVERTED,75.8049087524414,75.22297668457031,0.0076767069237102525,74.77866530888377,11226.451711500367
PWR,-1,2025-09-25,2025-09-26,1,RESIDUAL_REVERTED,396.732177734375,400.06927490234375,-0.008411460817284722,-105.9291465494543,11226.45171150037
APD,1,2025-09-24,2025-09-29,3,RESIDUAL_REVERTED,270.88104248046875,260.8094787597656,-0.03718076255347147,-427.6288900478852,11205.56995860574
FCX,1,2025-09-25,2025-09-29,2,RESIDUAL_REVERTED,37.130836486816406,35.96338653564453,-0.03144152035428527,-364.02667335004276,11226.45171150037
PSX,-1,2025-09-25,2025-09-29,2,RESIDUAL_REVERTED,132.5450439453125,135.6044464111328,-0.023081983111210125,-270.939419405272,11226.45171150037
EQT,-1,2025-09-25,2025-09-29,2,RESIDUAL_REVERTED,52.293556213378906,53.33132553100586,-0.019845070650625463,-234.58220361346773,11226.45171150037
KMX,1,2025-09-26,2025-09-29,1,RESIDUAL_REVERTED,44.75,45.20000076293945,0.010055882970714025,100.19321435014643,11070.027530723246
JBL,1,2025-09-26,2025-09-29,1,RESIDUAL_REVERTED,213.3140106201172,218.24832153320312,0.023131677561832875,244.87024575685885,11070.027530723246
GIS,1,2025-09-26,2025-09-29,1,RESIDUAL_REVERTED,46.6759147644043,47.19369888305664,0.011093175597432836,111.67033085637192,11070.027530723246
IBM,-1,2025-09-26,2025-09-29,1,RESIDUAL_REVERTED,273.40240478515625,278.75323486328125,-0.019571261936520923,-228.05538203350613,11070.027530723246
PCAR,-1,2025-09-29,2025-09-30,1,RESIDUAL_REVERTED,98.17958068847656,97.31099700927734,0.008846887235699596,86.80181045153577,11083.51018374189
ROL,-1,2025-09-29,2025-09-30,1,RESIDUAL_REVERTED,57.7412109375,57.51449966430664,0.003926333887225852,32.236124554532225,11083.51018374189
WSM,1,2025-09-30,2025-10-01,1,RESIDUAL_REVERTED,189.33377075195312,193.51490783691406,0.022083419499623558,234.4597604898546,11126.402669304998
QCOM,1,2025-09-30,2025-10-01,1,RESIDUAL_REVERTED,162.2609405517578,162.4176788330078,0.0009659643332340373,-0.3840683876247031,11126.402669304998
SWKS,1,2025-09-30,2025-10-01,1,RESIDUAL_REVERTED,74.51431274414062,74.53367614746094,0.00025986153004997625,-8.236524309718407,11126.402669304998
EOG,1,2025-09-30,2025-10-01,1,RESIDUAL_REVERTED,108.28571319580078,107.8025131225586,-0.0044622698505800695,-60.75058934037051,11126.402669304998
WDC,-1,2025-09-30,2025-10-01,1,RESIDUAL_REVERTED,117.59061431884766,117.95993041992188,-0.0031406936957809606,-46.31347589420323,11126.402669304998
CSX,-1,2025-09-30,2025-10-01,1,RESIDUAL_REVERTED,35.28642654418945,34.47683334350586,0.022943473736841358,244.06022267470274,11126.402669304996
PYPL,-1,2025-09-30,2025-10-01,1,RESIDUAL_REVERTED,69.0549087524414,66.16217041015625,0.041890408582762495,454.9841759741772,11126.402669304996
DHR,-1,2025-10-01,2025-10-02,1,TRAILING_STOP,197.60324096679688,214.2323074534258,-0.08415381450865511,-950.1078327656617,11149.256457220152
CCL,1,2025-09-30,2025-10-03,3,RESIDUAL_REVERTED,29.30901527404785,28.541349411010742,-0.02619214108216228,-302.40499896646236,11126.402669304998
MRK,-1,2025-10-01,2025-10-03,2,RESIDUAL_REVERTED,82.75985717773438,87.07318878173828,-0.052118644849043605,-592.9904126234616,11149.256457220152
CTVA,1,2025-10-02,2025-10-03,1,RESIDUAL_REVERTED,60.75416946411133,61.91823959350586,0.019160333186386103,199.89265084837052,11012.912281401994
NWS,1,2025-10-02,2025-10-03,1,RESIDUAL_REVERTED,32.28348159790039,32.3033447265625,0.0006152721973891051,-4.240361511740366,11012.912281401994
DGX,1,2025-10-02,2025-10-03,1,RESIDUAL_REVERTED,177.71112060546875,177.62171936035156,-0.0005030706284029351,-16.5504148470026,11012.912281401994
AES,-1,2025-10-02,2025-10-03,1,RESIDUAL_REVERTED,14.603046417236328,13.812406539916992,0.05414211902977484,585.3439402703264,11012.912281401994
TMO,-1,2025-10-02,2025-10-03,1,RESIDUAL_REVERTED,523.8690185546875,523.520263671875,0.0006657291621762207,-3.895828034475611,11012.912281401994
NKE,-1,2025-10-02,2025-10-03,1,RESIDUAL_REVERTED,72.60604095458984,72.39305877685547,0.002933394727686389,21.091201779214273,11012.912281401994
NWSA,1,2025-10-02,2025-10-06,2,RESIDUAL_REVERTED,28.643522262573242,28.335845947265625,-0.010741567063127566,-129.2497001445069,11012.912281401994
FICO,-1,2025-10-03,2025-10-07,2,RESIDUAL_REVERTED,1786.8699951171875,1841.7900390625,-0.030735332786037795,-353.6345169390575,11123.452637364397
LVS,1,2025-10-06,2025-10-07,1,RESIDUAL_REVERTED,50.535396575927734,51.142250061035156,0.012008483681247961,121.5367525921,11046.305813287376
WYNN,1,2025-10-06,2025-10-07,1,RESIDUAL_REVERTED,123.44412231445312,123.41439056396484,-0.00024085189258782336,-13.705499212691118,11046.305813287376
CVS,1,2025-10-06,2025-10-07,1,RESIDUAL_REVERTED,74.76690673828125,75.11582946777344,0.0046668070770077286,40.47889684188161,11046.305813287376
PLTR,1,2025-10-06,2025-10-07,1,RESIDUAL_REVERTED,179.17999267578125,180.30999755859375,0.0063065349313704555,58.58277570407189,11046.305813287376
BEN,-1,2025-10-06,2025-10-07,1,RESIDUAL_REVERTED,22.880861282348633,22.3514347076416,0.0231384023605552,244.46162702039712,11046.305813287376
F,-1,2025-10-06,2025-10-07,1,RESIDUAL_REVERTED,12.067376136779785,11.943168640136719,0.010292833772247989,102.48794515670154,11046.305813287376
HUM,-1,2025-10-06,2025-10-08,2,RESIDUAL_REVERTED,281.3431091308594,292.4816589355469,-0.039590625976578364,-449.0501468057742,11046.305813287376
VZ,1,2025-10-07,2025-10-08,1,RESIDUAL_REVERTED,38.94941329956055,38.883880615234375,-0.0016825076111457449,-29.583515266058136,11031.76582168139
PNW,-1,2025-10-06,2025-10-09,3,RESIDUAL_REVERTED,86.8763656616211,88.85958099365234,-0.022828019069717653,-264.0049743765418,11046.305813287376
NXPI,1,2025-10-08,2025-10-09,1,RESIDUAL_REVERTED,216.07347106933594,219.4341278076172,0.015553305649460558,160.60935905857113,11041.83691742789
STX,1,2025-10-08,2025-10-09,1,RESIDUAL_REVERTED,223.55230712890625,222.2002716064453,-0.006047960496696314,-77.78904010825053,11041.83691742789
EXC,-1,2025-10-08,2025-10-09,1,RESIDUAL_REVERTED,45.23904800415039,45.094356536865234,0.00319837559959002,24.073986744516947,11041.83691742789
PYPL,-1,2025-10-08,2025-10-10,2,RESIDUAL_REVERTED,74.4052505493164,75.27059173583984,-0.011630109167495961,-139.96608855692293,11041.83691742789
GILD,-1,2025-10-08,2025-10-10,2,RESIDUAL_REVERTED,114.28559112548828,114.81256866455078,-0.00461105843591314,-62.42145805385363,11041.83691742789
TSN,1,2025-10-09,2025-10-10,1,RESIDUAL_REVERTED,50.8228759765625,50.02107620239258,-0.015776355799693054,-184.6219446286934,11010.066560211435
TYL,-1,2025-10-09,2025-10-10,1,RESIDUAL_REVERTED,516.9000244140625,504.04998779296875,0.024859810435606033,262.62091358751763,11010.066560211435
F,1,2025-10-08,2025-10-13,3,RESIDUAL_REVERTED,11.446331024169922,10.97815990447998,-0.04090141362340105,-462.4427624698244,11041.83691742789
DHI,1,2025-10-08,2025-10-13,3,RESIDUAL_REVERTED,159.0904541015625,149.683349609375,-0.05913054020313535,-663.6251637889807,11041.83691742789
CHRW,1,2025-10-10,2025-10-13,1,RESIDUAL_REVERTED,127.72265625,123.81227111816406,-0.030616221480563977,-345.4618746762722,10932.021825867867
EXPD,1,2025-10-10,2025-10-13,1,RESIDUAL_REVERTED,115.04779052734375,112.2470474243164,-0.02434417115000298,-276.9299666651907,10932.021825867867
COST,-1,2025-10-10,2025-10-13,1,RESIDUAL_REVERTED,938.9417724609375,923.611083984375,0.01632762427469947,167.43757443649764,10932.021825867867
PEP,-1,2025-10-10,2025-10-14,2,RESIDUAL_REVERTED,139.95892333984375,142.89976501464844,-0.021012177034713364,-241.1977464360792,10932.021825867867
QCOM,1,2025-10-13,2025-10-14,1,RESIDUAL_REVERTED,152.7686004638672,156.05027770996094,0.021481359625795227,221.7631374224022,10833.240460759356
SO,-1,2025-10-13,2025-10-14,1,RESIDUAL_REVERTED,94.49964904785156,95.54512786865234,-0.01106330903167052,-130.96061133917328,10833.240460759356
RSG,-1,2025-10-13,2025-10-14,1,RESIDUAL_REVERTED,220.3633270263672,221.3645782470703,-0.004543638155287688,-60.29584679256479,10833.240460759356
ORLY,-1,2025-10-13,2025-10-14,1,RESIDUAL_REVERTED,101.81999969482422,103.13999938964844,-0.012964051254964915,-151.56332932938665,10833.240460759356
FAST,1,2025-10-14,2025-10-15,1,RESIDUAL_REVERTED,41.02878189086914,41.86071014404297,0.020276698815642202,209.45839090937764,10871.60270648537
LVS,1,2025-10-14,2025-10-15,1,RESIDUAL_REVERTED,44.93666458129883,47.16831970214844,0.049662233315339366,528.7665133796054,10871.60270648537
MNST,1,2025-10-14,2025-10-15,1,RESIDUAL_REVERTED,33.57500076293945,34.23500061035156,0.01965747825509001,202.72983694732702,10871.60270648537
WYNN,1,2025-10-14,2025-10-15,1,RESIDUAL_REVERTED,110.96099090576172,115.83535766601562,0.04392865204667884,466.4644623502013,10871.60270648537
BBY,-1,2025-10-14,2025-10-15,1,RESIDUAL_REVERTED,72.38492584228516,73.67615509033203,-0.01783837218898654,-205.118714754047,10871.60270648537
PANW,1,2025-10-15,2025-10-16,1,RESIDUAL_REVERTED,208.0800018310547,208.0,-0.0003844763088749481,-15.173325872748851,10961.135935669405
HON,-1,2025-10-15,2025-10-16,1,RESIDUAL_REVERTED,202.40773010253906,197.48277282714844,0.02433186357505046,255.66613962457376,10961.135935669405
C,-1,2025-10-15,2025-10-16,1,RESIDUAL_REVERTED,99.09369659423828,98.13399505615234,0.009684788952981083,95.03377802259523,10961.135935669405
WFC,-1,2025-10-15,2025-10-17,2,RESIDUAL_REVERTED,83.35236358642578,82.64772033691406,0.00845378846133249,81.31304798854642,10961.135935669405
WMT,-1,2025-10-15,2025-10-17,2,RESIDUAL_REVERTED,106.4239501953125,106.27520751953125,0.0013976428755770876,3.9295689778892497,10961.135935669405
PGR,1,2025-10-16,2025-10-17,1,RESIDUAL_REVERTED,211.12432861328125,208.59739685058594,-0.011968927405443308,-142.15838997601304,10966.521307307805
TDG,1,2025-10-16,2025-10-17,1,RESIDUAL_REVERTED,1243.1600341796875,1253.0799560546875,0.007979601662102764,76.4981961081456,10966.521307307803
MSI,1,2025-10-16,2025-10-17,1,RESIDUAL_REVERTED,434.81439208984375,432.3925476074219,-0.005569835144558555,-72.01769624040556,10966.521307307805
PNC,1,2025-10-16,2025-10-20,2,RESIDUAL_REVERTED,179.05995178222656,176.08001708984375,-0.01664210596910598,-193.38127801112805,10966.521307307805
BG,-1,2025-10-16,2025-10-20,2,RESIDUAL_REVERTED,91.64913177490234,95.54908752441406,-0.0425531117860487,-478.30581802969397,10966.521307307805
MRSH,1,2025-10-17,2025-10-20,1,RESIDUAL_REVERTED,183.88458251953125,186.91616821289062,0.01648635057828929,169.5654019207224,10955.176721919779
JBHT,-1,2025-10-17,2025-10-20,1,RESIDUAL_REVERTED,168.5504608154297,165.07888793945312,0.020596638295626413,214.5865889926927,10955.176721919779
SNA,-1,2025-10-17,2025-10-20,1,RESIDUAL_REVERTED,334.9939270019531,331.6933288574219,0.009852710388125963,96.82234039053763,10955.176721919779
NEM,1,2025-10-20,2025-10-21,1,RESIDUAL_REVERTED,92.98783874511719,88.20271301269531,-0.05145969405244555,-576.0752335759026,10986.680910087704
CMI,1,2025-10-20,2025-10-21,1,RESIDUAL_REVERTED,409.3741760253906,406.06256103515625,-0.008089457479674933,-99.81853083096645,10986.680910087704
CAT,1,2025-10-20,2025-10-21,1,RESIDUAL_REVERTED,526.3435668945312,521.8807373046875,-0.008478928727437052,-104.0953876556212,10986.680910087704
AXP,-1,2025-10-20,2025-10-21,1,RESIDUAL_REVERTED,344.58441162109375,349.2464294433594,-0.01352939269751996,-159.92342413533248,10986.680910087704
TFC,-1,2025-10-20,2025-10-22,2,RESIDUAL_REVERTED,41.3391227722168,42.25968933105469,-0.022268652479887185,-256.20892869992525,10986.680910087704
PGR,1,2025-10-21,2025-10-22,1,RESIDUAL_REVERTED,206.66229248046875,209.16102600097656,0.012090901975956525,121.55055134628608,10965.460046550363
J,-1,2025-10-21,2025-10-22,1,RESIDUAL_REVERTED,160.8661651611328,161.8556365966797,-0.00615089838534888,-78.66667200761856,10965.46004655036
EXE,-1,2025-10-21,2025-10-22,1,RESIDUAL_REVERTED,104.39685821533203,105.0912094116211,-0.006651073683241249,-84.1502527021668,10965.460046550363
LDOS,-1,2025-10-21,2025-10-23,2,RESIDUAL_REVERTED,188.62564086914062,186.9055633544922,0.009119001566927687,88.64343561538577,10965.460046550363
LMT,1,2025-10-22,2025-10-23,1,RESIDUAL_REVERTED,479.090576171875,475.8249206542969,-0.0068163635020167535,-84.48261911393648,10813.145045742232
NEM,1,2025-10-22,2025-10-23,1,RESIDUAL_REVERTED,82.31791687011719,88.32161712646484,0.07293309263183145,777.4286461621738,10813.145045742232
BLK,1,2025-10-22,2025-10-23,1,RESIDUAL_REVERTED,1105.8670654296875,1107.8349609375,0.0017795045800084175,8.419275066883852,10813.145045742232
GM,-1,2025-10-22,2025-10-23,1,RESIDUAL_REVERTED,66.47647857666016,67.38860321044922,-0.013721013105969515,-159.47001205852396,10813.145045742232
CEG,1,2025-10-21,2025-10-24,3,RESIDUAL_REVERTED,367.3116760253906,374.3373718261719,0.019127341327139336,198.6697670243673,10965.460046550363
LII,1,2025-10-23,2025-10-24,1,RESIDUAL_REVERTED,486.4320373535156,498.92218017578125,0.02567705632675743,267.31618660291247,10838.218701512998
BSX,-1,2025-10-23,2025-10-24,1,RESIDUAL_REVERTED,104.29000091552734,102.8499984741211,0.013807675028909228,138.6760820676689,10838.218701512998
AVY,-1,2025-10-23,2025-10-27,2,RESIDUAL_REVERTED,179.42892456054688,178.12864685058594,0.007246756414248989,67.31194601006284,10838.218701512998
ISRG,-1,2025-10-23,2025-10-27,2,RESIDUAL_REVERTED,525.3699951171875,544.75,-0.03688829789087911,-411.29091519052713,10838.218701512998
MOH,1,2025-10-24,2025-10-27,1,RESIDUAL_REVERTED,160.39999389648438,163.8699951171875,0.021633424892413267,223.91954912674834,10857.964578130635
URI,1,2025-10-24,2025-10-27,1,RESIDUAL_REVERTED,917.2693481445312,911.1492919921875,-0.006672038223803578,-83.26649689877507,10857.964578130635
ROP,1,2025-10-24,2025-10-27,1,RESIDUAL_REVERTED,479.1770935058594,473.1500244140625,-0.012577957447215016,-147.36069549701227,10857.964578130635
DOV,-1,2025-10-24,2025-10-27,1,RESIDUAL_REVERTED,178.9679718017578,177.59205627441406,0.007688054535634148,72.4489773521893,10857.964578130635
HON,-1,2025-10-24,2025-10-27,1,RESIDUAL_REVERTED,214.18690490722656,212.27703857421875,0.008916821193317381,85.7982084239525,10857.964578130635
DECK,1,2025-10-27,2025-10-28,1,RESIDUAL_REVERTED,88.30000305175781,90.5,0.02491502686531777,262.3779157049604,10976.97539717702
ITW,1,2025-10-27,2025-10-28,1,RESIDUAL_REVERTED,244.14141845703125,243.07168579101562,-0.004381610759765064,-59.0497604903689,10976.97539717702
F,-1,2025-10-27,2025-10-28,1,RESIDUAL_REVERTED,13.185256004333496,12.650202751159668,0.04057966360288923,434.47843994221085,10976.97539717702
ALB,1,2025-10-28,2025-10-29,1,RESIDUAL_REVERTED,95.90042877197266,95.70269012451172,-0.002061916197800384,-33.71945335696411,11016.242268609865
ROP,1,2025-10-28,2025-10-29,1,RESIDUAL_REVERTED,460.45050048828125,448.3863830566406,-0.02620068263330655,-299.5049932263283,11016.242268609865
QCOM,-1,2025-10-28,2025-10-29,1,RESIDUAL_REVERTED,180.1778106689453,178.28720092773438,0.0104930220552224,104.42009768021873,11016.242268609865
KDP,-1,2025-10-28,2025-10-29,1,RESIDUAL_REVERTED,28.12401008605957,27.64914321899414,0.016884749564956558,174.86595701845948,11016.242268609865
HCA,-1,2025-10-28,2025-10-29,1,RESIDUAL_REVERTED,463.161865234375,461.64227294921875,0.0032809097622648054,24.926489012361664,11016.242268609865
AWK,1,2025-10-28,2025-10-29,1,TRAILING_STOP,134.2378387451172,128.15704588622978,-0.04529864988688659,-509.78763341269223,11016.242268609865
EG,1,2025-10-29,2025-10-30,1,RESIDUAL_REVERTED,301.6404113769531,306.1895751953125,0.015081413652742848,154.2708971533312,10961.509866272585
UPS,-1,2025-10-29,2025-10-31,2,RESIDUAL_REVERTED,90.92738342285156,89.06941986083984,0.020433487603744083,212.70038410154916,10961.509866272587
HRL,1,2025-10-30,2025-10-31,1,RESIDUAL_REVERTED,20.75013542175293,20.403820037841797,-0.016689789096416274,-192.1565578178867,10867.695852445431
CAT,-1,2025-10-30,2025-10-31,1,RESIDUAL_REVERTED,574.3800048828125,580.482666015625,-0.01062477990343269,-126.60989735107698,10867.695852445431
AEP,-1,2025-10-30,2025-10-31,1,RESIDUAL_REVERTED,117.89271545410156,117.2525634765625,0.005429953624134565,47.95666213434401,10867.695852445431
CNC,-1,2025-10-30,2025-10-31,1,RESIDUAL_REVERTED,36.7599983215332,34.599998474121094,0.05875951975076199,627.8267612214723,10867.695852445431
EW,-1,2025-10-28,2025-10-31,3,TRAILING_STOP,80.16999816894531,85.55914802683945,-0.06722152901310263,-752.5922869255594,11016.242268609865
ARE,1,2025-10-29,2025-11-03,3,RESIDUAL_REVERTED,59.55979919433594,54.42731475830078,-0.08617363566469594,-955.0823708386409,10961.509866272587
FISV,1,2025-10-30,2025-11-03,2,RESIDUAL_REVERTED,68.87000274658203,66.0,-0.04167275493138367,-463.52807836725447,10867.695852445431
GRMN,1,2025-10-30,2025-11-03,2,RESIDUAL_REVERTED,215.59754943847656,210.08859252929688,-0.025552038617914552,-288.4206340698258,10867.695852445431
CMG,1,2025-10-31,2025-11-03,1,RESIDUAL_REVERTED,32.5099983215332,31.649999618530273,-0.02645336042460833,-296.0956544118221,10790.605365481952
DXCM,1,2025-11-03,2025-11-04,1,RESIDUAL_REVERTED,58.54999923706055,61.09000015258789,0.043381741223313064,457.464828645897,10799.440152618285
CHD,-1,2025-11-03,2025-11-04,1,RESIDUAL_REVERTED,86.25294494628906,85.5618896484375,0.008011961774544551,75.5569225049955,10799.440152618285
FSLR,-1,2025-11-03,2025-11-04,1,RESIDUAL_REVERTED,265.92999267578125,256.7799987792969,0.03440752885531018,360.7543022051611,10799.440152618285
AON,-1,2025-11-03,2025-11-04,1,RESIDUAL_REVERTED,337.7570495605469,338.4436340332031,-0.0020327761435314784,-32.97780062862477,10799.440152618285
AMZN,-1,2025-11-03,2025-11-05,2,RESIDUAL_REVERTED,255.36000061035156,249.02999877929688,0.02478854094582139,256.6144356260065,10799.440152618285
KMB,1,2025-11-04,2025-11-05,1,RESIDUAL_REVERTED,97.203857421875,95.66275024414062,-0.015854382928918165,-181.83320909154335,10793.558712013473
LKQ,1,2025-11-04,2025-11-05,1,RESIDUAL_REVERTED,29.036190032958984,29.18941307067871,0.005276967727026349,46.135223640553384,10793.558712013473
DASH,1,2025-11-04,2025-11-05,1,RESIDUAL_REVERTED,238.41000366210938,241.50999450683594,0.013002771683692016,129.4824477850281,10793.558712013473
HSY,1,2025-11-04,2025-11-05,1,RESIDUAL_REVERTED,157.66549682617188,161.276611328125,0.022903644580744453,236.2946678730898,10793.558712013475
GDDY,-1,2025-11-03,2025-11-06,3,RESIDUAL_REVERTED,133.11000061035156,133.39999389648438,-0.0021785987889948455,-34.988065765971605,10799.440152618285
HSIC,-1,2025-11-05,2025-11-06,1,RESIDUAL_REVERTED,71.48999786376953,72.0,-0.007133894970906551,-88.64999342792328,10867.369152169314
EXPD,-1,2025-11-05,2025-11-06,1,RESIDUAL_REVERTED,132.78245544433594,136.57284545898438,-0.028545864752722583,-321.46257736959575,10867.369152169314
ZTS,1,2025-11-05,2025-11-07,2,RESIDUAL_REVERTED,122.28388977050781,117.7154769897461,-0.03735907313167197,-416.6592106374867,10867.369152169314
DD,-1,2025-11-05,2025-11-07,2,RESIDUAL_REVERTED,112.26505279541016,114.94784545898438,-0.02389695276288073,-271.14030510461635,10867.369152169314
ZBH,1,2025-11-06,2025-11-07,1,RESIDUAL_REVERTED,85.3824691772461,88.2890625,0.034042038731862956,355.8760858002205,10775.954426378798
LYV,1,2025-11-06,2025-11-07,1,RESIDUAL_REVERTED,134.35000610351562,136.86000061035156,0.01868250385416448,190.44519477169115,10775.954426378798
AIG,1,2025-11-06,2025-11-07,1,RESIDUAL_REVERTED,74.84627532958984,74.69987487792969,-0.0019560151926796276,-31.84334603471164,10775.954426378798
ADM,1,2025-11-06,2025-11-07,1,RESIDUAL_REVERTED,54.53656768798828,55.37215805053711,0.01532165293806842,154.24692665413963,10775.954426378798
JCI,-1,2025-11-06,2025-11-10,2,RESIDUAL_REVERTED,119.61246490478516,121.69439697265625,-0.017405644717115143,-198.86545796907953,10775.954426378798
DDOG,-1,2025-11-07,2025-11-10,1,RESIDUAL_REVERTED,184.2899932861328,192.91000366210938,-0.04677416403501056,-517.5575245310629,10823.455649169322
APD,-1,2025-11-07,2025-11-10,1,RESIDUAL_REVERTED,251.6296844482422,255.46331787109375,-0.015235219291625857,-176.02096992105405,10823.455649169322
PH,-1,2025-11-07,2025-11-10,1,RESIDUAL_REVERTED,830.8894653320312,840.0630493164062,-0.011040679136194331,-130.598314480943,10823.455649169322
TTWO,1,2025-11-10,2025-11-11,1,RESIDUAL_REVERTED,231.97000122070312,234.05999755859375,0.009009769913749022,86.18829858749197,10766.451613719502
XYZ,1,2025-11-10,2025-11-11,1,RESIDUAL_REVERTED,66.63999938964844,66.28500366210938,-0.005327066788572088,-68.09138163252226,10766.451613719502
BEN,1,2025-11-10,2025-11-11,1,RESIDUAL_REVERTED,21.27332878112793,21.716121673583984,0.02081446194959713,213.21939688349968,10766.451613719502
TTD,1,2025-11-10,2025-11-11,1,RESIDUAL_REVERTED,44.04999923706055,43.310001373291016,-0.016799043736349217,-191.5421101121093,10766.451613719502
GILD,1,2025-11-10,2025-11-12,2,RESIDUAL_REVERTED,116.52037048339844,119.44801330566406,0.025125587999076604,259.61171913086,10766.451613719502
ROK,-1,2025-11-11,2025-11-12,1,RESIDUAL_REVERTED,386.154541015625,388.4044189453125,-0.005826366624538615,-73.29535119397434,10701.364161263
UNH,-1,2025-11-11,2025-11-12,1,RESIDUAL_REVERTED,314.9145812988281,319.9310302734375,-0.015929554464958695,-181.46961560168543,10701.364161263
PLTR,-1,2025-11-11,2025-11-12,1,RESIDUAL_REVERTED,190.3350067138672,190.5800018310547,-0.0012871784408834408,-24.69584255448106,10701.364161263
AKAM,-1,2025-11-10,2025-11-13,3,RESIDUAL_REVERTED,83.80999755859375,89.97000122070312,-0.07349962822517386,-803.1749691880617,10766.451613719502
GEN,-1,2025-11-11,2025-11-13,2,RESIDUAL_REVERTED,25.85409164428711,26.47176742553711,-0.023890832822451413,-266.9296285318847,10701.364161263
TT,1,2025-11-12,2025-11-13,1,RESIDUAL_REVERTED,420.162841796875,427.6995544433594,0.01793759918000548,180.05567468483443,10636.163153112442
APP,1,2025-11-12,2025-11-13,1,RESIDUAL_REVERTED,602.0,579.4400024414062,-0.037475079000986344,-409.0279220561656,10636.163153112442
ETN,1,2025-11-12,2025-11-13,1,RESIDUAL_REVERTED,364.9570617675781,364.044677734375,-0.002499976377451696,-37.21302470430095,10636.163153112442
CDNS,1,2025-11-12,2025-11-13,1,RESIDUAL_REVERTED,320.92999267578125,314.8900146484375,-0.01882023545691358,-210.71117050538695,10636.163153112442
TRMB,-1,2025-11-13,2025-11-14,1,RESIDUAL_REVERTED,81.5,76.55000305175781,0.0607361588741373,632.7100592838451,10589.683800486851
GS,-1,2025-11-13,2025-11-14,1,RESIDUAL_REVERTED,816.9911499023438,780.2047119140625,0.04502672763674176,466.2643721992508,10589.683800486851
PANW,1,2025-11-13,2025-11-14,1,TRAILING_STOP,209.8000030517578,199.3900874127585,-0.049618281637637374,-535.768876109937,10589.683800486851
ELV,-1,2025-11-13,2025-11-17,2,RESIDUAL_REVERTED,319.2614440917969,319.14373779296875,0.00036868309971771485,-7.1055846454291505,10589.683800486851
IBKR,1,2025-11-14,2025-11-17,1,RESIDUAL_REVERTED,65.1344223022461,65.48294830322266,0.00535087268233192,46.305066767575454,10649.256265977921
IRM,1,2025-11-14,2025-11-17,1,RESIDUAL_REVERTED,87.49602508544922,88.63761901855469,0.013047380518035778,128.2261700209458,10649.256265977921
GLW,1,2025-11-14,2025-11-17,1,RESIDUAL_REVERTED,80.22550964355469,81.18045043945312,0.011903206350963424,116.0476584048384,10649.256265977923
CSCO,-1,2025-11-14,2025-11-17,1,RESIDUAL_REVERTED,75.47949981689453,76.77068328857422,-0.017106412665849113,-193.12612655326447,10649.256265977921
BRK-B,-1,2025-11-14,2025-11-17,1,RESIDUAL_REVERTED,514.7000122070312,510.7300109863281,0.0077132331971001555,71.32308062101667,10649.256265977921
DIS,1,2025-11-14,2025-11-18,2,RESIDUAL_REVERTED,105.98530578613281,103.599853515625,-0.02250738678172426,-250.21634251718592,10649.256265977921
XYL,1,2025-11-17,2025-11-18,1,RESIDUAL_REVERTED,140.86537170410156,138.35061645507812,-0.01785218906961661,-200.84766652214375,10658.858117500333
PTC,-1,2025-11-17,2025-11-18,1,RESIDUAL_REVERTED,179.00999450683594,174.2100067138672,0.026814077092133792,275.08567438340384,10658.858117500333
WDAY,-1,2025-11-17,2025-11-18,1,RESIDUAL_REVERTED,230.16000366210938,224.8000030517578,0.023288149657055168,237.48363943472464,10658.858117500333
TROW,1,2025-11-18,2025-11-19,1,RESIDUAL_REVERTED,91.71650695800781,92.7520523071289,0.011290719451354736,109.87912254860771,10683.35741383109
LEN,1,2025-11-18,2025-11-19,1,RESIDUAL_REVERTED,111.63507843017578,114.8049545288086,0.02839498250198713,292.5187125409641,10683.35741383109
HPQ,1,2025-11-18,2025-11-19,1,RESIDUAL_REVERTED,21.608749389648438,21.561176300048828,-0.002201566075934025,-34.19171461456985,10683.35741383109
DUK,-1,2025-11-18,2025-11-19,1,RESIDUAL_REVERTED,122.44493865966797,120.72007751464844,0.014086830896405833,139.67768877584777,10683.35741383109
GOOG,-1,2025-11-18,2025-11-19,1,RESIDUAL_REVERTED,287.7338562011719,286.9359436035156,0.0027730924966242743,18.74801253060692,10683.35741383109
JNJ,-1,2025-11-18,2025-11-19,1,RESIDUAL_REVERTED,194.62400817871094,195.59217834472656,-0.004974566987268059,-64.06803291610683,10683.35741383109
HD,1,2025-11-19,2025-11-20,1,RESIDUAL_REVERTED,331.580078125,327.0970153808594,-0.013520301851339123,-155.6681357500784,10725.716641971909
MDT,-1,2025-11-19,2025-11-20,1,RESIDUAL_REVERTED,97.75006866455078,97.14996337890625,0.006139180195401384,54.94287198773787,10725.716641971909
PCAR,-1,2025-11-19,2025-11-20,1,RESIDUAL_REVERTED,95.0153579711914,95.56372833251953,-0.0057713865740987025,-72.87055227927614,10725.716641971909
J,1,2025-11-20,2025-11-20,0,STOP_LOSS,148.9134979248047,140.97773284709575,-0.05329110650342905,-580.68232238478,10700.969146600943
MSFT,1,2025-11-19,2025-11-21,2,RESIDUAL_REVERTED,486.1005554199219,475.4834289550781,-0.021841420147467372,-244.873467760183,10725.716641971909
GEV,-1,2025-11-20,2025-11-21,1,RESIDUAL_REVERTED,606.076904296875,561.9686889648438,0.07277659818303472,768.2734252199593,10700.969146600943
XYZ,-1,2025-11-20,2025-11-21,1,RESIDUAL_REVERTED,64.30999755859375,62.59000015258789,0.026745412397796264,275.43943541468434,10700.969146600943
ES,1,2025-11-20,2025-11-24,2,RESIDUAL_REVERTED,62.47301483154297,62.60682678222656,0.002141916010367284,12.208147706379012,10700.969146600943
APTV,1,2025-11-20,2025-11-24,2,RESIDUAL_REVERTED,73.05000305175781,74.69999694824219,0.022587184497655732,230.88294288918823,10700.969146600943
LOW,-1,2025-11-20,2025-11-24,2,RESIDUAL_REVERTED,224.58755493164062,230.4169158935547,-0.025955850330568797,-289.0233474380751,10700.969146600943
TEL,1,2025-11-21,2025-11-24,1,RESIDUAL_REVERTED,211.89593505859375,217.593994140625,0.026890837148223712,276.08455676452274,10668.948387413859
WMT,-1,2025-11-21,2025-11-24,1,RESIDUAL_REVERTED,107.07844543457031,104.4803237915039,0.02426372210132588,248.12241382149483,10668.948387413859
GEHC,-1,2025-11-21,2025-11-24,1,RESIDUAL_REVERTED,74.7816162109375,76.39427947998047,-0.02156496945043429,-241.07562720389282,10668.948387413859
J,1,2025-11-21,2025-11-25,2,RESIDUAL_REVERTED,126.70014953613281,131.55841064453125,0.038344557020534076,398.22260335301667,10668.948387413859
MSFT,1,2025-11-24,2025-11-25,1,RESIDUAL_REVERTED,472.0055236816406,471.08135986328125,-0.001957951278092951,-31.713024450262225,10724.82972665828
ROST,-1,2025-11-24,2025-11-25,1,RESIDUAL_REVERTED,171.93907165527344,172.85147094726562,-0.005306526801665434,-67.87860899063969,10724.82972665828
DHI,-1,2025-11-24,2025-11-25,1,RESIDUAL_REVERTED,144.73411560058594,146.43896484375,-0.011779180299611225,-137.33057927748342,10724.82972665828
CPRT,1,2025-11-25,2025-11-26,1,RESIDUAL_REVERTED,39.16999816894531,39.04999923706055,-0.0030635419324553936,-43.77185122879317,10775.908845276217
CCL,1,2025-11-25,2025-11-26,1,RESIDUAL_REVERTED,24.299518585205078,25.5199031829834,0.05022258336102836,530.1474744373152,10775.908845276217
TGT,1,2025-11-25,2025-11-26,1,RESIDUAL_REVERTED,82.71199798583984,84.35670471191406,0.019884741828577246,203.39311842864402,10775.908845276217
TSN,-1,2025-11-25,2025-11-26,1,RESIDUAL_REVERTED,55.50812530517578,55.24729537963867,0.004698950362728049,39.672252654107304,10775.908845276217
AVGO,-1,2025-11-25,2025-11-26,1,RESIDUAL_REVERTED,382.0890197753906,382.7044677734375,-0.001610745052052609,-28.35569258642263,10775.908845276217
GOOG,-1,2025-11-25,2025-11-26,1,RESIDUAL_REVERTED,325.9490661621094,319.9447326660156,0.018421078994923512,187.61547084781174,10775.908845276217
SJM,1,2025-11-26,2025-11-28,1,RESIDUAL_REVERTED,98.22566223144531,100.5345687866211,0.023506143941645297,243.75813036879066,10836.396138977496
SRE,1,2025-11-26,2025-11-28,1,RESIDUAL_REVERTED,90.26876831054688,91.02593994140625,0.008387969006672602,80.01351114131324,10836.396138977496
VLTO,-1,2025-11-26,2025-11-28,1,RESIDUAL_REVERTED,103.42752838134766,101.24685668945312,0.021084054951542308,217.54338718976138,10836.396138977496
KEYS,-1,2025-11-26,2025-11-28,1,RESIDUAL_REVERTED,195.0,196.4600067138672,-0.007487213917267699,-92.22769929358722,10836.396138977496
WDAY,1,2025-11-28,2025-12-01,1,RESIDUAL_REVERTED,215.11000061035156,213.74000549316406,-0.006368811832552113,-80.27513766517968,10898.615014776053
INTU,1,2025-11-28,2025-12-01,1,RESIDUAL_REVERTED,623.27783203125,623.258056640625,-3.172805065210227e-05,-11.244233928097668,10898.615014776053
HOOD,-1,2025-11-28,2025-12-01,1,RESIDUAL_REVERTED,128.0749969482422,123.44999694824219,0.036111654188592746,382.64824197812595,10898.615014776053
DE,1,2025-11-28,2025-12-02,2,RESIDUAL_REVERTED,462.7441101074219,467.5111999511719,0.010301783944139942,101.32042456922093,10898.615014776053
INTC,-1,2025-12-01,2025-12-02,1,RESIDUAL_REVERTED,39.86000061035156,40.470001220703125,-0.015303577546688318,-177.92815886778217,10895.02027710487
WRB,1,2025-12-02,2025-12-03,1,RESIDUAL_REVERTED,70.57089233398438,71.1448745727539,0.008133413363304198,77.7432343611973,10904.678662101585
SRE,1,2025-12-02,2025-12-03,1,RESIDUAL_REVERTED,88.95826721191406,88.41466522216797,-0.006110752904518013,-77.50715757097086,10904.678662101585
AEE,1,2025-12-02,2025-12-04,2,RESIDUAL_REVERTED,100.55091857910156,98.29505157470703,-0.022435071069190515,-255.42959581265038,10904.678662101585
PKG,1,2025-12-03,2025-12-04,1,RESIDUAL_REVERTED,188.48526000976562,193.0789031982422,0.024371365634843656,252.92213630123447,10827.526343847358
BA,-1,2025-12-03,2025-12-04,1,RESIDUAL_REVERTED,204.60000610351562,202.85000610351562,0.00855327442715037,81.61691440471095,10827.526343847358
BKNG,-1,2025-12-03,2025-12-04,1,RESIDUAL_REVERTED,201.87075805664062,200.7620849609375,0.005491994513598941,48.45401966999614,10827.526343847358
ACN,-1,2025-12-02,2025-12-04,2,TRAILING_STOP,252.59490966796875,271.66788260157693,-0.07550814447796772,-835.1564853067547,10904.678662101585
SNPS,-1,2025-12-02,2025-12-05,3,RESIDUAL_REVERTED,441.55999755859375,464.9800109863281,-0.05303925527046105,-590.2458661853312,10904.678662101585
NXPI,-1,2025-12-03,2025-12-05,2,RESIDUAL_REVERTED,214.05905151367188,224.8878173828125,-0.05058775040143071,-559.2890512483657,10827.526343847358
CVS,1,2025-12-04,2025-12-05,1,RESIDUAL_REVERTED,73.4042739868164,74.97750854492188,0.021432465341024054,218.99991126034854,10723.856712683217
COR,1,2025-12-04,2025-12-05,1,RESIDUAL_REVERTED,333.3213806152344,336.104736328125,0.008350366567404732,78.77950378726142,10723.856712683219
LLY,1,2025-12-01,2025-12-05,4,TRAILING_STOP,1069.2144775390625,1000.5088256294785,-0.06425806360920139,-710.637879813853,10895.02027710487
KR,1,2025-12-05,2025-12-08,1,RESIDUAL_REVERTED,61.932193756103516,61.430843353271484,-0.008095150073423985,-97.42907453348649,10716.970197043735
DG,-1,2025-12-05,2025-12-08,1,RESIDUAL_REVERTED,123.44041442871094,131.2201690673828,-0.0630243723230921,-686.7098389259161,10716.970197043735
HRL,-1,2025-12-05,2025-12-08,1,RESIDUAL_REVERTED,23.30902862548828,23.347509384155273,-0.0016508949937499295,-28.632012585171587,10716.970197043735
TDY,-1,2025-12-05,2025-12-09,2,RESIDUAL_REVERTED,518.239990234375,513.989990234375,0.00820083374514946,76.7899727347868,10716.970197043735
WRB,1,2025-12-08,2025-12-09,1,RESIDUAL_REVERTED,65.40504455566406,64.88941955566406,-0.00788356622188624,-94.10484706210734,10597.840900925105
PSKY,1,2025-12-08,2025-12-09,1,RESIDUAL_REVERTED,13.823589324951172,14.157398223876953,0.02414777313467109,245.1884597630556,10597.840900925105
LDOS,1,2025-12-08,2025-12-09,1,RESIDUAL_REVERTED,185.1854705810547,183.48516845703125,-0.009181617319589996,-107.85450780733531,10597.840900925105
ULTA,-1,2025-12-08,2025-12-09,1,RESIDUAL_REVERTED,611.8400268554688,591.760009765625,0.032819064148261634,337.184756915075,10597.840900925105
ADBE,-1,2025-12-08,2025-12-09,1,RESIDUAL_REVERTED,347.45001220703125,341.3999938964844,0.017412629437301375,173.82547033489584,10597.840900925105
WY,-1,2025-12-09,2025-12-10,1,RESIDUAL_REVERTED,21.64278221130371,21.652523040771484,-0.00045007288677911816,-15.68404643456633,10669.05717678251
AMT,-1,2025-12-09,2025-12-10,1,RESIDUAL_REVERTED,177.94110107421875,174.6484375,0.018504232885719785,186.64490277183745,10669.05717678251
MAR,1,2025-12-05,2025-12-11,4,RESIDUAL_REVERTED,293.4539489746094,285.47149658203125,-0.027201720816743213,-302.09124148273395,10716.970197043736
APD,1,2025-12-09,2025-12-11,2,RESIDUAL_REVERTED,231.89263916015625,234.3340606689453,0.01052824064459812,101.60118103065538,10669.05717678251
JPM,1,2025-12-10,2025-12-11,1,RESIDUAL_REVERTED,296.29266357421875,304.9102783203125,0.029084806360502702,298.33767149670587,10628.24603111294
KEY,-1,2025-12-10,2025-12-11,1,RESIDUAL_REVERTED,19.49163055419922,19.889814376831055,-0.020428451151104587,-228.07101631023522,10628.24603111294
AZO,1,2025-12-10,2025-12-12,2,RESIDUAL_REVERTED,3473.489990234375,3484.780029296875,0.0032503444933602577,23.899942199711518,10628.24603111294
CPB,1,2025-12-10,2025-12-12,2,RESIDUAL_REVERTED,27.12904167175293,27.129039764404297,-7.030652449113717e-08,-10.628992892535342,10628.24603111294
KKR,-1,2025-12-10,2025-12-12,2,RESIDUAL_REVERTED,135.7270050048828,142.5780029296875,-0.05047630664625813,-547.8103176781145,10628.24603111294
APO,-1,2025-12-10,2025-12-12,2,RESIDUAL_REVERTED,141.3421630859375,149.9735870361328,-0.06106758069739815,-660.4351997536761,10628.24603111294
GEV,-1,2025-12-11,2025-12-12,1,RESIDUAL_REVERTED,709.8345947265625,696.5592041015625,0.01870209021034519,186.71934116710227,10554.008389751769
LKQ,-1,2025-12-11,2025-12-15,2,RESIDUAL_REVERTED,29.546329498291016,30.126808166503906,-0.019646388504753753,-218.43115534870867,10554.008389751769
ORCL,1,2025-12-12,2025-12-15,1,RESIDUAL_REVERTED,194.49398803710938,186.49118041992188,-0.04114681228943984,-444.8121368496174,10559.028022461425
WELL,1,2025-12-12,2025-12-15,1,RESIDUAL_REVERTED,184.14573669433594,186.0155792236328,0.01015414509650392,96.60526564435263,10559.028022461425
BIIB,1,2025-12-12,2025-12-15,1,RESIDUAL_REVERTED,173.49000549316406,173.6699981689453,0.001037481526786621,0.39029109340646606,10559.028022461425
V,-1,2025-12-12,2025-12-16,2,RESIDUAL_REVERTED,345.9227600097656,343.9347229003906,0.005747054947523145,49.736389420963405,10559.028022461425
TEL,1,2025-12-15,2025-12-16,1,RESIDUAL_REVERTED,227.98104858398438,228.07997131347656,0.00043390768709339333,-5.963099963287174,10529.758761509504
LULU,-1,2025-12-15,2025-12-16,1,RESIDUAL_REVERTED,203.22999572753906,208.80999755859375,-0.027456585879849893,-299.99760961673223,10529.758761509504
LIN,-1,2025-12-15,2025-12-16,1,RESIDUAL_REVERTED,413.35986328125,414.4491271972656,-0.002635146788004583,-38.499796040453596,10529.758761509504
GE,-1,2025-12-15,2025-12-16,1,RESIDUAL_REVERTED,298.848876953125,296.51788330078125,0.007799907686149243,71.43284682717402,10529.758761509502
AVGO,1,2025-12-15,2025-12-17,2,RESIDUAL_REVERTED,359.2190856933594,344.0518493652344,-0.042222801995193016,-454.9033800462524,10529.758761509504
NOW,1,2025-12-16,2025-12-17,1,RESIDUAL_REVERTED,154.8939971923828,157.0,0.01359641332647299,131.3970441107997,10436.938926277915
CSGP,1,2025-12-16,2025-12-17,1,RESIDUAL_REVERTED,64.0,63.619998931884766,-0.005937516689300537,-72.37545323673348,10436.938926277915
CBOE,1,2025-12-16,2025-12-17,1,RESIDUAL_REVERTED,246.3466339111328,247.5279541015625,0.004795357548322832,39.58689050830318,10436.938926277915
CMCSA,-1,2025-12-16,2025-12-17,1,TRAILING_STOP,25.484663009643555,26.970823927184664,-0.05831589442555063,-619.5989272229428,10436.938926277915
PSX,1,2025-12-17,2025-12-18,1,RESIDUAL_REVERTED,129.32315063476562,129.53863525390625,0.001666249376719886,6.909226168217305,10383.314424803639
BF-B,1,2025-12-18,2025-12-19,1,RESIDUAL_REVERTED,28.22665786743164,27.953937530517578,-0.009661800493523276,-110.80495888097612,10397.417193616038
GEV,1,2025-12-18,2025-12-19,1,RESIDUAL_REVERTED,648.0990600585938,645.583740234375,-0.0038810730939670135,-50.7303767424513,10397.417193616038
NRG,1,2025-12-18,2025-12-19,1,RESIDUAL_REVERTED,152.7978515625,153.36233520507812,0.0036943166203304845,27.994728277695575,10397.417193616038
PWR,1,2025-12-18,2025-12-19,1,RESIDUAL_REVERTED,426.7396545410156,421.95257568359375,-0.01121779709591475,-126.9752155349765,10397.417193616038
MAA,-1,2025-12-18,2025-12-19,1,RESIDUAL_REVERTED,132.77252197265625,131.314453125,0.010981706350027265,103.63654338361356,10397.417193616038
OXY,-1,2025-12-18,2025-12-19,1,RESIDUAL_REVERTED,39.97946548461914,39.20038604736328,0.01948698982870556,192.11607701817266,10397.417193616038
DVN,-1,2025-12-18,2025-12-19,1,RESIDUAL_REVERTED,36.30281066894531,35.11528396606445,0.03271170140819735,329.6906330573209,10397.417193616038
CPT,-1,2025-12-18,2025-12-19,1,RESIDUAL_REVERTED,106.01673889160156,105.54624938964844,0.004437879403498601,35.56191599491935,10397.417193616038
TPL,-1,2025-12-18,2025-12-19,1,RESIDUAL_REVERTED,295.6195373535156,298.6598815917969,-0.010284652582503329,-117.59210588627181,10397.417193616036
FDS,1,2025-12-19,2025-12-22,1,RESIDUAL_REVERTED,273.7527770996094,284.5924377441406,0.03959653216809955,402.0800676598327,10422.86443121682
LW,1,2025-12-22,2025-12-23,1,RESIDUAL_REVERTED,42.43743896484375,41.50067138671875,-0.022074083662330324,-241.42354029756302,10467.981280624808
LOW,1,2025-12-22,2025-12-23,1,RESIDUAL_REVERTED,236.89613342285156,237.80206298828125,0.0038241635789497685,29.54327584148901,10467.981280624808
AXON,-1,2025-12-22,2025-12-23,1,RESIDUAL_REVERTED,603.9500122070312,597.260009765625,0.011077079735388629,105.33825438885492,10467.981280624808
NKE,1,2025-12-22,2025-12-24,2,RESIDUAL_REVERTED,57.471656799316406,57.3644905090332,-0.0018646807183132497,-29.977664412843332,10467.981280624808
CCL,-1,2025-12-22,2025-12-24,2,RESIDUAL_REVERTED,30.755765914916992,30.982128143310547,-0.007359993212972427,-87.9752097127611,10467.981280624808
ORCL,-1,2025-12-22,2025-12-24,2,RESIDUAL_REVERTED,194.93971252441406,193.1370849609375,0.009247102810058805,85.96343660970814,10467.981280624808
D,1,2025-12-23,2025-12-24,1,RESIDUAL_REVERTED,55.27164840698242,56.37726974487305,0.020003408071885165,197.32438505948727,10389.09931361791
STZ,-1,2025-12-23,2025-12-24,1,RESIDUAL_REVERTED,138.3263397216797,136.33851623535156,0.014370534854950545,138.77929228137222,10389.09931361791
BLK,-1,2025-12-23,2025-12-24,1,RESIDUAL_REVERTED,1068.010009765625,1072.2108154296875,-0.0039333017721288055,-51.47931660553086,10389.09931361791
DLTR,1,2025-12-23,2025-12-26,2,RESIDUAL_REVERTED,122.48999786376953,122.0,-0.004000309186995787,-51.92792893778079,10389.09931361791
BF-B,1,2025-12-24,2025-12-26,1,RESIDUAL_REVERTED,25.947484970092773,26.08384895324707,0.005255383452826834,44.34646721758845,10427.701403222427
NEM,1,2025-12-30,2025-12-31,1,RESIDUAL_REVERTED,101.5545425415039,100.0740966796875,-0.014577839895358435,-163.19947030848755,10481.290647082114
C,1,2025-12-30,2026-01-02,2,RESIDUAL_REVERTED,116.53012084960938,115.46619415283203,-0.009130057439401651,-106.12822890118113,10481.290647082114
AES,-1,2025-12-31,2026-01-02,1,RESIDUAL_REVERTED,14.016944885253906,13.997652053833008,0.0013763934708194148,3.741980893278535,10467.083839643126
BG,-1,2026-01-05,2026-01-06,1,RESIDUAL_REVERTED,90.71150970458984,92.24366760253906,-0.016890446459758346,-187.33788793143862,10454.732075250475
HUBB,-1,2026-01-05,2026-01-06,1,RESIDUAL_REVERTED,461.71551513671875,459.277099609375,0.005281207686126166,44.579193457185426,10454.732075250475
GDDY,1,2026-01-05,2026-01-07,2,RESIDUAL_REVERTED,117.69999694824219,120.30000305175781,0.022090111902542953,220.37599627741014,10454.732075250475
ADSK,1,2026-01-05,2026-01-07,2,RESIDUAL_REVERTED,288.0400085449219,294.7300109863281,0.0232259486284625,232.24492749380394,10454.732075250475
INTU,1,2026-01-05,2026-01-07,2,RESIDUAL_REVERTED,623.6047973632812,643.9537353515625,0.03263114407445289,330.5245615977483,10454.732075250475
ADBE,1,2026-01-05,2026-01-07,2,RESIDUAL_REVERTED,330.1099853515625,336.239990234375,0.018569583335336315,183.5882164354671,10454.732075250475
URI,-1,2026-01-05,2026-01-07,2,RESIDUAL_REVERTED,854.8235473632812,890.825439453125,-0.0421161679517279,-451.4172685281951,10454.732075250475
HAL,-1,2026-01-05,2026-01-07,2,RESIDUAL_REVERTED,31.56432342529297,30.61739730834961,0.029999886396569253,302.93609548730564,10454.732075250475
GEN,1,2026-01-05,2026-01-08,3,RESIDUAL_REVERTED,25.60138511657715,25.522579193115234,-0.003078189836333789,-42.62029126587118,10454.732075250475
WSM,-1,2026-01-05,2026-01-08,3,RESIDUAL_REVERTED,185.56919860839844,187.91453552246094,-0.012638610996061894,-143.29635183277006,10454.732075250475
TXN,-1,2026-01-07,2026-01-08,1,RESIDUAL_REVERTED,185.3521728515625,179.8054656982422,0.0299252340449353,302.9982462751986,10476.883772762809
NXPI,-1,2026-01-07,2026-01-08,1,RESIDUAL_REVERTED,238.47686767578125,233.24559020996094,0.02193620503659266,219.25517672061756,10476.883772762809
SWKS,1,2026-01-08,2026-01-09,1,RESIDUAL_REVERTED,57.70888137817383,59.82484817504883,0.0366662244414131,375.2300930123877,10526.010908956892
INVH,1,2026-01-08,2026-01-09,1,RESIDUAL_REVERTED,25.40448760986328,25.723617553710938,0.012561951602745758,121.63511507952911,10526.010908956892
UNP,1,2026-01-08,2026-01-09,1,RESIDUAL_REVERTED,221.14244079589844,227.17117309570312,0.027261760691919212,276.28810073633633,10526.010908956892
ABBV,-1,2026-01-08,2026-01-09,1,RESIDUAL_REVERTED,225.7915496826172,218.58200073242188,0.03193010969776944,325.53619622165013,10526.010908956892
DOC,-1,2026-01-08,2026-01-09,1,RESIDUAL_REVERTED,16.077905654907227,16.27792739868164,-0.012440783524150456,-141.7541389739309,10526.010908956892
AOS,-1,2026-01-09,2026-01-12,1,RESIDUAL_REVERTED,69.79891967773438,68.70722961425781,0.015640500863293605,155.9243961519726,10658.869330795287
F,-1,2026-01-09,2026-01-12,1,RESIDUAL_REVERTED,13.869324684143066,13.676021575927734,0.013937456409563898,137.76366125517427,10658.869330795287
CSGP,1,2026-01-08,2026-01-13,3,RESIDUAL_REVERTED,60.61000061035156,58.90999984741211,-0.02804818917373697,-305.6139383555891,10526.010908956892
ADSK,1,2026-01-09,2026-01-13,2,RESIDUAL_REVERTED,276.79998779296875,277.5,0.0025289459461783625,16.283357201971903,10658.869330795287
MDLZ,-1,2026-01-09,2026-01-13,2,RESIDUAL_REVERTED,53.08163070678711,54.271270751953125,-0.022411520319286282,-250.09069937261214,10658.869330795287
LVS,1,2026-01-12,2026-01-13,1,RESIDUAL_REVERTED,57.68914031982422,59.43848419189453,0.030323625250299857,310.82357368649997,10605.24972069844
FOXA,1,2026-01-12,2026-01-13,1,RESIDUAL_REVERTED,72.62135314941406,73.00774383544922,0.005320620854312397,45.79304985202562,10605.24972069844
WY,-1,2026-01-12,2026-01-13,1,RESIDUAL_REVERTED,24.993417739868164,24.983678817749023,0.00038965947836755443,-6.681907081340264,10605.24972069844
BLDR,-1,2026-01-12,2026-01-13,1,RESIDUAL_REVERTED,123.37999725341797,124.55999755859375,-0.00956395146250566,-112.29567280643302,10605.24972069844
HAS,1,2026-01-12,2026-01-14,2,RESIDUAL_REVERTED,84.43834686279297,84.72189331054688,0.0033580293585644405,24.98968382635573,10605.24972069844
DXCM,-1,2026-01-13,2026-01-14,1,RESIDUAL_REVERTED,70.88999938964844,70.05000305175781,0.0118492924971485,115.55562105653054,10664.48567123829
IBM,-1,2026-01-13,2026-01-14,1,RESIDUAL_REVERTED,305.379150390625,297.44085693359375,0.025994877013957862,266.49025315372637,10664.48567123829
VTRS,-1,2026-01-14,2026-01-15,1,RESIDUAL_REVERTED,13.062082290649414,12.76899242401123,0.022438219275956794,229.17027100892236,10693.93784582773
SOLV,1,2026-01-14,2026-01-16,2,RESIDUAL_REVERTED,79.43000030517578,80.08000183105469,0.008183325234565775,76.7742775990962,10693.93784582773
DVA,1,2026-01-14,2026-01-16,2,RESIDUAL_REVERTED,104.0,104.94000244140625,0.009038485013521669,85.91473061074052,10693.93784582773
MRNA,-1,2026-01-14,2026-01-16,2,RESIDUAL_REVERTED,39.72999954223633,41.599998474121094,-0.04706768068035849,-514.7113851247678,10693.937845827732
ICE,-1,2026-01-15,2026-01-16,1,RESIDUAL_REVERTED,172.00750732421875,171.4433135986328,0.003280052913751552,24.148445233227115,10676.135872839906
PGR,1,2026-01-14,2026-01-20,3,RESIDUAL_REVERTED,204.0537567138672,200.4472198486328,-0.017674444829220204,-199.60884760178868,10693.93784582773
RVTY,-1,2026-01-14,2026-01-20,3,RESIDUAL_REVERTED,109.89820861816406,110.98350524902344,-0.009875471534119162,-117.00841810502735,10693.93784582773
ALL,1,2026-01-14,2026-01-21,4,RESIDUAL_REVERTED,194.3404541015625,191.6102294921875,-0.014048668466876135,-160.8544074535398,10693.93784582773
BLK,-1,2026-01-16,2026-01-21,2,RESIDUAL_REVERTED,1140.7652587890625,1101.9033203125,0.0340665515338493,352.43975257231784,10665.550165872442
AMCR,1,2026-01-20,2026-01-21,1,RESIDUAL_REVERTED,40.26612091064453,39.787559509277344,-0.011884964097464867,-136.18263437155758,10573.989114867865
SMCI,-1,2026-01-20,2026-01-21,1,RESIDUAL_REVERTED,31.209999084472656,31.65999984741211,-0.014418480491507957,-163.32222113906064,10573.989114867865
LH,-1,2026-01-15,2026-01-22,4,RESIDUAL_REVERTED,261.68841552734375,263.6537780761719,-0.007510315444677174,-91.76532897482294,10676.135872839906
MNST,-1,2026-01-21,2026-01-22,1,RESIDUAL_REVERTED,40.65999984741211,40.79999923706055,-0.0034431724095873584,-47.137064109446584,10557.47766681451
WFC,1,2026-01-15,2026-01-23,5,RESIDUAL_REVERTED,87.89305114746094,86.08287048339844,-0.020595264818210723,-230.44404248640916,10676.135872839906
STT,1,2026-01-20,2026-01-23,3,RESIDUAL_REVERTED,125.73981475830078,126.16484832763672,0.003380262410541457,25.1509973906279,10573.989114867865
PNC,-1,2026-01-20,2026-01-23,3,RESIDUAL_REVERTED,216.38926696777344,218.0137481689453,-0.007507217081214046,-90.63298294256349,10573.989114867865
MMM,1,2026-01-21,2026-01-23,2,RESIDUAL_REVERTED,154.93508911132812,157.65673828125,0.01756638335145788,174.80649390294423,10557.47766681451
KHC,1,2026-01-22,2026-01-23,1,RESIDUAL_REVERTED,21.19296646118164,21.563772201538086,0.017496641682307024,173.66981408667314,10533.17184186549
TDY,-1,2026-01-22,2026-01-23,1,RESIDUAL_REVERTED,628.8699951171875,625.0,0.0061538873650131,54.11260912363637,10533.17184186549
CFG,-1,2026-01-22,2026-01-23,1,RESIDUAL_REVERTED,63.0551872253418,62.5751953125,0.007612251013170979,69.47946486246488,10533.17184186549
SRE,1,2026-01-22,2026-01-26,2,RESIDUAL_REVERTED,84.57139587402344,84.3073959350586,-0.0031216221068184336,-43.39731362731186,10533.17184186549
NTRS,-1,2026-01-23,2026-01-26,1,RESIDUAL_REVERTED,149.383056640625,146.48660278320312,0.019389440292348237,195.82049459570902,10654.180455848335
COF,1,2026-01-26,2026-01-27,1,RESIDUAL_REVERTED,215.35137939453125,217.46664428710938,0.009822388407844329,93.75211454867002,10632.53267086851
GS,1,2026-01-26,2026-01-27,1,RESIDUAL_REVERTED,905.1600952148438,910.66943359375,0.006086589994445779,54.05097636577247,10632.53267086851
INTC,1,2026-01-26,2026-01-28,2,RESIDUAL_REVERTED,44.279998779296875,46.599998474121094,0.05239385182433498,546.1682689333803,10632.53267086851
LYV,-1,2026-01-26,2026-01-28,2,RESIDUAL_REVERTED,147.02999877929688,147.0800018310547,-0.0003400874119088293,-14.673031903918156,10632.53267086851
FTNT,-1,2026-01-26,2026-01-28,2,RESIDUAL_REVERTED,81.6500015258789,82.18000030517578,-0.006491105565122224,-80.10968294230211,10632.532670868512
DRI,1,2026-01-27,2026-01-28,1,RESIDUAL_REVERTED,192.49911499023438,197.80503845214844,0.027563365484476243,279.62031219631854,10532.00360067623
META,-1,2026-01-23,2026-01-29,4,RESIDUAL_REVERTED,643.1144409179688,735.5364379882812,-0.14371003228972934,-1543.408657210954,10654.180455848335
CSX,-1,2026-01-26,2026-01-29,3,RESIDUAL_REVERTED,36.32854080200195,37.16094207763672,-0.022913149200556315,-255.02665801561244,10632.53267086851
AAPL,-1,2026-01-27,2026-01-29,2,RESIDUAL_REVERTED,258.46649169921875,257.2996520996094,0.004514471457937597,36.62318952656745,10532.00360067623
UNH,1,2026-01-28,2026-01-29,1,RESIDUAL_REVERTED,278.2193298339844,288.62359619140625,0.037395914811634956,384.8419693529854,10579.203211040687
ELV,1,2026-01-28,2026-01-29,1,RESIDUAL_REVERTED,310.90350341796875,337.0601501464844,0.08413107745959181,879.0155417153824,10579.203211040687
URI,1,2026-01-26,2026-01-29,3,TRAILING_STOP,916.4503173828125,810.5404573991063,-0.11556530449589697,-1238.770032404525,10632.53267086851
TXT,1,2026-01-29,2026-01-30,1,RESIDUAL_REVERTED,86.77059173583984,87.76990509033203,0.011516728588580438,113.5025804012417,10798.487483009716
APH,1,2026-01-29,2026-01-30,1,RESIDUAL_REVERTED,73.75791931152344,73.60370635986328,-0.002090798562373042,-33.36466085723653,10798.487483009716
MSCI,-1,2026-01-29,2026-01-30,1,RESIDUAL_REVERTED,609.4522705078125,598.8507080078125,0.017395230132076556,176.92614106401857,10798.487483009716
TXN,-1,2026-01-29,2026-02-02,2,RESIDUAL_REVERTED,212.8201141357422,213.25897216796875,-0.00206210786987282,-33.508874720813026,10798.487483009716
LVS,1,2026-01-30,2026-02-02,1,RESIDUAL_REVERTED,51.30107879638672,52.637657165527344,0.026053611356702477,265.26256999616714,10593.30581742826
LUV,-1,2026-01-30,2026-02-02,1,RESIDUAL_REVERTED,47.89675521850586,48.12370300292969,-0.0047382705443925754,-61.01811961006082,10593.30581742826
RCL,-1,2026-01-30,2026-02-02,1,RESIDUAL_REVERTED,332.0462341308594,321.6581726074219,0.031284985208847704,320.78165760892983,10593.30581742826
META,-1,2026-01-30,2026-02-02,1,RESIDUAL_REVERTED,725.6318969726562,712.7649536132812,0.01773205314299997,177.13466983463184,10593.30581742826
TTWO,1,2026-02-02,2026-02-03,1,RESIDUAL_REVERTED,225.50999450683594,220.97999572753906,-0.020087796060673346,-224.52479668961058,10652.217321709755
VZ,-1,2026-02-02,2026-02-03,1,RESIDUAL_REVERTED,43.18326950073242,43.241390228271484,-0.0013459084550806466,-25.207790884566418,10652.217321709755
TYL,1,2026-01-30,2026-02-03,2,TRAILING_STOP,380.6700134277344,333.39515839721923,-0.12418854483658903,-1325.5027566755793,10593.30581742826
URI,1,2026-01-30,2026-02-04,3,RESIDUAL_REVERTED,775.42431640625,787.9783325195312,0.016189866435274647,160.82514837160593,10593.30581742826
DIS,1,2026-02-03,2026-02-04,1,RESIDUAL_REVERTED,103.98323059082031,103.40764617919922,-0.005535358041394711,-69.2515109282238,10600.926598290092
JBHT,-1,2026-02-03,2026-02-04,1,TRAILING_STOP,210.86752319335938,226.79886099537185,-0.07555140573925123,-812.1351276609943,10600.926598290092
ODFL,-1,2026-02-03,2026-02-04,1,TRAILING_STOP,184.2220001220703,207.48174894511993,-0.1262593436594821,-1349.9519531957108,10600.926598290092
KLAC,1,2026-02-02,2026-02-06,4,RESIDUAL_REVERTED,139.4854278564453,137.20689392089844,-0.016335282979465626,-184.57219813844986,10652.217321709755
HAS,-1,2026-02-03,2026-02-06,3,RESIDUAL_REVERTED,91.83989715576172,94.35270690917969,-0.02736076401693066,-301.4373599691052,10600.926598290092
COR,1,2026-02-05,2026-02-06,1,RESIDUAL_REVERTED,334.0867614746094,352.487060546875,0.0550764088677127,546.6660882072531,10114.292518949165
BSX,1,2026-02-05,2026-02-06,1,RESIDUAL_REVERTED,77.3499984741211,77.23999786376953,-0.0014221152232907208,-24.490790038280334,10114.292518949167
AAPL,-1,2026-02-03,2026-02-09,4,RESIDUAL_REVERTED,268.4692687988281,277.4149475097656,-0.03332105291217058,-364.87104998862134,10600.926598290092
PYPL,1,2026-02-04,2026-02-09,3,RESIDUAL_REVERTED,41.23630142211914,39.858455657958984,-0.03341341770823991,-357.78486714151506,10401.717395244661
IQV,1,2026-02-04,2026-02-09,3,RESIDUAL_REVERTED,201.25,187.25999450683594,-0.06951555524553577,-733.121337052706,10401.717395244661
DVA,-1,2026-02-04,2026-02-09,3,RESIDUAL_REVERTED,136.05999755859375,140.0,-0.028957831192885974,-312.4189476271651,10401.717395244661
FTV,-1,2026-02-05,2026-02-09,2,RESIDUAL_REVERTED,60.5302848815918,59.942230224609375,0.009715048560117734,87.79808713830465,10114.292518949165
NWSA,1,2026-02-09,2026-02-10,1,RESIDUAL_REVERTED,22.28160285949707,22.69845199584961,0.01870822036372788,178.657786264553,10094.306816334016
J,-1,2026-02-05,2026-02-11,4,RESIDUAL_REVERTED,141.40774536132812,150.17567443847656,-0.06200458860824365,-638.3974441434905,10114.292518949165
VRSN,1,2026-02-09,2026-02-11,2,RESIDUAL_REVERTED,220.7869110107422,218.09207153320312,-0.01220561248491736,-133.23990052171533,10094.306816334016
GEN,-1,2026-02-09,2026-02-12,3,RESIDUAL_REVERTED,23.788896560668945,24.330673217773438,-0.022774350030183133,-240.71788452591963,10094.306816334016
WAT,1,2026-02-10,2026-02-12,2,RESIDUAL_REVERTED,327.82000732421875,328.69000244140625,0.0026538804763280854,16.55916091316628,10020.347632637571
ORCL,-1,2026-02-10,2026-02-12,2,RESIDUAL_REVERTED,158.89036560058594,156.834716796875,0.012937529572298767,119.28904830776848,10020.347632637571
RJF,1,2026-02-11,2026-02-12,1,RESIDUAL_REVERTED,161.5968780517578,157.26856994628906,-0.026784602262442503,-276.26564068501216,9947.915163577127
CBRE,1,2026-02-12,2026-02-12,0,STOP_LOSS,151.94000244140625,129.1490020751953,-0.15000000000000002,-1491.9627409424597,9885.457948931324
MOH,1,2026-02-09,2026-02-13,4,RESIDUAL_REVERTED,132.0,128.3800048828125,-0.027424205433238646,-286.7842364817005,10094.306816334016
WTW,1,2026-02-10,2026-02-13,3,RESIDUAL_REVERTED,287.8815612792969,281.0392761230469,-0.02376770893503577,-248.0619732400622,10020.347632637571
VTRS,-1,2026-02-10,2026-02-13,3,RESIDUAL_REVERTED,15.17233657836914,15.524046897888184,-0.02318102539462963,-243.0312574542537,10020.347632637571
EXPD,1,2026-02-13,2026-02-17,1,RESIDUAL_REVERTED,139.79957580566406,145.53004455566406,0.04099060184535852,390.755000556633,9776.181109805639
CHRW,1,2026-02-13,2026-02-17,1,RESIDUAL_REVERTED,169.9862060546875,177.205322265625,0.042468835433711494,405.199254099328,9776.181109805639
EQIX,-1,2026-02-13,2026-02-17,1,RESIDUAL_REVERTED,942.4072875976562,938.1915283203125,0.004473394181925716,33.784544717924376,9776.181109805639
LYV,-1,2026-02-10,2026-02-18,5,RESIDUAL_REVERTED,148.5,159.92999267578125,-0.07696964764835856,-782.7009782287234,10020.347632637571
ROL,1,2026-02-13,2026-02-18,2,RESIDUAL_REVERTED,57.61553955078125,59.207462310791016,0.027630093763274965,260.2055612005268,9776.181109805639
MSI,-1,2026-02-13,2026-02-18,2,RESIDUAL_REVERTED,449.7207946777344,452.0813903808594,-0.005249025019660403,-61.51061757259805,9776.181109805639
STZ,1,2026-02-17,2026-02-18,1,RESIDUAL_REVERTED,147.99853515625,148.15621948242188,0.0010654451816392019,0.6335687708033957,9760.356949841202
GNRC,-1,2026-02-12,2026-02-19,4,RESIDUAL_REVERTED,218.74000549316406,227.5800018310547,-0.04041325827875086,-410.397572456731,9885.457948931324
NVR,1,2026-02-17,2026-02-19,2,RESIDUAL_REVERTED,7453.3798828125,7515.0,0.008267405949560658,70.89212975055348,9760.356949841202
COIN,-1,2026-02-17,2026-02-19,2,RESIDUAL_REVERTED,162.47999572753906,162.4199981689453,0.000369261202433524,-6.547840061810001,9760.356949841202
FISV,-1,2026-02-18,2026-02-19,1,RESIDUAL_REVERTED,63.40999984741211,62.939998626708984,0.00741209938233911,62.52449762262839,9775.425959692788
NI,1,2026-02-19,2026-02-20,1,RESIDUAL_REVERTED,44.71827697753906,45.438907623291016,0.01611490188036324,147.7384976187286,9779.573643518997
PANW,1,2026-02-19,2026-02-20,1,RESIDUAL_REVERTED,152.47999572753906,150.36000061035156,-0.013903431116142229,-145.68121732717646,9779.573643518997
GPN,-1,2026-02-19,2026-02-20,1,RESIDUAL_REVERTED,80.02123260498047,79.54596710205078,0.005939242466756367,48.140056425149076,9779.573643518997
ALLE,1,2026-02-18,2026-02-23,3,RESIDUAL_REVERTED,160.4542236328125,160.36526489257812,-0.0005544181899377332,-15.192390089153186,9775.425959692788
POOL,1,2026-02-20,2026-02-23,1,RESIDUAL_REVERTED,213.7186737060547,216.4732208251953,0.012888659055264373,116.29987089934274,9787.726748233134
DE,-1,2026-02-20,2026-02-23,1,RESIDUAL_REVERTED,660.6006469726562,648.596923828125,0.01817092247720442,167.9595368725778,9787.726748233134
OXY,-1,2026-02-20,2026-02-23,1,RESIDUAL_REVERTED,50.709022521972656,51.527549743652344,-0.016141648585811685,-168.0525545737634,9787.726748233134
OMC,-1,2026-02-20,2026-02-24,2,RESIDUAL_REVERTED,79.28077697753906,78.31110382080078,0.012230873532092179,109.5950117838876,9787.726748233134
AKAM,1,2026-02-23,2026-02-24,1,RESIDUAL_REVERTED,93.75,98.66000366210938,0.052373372395833284,499.8550184615692,9734.808472039984
PFG,-1,2026-02-23,2026-02-24,1,RESIDUAL_REVERTED,92.98601531982422,90.44888305664062,0.027285095016246874,255.8252924201955,9734.808472039984
GPC,1,2026-02-18,2026-02-25,5,RESIDUAL_REVERTED,119.7747802734375,114.94062042236328,-0.04036041510606969,-404.118405406757,9775.425959692788
IBM,1,2026-02-24,2026-02-25,1,RESIDUAL_REVERTED,224.5250244140625,229.86709594726562,0.0237927667401181,222.08681369315445,9748.829180592229
EW,-1,2026-02-24,2026-02-25,1,RESIDUAL_REVERTED,82.33000183105469,82.63999938964844,-0.0037653048912822396,-46.668090645930434,9748.829180592229
GRMN,-1,2026-02-19,2026-02-26,5,RESIDUAL_REVERTED,239.5316925048828,247.6230926513672,-0.03378008171640756,-341.291376473335,9779.573643518997
CRWD,1,2026-02-23,2026-02-26,3,RESIDUAL_REVERTED,96.23999786376953,91.81199645996094,-0.046009990670163536,-457.40930622294127,9734.808472039984
AXP,1,2026-02-24,2026-02-26,2,RESIDUAL_REVERTED,318.60784912109375,327.9029541015625,0.02917412425999566,274.52251794652545,9748.829180592229
DPZ,-1,2026-02-24,2026-02-26,2,RESIDUAL_REVERTED,395.81597900390625,400.27783203125,-0.011272543969983895,-120.09081074520469,9748.829180592229
EXPD,1,2026-02-25,2026-02-26,1,RESIDUAL_REVERTED,137.9988555908203,141.8589630126953,0.027972024879109103,262.17580622398685,9725.329335738039
KEYS,-1,2026-02-25,2026-02-26,1,RESIDUAL_REVERTED,301.4800109863281,303.989990234375,-0.008325524600570233,-90.9276931117147,9725.329335738035
GDDY,-1,2026-02-25,2026-02-26,1,RESIDUAL_REVERTED,76.88500213623047,80.97000122070312,-0.0531312866095075,-526.9015214730572,9725.329335738037
BF-B,1,2026-02-26,2026-02-27,1,RESIDUAL_REVERTED,27.389013290405273,27.856536865234375,0.01706974872997269,157.37741131182005,9798.600076349274
PSKY,-1,2026-02-27,2026-02-27,0,STOP_LOSS,11.048023223876953,12.705226707458495,-0.1499999999999999,-1474.5703093224447,9760.518347327128
AXON,-1,2026-02-26,2026-03-02,2,RESIDUAL_REVERTED,528.0700073242188,548.1599731445312,-0.03804413343244062,-383.16649139598536,9798.600076349274
UHS,1,2026-02-27,2026-03-02,1,RESIDUAL_REVERTED,203.2822723388672,202.71170043945312,-0.002806796150246371,-37.14260577635294,9760.518347327128
SJM,-1,2026-02-27,2026-03-02,1,RESIDUAL_REVERTED,114.64118957519531,113.58296203613281,0.009230779469262096,80.18979952493326,9760.518347327128
EME,1,2026-02-27,2026-03-03,2,RESIDUAL_REVERTED,744.2448120117188,719.889404296875,-0.03272499495026415,-329.01372551875335,9760.518347327128
VTRS,1,2026-02-27,2026-03-03,2,RESIDUAL_REVERTED,14.810857772827148,14.703391075134277,-0.0072559401583097705,-80.54684452109632,9760.518347327128
ACN,-1,2026-02-27,2026-03-03,2,RESIDUAL_REVERTED,200.04771423339844,198.90133666992188,0.005730520680376605,45.806992958597355,9760.518347327128
GS,1,2026-03-02,2026-03-03,1,RESIDUAL_REVERTED,832.2382202148438,828.2752075195312,-0.00476187298186026,-55.0570972816108,9559.36684136537
PSKY,-1,2026-03-02,2026-03-03,1,RESIDUAL_REVERTED,13.896265029907227,12.664327621459961,0.08865241169450333,838.1458417515429,9559.36684136537
LOW,1,2026-02-26,2026-03-04,4,RESIDUAL_REVERTED,260.4721984863281,255.2002410888672,-0.020240000384293078,-208.0231075525371,9798.600076349274
TKO,-1,2026-02-27,2026-03-04,3,RESIDUAL_REVERTED,215.66737365722656,216.8332977294922,-0.005406121716485135,-63.14682113971516,9760.518347327128
AES,1,2026-03-03,2026-03-04,1,RESIDUAL_REVERTED,13.851037979125977,13.841276168823242,-0.0007047710299723509,-16.45615503043272,9654.99590370424
RTX,-1,2026-03-03,2026-03-04,1,RESIDUAL_REVERTED,211.42404174804688,205.45880126953125,0.028214579710023613,262.70713074107414,9654.99590370424
AZO,1,2026-03-04,2026-03-05,1,RESIDUAL_REVERTED,3666.110107421875,3685.719970703125,0.0053489564433841785,42.02072399974608,9668.20016201489
TGT,-1,2026-03-04,2026-03-05,1,RESIDUAL_REVERTED,121.86441040039062,117.7452392578125,0.03380126428252861,317.10676231673307,9668.20016201489
MPC,-1,2026-03-03,2026-03-06,3,RESIDUAL_REVERTED,212.27638244628906,216.32977294921875,-0.0190948727136675,-194.69095500459665,9654.99590370424
ETN,1,2026-03-04,2026-03-06,2,RESIDUAL_REVERTED,354.9507751464844,343.4271545410156,-0.03246540481764848,-323.3932912638243,9668.20016201489
BBY,-1,2026-03-04,2026-03-06,2,RESIDUAL_REVERTED,63.79802703857422,62.970733642578125,0.012967382133868943,115.38106038488185,9668.20016201489
BF-B,1,2026-03-05,2026-03-06,1,RESIDUAL_REVERTED,25.37282371520996,25.20724105834961,-0.006525984601433721,-72.53264435470447,9641.80892546205
MRNA,-1,2026-03-05,2026-03-06,1,RESIDUAL_REVERTED,56.95500183105469,52.21500015258789,0.08322362437151765,793.0048792979181,9641.80892546205
HUBB,1,2026-03-04,2026-03-09,3,RESIDUAL_REVERTED,488.90118408203125,460.0277099609375,-0.059057893621810464,-580.3662450763192,9668.20016201489
ROST,-1,2026-03-05,2026-03-09,2,RESIDUAL_REVERTED,210.22225952148438,208.72128295898438,0.007139950668956674,58.84878431372481,9641.80892546205
ROK,1,2026-03-05,2026-03-10,3,RESIDUAL_REVERTED,376.1175842285156,382.93548583984375,0.018127048288137937,165.04833828340037,9641.80892546205
TTD,-1,2026-03-06,2026-03-10,2,RESIDUAL_REVERTED,29.165000915527344,28.6299991607666,0.01834396495684354,167.7322778644973,9687.78641946522
BLK,1,2026-03-09,2026-03-10,1,RESIDUAL_REVERTED,919.4536743164062,954.6931762695312,0.03832656602229023,360.5106652412299,9663.247472911517
BA,-1,2026-03-09,2026-03-10,1,RESIDUAL_REVERTED,226.75,224.10000610351562,0.011686852906215517,103.13591944747822,9663.247472911517
PAYX,-1,2026-03-09,2026-03-10,1,RESIDUAL_REVERTED,97.24369812011719,95.56304931640625,0.017282855714053302,157.23938786767647,9663.247472911517
UPS,1,2026-03-06,2026-03-11,3,RESIDUAL_REVERTED,98.60903930664062,97.71849060058594,-0.009031106197935679,-97.13546868258635,9687.78641946522
T,1,2026-03-10,2026-03-11,1,RESIDUAL_REVERTED,27.002056121826172,27.021587371826172,0.0007233245465412264,-2.688503163809222,9704.487273139812
VRTX,-1,2026-03-11,2026-03-12,1,RESIDUAL_REVERTED,497.8800048828125,489.9700012207031,0.015887369616241487,144.63495898535723,9722.906781250029
PH,-1,2026-03-11,2026-03-12,1,RESIDUAL_REVERTED,941.7304077148438,923.3790283203125,0.01948687144876393,179.6490244813473,9722.906781250029
BG,-1,2026-03-09,2026-03-12,3,TRAILING_STOP,115.2459945678711,123.7428344460882,-0.07372785414432004,-723.0636541039669,9663.247472911517
FICO,1,2026-03-11,2026-03-12,1,TRAILING_STOP,1287.010009765625,1105.0,-0.14142081909585968,-1384.0568370578187,9722.906781250029
ADM,-1,2026-03-11,2026-03-12,1,TRAILING_STOP,68.046630859375,72.63178863110768,-0.06738258329362923,-665.4032924658064,9722.906781250029
LYV,-1,2026-03-10,2026-03-13,3,RESIDUAL_REVERTED,165.1300048828125,160.97999572753906,0.025131769106520485,233.73506962961167,9704.487273139812
IFF,1,2026-03-12,2026-03-13,1,RESIDUAL_REVERTED,67.47959899902344,69.8909912109375,0.035735129545582556,332.2017328358121,9568.776852835907
COO,1,2026-03-09,2026-03-13,4,TRAILING_STOP,75.2699966430664,69.9319704875696,-0.07091837908283638,-694.6224440043837,9663.247472911517
CPB,1,2026-03-12,2026-03-16,2,RESIDUAL_REVERTED,21.904804229736328,21.083494186401367,-0.03749451648693636,-368.16604999057205,9568.776852835907
SLB,1,2026-03-13,2026-03-16,1,RESIDUAL_REVERTED,44.00970458984375,44.09877395629883,0.002023857403388174,9.639968599060744,9424.65781746392
CF,-1,2026-03-13,2026-03-16,1,RESIDUAL_REVERTED,130.88848876953125,122.79341888427734,0.061847072736149644,573.5708676921266,9424.65781746392
LYB,-1,2026-03-13,2026-03-16,1,RESIDUAL_REVERTED,71.37875366210938,70.03678894042969,0.01880061857107007,167.66779920845408,9424.65781746392
DOW,-1,2026-03-13,2026-03-16,1,RESIDUAL_REVERTED,36.89237976074219,35.610443115234375,0.0347480063314306,318.0455155084739,9424.65781746392
APD,-1,2026-03-13,2026-03-16,1,RESIDUAL_REVERTED,292.0927734375,286.6114196777344,0.018765797233728843,167.3429060394533,9424.65781746392
CNC,1,2026-03-11,2026-03-17,4,RESIDUAL_REVERTED,36.310001373291016,34.869998931884766,-0.03965856201992568,-395.1266101286117,9722.906781250029
PODD,1,2026-03-16,2026-03-17,1,RESIDUAL_REVERTED,222.8000030517578,226.82000732421875,0.01804310690034905,161.69267089708262,9492.301324327955
ULTA,1,2026-03-16,2026-03-18,2,RESIDUAL_REVERTED,532.9199829101562,519.3099975585938,-0.025538515702191233,-251.79037810239728,9492.301324327955
DLTR,-1,2026-03-17,2026-03-18,1,RESIDUAL_REVERTED,115.19000244140625,110.97000122070312,0.03663513439762023,339.80208900860504,9535.844947760155
SYK,-1,2026-03-17,2026-03-18,1,RESIDUAL_REVERTED,348.6334228515625,343.5010681152344,0.014721350277748124,130.72641142525578,9535.844947760155
PSA,1,2026-03-17,2026-03-18,1,TRAILING_STOP,287.1587829589844,272.50519732647155,-0.05102955752046712,-495.9024882416089,9535.844947760155
CF,1,2026-03-17,2026-03-19,2,RESIDUAL_REVERTED,122.44662475585938,127.48992919921875,0.04118777837621068,383.02804325632485,9535.844947760155
CMG,-1,2026-03-17,2026-03-19,2,RESIDUAL_REVERTED,34.400001525878906,32.29999923706055,0.061046575455484864,572.5171171680524,9535.844947760155
MDLZ,-1,2026-03-17,2026-03-19,2,RESIDUAL_REVERTED,56.611228942871094,55.57889175415039,0.018235555171615903,164.06658532417433,9535.844947760155
LLY,1,2026-03-18,2026-03-19,1,RESIDUAL_REVERTED,922.089111328125,911.1237182617188,-0.011891901695501361,-122.5958041827206,9513.908522740807
JNJ,1,2026-03-18,2026-03-19,1,RESIDUAL_REVERTED,235.3490753173828,235.81410217285156,0.00197590262397096,9.275249013155047,9513.908522740807
OTIS,1,2026-03-19,2026-03-20,1,RESIDUAL_REVERTED,77.58676147460938,79.266357421875,0.02164797080511316,197.53631287143352,9571.880967710402
CMCSA,1,2026-03-19,2026-03-20,1,RESIDUAL_REVERTED,28.076534271240234,28.213062286376953,0.004862708973185859,36.95011786850545,9571.880967710402
PH,-1,2026-03-19,2026-03-20,1,RESIDUAL_REVERTED,895.0601196289062,893.9349365234375,0.001257103384223246,2.2768245030571883,9571.880967710402
BX,-1,2026-03-16,2026-03-23,5,RESIDUAL_REVERTED,106.16331481933594,112.03838348388672,-0.05533991355251788,-536.0264933705645,9492.301324327955
LULU,-1,2026-03-19,2026-03-23,2,RESIDUAL_REVERTED,163.0399932861328,165.8800048828125,-0.01741911011794217,-176.77142380304988,9571.880967710402
CSX,1,2026-03-20,2026-03-23,1,RESIDUAL_REVERTED,38.25766372680664,38.595703125,0.008835860982187915,75.20176700174345,9602.542788771092
SLB,-1,2026-03-20,2026-03-23,1,RESIDUAL_REVERTED,47.513065338134766,47.01823806762695,0.010414551597256239,90.26858749149915,9602.542788771092
ES,1,2026-03-20,2026-03-24,2,RESIDUAL_REVERTED,67.29938507080078,65.44351959228516,-0.02757626204999053,-274.2723779600252,9602.542788771092
TSN,1,2026-03-20,2026-03-24,2,RESIDUAL_REVERTED,58.04433822631836,58.5453987121582,0.0086323748560313,73.24875976051874,9602.542788771092
BKR,-1,2026-03-20,2026-03-26,4,RESIDUAL_REVERTED,60.33552932739258,62.02365493774414,-0.027978964122307826,-279.1868417247357,9602.542788771092
AMCR,-1,2026-04-09,2026-04-10,1,RESIDUAL_REVERTED,40.40666961669922,40.697574615478516,-0.007199430231168424,-78.61799605755971,9560.843684380954
PPG,-1,2026-04-09,2026-04-10,1,RESIDUAL_REVERTED,107.39747619628906,109.33274841308594,-0.018019717830797033,-182.12201219385682,9560.843684380954
CCL,-1,2026-04-09,2026-04-10,1,RESIDUAL_REVERTED,27.506576538085938,28.000944137573242,-0.01797270550200225,-181.67089253949575,9560.843684380954
FANG,1,2026-04-09,2026-04-13,2,RESIDUAL_REVERTED,185.91793823242188,188.4697723388672,0.01372559383299099,121.60179929959199,9560.843684380954
APA,1,2026-04-09,2026-04-14,3,RESIDUAL_REVERTED,38.72639465332031,38.2923698425293,-0.0112074675341306,-116.66011245338213,9560.843684380954
CVX,1,2026-04-09,2026-04-14,3,RESIDUAL_REVERTED,190.8805694580078,185.2713623046875,-0.029385951483942407,-290.37485509482923,9560.843684380954
CRH,-1,2026-04-09,2026-04-14,3,RESIDUAL_REVERTED,112.5380630493164,116.884765625,-0.038624288155544084,-379.6128612078389,9560.843684380954
SHW,-1,2026-04-09,2026-04-14,3,RESIDUAL_REVERTED,330.4275207519531,333.3432312011719,-0.008824054493352884,-94.54328289070558,9560.843684380954
MKC,-1,2026-04-13,2026-04-15,2,RESIDUAL_REVERTED,52.75740432739258,52.73775863647461,0.00037237789023991663,-6.263711616910865,9386.449640901996
AVGO,-1,2026-04-13,2026-04-15,2,RESIDUAL_REVERTED,368.405029296875,388.5563659667969,-0.05469886420492687,-523.4544619948784,9386.449640901996
TPL,-1,2026-04-13,2026-04-15,2,RESIDUAL_REVERTED,408.7178955078125,412.3365478515625,-0.008853667489293615,-92.90905862900532,9386.449640901996
CHTR,1,2026-04-15,2026-04-16,1,RESIDUAL_REVERTED,216.0399932861328,220.6999969482422,0.02157009723629022,191.3523714946339,9307.333326519252
TDG,-1,2026-04-15,2026-04-16,1,RESIDUAL_REVERTED,1297.0799560546875,1275.6800537109375,0.016498522117974757,144.14520846686244,9307.333326519252
COP,1,2026-04-09,2026-04-17,6,RESIDUAL_REVERTED,124.52779388427734,114.70677947998047,-0.0788660434587275,-763.2097442421122,9560.843684380954
FAST,1,2026-04-14,2026-04-17,3,RESIDUAL_REVERTED,44.94258499145508,44.744728088378906,-0.004402437089762179,-50.72613984467199,9393.319302039545
WFC,1,2026-04-15,2026-04-17,2,RESIDUAL_REVERTED,80.00069427490234,81.19695281982422,0.014953102041980193,129.79658489116093,9307.333326519252
HOOD,-1,2026-04-15,2026-04-17,2,RESIDUAL_REVERTED,83.55000305175781,90.05999755859375,-0.07791734612867818,-735.2576123410047,9307.333326519252
TSLA,-1,2026-04-16,2026-04-17,1,RESIDUAL_REVERTED,393.80999755859375,395.9200134277344,-0.005357954044390878,-59.0792102968016,9259.734977820834
DASH,-1,2026-04-16,2026-04-17,1,RESIDUAL_REVERTED,182.03500366210938,184.9149932861328,-0.015821075980360533,-156.01294989226068,9259.734977820834
UBER,-1,2026-04-16,2026-04-17,1,RESIDUAL_REVERTED,77.51000213623047,77.41500091552734,0.0012256640186404377,1.9139802134850352,9259.734977820834
ALB,-1,2026-04-17,2026-04-20,1,RESIDUAL_REVERTED,206.3363800048828,194.84451293945312,0.05569481768148565,511.10282651619445,9343.10204065688
SCHW,1,2026-04-17,2026-04-21,2,RESIDUAL_REVERTED,92.74578094482422,92.6563720703125,-0.0009640209355173956,-18.345544537540263,9343.10204065688
DOW,1,2026-04-20,2026-04-21,1,RESIDUAL_REVERTED,35.272830963134766,36.08994674682617,0.023165585562026747,204.80564536393874,9244.633915467875
XYL,1,2026-04-20,2026-04-22,2,RESIDUAL_REVERTED,119.59417724609375,119.54456329345703,-0.00041485257710016654,-13.077876539545443,9244.633915467875
NVR,-1,2026-04-20,2026-04-22,2,RESIDUAL_REVERTED,7000.2001953125,6640.240234375,0.05142138094543891,465.99725580642456,9244.633915467875
MAA,-1,2026-04-20,2026-04-22,2,RESIDUAL_REVERTED,125.9814224243164,124.84458923339844,0.009023816123372663,73.85162808831389,9244.633915467875
SNA,-1,2026-04-20,2026-04-22,2,RESIDUAL_REVERTED,375.2547912597656,377.9495544433594,-0.007181155967515229,-76.03671888465917,9244.633915467875
TRGP,1,2026-04-09,2026-04-23,10,RESIDUAL_REVERTED,242.37271118164062,236.22251892089844,-0.025374936933939995,-252.0453463080431,9560.843684380954
NFLX,1,2026-04-20,2026-04-23,3,RESIDUAL_REVERTED,97.13999938964844,94.05999755859375,-0.031706833955188474,-302.21614741344405,9244.633915467875
PHM,-1,2026-04-20,2026-04-23,3,RESIDUAL_REVERTED,125.20953369140625,124.46276092529297,0.005964184548069573,45.36009894042912,9244.633915467875
SWK,-1,2026-04-21,2026-04-23,2,RESIDUAL_REVERTED,74.09624481201172,74.96923065185547,-0.01178178249192774,-117.78418883807959,9182.102011918612
ISRG,-1,2026-04-23,2026-04-24,1,RESIDUAL_REVERTED,484.5,480.75,0.007739938080495334,62.376688855991695,9276.448431326058
PRU,1,2026-04-22,2026-04-27,3,RESIDUAL_REVERTED,90.86820220947266,91.58016967773438,0.007835166218216338,62.866399808022635,9202.768507786142
MAS,-1,2026-04-23,2026-04-27,2,RESIDUAL_REVERTED,74.1779556274414,73.81132507324219,0.004942581001296631,36.22830530853378,9276.448431326058
GEV,-1,2026-04-23,2026-04-27,2,RESIDUAL_REVERTED,1147.3038330078125,1134.6551513671875,0.011024700935117426,92.67617187965578,9276.448431326056
LVS,1,2026-04-24,2026-04-27,1,RESIDUAL_REVERTED,51.63788604736328,51.9836540222168,0.0066960133599653915,52.810417572559956,9276.922899056653
LULU,1,2026-04-24,2026-04-27,1,RESIDUAL_REVERTED,141.8800048828125,143.83999633789062,0.013814430417429246,118.8144052748784,9276.922899056653
TXN,-1,2026-04-24,2026-04-27,1,RESIDUAL_REVERTED,284.9161071777344,273.3741760253906,0.04050992857748037,366.541235162824,9276.922899056653
URI,-1,2026-04-24,2026-04-27,1,RESIDUAL_REVERTED,994.2173461914062,970.7164916992188,0.023637542215706908,209.93665868137614,9276.922899056653
TSCO,1,2026-04-22,2026-04-29,5,RESIDUAL_REVERTED,39.11007308959961,34.529170989990234,-0.1171284464008725,-1086.569793422701,9202.768507786142
DPZ,1,2026-04-28,2026-04-29,1,RESIDUAL_REVERTED,334.1647644042969,335.7056579589844,0.004611179031500878,33.588484239239726,9307.19372103125
MCD,1,2026-04-28,2026-04-29,1,RESIDUAL_REVERTED,288.1832580566406,287.29559326171875,-0.0030802094504303046,-37.96096572450954,9307.193721031252
YUM,1,2026-04-28,2026-04-29,1,RESIDUAL_REVERTED,154.73880004882812,156.96661376953125,0.014397253436113866,124.62383404627283,9307.19372103125
TROW,-1,2026-04-28,2026-04-29,1,RESIDUAL_REVERTED,99.29838562011719,97.8539047241211,0.014546871905070091,125.96815050505565,9307.19372103125
UHS,-1,2026-04-28,2026-04-29,1,RESIDUAL_REVERTED,183.5406951904297,159.60191345214844,0.13042765100918874,1205.0520585651802,9307.19372103125
NVDA,-1,2026-04-28,2026-04-29,1,RESIDUAL_REVERTED,209.0122528076172,212.2149200439453,-0.015322868364449294,-152.17931487799623,9307.19372103125
TEL,1,2026-04-23,2026-04-30,5,RESIDUAL_REVERTED,216.07778930664062,206.2344207763672,-0.0455547447142034,-431.65139545478524,9276.448431326058
QCOM,-1,2026-04-27,2026-04-30,3,TRAILING_STOP,154.8917999267578,170.48898315429688,-0.10069728181165405,-948.5403050321856,9317.177132259667
AMP,-1,2026-04-28,2026-05-01,3,RESIDUAL_REVERTED,480.61773681640625,472.3935241699219,0.017111754345483066,149.49081884524742,9307.19372103125
GEHC,1,2026-04-30,2026-05-01,1,RESIDUAL_REVERTED,59.17656707763672,61.49525833129883,0.03918259149132641,358.1876799812829,9385.731681094656
PODD,1,2026-04-30,2026-05-01,1,RESIDUAL_REVERTED,164.0,174.19000244140625,0.06213416122808679,573.4972465528454,9385.731681094656
TER,1,2026-04-30,2026-05-01,1,RESIDUAL_REVERTED,326.75103759765625,343.1485290527344,0.050183441116625094,461.38707731698406,9385.731681094656
REGN,1,2026-04-30,2026-05-01,1,RESIDUAL_REVERTED,691.2391967773438,701.1527709960938,0.014341741997514701,125.15470667595127,9385.731681094656
NXPI,-1,2026-04-30,2026-05-01,1,RESIDUAL_REVERTED,287.1692810058594,289.3123474121094,-0.0074627285994641746,-79.65281643426498,9385.731681094656
V,-1,2026-04-30,2026-05-01,1,RESIDUAL_REVERTED,330.8183288574219,331.57537841796875,-0.0022884148020503314,-31.059864619310858,9385.731681094656
GNRC,-1,2026-04-30,2026-05-04,2,RESIDUAL_REVERTED,256.04998779296875,259.9100036621094,-0.015075243324212506,-151.32582195965227,9385.731681094656
WTW,1,2026-05-01,2026-05-04,1,RESIDUAL_REVERTED,262.0461730957031,252.75,-0.0354753247715166,-343.3529379500637,9417.873347522513
CLX,1,2026-05-04,2026-05-05,1,RESIDUAL_REVERTED,86.49949645996094,85.30347442626953,-0.013826924810423913,-139.2396261523093,9395.379185787513
SYK,1,2026-05-04,2026-05-05,1,RESIDUAL_REVERTED,293.865478515625,290.5144348144531,-0.01140332548790246,-116.48037684011749,9395.379185787513
RMD,1,2026-05-04,2026-05-05,1,RESIDUAL_REVERTED,203.80734252929688,209.77243041992188,0.02926826784843395,265.4536021241698,9395.379185787513
AIG,-1,2026-05-04,2026-05-05,1,RESIDUAL_REVERTED,76.97517395019531,76.85675811767578,0.0015383639483055322,4.879995516821623,9395.379185787513
FRT,-1,2026-05-04,2026-05-05,1,RESIDUAL_REVERTED,113.28339385986328,113.7292709350586,-0.0039359438308044226,-46.58019829643118,9395.379185787513
AMGN,1,2026-05-04,2026-05-06,2,RESIDUAL_REVERTED,321.7063903808594,324.7652893066406,0.009508356119876549,79.8945646883664,9395.379185787513
UPS,1,2026-05-05,2026-05-06,1,RESIDUAL_REVERTED,93.49806213378906,95.76315307617188,0.02422607368205809,216.23236734651297,9314.755489217458
TSN,-1,2026-05-05,2026-05-06,1,RESIDUAL_REVERTED,67.82974243164062,67.57430267333984,0.0037658960382787043,25.59797408547234,9314.755489217458
PWR,-1,2026-05-01,2026-05-07,4,RESIDUAL_REVERTED,736.4374389648438,780.5107421875,-0.05984663583183236,-574.1031319341064,9417.873347522513
CBOE,-1,2026-05-04,2026-05-07,3,RESIDUAL_REVERTED,323.3521423339844,340.4686279296875,-0.05293450500174468,-507.57408215643017,9395.379185787513
BALL,1,2026-05-06,2026-05-07,1,RESIDUAL_REVERTED,58.13066482543945,58.90534210205078,0.013326482312521426,114.79096447883632,9317.585251364948
FISV,1,2026-05-06,2026-05-08,2,RESIDUAL_REVERTED,57.560001373291016,56.75,-0.014072295934080215,-140.37184239106972,9317.585251364948
ROK,-1,2026-05-06,2026-05-08,2,RESIDUAL_REVERTED,445.6979675292969,448.66961669921875,-0.006667405701657136,-71.8470485067809,9317.585251364948
CDW,1,2026-05-07,2026-05-08,1,RESIDUAL_REVERTED,108.34691619873047,108.47553253173828,0.0011870788530048415,1.720615462594786,9226.546742893925
COR,1,2026-05-07,2026-05-08,1,RESIDUAL_REVERTED,252.6868896484375,253.02542114257812,0.001339727180193817,3.1283281801635914,9226.546742893925
HII,1,2026-05-06,2026-05-11,3,RESIDUAL_REVERTED,321.06951904296875,314.57794189453125,-0.02021860302338052,-197.6119483065512,9317.585251364948
WAT,-1,2026-05-06,2026-05-12,4,RESIDUAL_REVERTED,344.0,349.95001220703125,-0.017296547113462957,-171.31433804671684,9317.585251364948
DVA,-1,2026-05-07,2026-05-12,3,RESIDUAL_REVERTED,194.32000732421875,197.5,-0.016364720851803405,-160.851352629177,9226.546742893925
MSI,1,2026-05-11,2026-05-12,1,RESIDUAL_REVERTED,387.1754150390625,393.8978271484375,0.01736270395344386,147.95512010869044,9047.016976448178
ZTS,1,2026-05-08,2026-05-13,3,RESIDUAL_REVERTED,86.71551513671875,76.149169921875,-0.12185068840546553,-1137.8287263868601,9266.478719558805
DDOG,-1,2026-05-08,2026-05-13,3,RESIDUAL_REVERTED,185.5,199.49000549316406,-0.07541781937015668,-709.0706156273552,9266.478719558805
FTNT,-1,2026-05-08,2026-05-13,3,RESIDUAL_REVERTED,107.30000305175781,113.20999908447266,-0.05507917860788947,-520.500092315446,9266.478719558805
EXPE,1,2026-05-11,2026-05-13,2,RESIDUAL_REVERTED,224.13034057617188,218.50042724609375,-0.025118925512740975,-236.18473684758098,9047.016976448178
MNST,-1,2026-05-11,2026-05-13,2,RESIDUAL_REVERTED,42.505001068115234,43.0,-0.011645663320688282,-114.82199075343603,9047.016976448178
ROST,1,2026-05-12,2026-05-13,1,RESIDUAL_REVERTED,213.9661407470703,216.15760803222656,0.0102421218493014,82.43593187506586,8924.534463480688
QCOM,1,2026-05-13,2026-05-14,1,RESIDUAL_REVERTED,214.66452026367188,206.61817932128906,-0.03748332948779576,-345.20413541112487,8974.595984211852
MTD,1,2026-05-11,2026-05-15,4,RESIDUAL_REVERTED,1116.6600341796875,1031.510009765625,-0.07625420612157463,-698.575177735259,9047.016976448178
USB,1,2026-05-14,2026-05-15,1,RESIDUAL_REVERTED,52.88737869262695,52.946868896484375,0.0011248468978424242,1.1072917856329054,8909.333133007136
HBAN,1,2026-05-14,2026-05-15,1,RESIDUAL_REVERTED,15.14208698272705,15.210780143737793,0.004536571549820234,31.488285172453878,8909.333133007136
J,1,2026-05-14,2026-05-15,1,RESIDUAL_REVERTED,107.91417694091797,112.43878173828125,0.04192780712992383,364.4526937233275,8909.333133007136
JNJ,-1,2026-05-14,2026-05-15,1,RESIDUAL_REVERTED,228.55191040039062,228.3243408203125,0.0009957019378199483,-0.2104767841384645,8909.333133007136
MMM,-1,2026-05-14,2026-05-15,1,RESIDUAL_REVERTED,146.6363983154297,143.0111083984375,0.02472298800734196,211.2928499887265,8909.333133007136
STE,-1,2026-05-13,2026-05-18,3,RESIDUAL_REVERTED,208.00448608398438,210.9169158935547,-0.014001764406150308,-135.24151606937417,8974.595984211852
F,-1,2026-05-14,2026-05-18,2,RESIDUAL_REVERTED,13.602678298950195,13.840106964111328,-0.017454552694924574,-164.85394229795048,8909.333133007136
ZBRA,-1,2026-05-13,2026-05-19,4,RESIDUAL_REVERTED,248.67999267578125,259.6400146484375,-0.044072793531667376,-405.4413084170682,8974.595984211852
EXR,1,2026-05-18,2026-05-19,1,RESIDUAL_REVERTED,134.82151794433594,135.6819305419922,0.00638186404347918,47.985302190694675,8921.401467673806
PSA,1,2026-05-18,2026-05-19,1,RESIDUAL_REVERTED,287.09014892578125,288.7672119140625,0.005841590157504184,43.1677119515304,8921.401467673806
GPC,1,2026-05-18,2026-05-20,2,RESIDUAL_REVERTED,91.59136199951172,90.43309020996094,-0.012646081074293436,-121.68575734106867,8921.401467673806
MCK,-1,2026-05-18,2026-05-20,2,RESIDUAL_REVERTED,755.6105346679688,759.5819091796875,-0.005255848521836581,-56.19386535694295,8921.401467673806
DXCM,-1,2026-05-18,2026-05-20,2,TRAILING_STOP,61.790000915527344,69.98795051751155,-0.13267437256056303,-1193.5328237185324,8921.401467673806
CBRE,1,2026-05-15,2026-05-21,4,RESIDUAL_REVERTED,130.74000549316406,129.69000244140625,-0.00803122998042638,-79.89137737634593,8850.058738190337
VTRS,1,2026-05-18,2026-05-21,3,RESIDUAL_REVERTED,16.31689453125,16.277482986450195,-0.0024153827019182117,-30.459225950169685,8921.401467673806
D,-1,2026-05-19,2026-05-21,2,RESIDUAL_REVERTED,65.86834716796875,66.26041412353516,-0.005952281671295134,-61.734317791588154,8825.023579547304
GL,1,2026-05-20,2026-05-21,1,RESIDUAL_REVERTED,150.48434448242188,154.2274932861328,0.024874008100877143,209.1939309945326,8766.980604322129
PCG,-1,2026-05-20,2026-05-21,1,RESIDUAL_REVERTED,16.362407684326172,16.18292808532715,0.010969021336080576,87.27341128578988,8766.980604322129
BLK,1,2026-05-20,2026-05-22,2,RESIDUAL_REVERTED,1027.012451171875,1059.3433837890625,0.03148056538194477,267.08453075922336,8766.980604322129
HAS,1,2026-05-21,2026-05-22,1,RESIDUAL_REVERTED,87.05839538574219,88.68280792236328,0.018658884412279475,155.26189351934272,8796.929655314536
TJX,-1,2026-05-21,2026-05-22,1,RESIDUAL_REVERTED,158.99832153320312,157.00462341308594,0.012539114255371908,101.39161936146913,8796.929655314536
DAL,-1,2026-05-21,2026-05-26,2,RESIDUAL_REVERTED,72.72044372558594,78.00738525390625,-0.07270227266861617,-649.0369126680558,8796.929655314536
INTU,1,2026-05-22,2026-05-26,1,RESIDUAL_REVERTED,306.3629150390625,313.0831604003906,0.021935570630248424,183.5823555080269,8773.51684371302
RL,-1,2026-05-22,2026-05-26,1,RESIDUAL_REVERTED,375.1909484863281,382.9697265625,-0.020732851119022566,-190.93883999192028,8773.51684371302
IBM,-1,2026-05-22,2026-05-26,1,RESIDUAL_REVERTED,260.1835632324219,252.73699951171875,0.028620423320327548,242.28517623316276,8773.51684371302
CTSH,-1,2026-05-19,2026-05-27,5,RESIDUAL_REVERTED,51.37874221801758,51.58751678466797,-0.00406344253746993,-45.580664293689296,8825.023579547304
DLR,1,2026-05-26,2026-05-27,1,RESIDUAL_REVERTED,191.89596557617188,189.9622039794922,-0.01007713523769782,-97.56358537195989,8811.66307331962
ROST,-1,2026-05-26,2026-05-27,1,RESIDUAL_REVERTED,235.37271118164062,235.08384704589844,0.001227262643541005,1.834325631319164,8811.66307331962
WMT,1,2026-05-22,2026-05-28,3,RESIDUAL_REVERTED,121.05020141601562,118.67588806152344,-0.019614286690299187,-180.7737483611414,8773.51684371302
DE,1,2026-05-22,2026-05-28,3,RESIDUAL_REVERTED,530.1459350585938,526.0465087890625,-0.007732637371025364,-76.58201985261802,8773.51684371302
MU,-1,2026-05-27,2026-05-29,2,RESIDUAL_REVERTED,955.5130004882812,956.8528442382812,-0.0014022245111424692,-21.331232397178308,8737.384205495015
HST,-1,2026-05-27,2026-05-29,2,RESIDUAL_REVERTED,22.49759292602539,22.247190475463867,0.011130188522162077,88.21295513176379,8737.384205495015
ECL,-1,2026-05-28,2026-05-29,1,RESIDUAL_REVERTED,258.1488037109375,258.7754211425781,-0.0024273497402771405,-30.013209824274337,8703.368710035194
TTWO,1,2026-05-26,2026-06-01,4,RESIDUAL_REVERTED,225.1300048828125,227.99000549316406,0.012703773590021061,103.07373887536356,8811.66307331962
ROL,1,2026-05-28,2026-06-01,2,TRAILING_STOP,49.42914962768555,46.34135349961576,-0.06246913311938307,-552.1234212950295,8703.368710035194
MGM,-1,2026-05-28,2026-06-01,2,TRAILING_STOP,41.93000030517578,48.459999084472656,-0.15573571981326273,-1365.1631285342091,8703.368710035194
AZO,1,2026-05-27,2026-06-02,4,RESIDUAL_REVERTED,3100.260009765625,3014.090087890625,-0.027794417759662182,-251.46646568632997,8737.384205495015
MLM,-1,2026-05-27,2026-06-02,4,RESIDUAL_REVERTED,565.5332641601562,564.8836669921875,0.001148645374438595,0.5999846852024316,8737.384205495015
SNPS,1,2026-05-29,2026-06-02,2,RESIDUAL_REVERTED,480.6700134277344,485.6300048828125,0.010318911761746152,80.8070378508762,8676.099084145553
NSC,1,2026-05-29,2026-06-02,2,RESIDUAL_REVERTED,304.7937316894531,304.1064453125,-0.0022549229380260938,-28.230251954154017,8676.099084145553
NTAP,-1,2026-06-01,2026-06-03,2,RESIDUAL_REVERTED,171.15017700195312,176.05528259277344,-0.028659658299765134,-255.11306580126114,8585.312847416228
DELL,-1,2026-06-01,2026-06-03,2,RESIDUAL_REVERTED,425.44696044921875,433.0743713378906,-0.01792799478604401,-162.93997716961002,8585.312847416228
PLD,1,2026-06-02,2026-06-03,1,RESIDUAL_REVERTED,136.92129516601562,137.19708251953125,0.0020142035114496526,8.54670946845887,8435.392572147572
MGM,-1,2026-06-02,2026-06-03,1,RESIDUAL_REVERTED,50.5,48.08000183105469,0.04792075582069921,395.8368338853508,8435.392572147572
IBM,-1,2026-06-01,2026-06-04,3,RESIDUAL_REVERTED,320.2526550292969,305.2403564453125,0.04687642193820707,393.5601612550031,8585.312847416228
CBOE,1,2026-06-02,2026-06-04,2,RESIDUAL_REVERTED,296.8553771972656,284.6991271972656,-0.04095007513346127,-353.6926372020265,8435.392572147572
NKE,1,2026-06-03,2026-06-04,1,RESIDUAL_REVERTED,43.19182205200195,44.03289794921875,0.019473035803031502,156.3288377794447,8467.00448090281
HPE,-1,2026-06-03,2026-06-04,1,RESIDUAL_REVERTED,53.88565444946289,52.71206283569336,0.02177929591390959,175.85959049902033,8467.00448090281
NDAQ,1,2026-06-03,2026-06-05,2,RESIDUAL_REVERTED,86.97297668457031,88.26396179199219,0.014843519868291466,117.15030468167282,8467.00448090281
CPRT,1,2026-06-03,2026-06-05,2,RESIDUAL_REVERTED,30.6200008392334,31.059999465942383,0.014369647767782379,113.14003362188613,8467.00448090281
BX,-1,2026-06-05,2026-06-08,1,RESIDUAL_REVERTED,116.38279724121094,114.38319396972656,0.01718126148265764,138.030402577664,8535.999505179769
MDT,-1,2026-06-04,2026-06-09,3,RESIDUAL_REVERTED,78.63969421386719,79.38677215576172,-0.009500010768897393,-90.04388344335747,8522.566276430154
INCY,-1,2026-06-04,2026-06-09,3,RESIDUAL_REVERTED,99.33999633789062,102.16000366210938,-0.028387431328534607,-251.0952155483207,8522.566276430154
AMGN,-1,2026-06-04,2026-06-09,3,RESIDUAL_REVERTED,343.8604736328125,346.2166748046875,-0.006852201263443325,-67.45901384367289,8522.566276430154
AVGO,1,2026-06-05,2026-06-09,2,RESIDUAL_REVERTED,406.2261657714844,400.2465515136719,-0.014719914081497754,-134.12235423147504,8535.999505179769
AMT,-1,2026-06-05,2026-06-09,2,RESIDUAL_REVERTED,192.14584350585938,187.37142944335938,0.024847865430689953,203.3368265764919,8535.999505179769
WDC,1,2026-06-08,2026-06-09,1,RESIDUAL_REVERTED,540.0366821289062,535.3281860351562,-0.00871884494065922,-81.98924891294975,8439.896148842621
CIEN,1,2026-06-05,2026-06-09,2,TRAILING_STOP,512.3099975585938,446.3775207519531,-0.12869644769932453,-1106.539536978068,8535.999505179769
KLAC,-1,2026-06-09,2026-06-10,1,TRAILING_STOP,216.7550048828125,229.2234130859375,-0.057523046399163835,-492.26419514715434,8404.519178389717
AAPL,1,2026-06-10,2026-06-11,1,RESIDUAL_REVERTED,290.4894714355469,293.4668884277344,0.01024965544353007,77.05783113041322,8335.504995639665
COHR,1,2026-06-10,2026-06-11,1,RESIDUAL_REVERTED,353.489990234375,354.8500061035156,0.0038473957020364047,23.718446105840094,8335.504995639665
AVY,-1,2026-06-10,2026-06-11,1,RESIDUAL_REVERTED,159.44337463378906,154.62139892578125,0.030242559272738445,243.71658991395864,8335.504995639665
GPN,1,2026-06-04,2026-06-11,5,TRAILING_STOP,68.79067993164062,61.259367287061046,-0.10948158459930435,-941.1200950421979,8522.566276430154
FSLR,1,2026-06-08,2026-06-12,4,RESIDUAL_REVERTED,286.69000244140625,276.739990234375,-0.03470651966339433,-301.2128580848322,8439.896148842621
GILD,1,2026-06-10,2026-06-12,2,RESIDUAL_REVERTED,124.12059783935547,124.60466003417969,0.0038999344448109596,24.156164090224767,8335.504995639665
SJM,-1,2026-06-10,2026-06-12,2,RESIDUAL_REVERTED,112.4164810180664,116.6468276977539,-0.03763101852483386,-322.5067739914739,8335.504995639665
KIM,-1,2026-06-10,2026-06-12,2,RESIDUAL_REVERTED,24.954431533813477,25.46834373474121,-0.0205940255634105,-180.41783924354522,8335.504995639665
CASY,-1,2026-06-11,2026-06-12,1,RESIDUAL_REVERTED,918.501220703125,919.3106689453125,-0.000881270730993533,-15.579728228456057,8193.43234956726
LOW,-1,2026-06-10,2026-06-15,3,RESIDUAL_REVERTED,216.5516815185547,223.61801147460938,-0.032631147938923855,-280.9680630267976,8335.504995639665
SPGI,1,2026-06-12,2026-06-15,1,RESIDUAL_REVERTED,391.95819091796875,394.818359375,0.007297126385680919,51.96934026680543,8257.65049669471
PTC,1,2026-06-12,2026-06-16,2,RESIDUAL_REVERTED,118.27999877929688,114.68000030517578,-0.030436240372630263,-259.4638200095493,8257.65049669471
ADSK,1,2026-06-12,2026-06-16,2,RESIDUAL_REVERTED,206.60000610351562,197.82000732421875,-0.04249757270044663,-359.0122877636984,8257.65049669471
STZ,-1,2026-06-15,2026-06-16,1,RESIDUAL_REVERTED,147.73590087890625,146.5651397705078,0.007924689269388052,56.68836242983897,8205.105907820329
DPZ,-1,2026-06-15,2026-06-16,1,RESIDUAL_REVERTED,319.91156005859375,317.1287841796875,0.008698578689674608,63.04325609533684,8205.105907820329
SW,-1,2026-06-12,2026-06-17,3,RESIDUAL_REVERTED,42.938453674316406,43.64203643798828,-0.016385843072237227,-144.13254335670425,8257.65049669471
LEN,1,2026-06-15,2026-06-17,2,RESIDUAL_REVERTED,91.36518859863281,88.61160278320312,-0.030138238180913657,-255.36889833925596,8205.105907820329
MOS,-1,2026-06-15,2026-06-17,2,RESIDUAL_REVERTED,23.05484390258789,21.5079402923584,0.06709668548464354,542.2960076954978,8205.105907820329
FOXA,1,2026-06-16,2026-06-18,2,RESIDUAL_REVERTED,53.58326721191406,51.16395950317383,-0.04515043286129272,-377.66955111253395,8187.4504994402305
DASH,-1,2026-06-16,2026-06-18,2,RESIDUAL_REVERTED,167.69000244140625,166.83999633789062,0.005068913418452836,33.009578799971074,8187.45049944023
DLR,-1,2026-06-17,2026-06-18,1,RESIDUAL_REVERTED,188.37828063964844,187.66319274902344,0.0037960209011191903,22.71599505752622,8176.078129051908
TKO,1,2026-06-15,2026-06-22,4,RESIDUAL_REVERTED,202.3016357421875,197.033203125,-0.026042461781681125,-221.77942234836797,8205.105907820329
MPWR,1,2026-06-17,2026-06-22,2,RESIDUAL_REVERTED,1543.2054443359375,1590.2635498046875,0.03049373992391513,241.0184623358353,8176.078129051908
JPM,-1,2026-06-17,2026-06-22,2,RESIDUAL_REVERTED,330.69024658203125,328.2214050292969,0.007465722313409584,52.57309729776092,8176.078129051908
RTX,-1,2026-06-18,2026-06-22,1,RESIDUAL_REVERTED,193.357666015625,183.97882080078125,0.04850516355573853,383.69334189351014,8075.980575351465
CBOE,1,2026-06-17,2026-06-23,3,RESIDUAL_REVERTED,264.2658996582031,254.5129852294922,-0.03690568643674874,-309.768981954344,8176.078129051908
NDAQ,1,2026-06-18,2026-06-23,2,RESIDUAL_REVERTED,83.53759002685547,83.3183364868164,-0.0026246093521321567,-29.261676573983284,8075.980575351464
MRNA,-1,2026-06-18,2026-06-23,2,RESIDUAL_REVERTED,63.959999084472656,59.04999923706055,0.07676672791892036,611.8916926753247,8075.980575351464
SWK,-1,2026-06-22,2026-06-23,1,RESIDUAL_REVERTED,86.2890396118164,84.03861999511719,0.026080016961865016,204.6439410948168,8161.800438890955
ACN,1,2026-06-22,2026-06-24,2,RESIDUAL_REVERTED,123.51483154296875,124.98712158203125,0.011919945326973158,89.07777045485498,8161.800438890956
NFLX,1,2026-06-23,2026-06-24,1,RESIDUAL_REVERTED,73.26000213623047,72.69000244140625,-0.007780503387977977,-72.22293530923162,8229.021171122318
AMZN,1,2026-06-23,2026-06-24,1,RESIDUAL_REVERTED,232.5500030517578,233.85000610351562,0.005590208706505395,37.74992365280517,8229.021171122318
WMB,-1,2026-06-22,2026-06-25,3,RESIDUAL_REVERTED,72.334716796875,75.37265014648438,-0.041998275297604026,-351.6184020838138,8161.800438890956
ABBV,-1,2026-06-23,2026-06-25,2,RESIDUAL_REVERTED,231.32347106933594,232.0085906982422,-0.0029617384943221303,-32.94256461500793,8229.021171122318
DLR,-1,2026-06-23,2026-06-25,2,RESIDUAL_REVERTED,192.34112548828125,193.74151611328125,-0.007280765470436545,-68.49968977314767,8229.021171122318
ADI,1,2026-06-24,2026-06-25,1,RESIDUAL_REVERTED,405.9830627441406,422.9613342285156,0.041820147297807475,336.3694705749121,8244.503904002797
HSY,-1,2026-06-24,2026-06-26,2,RESIDUAL_REVERTED,178.5957489013672,176.23431396484375,0.01322223485749141,100.49386000338284,8244.503904002797
IVZ,1,2026-06-24,2026-06-29,3,RESIDUAL_REVERTED,26.78087615966797,25.777587890625,-0.03746286204608651,-316.9527849418844,8244.503904002797
PFG,1,2026-06-25,2026-06-29,2,RESIDUAL_REVERTED,106.75822448730469,106.57958221435547,-0.0016733349941621123,-21.91672983246626,8200.839496807474
MET,1,2026-06-25,2026-06-29,2,RESIDUAL_REVERTED,84.486572265625,85.03318786621094,0.0064698517874222095,44.83084747193739,8200.839496807474
TECH,-1,2026-06-26,2026-06-29,1,RESIDUAL_REVERTED,70.7716293334961,70.7316665649414,0.0005646721564989132,-3.728418575410704,8195.609303971627
XYL,-1,2026-06-26,2026-06-29,1,RESIDUAL_REVERTED,116.9150619506836,115.67976379394531,0.010565774299117647,78.27929491102748,8195.609303971627
AMAT,-1,2026-06-26,2026-06-29,1,RESIDUAL_REVERTED,642.0734252929688,634.751220703125,0.011403998828487194,85.1552572377035,8195.609303971627
CAG,-1,2026-06-24,2026-06-30,4,RESIDUAL_REVERTED,13.298145294189453,13.743063926696777,-0.033457194418061276,-284.89478618517944,8244.503904002797
APO,1,2026-06-25,2026-07-01,4,RESIDUAL_REVERTED,123.33901977539062,117.81237030029297,-0.04480860546128951,-375.48528686988124,8200.839496807474
TJX,1,2026-06-26,2026-07-01,3,RESIDUAL_REVERTED,155.5392303466797,151.57176208496094,-0.02550783010097002,-217.14329289875946,8195.609303971627
TROW,-1,2026-06-29,2026-07-01,2,RESIDUAL_REVERTED,108.75704193115234,111.58190155029297,-0.025974038728718618,-221.91341948009884,8210.463633241874
CPRT,1,2026-06-30,2026-07-01,1,RESIDUAL_REVERTED,28.190000534057617,28.729999542236328,0.019155693435561005,147.30148551434075,8117.5216146482335
CHTR,-1,2026-06-30,2026-07-01,1,RESIDUAL_REVERTED,144.47000122070312,144.08999633789062,0.002630337645197156,13.086434596538028,8117.5216146482335
CMCSA,-1,2026-06-30,2026-07-02,2,RESIDUAL_REVERTED,24.37784767150879,23.790000915527344,0.02411397281264016,187.40924603513662,8117.521614648233
VZ,1,2026-06-30,2026-07-06,3,RESIDUAL_REVERTED,43.47881317138672,42.180938720703125,-0.029850733173593658,-250.31033637851684,8117.5216146482335
HON,1,2026-06-30,2026-07-06,3,RESIDUAL_REVERTED,230.65789794921875,228.4644775390625,-0.009509409517982959,-85.27176250076441,8117.5216146482335
TSLA,-1,2026-06-30,2026-07-06,3,RESIDUAL_REVERTED,406.0,397.5,0.020935960591133007,161.42390961445983,8117.5216146482335
GIS,-1,2026-07-02,2026-07-06,1,RESIDUAL_REVERTED,37.353416442871094,36.74396896362305,0.0163157091716134,123.03440697045006,8039.231242977381
APD,-1,2026-07-01,2026-07-07,3,RESIDUAL_REVERTED,291.3599853515625,310.0,-0.0639758909444823,-525.5938609365234,8077.215055732936
HUBB,1,2026-07-02,2026-07-07,2,RESIDUAL_REVERTED,486.57220458984375,482.59454345703125,-0.008174863042506697,-73.72598581416882,8039.231242977381
CAT,1,2026-07-02,2026-07-07,2,RESIDUAL_REVERTED,999.426025390625,944.7473754882812,-0.05471005208311708,-447.6460778744859,8039.231242977381
TRGP,1,2026-07-02,2026-07-07,2,RESIDUAL_REVERTED,259.525390625,263.39727783203125,0.014919107520488861,111.83895497542754,8039.231242977381
ELV,-1,2026-07-02,2026-07-07,2,RESIDUAL_REVERTED,420.17120361328125,411.0608825683594,0.021682402236462783,166.04553303698282,8039.23124297738
GPC,-1,2026-07-06,2026-07-07,1,RESIDUAL_REVERTED,128.20204162597656,128.5096435546875,-0.002399352809125732,-27.687538009636068,8095.035628239322
ORLY,1,2026-07-07,2026-07-08,1,RESIDUAL_REVERTED,85.62000274658203,86.4000015258789,0.009110006473668442,66.16301394299299,8162.779603869442
PCAR,-1,2026-07-07,2026-07-08,1,RESIDUAL_REVERTED,125.21843719482422,123.33342742919922,0.015053771695714091,114.61872746438148,8162.779603869442
RMD,-1,2026-07-07,2026-07-09,2,RESIDUAL_REVERTED,218.7123565673828,205.79940795898438,0.059040782199336395,473.7008273567722,8162.779603869442
MPC,1,2026-07-08,2026-07-09,1,RESIDUAL_REVERTED,270.8882751464844,280.6614990234375,0.036078430754037605,284.0979483461998,8103.102557566395
VLO,1,2026-07-08,2026-07-09,1,RESIDUAL_REVERTED,270.96282958984375,280.8048095703125,0.03632225126732891,286.0726631197259,8103.102557566395
PANW,1,2026-07-08,2026-07-10,2,RESIDUAL_REVERTED,336.79998779296875,338.4800109863281,0.004988192560125837,32.29652341607751,8103.102557566395
GILD,-1,2026-07-08,2026-07-10,2,RESIDUAL_REVERTED,135.8150634765625,133.26939392089844,0.01874364662137329,143.53592037363669,8103.102557566395
OXY,-1,2026-07-08,2026-07-10,2,RESIDUAL_REVERTED,52.65837097167969,52.29005813598633,0.00699438339806302,48.2796163403275,8103.102557566396
COP,-1,2026-07-08,2026-07-10,2,RESIDUAL_REVERTED,109.30097961425781,108.12879943847656,0.010724333669451802,78.52110031400112,8103.102557566395
SYF,1,2026-07-09,2026-07-10,1,RESIDUAL_REVERTED,68.57390594482422,72.16837310791016,0.052417419039512136,418.86168247595054,8150.453740753791
BKR,-1,2026-07-09,2026-07-10,1,RESIDUAL_REVERTED,57.4586181640625,56.9903450012207,0.008149746335784247,58.146491420286424,8150.453740753792
KDP,1,2026-07-07,2026-07-13,4,RESIDUAL_REVERTED,32.01784133911133,31.303024291992188,-0.022325585274418747,-190.31049231028177,8162.779603869442
PSKY,1,2026-07-10,2026-07-13,1,RESIDUAL_REVERTED,9.376669883728027,9.416485786437988,0.004246273272247247,26.81598884957133,8265.951860615418
WBD,-1,2026-07-10,2026-07-13,1,RESIDUAL_REVERTED,26.5,26.329999923706055,0.006415097218639421,44.62288238507318,8265.951860615418
COST,1,2026-07-10,2026-07-14,2,RESIDUAL_REVERTED,912.2894897460938,919.9174194335938,0.008361303920779495,60.81362677267282,8265.951860615418
META,-1,2026-07-13,2026-07-14,1,RESIDUAL_REVERTED,660.8584594726562,651.48583984375,0.014182491719006318,109.19534910455833,8291.29340560395
SBAC,-1,2026-07-13,2026-07-14,1,RESIDUAL_REVERTED,190.12826538085938,186.0662841796875,0.021364425710375223,168.7752176520449,8291.29340560395
MRNA,1,2026-07-13,2026-07-15,2,RESIDUAL_REVERTED,66.33000183105469,67.79000091552734,0.022011141929278555,174.11829210447257,8291.29340560395
CRWD,1,2026-07-13,2026-07-15,2,RESIDUAL_REVERTED,186.86000061035156,212.3800048828125,0.13657285769615468,1123.5081581778104,8291.29340560395
BF-B,-1,2026-07-13,2026-07-15,2,RESIDUAL_REVERTED,26.385498046875,24.779165267944336,0.06087938063844556,496.4124394707045,8291.29340560395
TROW,1,2026-07-14,2026-07-15,1,RESIDUAL_REVERTED,112.99433898925781,116.4612045288086,0.03068176309151527,247.85351094925744,8354.68157215011
HLT,1,2026-07-14,2026-07-15,1,RESIDUAL_REVERTED,322.71307373046875,327.3809509277344,0.014464481228809056,112.43103013350525,8354.68157215011
BIIB,-1,2026-07-14,2026-07-15,1,RESIDUAL_REVERTED,200.33999633789062,191.2100067138672,0.04557247574580625,372.42038815298474,8354.68157215011
WBD,-1,2026-07-15,2026-07-16,1,RESIDUAL_REVERTED,27.420000076293945,27.170000076293945,0.009117432505630796,69.16108821867937,8536.02588483135
IBM,1,2026-07-15,2026-07-17,2,RESIDUAL_REVERTED,219.3961639404297,214.08425903320312,-0.024211475769780777,-215.1024748737066,8536.02588483135
GS,-1,2026-07-15,2026-07-17,2,RESIDUAL_REVERTED,1142.822998046875,1066.4171142578125,0.06685714578691793,562.1121892485966,8536.02588483135
PNR,1,2026-07-16,2026-07-17,1,RESIDUAL_REVERTED,63.1341667175293,64.6475601196289,0.023971067977672567,195.80529178632764,8528.445867408582
ERIE,1,2026-07-16,2026-07-17,1,RESIDUAL_REVERTED,214.3800048828125,227.77000427246094,0.06245918035577924,523.8849528502712,8528.445867408582
BLK,-1,2026-07-16,2026-07-17,1,RESIDUAL_REVERTED,1105.2679443359375,1062.8358154296875,0.03839080751748747,318.8836084614157,8528.445867408582
PGR,1,2026-07-16,2026-07-20,2,RESIDUAL_REVERTED,205.5,207.0,0.007299270072992803,53.6918581068606,8528.445867408582
WY,-1,2026-07-13,2026-07-21,6,RESIDUAL_REVERTED,23.19662857055664,23.731706619262695,-0.023067061106682774,-200.65476893348983,8291.29340560395
ELV,1,2026-07-16,2026-07-21,3,RESIDUAL_REVERTED,392.6908264160156,384.4168395996094,-0.021069977345589463,-188.13276000618373,8528.445867408582
ISRG,1,2026-07-20,2026-07-21,1,RESIDUAL_REVERTED,347.010009765625,347.010009765625,0.0,-8.637839564209726,8637.839564209726
CDNS,1,2026-07-20,2026-07-21,1,RESIDUAL_REVERTED,333.0199890136719,328.3599853515625,-0.013993165022649912,-129.44811866814035,8637.839564209726
AIG,-1,2026-07-20,2026-07-21,1,RESIDUAL_REVERTED,79.55301666259766,79.14572143554688,0.005119796132662224,35.43746355443367,8637.839564209726
PYPL,-1,2026-07-16,2026-07-22,4,RESIDUAL_REVERTED,55.273475646972656,55.84206771850586,-0.01028688832894753,-96.99353521058774,8528.445867408582
ABT,-1,2026-07-17,2026-07-22,3,RESIDUAL_REVERTED,101.0,100.44999694824219,0.00544557476987928,37.79388044885969,8611.108228453935
NFLX,1,2026-07-20,2026-07-22,2,RESIDUAL_REVERTED,68.31999969482422,69.37000274658203,0.01536889719625334,124.0498516617292,8637.839564209726
UPS,1,2026-07-21,2026-07-22,1,RESIDUAL_REVERTED,112.73258972167969,114.77010345458984,0.018073866110416503,147.72133044339088,8656.478708814864
DHR,1,2026-07-22,2026-07-23,1,RESIDUAL_REVERTED,178.47000122070312,185.1199951171875,0.037261129887373734,315.34644692781137,8701.012701203168
MSCI,1,2026-07-22,2026-07-23,1,RESIDUAL_REVERTED,553.0321655273438,561.1630249023438,0.014702326341627492,119.16015297041427,8701.012701203168
MMM,-1,2026-07-22,2026-07-23,1,RESIDUAL_REVERTED,171.3001251220703,170.24473571777344,0.006161054485773421,44.76185963121912,8701.012701203168
HAS,-1,2026-07-22,2026-07-24,2,RESIDUAL_REVERTED,88.25775909423828,86.77886199951172,0.016756567466747585,136.82853011833296,8701.012701203168
CAH,1,2026-07-23,2026-07-24,1,RESIDUAL_REVERTED,220.55999755859375,227.8800048828125,0.033188281670497144,280.3221871899784,8713.319341160632
GEV,1,2026-07-23,2026-07-24,1,RESIDUAL_REVERTED,981.3099975585938,1022.7949829101562,0.04227510720850014,359.4590116936576,8713.319341160632
EQT,-1,2026-07-23,2026-07-24,1,RESIDUAL_REVERTED,54.219932556152344,53.48225021362305,0.0136053718208764,109.72419932638293,8713.319341160632
HAL,1,2026-07-22,2026-07-27,3,RESIDUAL_REVERTED,33.40496826171875,32.44940185546875,-0.028605517561441696,-257.4735358419848,8701.012701203168
GL,1,2026-07-24,2026-07-27,1,RESIDUAL_REVERTED,171.16000366210938,174.0399932861328,0.016826300317852816,139.07923074438446,8792.52894333682
TMUS,1,2026-07-24,2026-07-27,1,RESIDUAL_REVERTED,171.1720733642578,179.951416015625,0.051289573578305436,441.9470487052273,8792.52894333682
ALLE,-1,2026-07-24,2026-07-27,1,RESIDUAL_REVERTED,151.7111053466797,153.7040252685547,-0.013136282392254062,-124.527149493414,8792.52894333682
TRV,-1,2026-07-20,2026-07-28,6,RESIDUAL_REVERTED,366.3474426269531,393.5245056152344,-0.0741838479706689,-650.8020412960104,8637.839564209726
WAB,-1,2026-07-23,2026-07-28,3,RESIDUAL_REVERTED,293.1973876953125,301.2890319824219,-0.027597941273331372,-249.83418461474758,8713.319341160632
SLB,-1,2026-07-27,2026-07-28,1,RESIDUAL_REVERTED,52.030033111572266,51.36349105834961,0.0128107174522325,103.91751335629282,8808.380126047385
DLR,-1,2026-07-27,2026-07-28,1,RESIDUAL_REVERTED,198.68759155273438,193.39390563964844,0.026643263787718308,225.82193553687455,8808.380126047385
WST,1,2026-07-27,2026-07-29,2,RESIDUAL_REVERTED,329.0250549316406,337.3900146484375,0.025423473353829662,215.01926749020774,8808.380126047385
BKR,-1,2026-07-28,2026-07-29,1,RESIDUAL_REVERTED,59.87971115112305,60.228431701660156,-0.005823684580859467,-60.03463338800003,8769.43369279209
CHRW,1,2026-07-27,2026-07-30,3,RESIDUAL_REVERTED,184.7630615234375,161.19473266601562,-0.12755974415606985,-1131.8412980764078,8808.380126047385
WMB,1,2026-07-28,2026-07-30,2,RESIDUAL_REVERTED,70.26970672607422,69.69388580322266,-0.008194440388035629,-80.59410502439195,8769.43369279209
KMI,1,2026-07-28,2026-07-30,2,RESIDUAL_REVERTED,31.654129028320312,31.37672233581543,-0.008763681106395027,-85.58352779991493,8769.43369279209
TRGP,1,2026-07-28,2026-07-30,2,RESIDUAL_REVERTED,266.8113098144531,264.0044250488281,-0.010520111638359642,-100.97872743543037,8769.43369279209
SHW,-1,2026-07-29,2026-07-30,1,RESIDUAL_REVERTED,351.1882629394531,345.0923767089844,0.017357887132804617,142.7617246229327,8733.10887407288
NUE,-1,2026-07-29,2026-07-30,1,RESIDUAL_REVERTED,268.94000244140625,258.3800048828125,0.039265254193245,334.1811331289004,8733.10887407288
INCY,-1,2026-07-29,2026-07-30,1,RESIDUAL_REVERTED,128.8699951171875,123.98999786376953,0.037867598652272516,321.96320781853217,8733.10887407288
IQV,-1,2026-07-29,2026-07-31,2,RESIDUAL_REVERTED,241.7899932861328,236.97000122070312,0.019934621776202865,165.09733867983834,8733.10887407288
LII,1,2026-07-30,2026-08-03,2,RESIDUAL_REVERTED,430.010009765625,422.1199951171875,-0.01834844415072545,-170.05563619067968,8793.281071006248
GRMN,-1,2026-07-30,2026-08-03,2,RESIDUAL_REVERTED,291.8299255371094,296.18304443359375,-0.01491662956933748,-140.3771421685252,8793.281071006248
MO,1,2026-07-31,2026-08-03,1,RESIDUAL_REVERTED,66.4979476928711,67.3050537109375,0.01213730718117989,97.23310179087733,8735.155710649884
CHRW,1,2026-07-31,2026-08-03,1,RESIDUAL_REVERTED,144.37725830078125,148.5492706298828,0.028896603095274198,243.55496367164488,8735.155710649884
LHX,1,2026-07-31,2026-08-03,1,RESIDUAL_REVERTED,271.6882629394531,275.67913818359375,0.01468917059928354,119.5128806381694,8735.155710649884
EME,-1,2026-07-31,2026-08-03,1,RESIDUAL_REVERTED,838.9000244140625,787.989990234375,0.060686652399665975,521.4725073565663,8735.155710649884
HII,-1,2026-07-31,2026-08-04,2,RESIDUAL_REVERTED,321.5106201171875,326.16888427734375,-0.014488678969479585,-135.70935945593683,8735.155710649884
MSFT,-1,2026-07-31,2026-08-05,3,RESIDUAL_REVERTED,449.1544494628906,495.4273376464844,-0.10302221928097999,-909.6568484906201,8735.155710649884
AMZN,-1,2026-08-03,2026-08-05,2,RESIDUAL_REVERTED,278.2900085449219,281.5899963378906,-0.011858089373108172,-113.26361164683827,8777.370975662416
EBAY,1,2026-08-04,2026-08-05,1,RESIDUAL_REVERTED,105.87808227539062,108.99860382080078,0.029472781130410297,246.86240148963822,8674.608665014786
BA,-1,2026-08-04,2026-08-05,1,RESIDUAL_REVERTED,236.75999450683594,237.9499969482422,-0.005026197284237144,-52.469109368481696,8674.608665014786
DVA,1,2026-08-04,2026-08-05,1,TRAILING_STOP,228.0,205.25,-0.09978070175438591,-873.8003694348475,8674.608665014786
FICO,1,2026-07-31,2026-08-06,4,RESIDUAL_REVERTED,1136.010009765625,1087.280029296875,-0.04289573159553739,-383.2487000725079,8735.155710649884
MAR,1,2026-08-04,2026-08-06,2,RESIDUAL_REVERTED,344.09075927734375,361.27581787109375,0.049943388860084204,424.3481254239915,8674.608665014786
MNST,1,2026-08-04,2026-08-06,2,RESIDUAL_REVERTED,46.7599983215332,47.0,0.005132628038531761,35.82666922250153,8674.608665014786
FSLR,-1,2026-08-04,2026-08-06,2,RESIDUAL_REVERTED,233.5800018310547,236.5500030517578,-0.012715134846395415,-119.3825855988639,8674.608665014786
ZBRA,-1,2026-08-05,2026-08-06,1,RESIDUAL_REVERTED,366.3999938964844,367.5199890136719,-0.0030567552834182,-35.37871816382352,8674.943037222847
PODD,1,2026-08-06,2026-08-07,1,RESIDUAL_REVERTED,130.89999389648438,138.0,0.05423992692566748,460.67168937096346,8657.158223172934
AIZ,-1,2026-08-06,2026-08-07,1,RESIDUAL_REVERTED,300.02288818359375,295.46697998046875,0.015185202138101817,122.70009762913995,8657.158223172934
IFF,-1,2026-08-06,2026-08-07,1,RESIDUAL_REVERTED,86.47071838378906,84.33084869384766,0.02474675508585311,205.51937192828143,8657.158223172934
DVA,1,2026-08-06,2026-08-10,2,RESIDUAL_REVERTED,186.00999450683594,182.3300018310547,-0.019783843795802114,-179.84338829296857,8657.158223172934
CRL,-1,2026-08-06,2026-08-10,2,RESIDUAL_REVERTED,264.8900146484375,265.6499938964844,-0.0028690369814639016,-33.85291020127715,8657.158223172934
DDOG,1,2026-08-07,2026-08-10,1,RESIDUAL_REVERTED,234.80999755859375,231.1999969482422,-0.015374135036353098,-142.6558481711182,8716.359740535285
VTRS,1,2026-08-07,2026-08-10,1,RESIDUAL_REVERTED,16.35732078552246,16.178659439086914,-0.010922408918805138,-103.87240328738699,8716.359740535285
MSI,-1,2026-08-07,2026-08-10,1,RESIDUAL_REVERTED,477.10626220703125,468.77777099609375,0.017456260524460476,143.34572171539025,8716.359740535285
PH,-1,2026-08-07,2026-08-10,1,RESIDUAL_REVERTED,1076.7015380859375,1082.66943359375,-0.0055427574835842375,-57.225326391686664,8716.359740535285
MCHP,-1,2026-08-10,2026-08-11,1,RESIDUAL_REVERTED,85.02842712402344,81.78791809082031,0.038110890002428066,323.90032784993906,8727.863570698724
TTD,1,2026-08-10,2026-08-12,2,RESIDUAL_REVERTED,13.475000381469727,13.460000038146973,-0.0011131979887274435,-18.43884582340185,8727.863570698724
ABNB,-1,2026-08-10,2026-08-12,2,RESIDUAL_REVERTED,178.69000244140625,181.3979949951172,-0.015154695375858562,-141.42037526925793,8727.863570698724
VRSK,1,2026-08-11,2026-08-12,1,RESIDUAL_REVERTED,177.57400512695312,177.8732147216797,0.0016849853361851075,5.936450363615577,8677.208889737587
DUK,1,2026-08-11,2026-08-12,1,RESIDUAL_REVERTED,120.1932373046875,121.64051055908203,0.012041220345248904,95.75473324123367,8677.208889737587
COHR,1,2026-08-11,2026-08-12,1,RESIDUAL_REVERTED,323.8599853515625,358.1400146484375,0.10584830126408695,909.3313778922745,8677.208889737587
DDOG,-1,2026-08-11,2026-08-12,1,RESIDUAL_REVERTED,256.6300048828125,240.19000244140625,0.06406110793207287,547.3067834395322,8677.208889737587
APA,-1,2026-08-11,2026-08-12,1,RESIDUAL_REVERTED,40.4900016784668,40.11000061035156,0.009385059332248091,72.62690983674784,8677.208889737587
HST,1,2026-08-07,2026-08-13,4,RESIDUAL_REVERTED,23.299999237060547,23.040000915527344,-0.01115872661144357,-105.93120339446621,8716.359740535285
VRTX,-1,2026-08-11,2026-08-13,2,RESIDUAL_REVERTED,525.02001953125,528.6799926757812,-0.006971111592656953,-69.54333005949886,8677.208889737587
KKR,-1,2026-08-12,2026-08-13,1,RESIDUAL_REVERTED,112.0,111.6500015258789,0.0031249863760811625,18.380752915774018,8724.064444466554
LNT,-1,2026-08-13,2026-08-14,1,RESIDUAL_REVERTED,70.45999908447266,70.01000213623047,0.006386559098626954,47.58829308030854,8861.905400359943
COR,1,2026-08-13,2026-08-17,2,RESIDUAL_REVERTED,311.4959411621094,312.0,0.001618187498720225,5.471149021077168,8861.905400359943
TPR,1,2026-08-13,2026-08-17,2,RESIDUAL_REVERTED,132.1988525390625,127.81547546386719,-0.03315745175549156,-302.5531870741381,8861.905400359945
FSLR,1,2026-08-13,2026-08-17,2,RESIDUAL_REVERTED,223.50999450683594,225.36000061035156,0.00827706209557899,64.45196061292512,8861.905400359943
WDAY,-1,2026-08-14,2026-08-17,1,RESIDUAL_REVERTED,207.85000610351562,192.49000549316406,0.07389944748282473,640.4307429705658,8782.958087438843
FISV,-1,2026-08-14,2026-08-17,1,RESIDUAL_REVERTED,55.540000915527344,54.0099983215332,0.0275477596106124,233.11817864443316,8782.958087438843
HD,1,2026-08-13,2026-08-18,3,RESIDUAL_REVERTED,344.4615783691406,334.31634521484375,-0.029452437634204798,-269.736119166622,8861.905400359943
SMCI,-1,2026-08-13,2026-08-18,3,RESIDUAL_REVERTED,38.279998779296875,37.099998474121094,0.03082550529792505,263.90869079575174,8861.905400359943
CSCO,1,2026-08-14,2026-08-18,2,RESIDUAL_REVERTED,112.80000305175781,111.75,-0.009308537441049758,-90.49857404043388,8782.958087438843
CPRT,-1,2026-08-17,2026-08-19,2,RESIDUAL_REVERTED,31.329999923706055,31.639999389648438,-0.009894652623596789,-96.51905911684757,8822.880848310422
STZ,1,2026-08-18,2026-08-19,1,RESIDUAL_REVERTED,131.58999633789062,131.0,-0.0044835956707199864,-48.64605276920475,8874.824340360316
TAP,1,2026-08-18,2026-08-19,1,RESIDUAL_REVERTED,40.70553207397461,40.93288040161133,0.005585194838469532,40.66801494619479,8874.824340360316
DVN,-1,2026-08-18,2026-08-19,1,RESIDUAL_REVERTED,47.691131591796875,47.90971755981445,-0.004583367194733956,-49.74720552077549,8874.824340360316
UNP,-1,2026-08-18,2026-08-19,1,RESIDUAL_REVERTED,300.8638000488281,300.4357604980469,0.0014227020688822867,3.583682596790986,8874.824340360316
WEC,-1,2026-08-13,2026-08-20,5,RESIDUAL_REVERTED,108.33563995361328,108.7300033569336,-0.0036402000624093933,-42.03098724060943,8861.905400359943
CVNA,1,2026-08-18,2026-08-20,2,RESIDUAL_REVERTED,67.62000274658203,69.66000366210938,0.030168601488713476,258.73234394690115,8874.824340360317
TRGP,-1,2026-08-19,2026-08-20,1,RESIDUAL_REVERTED,298.29998779296875,300.0,-0.005699001932950587,-59.56423501328139,8861.599427008356
FITB,1,2026-08-20,2026-08-21,1,RESIDUAL_REVERTED,54.93000030517578,54.810001373291016,-0.002184579122848862,-28.178935024178024,8851.594650724357
MRNA,-1,2026-08-20,2026-08-21,1,RESIDUAL_REVERTED,150.13999938964844,133.11000061035156,0.11342746002749104,995.5083590995588,8851.594650724357
EL,-1,2026-08-20,2026-08-21,1,RESIDUAL_REVERTED,97.10017395019531,96.42247772216797,0.006979351328195826,52.7843638672688,8851.594650724357
MRK,-1,2026-08-20,2026-08-21,1,RESIDUAL_REVERTED,149.89520263671875,148.24493408203125,0.011009482129238246,88.47506230154198,8851.594650724357
TEL,1,2026-08-19,2026-08-24,3,RESIDUAL_REVERTED,207.2308349609375,203.77000427246094,-0.01670036550848686,-156.77955287313472,8861.599427008356
PNC,1,2026-08-20,2026-08-24,2,RESIDUAL_REVERTED,245.75999450683594,243.86000061035156,-0.0077310951292014485,-77.24989868046013,8851.594650724357
WMT,1,2026-08-21,2026-08-24,1,RESIDUAL_REVERTED,103.69000244140625,104.13999938964844,0.00433982966194324,29.721950811155565,8905.027193640815
NDSN,-1,2026-08-21,2026-08-24,1,RESIDUAL_REVERTED,337.0378112792969,330.6370544433594,0.018991212919529987,160.12314856676434,8905.027193640815
SRE,1,2026-08-24,2026-08-25,1,RESIDUAL_REVERTED,82.38802337646484,83.95486450195312,0.019017826393634252,160.1930272284131,8895.502170174019
HOOD,-1,2026-08-24,2026-08-25,1,RESIDUAL_REVERTED,106.8550033569336,103.19999694824219,0.0342052902893315,295.35871380963135,8895.502170174019
ALB,-1,2026-08-24,2026-08-25,1,RESIDUAL_REVERTED,142.76901245117188,135.84234619140625,0.0485165943284408,422.72540349945126,8895.502170174019
JBL,1,2026-08-19,2026-08-26,5,RESIDUAL_REVERTED,347.239990234375,310.4800109863281,-0.10586332300964285,-946.5109027691982,8861.599427008356
DE,-1,2026-08-21,2026-08-26,3,RESIDUAL_REVERTED,623.260009765625,632.1500244140625,-0.014263733448550031,-136.533688035168,8905.027193640815
JBHT,1,2026-08-25,2026-08-26,1,RESIDUAL_REVERTED,261.5,262.1199951171875,0.0023709182301625553,12.243298742786145,8938.45792520801
A,1,2026-08-25,2026-08-26,1,RESIDUAL_REVERTED,153.89999389648438,152.4499969482422,-0.009421682948327348,-93.1116668851725,8938.45792520801
BSX,1,2026-08-25,2026-08-26,1,RESIDUAL_REVERTED,48.790000915527344,47.0,-0.03668786394627177,-336.70741971058965,8938.45792520801
FCX,-1,2026-08-24,2026-08-27,3,RESIDUAL_REVERTED,78.38999938964844,78.83000183105469,-0.005612992024903063,-59.38381166472398,8895.502170174019
ALB,1,2026-08-26,2026-08-27,1,RESIDUAL_REVERTED,132.1248779296875,134.45701599121094,0.017651013935199522,149.88631272352814,9006.4064212409
CDW,-1,2026-08-26,2026-08-27,1,RESIDUAL_REVERTED,143.5800018310547,141.77000427246094,0.012606195399854525,104.41082102415652,9006.4064212409
KMI,-1,2026-08-27,2026-08-28,1,RESIDUAL_REVERTED,32.0,31.670000076293945,0.010312497615814209,83.27783918116509,8956.43828025812
CHD,-1,2026-08-25,2026-08-31,4,RESIDUAL_REVERTED,102.08999633789062,100.80999755859375,0.012537945197494405,102.47687252019202,8938.45792520801
CDNS,-1,2026-08-26,2026-08-31,3,RESIDUAL_REVERTED,328.5,336.2200012207031,-0.023500764750998826,-221.32596197868335,9006.4064212409
SCHW,1,2026-08-27,2026-08-31,2,RESIDUAL_REVERTED,108.94999694824219,109.4000015258789,0.004130377147697484,28.018532983283265,8956.43828025812
BSX,1,2026-08-27,2026-08-31,2,RESIDUAL_REVERTED,48.0,46.400001525878906,-0.03333330154418945,-307.35482240904474,8956.43828025812
HRL,1,2026-08-28,2026-08-31,1,RESIDUAL_REVERTED,21.290000915527344,21.540000915527344,0.0117426016556752,95.50421137182711,8895.092660002261
VEEV,-1,2026-08-28,2026-08-31,1,RESIDUAL_REVERTED,280.0,274.7900085449219,0.01860711233956469,156.52524815757133,8895.092660002261
XOM,1,2026-08-27,2026-09-01,3,RESIDUAL_REVERTED,157.6300048828125,163.60000610351562,0.03787350780799259,330.0856909913328,8956.43828025812
COP,1,2026-08-27,2026-09-01,3,RESIDUAL_REVERTED,130.0,135.0,0.03846153846153855,335.34971791658774,8956.43828025812
LULU,-1,2026-08-31,2026-09-02,2,RESIDUAL_REVERTED,119.0,118.55000305175781,0.003781486960018343,24.553760377768572,8949.298982962133
EIX,1,2026-09-01,2026-09-02,1,RESIDUAL_REVERTED,54.0099983215332,56.779998779296875,0.05128680881034775,451.13075053766414,8975.73199694104
PCG,1,2026-09-01,2026-09-02,1,RESIDUAL_REVERTED,13.300000190734863,13.5600004196167,0.01954888910926167,166.40212469097054,8975.73199694104
AON,1,2026-09-01,2026-09-02,1,RESIDUAL_REVERTED,321.4200134277344,327.70001220703125,0.019538294184997307,166.30707503884582,8975.73199694104
CRM,-1,2026-08-28,2026-09-03,4,RESIDUAL_REVERTED,250.03012084960938,261.5199279785156,-0.04595369185865916,-418.58659447385173,8895.092660002261
ODFL,1,2026-09-02,2026-09-03,1,RESIDUAL_REVERTED,186.61000061035156,189.75,0.01682653330142192,144.4224187084998,9130.188567986113
PG,-1,2026-09-01,2026-09-04,3,RESIDUAL_REVERTED,145.75999450683594,146.47000122070312,-0.004871067100883364,-53.25751940768496,8975.73199694104
DE,-1,2026-09-01,2026-09-04,3,RESIDUAL_REVERTED,655.3400268554688,692.030029296875,-0.055986207064837146,-512.30639743611,8975.73199694104
OMC,1,2026-09-03,2026-09-04,1,RESIDUAL_REVERTED,82.4521713256836,82.6600341796875,0.002521011280380403,13.693496336084607,9010.356542457002
FDX,1,2026-09-03,2026-09-04,1,RESIDUAL_REVERTED,317.4438171386719,322.4840087890625,0.015877428944186533,133.97940857430854,9010.356542457002
NEE,-1,2026-09-01,2026-09-08,4,RESIDUAL_REVERTED,82.69999694824219,83.31999969482422,-0.007497010513435098,-77.01875179495684,8975.73199694104
PANW,1,2026-09-03,2026-09-08,2,RESIDUAL_REVERTED,333.30999755859375,327.57000732421875,-0.017221176311598474,-164.10171072114983,9010.356542457002
TSN,1,2026-09-04,2026-09-08,1,RESIDUAL_REVERTED,51.099998474121094,51.45000076293945,0.006849360063985399,52.415937098321365,8966.219031807761
PFG,-1,2026-09-04,2026-09-08,1,RESIDUAL_REVERTED,117.02999877929688,115.80999755859375,0.01042468797255891,84.37318255924666,8966.219031807761
LULU,1,2026-09-08,2026-09-09,1,RESIDUAL_REVERTED,100.58000183105469,101.9000015258789,0.01312387821429395,108.12832763037426,8923.455093088078
FICO,1,2026-09-08,2026-09-09,1,RESIDUAL_REVERTED,920.510009765625,934.989990234375,0.015730388931280315,131.3757794223898,8923.455093088078
DELL,-1,2026-09-03,2026-09-09,3,TRAILING_STOP,486.30999755859375,550.0564971923827,-0.13108202577329986,-1191.2754763942633,9010.356542457002
CDNS,1,2026-09-02,2026-09-10,5,RESIDUAL_REVERTED,312.6199951171875,282.2799987792969,-0.09705072232029655,-894.7785383138305,9130.188567986113
BEN,-1,2026-09-08,2026-09-10,2,RESIDUAL_REVERTED,34.47999954223633,33.97999954223633,0.014501160285327885,120.18856800745374,8923.455093088078
KLAC,-1,2026-09-08,2026-09-10,2,RESIDUAL_REVERTED,190.14999389648438,176.6699981689453,0.07089138133171557,623.6426260935702,8923.455093088078
AMGN,1,2026-09-09,2026-09-10,1,RESIDUAL_REVERTED,393.07000732421875,387.8399963378906,-0.013305545803229402,-127.35082104319547,8906.34126523539
HWM,1,2026-09-09,2026-09-10,1,RESIDUAL_REVERTED,232.7100067138672,231.5399932861328,-0.005027774457387113,-53.66302684979803,8906.34126523539
TKO,-1,2026-09-09,2026-09-10,1,RESIDUAL_REVERTED,193.1092529296875,190.30076599121094,0.014543513041807232,120.5137707349027,8906.34126523539
CASY,1,2026-09-10,2026-09-11,1,RESIDUAL_REVERTED,632.0,628.47998046875,-0.005569651157041111,-58.57098532097525,8919.168194478827
META,-1,2026-09-10,2026-09-11,1,RESIDUAL_REVERTED,653.1945190429688,652.9946899414062,0.000305925870068946,-6.363641478208299,8919.168194478827
XYL,-1,2026-09-09,2026-09-14,3,RESIDUAL_REVERTED,108.08999633789062,106.2300033569336,0.017207817966268357,143.9039487357452,8906.34126523539
LH,1,2026-09-11,2026-09-14,1,RESIDUAL_REVERTED,310.5400085449219,314.1199951171875,0.011528261975132015,94.53791746300766,8984.360829839954
ELV,-1,2026-09-11,2026-09-14,1,RESIDUAL_REVERTED,420.0,422.5400085449219,-0.006047639392671167,-63.52342024567426,8984.360829839954
COO,1,2026-09-10,2026-09-15,3,RESIDUAL_REVERTED,51.880001068115234,54.400001525878906,0.04857363928067526,424.1006721385254,8919.168194478827
FDS,1,2026-09-11,2026-09-15,2,RESIDUAL_REVERTED,264.8999938964844,273.45001220703125,0.032276400556989104,280.85347664815043,8984.360829839954
SWKS,-1,2026-09-11,2026-09-15,2,RESIDUAL_REVERTED,84.2699966430664,80.54000091552734,0.04426244068025553,388.5296573314705,8984.360829839954
EW,1,2026-09-14,2026-09-15,1,RESIDUAL_REVERTED,85.44999694824219,85.02999877929688,-0.004915133808602867,-52.498427681299404,8878.962002191138
NTAP,-1,2026-09-14,2026-09-15,1,RESIDUAL_REVERTED,194.0399932861328,189.75999450683594,0.022057302243798538,186.8939691124317,8878.962002191138
BAC,1,2026-09-15,2026-09-16,1,RESIDUAL_REVERTED,59.369998931884766,59.27000045776367,-0.0016843266956400038,-24.240845232880346,9033.34636036601
BKR,1,2026-09-11,2026-09-17,4,RESIDUAL_REVERTED,59.9900016784668,56.72999954223633,-0.054342424487723195,-496.9721948208926,8984.360829839954
JKHY,1,2026-09-16,2026-09-17,1,RESIDUAL_REVERTED,155.27999877929688,158.14999389648438,0.018482709555315502,156.6582814240276,8965.494407069398
OKE,1,2026-09-16,2026-09-17,1,RESIDUAL_REVERTED,93.3499984741211,92.1500015258789,-0.012854814867242381,-124.15764031784563,8965.494407069398
SWKS,-1,2026-09-16,2026-09-17,1,RESIDUAL_REVERTED,89.37999725341797,86.76000213623047,0.029312991694988133,253.801027601872,8965.494407069398
PANW,-1,2026-09-15,2026-09-18,3,RESIDUAL_REVERTED,368.42999267578125,375.0799865722656,-0.01804954544603632,-172.7103427747628,9033.34636036601
FTNT,-1,2026-09-15,2026-09-18,3,RESIDUAL_REVERTED,168.6699981689453,172.4600067138672,-0.022469962566346258,-212.6628703196384,9033.34636036601
SYY,1,2026-09-16,2026-09-18,2,RESIDUAL_REVERTED,79.7300033569336,78.83999633789062,-0.011162761589995185,-108.99513117131943,8965.494407069398
RVTY,-1,2026-09-16,2026-09-18,2,RESIDUAL_REVERTED,140.8800048828125,146.5,-0.039892070715516814,-367.16574163495676,8965.494407069398
HSIC,1,2026-09-18,2026-09-21,1,RESIDUAL_REVERTED,84.83999633789062,85.25,0.004832669493247677,34.16800601562969,8920.56075713817
BRK-B,1,2026-09-18,2026-09-21,1,RESIDUAL_REVERTED,507.1600036621094,507.92999267578125,0.0015182368643267274,4.616191672719057,8920.56075713817
JBHT,1,2026-09-17,2026-09-22,3,RESIDUAL_REVERTED,238.60000610351562,236.52999877929688,-0.008675638186365742,-86.68023030380903,8962.624157257398
GNRC,-1,2026-09-18,2026-09-22,2,RESIDUAL_REVERTED,209.52000427246094,204.6300048828125,0.023339057321178025,199.03263556578173,8920.56075713817
NUE,1,2026-09-21,2026-09-23,2,RESIDUAL_REVERTED,248.38999938964844,244.4199981689453,-0.015982935023383882,-151.64168922658288,8933.26618303391
COIN,-1,2026-09-21,2026-09-23,2,RESIDUAL_REVERTED,205.19000244140625,198.0,0.03504070547228255,303.90383748013306,8933.26618303391
UNP,1,2026-09-22,2026-09-23,1,RESIDUAL_REVERTED,271.04998779296875,273.95001220703125,0.010699223555315385,86.4105721688368,8913.936025178084
OTIS,1,2026-09-22,2026-09-23,1,RESIDUAL_REVERTED,67.66999816894531,67.95999908447266,0.004285516822437607,29.267786353461055,8913.936025178084
AAPL,-1,2026-09-11,2026-09-24,9,RESIDUAL_REVERTED,327.45001220703125,336.7200012207031,-0.02830963099128203,-265.09843637878555,8984.360829839954
VZ,1,2026-09-18,2026-09-24,4,RESIDUAL_REVERTED,47.5,46.91999816894531,-0.012210564864309159,-117.79118396530956,8920.56075713817
ADI,-1,2026-09-21,2026-09-24,3,RESIDUAL_REVERTED,377.04998779296875,381.2099914550781,-0.0110330295631611,-108.08818259016492,8933.26618303391
LEN,-1,2026-09-23,2026-09-24,1,RESIDUAL_REVERTED,82.0,81.19000244140625,0.009878019007240835,78.90104763422723,8902.061877197337
NDAQ,-1,2026-09-21,2026-09-25,4,RESIDUAL_REVERTED,94.44999694824219,94.61000061035156,-0.001694056826672563,-24.785872636815178,8933.26618303391
SCHW,1,2026-09-23,2026-09-25,2,RESIDUAL_REVERTED,100.0,99.5199966430664,-0.004800033569335893,-51.61089262612683,8902.061877197337
MCD,1,2026-09-24,2026-09-25,1,RESIDUAL_REVERTED,239.6999969482422,236.77999877929688,-0.012181886550360788,-117.50169157251858,8917.995928027996
EXPE,1,2026-09-24,2026-09-25,1,RESIDUAL_REVERTED,260.54998779296875,262.1499938964844,0.006140879595001092,45.81896112509058,8917.995928027996
IR,-1,2026-09-24,2026-09-25,1,RESIDUAL_REVERTED,75.4800033569336,74.9800033569336,0.006624271035542639,50.0114604296281,8917.995928027996
CVS,-1,2026-09-28,2026-09-29,1,RESIDUAL_REVERTED,89.51000213623047,87.19999694824219,0.025807229726936498,219.02737250909394,8831.5138459811
RCL,-1,2026-09-25,2026-09-29,2,TRAILING_STOP,241.8000030517578,261.6942852487527,-0.08227577314271772,-743.0077294413987,8913.589933819572
PAYX,1,2026-09-24,2026-09-30,4,RESIDUAL_REVERTED,105.48999786376953,99.31999969482422,-0.05848894012599459,-530.2613237413818,8917.995928027996
CTAS,-1,2026-09-25,2026-09-30,3,RESIDUAL_REVERTED,198.22000122070312,198.24000549316406,-0.00010091954564495076,-10.347351238754952,8913.589933819572
RL,-1,2026-09-25,2026-09-30,3,RESIDUAL_REVERTED,346.95001220703125,358.2200012207031,-0.032483033915983395,-299.14432600957286,8913.589933819572
GEN,1,2026-09-28,2026-09-30,2,RESIDUAL_REVERTED,21.489999771118164,20.8799991607666,-0.028385324190248862,-259.3915547630216,8831.5138459811
