ticker,side,entry_date,exit_date,days_held,reason,entry_px,exit_px,ret_gross,pnl_net,notional
IT,-1,2019-02-05,2019-02-05,0,STOP_LOSS,129.1199951171875,134.284794921875,-0.040000000000000036,-430.60000000000036,10000.0
XOM,1,2019-02-05,2019-02-06,1,RESIDUAL_REVERTED,53.23251724243164,53.515743255615234,0.005320545182819769,23.1256436504561,10000.0
NI,1,2019-02-05,2019-02-06,1,RESIDUAL_REVERTED,20.363813400268555,20.47275161743164,0.005349598084691154,23.41573687564177,10000.0
CLX,-1,2019-02-05,2019-02-06,1,RESIDUAL_REVERTED,124.51311492919922,120.6391372680664,0.03111300896564706,280.82697029242485,10000.0
SYY,-1,2019-02-05,2019-02-06,1,RESIDUAL_REVERTED,53.57318878173828,53.712669372558594,-0.0026035521497249636,-56.86883319206984,10000.0
GD,-1,2019-02-05,2019-02-06,1,RESIDUAL_REVERTED,147.13229370117188,144.91610717773438,0.015062543155472174,120.06858215190798,10000.0
MCK,-1,2019-02-05,2019-02-06,1,RESIDUAL_REVERTED,125.43705749511719,124.28257751464844,0.009203659616407123,61.38573003410583,10000.0
CHD,1,2019-02-06,2019-02-07,1,RESIDUAL_REVERTED,56.24172592163086,56.760955810546875,0.009232111575657065,62.24969148561746,10010.783943728251
GILD,1,2019-02-06,2019-02-07,1,RESIDUAL_REVERTED,50.701446533203125,51.33915328979492,0.012577683679580565,95.69125328691025,10010.783943728251
EL,-1,2019-02-06,2019-02-07,1,RESIDUAL_REVERTED,135.6870880126953,134.95350646972656,0.005406421154090291,23.374505799943872,10010.783943728253
TTWO,1,2019-02-07,2019-02-08,1,RESIDUAL_REVERTED,92.55999755859375,95.4000015258789,0.030682844016793887,277.2355632678412,10031.384427295763
OMC,1,2019-02-07,2019-02-08,1,RESIDUAL_REVERTED,55.65239334106445,56.05939483642578,0.007313279284630658,43.15811917252971,10031.384427295763
SWKS,-1,2019-02-07,2019-02-08,1,RESIDUAL_REVERTED,70.6744384765625,66.86856842041016,0.053850729318698054,510.15003811139223,10031.384427295763
CTSH,-1,2019-02-07,2019-02-08,1,RESIDUAL_REVERTED,65.70655822753906,64.18303680419922,0.023186748240015098,202.06655485263968,10031.384427295763
MCHP,-1,2019-02-07,2019-02-08,1,RESIDUAL_REVERTED,37.79739761352539,37.40493392944336,0.010383351999387225,73.4214335011324,10031.384427295763
ADM,1,2019-02-06,2019-02-11,3,RESIDUAL_REVERTED,33.21421432495117,33.31776428222656,0.0031176398231886893,1.1308518250934867,10010.783943728251
CPRI,-1,2019-02-07,2019-02-11,2,RESIDUAL_REVERTED,47.75,45.900001525878906,0.038743423541803046,357.58556272343765,10031.384427295763
TAP,1,2019-02-13,2019-02-14,1,RESIDUAL_REVERTED,47.40325164794922,47.611751556396484,0.004398430512652096,14.150405303378799,10166.741740383904
EG,1,2019-02-13,2019-02-14,1,RESIDUAL_REVERTED,180.63226318359375,181.23406982421875,0.0033316674995835793,3.321169507395112,10166.741740383904
FMC,1,2019-02-13,2019-02-14,1,RESIDUAL_REVERTED,58.76595687866211,58.97060775756836,0.0034824733532172747,4.852073867976092,10166.741740383904
GILD,1,2019-02-13,2019-02-14,1,RESIDUAL_REVERTED,49.193458557128906,49.61359786987305,0.00854055244471641,56.199121417945534,10166.741740383904
DHI,-1,2019-02-13,2019-02-14,1,RESIDUAL_REVERTED,37.5757942199707,36.57917404174805,0.026522930490527674,238.76005122381162,10166.741740383904
FLR,-1,2019-02-13,2019-02-14,1,RESIDUAL_REVERTED,35.172767639160156,34.49120330810547,0.01937761446716113,166.00705454455007,10166.741740383904
BHF,-1,2019-02-13,2019-02-15,2,RESIDUAL_REVERTED,40.970001220703125,41.36000061035156,-0.009519145180092448,-129.04533628379477,10166.741740383904
TROW,-1,2019-02-13,2019-02-15,2,RESIDUAL_REVERTED,71.03263092041016,71.28778076171875,-0.0035920088838392594,-68.69268459159898,10166.741740383904
COTY,-1,2019-02-13,2019-02-15,2,RESIDUAL_REVERTED,10.385453224182129,10.527459144592285,-0.01367354099477347,-171.36067830193377,10166.741740383904
FIS,1,2019-02-13,2019-02-19,3,RESIDUAL_REVERTED,91.22075653076172,92.4603271484375,0.013588690390413216,107.44525150953149,10166.741740383904
AIG,1,2019-02-15,2019-02-19,1,RESIDUAL_REVERTED,33.29461669921875,34.514102935791016,0.036627129472281306,342.07672314879443,10189.288682071743
MGM,1,2019-02-15,2019-02-19,1,RESIDUAL_REVERTED,26.851511001586914,27.57196617126465,0.026831084836721253,242.41171850471432,10189.288682071743
EQIX,-1,2019-02-15,2019-02-19,1,RESIDUAL_REVERTED,364.1101989746094,364.568115234375,-0.00125763096187681,-44.20997277458028,10189.288682071743
IQV,-1,2019-02-15,2019-02-19,1,RESIDUAL_REVERTED,142.80999755859375,141.32000732421875,0.01043337483262452,75.09702738178885,10189.288682071743
PEP,-1,2019-02-19,2019-02-20,1,RESIDUAL_REVERTED,91.68001556396484,90.85584259033203,0.008989668779645799,60.58282874271425,10226.021158152978
ITW,-1,2019-02-19,2019-02-20,1,RESIDUAL_REVERTED,119.75743865966797,119.82423400878906,-0.0005577553250024625,-37.20103322171858,10226.021158152978
KO,1,2019-02-15,2019-02-21,3,RESIDUAL_REVERTED,36.3054084777832,35.593536376953125,-0.01960788022163973,-230.05853253995505,10189.288682071743
IFF,1,2019-02-15,2019-02-21,3,RESIDUAL_REVERTED,109.43144989013672,106.2287826538086,-0.029266424227618604,-328.32460512567866,10189.288682071743
ANET,-1,2019-02-19,2019-02-21,2,RESIDUAL_REVERTED,16.536874771118164,16.76187515258789,-0.01360597964149135,-171.67908854982136,10226.021158152978
ECL,-1,2019-02-20,2019-02-21,1,RESIDUAL_REVERTED,152.6299285888672,152.22451782226562,0.0026561682256538433,-4.260016222542361,10166.245873792188
ALLE,1,2019-02-20,2019-02-22,2,RESIDUAL_REVERTED,79.43196105957031,80.11107635498047,0.008549647853977271,56.288707863168625,10166.245873792188
GRMN,-1,2019-02-21,2019-02-22,1,RESIDUAL_REVERTED,69.2705307006836,69.5146713256836,-0.0035244514879628763,-67.02196305513543,10140.66344392929
EXR,1,2019-02-22,2019-02-25,1,RESIDUAL_REVERTED,69.21013641357422,70.46200561523438,0.018087945878035194,152.09086587552576,10098.44927952502
HRL,1,2019-02-22,2019-02-25,1,RESIDUAL_REVERTED,33.04267883300781,34.46118927001953,0.04292964393657761,402.57719979520147,10098.44927952502
ALB,-1,2019-02-22,2019-02-25,1,RESIDUAL_REVERTED,80.90090942382812,81.04501342773438,-0.0017812408405857294,-49.10576471761263,10098.44927952502
CPRT,-1,2019-02-22,2019-02-25,1,TRAILING_STOP,14.104999542236328,14.744323337503053,-0.04532604154663877,-489.53269175562,10098.44927952502
ALK,1,2019-02-20,2019-02-26,4,RESIDUAL_REVERTED,62.35773468017578,61.36979293823242,-0.01584313072003618,-191.322302188429,10166.245873792188
HST,-1,2019-02-21,2019-02-26,3,RESIDUAL_REVERTED,14.532852172851562,14.65095329284668,-0.008126492899703353,-115.39505293491207,10140.66344392929
INTU,-1,2019-02-25,2019-02-26,1,RESIDUAL_REVERTED,234.14312744140625,233.38507080078125,0.0032375780101199236,1.641987364693597,10081.572353054285
TJX,1,2019-02-26,2019-02-27,1,RESIDUAL_REVERTED,44.8488655090332,45.07514572143555,0.0050453943446298055,20.44849649970903,10034.465140721419
YUM,1,2019-02-26,2019-02-27,1,RESIDUAL_REVERTED,81.26634979248047,81.08358001708984,-0.002249021592053091,-52.63727259520116,10034.465140721419
CVS,1,2019-02-21,2019-02-27,4,TRAILING_STOP,50.24718475341797,46.45544433975673,-0.07546174839981079,-794.5063354546197,10140.66344392929
J,-1,2019-02-20,2019-02-28,6,RESIDUAL_REVERTED,55.6481819152832,58.03999710083008,-0.04298101219529671,-473.1361078307748,10166.245873792188
OKE,1,2019-02-27,2019-02-28,1,RESIDUAL_REVERTED,40.23065185546875,40.47917175292969,0.006177376850709848,31.633993091727614,9985.128435903738
KHC,1,2019-02-25,2019-03-01,4,RESIDUAL_REVERTED,23.692113876342773,22.615808486938477,-0.04542884586077467,-487.5519222256218,10081.572353054285
SJM,-1,2019-02-27,2019-03-01,2,RESIDUAL_REVERTED,83.94409942626953,82.76736450195312,0.0140180778918233,108.6563596317737,9985.128435903738
DHR,-1,2019-02-26,2019-03-04,4,RESIDUAL_REVERTED,104.7931137084961,109.38096618652344,-0.04378009504316682,-473.35316813269293,10034.465140721419
AZO,-1,2019-02-27,2019-03-04,3,RESIDUAL_REVERTED,900.0,934.4099731445312,-0.03823330349392351,-414.74052493705545,9985.128435903738
UNH,1,2019-02-28,2019-03-04,2,RESIDUAL_REVERTED,218.34881591796875,216.9671630859375,-0.006327732194116087,-92.1914131857989,9893.650226965176
HUM,1,2019-02-28,2019-03-04,2,RESIDUAL_REVERTED,269.10040283203125,272.07171630859375,0.011041653766743487,79.39744622407439,9893.650226965176
CI,1,2019-02-28,2019-03-04,2,RESIDUAL_REVERTED,161.92684936523438,160.9376983642578,-0.006108628710149722,-90.02693155177754,9893.650226965176
BBY,-1,2019-02-28,2019-03-04,2,RESIDUAL_REVERTED,51.1277961730957,50.031494140625,0.02144238779154728,181.23665702980966,9893.650226965176
HPQ,1,2019-03-01,2019-03-05,2,RESIDUAL_REVERTED,15.086353302001953,14.79856014251709,-0.019076390014455824,-216.77830524379794,9832.207604690811
XRAY,-1,2019-03-04,2019-03-05,1,RESIDUAL_REVERTED,43.356727600097656,43.28624725341797,0.0016255919341922054,-14.337281897448797,9884.398727272448
MNST,-1,2019-03-01,2019-03-06,3,RESIDUAL_REVERTED,16.092500686645508,15.682499885559082,0.025477755699377935,219.04956228988647,9832.207604690811
SPG,1,2019-03-04,2019-03-06,2,RESIDUAL_REVERTED,118.01866149902344,117.41984558105469,-0.005073908739201438,-79.73050446025039,9884.398727272448
ELV,1,2019-03-05,2019-03-06,1,RESIDUAL_REVERTED,264.4116516113281,268.8581237792969,0.016816475903659756,136.08207572253974,9867.275553877584
UNH,1,2019-03-05,2019-03-06,1,RESIDUAL_REVERTED,206.83236694335938,211.3882598876953,0.022026982583357224,187.41846064866013,9867.275553877584
ETN,-1,2019-03-05,2019-03-06,1,RESIDUAL_REVERTED,69.79069519042969,69.42950439453125,0.005175343144424915,20.761570458772574,9867.275553877584
AON,1,2019-03-06,2019-03-07,1,RESIDUAL_REVERTED,157.07237243652344,154.12936401367188,-0.01873663953246074,-215.33695295960862,9919.460580532534
WTW,-1,2019-03-06,2019-03-07,1,RESIDUAL_REVERTED,155.50006103515625,153.90872192382812,0.010233688017449394,71.12437419432193,9919.460580532534
KSS,-1,2019-03-06,2019-03-07,1,RESIDUAL_REVERTED,47.658626556396484,46.182533264160156,0.030972216341350167,277.16452976156376,9919.460580532534
CNC,1,2019-03-05,2019-03-08,3,RESIDUAL_REVERTED,58.81999969482422,56.029998779296875,-0.04743286178175288,-496.932894494913,9867.275553877584
BF-B,1,2019-03-07,2019-03-08,1,RESIDUAL_REVERTED,42.454158782958984,43.18329620361328,0.017174699524301396,140.16456561457122,9906.366881759386
LYB,-1,2019-03-07,2019-03-08,1,RESIDUAL_REVERTED,55.65707778930664,53.9727783203125,0.03026208949327458,269.74746575622356,9906.366881759386
DLTR,-1,2019-03-07,2019-03-08,1,TRAILING_STOP,99.43000030517578,103.56709344471041,-0.04160809742368343,-443.33817032127416,9906.366881759386
XOM,-1,2019-03-08,2019-03-11,1,RESIDUAL_REVERTED,56.4796028137207,57.25996780395508,-0.013816757756037079,-166.7409171080535,9856.429959365858
TGT,-1,2019-03-06,2019-03-12,4,RESIDUAL_REVERTED,62.35987091064453,62.0513916015625,0.00494675990468374,16.257205299844554,9919.460580532534
HAL,1,2019-03-07,2019-03-12,3,RESIDUAL_REVERTED,24.72490882873535,24.096683502197266,-0.025408600326483732,-281.04845705623825,9906.366881759386
KR,1,2019-03-08,2019-03-12,2,RESIDUAL_REVERTED,21.753047943115234,21.0395565032959,-0.032799607746240134,-352.3713957689193,9856.429959365858
JCI,-1,2019-03-08,2019-03-12,2,RESIDUAL_REVERTED,30.064725875854492,30.850046157836914,-0.02612098594296941,-289.0147530490429,9856.429959365858
COST,-1,2019-03-11,2019-03-12,1,RESIDUAL_REVERTED,205.64697265625,208.16856384277344,-0.012261747177471971,-149.81238206939108,9753.246270688205
HCA,1,2019-03-07,2019-03-13,4,RESIDUAL_REVERTED,121.0116958618164,121.0586166381836,0.0003877375325833654,-25.883791999056758,9906.366881759386
EOG,1,2019-03-11,2019-03-13,2,RESIDUAL_REVERTED,63.92604446411133,64.83222198486328,0.014175404224497035,108.78908526342742,9753.246270688205
WY,-1,2019-03-12,2019-03-13,1,RESIDUAL_REVERTED,19.44133186340332,19.403728485107422,0.0019341976444876563,-11.124235083142475,9740.836443492668
KO,-1,2019-03-12,2019-03-13,1,RESIDUAL_REVERTED,36.344947814941406,36.48732376098633,-0.003917351780771794,-68.21279438333919,9740.83644349267
NDAQ,1,2019-03-11,2019-03-14,3,RESIDUAL_REVERTED,24.911394119262695,25.327943801879883,0.016721251352813438,133.58211386240507,9753.246270688205
FFIV,1,2019-03-13,2019-03-14,1,RESIDUAL_REVERTED,149.77999877929688,152.99000549316406,0.021431477767583473,179.6285649223624,9762.777206764302
FITB,-1,2019-03-13,2019-03-14,1,RESIDUAL_REVERTED,20.953157424926758,21.005598068237305,-0.002502756135844386,-54.53393358901315,9762.777206764302
WBD,1,2019-03-14,2019-03-15,1,RESIDUAL_REVERTED,27.100000381469727,27.520000457763672,0.015498157578666794,122.07366737009214,9785.53464678434
MLM,1,2019-03-14,2019-03-15,1,RESIDUAL_REVERTED,180.91954040527344,181.96377563476562,0.0057718211485229265,27.03903134982382,9785.53464678434
TTWO,-1,2019-03-14,2019-03-15,1,RESIDUAL_REVERTED,93.5999984741211,92.31999969482422,0.013675200856448466,103.896354692599,9785.53464678434
BA,1,2019-03-13,2019-03-18,3,RESIDUAL_REVERTED,369.5665588378906,361.3340148925781,-0.022276214523305082,-246.43983444230597,9762.777206764302
DVA,-1,2019-03-14,2019-03-18,2,RESIDUAL_REVERTED,53.61000061035156,53.349998474121094,0.004849881239886944,16.62159906016525,9785.53464678434
DG,1,2019-03-15,2019-03-18,1,RESIDUAL_REVERTED,100.72772216796875,104.16007995605469,0.0340756021699995,304.12911799793704,9802.872830057298
AIZ,1,2019-03-15,2019-03-18,1,RESIDUAL_REVERTED,85.81863403320312,86.44862365722656,0.0073409421056467306,42.4457599414254,9802.872830057298
FTI,-1,2019-03-15,2019-03-18,1,RESIDUAL_REVERTED,16.41204261779785,16.05695152282715,0.021636008584673627,182.2473807288313,9802.872830057298
NTRS,-1,2019-03-15,2019-03-20,3,RESIDUAL_REVERTED,75.76237487792969,75.92259979248047,-0.0021148349006869793,-52.52493461532827,9802.872830057298
ADBE,1,2019-03-18,2019-03-20,2,RESIDUAL_REVERTED,257.1099853515625,260.5400085449219,0.013340684488271748,101.75744845842887,9859.574458743828
ULTA,-1,2019-03-18,2019-03-20,2,RESIDUAL_REVERTED,338.6000061035156,335.0,0.010632032010108872,73.84204185241974,9859.574458743828
BSX,1,2019-03-19,2019-03-20,1,RESIDUAL_REVERTED,38.119998931884766,38.11000061035156,-0.00026228546205020464,-31.985455728005007,9805.79841270303
BDX,1,2019-03-19,2019-03-20,1,RESIDUAL_REVERTED,166.03880310058594,168.03379821777344,0.012015234270141839,88.2248414486016,9805.79841270303
AIV,1,2019-03-19,2019-03-20,1,RESIDUAL_REVERTED,1.6343706846237183,1.6291286945343018,-0.0032073446609961476,-60.82079456111799,9805.79841270303
EW,-1,2019-03-19,2019-03-20,1,RESIDUAL_REVERTED,64.04000091552734,62.74333190917969,0.020247798060747058,168.65919182370106,9805.79841270303
AVGO,-1,2019-03-18,2019-03-21,3,RESIDUAL_REVERTED,23.913846969604492,24.26462745666504,-0.014668509316230205,-176.81181933422064,9859.574458743828
WHR,1,2019-03-18,2019-03-22,4,RESIDUAL_REVERTED,96.4461898803711,96.65636444091797,0.002179189875800791,-8.125067363292187,9859.574458743828
NOV,-1,2019-03-19,2019-03-22,3,RESIDUAL_REVERTED,25.41874885559082,24.67535972595215,0.029245701032022398,255.4749751878069,9805.79841270303
HAL,-1,2019-03-21,2019-03-22,1,RESIDUAL_REVERTED,25.68878173828125,25.61993408203125,0.0026800670016750017,-3.895239876530799,9841.853779857303
GOOG,-1,2019-03-21,2019-03-22,1,RESIDUAL_REVERTED,60.229530334472656,60.74068832397461,-0.008486833396563753,-113.96810560418096,9841.853779857303
KEY,1,2019-03-21,2019-03-22,1,TRAILING_STOP,11.50015926361084,10.881278308718967,-0.05381498992367484,-558.3703644398836,9841.853779857303
UNM,1,2019-03-21,2019-03-22,1,TRAILING_STOP,26.20420265197754,25.2984622587701,-0.03456469961084985,-369.1960097749745,9841.853779857303
FITB,1,2019-03-21,2019-03-22,1,STOP_LOSS,19.762039184570312,18.5451408952118,-0.061577566869143396,-634.6539144711986,9841.853779857303
MTB,1,2019-03-21,2019-03-22,1,TRAILING_STOP,128.74742126464844,122.73735687632596,-0.04668104672922657,-488.2644554850065,9841.853779857303
EOG,-1,2019-03-21,2019-03-25,2,RESIDUAL_REVERTED,70.59345245361328,68.92108917236328,0.02369006222423964,202.42498447258998,9841.853779857303
CTAS,1,2019-03-25,2019-03-26,1,RESIDUAL_REVERTED,45.08824157714844,46.1055908203125,0.02256351562132486,188.79856468816996,9667.26838318288
NKE,1,2019-03-25,2019-03-26,1,RESIDUAL_REVERTED,72.64485168457031,74.56169128417969,0.026386447974764193,225.7004417900127,9667.26838318288
RF,1,2019-03-25,2019-03-26,1,RESIDUAL_REVERTED,10.046294212341309,10.046292304992676,-1.8985594019138574e-07,-29.00363778479382,9667.26838318288
AMG,1,2019-03-25,2019-03-26,1,RESIDUAL_REVERTED,97.47110748291016,98.50363159179688,0.010593129959744818,73.25121524373117,9667.26838318288
KEY,1,2019-03-25,2019-03-26,1,RESIDUAL_REVERTED,10.53187370300293,10.609055519104004,0.007328403119671645,41.73756616880461,9667.26838318288
FIS,-1,2019-03-25,2019-03-26,1,RESIDUAL_REVERTED,94.04829406738281,92.76205444335938,0.013676373790489915,102.65627566781303,9667.26838318288
CAG,-1,2019-03-22,2019-03-27,3,RESIDUAL_REVERTED,18.67411994934082,19.50887680053711,-0.04470126857173562,-469.0601152156872,9768.862920892017
TRV,-1,2019-03-25,2019-03-27,2,RESIDUAL_REVERTED,115.63297271728516,115.65009307861328,-0.000148057780802624,-31.96810667613347,9667.26838318288
CB,-1,2019-03-25,2019-03-27,2,RESIDUAL_REVERTED,121.39543914794922,122.08757019042969,-0.005701458368933876,-85.7386280080861,9667.26838318288
TMO,-1,2019-03-26,2019-03-28,2,RESIDUAL_REVERTED,266.3475646972656,264.7010498046875,0.006181828223019714,29.29291624624879,9657.02955378869
PSA,1,2019-03-27,2019-03-28,1,RESIDUAL_REVERTED,161.67535400390625,161.33746337890625,-0.002089932798241101,-49.32069156448715,9695.822901428646
CNC,1,2019-03-27,2019-03-29,2,RESIDUAL_REVERTED,50.150001525878906,53.13999938964844,0.05962109217936118,548.1209689301114,9695.822901428646
CCL,1,2019-03-27,2019-04-01,3,RESIDUAL_REVERTED,48.814884185791016,48.05171203613281,-0.01563400512748414,-180.44463684296576,9695.822901428646
ELV,1,2019-03-27,2019-04-01,3,RESIDUAL_REVERTED,260.0896301269531,260.99920654296875,0.0034971652486555094,4.7695643613457985,9695.822901428646
HCA,1,2019-03-27,2019-04-01,3,RESIDUAL_REVERTED,121.29318237304688,123.5264892578125,0.01841246837680388,149.16877780651987,9695.822901428646
EXC,1,2019-03-29,2019-04-01,1,RESIDUAL_REVERTED,27.193899154663086,27.538543701171875,0.012673598020962462,93.44998891357429,9679.335105099526
PVH,-1,2019-03-29,2019-04-01,1,RESIDUAL_REVERTED,126.44738006591797,121.79198455810547,0.03681686014677099,327.1269735039694,9679.335105099526
ACN,-1,2019-03-29,2019-04-01,1,RESIDUAL_REVERTED,155.386962890625,155.56423950195312,-0.001140871846841529,-40.86880695240254,9679.335105099526
CHD,-1,2019-03-29,2019-04-01,1,RESIDUAL_REVERTED,65.99320983886719,64.98766326904297,0.015237121702057266,117.91044401693127,9679.335105099526
WY,-1,2019-03-29,2019-04-01,1,RESIDUAL_REVERTED,20.095645904541016,19.8925838470459,0.01010477883914307,68.15897036171975,9679.335105099526
COR,-1,2019-03-29,2019-04-02,2,RESIDUAL_REVERTED,62.010826110839844,60.87846755981445,0.018260659017852454,146.42223540263134,9679.335105099526
AMT,1,2019-04-02,2019-04-03,1,RESIDUAL_REVERTED,157.600830078125,159.28298950195312,0.010673544187516315,74.9738113991532,9790.855993570765
LNC,-1,2019-04-02,2019-04-03,1,RESIDUAL_REVERTED,44.0384635925293,44.138092041015625,-0.002262305274955745,-52.32320641319523,9790.855993570765
PRU,-1,2019-04-02,2019-04-03,1,RESIDUAL_REVERTED,65.87348175048828,66.1484146118164,-0.004173650064065226,-71.0684413497692,9790.855993570765
WYNN,-1,2019-04-02,2019-04-03,1,TRAILING_STOP,120.93026733398438,129.20405707562898,-0.06841785703486547,-701.0554931020265,9790.855993570765
WFC,1,2019-04-01,2019-04-04,3,RESIDUAL_REVERTED,39.60227584838867,40.027488708496094,0.010737081417625749,75.4461085403893,9771.576875602746
ATO,1,2019-04-03,2019-04-04,1,RESIDUAL_REVERTED,83.74694061279297,84.86509704589844,0.013351609323560831,100.969290830122,9772.878123972585
DAL,-1,2019-04-03,2019-04-05,2,RESIDUAL_REVERTED,52.59141159057617,53.98232650756836,-0.026447567671703753,-289.7583224370863,9772.878123972585
MO,1,2019-04-04,2019-04-05,1,RESIDUAL_REVERTED,30.517765045166016,30.607616424560547,0.002944231966579114,-0.5835001819537595,9695.209432495301
BWA,-1,2019-04-02,2019-04-08,4,RESIDUAL_REVERTED,31.84517478942871,33.00775146484375,-0.036507153221874145,-390.5432984516965,9790.855993570765
HSY,-1,2019-04-04,2019-04-08,2,RESIDUAL_REVERTED,96.25114440917969,96.93734741210938,-0.007129297081523767,-99.85320942019229,9695.209432495301
FE,1,2019-04-05,2019-04-08,1,RESIDUAL_REVERTED,29.747264862060547,30.152236938476562,0.013613758383968833,102.2238026532346,9649.820019006145
LW,1,2019-04-05,2019-04-08,1,RESIDUAL_REVERTED,61.70214080810547,63.22293472290039,0.024647344401300675,208.53621370586296,9649.820019006145
EMN,-1,2019-04-04,2019-04-09,3,RESIDUAL_REVERTED,61.363677978515625,61.61404037475586,-0.004079977023670134,-71.04030254150015,9695.209432495301
STZ,-1,2019-04-05,2019-04-09,2,RESIDUAL_REVERTED,167.91156005859375,167.77127075195312,0.0008354952249366443,-22.417263490612623,9649.820019006145
ABT,1,2019-04-02,2019-04-10,6,RESIDUAL_REVERTED,69.66525268554688,68.69658660888672,-0.013904579963737396,-165.30610144664027,9790.855993570765
RSG,1,2019-04-02,2019-04-10,6,RESIDUAL_REVERTED,72.24081420898438,71.64595794677734,-0.008234351574252452,-109.87298641895512,9790.855993570765
APA,-1,2019-04-08,2019-04-10,2,RESIDUAL_REVERTED,29.235322952270508,28.645549774169922,0.020173308126729017,164.62785055160407,9657.332297426818
CE,1,2019-04-09,2019-04-10,1,RESIDUAL_REVERTED,89.19990539550781,89.61225128173828,0.004622716631841106,15.6174271640158,9665.550044087095
GEN,-1,2019-04-09,2019-04-10,1,RESIDUAL_REVERTED,11.904011726379395,11.805097579956055,0.008309311910718709,50.67683923145725,9665.550044087095
DLTR,1,2019-04-09,2019-04-11,2,RESIDUAL_REVERTED,102.0,103.55999755859375,0.015294093711703427,118.60743927494184,9665.550044087095
DIS,-1,2019-04-10,2019-04-11,1,RESIDUAL_REVERTED,112.62483215332031,112.76852416992188,-0.0012758466659106293,-42.231940190085744,9693.245699351935
CNC,-1,2019-04-10,2019-04-11,1,RESIDUAL_REVERTED,58.15999984741211,57.41999816894531,0.012723550213346924,93.67996263967291,9693.245699351935
BA,1,2019-04-09,2019-04-12,3,RESIDUAL_REVERTED,361.6172180175781,366.9493408203125,0.014745212719586842,113.31016043243639,9665.550044087095
COR,1,2019-04-11,2019-04-12,1,RESIDUAL_REVERTED,59.00175094604492,59.05717086791992,0.0009392928343039397,-20.010894859810968,9704.058278677445
WBD,-1,2019-04-11,2019-04-12,1,RESIDUAL_REVERTED,30.780000686645508,30.280000686645508,0.016244314127547566,128.00464917474753,9704.058278677445
HUM,1,2019-04-11,2019-04-12,1,TRAILING_STOP,250.51661682128906,236.0071389578009,-0.057918225336081375,-590.3109461438502,9704.058278677445
UNH,1,2019-04-12,2019-04-12,0,STOP_LOSS,207.5955047607422,197.0503726167042,-0.0507965341358978,-519.5487372583545,9671.3599298286
CAG,-1,2019-04-11,2019-04-15,2,RESIDUAL_REVERTED,21.588577270507812,21.415864944458008,0.008000171752204688,47.11014851991897,9704.058278677445
KR,-1,2019-04-11,2019-04-15,2,RESIDUAL_REVERTED,21.30286407470703,21.76154327392578,-0.02153133952365316,-239.94567267081533,9704.058278677445
RSG,1,2019-04-12,2019-04-15,1,RESIDUAL_REVERTED,69.97850799560547,71.34854125976562,0.019577914754144166,160.04696288294952,9671.3599298286
FAST,-1,2019-04-12,2019-04-16,2,RESIDUAL_REVERTED,14.229484558105469,14.285350799560547,-0.0039260903110684975,-68.58729679545914,9671.3599298286
ELV,1,2019-04-15,2019-04-16,1,RESIDUAL_REVERTED,229.29745483398438,239.95175170898438,0.04646495916282145,416.3203584943507,9593.682396512906
CVX,1,2019-04-15,2019-04-16,1,RESIDUAL_REVERTED,86.71887969970703,87.01512908935547,0.0034162040685292716,3.943768680353374,9593.682396512906
NOV,1,2019-04-15,2019-04-16,1,RESIDUAL_REVERTED,23.914052963256836,24.7828311920166,0.03632919229938203,319.2268893536122,9593.682396512906
UNH,1,2019-04-15,2019-04-16,1,RESIDUAL_REVERTED,198.1769256591797,208.92092895507812,0.05421419905552338,490.5525892198031,9593.682396512906
JPM,-1,2019-04-15,2019-04-16,1,RESIDUAL_REVERTED,91.30519104003906,90.46558380126953,0.009195613406047687,58.816400700452014,9593.682396512906
DIS,-1,2019-04-15,2019-04-17,2,RESIDUAL_REVERTED,125.52716827392578,124.33941650390625,0.009462109170085165,60.609710674128785,9593.682396512906
TMO,1,2019-04-17,2019-04-17,0,STOP_LOSS,263.57415771484375,250.51729939097115,-0.049537702926091054,-510.87460902993183,9737.734198723949
BFH,1,2019-04-16,2019-04-18,2,RESIDUAL_REVERTED,115.64847564697266,115.16435241699219,-0.004186161791343457,-69.56577299031355,9688.984815403624
HUM,1,2019-04-17,2019-04-18,1,RESIDUAL_REVERTED,221.45269775390625,218.89654541015625,-0.01154265615039185,-141.4439211596445,9737.734198723949
PGR,-1,2019-04-17,2019-04-18,1,RESIDUAL_REVERTED,63.324798583984375,62.439476013183594,0.01398066145645338,106.36904120378273,9737.734198723949
HCA,1,2019-04-17,2019-04-22,2,RESIDUAL_REVERTED,107.68693542480469,108.0716323852539,0.003572364269924355,5.521351024787307,9737.734198723949
CI,1,2019-04-17,2019-04-22,2,RESIDUAL_REVERTED,135.91036987304688,134.47128295898438,-0.010588499725272982,-132.16653649030928,9737.734198723949
OMC,-1,2019-04-17,2019-04-22,2,RESIDUAL_REVERTED,62.39236831665039,62.56726837158203,-0.002803228337863395,-58.11556046127926,9737.734198723949
CSX,-1,2019-04-18,2019-04-22,1,RESIDUAL_REVERTED,24.08159637451172,23.737699508666992,0.014280484586508213,107.6529151305816,9591.831436132588
HON,-1,2019-04-22,2019-04-23,1,RESIDUAL_REVERTED,142.6730194091797,142.67303466796875,-1.0694936669608524e-07,-29.71205261970059,9648.438540447902
WM,-1,2019-04-16,2019-04-24,5,RESIDUAL_REVERTED,92.50008392333984,93.8255386352539,-0.014329227128188737,-171.9846496584478,9688.984815403624
GPC,1,2019-04-22,2019-04-24,2,RESIDUAL_REVERTED,84.10413360595703,84.33635711669922,0.002761142654773563,-2.344561488160256,9648.438540447902
ISRG,1,2019-04-23,2019-04-24,1,RESIDUAL_REVERTED,165.32666015625,168.3333282470703,0.018186226516514026,145.54220696063058,9601.076200328598
KMB,-1,2019-04-23,2019-04-24,1,RESIDUAL_REVERTED,98.9637451171875,95.58375549316406,0.03415381683485241,298.86572245749534,9601.076200328598
QCOM,-1,2019-04-17,2019-04-24,4,TRAILING_STOP,66.28337860107422,73.97257080078124,-0.11600483201051559,-1163.7445897209798,9737.734198723949
LOW,1,2019-04-22,2019-04-25,3,RESIDUAL_REVERTED,98.73346710205078,99.20548248291016,0.004780702984647611,17.111813827772778,9648.438540447902
GWW,1,2019-04-23,2019-04-25,2,RESIDUAL_REVERTED,262.3653869628906,266.91607666015625,0.01734485539401298,137.47625580313198,9601.076200328598
VNO,-1,2019-04-23,2019-04-25,2,RESIDUAL_REVERTED,50.30375289916992,51.24077606201172,-0.018627301321235246,-209.4732635321623,9601.076200328598
BNY,1,2019-04-18,2019-04-26,5,RESIDUAL_REVERTED,39.2520637512207,39.33283615112305,0.0020577873411773417,-9.067151924380243,9591.831436132588
HAS,-1,2019-04-24,2019-04-26,2,RESIDUAL_REVERTED,76.73201751708984,77.49942779541016,-0.010001174257530776,-126.38162293446644,9591.068141473215
EBAY,-1,2019-04-25,2019-04-26,1,RESIDUAL_REVERTED,33.954803466796875,33.85743713378906,0.002867527509120227,-1.9783483400940667,9556.359353684391
MCO,-1,2019-04-25,2019-04-26,1,RESIDUAL_REVERTED,181.78623962402344,181.4766845703125,0.0017028519559630917,-13.127891794067208,9556.359353684391
RHI,1,2019-04-25,2019-04-29,2,RESIDUAL_REVERTED,48.3811149597168,48.35004806518555,-0.0006421285362504525,-34.79628448815279,9556.359353684391
TEL,-1,2019-04-25,2019-04-29,2,RESIDUAL_REVERTED,84.74711608886719,83.65217590332031,0.012920087857605678,93.4834184788755,9556.359353684391
MMM,1,2019-04-26,2019-04-29,1,RESIDUAL_REVERTED,122.70259094238281,123.34015655517578,0.005196024043961245,20.94502370391983,9571.67374012241
F,-1,2019-04-29,2019-04-30,1,RESIDUAL_REVERTED,7.241608619689941,7.192679405212402,0.006756677562565372,35.24888823626157,9558.362332795483
COF,-1,2019-04-29,2019-04-30,1,RESIDUAL_REVERTED,82.60357666015625,81.87306213378906,0.008843618592602076,55.23550162018327,9558.362332795483
IRM,1,2019-04-26,2019-05-01,3,RESIDUAL_REVERTED,22.434782028198242,22.25645637512207,-0.007948624276894467,-104.68253702422547,9571.67374012241
BEN,1,2019-04-30,2019-05-01,1,RESIDUAL_REVERTED,24.14423179626465,24.49087142944336,0.014357037163317043,107.84806711492266,9514.185683929614
CINF,-1,2019-04-26,2019-05-02,4,RESIDUAL_REVERTED,77.56999969482422,78.8944320678711,-0.017074028339015834,-195.47234799758297,9571.67374012241
INTC,1,2019-04-29,2019-05-02,3,RESIDUAL_REVERTED,45.18320083618164,43.99668884277344,-0.02626002521844517,-279.3014186507729,9558.362332795483
CL,-1,2019-04-29,2019-05-02,3,RESIDUAL_REVERTED,60.03000259399414,60.08055877685547,-0.0008421819203183745,-39.031049006160465,9558.362332795483
CHRW,1,2019-04-30,2019-05-02,2,RESIDUAL_REVERTED,68.5477066040039,68.19429779052734,-0.005155662107241388,-77.5209057737653,9514.185683929614
ROL,1,2019-04-25,2019-05-03,6,RESIDUAL_REVERTED,23.88666534423828,22.836774826049805,-0.043952996496504304,-448.0696613090918,9556.359353684391
CLX,1,2019-05-02,2019-05-03,1,RESIDUAL_REVERTED,117.8213119506836,118.50552368164062,0.0058071983720857645,26.397456061515825,9432.758001782631
IR,-1,2019-04-30,2019-05-06,4,RESIDUAL_REVERTED,30.639211654663086,31.69639015197754,-0.03450410243024504,-360.5243073652531,9514.185683929614
FIS,-1,2019-05-01,2019-05-06,3,RESIDUAL_REVERTED,98.61398315429688,98.8780517578125,-0.002677800805413577,-55.953487157114694,9447.945286520619
TFX,-1,2019-05-03,2019-05-06,1,RESIDUAL_REVERTED,285.3088684082031,282.70458984375,0.009127927144301329,56.96450584136618,9397.110894094665
JKHY,1,2019-05-02,2019-05-07,3,RESIDUAL_REVERTED,127.95304107666016,124.89849090576172,-0.023872431207542566,-253.14336620055798,9432.758001782631
FLR,1,2019-05-03,2019-05-07,2,RESIDUAL_REVERTED,29.037639617919922,27.396547317504883,-0.05651603649637815,-558.4821637400743,9397.110894094667
CTSH,1,2019-05-03,2019-05-07,2,RESIDUAL_REVERTED,53.37187957763672,52.40376281738281,-0.01813907937878878,-198.39059071088872,9397.110894094667
SYY,-1,2019-05-07,2019-05-08,1,RESIDUAL_REVERTED,60.10356521606445,59.96328353881836,0.0023339992684593414,-6.982835536149244,9411.576777531984
ANET,1,2019-05-06,2019-05-09,3,RESIDUAL_REVERTED,16.75,16.4581241607666,-0.01742542323781482,-190.20624064282146,9324.162081309387
FTNT,1,2019-05-06,2019-05-09,3,RESIDUAL_REVERTED,16.729999542236328,16.049999237060547,-0.04064556627506544,-406.389855307488,9324.162081309387
O,1,2019-05-08,2019-05-09,1,RESIDUAL_REVERTED,45.326847076416016,45.286197662353516,-0.000896806565741648,-36.32988856332684,9326.20946383325
MOS,1,2019-05-08,2019-05-09,1,RESIDUAL_REVERTED,20.698402404785156,20.174072265625,-0.025331913492943725,-263.8749836493645,9326.20946383325
STX,-1,2019-05-01,2019-05-10,7,RESIDUAL_REVERTED,38.496883392333984,36.52327346801758,0.0512667455233381,451.6099129385508,9447.945286520619
CNC,-1,2019-05-07,2019-05-10,3,RESIDUAL_REVERTED,55.63999938964844,54.9900016784668,0.011682201982600504,79.63338767838994,9411.576777531984
CPAY,-1,2019-05-09,2019-05-13,2,RESIDUAL_REVERTED,265.5899963378906,256.5400085449219,0.034075032635849434,287.3100772538245,9277.697430369384
MPC,1,2019-05-10,2019-05-13,1,RESIDUAL_REVERTED,42.17097854614258,41.62981414794922,-0.012832626058255414,-146.77237337214888,9281.532481397675
KLAC,1,2019-05-08,2019-05-13,3,TRAILING_STOP,10.594744682312012,9.972004984826834,-0.05877816938098057,-575.3338816598726,9326.20946383325
CNP,1,2019-05-10,2019-05-14,2,RESIDUAL_REVERTED,23.507793426513672,24.366453170776367,0.03652659901691324,310.6696835434605,9281.532481397675
OXY,1,2019-05-10,2019-05-14,2,RESIDUAL_REVERTED,48.04350662231445,46.32096862792969,-0.03585371084434352,-360.1228131519369,9281.532481397675
NWSA,-1,2019-05-13,2019-05-14,1,RESIDUAL_REVERTED,10.809508323669434,10.661178588867188,0.013722153715118646,98.76515731124567,9260.912166307724
UNH,-1,2019-05-07,2019-05-15,6,RESIDUAL_REVERTED,209.95672607421875,206.27880859375,0.0175175025313008,132.40880521144194,9411.576777531984
BKNG,-1,2019-05-13,2019-05-15,2,RESIDUAL_REVERTED,70.33252716064453,69.49633026123047,0.011889191717853853,81.02906488484571,9260.912166307724
IVZ,1,2019-05-14,2019-05-15,1,RESIDUAL_REVERTED,14.356131553649902,14.471323013305664,0.00802385093959912,46.39067300539061,9256.261752451805
ADM,1,2019-05-14,2019-05-15,1,RESIDUAL_REVERTED,33.02078628540039,33.02078628540039,0.0,-27.768785257355415,9256.261752451805
XRAY,-1,2019-05-14,2019-05-15,1,RESIDUAL_REVERTED,48.430091857910156,48.32417678833008,0.0021869681744735026,-8.229894613953403,9256.261752451805
MET,-1,2019-05-03,2019-05-16,9,RESIDUAL_REVERTED,37.199951171875,37.22980499267578,-0.0008025231179160652,-42.46322730114917,9397.110894094667
INTC,1,2019-05-10,2019-05-16,4,RESIDUAL_REVERTED,40.4669075012207,39.62166213989258,-0.020887322840338785,-221.42016328814913,9281.532481397675
RL,1,2019-05-15,2019-05-16,1,RESIDUAL_REVERTED,98.3512191772461,100.88555145263672,0.025768183623868568,210.55714710691763,9263.593862943218
XYL,1,2019-05-15,2019-05-16,1,RESIDUAL_REVERTED,68.58956909179688,70.18618774414062,0.023277863871792537,187.52244030097674,9263.593862943218
LNC,-1,2019-05-15,2019-05-16,1,RESIDUAL_REVERTED,45.35610580444336,46.00037384033203,-0.01420465942703486,-160.31443615162883,9263.593862943218
A,1,2019-05-16,2019-05-17,1,RESIDUAL_REVERTED,64.11930084228516,64.91606903076172,0.012426339308289958,87.49459107108824,9300.317074035649
SCHW,1,2019-05-16,2019-05-17,1,RESIDUAL_REVERTED,38.84806442260742,39.073875427246094,0.005812670669565367,26.07763953138623,9300.317074035649
PGR,-1,2019-05-16,2019-05-17,1,RESIDUAL_REVERTED,63.619903564453125,63.34117126464844,0.004381212233720344,12.166428780889666,9300.317074035649
GOOGL,-1,2019-05-16,2019-05-20,2,RESIDUAL_REVERTED,58.03971481323242,57.106597900390625,0.016077213953316294,120.3642333751338,9300.317074035649
GOOG,-1,2019-05-16,2019-05-20,2,RESIDUAL_REVERTED,57.67918014526367,56.68806457519531,0.01718324649504821,130.66439207215612,9300.317074035649
MTD,-1,2019-05-17,2019-05-20,1,RESIDUAL_REVERTED,737.6199951171875,721.780029296875,0.021474425754681392,171.27103784394413,9293.824671369031
QRVO,1,2019-05-17,2019-05-20,1,TRAILING_STOP,66.26000213623047,60.91132464245278,-0.08072256748167339,-776.9775311277385,9293.824671369031
CSCO,-1,2019-05-17,2019-05-21,2,RESIDUAL_REVERTED,45.232784271240234,45.96261978149414,-0.016135100282074655,-179.5489915080512,9293.824671369031
DE,1,2019-05-20,2019-05-21,1,RESIDUAL_REVERTED,121.06314086914062,123.85543060302734,0.023064738894433168,184.86247919238008,9229.214708841637
AOS,1,2019-05-17,2019-05-22,3,RESIDUAL_REVERTED,38.79142761230469,38.704261779785156,-0.0022470385310563445,-48.73373077834911,9293.824671369031
SWKS,1,2019-05-17,2019-05-22,3,RESIDUAL_REVERTED,60.207515716552734,57.83988571166992,-0.03932449257712667,-392.80820090752127,9293.824671369031
AEP,-1,2019-05-21,2019-05-22,1,RESIDUAL_REVERTED,67.01728057861328,67.36662292480469,-0.005212720408456661,-75.84004909156602,9137.166840969157
NOC,-1,2019-05-21,2019-05-22,1,RESIDUAL_REVERTED,278.71014404296875,279.2496337890625,-0.0019356659871359039,-45.85225956574027,9137.166840969157
KEYS,1,2019-05-20,2019-05-23,3,RESIDUAL_REVERTED,77.80999755859375,74.66999816894531,-0.04035470361355431,-399.5712049514436,9229.214708841637
AZO,-1,2019-05-22,2019-05-23,1,RESIDUAL_REVERTED,1021.4000244140625,1037.219970703125,-0.01548849217830961,-170.12273359420644,9149.905438368576
HUM,-1,2019-05-20,2019-05-24,4,TRAILING_STOP,231.38720703125,245.4509394615318,-0.060780077735163696,-592.525604891619,9229.214708841637
KSS,1,2019-05-22,2019-05-28,3,RESIDUAL_REVERTED,36.48825454711914,34.155513763427734,-0.06393127905526474,-611.5374264878672,9149.905438368576
LOW,1,2019-05-23,2019-05-28,2,RESIDUAL_REVERTED,84.88975524902344,83.14289093017578,-0.020578034578180193,-213.56036903313066,9069.471680383067
TMO,-1,2019-05-23,2019-05-28,2,RESIDUAL_REVERTED,263.56427001953125,268.3467102050781,-0.018145252333301665,-193.47593938057472,9069.471680383067
NTAP,1,2019-05-24,2019-05-28,1,RESIDUAL_REVERTED,51.07167053222656,51.434574127197266,0.007105770991800764,36.75157421953428,8974.497207956174
CDNS,1,2019-05-21,2019-05-29,5,RESIDUAL_REVERTED,65.4000015258789,63.439998626708984,-0.029969462590828,-300.8367263797468,9137.166840969157
TGT,-1,2019-05-23,2019-05-29,3,RESIDUAL_REVERTED,63.73255920410156,65.5509262084961,-0.028531209590552775,-288.5958286900685,9069.471680383067
NWS,-1,2019-05-21,2019-05-30,6,RESIDUAL_REVERTED,11.077655792236328,11.040481567382812,0.0033557844322594788,-1.0785107155159839,9137.166840969157
QCOM,1,2019-05-23,2019-05-30,4,RESIDUAL_REVERTED,56.36021041870117,55.47721481323242,-0.01566700335057225,-169.0867210808244,9069.471680383067
CPRT,-1,2019-05-24,2019-05-30,3,RESIDUAL_REVERTED,17.655000686645508,17.6299991607666,0.0014161158259153872,-16.345598901268524,8974.497207956174
INTU,-1,2019-05-28,2019-05-30,2,RESIDUAL_REVERTED,243.39419555664062,237.31884765625,0.024960939953791228,194.4866893947838,8904.266433464387
MO,1,2019-05-29,2019-05-30,1,RESIDUAL_REVERTED,27.63109588623047,28.260093688964844,0.022764127971045323,175.40200573377962,8890.125074503769
AMD,-1,2019-05-29,2019-05-30,1,RESIDUAL_REVERTED,29.0,28.399999618530273,0.020689668326542288,156.85583923062384,8890.125074503769
GIS,1,2019-05-29,2019-05-31,2,RESIDUAL_REVERTED,37.33130645751953,36.981201171875,-0.00937832931303717,-109.91983402542307,8890.125074503769
PEP,-1,2019-05-30,2019-05-31,1,RESIDUAL_REVERTED,101.40467071533203,101.28596496582031,0.0011706142199796599,-17.094185986120227,8962.599913884938
PVH,1,2019-05-31,2019-06-03,1,RESIDUAL_REVERTED,81.90929412841797,83.68905639648438,0.021728453248248902,167.01551135089733,8933.288239932535
KEYS,-1,2019-05-31,2019-06-03,1,RESIDUAL_REVERTED,78.58000183105469,75.1500015258789,0.043649786526477885,363.0433007903872,8933.288239932535
GILD,1,2019-05-29,2019-06-04,4,RESIDUAL_REVERTED,48.18467712402344,48.457366943359375,0.005659264222816152,23.5657241968336,8890.125074503769
CPRI,1,2019-05-30,2019-06-04,3,RESIDUAL_REVERTED,34.5,34.209999084472656,-0.008405823638473753,-102.112826908644,8962.599913884938
NUE,1,2019-05-31,2019-06-04,2,RESIDUAL_REVERTED,41.30305480957031,43.48371505737305,0.05279658509175089,444.1397773198759,8933.288239932535
SBAC,-1,2019-05-31,2019-06-04,2,RESIDUAL_REVERTED,192.25234985351562,197.35122680664062,-0.02652179261793175,-265.5310161588395,8933.288239932535
GPN,-1,2019-05-31,2019-06-04,2,RESIDUAL_REVERTED,142.7504119873047,141.76068115234375,0.0069332958215837515,33.8119544145107,8933.288239932535
DG,-1,2019-05-31,2019-06-05,3,RESIDUAL_REVERTED,113.95287322998047,117.78262329101562,-0.033608192162964956,-329.65268779471336,8933.288239932535
RSG,1,2019-06-05,2019-06-06,1,RESIDUAL_REVERTED,76.53112030029297,77.684814453125,0.015074836854669815,108.388832474692,8993.263573946087
VTR,1,2019-06-05,2019-06-06,1,RESIDUAL_REVERTED,47.317138671875,48.53446960449219,0.02572706141550274,204.04339820443727,8993.263573946087
WELL,1,2019-06-05,2019-06-06,1,RESIDUAL_REVERTED,65.21612548828125,66.38965606689453,0.01799448479692578,134.6066102172969,8993.263573946087
CB,1,2019-06-05,2019-06-06,1,RESIDUAL_REVERTED,130.79226684570312,132.99282836914062,0.016824859577007967,124.10364045366882,8993.263573946087
WYNN,-1,2019-06-05,2019-06-06,1,RESIDUAL_REVERTED,106.77467346191406,103.6071548461914,0.029665448865572874,239.5155713557484,8993.263573946087
MAT,-1,2019-06-05,2019-06-06,1,RESIDUAL_REVERTED,10.84000015258789,10.960000038146973,-0.011070099987999793,-127.40907987567084,8993.263573946087
DOC,1,2019-06-05,2019-06-07,2,RESIDUAL_REVERTED,21.226125717163086,21.791337966918945,0.026628140117856747,212.13488101816876,8993.263573946087
MGM,-1,2019-06-05,2019-06-10,3,RESIDUAL_REVERTED,25.289106369018555,26.180662155151367,-0.03525453897513153,-346.6861448538882,8993.263573946087
VRTX,1,2019-06-07,2019-06-10,1,RESIDUAL_REVERTED,169.42999267578125,173.2899932861328,0.02278227455122428,177.95489756842474,9011.240944751144
NSC,1,2019-06-07,2019-06-10,1,RESIDUAL_REVERTED,173.70960998535156,176.86390686035156,0.01815844774083586,136.35097971942832,9011.240944751144
HAS,-1,2019-06-05,2019-06-11,4,RESIDUAL_REVERTED,79.05360412597656,81.50896453857422,-0.031059436691651676,-309.6223716923878,8993.263573946087
CPB,-1,2019-06-06,2019-06-11,3,RESIDUAL_REVERTED,31.99518585205078,32.16386795043945,-0.005272108721877,-77.16565676668382,9053.127233420353
SHW,-1,2019-06-07,2019-06-11,2,RESIDUAL_REVERTED,145.80015563964844,148.40016174316406,-0.017832670288375096,-189.418662806783,9011.240944751144
SCHW,1,2019-06-10,2019-06-11,1,RESIDUAL_REVERTED,39.245479583740234,39.516448974609375,0.006904473935423816,34.98599135746525,8984.318997169355
CF,1,2019-06-10,2019-06-12,2,RESIDUAL_REVERTED,35.46693801879883,35.382930755615234,-0.002368607719647753,-48.20136383298226,8984.318997169355
IFF,-1,2019-06-07,2019-06-13,4,RESIDUAL_REVERTED,122.75413513183594,125.05266571044922,-0.018724669243481706,-198.92995768571168,9011.240944751144
CRM,1,2019-06-11,2019-06-13,2,RESIDUAL_REVERTED,152.400634765625,149.3096466064453,-0.020281990058199417,-208.9056386178061,8984.583187916933
RTX,1,2019-06-11,2019-06-13,2,RESIDUAL_REVERTED,68.44384002685547,66.5862045288086,-0.027141018056818456,-270.43870799818706,8984.583187916933
RF,-1,2019-06-12,2019-06-13,1,RESIDUAL_REVERTED,10.726766586303711,10.644944190979004,0.007627871331625791,40.57195334458866,8895.526905508295
DLR,-1,2019-06-12,2019-06-13,1,RESIDUAL_REVERTED,92.77338409423828,92.69541931152344,0.0008403787732443879,-19.905394886231072,8895.526905508295
SLB,-1,2019-06-12,2019-06-13,1,RESIDUAL_REVERTED,30.522375106811523,30.00814437866211,0.01684766425777451,122.72448425194953,8895.526905508295
MAC,1,2019-06-07,2019-06-14,5,RESIDUAL_REVERTED,24.308170318603516,23.76108741760254,-0.022506132457953187,-229.53769287388414,9011.240944751144
MSCI,1,2019-06-12,2019-06-17,3,RESIDUAL_REVERTED,218.32904052734375,218.32907104492188,1.3977791524233396e-07,-26.685339183416232,8895.526905508295
MNST,1,2019-06-14,2019-06-17,1,RESIDUAL_REVERTED,15.202500343322754,15.369999885559082,0.011017894323541055,71.36498914618852,8919.09905478461
UNP,1,2019-06-14,2019-06-17,1,RESIDUAL_REVERTED,142.77684020996094,141.30213928222656,-0.010328712454805378,-118.74192244291095,8919.09905478461
AAL,-1,2019-06-14,2019-06-17,1,RESIDUAL_REVERTED,32.62771224975586,31.766738891601562,0.02638779426408422,208.24944806829402,8919.09905478461
DIS,-1,2019-06-14,2019-06-17,1,RESIDUAL_REVERTED,136.06358337402344,134.87586975097656,0.008729107330519015,50.50938774363176,8919.099054784609
LYB,-1,2019-06-11,2019-06-18,5,RESIDUAL_REVERTED,53.78644943237305,54.91572570800781,-0.020995553481451434,-219.47700152749425,8984.583187916933
FFIV,1,2019-06-17,2019-06-18,1,RESIDUAL_REVERTED,136.94000244140625,140.32000732421875,0.024682377848348036,192.5715731538777,8896.669957386364
NWS,-1,2019-06-18,2019-06-18,0,STOP_LOSS,11.839709281921387,12.313297653198243,-0.040000000000000036,-383.3501911929398,8902.69835561866
NWSA,-1,2019-06-18,2019-06-18,0,STOP_LOSS,11.356472969055176,11.810731887817383,-0.040000000000000036,-383.35019119293946,8902.69835561866
AMAT,1,2019-06-13,2019-06-19,4,RESIDUAL_REVERTED,38.86713409423828,39.87594223022461,0.02595530026835391,204.78542501731135,8936.208002604957
UAL,-1,2019-06-14,2019-06-19,3,RESIDUAL_REVERTED,87.06999969482422,87.76000213623047,-0.00792468638824717,-99.66862704852637,8919.09905478461
CF,-1,2019-06-14,2019-06-19,3,RESIDUAL_REVERTED,37.81907653808594,39.583168029785156,-0.046645546459144205,-445.6149387547882,8919.09905478461
TSN,1,2019-06-18,2019-06-20,2,RESIDUAL_REVERTED,63.59651184082031,62.90892028808594,-0.010811780911119673,-122.8177381693819,8902.69835561866
BA,-1,2019-06-19,2019-06-20,1,RESIDUAL_REVERTED,368.7137145996094,366.3564453125,0.006393223777068191,29.352324147662404,8828.04647811724
NWSA,-1,2019-06-19,2019-06-20,1,STOP_LOSS,11.959059715270996,12.610827767178051,-0.054499941251634265,-509.0600116269069,8828.04647811724
NWS,-1,2019-06-19,2019-06-20,1,STOP_LOSS,12.313669204711914,12.92303606087197,-0.04948702503124558,-464.73869855413164,8828.04647811724
ECL,1,2019-06-18,2019-06-21,3,RESIDUAL_REVERTED,176.04551696777344,178.01771545410156,0.011202775965542866,72.87723769719574,8902.69835561866
IQV,-1,2019-06-20,2019-06-21,1,RESIDUAL_REVERTED,156.8800048828125,155.75999450683594,0.007139280603753129,35.7367871144409,8776.616228571856
RJF,1,2019-06-20,2019-06-24,2,RESIDUAL_REVERTED,48.74471664428711,49.0729866027832,0.006734472597135666,32.68737397894733,8776.616228571856
ADBE,-1,2019-06-20,2019-06-24,2,RESIDUAL_REVERTED,293.25,300.0,-0.023017902813299296,-230.08077762210033,8776.616228571856
ORCL,-1,2019-06-21,2019-06-24,1,RESIDUAL_REVERTED,51.43670654296875,50.635536193847656,0.01557584851300342,109.32459338488027,8731.114837101906
SLG,1,2019-06-19,2019-06-24,3,TRAILING_STOP,54.32679748535156,53.318458455323054,-0.018560619743882234,-190.09237217536224,8828.04647811724
AMP,1,2019-06-18,2019-06-25,5,RESIDUAL_REVERTED,130.59722900390625,130.0685272216797,-0.004048338439177401,-62.69516932835993,8902.69835561866
ETN,-1,2019-06-21,2019-06-25,2,RESIDUAL_REVERTED,72.5204849243164,72.0916519165039,0.0059132672411117415,24.129547037480357,8731.114837101906
ARE,1,2019-06-24,2019-06-25,1,RESIDUAL_REVERTED,110.15834045410156,110.10552978515625,-0.00047940690398573516,-30.33398897736504,8719.951538310754
BMY,1,2019-06-25,2019-06-26,1,RESIDUAL_REVERTED,34.781185150146484,34.81913757324219,0.001091176822522577,-16.625985995139544,8702.60905420722
WAB,1,2019-06-25,2019-06-26,1,RESIDUAL_REVERTED,65.43547058105469,65.83809661865234,0.006153024254619277,27.359216379501262,8702.60905420722
DUK,-1,2019-06-24,2019-06-27,3,RESIDUAL_REVERTED,67.32657623291016,66.1621322631836,0.01729545797336074,122.81230888710441,8719.951538310754
HCA,-1,2019-06-25,2019-06-27,2,RESIDUAL_REVERTED,123.82740020751953,126.22809600830078,-0.019387436034011607,-196.49390366445684,8702.60905420722
ABBV,1,2019-06-26,2019-06-27,1,RESIDUAL_REVERTED,49.7227668762207,50.40309143066406,0.013682355129933876,92.32425036324403,8659.323636958732
MOS,-1,2019-06-26,2019-06-27,1,RESIDUAL_REVERTED,20.847434997558594,20.942197799682617,-0.004545537718914527,-66.0838389909313,8659.323636958732
ATO,-1,2019-06-26,2019-06-27,1,RESIDUAL_REVERTED,90.27200317382812,87.49581909179688,0.030753544669718025,240.0618025224912,8659.323636958732
CCL,1,2019-06-21,2019-06-28,5,RESIDUAL_REVERTED,44.36524200439453,43.7564582824707,-0.013722087256134552,-145.82275046989213,8731.114837101906
GIS,1,2019-06-27,2019-06-28,1,RESIDUAL_REVERTED,38.967647552490234,39.690673828125,0.018554527179523328,135.25531438977927,8711.146255097172
LEN,1,2019-06-26,2019-07-01,3,RESIDUAL_REVERTED,41.86680603027344,42.936492919921875,0.02554976104159845,194.933813320725,8659.323636958732
CAG,1,2019-06-28,2019-07-01,1,RESIDUAL_REVERTED,18.44105339050293,19.31057357788086,0.047151329642900475,384.44549347729657,8721.42099651935
MAC,-1,2019-06-28,2019-07-01,1,RESIDUAL_REVERTED,22.552093505859375,22.734458923339844,-0.008086407474015012,-97.4892636881848,8721.42099651935
TRIP,-1,2019-06-28,2019-07-01,1,RESIDUAL_REVERTED,41.671451568603516,41.87598419189453,-0.004908219310630235,-69.71887664845998,8721.42099651935
MKC,-1,2019-06-28,2019-07-01,1,RESIDUAL_REVERTED,66.73568725585938,66.9732894897461,-0.0035603474491208154,-57.95663497585379,8721.42099651935
ROL,-1,2019-06-28,2019-07-01,1,RESIDUAL_REVERTED,22.281463623046875,21.977148056030273,0.013657790716307905,92.45156747312964,8721.42099651935
DINO,-1,2019-06-21,2019-07-01,6,TRAILING_STOP,34.499324798583984,36.898590087890625,-0.06954528250376413,-638.5292072004186,8731.114837101906
PAYX,1,2019-06-27,2019-07-02,3,RESIDUAL_REVERTED,65.58232116699219,66.44693756103516,0.013183680886216242,88.53926615649658,8711.146255097172
AXP,1,2019-07-01,2019-07-02,1,RESIDUAL_REVERTED,113.99919128417969,113.52609252929688,-0.004150018518144227,-62.53320162446365,8753.500742817658
CSCO,1,2019-07-01,2019-07-03,2,RESIDUAL_REVERTED,44.81111145019531,45.510093688964844,0.015598413343226314,110.07540947407601,8753.500742817658
LHX,1,2019-07-02,2019-07-03,1,RESIDUAL_REVERTED,158.6977996826172,160.96878051757812,0.01431009654514881,98.39877498389441,8716.625735605867
COTY,1,2019-07-02,2019-07-03,1,RESIDUAL_REVERTED,10.730284690856934,11.232964515686035,0.04684683019243896,381.58388905162286,8716.625735605867
QRVO,-1,2019-07-02,2019-07-03,1,RESIDUAL_REVERTED,70.37000274658203,69.9000015258789,0.006678999607200531,31.471367598099473,8716.625735605867
MCHP,-1,2019-07-02,2019-07-03,1,RESIDUAL_REVERTED,39.753047943115234,38.91362762451172,0.02111587317291208,157.50614372621015,8716.625735605867
SWKS,-1,2019-07-02,2019-07-03,1,RESIDUAL_REVERTED,68.49967956542969,68.33181762695312,0.0024505507112076996,-5.442571466285839,8716.625735605867
CBOE,-1,2019-07-02,2019-07-03,1,TRAILING_STOP,97.20097351074219,99.62074700947198,-0.024894539749258593,-244.17502924605614,8716.625735605867
ADP,1,2019-07-03,2019-07-05,1,RESIDUAL_REVERTED,138.8500518798828,138.841552734375,-6.121096386169089e-05,-26.906578450675386,8789.784766590723
EOG,1,2019-07-03,2019-07-08,2,RESIDUAL_REVERTED,64.96794891357422,64.93103790283203,-0.0005681418508577396,-31.35570811882507,8789.784766590723
GEN,-1,2019-07-05,2019-07-08,1,RESIDUAL_REVERTED,12.363425254821777,12.874844551086426,-0.04136550233643321,-389.2474318565559,8745.711502319018
CAG,-1,2019-07-05,2019-07-08,1,RESIDUAL_REVERTED,20.296030044555664,20.22357177734375,0.0035700709475127157,4.337167138105791,8745.711502319018
MSI,-1,2019-07-02,2019-07-09,4,RESIDUAL_REVERTED,151.9869384765625,153.84475708007812,-0.012223541194640974,-135.66980853783934,8716.625735605867
AVGO,1,2019-07-05,2019-07-10,3,RESIDUAL_REVERTED,23.806529998779297,23.320581436157227,-0.020412406287140028,-204.4903694377235,8745.711502319018
NCLH,1,2019-07-05,2019-07-10,3,RESIDUAL_REVERTED,52.72999954223633,50.970001220703125,-0.03337755237648843,-317.70971257965977,8745.711502319018
JEF,-1,2019-07-05,2019-07-10,3,RESIDUAL_REVERTED,15.018819808959961,15.450607299804688,-0.028749761721432288,-280.1915940685723,8745.711502319018
MSCI,1,2019-07-09,2019-07-10,1,RESIDUAL_REVERTED,215.8649139404297,221.26571655273438,0.025019362867812367,188.36339973311954,8569.048480916823
NKE,-1,2019-07-09,2019-07-10,1,RESIDUAL_REVERTED,78.765625,79.10538482666016,-0.004313554633257333,-63.40526885959831,8569.048480916823
ZBH,-1,2019-07-09,2019-07-10,1,RESIDUAL_REVERTED,110.50249481201172,110.85993957519531,-0.0032347212050884977,-54.148022548568804,8569.048480916823
ROK,1,2019-07-08,2019-07-10,2,TRAILING_STOP,139.71636962890625,135.3731299348079,-0.031086119011209723,-296.1344202034812,8699.731448943807
IPGP,1,2019-07-08,2019-07-11,3,RESIDUAL_REVERTED,147.41000366210938,142.72999572753906,-0.03174823837124208,-301.8860404319801,8699.731448943807
EXPD,1,2019-07-11,2019-07-12,1,RESIDUAL_REVERTED,66.06349182128906,67.05872344970703,0.015064774824652183,103.19579523375154,8569.529376388113
CFG,1,2019-07-11,2019-07-12,1,RESIDUAL_REVERTED,25.65804100036621,26.039255142211914,0.014857492114860316,101.42214443587906,8569.529376388113
PEP,-1,2019-07-11,2019-07-12,1,RESIDUAL_REVERTED,106.97748565673828,106.81006622314453,0.0015649969015999465,-12.958015134365105,8569.529376388113
UNM,1,2019-07-11,2019-07-15,2,RESIDUAL_REVERTED,25.20321273803711,25.51011085510254,0.012176944275134272,78.48556752871842,8569.529376388113
SJM,1,2019-07-11,2019-07-15,2,RESIDUAL_REVERTED,92.281982421875,89.64602661132812,-0.028564143740393177,-270.1226851204944,8569.529376388113
GIS,-1,2019-07-11,2019-07-15,2,RESIDUAL_REVERTED,41.98159408569336,41.082977294921875,0.021405018326298375,156.6661161387218,8569.529376388113
ES,-1,2019-07-11,2019-07-15,2,RESIDUAL_REVERTED,59.62334060668945,59.37785339355469,0.004117300551039982,8.266021843906195,8569.529376388113
IRM,1,2019-07-12,2019-07-15,1,RESIDUAL_REVERTED,20.786800384521484,21.213302612304688,0.02051793541543745,149.7380841188629,8562.745286114858
CI,-1,2019-07-12,2019-07-15,1,RESIDUAL_REVERTED,157.30735778808594,161.0399932861328,-0.023728295678802525,-229.86868658468322,8562.745286114858
LHX,-1,2019-07-10,2019-07-16,4,RESIDUAL_REVERTED,166.65049743652344,166.62442016601562,0.0001564788038976861,-27.15197484870656,8581.130829872829
JNJ,1,2019-07-15,2019-07-16,1,RESIDUAL_REVERTED,110.93817138671875,108.92244720458984,-0.0181697981581318,-181.06021015911966,8563.785643577385
JBHT,-1,2019-07-15,2019-07-16,1,TRAILING_STOP,87.09353637695312,93.30244445800781,-0.07129011335791513,-637.7969721770237,8563.785643577385
GEN,1,2019-07-16,2019-07-17,1,RESIDUAL_REVERTED,11.251214027404785,11.717945098876953,0.041482729804565244,329.403354921294,8573.634022645647
DTE,1,2019-07-16,2019-07-17,1,RESIDUAL_REVERTED,86.46231842041016,86.79593658447266,0.003858538264499556,7.311170331843504,8573.634022645647
AWK,1,2019-07-16,2019-07-17,1,RESIDUAL_REVERTED,100.1302719116211,100.92803955078125,0.007967297241180837,42.48532559153949,8573.634022645647
CF,-1,2019-07-16,2019-07-17,1,RESIDUAL_REVERTED,40.22161865234375,40.04520797729492,0.004385966576174738,11.26114455013342,8573.634022645647
GILD,-1,2019-07-16,2019-07-17,1,RESIDUAL_REVERTED,52.054203033447266,51.33538055419922,0.013809115063891597,92.1818367630102,8573.634022645647
ILMN,1,2019-07-15,2019-07-18,3,RESIDUAL_REVERTED,296.85797119140625,294.7470703125,-0.007110810838039439,-86.49547351007524,8563.785643577385
CSX,1,2019-07-18,2019-07-19,1,RESIDUAL_REVERTED,21.6177978515625,21.79030990600586,0.007980093792527176,42.28227302794452,8510.7126937751
NSC,1,2019-07-18,2019-07-19,1,RESIDUAL_REVERTED,167.96279907226562,170.2442626953125,0.01358314838552599,89.8967318947225,8510.7126937751
CTAS,-1,2019-07-18,2019-07-19,1,RESIDUAL_REVERTED,60.39019012451172,60.970863342285156,-0.009615356675914066,-108.1655685138026,8510.7126937751
JBHT,-1,2019-07-17,2019-07-19,2,TRAILING_STOP,91.05487823486328,94.53029288831304,-0.03816835210613778,-353.407986380385,8539.22827862502
WEC,-1,2019-07-16,2019-07-22,4,RESIDUAL_REVERTED,68.21633911132812,68.68373107910156,-0.006851613174530868,-87.29583945325352,8573.634022645647
PLD,-1,2019-07-17,2019-07-22,3,RESIDUAL_REVERTED,66.86626434326172,66.14681243896484,0.010759564802417132,64.3702521692999,8539.22827862502
TXT,1,2019-07-18,2019-07-22,2,RESIDUAL_REVERTED,48.3178596496582,48.64485168457031,0.006767519035053571,31.977877460434364,8510.7126937751
USB,-1,2019-07-18,2019-07-22,2,RESIDUAL_REVERTED,40.63578414916992,41.046485900878906,-0.01010689864384906,-113.04573717498364,8510.7126937751
CCI,1,2019-07-19,2019-07-22,1,RESIDUAL_REVERTED,92.79246520996094,91.30085754394531,-0.016074663633955377,-161.47082832714517,8475.913526870538
TEL,1,2019-07-17,2019-07-23,4,RESIDUAL_REVERTED,79.890869140625,79.85537719726562,-0.00044425531654812556,-29.405592001529513,8539.22827862502
AXP,1,2019-07-22,2019-07-23,1,RESIDUAL_REVERTED,113.8537368774414,115.34139251708984,0.013066375162106736,85.21855144834247,8482.179243034017
SYF,1,2019-07-22,2019-07-23,1,RESIDUAL_REVERTED,29.532609939575195,29.725627899169922,0.0065357569137860505,29.907767710082993,8482.179243034017
CFG,-1,2019-07-22,2019-07-23,1,RESIDUAL_REVERTED,26.77967071533203,26.933616638183594,-0.005748611492949474,-74.95454226335407,8482.179243034017
STT,-1,2019-07-22,2019-07-23,1,RESIDUAL_REVERTED,48.0401725769043,47.67921447753906,0.007513671995815652,37.71560321452511,8482.179243034017
HPE,1,2019-07-23,2019-07-24,1,RESIDUAL_REVERTED,11.572216987609863,11.76508903503418,0.016666819126431864,115.8465910272278,8492.019421720992
AMCR,1,2019-07-23,2019-07-24,1,RESIDUAL_REVERTED,38.15399169921875,38.29532241821289,0.0037042184238100795,5.933052089932485,8492.019421720992
HAL,-1,2019-07-23,2019-07-24,1,RESIDUAL_REVERTED,20.541479110717773,20.619583129882812,-0.003802258773287992,-58.49215722931995,8492.019421720992
AMAT,-1,2019-07-23,2019-07-24,1,RESIDUAL_REVERTED,47.3018913269043,47.62881088256836,-0.0069113421576467715,-84.93450730152713,8492.019421720992
LRCX,-1,2019-07-23,2019-07-24,1,RESIDUAL_REVERTED,19.102367401123047,19.323204040527344,-0.011560694795939908,-124.47794568000681,8492.019421720992
ZION,1,2019-07-24,2019-07-25,1,RESIDUAL_REVERTED,33.44680404663086,34.128273010253906,0.020374710919254246,147.02901162837537,8477.1534697709
WHR,1,2019-07-24,2019-07-25,1,RESIDUAL_REVERTED,104.10538482666016,107.26496887207031,0.030349861831556524,231.4630554683353,8477.1534697709
SWK,-1,2019-07-24,2019-07-25,1,RESIDUAL_REVERTED,120.24842071533203,121.89643859863281,-0.013705110416395216,-142.4686923862461,8477.1534697709
PHM,1,2019-07-24,2019-07-26,2,RESIDUAL_REVERTED,28.787370681762695,29.474559783935547,0.023871200665373626,176.62483139143484,8477.1534697709
APH,1,2019-07-25,2019-07-26,1,RESIDUAL_REVERTED,10.772658348083496,10.983177185058594,0.019541957998932435,139.95992990828427,8475.924322441087
AFL,1,2019-07-25,2019-07-26,1,RESIDUAL_REVERTED,45.47107696533203,45.42041015625,-0.001114264549323507,-34.85802832957556,8475.924322441087
TXN,-1,2019-07-25,2019-07-26,1,RESIDUAL_REVERTED,105.15328216552734,104.52361297607422,0.005988107803063469,24.736902139005867,8475.924322441087
EW,-1,2019-07-25,2019-07-26,1,RESIDUAL_REVERTED,70.8499984741211,70.6433334350586,0.002916937805411357,-1.3393824948078372,8475.924322441087
LEN,-1,2019-07-24,2019-07-29,3,RESIDUAL_REVERTED,40.22610092163086,41.814449310302734,-0.03948551692261493,-362.7448051312454,8477.1534697709
AAL,1,2019-07-26,2019-07-29,1,RESIDUAL_REVERTED,31.66777801513672,30.648469924926758,-0.03218754690407222,-297.8879160117427,8477.351790465045
BAX,-1,2019-07-26,2019-07-29,1,RESIDUAL_REVERTED,75.72769927978516,75.20689392089844,0.006877342951652876,32.289266175335875,8477.351790465045
UPS,-1,2019-07-25,2019-07-30,3,RESIDUAL_REVERTED,85.26593017578125,87.0260009765625,-0.02064213452140562,-202.7376066807592,8475.924322441087
ALGN,1,2019-07-26,2019-07-31,3,RESIDUAL_REVERTED,203.25999450683594,208.0,0.023319913516009816,171.96251856114375,8477.351790465045
MHK,1,2019-07-29,2019-07-31,2,RESIDUAL_REVERTED,127.45999908447266,125.16999816894531,-0.0179664281498203,-176.24063934989158,8416.668031439363
GOOG,-1,2019-07-29,2019-07-31,2,RESIDUAL_REVERTED,61.47026824951172,60.57624435424805,0.01454400510560283,96.01914389356361,8416.668031439363
GOOGL,-1,2019-07-29,2019-07-31,2,RESIDUAL_REVERTED,61.53940963745117,60.66621780395508,0.014189148687651643,93.02665935055674,8416.668031439363
XOM,-1,2019-07-30,2019-07-31,1,RESIDUAL_REVERTED,54.35356903076172,54.33908462524414,0.0002664849020196369,-23.526998225198298,8364.301147448687
AMZN,1,2019-07-29,2019-07-31,2,TRAILING_STOP,96.5,92.74704345703125,-0.038890741377914484,-352.08946807927526,8416.668031439363
PFE,1,2019-07-30,2019-08-01,2,RESIDUAL_REVERTED,26.544673919677734,25.770540237426758,-0.029163427834655198,-268.6586988039384,8364.301147448687
MRK,-1,2019-07-30,2019-08-01,2,RESIDUAL_REVERTED,64.06693267822266,63.357547760009766,0.011072559408701332,66.34616669998788,8364.301147448687
WMB,1,2019-07-29,2019-08-02,4,RESIDUAL_REVERTED,17.11505126953125,17.45612335205078,0.019928195197797427,142.2274058460995,8416.668031439363
MLM,-1,2019-07-31,2019-08-02,2,RESIDUAL_REVERTED,235.6287078857422,231.01417541503906,0.01958391450731356,138.30472554353574,8404.75112764805
XEL,1,2019-08-01,2019-08-02,1,RESIDUAL_REVERTED,47.24965286254883,48.846038818359375,0.033786194375956535,257.991194297099,8393.911525110765
MDLZ,1,2019-08-01,2019-08-02,1,RESIDUAL_REVERTED,44.78745651245117,44.846168518066406,0.001310902877436515,-14.194637208274013,8393.911525110765
AMD,1,2019-08-01,2019-08-02,1,RESIDUAL_REVERTED,30.5,29.479999542236328,-0.03344263795946467,-305.47520695709227,8393.911525110765
ALL,-1,2019-08-01,2019-08-02,1,RESIDUAL_REVERTED,91.0097427368164,88.46597290039062,0.027950522218065155,209.1355968729762,8393.911525110765
AKAM,-1,2019-08-01,2019-08-05,2,RESIDUAL_REVERTED,88.12000274658203,86.55999755859375,0.017703190414945724,122.29125482507118,8393.911525110765
SPGI,-1,2019-08-02,2019-08-05,1,RESIDUAL_REVERTED,228.6785430908203,223.71250915527344,0.021716221681430725,157.26172353858533,8423.069730015744
MCO,-1,2019-08-01,2019-08-06,3,RESIDUAL_REVERTED,200.24246215820312,191.8993682861328,0.04166495848157714,323.09390593935825,8393.911525110765
PRU,1,2019-08-02,2019-08-06,2,RESIDUAL_REVERTED,62.85731887817383,60.225215911865234,-0.04187424811118612,-377.4498563549492,8423.069730015744
NTAP,1,2019-08-05,2019-08-06,1,RESIDUAL_REVERTED,37.66364288330078,37.80495071411133,0.003751836519063856,6.28816548279951,8426.818048462088
XEL,1,2019-08-05,2019-08-06,1,RESIDUAL_REVERTED,48.188232421875,47.65878677368164,-0.010987031928421986,-117.72729452041155,8426.818048462088
PWR,1,2019-08-05,2019-08-06,1,RESIDUAL_REVERTED,32.35091781616211,32.33124542236328,-0.0006080938386545665,-30.39706383591698,8426.818048462088
FTNT,-1,2019-08-05,2019-08-06,1,RESIDUAL_REVERTED,16.673999786376953,16.29199981689453,0.02290991809862708,167.41818386527382,8426.818048462088
NWL,-1,2019-08-05,2019-08-06,1,RESIDUAL_REVERTED,10.623473167419434,10.778975486755371,-0.014637615861151643,-149.48591237655853,8426.818048462088
MTD,1,2019-08-05,2019-08-07,2,RESIDUAL_REVERTED,701.47998046875,701.260009765625,-0.0003135808708012444,-27.9189793536937,8426.818048462088
WEC,-1,2019-08-06,2019-08-07,1,RESIDUAL_REVERTED,69.095703125,69.52349853515625,-0.006191346072306869,-78.51020090050926,8459.596868335022
J,-1,2019-08-06,2019-08-08,2,RESIDUAL_REVERTED,64.03955841064453,65.45886993408203,-0.022163043572792418,-214.52233914824518,8459.596868335022
IFF,1,2019-08-07,2019-08-08,1,RESIDUAL_REVERTED,97.10002136230469,100.58535766601562,0.035894289772669286,276.95617623952677,8433.385969306995
MOS,1,2019-08-07,2019-08-08,1,RESIDUAL_REVERTED,18.822994232177734,19.632768630981445,0.04302048806982106,336.96401000212495,8433.385969306995
DXC,1,2019-08-07,2019-08-08,1,RESIDUAL_REVERTED,47.34458923339844,48.56526184082031,0.02578272675266491,191.80937460941013,8433.385969306995
ZTS,-1,2019-08-07,2019-08-08,1,RESIDUAL_REVERTED,112.68323516845703,114.0947036743164,-0.012525984932446166,-131.76628226360663,8433.385969306995
UDR,-1,2019-08-07,2019-08-08,1,RESIDUAL_REVERTED,35.201744079589844,35.31615447998047,-0.003250134428906426,-53.42254730678617,8433.385969306995
AES,1,2019-08-07,2019-08-09,2,RESIDUAL_REVERTED,12.044183731079102,12.159625053405762,0.009584819104741182,55.41107232991471,8433.385969306995
TDG,-1,2019-08-07,2019-08-12,3,RESIDUAL_REVERTED,391.0496520996094,402.6800842285156,-0.029741573906179264,-278.5729268926632,8433.385969306995
NI,-1,2019-08-09,2019-08-12,1,RESIDUAL_REVERTED,22.928585052490234,22.70598030090332,0.009708612680516815,56.11860321640905,8445.804963272856
CNP,1,2019-08-08,2019-08-13,3,RESIDUAL_REVERTED,22.80487823486328,22.73943519592285,-0.002869694732260508,-49.75192541917579,8482.28741927919
WAB,1,2019-08-09,2019-08-13,2,RESIDUAL_REVERTED,68.65079498291016,65.18464660644531,-0.050489559186134736,-451.1227470031824,8445.804963272856
AMD,-1,2019-08-09,2019-08-13,2,RESIDUAL_REVERTED,33.45000076293945,32.36000061035156,0.03258595299631639,248.9550175526959,8445.804963272856
GEN,-1,2019-08-09,2019-08-13,2,RESIDUAL_REVERTED,11.405135154724121,10.705041885375977,0.06138403971987638,492.5746173477854,8445.804963272856
PRGO,1,2019-08-09,2019-08-14,3,RESIDUAL_REVERTED,36.538211822509766,36.654903411865234,0.0031936863774919555,1.5953774899535365,8445.804963272856
AWK,-1,2019-08-13,2019-08-14,1,RESIDUAL_REVERTED,106.41541290283203,106.69407653808594,-0.0026186397971161846,-47.84768867670595,8391.839508435778
KHC,1,2019-08-09,2019-08-14,3,TRAILING_STOP,19.208457946777344,17.73798251183853,-0.07655353901980033,-670.9238403096359,8445.804963272856
AIZ,-1,2019-08-08,2019-08-15,5,RESIDUAL_REVERTED,104.1871566772461,106.58145904541016,-0.022980782320235482,-224.0986041728901,8482.28741927919
AMGN,-1,2019-08-13,2019-08-15,2,RESIDUAL_REVERTED,163.47845458984375,161.86077880859375,0.009895345446643944,56.65866404388775,8391.839508435778
SO,1,2019-08-14,2019-08-15,1,RESIDUAL_REVERTED,43.48400115966797,43.33237075805664,-0.003487038854924185,-54.29880899517144,8377.108132510479
BBY,-1,2019-08-14,2019-08-15,1,RESIDUAL_REVERTED,51.151058197021484,50.5238151550293,0.012262562380942366,77.09757394412364,8377.108132510479
DLTR,-1,2019-08-14,2019-08-15,1,RESIDUAL_REVERTED,92.30000305175781,93.72000122070312,-0.015384595037868376,-154.87417477743844,8377.108132510479
DXC,1,2019-08-12,2019-08-15,3,TRAILING_STOP,34.4597282409668,29.29900493621826,-0.14976099836484802,-1274.3941094843622,8354.690879322778
UDR,1,2019-08-14,2019-08-16,2,RESIDUAL_REVERTED,35.68227767944336,35.57550048828125,-0.0029924432549220947,-50.161743093325555,8377.108132510479
CBRE,1,2019-08-15,2019-08-16,1,RESIDUAL_REVERTED,50.0,50.81999969482422,0.016399993896484277,111.18837331628339,8312.904584395195
BRK-B,-1,2019-08-15,2019-08-19,2,RESIDUAL_REVERTED,197.0800018310547,202.72000122070312,-0.028617816811688845,-264.5252041361279,8312.904584395195
TPR,1,2019-08-16,2019-08-19,1,RESIDUAL_REVERTED,15.76524829864502,17.039201736450195,0.08080769891297357,639.6359388698561,8233.554644681875
CMS,-1,2019-08-16,2019-08-19,1,RESIDUAL_REVERTED,49.56877899169922,49.62556838989258,-0.0011456686920383596,-34.80237247147645,8233.554644681875
CSCO,1,2019-08-16,2019-08-20,2,RESIDUAL_REVERTED,37.88017654418945,39.61017990112305,0.04567041431064722,350.7651431601215,8233.554644681875
A,-1,2019-08-16,2019-08-20,2,RESIDUAL_REVERTED,66.44682312011719,67.89173889160156,-0.021745445510199524,-205.3467807247507,8233.554644681875
BFH,1,2019-08-19,2019-08-20,1,TRAILING_STOP,97.82806396484375,95.96098327636719,-0.01908532800104812,-182.20929804014563,8260.950095227856
WMT,-1,2019-08-16,2019-08-21,3,RESIDUAL_REVERTED,34.56892776489258,34.53862380981445,0.0008766240967676975,-19.41305700096865,8233.554644681875
BF-B,-1,2019-08-16,2019-08-21,3,RESIDUAL_REVERTED,49.67898941040039,50.941650390625,-0.025416398264338946,-236.27694505694652,8233.554644681875
CBOE,1,2019-08-20,2019-08-21,1,RESIDUAL_REVERTED,108.83413696289062,109.54470825195312,0.006528937600752904,29.00951499085658,8243.343662194193
NVDA,-1,2019-08-20,2019-08-21,1,RESIDUAL_REVERTED,4.227819442749023,4.227075576782227,0.00017594553808886193,-23.921391267642093,8243.343662194193
KSS,1,2019-08-21,2019-08-22,1,RESIDUAL_REVERTED,30.930692672729492,32.19123077392578,0.04075363311561597,309.5406384890778,8212.260173659586
M,1,2019-08-15,2019-08-23,6,RESIDUAL_REVERTED,12.521970748901367,11.50910758972168,-0.08088688110603937,-696.3350311298634,8312.904584395195
AMAT,1,2019-08-19,2019-08-23,4,RESIDUAL_REVERTED,44.46227264404297,43.6402473449707,-0.0184881529932861,-177.28346495231182,8260.950095227856
EL,-1,2019-08-20,2019-08-23,3,RESIDUAL_REVERTED,181.56674194335938,183.5154571533203,-0.010732776218283613,-115.33323453039017,8243.343662194193
MKC,1,2019-08-21,2019-08-23,2,RESIDUAL_REVERTED,69.81891632080078,70.52115631103516,0.010058019047556543,57.83839012530464,8212.260173659586
AFL,1,2019-08-22,2019-08-23,1,RESIDUAL_REVERTED,41.62358474731445,41.87815856933594,0.00611609556377557,25.45642538528196,8193.456460755915
TGT,-1,2019-08-22,2019-08-26,2,RESIDUAL_REVERTED,86.98588562011719,86.58968353271484,0.004554785923921334,11.500486607070213,8193.456460755915
LOW,-1,2019-08-22,2019-08-26,2,RESIDUAL_REVERTED,95.17401123046875,94.48905181884766,0.007196916498164896,33.18841510071976,8193.456460755915
PNW,1,2019-08-23,2019-08-26,1,RESIDUAL_REVERTED,70.79969787597656,70.09272766113281,-0.009985497622916228,-106.3835139629784,8201.947113688686
MDT,-1,2019-08-21,2019-08-27,4,RESIDUAL_REVERTED,86.58381652832031,86.87617492675781,-0.003376594035236158,-55.02787099370979,8212.260173659586
TJX,-1,2019-08-22,2019-08-27,3,RESIDUAL_REVERTED,48.974510192871094,49.15712356567383,-0.0037287432193515713,-57.13437605003836,8193.456460755915
CBRE,1,2019-08-26,2019-08-27,1,RESIDUAL_REVERTED,49.65999984741211,49.79999923706055,0.0028191580764922453,-1.52595837547514,8245.274374354338
HAS,1,2019-08-26,2019-08-27,1,RESIDUAL_REVERTED,81.13409423828125,82.9491958618164,0.02237162614035504,159.4476823110499,8245.274374354338
KMI,1,2019-08-26,2019-08-27,1,RESIDUAL_REVERTED,13.231775283813477,13.419168472290039,0.014162361773616405,91.86157665135337,8245.274374354338
MCD,1,2019-08-26,2019-08-27,1,RESIDUAL_REVERTED,182.31854248046875,183.58421325683594,0.006942084766297318,32.41771141464144,8245.274374354338
CRM,-1,2019-08-26,2019-08-28,2,RESIDUAL_REVERTED,150.6343536376953,149.64328002929688,0.006579333229537854,28.277979281417803,8245.274374354338
ROK,1,2019-08-27,2019-08-28,1,RESIDUAL_REVERTED,129.427490234375,129.11721801757812,-0.002397266733945136,-44.298528197344964,8213.057407838189
BMY,-1,2019-08-27,2019-08-28,1,RESIDUAL_REVERTED,37.01963424682617,36.537071228027344,0.013035326485976828,81.93486727460235,8213.057407838189
FTI,-1,2019-08-27,2019-08-29,2,RESIDUAL_REVERTED,17.508638381958008,17.622106552124023,-0.006480696424853827,-79.25085141066653,8213.057407838189
PM,1,2019-08-28,2019-08-29,1,RESIDUAL_REVERTED,50.53946304321289,52.90061569213867,0.046718989612274164,359.25775585085324,8230.62354977241
MO,1,2019-08-28,2019-08-29,1,RESIDUAL_REVERTED,25.76738166809082,26.33783721923828,0.02213866967530853,157.24986275692342,8230.62354977241
ADSK,1,2019-08-29,2019-08-30,1,RESIDUAL_REVERTED,142.02000427246094,143.7899932861328,0.012462955643038898,78.03972139093236,8263.18964069077
COTY,-1,2019-08-29,2019-08-30,1,RESIDUAL_REVERTED,9.038573265075684,9.12557601928711,-0.009625717650328491,-105.10381669168135,8263.18964069077
SJM,1,2019-08-28,2019-09-03,3,RESIDUAL_REVERTED,81.26282501220703,82.86783599853516,0.019750863769343763,137.62621093228805,8230.62354977241
GIS,-1,2019-08-28,2019-09-03,3,RESIDUAL_REVERTED,39.96162414550781,41.30570602416992,-0.033634315606594356,-303.9506589130595,8230.62354977241
COST,-1,2019-08-28,2019-09-03,3,RESIDUAL_REVERTED,266.2151794433594,265.73223876953125,0.0018140989361986604,-11.711051687221154,8230.62354977241
BBY,1,2019-08-30,2019-09-03,1,RESIDUAL_REVERTED,46.96190643310547,47.066444396972656,0.0022260161864615657,-6.420674621148887,8259.984537661772
DG,-1,2019-08-30,2019-09-03,1,RESIDUAL_REVERTED,141.78982543945312,140.69439697265625,0.0077257198349866,38.476758304167134,8259.984537661772
UNM,1,2019-08-28,2019-09-04,4,RESIDUAL_REVERTED,19.286685943603516,19.83618927001953,0.028491329615820238,209.45778573823085,8230.62354977241
HPE,-1,2019-08-29,2019-09-04,3,RESIDUAL_REVERTED,11.001641273498535,10.937353134155273,0.00584350441402981,21.605251595338427,8263.18964069077
HRB,1,2019-08-30,2019-09-04,2,RESIDUAL_REVERTED,18.21058464050293,18.278228759765625,0.0037145495654349325,5.856145178922768,8259.984537661772
ULTA,1,2019-09-03,2019-09-04,1,RESIDUAL_REVERTED,234.0500030517578,238.0,0.016876722481258266,114.59588687128357,8273.230552128944
AJG,-1,2019-09-03,2019-09-04,1,RESIDUAL_REVERTED,82.38926696777344,82.62725067138672,-0.0028885279888017923,-49.40697567884496,8273.230552128944
PNW,1,2019-09-04,2019-09-05,1,RESIDUAL_REVERTED,71.35034942626953,71.00804901123047,-0.0047974595470311465,-64.63052245481961,8296.320610374527
PFE,-1,2019-09-04,2019-09-05,1,RESIDUAL_REVERTED,24.41844367980957,24.290632247924805,0.005234216953410753,17.951004320581895,8296.320610374527
NEE,-1,2019-09-04,2019-09-05,1,RESIDUAL_REVERTED,47.33414840698242,45.98918151855469,0.02841430412698276,210.54466879656795,8296.320610374527
AMT,-1,2019-09-04,2019-09-06,2,RESIDUAL_REVERTED,196.27247619628906,194.39404296875,0.00957053818213649,53.31252042460975,8296.320610374527
MSCI,1,2019-09-05,2019-09-06,1,RESIDUAL_REVERTED,216.29598999023438,219.61343383789062,0.015337518960966579,102.19136878715997,8298.450082574082
TSN,1,2019-09-05,2019-09-09,2,RESIDUAL_REVERTED,70.18849182128906,70.18849182128906,0.0,-24.895350247722245,8298.450082574082
FTV,1,2019-09-05,2019-09-09,2,RESIDUAL_REVERTED,41.472042083740234,41.92515563964844,0.010925759454846196,65.63551889835513,8298.450082574082
IPGP,-1,2019-09-05,2019-09-09,2,RESIDUAL_REVERTED,127.91000366210938,135.1999969482422,-0.05699314422185675,-499.93885577538543,8298.450082574082
APD,1,2019-09-06,2019-09-09,1,TRAILING_STOP,190.33384704589844,182.00085250470104,-0.04378093896871593,-384.77043316800655,8236.502823657196
PSA,1,2019-09-04,2019-09-10,4,TRAILING_STOP,194.13156127929688,187.82373046875,-0.03249255694941744,-294.05327872948874,8296.320610374527
MOS,-1,2019-09-06,2019-09-10,2,TRAILING_STOP,16.741886138916016,18.460900739200696,-0.10267747528690219,-873.0211411406426,8236.502823657196
CPRT,-1,2019-09-06,2019-09-11,3,RESIDUAL_REVERTED,20.174999237060547,20.2450008392334,-0.0034697201893452156,-55.312301950544395,8236.502823657196
CNP,-1,2019-09-09,2019-09-11,2,TRAILING_STOP,23.4633731842041,24.290171508789065,-0.035237828682773475,-316.35517691804455,8227.044379125624
PVH,-1,2019-09-05,2019-09-12,5,RESIDUAL_REVERTED,81.63623046875,88.8283462524414,-0.08809955754197296,-760.5941237701364,8298.450082574082
WEC,1,2019-09-09,2019-09-12,3,RESIDUAL_REVERTED,73.84184265136719,73.40327453613281,-0.005939289967410555,-73.47064107654563,8227.044379125624
IDXX,1,2019-09-10,2019-09-12,2,RESIDUAL_REVERTED,265.0400085449219,272.6000061035156,0.028523986246825173,205.4040078099825,8061.002058538396
SPG,-1,2019-09-10,2019-09-12,2,RESIDUAL_REVERTED,107.83123016357422,108.0155258178711,-0.001709112044973482,-39.2730271782385,8061.002058538396
PWR,-1,2019-09-11,2019-09-12,1,RESIDUAL_REVERTED,37.6541862487793,37.388526916503906,0.007055240299715715,31.568390182832786,7918.247774822748
ROP,1,2019-09-10,2019-09-13,3,RESIDUAL_REVERTED,338.705322265625,343.907958984375,0.015360363055263448,99.45118215544788,8061.002058538396
MKTX,1,2019-09-10,2019-09-13,3,RESIDUAL_REVERTED,341.0028381347656,319.3876953125,-0.06338698803944631,-534.3792032845346,8061.002058538395
SBUX,1,2019-09-11,2019-09-13,2,RESIDUAL_REVERTED,77.1542739868164,78.83971405029297,0.02184506413428977,148.96042520202298,7918.247774822748
CNP,-1,2019-09-12,2019-09-13,1,RESIDUAL_REVERTED,25.20722007751465,24.554309844970703,0.02590171508544703,181.91227544224876,7956.687234907665
NKTR,-1,2019-09-13,2019-09-16,1,RESIDUAL_REVERTED,300.29998779296875,301.5,-0.003996044807895727,-56.67504335810085,8002.959351705498
BEN,-1,2019-09-12,2019-09-17,3,RESIDUAL_REVERTED,21.042491912841797,20.885669708251953,0.007452644165881206,33.60418462098972,7956.687234907665
LKQ,-1,2019-09-13,2019-09-17,2,RESIDUAL_REVERTED,28.643712997436523,27.870731353759766,0.02698608395308022,191.0356368101253,8002.959351705498
PGR,1,2019-09-16,2019-09-17,1,RESIDUAL_REVERTED,59.6507682800293,60.3484001159668,0.011695269919449913,69.1233940258022,7965.610569419602
AVY,-1,2019-09-16,2019-09-17,1,RESIDUAL_REVERTED,101.77021026611328,99.49174499511719,0.022388332155728663,154.08783478280398,7965.610569419603
TSCO,1,2019-09-13,2019-09-18,3,RESIDUAL_REVERTED,17.796310424804688,17.07939910888672,-0.04028426672748586,-345.9186371647479,8002.959351705498
AEE,-1,2019-09-13,2019-09-18,3,RESIDUAL_REVERTED,62.498046875,63.73488998413086,-0.019790108186974686,-184.55140701190595,8002.959351705499
CBOE,1,2019-09-16,2019-09-18,2,RESIDUAL_REVERTED,102.08039855957031,104.62052154541016,0.024883552784695784,174.01854032162422,7965.610569419603
AVGO,1,2019-09-16,2019-09-18,2,RESIDUAL_REVERTED,24.070911407470703,24.212745666503906,0.005892351005420737,22.968937479079457,7965.610569419603
APA,-1,2019-09-17,2019-09-18,1,RESIDUAL_REVERTED,23.46561622619629,21.26493263244629,0.09378332844688841,724.8436319621005,7978.409433464968
MSCI,-1,2019-09-18,2019-09-19,1,RESIDUAL_REVERTED,223.02383422851562,217.2345428466797,0.025958173492363512,184.76541060084466,8061.384046670055
NDAQ,-1,2019-09-18,2019-09-19,1,RESIDUAL_REVERTED,31.160587310791016,30.940216064453125,0.007072114660097384,32.276323250365415,8061.384046670056
GM,-1,2019-09-18,2019-09-19,1,RESIDUAL_REVERTED,35.7421989440918,35.83589172363281,-0.0026213490582258636,-45.98784667088432,8061.384046670057
ORCL,1,2019-09-13,2019-09-20,5,RESIDUAL_REVERTED,48.8068962097168,48.544769287109375,-0.005370694368293738,-66.92585460192491,8002.959351705498
FDX,1,2019-09-19,2019-09-20,1,RESIDUAL_REVERTED,106.61627960205078,108.84484100341797,0.020902637098999977,144.36579824788143,8078.088019191186
SRE,1,2019-09-19,2019-09-20,1,RESIDUAL_REVERTED,55.917518615722656,56.42485427856445,0.009072928760096133,48.9477151826597,8078.088019191185
PHM,1,2019-09-19,2019-09-20,1,RESIDUAL_REVERTED,32.603759765625,33.22789764404297,0.0191431259126138,130.17363224285288,8078.088019191185
KLAC,-1,2019-09-19,2019-09-20,1,RESIDUAL_REVERTED,14.636824607849121,14.581452369689941,0.0037830772481542985,5.736107422884282,8078.088019191186
GLW,1,2019-09-18,2019-09-23,3,RESIDUAL_REVERTED,23.563581466674805,23.079452514648438,-0.020545643823756343,-189.5620380013808,8061.384046670055
AMT,-1,2019-09-20,2019-09-23,1,RESIDUAL_REVERTED,188.0501708984375,186.06466674804688,0.010558374613033217,60.766692620227566,8106.784463970296
MSFT,-1,2019-09-20,2019-09-23,1,RESIDUAL_REVERTED,132.59112548828125,130.91738891601562,0.012623292592938706,77.53122826771242,8106.784463970296
ROST,1,2019-09-23,2019-09-24,1,RESIDUAL_REVERTED,98.51958465576172,101.26871490478516,0.027904403562288627,202.0550132152983,8126.883121234495
FE,1,2019-09-23,2019-09-24,1,RESIDUAL_REVERTED,35.54963684082031,35.886924743652344,0.009487801643158766,52.60994628515702,8126.883121234495
SBAC,-1,2019-09-23,2019-09-24,1,RESIDUAL_REVERTED,232.97894287109375,232.6071014404297,0.0015960302080596511,-12.032118769367553,8126.883121234494
NFLX,1,2019-09-23,2019-09-24,1,TRAILING_STOP,26.834999084472656,25.604187219652466,-0.04586591789870287,-396.56848294358275,8126.883121234496
AZO,1,2019-09-24,2019-09-24,0,STOP_LOSS,1160.0,1100.7961492459226,-0.05103780237420463,-438.95759312383825,8134.682357094757
PNW,-1,2019-09-19,2019-09-25,4,RESIDUAL_REVERTED,71.72988891601562,72.65264892578125,-0.012864372491166565,-130.89496738577904,8078.088019191185
MSCI,1,2019-09-23,2019-09-25,2,RESIDUAL_REVERTED,209.70750427246094,209.70748901367188,-7.276224622820848e-08,-24.38123980697884,8126.883121234495
REGN,-1,2019-09-23,2019-09-25,2,RESIDUAL_REVERTED,294.5801086425781,287.4969482421875,0.024044937837214286,170.05524717157851,8126.883121234495
EQIX,-1,2019-09-24,2019-09-25,1,RESIDUAL_REVERTED,510.7414855957031,504.0304260253906,0.013139836413494144,82.010348767615,8134.682357094757
NUE,1,2019-09-25,2019-09-26,1,RESIDUAL_REVERTED,44.019500732421875,44.48584747314453,0.010594094275566679,61.39232421135368,8101.171626644747
AAP,-1,2019-09-24,2019-09-27,3,RESIDUAL_REVERTED,141.92010498046875,140.74095153808594,0.00830857222480974,41.37019363739729,8134.682357094757
PCAR,1,2019-09-25,2019-09-27,2,RESIDUAL_REVERTED,35.37554931640625,35.71794509887695,0.009678882422665458,53.98915734870436,8101.171626644747
ISRG,-1,2019-09-25,2019-09-27,2,RESIDUAL_REVERTED,180.0066680908203,182.35667419433594,-0.013055105838245762,-131.51954498392814,8101.171626644747
CTAS,-1,2019-09-26,2019-09-30,2,RESIDUAL_REVERTED,61.86046600341797,62.057884216308594,-0.0031913470047204573,-51.36391354610739,8082.049217662016
SBAC,1,2019-09-26,2019-10-01,3,RESIDUAL_REVERTED,223.51063537597656,218.42288208007812,-0.022762913663325723,-207.9411797345294,8082.049217662016
MPC,-1,2019-09-26,2019-10-01,3,RESIDUAL_REVERTED,48.545021057128906,49.81352996826172,-0.026130566709199776,-237.7285081503457,8082.049217662016
WFC,-1,2019-09-30,2019-10-01,1,RESIDUAL_REVERTED,42.38898468017578,42.28879928588867,0.0023634770929996662,-5.678148725511585,7976.867241374975
MU,1,2019-09-30,2019-10-02,2,RESIDUAL_REVERTED,41.93090057373047,40.78024673461914,-0.027441667681046833,-242.50079388780546,7976.8672413749755
EMR,-1,2019-09-30,2019-10-02,2,RESIDUAL_REVERTED,57.50613784790039,55.21276092529297,0.03988055898786391,293.41926262814536,7976.8672413749755
SRE,-1,2019-10-01,2019-10-02,1,RESIDUAL_REVERTED,58.89353561401367,58.0826301574707,0.013769006192082212,85.60950399840013,7992.655526104418
SLB,1,2019-09-25,2019-10-02,5,TRAILING_STOP,29.736732482910156,27.155797304082604,-0.08679283039287611,-726.37244443243,8101.171626644747
MKC,-1,2019-10-02,2019-10-03,1,RESIDUAL_REVERTED,71.81299591064453,71.53119659423828,0.003924071302593868,6.765724731647592,7950.013706107991
V,-1,2019-10-02,2019-10-03,1,RESIDUAL_REVERTED,164.2106170654297,161.61387634277344,0.015813476430830198,101.43520558802234,7950.01370610799
AZO,1,2019-09-25,2019-10-04,7,RESIDUAL_REVERTED,1096.8199462890625,1052.5999755859375,-0.040316526748749526,-350.42470080789514,8101.171626644747
PAYX,-1,2019-10-03,2019-10-04,1,RESIDUAL_REVERTED,67.04153442382812,66.93672943115234,0.0015632845157333985,-11.960765812558106,7904.380350022921
NKE,-1,2019-09-26,2019-10-07,7,RESIDUAL_REVERTED,82.1242904663086,82.91307067871094,-0.00960471266081675,-106.52122032891226,8082.049217662016
SCHW,1,2019-10-02,2019-10-07,3,RESIDUAL_REVERTED,33.762027740478516,32.546199798583984,-0.03601169785299452,-309.71409239258276,7950.013706107991
DHI,1,2019-10-03,2019-10-07,2,RESIDUAL_REVERTED,47.83713150024414,48.6638298034668,0.017281519131606693,112.68165964198502,7904.3803500229205
XEL,1,2019-10-03,2019-10-07,2,RESIDUAL_REVERTED,51.38108825683594,51.99469757080078,0.011942318366197746,70.541890637482,7904.3803500229205
LEN,-1,2019-10-03,2019-10-07,2,RESIDUAL_REVERTED,50.87057876586914,51.958709716796875,-0.02139018224926903,-194.31984761845698,7904.3803500229205
LW,-1,2019-10-04,2019-10-07,1,RESIDUAL_REVERTED,68.96942138671875,68.56268310546875,0.0058973712273062695,22.175239161607827,7843.849571134616
CCL,1,2019-09-27,2019-10-08,7,RESIDUAL_REVERTED,41.44892120361328,38.852352142333984,-0.0626450335950588,-526.5755003260015,8033.0577685372145
PEP,-1,2019-10-04,2019-10-08,2,RESIDUAL_REVERTED,110.63018798828125,110.47765350341797,0.0013787781403701294,-13.95873139516765,7843.849571134617
HPQ,1,2019-10-07,2019-10-08,1,RESIDUAL_REVERTED,12.835506439208984,12.897627830505371,0.004839808354317965,14.385493872307432,7849.992924762355
D,-1,2019-10-07,2019-10-08,1,RESIDUAL_REVERTED,60.18959426879883,59.85728454589844,0.005521049392962163,19.234737216482007,7849.992924762355
HLT,1,2019-10-08,2019-10-09,1,RESIDUAL_REVERTED,88.67925262451172,89.93781280517578,0.014192273202764838,87.95340509490029,7873.379717634583
CBOE,-1,2019-10-08,2019-10-10,2,RESIDUAL_REVERTED,106.94139862060547,106.2378158569336,0.00657914308908536,27.010312450612812,7873.379717634584
TMO,1,2019-10-09,2019-10-10,1,RESIDUAL_REVERTED,273.48590087890625,271.1209411621094,-0.008647464857225007,-91.30510741310812,7847.793817404958
WAT,1,2019-10-09,2019-10-10,1,RESIDUAL_REVERTED,207.2100067138672,208.38999938964844,0.0056946703226099515,21.0801811998974,7847.793817404958
RVTY,1,2019-10-09,2019-10-10,1,RESIDUAL_REVERTED,78.23331451416016,79.2950210571289,0.013571028526173201,82.79949836066845,7847.793817404958
MSI,-1,2019-10-09,2019-10-10,1,RESIDUAL_REVERTED,156.70736694335938,155.71131896972656,0.0063561017778623885,25.79135626733726,7847.793817404957
GD,-1,2019-10-09,2019-10-10,1,RESIDUAL_REVERTED,151.7406463623047,150.47640991210938,0.008331560992410392,41.31955129580529,7847.793817404958
HOG,1,2019-10-08,2019-10-11,3,RESIDUAL_REVERTED,29.11501121520996,29.762012481689453,0.02222225716133308,151.08168325797476,7873.379717634583
MCO,-1,2019-10-08,2019-10-11,3,RESIDUAL_REVERTED,194.95974731445312,202.7000274658203,-0.039701939800336206,-338.5704861207312,7873.379717634583
COP,-1,2019-10-08,2019-10-14,4,RESIDUAL_REVERTED,42.02983856201172,43.53479766845703,-0.03580692093843907,-308.52833354601626,7873.379717634583
EVRG,1,2019-10-10,2019-10-14,2,RESIDUAL_REVERTED,48.564456939697266,48.992671966552734,0.008817457330722034,45.445009764192335,7829.634732153305
SWKS,-1,2019-10-11,2019-10-14,1,RESIDUAL_REVERTED,72.6611099243164,71.85892486572266,0.01104008814934565,62.428318018106715,7825.173707953811
PSX,-1,2019-10-11,2019-10-14,1,RESIDUAL_REVERTED,81.19819641113281,80.4393539428711,0.009345558174955637,49.14647335392536,7825.173707953811
DAL,1,2019-10-11,2019-10-15,2,RESIDUAL_REVERTED,50.908409118652344,50.63245391845703,-0.00542062116991604,-65.82919743007666,7825.173707953811
FCX,-1,2019-10-11,2019-10-15,2,RESIDUAL_REVERTED,8.462285041809082,8.721519470214844,-0.030634093170459176,-264.8466080346193,7825.173707953811
LMT,1,2019-10-14,2019-10-15,1,RESIDUAL_REVERTED,317.55072021484375,318.3138732910156,0.0024032478202398178,-4.660860739599434,7763.481295050744
FAST,-1,2019-10-14,2019-10-15,1,RESIDUAL_REVERTED,14.822015762329102,14.943608283996582,-0.008203507783098862,-87.69112417845255,7763.481295050744
HRL,1,2019-10-11,2019-10-16,3,RESIDUAL_REVERTED,33.728675842285156,33.37244415283203,-0.010561686178219953,-105.9985795738373,7825.173707953811
IPGP,1,2019-10-15,2019-10-16,1,RESIDUAL_REVERTED,125.87000274658203,131.77000427246094,0.0468737697397017,340.3506253265363,7769.948593908412
PPL,-1,2019-10-15,2019-10-16,1,RESIDUAL_REVERTED,24.12318992614746,23.79963493347168,0.013412612248477007,80.44781515980256,7769.948593908411
RMD,1,2019-10-11,2019-10-17,4,RESIDUAL_REVERTED,123.10822296142578,123.30558776855469,0.0016031813503696313,-10.949166330694974,7825.173707953811
PG,1,2019-10-16,2019-10-17,1,RESIDUAL_REVERTED,98.49478912353516,98.82070922851562,0.003309008607264463,2.3731543449448065,7805.270958214191
DHR,1,2019-10-16,2019-10-17,1,RESIDUAL_REVERTED,117.87071228027344,118.53226470947266,0.0056125259311758935,20.325761849710176,7805.27095821419
PLD,-1,2019-10-16,2019-10-17,1,RESIDUAL_REVERTED,73.30461120605469,73.20589447021484,0.0013466647488568073,-13.507942303779751,7805.27095821419
UNH,-1,2019-10-16,2019-10-17,1,RESIDUAL_REVERTED,209.31204223632812,211.4381103515625,-0.010157409447249632,-103.43736895958729,7805.27095821419
UDR,-1,2019-10-15,2019-10-18,3,RESIDUAL_REVERTED,37.27099609375,37.94696807861328,-0.018136676121104145,-166.31437041882376,7769.948593908412
USB,-1,2019-10-17,2019-10-18,1,RESIDUAL_REVERTED,41.231178283691406,41.231178283691406,-0.0,-24.018009182933877,7799.99293223979
EXC,1,2019-10-17,2019-10-21,2,RESIDUAL_REVERTED,24.608469009399414,24.875106811523438,0.010835204824086286,60.987770468953606,7799.992932239789
C,1,2019-10-17,2019-10-21,2,RESIDUAL_REVERTED,55.07454299926758,55.45989990234375,0.006997005913990106,31.094752984228705,7799.992932239789
MTB,1,2019-10-18,2019-10-21,1,RESIDUAL_REVERTED,121.49415588378906,122.69441223144531,0.009879128250451119,53.38505467940683,7777.192189213368
HPE,-1,2019-10-15,2019-10-21,4,TRAILING_STOP,12.097613334655762,12.834482192993164,-0.060910267005022334,-499.79855827526296,7769.948593908412
TXT,1,2019-10-18,2019-10-22,2,RESIDUAL_REVERTED,47.33550262451172,45.85844421386719,-0.03120402929617705,-265.64728988248237,7777.192189213368
CCI,-1,2019-10-18,2019-10-22,2,RESIDUAL_REVERTED,103.02913665771484,104.95838928222656,-0.0187253109857759,-170.4434490002138,7777.192189213368
ISRG,-1,2019-10-21,2019-10-22,1,RESIDUAL_REVERTED,188.07000732421875,185.71665954589844,0.012513147693259286,72.97710595806404,7720.186414398281
IBM,1,2019-10-18,2019-10-23,3,RESIDUAL_REVERTED,96.01448059082031,95.51371765136719,-0.005215493916872815,-63.83263227300329,7777.192189213367
ROST,1,2019-10-22,2019-10-23,1,RESIDUAL_REVERTED,104.05522918701172,104.70980072021484,0.006290616418966444,25.26485288693325,7699.927794441916
DOV,-1,2019-10-18,2019-10-24,4,RESIDUAL_REVERTED,92.39546966552734,94.23407745361328,-0.01989932834089947,-180.83661885987723,7777.192189213367
STT,-1,2019-10-21,2019-10-24,3,RESIDUAL_REVERTED,52.22425842285156,53.429927825927734,-0.02308638627884485,-203.53285230000662,7720.186414398281
COTY,-1,2019-10-22,2019-10-24,2,RESIDUAL_REVERTED,11.405832290649414,11.650593757629395,-0.0214593254348161,-189.83185566501564,7699.927794441916
GILD,1,2019-10-23,2019-10-24,1,RESIDUAL_REVERTED,50.72653579711914,51.52156448364258,0.015672836199640328,96.64773120238044,7640.543375944527
BIIB,-1,2019-10-23,2019-10-24,1,RESIDUAL_REVERTED,285.239990234375,278.2099914550781,0.024645908778500814,165.0762230610299,7640.543375944526
HOG,-1,2019-10-23,2019-10-24,1,RESIDUAL_REVERTED,34.50667953491211,34.24787139892578,0.0075002329831381775,33.870462083001584,7640.543375944526
MDLZ,1,2019-10-22,2019-10-25,3,RESIDUAL_REVERTED,45.11901092529297,44.76488494873047,-0.007848708765997858,-83.44362242494587,7699.9277944419155
GD,1,2019-10-24,2019-10-25,1,RESIDUAL_REVERTED,150.8878936767578,150.2534637451172,-0.0042046443633161346,-55.258576512764535,7676.574945980014
TXN,1,2019-10-24,2019-10-28,2,RESIDUAL_REVERTED,97.73477935791016,99.58568572998047,0.018938052392712734,122.13158461782936,7676.574945980014
ALLE,-1,2019-10-25,2019-10-28,1,RESIDUAL_REVERTED,104.13465881347656,103.84249877929688,0.0028055984194752526,-2.0626470350655963,7666.201836522527
LUV,-1,2019-10-25,2019-10-28,1,RESIDUAL_REVERTED,51.112125396728516,51.88697052001953,-0.01515971244155323,-140.00604607449313,7666.201836522526
CME,1,2019-10-22,2019-10-28,4,TRAILING_STOP,157.24839782714844,150.83287021247617,-0.0407986835053441,-336.7754801071147,7699.9277944419155
BAX,1,2019-10-25,2019-10-29,2,RESIDUAL_REVERTED,68.2650146484375,68.81368255615234,0.008037322053477292,38.52470397789315,7666.201836522527
ORLY,-1,2019-10-25,2019-10-29,2,RESIDUAL_REVERTED,29.1213321685791,29.224000930786133,-0.0035255517025354344,-51.2934706998859,7666.201836522527
PYPL,-1,2019-10-25,2019-10-29,2,RESIDUAL_REVERTED,103.30792236328125,105.66166687011719,-0.022783775464567224,-199.170847182436,7666.201836522526
LRCX,-1,2019-10-25,2019-10-30,3,RESIDUAL_REVERTED,24.506532669067383,25.56170082092285,-0.04305660723629501,-355.47493845578197,7666.201836522526
PLD,1,2019-10-29,2019-10-30,1,RESIDUAL_REVERTED,70.74620056152344,71.72515106201172,0.0138374992963326,81.89237708741895,7570.890491587837
T,-1,2019-10-29,2019-10-30,1,RESIDUAL_REVERTED,18.36241340637207,18.314708709716797,0.002597953526017438,-3.6084981879117737,7570.890491587837
VTR,1,2019-10-28,2019-10-31,3,RESIDUAL_REVERTED,49.521419525146484,50.41828918457031,0.018110742139942237,114.97406878541827,7622.467548918909
VFC,1,2019-10-28,2019-10-31,3,RESIDUAL_REVERTED,68.15868377685547,65.88941192626953,-0.033293950599388,-276.26878757887266,7622.467548918909
AMG,-1,2019-10-29,2019-10-31,2,RESIDUAL_REVERTED,80.88274383544922,79.24803161621094,0.02021088976115848,129.3184410389009,7570.890491587837
IPGP,1,2019-10-30,2019-10-31,1,RESIDUAL_REVERTED,125.01000213623047,133.7100067138672,0.06959446787430523,501.78685932853153,7546.7932692204595
XRX,-1,2019-10-30,2019-10-31,1,RESIDUAL_REVERTED,22.991073608398438,23.05864143371582,-0.00293887212351418,-45.453244650486695,7546.7932692204595
L,1,2019-10-29,2019-11-01,3,RESIDUAL_REVERTED,47.800689697265625,47.8979377746582,0.002034449251851367,-7.333182867049215,7570.890491587836
LDOS,-1,2019-10-30,2019-11-01,2,RESIDUAL_REVERTED,79.21449279785156,78.60381317138672,0.007709190640445618,34.43485653473342,7546.7932692204595
GRMN,-1,2019-10-31,2019-11-01,1,RESIDUAL_REVERTED,81.8103256225586,80.5735092163086,0.015118096607464881,92.15540638484946,7639.726039364419
XYL,1,2019-11-01,2019-11-04,1,RESIDUAL_REVERTED,71.34910583496094,72.96983337402344,0.022715456908618314,150.24862721439592,7634.0479575561285
WDC,1,2019-11-01,2019-11-04,1,RESIDUAL_REVERTED,38.163108825683594,40.210845947265625,0.05365750287628335,386.107370442224,7634.047957556128
ADM,-1,2019-11-01,2019-11-04,1,RESIDUAL_REVERTED,34.56687545776367,34.87763977050781,-0.008990234397200814,-92.24514237916873,7634.047957556128
CHRW,1,2019-10-31,2019-11-05,3,RESIDUAL_REVERTED,65.6700668334961,64.64784240722656,-0.015566063437415734,-141.66125760105683,7639.726039364419
FMC,-1,2019-10-31,2019-11-05,3,RESIDUAL_REVERTED,75.35153198242188,79.40605163574219,-0.0538080586638392,-436.4917462508257,7639.726039364419
ANET,1,2019-11-04,2019-11-05,1,RESIDUAL_REVERTED,11.725625038146973,12.010000228881836,0.024252454756970687,161.4368266668577,7609.174575799157
CHD,1,2019-11-01,2019-11-06,3,RESIDUAL_REVERTED,64.23843383789062,62.601409912109375,-0.025483559109058862,-217.15304217188807,7634.047957556128
KHC,-1,2019-11-01,2019-11-06,3,RESIDUAL_REVERTED,22.67461395263672,23.39467430114746,-0.031756234086931734,-267.5590003854326,7634.047957556128
QRVO,-1,2019-11-04,2019-11-06,2,RESIDUAL_REVERTED,98.31999969482422,100.76000213623047,-0.02481694923697897,-213.19298065996963,7609.1745757991575
FTNT,-1,2019-11-04,2019-11-06,2,RESIDUAL_REVERTED,18.149999618530273,18.327999114990234,-0.009807134997305011,-98.78497659547682,7609.1745757991575
UAA,1,2019-11-05,2019-11-06,1,RESIDUAL_REVERTED,17.25,18.110000610351562,0.049855107846467295,353.48030019709677,7556.174498605746
UA,1,2019-11-05,2019-11-06,1,RESIDUAL_REVERTED,15.670000076293945,16.440000534057617,0.04913851014771553,348.0736850459134,7556.174498605746
CVX,-1,2019-11-05,2019-11-06,1,RESIDUAL_REVERTED,89.3642807006836,89.88764190673828,-0.0058564921235995104,-67.59078755445131,7556.1744986057465
BDX,1,2019-11-06,2019-11-07,1,RESIDUAL_REVERTED,168.4311065673828,171.51052856445312,0.01828297670085277,116.31735739714475,7624.591728916433
KR,-1,2019-11-06,2019-11-07,1,RESIDUAL_REVERTED,24.082138061523438,23.299467086791992,0.03250006177740239,224.7141119243941,7624.591728916432
BR,1,2019-11-07,2019-11-08,1,RESIDUAL_REVERTED,103.49836730957031,105.95314025878906,0.023717987182120037,158.5693388774073,7666.86944769524
DVA,-1,2019-11-07,2019-11-08,1,RESIDUAL_REVERTED,70.0,69.1500015258789,0.012142835344587044,69.63513054782418,7666.86944769524
COTY,-1,2019-11-07,2019-11-08,1,RESIDUAL_REVERTED,12.864604949951172,12.668795585632324,0.015220783310535335,93.26819519217077,7666.869447695241
HPQ,-1,2019-11-07,2019-11-08,1,RESIDUAL_REVERTED,15.390181541442871,14.986407279968262,0.026235834865711016,177.8525519628354,7666.8694476952405
DOC,1,2019-11-07,2019-11-11,2,RESIDUAL_REVERTED,23.775678634643555,23.36527442932129,-0.01726151381959984,-155.1438686081586,7666.8694476952405
EXPE,1,2019-11-08,2019-11-11,1,RESIDUAL_REVERTED,97.17411041259766,98.85830688476562,0.017331740573872434,109.82607554128603,7677.061990086697
RL,-1,2019-11-08,2019-11-11,1,RESIDUAL_REVERTED,101.99186706542969,99.46763610839844,0.024749335703521447,166.65614887384666,7677.061990086696
IQV,1,2019-11-06,2019-11-12,4,RESIDUAL_REVERTED,139.67999267578125,139.89999389648438,0.001575037458755979,-10.882771132355575,7624.591728916432
FANG,1,2019-11-07,2019-11-12,3,RESIDUAL_REVERTED,59.58976745605469,59.635746002197266,0.0007715845875131411,-17.09384350021991,7666.8694476952405
CVS,-1,2019-11-07,2019-11-12,3,RESIDUAL_REVERTED,57.942256927490234,57.62813186645508,0.005421346659455373,16.79969768421674,7666.869447695241
DIS,-1,2019-11-11,2019-11-12,1,RESIDUAL_REVERTED,132.52096557617188,133.0317840576172,-0.0038546239021455264,-53.386992300101596,7693.390424484383
ED,-1,2019-11-11,2019-11-12,1,RESIDUAL_REVERTED,68.43109893798828,68.24539947509766,0.00271367062304384,-2.7792665491005866,7693.390424484383
DUK,1,2019-11-11,2019-11-13,2,RESIDUAL_REVERTED,68.32405090332031,66.82058715820312,-0.02200489762008717,-192.11850151262774,7693.390424484383
CNP,1,2019-11-12,2019-11-13,1,RESIDUAL_REVERTED,22.90964698791504,23.141050338745117,0.010100694740174054,54.484964539706525,7689.595444114623
BA,-1,2019-11-12,2019-11-13,1,RESIDUAL_REVERTED,364.3223571777344,359.7297058105469,0.01260601024533603,73.40746133521664,7689.595444114623
NWSA,-1,2019-11-11,2019-11-14,3,RESIDUAL_REVERTED,11.930839538574219,12.192235946655273,-0.021909305479796304,-193.77129493550072,7693.390424484383
NWS,1,2019-11-12,2019-11-14,2,RESIDUAL_REVERTED,12.463218688964844,12.397720336914062,-0.005255332004145519,-63.41954630317629,7689.595444114622
AAP,1,2019-11-13,2019-11-14,1,RESIDUAL_REVERTED,135.65736389160156,137.96328735351562,0.016998144411509042,107.52029097542713,7695.055165690859
DXC,-1,2019-11-13,2019-11-14,1,RESIDUAL_REVERTED,34.02573776245117,33.83074951171875,0.00573061051882906,20.47287574947775,7695.055165690859
TSN,-1,2019-11-13,2019-11-14,1,RESIDUAL_REVERTED,72.52786254882812,75.59009552001953,-0.04222146997824194,-349.0768969373508,7695.055165690859
PGR,1,2019-11-14,2019-11-15,1,RESIDUAL_REVERTED,58.760257720947266,60.1080436706543,0.02293703264726421,153.6046303112213,7717.806777598347
DIS,-1,2019-11-14,2019-11-15,1,RESIDUAL_REVERTED,142.64076232910156,141.81190490722656,0.005810803366029793,21.151500820770565,7717.806777598347
ROK,-1,2019-11-13,2019-11-18,3,RESIDUAL_REVERTED,174.4677734375,177.79344177246094,-0.019061791581539866,-171.85024748845032,7695.05516569086
CNP,1,2019-11-15,2019-11-18,1,TRAILING_STOP,21.22365379333496,20.912485193164027,-0.014661405769286207,-135.53930039459235,7683.889215495284
BXP,1,2019-11-13,2019-11-19,4,RESIDUAL_REVERTED,97.40731811523438,100.26992797851562,0.029388036942919804,202.71818614182564,7695.055165690859
CSCO,1,2019-11-15,2019-11-19,2,RESIDUAL_REVERTED,37.057106018066406,37.32021713256836,0.007100152785100899,31.42328458619897,7683.889215495284
CPRT,-1,2019-11-15,2019-11-19,2,RESIDUAL_REVERTED,21.625,21.559999465942383,0.0030058050431267525,-1.1332946347616066,7683.889215495284
DHR,-1,2019-11-18,2019-11-19,1,RESIDUAL_REVERTED,122.50992584228516,120.41370391845703,0.01711062927690221,107.82549858431129,7669.909471599773
AMAT,-1,2019-11-18,2019-11-20,2,RESIDUAL_REVERTED,58.071266174316406,56.520809173583984,0.026699211208488394,180.86534871830239,7669.909471599773
NVDA,-1,2019-11-19,2019-11-20,1,RESIDUAL_REVERTED,5.23616361618042,5.137906551361084,0.018765086811976084,120.48525903643285,7666.889084225782
WHR,1,2019-11-18,2019-11-21,3,RESIDUAL_REVERTED,107.51969909667969,105.8759765625,-0.015287640757826959,-140.0886668307005,7669.909471599773
KSS,1,2019-11-20,2019-11-21,1,RESIDUAL_REVERTED,31.810314178466797,32.27033615112305,0.014461409279876047,87.82296275169313,7677.022209346963
AME,-1,2019-11-20,2019-11-21,1,RESIDUAL_REVERTED,94.23179626464844,94.04080963134766,0.0020267748347320147,-8.056184502396304,7677.022209346963
GM,1,2019-11-14,2019-11-21,5,TRAILING_STOP,34.75846481323242,32.94406581695841,-0.05220020521686797,-425.4202113011407,7717.806777598347
NWS,-1,2019-11-15,2019-11-22,5,RESIDUAL_REVERTED,12.425790786743164,12.088947296142578,0.027108414778716394,182.5330927180802,7683.889215495285
AEE,1,2019-11-19,2019-11-22,3,RESIDUAL_REVERTED,61.842742919921875,61.43317413330078,-0.006622746134521074,-73.700363508966,7666.889084225782
LOW,-1,2019-11-21,2019-11-22,1,RESIDUAL_REVERTED,105.00711059570312,103.33036041259766,0.015967968012768896,99.06421883969598,7671.149516419269
TGT,-1,2019-11-21,2019-11-25,2,RESIDUAL_REVERTED,105.09500885009766,105.65959167480469,-0.005372118342102494,-65.5104925935486,7671.149516419269
UA,1,2019-11-22,2019-11-25,1,RESIDUAL_REVERTED,15.300000190734863,15.789999961853027,0.03202612843200425,222.07261174200738,7663.466348926907
SCHW,-1,2019-11-22,2019-11-25,1,RESIDUAL_REVERTED,43.433265686035156,43.45146942138672,-0.00041911965549989993,-26.82197110013659,7663.466348926908
KLAC,1,2019-11-22,2019-11-26,2,RESIDUAL_REVERTED,14.880087852478027,15.193510055541992,0.021063195739920992,138.18456706933355,7663.466348926908
AMAT,1,2019-11-22,2019-11-26,2,RESIDUAL_REVERTED,53.253658294677734,54.86369323730469,0.03023332094328368,208.3541005618831,7663.466348926906
SJM,-1,2019-11-25,2019-11-26,1,RESIDUAL_REVERTED,85.76351928710938,84.38421630859375,0.016082630353567384,99.56301146280285,7641.8382394459895
ROP,-1,2019-11-20,2019-11-26,4,TRAILING_STOP,335.0731201171875,348.9721739655008,-0.041480659037801404,-344.4385272983093,7677.022209346963
HD,1,2019-11-20,2019-11-27,5,RESIDUAL_REVERTED,188.88381958007812,186.46969604492188,-0.01278099701987856,-121.0038846102768,7677.022209346962
INTU,1,2019-11-25,2019-11-27,2,RESIDUAL_REVERTED,248.56272888183594,254.68006896972656,0.024610850208354185,164.8645133047994,7641.83823944599
FE,-1,2019-11-25,2019-11-27,2,RESIDUAL_REVERTED,35.89031982421875,36.10944366455078,-0.006105374413079678,-70.871029381826,7641.83823944599
CMCSA,1,2019-11-26,2019-11-27,1,RESIDUAL_REVERTED,33.40370559692383,33.695716857910156,0.008741882248334054,44.07173667519939,7693.054721868914
INCY,-1,2019-11-26,2019-11-27,1,RESIDUAL_REVERTED,94.0,94.41000366210938,-0.004361741086269966,-57.29361073029412,7693.054721868914
GILD,-1,2019-11-26,2019-11-29,2,RESIDUAL_REVERTED,51.69136047363281,51.745391845703125,-0.0010452689109985425,-32.35785070930721,7693.054721868914
BBY,-1,2019-11-27,2019-11-29,1,RESIDUAL_REVERTED,61.900840759277344,60.38133239746094,0.024547459181136766,165.83477972804022,7710.946559422394
HRL,-1,2019-11-27,2019-12-02,2,RESIDUAL_REVERTED,36.035064697265625,36.165283203125,-0.0036136609425667654,-52.27509082998094,7710.946559422394
CME,1,2019-11-29,2019-12-02,1,RESIDUAL_REVERTED,152.49807739257812,154.63308715820312,0.014000240541582665,84.55844234952596,7701.666140579191
HP,-1,2019-11-29,2019-12-02,1,RESIDUAL_REVERTED,29.24320411682129,29.18458366394043,0.002004583787969416,-8.24862878687583,7701.666140579191
HPE,1,2019-11-27,2019-12-03,3,RESIDUAL_REVERTED,12.899263381958008,12.551072120666504,-0.026993112008125486,-230.96307017917488,7710.946559422395
ADSK,-1,2019-11-29,2019-12-03,2,RESIDUAL_REVERTED,178.5,172.1999969482422,0.03529413474374121,247.9055023104058,7701.666140579191
DE,1,2019-11-29,2019-12-04,3,RESIDUAL_REVERTED,153.48568725585938,149.6280517578125,-0.025133519398562787,-216.38461880422022,7701.666140579191
DLTR,1,2019-11-27,2019-12-05,5,RESIDUAL_REVERTED,94.5,89.94999694824219,-0.04814818044188163,-393.8439839295616,7710.946559422394
APA,1,2019-12-03,2019-12-05,2,RESIDUAL_REVERTED,16.227434158325195,15.831232070922852,-0.024415572020612952,-210.1934303016714,7677.191439747875
AFL,1,2019-12-03,2019-12-05,2,RESIDUAL_REVERTED,44.40678787231445,44.69673156738281,0.006529265208329305,27.01965501753736,7677.191439747875
EIX,-1,2019-12-03,2019-12-05,2,RESIDUAL_REVERTED,52.44685745239258,51.869632720947266,0.011005897388023156,60.37790715647434,7677.191439747875
CCI,-1,2019-12-04,2019-12-05,1,RESIDUAL_REVERTED,97.81349182128906,98.53237915039062,-0.0073495722902421345,-79.55253254170398,7619.485373489399
CPRI,-1,2019-12-05,2019-12-06,1,RESIDUAL_REVERTED,37.59000015258789,37.38999938964844,0.005320584254525085,17.21910919809952,7650.4885331503065
MCHP,-1,2019-12-05,2019-12-06,1,RESIDUAL_REVERTED,42.37149429321289,42.972171783447266,-0.014176452831180741,-132.17856201493655,7650.4885331503065
ADI,-1,2019-12-05,2019-12-06,1,RESIDUAL_REVERTED,101.40411376953125,102.107177734375,-0.006933288391451908,-76.67848432842216,7650.488533150307
UNM,1,2019-12-04,2019-12-09,3,RESIDUAL_REVERTED,22.544029235839844,22.88796615600586,0.015256231109709306,93.21180672984319,7619.485373489399
SNPS,1,2019-12-06,2019-12-09,1,RESIDUAL_REVERTED,132.1300048828125,134.24000549316406,0.01596912534910566,99.1091239827911,7656.068731846233
GD,-1,2019-12-06,2019-12-09,1,RESIDUAL_REVERTED,156.90701293945312,156.94129943847656,-0.00021851476477130483,-25.25313043351397,7656.068731846233
KMI,-1,2019-12-06,2019-12-09,1,RESIDUAL_REVERTED,13.35717487335205,13.296187400817871,0.004565896090486299,11.432185649497155,7656.068731846233
J,1,2019-12-05,2019-12-10,3,RESIDUAL_REVERTED,67.77346801757812,67.10150909423828,-0.009914778496587506,-98.69058544752346,7650.4885331503065
BF-B,1,2019-12-06,2019-12-10,2,RESIDUAL_REVERTED,55.75040054321289,55.995540618896484,0.0043970998108540105,10.645795429588235,7656.068731846232
ULTA,-1,2019-12-09,2019-12-10,1,RESIDUAL_REVERTED,260.3900146484375,251.6999969482422,0.03337308349526402,231.32831135799793,7622.989608960346
MMM,-1,2019-12-09,2019-12-10,1,RESIDUAL_REVERTED,111.99625396728516,111.81775665283203,0.0015937793285949464,-11.307916400469436,7622.989608960345
GS,-1,2019-12-09,2019-12-10,1,RESIDUAL_REVERTED,191.9530487060547,189.4405517578125,0.013089122393099784,76.46148531388602,7622.989608960346
FFIV,1,2019-12-06,2019-12-11,3,RESIDUAL_REVERTED,138.57000732421875,138.39999389648438,-0.0012269136086323629,-32.347451108892244,7656.068731846233
STX,1,2019-12-10,2019-12-11,1,RESIDUAL_REVERTED,45.53865432739258,45.95979309082031,0.009247940450765713,47.75734095328897,7660.7019390586065
IFF,1,2019-12-10,2019-12-11,1,RESIDUAL_REVERTED,111.38178253173828,111.9398422241211,0.005010331848691596,15.342979103060284,7660.701939058607
ORLY,1,2019-12-11,2019-12-12,1,RESIDUAL_REVERTED,29.29800033569336,29.630666732788086,0.011354576874976763,63.82558117785556,7655.20079398349
BEN,1,2019-12-11,2019-12-12,1,RESIDUAL_REVERTED,18.645479202270508,18.710220336914062,0.0034722161839462196,3.5750389381439494,7655.200793983492
AZO,-1,2019-12-11,2019-12-12,1,RESIDUAL_REVERTED,1266.56005859375,1239.1700439453125,0.02162551587079764,142.2332534663143,7655.200793983491
VNO,-1,2019-12-11,2019-12-12,1,RESIDUAL_REVERTED,50.90882873535156,49.78327178955078,0.02210926815173775,145.94367670614253,7655.20079398349
FCX,-1,2019-12-10,2019-12-12,2,TRAILING_STOP,11.193546295166016,12.09843102207775,-0.08083986102800256,-644.4643769062461,7660.7019390586065
WMB,-1,2019-12-10,2019-12-13,3,RESIDUAL_REVERTED,15.862654685974121,16.014232635498047,-0.009555648315155763,-98.13100229450318,7660.7019390586065
GIS,1,2019-12-12,2019-12-13,1,RESIDUAL_REVERTED,40.2645263671875,39.98550796508789,-0.006929633284522785,-75.87048434191021,7648.821205644458
USB,1,2019-12-12,2019-12-13,1,RESIDUAL_REVERTED,44.5567512512207,45.50477600097656,0.021276792475526163,139.55180428575449,7648.821205644458
SWKS,-1,2019-12-12,2019-12-13,1,RESIDUAL_REVERTED,91.60584259033203,94.66783905029297,-0.033425776930565476,-279.6244226570381,7648.821205644458
WYNN,-1,2019-12-13,2019-12-16,1,RESIDUAL_REVERTED,125.58879089355469,124.71797943115234,0.00693383108640977,29.502426525574144,7631.747799997294
SWK,-1,2019-12-13,2019-12-16,1,RESIDUAL_REVERTED,134.4778289794922,134.1466522216797,0.0024626866772440303,-4.671011987742688,7631.747799997294
AMD,-1,2019-12-13,2019-12-16,1,RESIDUAL_REVERTED,42.349998474121094,41.72999954223633,0.014639880855335297,88.41169514431944,7631.747799997294
META,1,2019-12-13,2019-12-17,2,RESIDUAL_REVERTED,194.53677368164062,196.95364379882812,0.01242371851577384,71.77722102087479,7631.747799997293
AVGO,1,2019-12-16,2019-12-17,1,RESIDUAL_REVERTED,26.932546615600586,27.421274185180664,0.018146355654945268,115.18755288653163,7618.659688036952
JKHY,1,2019-12-12,2019-12-18,4,RESIDUAL_REVERTED,133.7204132080078,135.71539306640625,0.014919037494261822,90.99541716144948,7648.821205644458
PPL,-1,2019-12-16,2019-12-18,2,RESIDUAL_REVERTED,27.14307403564453,27.424867630004883,-0.010381786307265717,-103.29517777310599,7618.659688036952
ADBE,-1,2019-12-16,2019-12-18,2,RESIDUAL_REVERTED,319.2699890136719,322.1000061035156,-0.008864024766582546,-91.71393557841438,7618.659688036951
ORCL,1,2019-12-16,2019-12-19,3,RESIDUAL_REVERTED,49.56929016113281,48.389076232910156,-0.023809377225015416,-203.97942821190864,7618.659688036952
DTE,-1,2019-12-17,2019-12-19,2,RESIDUAL_REVERTED,86.19166564941406,87.68926239013672,-0.017375192014668306,-156.07300282256966,7590.277911545449
SO,-1,2019-12-17,2019-12-19,2,RESIDUAL_REVERTED,48.30763626098633,49.2288818359375,-0.019070392307627415,-168.96676590683578,7590.277911545448
LOW,1,2019-12-18,2019-12-19,1,RESIDUAL_REVERTED,105.59837341308594,105.30714416503906,-0.0027578952083630037,-43.48658936069793,7557.945015742371
JCI,1,2019-12-13,2019-12-20,5,RESIDUAL_REVERTED,36.47806930541992,36.09261703491211,-0.010566685075367843,-103.41655556382844,7631.747799997294
FDX,1,2019-12-19,2019-12-20,1,RESIDUAL_REVERTED,104.8232192993164,105.7426528930664,0.008771277965854196,43.536912794366934,7560.958240473737
SYK,-1,2019-12-19,2019-12-20,1,RESIDUAL_REVERTED,194.40248107910156,195.08168029785156,-0.0034937785514868036,-49.73647625430615,7560.958240473736
DAL,-1,2019-12-17,2019-12-23,4,RESIDUAL_REVERTED,56.0030517578125,56.72203063964844,-0.012838208977346222,-122.7897182004546,7590.277911545448
DRI,1,2019-12-20,2019-12-23,1,RESIDUAL_REVERTED,90.80925750732422,90.75972747802734,-0.0005454292949469419,-26.74764310869753,7546.002077299062
ECL,-1,2019-12-20,2019-12-23,1,RESIDUAL_REVERTED,179.43263244628906,178.4928436279297,0.00523755799347525,16.35007408195578,7546.002077299063
LDOS,-1,2019-12-19,2019-12-24,3,RESIDUAL_REVERTED,87.31471252441406,89.2634048461914,-0.022318029406928064,-193.51831471562542,7560.958240473737
CAG,-1,2019-12-20,2019-12-24,2,RESIDUAL_REVERTED,24.7666072845459,25.053478240966797,-0.011582973522574536,-111.40316176776936,7546.002077299063
FFIV,1,2019-12-23,2019-12-24,1,RESIDUAL_REVERTED,138.57000732421875,139.60000610351562,0.007433057118102937,33.235944523585744,7516.200707469855
MAA,1,2019-12-18,2019-12-26,5,RESIDUAL_REVERTED,100.87317657470703,101.68952178955078,0.008092787820944247,38.39926305947705,7557.945015742371
CPAY,1,2019-12-20,2019-12-26,3,RESIDUAL_REVERTED,290.45001220703125,286.3800048828125,-0.014012763481372037,-128.21973805752233,7546.002077299063
CCL,-1,2019-12-23,2019-12-26,2,RESIDUAL_REVERTED,48.952816009521484,49.61434555053711,-0.01351361565976017,-125.48354720970117,7516.200707469854
WTW,1,2019-12-24,2019-12-26,1,RESIDUAL_REVERTED,184.04066467285156,184.75332641601562,0.0038723058538767674,6.473556249223476,7470.94715559565
APA,-1,2019-12-24,2019-12-26,1,RESIDUAL_REVERTED,22.5329532623291,22.33063507080078,0.008978769412643195,44.187179963169044,7470.94715559565
KMX,1,2019-12-23,2019-12-27,3,RESIDUAL_REVERTED,92.0999984741211,89.27999877929688,-0.03061888970189941,-252.34111598110846,7516.200707469856
AMZN,-1,2019-12-27,2019-12-31,2,RESIDUAL_REVERTED,94.14600372314453,92.0999984741211,0.02173225806843737,139.2566929009367,7483.620555621331
AAL,1,2019-12-30,2019-12-31,1,RESIDUAL_REVERTED,28.395065307617188,28.096172332763672,-0.010526229526696462,-101.17429464978953,7488.600910393766
DD,-1,2020-01-02,2020-01-03,1,RESIDUAL_REVERTED,71.35643768310547,69.09901428222656,0.03163587581129179,214.20916787636958,7488.376114237262
KIM,1,2020-01-03,2020-01-06,1,RESIDUAL_REVERTED,14.499163627624512,14.71479606628418,0.014872060499326656,88.89942106246701,7502.217598919255
WY,1,2020-01-03,2020-01-06,1,RESIDUAL_REVERTED,22.812612533569336,22.91427993774414,0.004456631349224027,10.877813416075478,7502.217598919254
SLG,1,2020-01-03,2020-01-06,1,RESIDUAL_REVERTED,57.656463623046875,58.42475891113281,0.013325397358897817,77.31342273588987,7502.217598919254
FE,1,2020-01-03,2020-01-06,1,RESIDUAL_REVERTED,35.81476593017578,35.89030838012695,0.0021092543253933282,-6.706304003576431,7502.217598919254
IRM,1,2020-01-03,2020-01-06,1,RESIDUAL_REVERTED,22.067049026489258,22.26297950744629,0.008878870968285657,44.00465240699275,7502.217598919253
WAB,-1,2020-01-03,2020-01-06,1,RESIDUAL_REVERTED,76.65094757080078,76.44901275634766,0.0026344725127709356,-3.312665515627389,7502.217598919254
LW,-1,2020-01-06,2020-01-07,1,RESIDUAL_REVERTED,81.95724487304688,80.27290344238281,0.02055146477011438,131.08101802724076,7488.448580493993
GE,-1,2020-01-03,2020-01-08,3,RESIDUAL_REVERTED,55.9351692199707,57.965667724609375,-0.03630092717970568,-297.1134757476269,7502.217598919254
RTX,-1,2020-01-03,2020-01-08,3,RESIDUAL_REVERTED,81.4493408203125,82.63117218017578,-0.014510017490142024,-133.34280040107396,7502.217598919254
UAA,1,2020-01-07,2020-01-08,1,RESIDUAL_REVERTED,20.3700008392334,20.75,0.018654842666216753,116.8845144088016,7479.718343949379
UA,1,2020-01-07,2020-01-08,1,RESIDUAL_REVERTED,18.34000015258789,18.670000076293945,0.0179934526150749,111.94492362771678,7479.718343949379
PKG,1,2020-01-07,2020-01-09,2,RESIDUAL_REVERTED,85.88380432128906,86.7676773071289,0.01029149783040939,54.42288381931633,7479.718343949378
HST,1,2020-01-07,2020-01-09,2,RESIDUAL_REVERTED,13.593777656555176,13.632461547851562,0.002845705754038974,-1.1860051181748066,7479.718343949379
APA,-1,2020-01-08,2020-01-09,1,RESIDUAL_REVERTED,27.405391693115234,27.489696502685547,-0.0030762125392826967,-46.116822422038176,7485.611249538776
PSX,1,2020-01-09,2020-01-10,1,RESIDUAL_REVERTED,79.0467529296875,80.77479553222656,0.021861019440939877,140.8380272513391,7480.1530930712315
WAT,1,2020-01-09,2020-01-10,1,RESIDUAL_REVERTED,227.8300018310547,230.19000244140625,0.010358603306783065,54.92725337807009,7480.1530930712315
GPC,1,2020-01-07,2020-01-10,3,TRAILING_STOP,83.3747787475586,80.95926607943015,-0.028971743066834477,-238.8145823879288,7479.718343949379
TROW,-1,2020-01-03,2020-01-13,6,RESIDUAL_REVERTED,92.80863952636719,95.85731506347656,-0.032849048888850874,-272.965679894992,7502.217598919254
MKC,1,2020-01-10,2020-01-13,1,RESIDUAL_REVERTED,70.59931945800781,71.72563934326172,0.015953693235298605,96.54908378469706,7467.196889754601
HSIC,1,2020-01-10,2020-01-13,1,RESIDUAL_REVERTED,66.47000122070312,66.4800033569336,0.00015047594473860393,-21.2796426129878,7467.1968897546
ALGN,-1,2020-01-10,2020-01-13,1,RESIDUAL_REVERTED,297.2099914550781,295.6499938964844,0.005248805906410858,16.266169299917074,7467.1968897546
CRM,-1,2020-01-07,2020-01-13,4,TRAILING_STOP,169.98495483398438,179.98027588965465,-0.058801210174348695,-465.3591398575224,7479.718343949378
CL,-1,2020-01-09,2020-01-14,3,RESIDUAL_REVERTED,59.16632843017578,59.814449310302734,-0.01095421834214072,-106.30078598624651,7480.1530930712315
HOG,1,2020-01-13,2020-01-14,1,RESIDUAL_REVERTED,30.38773536682129,30.666526794433594,0.009174472011385992,45.9632781160081,7460.710835708986
JKHY,1,2020-01-13,2020-01-14,1,RESIDUAL_REVERTED,134.03298950195312,135.31088256835938,0.009534168201087656,48.6428419921895,7460.710835708986
UNH,1,2020-01-14,2020-01-15,1,RESIDUAL_REVERTED,253.96493530273438,257.0060119628906,0.011974395821734873,66.62483355878032,7438.767690659453
BAX,-1,2020-01-14,2020-01-15,1,RESIDUAL_REVERTED,78.75833892822266,79.14875793457031,-0.004957176746750225,-59.84027373265233,7438.7676906594525
TROW,-1,2020-01-14,2020-01-15,1,RESIDUAL_REVERTED,98.15692138671875,97.16817474365234,0.010073121987709266,52.14323233093085,7438.767690659453
LH,-1,2020-01-09,2020-01-16,5,RESIDUAL_REVERTED,142.03366088867188,145.87063598632812,-0.027014547633632535,-227.8481005669968,7480.153093071231
CB,1,2020-01-13,2020-01-16,3,RESIDUAL_REVERTED,135.76010131835938,136.5164337158203,0.005571094821793965,19.119848505338,7460.710835708986
ILMN,1,2020-01-14,2020-01-16,2,RESIDUAL_REVERTED,315.2529296875,314.6206359863281,-0.0020056711345985967,-37.21364512366784,7438.767690659453
ALB,-1,2020-01-14,2020-01-17,3,RESIDUAL_REVERTED,70.0540771484375,74.42899322509766,-0.06245055612380912,-489.41737188663876,7438.767690659453
BSX,1,2020-01-15,2020-01-17,2,RESIDUAL_REVERTED,42.810001373291016,43.20000076293945,0.009110006473668442,45.08591427914355,7395.569054931527
WFC,1,2020-01-15,2020-01-17,2,RESIDUAL_REVERTED,41.1594123840332,41.61458969116211,0.011058887403005757,59.47737814665783,7395.569054931528
BLK,-1,2020-01-16,2020-01-17,1,RESIDUAL_REVERTED,456.8494873046875,456.9772033691406,-0.0002795582965553489,-24.716971365877402,7358.299212439473
PRGO,-1,2020-01-15,2020-01-21,3,RESIDUAL_REVERTED,44.64067077636719,46.11586380004883,-0.03304594214257661,-268.77351812934705,7395.569054931528
PNC,1,2020-01-16,2020-01-21,2,RESIDUAL_REVERTED,121.1691665649414,120.03305053710938,-0.009376279956692768,-90.96488084813163,7358.299212439472
COTY,-1,2020-01-16,2020-01-21,2,RESIDUAL_REVERTED,11.266624450683594,10.870956420898438,0.03511859577081666,235.57428078049819,7358.299212439473
PPG,1,2020-01-17,2020-01-21,1,RESIDUAL_REVERTED,111.37287139892578,111.61738586425781,0.00219545803444543,-5.946484487363877,7361.0122909104175
BNY,1,2020-01-17,2020-01-22,2,RESIDUAL_REVERTED,38.751014709472656,38.808921813964844,0.0014943377593163998,-11.099698017551866,7361.012290910417
MS,-1,2020-01-17,2020-01-22,2,RESIDUAL_REVERTED,45.80732345581055,45.742191314697266,0.0014218717925336133,-12.778785649702037,7361.012290910417
CDW,1,2020-01-21,2020-01-22,1,RESIDUAL_REVERTED,124.62701416015625,125.57905578613281,0.007639127298300741,34.063704983609384,7360.878203223699
CFG,-1,2020-01-21,2020-01-22,1,RESIDUAL_REVERTED,30.368667602539062,30.084562301635742,0.009355211253310514,46.30665560441886,7360.878203223699
COST,-1,2020-01-22,2020-01-23,1,RESIDUAL_REVERTED,285.2698974609375,284.0137023925781,0.004403531811593919,9.793910116691407,7357.456050865871
GRMN,-1,2020-01-22,2020-01-23,1,RESIDUAL_REVERTED,87.23172760009766,86.4887466430664,0.008517324802247983,40.107885773452125,7357.456050865871
UAL,1,2020-01-22,2020-01-23,1,TRAILING_STOP,86.75,81.73244051326252,-0.05783930244077795,-446.984168684779,7357.456050865871
EXPD,1,2020-01-21,2020-01-24,3,RESIDUAL_REVERTED,70.93656921386719,69.03490447998047,-0.026807960336415193,-219.11677032650493,7360.878203223699
YUM,-1,2020-01-21,2020-01-24,3,RESIDUAL_REVERTED,92.2181167602539,93.46025848388672,-0.013469606269038259,-123.15456847341386,7360.878203223699
MGM,1,2020-01-22,2020-01-24,2,RESIDUAL_REVERTED,32.35822296142578,32.06071853637695,-0.009194090336897776,-89.61601606064137,7357.456050865871
COF,-1,2020-01-23,2020-01-24,1,RESIDUAL_REVERTED,94.88700103759766,93.95970916748047,0.009772591187171775,49.00665604078229,7305.511540100349
ETN,-1,2020-01-23,2020-01-27,2,RESIDUAL_REVERTED,85.73409271240234,84.4258041381836,0.015259840430194349,88.55950292849592,7305.511540100349
VFC,1,2020-01-24,2020-01-27,1,RESIDUAL_REVERTED,69.3799819946289,66.97724151611328,-0.03463161000390047,-273.90034908827613,7288.526032940433
ZION,1,2020-01-23,2020-01-28,3,RESIDUAL_REVERTED,37.95199203491211,37.37154769897461,-0.015294173107001874,-133.48069511260098,7305.511540100349
MTB,-1,2020-01-24,2020-01-28,2,RESIDUAL_REVERTED,137.5884552001953,136.4849395751953,0.00802040856839592,35.52933435311799,7288.526032940433
SYF,1,2020-01-27,2020-01-28,1,RESIDUAL_REVERTED,27.259937286376953,27.540361404418945,0.010287041936157815,52.620727175807346,7236.460321484817
AMGN,1,2020-01-27,2020-01-28,1,RESIDUAL_REVERTED,182.22787475585938,182.13829040527344,-0.000491606186517668,-25.26153339399184,7236.4603214848175
INTC,-1,2020-01-27,2020-01-28,1,RESIDUAL_REVERTED,58.8531608581543,58.65911865234375,0.003297056657300401,1.6199711773013001,7236.4603214848175
NTRS,1,2020-01-23,2020-01-29,4,RESIDUAL_REVERTED,85.41403198242188,81.9712905883789,-0.040306508358620485,-315.93450708242193,7305.511540100349
DVA,-1,2020-01-27,2020-01-29,2,RESIDUAL_REVERTED,82.0999984741211,82.8499984741211,-0.009135201144204741,-89.06881251441953,7236.460321484818
RCL,1,2020-01-28,2020-01-29,1,RESIDUAL_REVERTED,114.13111114501953,116.2848892211914,0.01887108654742886,114.64005544777532,7236.107302125979
WMT,-1,2020-01-28,2020-01-29,1,RESIDUAL_REVERTED,35.30230712890625,35.47885513305664,-0.005001033034632174,-58.527979902878414,7236.107302125979
LUV,-1,2020-01-24,2020-01-30,4,RESIDUAL_REVERTED,50.85783767700195,50.58347702026367,0.005394658311679401,15.148240677627562,7288.526032940433
BWA,1,2020-01-29,2020-01-30,1,RESIDUAL_REVERTED,28.752788543701172,27.876665115356445,-0.030470902918272147,-241.18194247713794,7215.572899207957
PHM,-1,2020-01-29,2020-01-30,1,RESIDUAL_REVERTED,43.91386795043945,42.97953414916992,0.02127650887696808,131.54516345354583,7215.572899207957
MMM,1,2020-01-29,2020-01-31,2,RESIDUAL_REVERTED,109.97980499267578,107.10385131835938,-0.026149834276465,-210.04972516837776,7215.572899207958
ADP,1,2020-01-30,2020-01-31,1,RESIDUAL_REVERTED,145.42742919921875,150.19578552246094,0.032788562305602564,214.05540733938722,7197.709273384896
EBAY,1,2020-01-30,2020-01-31,1,RESIDUAL_REVERTED,30.75852394104004,31.206106185913086,0.01455148646700355,82.9871352113035,7197.709273384896
AVY,-1,2020-01-30,2020-01-31,1,RESIDUAL_REVERTED,119.99068450927734,119.7778091430664,0.001774099106789273,-9.379360676960577,7197.709273384896
NSC,-1,2020-01-30,2020-01-31,1,RESIDUAL_REVERTED,185.24400329589844,185.30511474609375,-0.000329897049880179,-24.548658240115792,7197.709273384896
PFE,1,2020-01-29,2020-02-03,3,RESIDUAL_REVERTED,25.890544891357422,25.702180862426758,-0.0072753984020452744,-74.06414198705176,7215.572899207958
XRX,-1,2020-01-29,2020-02-03,3,RESIDUAL_REVERTED,25.06424903869629,24.248048782348633,0.03256432120058883,211.97771288754166,7215.572899207957
MDLZ,-1,2020-01-31,2020-02-03,1,RESIDUAL_REVERTED,49.556732177734375,48.980384826660156,0.011630051574166744,61.9411133682403,7227.995837873791
TMO,1,2020-01-31,2020-02-04,2,RESIDUAL_REVERTED,316.38916015625,316.0061340332031,-0.0012106170857993925,-30.421197268152113,7227.99583787379
CE,1,2020-02-03,2020-02-04,1,RESIDUAL_REVERTED,93.39369201660156,94.66890716552734,0.013654189286136154,77.10221124031645,7250.736170704932
LYB,1,2020-02-03,2020-02-04,1,RESIDUAL_REVERTED,50.963287353515625,52.44612503051758,0.029096193632800693,188.90016185566293,7250.736170704932
AMZN,-1,2020-02-03,2020-02-04,1,RESIDUAL_REVERTED,100.52999877929688,101.49400329589844,-0.009589222404328579,-91.95904713554835,7250.736170704931
CL,-1,2020-02-03,2020-02-05,2,RESIDUAL_REVERTED,63.540618896484375,64.56158447265625,-0.01606791992119483,-139.59929566245373,7250.736170704932
NOW,-1,2020-01-31,2020-02-06,4,RESIDUAL_REVERTED,67.9000015258789,68.00199890136719,-0.001502170444715123,-34.8761456466673,7227.99583787379
BR,1,2020-02-03,2020-02-06,3,RESIDUAL_REVERTED,107.03762817382812,107.45452880859375,0.003894897914671569,6.446307363210289,7250.736170704932
SYY,1,2020-02-04,2020-02-06,2,RESIDUAL_REVERTED,63.847679138183594,63.64646911621094,-0.003151406984382099,-44.33754899053776,7213.251690357925
GILD,-1,2020-02-04,2020-02-06,2,RESIDUAL_REVERTED,52.97880172729492,52.42564392089844,0.010441115849388782,52.66563583157592,7213.251690357924
HIG,1,2020-02-05,2020-02-06,1,RESIDUAL_REVERTED,50.287357330322266,51.47932052612305,0.02370303907543092,148.7914717469677,7199.302441760251
TXT,-1,2020-02-05,2020-02-06,1,RESIDUAL_REVERTED,50.77866744995117,50.848087310791016,-0.0013671067857041752,-32.02324595286006,7199.302441760252
IT,1,2020-02-05,2020-02-07,2,RESIDUAL_REVERTED,154.0,154.19000244140625,0.0012337820870536031,-12.728860488943806,7199.302441760252
LIN,-1,2020-02-04,2020-02-10,4,RESIDUAL_REVERTED,191.56341552734375,195.2709197998047,-0.019353926543096867,-163.792463845221,7213.251690357924
ICE,1,2020-02-05,2020-02-10,3,RESIDUAL_REVERTED,85.8115234375,84.8306884765625,-0.01143010777161979,-103.76327691090101,7199.302441760251
XYL,1,2020-02-07,2020-02-10,1,RESIDUAL_REVERTED,76.76383209228516,77.3531723022461,0.007677316177395088,33.7197475624084,7227.0020348911385
WTW,1,2020-02-07,2020-02-10,1,RESIDUAL_REVERTED,191.58319091796875,191.17987060546875,-0.002105196758481198,-36.872445970177466,7227.0020348911385
CTSH,-1,2020-02-07,2020-02-10,1,RESIDUAL_REVERTED,63.303489685058594,61.7877311706543,0.023944312105783627,151.05862832648705,7227.0020348911385
FMC,-1,2020-02-07,2020-02-10,1,RESIDUAL_REVERTED,88.7932357788086,86.96861267089844,0.02054912282344845,126.48702395824775,7227.0020348911385
BIIB,-1,2020-02-06,2020-02-11,3,RESIDUAL_REVERTED,338.3900146484375,338.05999755859375,0.0009752565842896521,-16.43893218708224,7269.6647759593825
BDX,1,2020-02-07,2020-02-11,2,RESIDUAL_REVERTED,172.31265258789062,173.72344970703125,0.008187426157931332,37.40078358096123,7227.002034891139
CAH,-1,2020-02-07,2020-02-12,3,RESIDUAL_REVERTED,50.13875961303711,50.910919189453125,-0.015400452312251511,-134.86359587831288,7227.0020348911385
TTWO,1,2020-02-10,2020-02-12,2,RESIDUAL_REVERTED,112.5,112.52999877929688,0.00026665581597229426,-19.88888396777802,7275.3274437288965
NWSA,1,2020-02-11,2020-02-12,1,RESIDUAL_REVERTED,12.939081192016602,13.219146728515625,0.021644932305689757,135.10459184549927,7258.823187519283
NWS,1,2020-02-11,2020-02-12,1,RESIDUAL_REVERTED,13.333398818969727,13.604743003845215,0.020350713914702778,125.72418113298782,7258.823187519284
NCLH,1,2020-02-11,2020-02-12,1,RESIDUAL_REVERTED,51.599998474121094,52.849998474121094,0.024224806917909403,153.8033552210867,7258.823187519284
L,-1,2020-02-11,2020-02-12,1,RESIDUAL_REVERTED,54.402347564697266,53.37036895751953,0.01896937638491547,115.56128460564277,7258.823187519284
CMG,-1,2020-02-11,2020-02-12,1,RESIDUAL_REVERTED,17.860000610351562,17.81279945373535,0.0026428418254842434,-3.1384177000723663,7258.823187519284
UA,1,2020-02-12,2020-02-13,1,RESIDUAL_REVERTED,15.260000228881836,15.449999809265137,0.012450824215827883,69.01068934273299,7316.540144693642
TMUS,-1,2020-02-12,2020-02-13,1,RESIDUAL_REVERTED,89.37579345703125,90.44071197509766,-0.01191506645004936,-109.84844211071672,7316.540144693642
NVDA,-1,2020-02-11,2020-02-14,3,RESIDUAL_REVERTED,6.637746810913086,7.132871150970459,-0.07459223049052444,-565.7886853992445,7258.823187519285
WU,1,2020-02-13,2020-02-14,1,RESIDUAL_REVERTED,15.845152854919434,15.887669563293457,0.0026832627468673653,-2.339061219677607,7292.198408413542
MDT,1,2020-02-13,2020-02-14,1,RESIDUAL_REVERTED,94.31646728515625,95.833740234375,0.01608704177427933,95.2573403466069,7292.198408413543
PVH,-1,2020-02-13,2020-02-14,1,RESIDUAL_REVERTED,87.69413757324219,88.32752227783203,-0.007222657319149173,-75.20777091199103,7292.198408413543
SPGI,-1,2020-02-13,2020-02-14,1,RESIDUAL_REVERTED,269.8778381347656,269.7079772949219,0.0006293989940697742,-17.857661578959462,7292.198408413543
AMCR,1,2020-02-13,2020-02-18,2,RESIDUAL_REVERTED,37.37062072753906,37.04502487182617,-0.008712615669050239,-85.31541615703524,7292.198408413542
ELV,-1,2020-02-13,2020-02-18,2,RESIDUAL_REVERTED,267.81207275390625,270.2837219238281,-0.009229043129034276,-90.44924783216443,7292.198408413542
KHC,1,2020-02-14,2020-02-19,2,RESIDUAL_REVERTED,19.899309158325195,19.549190521240234,-0.017594512166191567,-149.66570886567916,7276.586580106366
EFX,-1,2020-02-14,2020-02-19,2,RESIDUAL_REVERTED,154.31747436523438,151.5908966064453,0.01766862612289699,105.78744655374176,7276.5865801063665
ANET,1,2020-02-18,2020-02-19,1,RESIDUAL_REVERTED,13.948749542236328,14.123125076293945,0.012501158869446583,68.3276313455483,7205.726394213165
PPL,1,2020-02-18,2020-02-19,1,RESIDUAL_REVERTED,26.975521087646484,27.348709106445312,0.013834321034477792,77.91962354317958,7205.726394213166
EXPE,-1,2020-02-18,2020-02-19,1,RESIDUAL_REVERTED,119.95516204833984,118.8840560913086,0.008929219374482766,42.25350608968392,7205.726394213165
TAP,1,2020-02-13,2020-02-20,4,RESIDUAL_REVERTED,45.98871612548828,45.53115463256836,-0.009949429587714165,-94.32098000748644,7292.198408413542
DLR,-1,2020-02-18,2020-02-20,2,RESIDUAL_REVERTED,104.93827819824219,106.4061279296875,-0.01398774362080113,-123.71498583180703,7205.726394213164
LDOS,-1,2020-02-19,2020-02-20,1,RESIDUAL_REVERTED,113.44330596923828,110.22297668457031,0.028387124803478492,182.65246666591315,7204.461194718346
NVDA,-1,2020-02-18,2020-02-21,3,RESIDUAL_REVERTED,7.092646598815918,7.553256988525391,-0.06494196253713946,-492.11500597938107,7205.726394213165
VMC,1,2020-02-19,2020-02-21,2,RESIDUAL_REVERTED,128.88619995117188,127.9133529663086,-0.007548108216642646,-75.91186624538082,7204.461194718346
PSA,1,2020-02-20,2020-02-21,1,RESIDUAL_REVERTED,164.89833068847656,167.20474243164062,0.013986871386353128,78.6983299474447,7176.647057546483
GRMN,-1,2020-02-20,2020-02-21,1,RESIDUAL_REVERTED,89.41749572753906,85.81488037109375,0.040289826136740814,267.50037123793817,7176.647057546483
FANG,-1,2020-02-20,2020-02-21,1,RESIDUAL_REVERTED,61.77159118652344,59.397544860839844,0.03843265617871172,254.14542072461836,7176.647057546484
VNO,1,2020-02-20,2020-02-24,2,RESIDUAL_REVERTED,50.42465591430664,49.97401809692383,-0.008936854584563614,-85.57038735393144,7176.647057546484
EXR,1,2020-02-20,2020-02-24,2,RESIDUAL_REVERTED,82.78524017333984,83.92559051513672,0.013774802602603442,77.178670048769,7176.647057546484
HRL,1,2020-02-21,2020-02-25,2,RESIDUAL_REVERTED,36.952884674072266,36.568389892578125,-0.010405000445443457,-96.8881453646381,7236.186566803647
HST,-1,2020-02-21,2020-02-25,2,RESIDUAL_REVERTED,13.230142593383789,12.773662567138672,0.034503031469471535,227.20081579730956,7236.186566803648
HAS,1,2020-02-24,2020-02-25,1,RESIDUAL_REVERTED,68.26105499267578,68.16751098632812,-0.0013703861793183947,-31.59232311021662,7232.1273279680745
ED,1,2020-02-24,2020-02-25,1,RESIDUAL_REVERTED,70.80601501464844,70.6002426147461,-0.0029061429295205166,-42.68245128992137,7232.1273279680745
PNW,-1,2020-02-24,2020-02-25,1,RESIDUAL_REVERTED,78.14387512207031,76.35120391845703,0.022940648909628658,143.90136553425455,7232.1273279680745
VTR,-1,2020-02-21,2020-02-26,3,RESIDUAL_REVERTED,48.953914642333984,46.33571243286133,0.05348299984999583,364.17581767791023,7236.186566803647
LYV,1,2020-02-25,2020-02-26,1,TRAILING_STOP,68.41999816894531,60.83971644409323,-0.11079044033492313,-825.4970173747182,7265.147918814514
TAP,1,2020-02-26,2020-02-27,1,RESIDUAL_REVERTED,42.87732696533203,42.26168441772461,-0.014358230588982224,-125.2733568708112,7225.908373309838
HPQ,-1,2020-02-26,2020-02-27,1,RESIDUAL_REVERTED,18.405946731567383,17.43474006652832,0.052765917407192164,359.62167589390117,7225.908373309838
XRX,-1,2020-02-26,2020-02-27,1,RESIDUAL_REVERTED,25.04384994506836,23.71751594543457,0.05296046744182681,361.027283590259,7225.908373309838
LNC,1,2020-02-25,2020-02-27,2,TRAILING_STOP,40.32952117919922,35.13425020695128,-0.12882054684367306,-956.2919210666001,7265.147918814514
DRI,1,2020-02-26,2020-02-27,1,TRAILING_STOP,93.09736633300781,85.37581384932064,-0.08294061140319808,-620.1000016580972,7225.908373309837
DE,-1,2020-02-24,2020-02-28,4,RESIDUAL_REVERTED,158.00816345214844,142.23570251464844,0.09982054466620371,699.0873817250066,7232.1273279680745
TJX,-1,2020-02-27,2020-02-28,1,RESIDUAL_REVERTED,56.82044219970703,54.13398742675781,0.04727972308816475,318.9921605666028,7205.054683936539
MA,1,2020-02-26,2020-02-28,2,TRAILING_STOP,290.9569396972656,264.00534525955493,-0.09263086993475134,-690.015890540391,7225.908373309838
JNJ,-1,2020-02-24,2020-03-02,5,RESIDUAL_REVERTED,122.5556411743164,112.751220703125,0.0799997484999172,554.966562690347,7232.1273279680745
LOW,1,2020-02-27,2020-03-02,2,RESIDUAL_REVERTED,97.60049438476562,95.02971649169922,-0.02633980400685021,-211.1102226929855,7205.054683936539
TTWO,1,2020-05-27,2020-05-28,1,RESIDUAL_REVERTED,130.44000244140625,133.9199981689453,0.02667889958912162,170.00458718669984,7191.735745129713
VRTX,1,2020-05-27,2020-05-28,1,RESIDUAL_REVERTED,264.3800048828125,276.2699890136719,0.044973083861352015,301.37417573685053,7191.735745129713
LYB,-1,2020-05-27,2020-05-28,1,RESIDUAL_REVERTED,45.86723709106445,44.86379623413086,0.02187707218861623,135.44196974799164,7191.735745129713
TFX,1,2020-05-27,2020-05-29,2,RESIDUAL_REVERTED,335.6960754394531,345.1691589355469,0.028219226226260608,181.06559288898364,7191.735745129713
CMG,1,2020-05-27,2020-05-29,2,RESIDUAL_REVERTED,20.434600830078125,20.020000457763672,-0.020289134872857106,-167.27043259351916,7191.735745129713
INTU,1,2020-05-27,2020-05-29,2,RESIDUAL_REVERTED,270.90130615234375,273.50372314453125,0.009606513269168282,47.40866637125513,7191.735745129713
GS,-1,2020-05-27,2020-05-29,2,RESIDUAL_REVERTED,174.54579162597656,170.6446075439453,0.022350490640249077,138.24945719211365,7191.735745129713
MS,-1,2020-05-27,2020-05-29,2,RESIDUAL_REVERTED,37.849159240722656,36.385780334472656,0.038663445519168116,255.76135681052958,7191.735745129713
MTB,-1,2020-05-27,2020-05-29,2,RESIDUAL_REVERTED,93.49162292480469,86.71247100830078,0.07251079513248349,499.5856143446328,7191.735745129713
LUV,-1,2020-05-27,2020-05-29,2,RESIDUAL_REVERTED,32.04045486450195,28.900672912597656,0.09799430018026689,683.1481953010644,7191.735745129713
HPQ,1,2020-05-29,2020-06-01,1,RESIDUAL_REVERTED,11.874367713928223,11.898086547851562,0.0019974818444874476,-7.3995038988728385,7358.924008163509
DLTR,-1,2020-05-29,2020-06-02,2,RESIDUAL_REVERTED,97.0199966430664,96.75,0.0027828968502205953,-2.7354917088480892,7358.924008163509
DXC,1,2020-06-01,2020-06-02,1,RESIDUAL_REVERTED,14.300000190734863,15.0,0.04895103496003261,340.25814426412785,7416.649561179301
COTY,1,2020-06-01,2020-06-02,1,RESIDUAL_REVERTED,3.990000009536743,4.5,0.12781954617650992,924.3208432050216,7416.6495611793
GEN,-1,2020-06-01,2020-06-02,1,RESIDUAL_REVERTED,19.5716495513916,18.699865341186523,0.044543215834512595,308.03779494389664,7416.6495611793
CSCO,-1,2020-06-01,2020-06-02,1,RESIDUAL_REVERTED,39.422569274902344,38.79549026489258,0.01590659922840143,95.32267247633705,7416.649561179301
ANET,-1,2020-06-01,2020-06-02,1,RESIDUAL_REVERTED,14.561875343322754,14.668749809265137,-0.007339333940349135,-77.35765793795049,7416.6495611793
STX,-1,2020-06-01,2020-06-02,1,RESIDUAL_REVERTED,42.959835052490234,42.41294860839844,0.012730180258457402,71.72370547101033,7416.649561179301
WHR,1,2020-05-29,2020-06-03,3,RESIDUAL_REVERTED,91.92815399169922,99.07898712158203,0.0777871937962391,549.4946308583883,7358.924008163509
PFE,1,2020-06-02,2020-06-03,1,RESIDUAL_REVERTED,24.620912551879883,25.14756202697754,0.021390331247386873,138.89564922463686,7565.845403324245
NTAP,1,2020-06-02,2020-06-03,1,RESIDUAL_REVERTED,36.69116973876953,37.897945404052734,0.03289008428663065,225.77049486545658,7565.845403324244
WU,-1,2020-06-03,2020-06-04,1,RESIDUAL_REVERTED,14.23470687866211,14.007685661315918,0.01594842937626606,98.72435918030497,7656.604464278029
QCOM,-1,2020-06-03,2020-06-04,1,RESIDUAL_REVERTED,74.38092803955078,73.50535583496094,0.011771461148270101,66.69314439352769,7656.60446427803
GLW,-1,2020-06-03,2020-06-05,2,RESIDUAL_REVERTED,20.823869705200195,22.13338851928711,-0.0628854690614924,-506.4275148164094,7656.60446427803
TSN,1,2020-06-04,2020-06-05,1,RESIDUAL_REVERTED,51.060176849365234,55.07689666748047,0.07866639063873837,575.8281323410001,7621.977441434983
JBHT,1,2020-06-04,2020-06-05,1,RESIDUAL_REVERTED,109.92382049560547,113.08259582519531,0.02873604024449028,195.83097999961825,7621.977441434983
EFX,-1,2020-06-03,2020-06-08,3,RESIDUAL_REVERTED,160.56561279296875,167.36058044433594,-0.042318946959885695,-349.37546506068105,7656.60446427803
PRGO,1,2020-06-04,2020-06-09,3,RESIDUAL_REVERTED,43.47868347167969,45.55059814453125,0.04765357429005701,339.803714215892,7621.977441434984
CPB,1,2020-06-04,2020-06-09,3,RESIDUAL_REVERTED,38.782325744628906,39.533470153808594,0.01936821463791949,124.53672658421239,7621.977441434982
DGX,1,2020-06-04,2020-06-10,4,RESIDUAL_REVERTED,105.11163330078125,103.93299865722656,-0.011213170288981944,-108.20426351741008,7621.977441434983
AAL,-1,2020-06-05,2020-06-10,3,RESIDUAL_REVERTED,21.25,17.690000534057617,0.16752938663258277,1258.3831107594028,7646.672047869045
DAL,-1,2020-06-05,2020-06-10,3,RESIDUAL_REVERTED,35.907405853271484,31.119749069213867,0.13333340769927604,996.4283024023251,7646.672047869045
IQV,1,2020-06-08,2020-06-10,2,RESIDUAL_REVERTED,148.6199951171875,147.27000427246094,-0.009083507529805024,-93.58970841693676,7753.986852142472
BALL,1,2020-06-08,2020-06-10,2,RESIDUAL_REVERTED,67.4171142578125,67.1760482788086,-0.003575738618565527,-50.94660144613019,7753.986852142472
OXY,-1,2020-06-08,2020-06-10,2,RESIDUAL_REVERTED,21.820602416992188,20.420305252075195,0.06417316709031595,473.8379388466712,7753.986852142472
KMI,-1,2020-06-09,2020-06-10,1,RESIDUAL_REVERTED,12.196443557739258,11.952235221862793,0.02002291362398856,130.08756675497636,7663.729939572508
EG,-1,2020-06-03,2020-06-11,6,RESIDUAL_REVERTED,184.7013702392578,187.0779266357422,-0.012867020929004713,-125.50634851345896,7656.60446427803
APTV,1,2020-06-10,2020-06-11,1,RESIDUAL_REVERTED,78.91999816894531,76.45999908447266,-0.03117079500187636,-266.4355272789469,7807.854420964941
HSIC,1,2020-06-10,2020-06-12,2,RESIDUAL_REVERTED,61.220001220703125,57.310001373291016,-0.06386801322195734,-521.3477044321115,7807.854420964941
SYY,1,2020-06-11,2020-06-12,1,RESIDUAL_REVERTED,45.643341064453125,47.17720413208008,0.03360540731365358,242.75969222827698,7945.007316739204
IDXX,-1,2020-06-11,2020-06-12,1,RESIDUAL_REVERTED,320.20001220703125,304.9599914550781,0.047595315961760254,354.288895610037,7945.007316739204
WFC,1,2020-06-11,2020-06-15,2,RESIDUAL_REVERTED,23.642662048339844,23.34712791442871,-0.012500036303309758,-122.99893251968567,7945.007316739204
MSFT,-1,2020-06-11,2020-06-15,2,RESIDUAL_REVERTED,183.22389221191406,175.11244201660156,0.04427070125729515,327.2025031251003,7945.007316739204
CRM,-1,2020-06-11,2020-06-15,2,RESIDUAL_REVERTED,173.3310546875,168.7779998779297,0.02626796922097463,183.9379689037424,7945.007316739204
BKR,1,2020-06-11,2020-06-16,3,RESIDUAL_REVERTED,13.5797700881958,14.695097923278809,0.08213156981593572,627.7220972879833,7945.007316739203
ACN,-1,2020-06-11,2020-06-16,3,RESIDUAL_REVERTED,186.02096557617188,184.06590270996094,0.010509906021374693,57.95884136372193,7945.007316739204
PNR,1,2020-07-02,2020-07-06,1,RESIDUAL_REVERTED,34.45817947387695,35.08352279663086,0.01814789209128076,121.9295312977824,8063.764982404192
FDX,-1,2020-07-02,2020-07-06,1,RESIDUAL_REVERTED,114.15464782714844,113.65083312988281,0.004413440073228525,10.823640438987132,8063.764982404192
STZ,-1,2020-07-02,2020-07-06,1,RESIDUAL_REVERTED,169.19265747070312,168.2446746826172,0.0056029782985711485,20.429029811848725,8063.764982404192
EXR,-1,2020-07-02,2020-07-06,1,RESIDUAL_REVERTED,77.02272033691406,77.77662658691406,-0.009788102091204287,-103.87320879494835,8063.764982404193
ESS,-1,2020-07-02,2020-07-06,1,RESIDUAL_REVERTED,195.9329376220703,195.6988525390625,0.0011947204275543077,-15.167904791141039,8063.764982404192
RHI,1,2020-07-02,2020-07-07,2,RESIDUAL_REVERTED,41.778255462646484,41.570255279541016,-0.004978670861243595,-64.2779064494,8063.764982404192
AMGN,-1,2020-07-02,2020-07-07,2,RESIDUAL_REVERTED,208.87510681152344,209.47811889648438,-0.0028869504564996706,-48.808012314073615,8063.764982404192
D,1,2020-07-07,2020-07-08,1,RESIDUAL_REVERTED,54.77020263671875,56.49513244628906,0.03149394609714107,229.1889894346579,8056.785065285691
LDOS,1,2020-07-07,2020-07-08,1,RESIDUAL_REVERTED,80.99258422851562,81.22298431396484,0.0028447059399803187,-1.2855496399922899,8056.785065285691
FCX,-1,2020-07-07,2020-07-09,2,RESIDUAL_REVERTED,11.801929473876953,12.10859203338623,-0.02598410371694393,-235.11912352892443,8056.785065285691
PAYX,1,2020-07-08,2020-07-09,1,RESIDUAL_REVERTED,61.60523223876953,61.67958068847656,0.0012068528435842385,-14.488617410551923,8071.844558840202
ROL,-1,2020-07-08,2020-07-09,1,RESIDUAL_REVERTED,27.971267700195312,27.706344604492188,0.009471258097511037,51.71525135172263,8071.844558840202
WMT,-1,2020-07-08,2020-07-09,1,RESIDUAL_REVERTED,39.30552673339844,38.571617126464844,0.01867191888590014,126.10456316515325,8071.844558840202
PM,-1,2020-07-08,2020-07-09,1,RESIDUAL_REVERTED,54.67063903808594,53.68955612182617,0.01794533470838522,120.21921694176055,8071.844558840202
GWW,1,2020-07-09,2020-07-10,1,RESIDUAL_REVERTED,289.49285888671875,288.5133361816406,-0.0033835815807167213,-51.52948278830584,8078.612939324986
OKE,1,2020-07-07,2020-07-13,4,RESIDUAL_REVERTED,18.736814498901367,18.331695556640625,-0.021621548437942617,-198.10922348620988,8056.785065285691
APD,-1,2020-07-08,2020-07-13,3,RESIDUAL_REVERTED,230.2323760986328,238.58953857421875,-0.03629881521096623,-319.61227818345617,8071.844558840202
ALL,1,2020-07-09,2020-07-13,2,RESIDUAL_REVERTED,76.34880065917969,76.09021759033203,-0.003386864844177051,-51.55596721665759,8078.612939324986
CF,1,2020-07-09,2020-07-13,2,RESIDUAL_REVERTED,24.2281436920166,25.520658493041992,0.05334766119334544,406.09280452231184,8078.612939324985
FFIV,-1,2020-07-10,2020-07-13,1,RESIDUAL_REVERTED,144.4600067138672,143.2100067138672,0.008652913899387271,44.45964482954625,7956.849538182781
PNR,-1,2020-07-10,2020-07-13,1,RESIDUAL_REVERTED,35.28582763671875,35.681270599365234,-0.011206849580452705,-113.80833399885069,7956.849538182781
AMD,-1,2020-07-10,2020-07-13,1,RESIDUAL_REVERTED,57.540000915527344,56.68000030517578,0.014946134804796118,94.61870576746765,7956.849538182781
COO,-1,2020-07-10,2020-07-13,1,RESIDUAL_REVERTED,72.15239715576172,72.75952911376953,-0.008414577781763022,-91.55736002762535,7956.849538182781
MHK,1,2020-07-10,2020-07-14,2,RESIDUAL_REVERTED,73.26000213623047,69.88999938964844,-0.046000582150070746,-389.34122988522284,7956.849538182781
ROST,1,2020-07-15,2020-07-16,1,RESIDUAL_REVERTED,76.86833190917969,78.03400421142578,0.015164532302110345,97.10583478708095,7997.656914449049
WFC,1,2020-07-15,2020-07-16,1,RESIDUAL_REVERTED,21.713001251220703,21.65215301513672,-0.0028023871679445644,-46.37188305735597,7997.656914449049
FRT,1,2020-07-15,2020-07-16,1,RESIDUAL_REVERTED,62.38850402832031,62.194522857666016,-0.00310924542390445,-48.82234888931051,7997.656914449049
XYL,-1,2020-07-15,2020-07-16,1,RESIDUAL_REVERTED,68.92545318603516,69.40772247314453,-0.006996969404142961,-80.6766420138789,7997.656914449049
CAT,-1,2020-07-15,2020-07-16,1,RESIDUAL_REVERTED,124.97808074951172,123.31076049804688,0.013340901392193572,82.23648700583061,7997.656914449049
EW,-1,2020-07-15,2020-07-16,1,RESIDUAL_REVERTED,72.19000244140625,71.95999908447266,0.0031860832408238116,0.8892551377900871,7997.656914449049
ALGN,-1,2020-07-15,2020-07-17,2,RESIDUAL_REVERTED,303.5199890136719,312.8299865722656,-0.030673424800942373,-270.979945000858,7997.6569144490495
PLD,1,2020-07-13,2020-07-20,5,RESIDUAL_REVERTED,80.17528533935547,79.71344757080078,-0.005760350793887148,-70.07922430807173,8007.489069507117
INTU,1,2020-07-15,2020-07-20,3,RESIDUAL_REVERTED,276.0513610839844,277.46014404296875,0.00510333639889482,16.760540793578045,7997.656914449049
TT,-1,2020-07-15,2020-07-20,3,RESIDUAL_REVERTED,92.37393951416016,94.2968521118164,-0.020816613514263782,-192.6663536598966,7997.656914449049
PKG,-1,2020-07-17,2020-07-20,1,RESIDUAL_REVERTED,89.37146759033203,87.55606079101562,0.02031304675042389,137.20357010903726,7946.422067868013
HIG,-1,2020-07-17,2020-07-20,1,RESIDUAL_REVERTED,37.0648307800293,36.714263916015625,0.009458207595610002,50.80678373177068,7946.422067868013
KHC,-1,2020-07-17,2020-07-21,2,RESIDUAL_REVERTED,25.483211517333984,25.299135208129883,0.007223434498390913,32.387597049196046,7946.422067868013
DPZ,1,2020-07-20,2020-07-21,1,RESIDUAL_REVERTED,359.3340759277344,362.9173889160156,0.009972093459351905,55.48997184173194,7975.9799538307925
ISRG,-1,2020-07-20,2020-07-22,2,RESIDUAL_REVERTED,215.14666748046875,223.14999389648438,-0.03719939755396018,-322.3748099354931,7975.9799538307925
AMZN,-1,2020-07-21,2020-07-22,1,RESIDUAL_REVERTED,161.62449645996094,156.25,0.03325298192834503,239.2300986751131,7914.762431299417
NOW,-1,2020-07-21,2020-07-22,1,RESIDUAL_REVERTED,89.44599914550781,88.0,0.01616616907767454,103.78493122533426,7914.762431299416
ADBE,-1,2020-07-21,2020-07-22,1,RESIDUAL_REVERTED,456.07000732421875,447.54998779296875,0.018681385301430598,123.7243102467172,7914.762431299417
FE,1,2020-07-22,2020-07-22,0,STOP_LOSS,22.2940673828125,18.949957275390624,-0.15000000000000002,-1220.5324536770877,7989.084952885532
PPG,1,2020-07-20,2020-07-23,3,RESIDUAL_REVERTED,99.52023315429688,98.32075500488281,-0.012052605901298308,-119.91508590708017,7975.979953830793
DOC,1,2020-07-21,2020-07-23,2,RESIDUAL_REVERTED,18.474124908447266,19.016429901123047,0.029354840641345525,208.24379770617713,7914.762431299416
PEG,1,2020-07-21,2020-07-23,2,RESIDUAL_REVERTED,42.381107330322266,42.78588104248047,0.009550805480455171,51.734680576849314,7914.762431299416
CVX,-1,2020-07-22,2020-07-23,1,RESIDUAL_REVERTED,68.73677825927734,69.15707397460938,-0.006114568153698707,-73.53207177675164,7989.084952885532
FE,1,2020-07-23,2020-07-24,1,RESIDUAL_REVERTED,21.295028686523438,21.47178077697754,0.008300157424345755,41.581741765216286,7863.851057777509
NVR,-1,2020-07-23,2020-07-24,1,RESIDUAL_REVERTED,3757.860107421875,3712.0,0.01220378250145604,71.90227255161173,7863.851057777508
BBY,-1,2020-07-23,2020-07-24,1,RESIDUAL_REVERTED,74.66918182373047,73.66967010498047,0.013385866757044673,81.21337411857834,7863.851057777509
LMT,-1,2020-07-23,2020-07-24,1,RESIDUAL_REVERTED,332.7454528808594,327.8697509765625,0.014652948258447429,91.19552481151412,7863.851057777508
NCLH,1,2020-07-17,2020-07-27,6,RESIDUAL_REVERTED,15.34000015258789,14.279999732971191,-0.06910041780135678,-572.1166994918315,7946.422067868013
HCA,-1,2020-07-23,2020-07-27,2,RESIDUAL_REVERTED,118.81055450439453,118.81055450439453,-0.0,-24.85216610102265,7863.851057777509
TRV,1,2020-07-24,2020-07-27,1,RESIDUAL_REVERTED,105.3308334350586,103.72541809082031,-0.015241646646877549,-142.88008004115858,7842.459664364566
AAPL,1,2020-07-24,2020-07-27,1,RESIDUAL_REVERTED,88.02073669433594,90.65442657470703,0.029921243326069158,210.77678068340296,7842.4596643645655
ALLE,1,2020-07-24,2020-07-28,2,RESIDUAL_REVERTED,94.5888671875,92.79378509521484,-0.018977731160759403,-172.13622200578013,7842.459664364566
GL,-1,2020-07-24,2020-07-28,2,RESIDUAL_REVERTED,77.18560028076172,75.2269515991211,0.025375830135621946,174.55377832879475,7842.4596643645655
AMD,-1,2020-07-27,2020-07-28,1,RESIDUAL_REVERTED,69.27999877929688,68.0999984741211,0.017032337268579778,109.89419633298719,7861.447354998825
NRG,-1,2020-07-27,2020-07-28,1,RESIDUAL_REVERTED,29.032058715820312,28.21744728088379,0.028059030980556066,196.72218525068052,7861.447354998826
CMCSA,-1,2020-07-27,2020-07-28,1,RESIDUAL_REVERTED,33.770057678222656,33.504276275634766,0.007870327173272407,37.75150514229101,7861.447354998825
INTC,1,2020-07-27,2020-07-29,2,RESIDUAL_REVERTED,45.4903450012207,44.11752700805664,-0.03017822777838297,-260.47302418849677,7861.447354998824
HAS,1,2020-07-28,2020-07-29,1,RESIDUAL_REVERTED,56.50307083129883,57.32925033569336,0.014621851383285867,91.15982542260356,7858.66078179145
AVY,1,2020-07-28,2020-07-29,1,RESIDUAL_REVERTED,105.05833435058594,105.90956115722656,0.008102420544761735,40.00268096546621,7858.660781791451
AEP,1,2020-07-28,2020-07-29,1,RESIDUAL_REVERTED,66.767822265625,68.06504821777344,0.019428909138111905,128.88019612188072,7858.66078179145
RVTY,-1,2020-07-28,2020-07-29,1,RESIDUAL_REVERTED,112.87973022460938,117.14958953857422,-0.037826625785414514,-321.9041421099705,7858.66078179145
EXR,-1,2020-07-29,2020-07-30,1,RESIDUAL_REVERTED,78.43624877929688,78.42056274414062,0.00019998451481773039,-22.752484260327755,7900.554117699638
DUK,-1,2020-07-29,2020-07-30,1,RESIDUAL_REVERTED,66.27528381347656,66.10282135009766,0.002602213879072668,-3.7421843106123056,7900.554117699638
LW,1,2020-07-29,2020-07-31,2,RESIDUAL_REVERTED,55.51282501220703,53.41614532470703,-0.037769284611960385,-321.6523420010966,7900.554117699638
WAB,-1,2020-07-29,2020-07-31,2,RESIDUAL_REVERTED,62.228660583496094,60.55881881713867,0.026833966064831016,187.37103099465645,7900.554117699638
STX,1,2020-07-30,2020-07-31,1,RESIDUAL_REVERTED,36.404788970947266,36.917415618896484,0.014081297061172782,86.27519162840379,7800.526730075259
MO,1,2020-07-30,2020-07-31,1,RESIDUAL_REVERTED,25.618186950683594,25.63680648803711,0.0007268093323449243,-17.740588809037426,7800.526730075259
CHRW,-1,2020-07-30,2020-07-31,1,RESIDUAL_REVERTED,82.01441955566406,81.2844467163086,0.008900542652259147,45.5177734487518,7800.52673007526
ADP,1,2020-07-30,2020-08-03,2,RESIDUAL_REVERTED,116.96607971191406,116.17335510253906,-0.006777388891954561,-76.18948259721489,7800.526730075259
QCOM,-1,2020-07-31,2020-08-03,1,RESIDUAL_REVERTED,92.51432800292969,94.03783416748047,-0.01646778609798183,-152.76700194920926,7805.459005678833
PSA,-1,2020-07-29,2020-08-04,4,RESIDUAL_REVERTED,149.34088134765625,151.17910766601562,-0.012308929087408327,-123.64689212516022,7900.554117699638
GE,1,2020-07-30,2020-08-04,3,RESIDUAL_REVERTED,31.50262451171875,29.563989639282227,-0.061538836921836926,-502.7168695232374,7800.526730075259
UPS,-1,2020-07-31,2020-08-04,2,RESIDUAL_REVERTED,108.779296875,108.6335678100586,0.001339676474548912,-14.188542107665118,7805.459005678833
FLS,1,2020-08-03,2020-08-04,1,RESIDUAL_REVERTED,24.740005493164062,24.890052795410156,0.006064966407851147,23.748880630958325,7771.563818836295
PEG,-1,2020-08-03,2020-08-04,1,RESIDUAL_REVERTED,44.93124771118164,44.178348541259766,0.016756694021975882,106.50102006235542,7771.5638188362955
UAA,1,2020-08-03,2020-08-05,2,RESIDUAL_REVERTED,10.619999885559082,10.039999961853027,-0.05461392937439957,-447.1136755307771,7771.5638188362955
AAPL,-1,2020-08-03,2020-08-05,2,RESIDUAL_REVERTED,104.67198944091797,105.81110382080078,-0.010882704971665547,-109.26332786876748,7771.563818836295
CBRE,1,2020-08-04,2020-08-05,1,RESIDUAL_REVERTED,41.150001525878906,42.040000915527344,0.02162817391607441,143.52907712745855,7718.388272575466
MCK,-1,2020-08-04,2020-08-05,1,RESIDUAL_REVERTED,153.09706115722656,152.16302490234375,0.006100941767416268,23.39996447595944,7718.388272575466
NWL,1,2020-08-03,2020-08-06,3,RESIDUAL_REVERTED,12.270885467529297,12.472784042358398,0.016453464207074386,104.3626519490185,7771.5638188362955
WMB,-1,2020-08-05,2020-08-06,1,RESIDUAL_REVERTED,16.005504608154297,15.637055397033691,0.02302015588642503,154.6846802792265,7743.180383674702
VNO,-1,2020-08-05,2020-08-06,1,RESIDUAL_REVERTED,29.025320053100586,28.075780868530273,0.03271416758999279,229.8622411801643,7743.180383674702
EVRG,1,2020-08-05,2020-08-07,2,RESIDUAL_REVERTED,43.846923828125,42.633304595947266,-0.027678549057055468,-237.22805926103356,7743.180383674702
MOS,-1,2020-08-05,2020-08-07,2,RESIDUAL_REVERTED,13.946935653686523,13.95566177368164,-0.0006256657528072029,-29.328590452966594,7743.180383674703
ANET,1,2020-08-06,2020-08-07,1,RESIDUAL_REVERTED,14.86312484741211,14.688750267028809,-0.011732026890271419,-113.68268040933235,7725.932251174424
MCHP,1,2020-08-06,2020-08-07,1,RESIDUAL_REVERTED,43.297035217285156,43.81389236450195,0.01193747203758777,68.91196130885034,7725.932251174425
AIZ,-1,2020-08-06,2020-08-07,1,RESIDUAL_REVERTED,109.203369140625,106.40947723388672,0.02558430137023049,174.1816757679464,7725.932251174425
DIS,-1,2020-08-06,2020-08-10,2,RESIDUAL_REVERTED,123.09573364257812,125.80081939697266,-0.021975463115960103,-194.47273225364017,7725.932251174425
BIIB,-1,2020-08-10,2020-08-11,1,RESIDUAL_REVERTED,308.0,300.2699890136719,0.025097438267299155,169.11293776092538,7666.838887790853
PWR,-1,2020-08-07,2020-08-11,2,TRAILING_STOP,45.148963928222656,49.26927649551784,-0.09126040132051783,-731.8263484394973,7739.14203658496
IPGP,1,2020-08-05,2020-08-12,5,RESIDUAL_REVERTED,171.10000610351562,160.3800048828125,-0.06265342395264162,-507.6385993261929,7743.180383674703
AES,-1,2020-08-07,2020-08-12,3,RESIDUAL_REVERTED,13.087105751037598,13.533169746398926,-0.034084235571028465,-289.32971040171026,7739.142036584959
NWS,-1,2020-08-10,2020-08-12,2,RESIDUAL_REVERTED,13.867938995361328,14.274153709411621,-0.029291642700920884,-249.1506102439721,7666.838887790853
ULTA,-1,2020-08-11,2020-08-12,1,RESIDUAL_REVERTED,221.92999267578125,217.83999633789062,0.018429218550309767,116.52075154166324,7576.3433638977185
RMD,1,2020-08-07,2020-08-13,4,RESIDUAL_REVERTED,167.18653869628906,166.36293029785156,-0.004926284166536066,-61.28545116784104,7739.14203658496
ILMN,1,2020-08-10,2020-08-13,3,RESIDUAL_REVERTED,347.2859802246094,336.6342468261719,-0.030671360218884836,-257.8001653650586,7666.838887790853
ZTS,1,2020-08-10,2020-08-13,3,RESIDUAL_REVERTED,149.79029846191406,149.16983032226562,-0.004142245165538516,-54.71080609181017,7666.838887790854
PPG,-1,2020-08-12,2020-08-13,1,RESIDUAL_REVERTED,108.22039794921875,106.35926055908203,0.017197657977658154,106.80751038425706,7550.999627728077
BR,-1,2020-08-12,2020-08-13,1,RESIDUAL_REVERTED,126.95353698730469,123.96112823486328,0.02357089706559845,155.00943765399032,7550.999627728077
CPAY,1,2020-08-10,2020-08-14,4,RESIDUAL_REVERTED,239.4499969482422,235.13999938964844,-0.017999572409789444,-160.7933386457812,7666.838887790853
COP,-1,2020-08-13,2020-08-14,1,RESIDUAL_REVERTED,33.22029495239258,32.46951675415039,0.022599985921802124,148.1006128974747,7573.339118509222
SHW,-1,2020-08-13,2020-08-14,1,RESIDUAL_REVERTED,210.54383850097656,211.33856201171875,-0.0037746225033248315,-51.951865391136586,7573.339118509222
ABBV,-1,2020-08-13,2020-08-14,1,RESIDUAL_REVERTED,75.45297241210938,75.64329528808594,-0.0025224039543074728,-42.44984497064831,7573.339118509222
HPE,1,2020-08-14,2020-08-17,1,RESIDUAL_REVERTED,7.959179401397705,8.09252643585205,0.016753867167629055,104.24672593319275,7593.322731777593
GPC,1,2020-08-14,2020-08-17,1,RESIDUAL_REVERTED,78.655517578125,79.26458740234375,0.00774351047418631,35.93080745090231,7593.322731777593
KEYS,-1,2020-08-14,2020-08-17,1,RESIDUAL_REVERTED,102.55000305175781,103.5,-0.009263743734485574,-93.83307323229009,7593.322731777593
PAYC,-1,2020-08-14,2020-08-18,2,RESIDUAL_REVERTED,296.0260009765625,291.79241943359375,0.014301384098027059,84.78498371742354,7593.322731777593
MCK,-1,2020-08-17,2020-08-18,1,RESIDUAL_REVERTED,154.05992126464844,149.80404663085938,0.027624800784353254,186.93440996477827,7602.371178247167
AMAT,-1,2020-08-17,2020-08-18,1,RESIDUAL_REVERTED,64.57723999023438,63.90395736694336,0.010426004942187594,55.9810542042134,7602.371178247167
CINF,1,2020-08-13,2020-08-19,4,RESIDUAL_REVERTED,68.50173950195312,67.24395751953125,-0.018361314494590553,-161.56789399266663,7573.339118509223
CSCO,1,2020-08-14,2020-08-19,3,RESIDUAL_REVERTED,35.80615234375,35.477500915527344,-0.009178630115503683,-92.37172444691129,7593.322731777593
CB,1,2020-08-18,2020-08-19,1,RESIDUAL_REVERTED,114.85305786132812,114.43321228027344,-0.0036555019855161186,-50.6531094510836,7616.98748354541
BRK-B,1,2020-08-18,2020-08-19,1,RESIDUAL_REVERTED,206.9499969482422,209.19000244140625,0.010823897203169786,59.47085883481019,7616.98748354541
GM,-1,2020-08-18,2020-08-19,1,RESIDUAL_REVERTED,29.281837463378906,28.419198989868164,0.029459847749977897,201.29044870703052,7616.987483545409
AXP,1,2020-08-18,2020-08-20,2,RESIDUAL_REVERTED,91.1814193725586,88.90629577636719,-0.024951614175860448,-212.62201112311155,7616.98748354541
DVA,-1,2020-08-18,2020-08-20,2,RESIDUAL_REVERTED,86.16000366210938,86.18000030517578,-0.00023208730520507537,-25.833482840469358,7616.98748354541
GOOG,-1,2020-08-19,2020-08-20,1,RESIDUAL_REVERTED,76.93677520751953,76.44840240478516,0.006347716048886842,24.94687827964123,7610.00635363397
ORCL,-1,2020-08-19,2020-08-21,2,RESIDUAL_REVERTED,51.1396598815918,50.95564270019531,0.00359832626620038,3.383144116954875,7610.006353633969
STZ,-1,2020-08-19,2020-08-21,2,RESIDUAL_REVERTED,160.0606231689453,160.78823852539062,-0.004545873569899328,-58.69061782447673,7610.00635363397
GILD,1,2020-08-20,2020-08-21,1,RESIDUAL_REVERTED,52.2345085144043,52.18690872192383,-0.000911270993721347,-29.715676702448754,7600.10374666122
REG,1,2020-08-20,2020-08-21,1,RESIDUAL_REVERTED,31.542442321777344,32.374149322509766,0.026367869432805557,177.2976342128533,7600.10374666122
TGT,-1,2020-08-20,2020-08-21,1,RESIDUAL_REVERTED,130.69354248046875,128.5003204345703,0.01678141095782293,104.33875373931626,7600.10374666122
TJX,1,2020-08-20,2020-08-24,2,RESIDUAL_REVERTED,49.101478576660156,47.399444580078125,-0.034663599669910394,-285.85209453344856,7600.103746661221
EL,1,2020-08-21,2020-08-24,1,RESIDUAL_REVERTED,185.05665588378906,194.2186737060547,0.049509258548469326,353.0030851863788,7602.091650191294
SNPS,-1,2020-08-21,2020-08-24,1,RESIDUAL_REVERTED,213.61000061035156,214.89999389648438,-0.006039011668212524,-69.38615893884608,7602.091650191294
JKHY,1,2020-08-20,2020-08-26,4,RESIDUAL_REVERTED,157.7443084716797,153.53045654296875,-0.026713178874960608,-225.51870769652362,7600.10374666122
KEYS,1,2020-08-24,2020-08-26,2,RESIDUAL_REVERTED,97.1500015258789,97.58999633789062,0.004529025271239995,11.571228330530621,7601.489364036
NWS,1,2020-08-24,2020-08-26,2,RESIDUAL_REVERTED,13.877387046813965,14.085216522216797,0.014976124446319794,90.86562132503153,7601.489364036
DE,-1,2020-08-24,2020-08-26,2,RESIDUAL_REVERTED,189.2136688232422,191.26902770996094,-0.010862634288005824,-106.71378253312353,7601.489364036
ULTA,-1,2020-08-24,2020-08-26,2,RESIDUAL_REVERTED,214.94000244140625,219.02000427246094,-0.018982049803255796,-168.55414542419513,7601.489364036
HUM,1,2020-08-25,2020-08-26,1,RESIDUAL_REVERTED,386.5680236816406,382.06866455078125,-0.011639242915148174,-110.44373069523226,7553.369021981612
IP,-1,2020-08-25,2020-08-26,1,RESIDUAL_REVERTED,27.260725021362305,26.2707462310791,0.03631520399796506,251.47385840322684,7553.369021981612
VFC,-1,2020-08-25,2020-08-26,1,RESIDUAL_REVERTED,54.554054260253906,52.65081787109375,0.034887166773721945,240.66990756535168,7553.369021981613
FRT,-1,2020-08-21,2020-08-27,4,RESIDUAL_REVERTED,62.57469940185547,62.38850021362305,0.0029756305665433747,-2.5735169071593025,7602.091650191294
AMCR,1,2020-08-25,2020-08-27,2,RESIDUAL_REVERTED,40.365604400634766,40.9581184387207,0.014678686145886521,88.0471158519592,7553.369021981612
NFLX,-1,2020-08-27,2020-08-28,1,RESIDUAL_REVERTED,53.77799987792969,53.20000076293945,0.010747873039202438,58.69047161763187,7635.696592294794
ADBE,-1,2020-08-27,2020-08-28,1,RESIDUAL_REVERTED,519.010009765625,512.3300170898438,0.012870643244044189,74.9207904471063,7635.696592294793
META,-1,2020-08-27,2020-08-28,1,RESIDUAL_REVERTED,297.31243896484375,292.2013244628906,0.017191055038761727,107.96349298912607,7635.696592294793
CRM,-1,2020-08-27,2020-08-31,2,RESIDUAL_REVERTED,261.9983825683594,264.9421691894531,-0.011235896161785108,-110.0721492497921,7635.696592294793
DGX,1,2020-08-28,2020-08-31,1,RESIDUAL_REVERTED,98.14967346191406,98.06062316894531,-0.0009072907716122236,-29.88155823326784,7650.305943037572
COTY,1,2020-08-28,2020-08-31,1,RESIDUAL_REVERTED,3.609999895095825,3.75,0.038781193621186594,273.2920462150852,7650.305943037572
RVTY,1,2020-08-28,2020-08-31,1,RESIDUAL_REVERTED,113.22486877441406,115.44361114501953,0.01959589262166439,126.73878409285916,7650.305943037573
ABT,-1,2020-08-28,2020-08-31,1,RESIDUAL_REVERTED,101.50374603271484,98.96480560302734,0.025013268267647937,168.1028145496464,7650.305943037572
DLTR,1,2020-08-28,2020-09-01,2,RESIDUAL_REVERTED,97.22000122070312,96.22000122070312,-0.010285949263977634,-101.52354062492807,7650.305943037572
LOW,1,2020-08-28,2020-09-01,2,RESIDUAL_REVERTED,148.64865112304688,147.15396118164062,-0.010055186711173003,-99.76078460196955,7650.3059430375715
HPQ,-1,2020-08-31,2020-09-01,1,RESIDUAL_REVERTED,15.806402206420898,15.590855598449707,0.013636664761297324,81.18406758379592,7674.254112592883
SWK,-1,2020-08-31,2020-09-01,1,RESIDUAL_REVERTED,135.09884643554688,131.4437713623047,0.027054820745534336,184.31829371104143,7674.254112592883
KO,-1,2020-08-31,2020-09-02,2,RESIDUAL_REVERTED,41.367130279541016,41.00163269042969,0.00883545913486028,43.677987835861174,7674.254112592883
DINO,1,2020-09-01,2020-09-02,1,RESIDUAL_REVERTED,19.66212272644043,19.481285095214844,-0.009197258797617347,-93.96550454533586,7712.544885139076
WST,-1,2020-09-01,2020-09-02,1,RESIDUAL_REVERTED,281.1233825683594,279.4000549316406,0.006130146916184409,23.608144527783782,7712.544885139076
NDAQ,-1,2020-09-01,2020-09-02,1,RESIDUAL_REVERTED,41.19287872314453,41.40091323852539,-0.005050254360202677,-62.75929859581732,7712.544885139076
ABBV,1,2020-09-02,2020-09-03,1,RESIDUAL_REVERTED,73.01821899414062,74.45368194580078,0.01965896965763214,128.45056052791065,7724.2674596253655
NI,1,2020-09-02,2020-09-03,1,RESIDUAL_REVERTED,17.545612335205078,18.41469383239746,0.04953269686966588,358.8570905410441,7724.2674596253655
CVS,1,2020-09-02,2020-09-04,2,RESIDUAL_REVERTED,49.68909454345703,49.81270980834961,0.002487774551505728,-3.985390717818376,7724.2674596253655
ATO,1,2020-09-02,2020-09-04,2,RESIDUAL_REVERTED,83.97789764404297,84.83050537109375,0.01015276341716409,55.132223719465806,7724.2674596253655
ALB,-1,2020-09-02,2020-09-04,2,RESIDUAL_REVERTED,90.05904388427734,86.38240051269531,0.04082481018015682,291.4232833503886,7724.2674596253655
FANG,1,2020-09-03,2020-09-04,1,RESIDUAL_REVERTED,28.607112884521484,28.504833221435547,-0.0035753228051642605,-50.67068744768068,7712.480567393138
DXC,-1,2020-09-03,2020-09-04,1,RESIDUAL_REVERTED,22.600000381469727,21.100000381469727,0.0663716802956289,488.94244179072166,7712.480567393138
IBM,-1,2020-09-03,2020-09-04,1,RESIDUAL_REVERTED,96.25418853759766,93.37085723876953,0.029955385242293908,207.64518705819447,7712.480567393139
EMN,-1,2020-09-02,2020-09-11,6,RESIDUAL_REVERTED,61.44093322753906,63.08488464355469,-0.02675661533211815,-233.9124131768882,7724.2674596253655
BF-B,-1,2020-09-03,2020-09-11,5,RESIDUAL_REVERTED,69.93293762207031,69.65945434570312,0.003910650484112876,3.986640111616066,7712.480567393138
LUV,1,2020-09-10,2020-09-11,1,RESIDUAL_REVERTED,36.28190994262695,35.85041809082031,-0.011892754612118361,-115.99118496470868,7797.7710272776285
AKAM,-1,2020-09-10,2020-09-11,1,RESIDUAL_REVERTED,109.16000366210938,106.83000183105469,0.02134483100849749,142.69557190262086,7797.7710272776285
EOG,1,2020-09-11,2020-09-14,1,RESIDUAL_REVERTED,29.20359230041504,29.83351707458496,0.02157011259744812,145.11067244484107,7827.843955997651
PNR,1,2020-09-11,2020-09-14,1,RESIDUAL_REVERTED,40.49587631225586,41.3180046081543,0.02030153118700695,135.1953105044175,7827.843955997651
DOV,-1,2020-09-10,2020-09-15,3,RESIDUAL_REVERTED,103.3916015625,105.69084930419922,-0.022238244760231618,-198.93437288576538,7797.7710272776285
SHW,-1,2020-09-10,2020-09-15,3,RESIDUAL_REVERTED,220.21141052246094,227.74757385253906,-0.03422240161033563,-292.5426493151697,7797.771027277628
KIM,1,2020-09-14,2020-09-15,1,RESIDUAL_REVERTED,9.194708824157715,9.603877067565918,0.044500402485087465,323.0363266266219,7796.472479703144
HII,-1,2020-09-14,2020-09-15,1,RESIDUAL_REVERTED,129.7548828125,128.67654418945312,0.00831058222760761,40.88703833328363,7796.472479703143
XYL,-1,2020-09-14,2020-09-15,1,RESIDUAL_REVERTED,79.14942169189453,78.61908721923828,0.006700421321089167,28.316080141172897,7796.472479703144
TAP,1,2020-09-11,2020-09-17,4,RESIDUAL_REVERTED,29.9571590423584,29.006267547607422,-0.031741711335392275,-271.57999135292084,7827.843955997652
AVY,-1,2020-09-14,2020-09-17,3,RESIDUAL_REVERTED,109.227294921875,114.3694076538086,-0.0470771773265235,-392.9050929295374,7796.472479703144
C,1,2020-09-15,2020-09-17,2,RESIDUAL_REVERTED,39.166690826416016,37.001609802246094,-0.055278630348563396,-455.7274504385293,7830.945470386895
CFG,1,2020-09-16,2020-09-17,1,RESIDUAL_REVERTED,20.898984909057617,21.141088485717773,0.011584465834760582,66.02112547646033,7706.366121366197
NEE,-1,2020-09-16,2020-09-17,1,RESIDUAL_REVERTED,61.02369689941406,59.57296371459961,0.023773275932556293,159.75915490607028,7706.366121366197
AMT,-1,2020-09-16,2020-09-17,1,RESIDUAL_REVERTED,222.09095764160156,217.5821533203125,0.020301611417089416,132.95955981611854,7706.366121366197
SBAC,-1,2020-09-16,2020-09-17,1,RESIDUAL_REVERTED,292.8101806640625,293.36688232421875,-0.0019012373780642466,-38.4068016853518,7706.366121366198
CMCSA,-1,2020-09-16,2020-09-17,1,RESIDUAL_REVERTED,36.7796630859375,35.91196060180664,0.02359190953172763,158.3530092837866,7706.366121366197
KR,1,2020-09-15,2020-09-18,3,RESIDUAL_REVERTED,28.830663681030273,28.531896591186523,-0.010362823872151483,-104.52181901020911,7830.945470386895
GEN,1,2020-09-14,2020-09-21,5,RESIDUAL_REVERTED,18.82306671142578,18.18828582763672,-0.033723563408705526,-285.9198642215562,7796.472479703144
CPRT,1,2020-09-18,2020-09-21,1,RESIDUAL_REVERTED,25.479999542236328,25.522499084472656,0.0016679569466191424,-10.34805783342725,7753.996995430406
GPN,-1,2020-09-18,2020-09-21,1,RESIDUAL_REVERTED,172.9036865234375,166.82388305664062,0.03516294874356396,249.19638391696668,7753.996995430405
FMC,-1,2020-09-18,2020-09-21,1,RESIDUAL_REVERTED,94.38251495361328,90.7540054321289,0.03844472170791058,274.6813296564371,7753.996995430405
AMT,1,2020-09-18,2020-09-22,2,RESIDUAL_REVERTED,208.40516662597656,202.80682373046875,-0.026862783615893338,-231.2434935176558,7753.996995430405
MKC,1,2020-09-18,2020-09-22,2,RESIDUAL_REVERTED,84.64459991455078,83.60205078125,-0.012316782575063745,-118.62302962408444,7753.996995430405
MET,-1,2020-09-18,2020-09-22,2,RESIDUAL_REVERTED,32.51532745361328,30.90656089782715,0.04947717528237161,359.7492703932802,7753.996995430405
NUE,-1,2020-09-18,2020-09-22,2,RESIDUAL_REVERTED,44.2149543762207,41.365577697753906,0.06444373218666544,475.9882665931939,7753.996995430405
F,-1,2020-09-18,2020-09-22,2,RESIDUAL_REVERTED,5.360684394836426,5.0526838302612305,0.05745545566380872,421.7286871515988,7753.996995430405
HRB,1,2020-09-21,2020-09-22,1,RESIDUAL_REVERTED,11.011926651000977,11.488249778747559,0.043255203457361,311.8198104315006,7758.579811545416
FRT,1,2020-09-22,2020-09-23,1,RESIDUAL_REVERTED,57.93361282348633,57.96506881713867,0.0005429662007820912,-19.453703702508758,7914.932793035294
CAG,-1,2020-09-22,2020-09-23,1,RESIDUAL_REVERTED,26.22074317932129,26.50542640686035,-0.010857176152183845,-110.43838011390653,7914.932793035294
AMZN,-1,2020-09-23,2020-09-24,1,RESIDUAL_REVERTED,156.02149963378906,148.88949584960938,0.04571167307659396,336.9667252562545,7890.763914927532
UHS,1,2020-09-22,2020-09-25,3,RESIDUAL_REVERTED,104.41777801513672,98.48734283447266,-0.05679526315724104,-472.6011931951433,7914.932793035293
HCA,1,2020-09-23,2020-09-25,2,RESIDUAL_REVERTED,115.75951385498047,110.34172821044922,-0.046802076685623084,-392.4224733925869,7890.763914927532
PGR,1,2020-09-23,2020-09-25,2,RESIDUAL_REVERTED,80.3073959350586,77.65430450439453,-0.033036701038214655,-283.9660729527445,7890.763914927532
KMX,-1,2020-09-23,2020-09-25,2,RESIDUAL_REVERTED,108.27999877929688,95.25,0.12033615557990018,926.138278738231,7890.763914927533
ALB,1,2020-09-24,2020-09-25,1,RESIDUAL_REVERTED,74.63427734375,77.34675598144531,0.036343604228954884,260.1115728400084,7813.718609904638
NKE,-1,2020-09-24,2020-09-25,1,RESIDUAL_REVERTED,114.48374938964844,111.95757293701172,0.022065808170195544,148.6216365215298,7813.7186099046385
COST,-1,2020-09-22,2020-09-28,4,RESIDUAL_REVERTED,312.15338134765625,314.95703125,-0.008981641942302776,-97.48244331531455,7914.932793035293
CFG,1,2020-09-23,2020-09-28,3,RESIDUAL_REVERTED,19.3057861328125,19.49321937561035,0.00970865633279172,52.82151023586269,7890.763914927532
CMCSA,-1,2020-09-23,2020-09-28,3,RESIDUAL_REVERTED,36.115211486816406,36.65458297729492,-0.014934745451384401,-143.55552303833025,7890.763914927532
GS,-1,2020-09-25,2020-09-28,1,RESIDUAL_REVERTED,167.96092224121094,172.15646362304688,-0.024979270927142583,-223.30260813640797,7947.582193614951
NOV,1,2020-09-28,2020-09-29,1,RESIDUAL_REVERTED,8.897100448608398,8.770256996154785,-0.014256718038229255,-136.64162441089007,7927.994470354513
APA,1,2020-09-28,2020-09-29,1,RESIDUAL_REVERTED,8.66368293762207,8.672222137451172,0.0009856316177061508,-15.981622519105127,7927.994470354513
SLB,1,2020-09-28,2020-09-29,1,RESIDUAL_REVERTED,14.371570587158203,14.362785339355469,-0.0006112935082115412,-28.623045466599304,7927.994470354513
NCLH,-1,2020-09-28,2020-09-29,1,RESIDUAL_REVERTED,16.920000076293945,16.600000381469727,0.0189125114291554,125.75892903647538,7927.994470354513
BA,-1,2020-09-28,2020-09-30,2,RESIDUAL_REVERTED,160.3300018310547,164.5,-0.026008845015416338,-231.58507015368266,7927.994470354513
DVN,-1,2020-09-29,2020-09-30,1,RESIDUAL_REVERTED,7.340281963348389,7.227469444274902,0.015368962614349613,97.29240903930496,7900.833236627937
PM,1,2020-09-28,2020-10-01,3,RESIDUAL_REVERTED,58.04655838012695,56.82933044433594,-0.02096985540158658,-189.78350773247377,7927.9944703545125
LLY,1,2020-09-29,2020-10-01,2,RESIDUAL_REVERTED,139.040283203125,139.369140625,0.002365195282251875,-5.043516732998068,7900.833236627937
PCAR,-1,2020-09-29,2020-10-01,2,RESIDUAL_REVERTED,46.79678726196289,46.661155700683594,0.0028983092475995953,-2.015269945210829,7900.833236627938
TPR,1,2020-09-30,2020-10-02,2,RESIDUAL_REVERTED,13.607829093933105,13.327797889709473,-0.02057868321909495,-185.36823673662195,7871.993015375702
HAS,-1,2020-09-30,2020-10-02,2,RESIDUAL_REVERTED,66.73738861083984,64.62480163574219,0.03165522384186481,224.71575356181657,7871.993015375701
MU,1,2020-10-01,2020-10-02,1,RESIDUAL_REVERTED,45.9289665222168,45.69493865966797,-0.005095430624062147,-63.50681015676347,7852.185820723138
NRG,-1,2020-10-01,2020-10-02,1,RESIDUAL_REVERTED,26.088815689086914,25.63126564025879,0.017538168626777484,113.74302008704518,7852.185820723138
NOV,1,2020-09-30,2020-10-05,3,RESIDUAL_REVERTED,8.444090843200684,8.05450439453125,-0.046137169282485235,-386.262666175546,7871.993015375701
WMB,1,2020-10-02,2020-10-05,1,RESIDUAL_REVERTED,13.852062225341797,14.513120651245117,0.047722744465725775,347.8541735043189,7790.484520116105
VLO,1,2020-10-02,2020-10-05,1,RESIDUAL_REVERTED,31.658802032470703,33.44183349609375,0.0563202442655375,414.7323945728001,7790.484520116105
DUK,-1,2020-10-01,2020-10-06,3,RESIDUAL_REVERTED,69.8184814453125,72.74508666992188,-0.0419173428585915,-355.1283008011599,7852.185820723139
MAA,-1,2020-10-02,2020-10-06,2,RESIDUAL_REVERTED,95.66584014892578,100.54532623291016,-0.05100552168243477,-422.6169128170617,7790.484520116105
ADI,1,2020-10-05,2020-10-06,1,RESIDUAL_REVERTED,104.3138656616211,104.85641479492188,0.00520112192046196,16.978107713351367,7740.8248109151555
TXN,1,2020-10-05,2020-10-06,1,RESIDUAL_REVERTED,120.536376953125,121.85790252685547,0.01096370744778885,61.51836199076706,7740.824810915156
PAYC,-1,2020-09-30,2020-10-07,5,RESIDUAL_REVERTED,294.254638671875,332.83331298828125,-0.13110642704064746,-1060.6329762897512,7871.993015375701
RHI,-1,2020-10-05,2020-10-07,2,RESIDUAL_REVERTED,44.53193283081055,44.878082275390625,-0.007773061319731989,-84.71167084730314,7740.8248109151555
URI,-1,2020-10-05,2020-10-07,2,RESIDUAL_REVERTED,180.2125244140625,190.4361572265625,-0.05673097830320506,-464.3108064927618,7740.8248109151555
SCHW,1,2020-10-06,2020-10-07,1,RESIDUAL_REVERTED,34.31831741333008,34.6417236328125,0.009423720154671855,49.398146632713015,7706.918609000601
YUM,1,2020-10-06,2020-10-08,2,RESIDUAL_REVERTED,84.52574157714844,84.19499969482422,-0.003912913109698546,-53.23202393324942,7706.918609000601
BA,1,2020-10-07,2020-10-08,1,RESIDUAL_REVERTED,163.7100067138672,166.22000122070312,0.015331955310605494,94.6009155819836,7685.534418523158
SNA,-1,2020-10-07,2020-10-08,1,RESIDUAL_REVERTED,135.27288818359375,135.53834533691406,-0.0019623825356640534,-38.772730664305485,7685.534418523158
DHI,1,2020-10-06,2020-10-09,3,RESIDUAL_REVERTED,71.38514709472656,73.81133270263672,0.03398726074894354,238.42339092948387,7706.918609000601
PAYX,1,2020-10-07,2020-10-09,2,RESIDUAL_REVERTED,67.03870391845703,68.79740905761719,0.026234175727791076,178.26462175120716,7685.534418523158
STE,-1,2020-10-07,2020-10-09,2,RESIDUAL_REVERTED,172.97926330566406,177.6095428466797,-0.026767830157963246,-230.33250110383304,7685.534418523158
ARE,1,2020-10-08,2020-10-09,1,RESIDUAL_REVERTED,128.5402374267578,131.30604553222656,0.021517060811753197,141.83440914176683,7673.035280074351
PM,-1,2020-10-08,2020-10-09,1,RESIDUAL_REVERTED,60.047367095947266,60.146270751953125,-0.0016470939657990957,-36.280615133952715,7673.035280074351
MLM,-1,2020-10-08,2020-10-12,2,RESIDUAL_REVERTED,260.0277404785156,264.5060119628906,-0.01722228357687472,-156.60257696238858,7673.035280074351
IBM,-1,2020-10-09,2020-10-12,1,RESIDUAL_REVERTED,99.11499786376953,96.16407012939453,0.0297727669674267,205.7703348734224,7695.055237287412
BMY,-1,2020-10-08,2020-10-13,3,RESIDUAL_REVERTED,48.450599670410156,49.015933990478516,-0.011668262599722201,-114.53852730817012,7673.035280074351
AMGN,1,2020-10-09,2020-10-13,2,RESIDUAL_REVERTED,198.32485961914062,198.90695190429688,0.0029350444834503886,-0.5337142819511467,7695.055237287412
DPZ,1,2020-10-09,2020-10-13,2,RESIDUAL_REVERTED,371.00079345703125,362.3655700683594,-0.023275484961117754,-201.9226489486399,7695.055237287412
WY,1,2020-10-12,2020-10-13,1,RESIDUAL_REVERTED,23.287410736083984,23.295324325561523,0.0003398226435400442,-20.468935113971316,7693.101224729048
EBAY,-1,2020-10-12,2020-10-13,1,RESIDUAL_REVERTED,50.87358093261719,50.28518295288086,0.011565884864988552,65.43003061168325,7693.101224729048
IFF,-1,2020-10-12,2020-10-13,1,RESIDUAL_REVERTED,102.73804473876953,100.98556518554688,0.017057746793591955,107.74176978067666,7693.101224729048
CF,1,2020-10-13,2020-10-14,1,RESIDUAL_REVERTED,25.69780158996582,25.636552810668945,-0.0023834248654480694,-41.487680762868436,7711.680225153051
MHK,1,2020-10-12,2020-10-15,3,RESIDUAL_REVERTED,106.36000061035156,102.66999816894531,-0.03469351654974617,-289.57968723120877,7693.101224729048
F,-1,2020-10-13,2020-10-15,2,RESIDUAL_REVERTED,5.73468542098999,5.44135046005249,0.05115101167778813,370.7170810930263,7711.68022515305
WAT,-1,2020-10-14,2020-10-15,1,RESIDUAL_REVERTED,215.44000244140625,210.05999755859375,0.0249721723999502,168.80000368340004,7696.70518394675
DIS,-1,2020-10-14,2020-10-15,1,RESIDUAL_REVERTED,125.20939636230469,121.19540405273438,0.032058235453475525,223.42399787225347,7696.70518394675
WRB,1,2020-10-14,2020-10-16,2,RESIDUAL_REVERTED,24.226411819458008,24.195276260375977,-0.0012851906965860582,-32.967011847769555,7696.70518394675
BAC,1,2020-10-15,2020-10-16,1,RESIDUAL_REVERTED,20.448883056640625,20.977659225463867,0.02585843771313101,175.76082178647428,7702.16989966232
FAST,1,2020-10-14,2020-10-19,3,RESIDUAL_REVERTED,19.639589309692383,19.45037841796875,-0.009634157249421405,-97.13015669435359,7696.70518394675
VRTX,1,2020-10-16,2020-10-19,1,RESIDUAL_REVERTED,217.7899932861328,219.0800018310547,0.0059231763840823515,22.48083469859167,7713.996275499931
MS,-1,2020-10-13,2020-10-20,5,RESIDUAL_REVERTED,42.55850601196289,42.9248161315918,-0.008607212845440193,-92.66631872330566,7711.68022515305
RCL,1,2020-10-14,2020-10-20,4,RESIDUAL_REVERTED,59.30928039550781,58.77758026123047,-0.008964872457255746,-91.98659589654892,7696.705183946751
BLK,-1,2020-10-14,2020-10-20,4,RESIDUAL_REVERTED,557.2665405273438,552.742919921875,0.008117516980632011,37.02783114928178,7696.70518394675
IT,-1,2020-10-16,2020-10-20,2,RESIDUAL_REVERTED,130.27000427246094,125.18000030517578,0.03907272434442666,277.52133646880185,7713.996275499931
CHRW,1,2020-10-19,2020-10-20,1,RESIDUAL_REVERTED,87.57212829589844,87.93022918701172,0.004089210780664043,8.335920148593656,7696.516888340939
SCHW,-1,2020-10-16,2020-10-21,3,RESIDUAL_REVERTED,36.295719146728516,36.1571159362793,0.0038187206014269615,4.531388872210135,7713.996275499931
ROST,1,2020-10-20,2020-10-21,1,RESIDUAL_REVERTED,86.447509765625,86.52269744873047,0.0008697495544904843,-16.590464590570726,7783.268105668378
PH,-1,2020-10-16,2020-10-22,4,RESIDUAL_REVERTED,206.9251708984375,206.73995971679688,0.0008950635673584673,-18.666441206127935,7713.996275499931
JBHT,1,2020-10-19,2020-10-22,3,RESIDUAL_REVERTED,118.56482696533203,118.5363998413086,-0.00023976017804794303,-24.93210094713158,7696.516888340939
ZBH,1,2020-10-20,2020-10-22,2,RESIDUAL_REVERTED,132.68716430664062,131.93751525878906,-0.0056497480503775455,-67.2573478668621,7783.268105668377
PM,1,2020-10-21,2020-10-22,1,RESIDUAL_REVERTED,56.24352264404297,56.874977111816406,0.011227150044811784,63.6668593096384,7754.501910973002
IQV,-1,2020-10-21,2020-10-22,1,RESIDUAL_REVERTED,173.89999389648438,169.8699951171875,0.02317423186165135,156.11169625276975,7754.501910973002
TRV,-1,2020-10-21,2020-10-23,2,RESIDUAL_REVERTED,105.31515502929688,113.25155639648438,-0.07535858789724736,-609.8126824244331,7754.501910973002
PNR,-1,2020-10-21,2020-10-23,2,RESIDUAL_REVERTED,47.67319869995117,48.332969665527344,-0.013839452429627919,-131.9714198827158,7754.501910973003
CB,-1,2020-10-22,2020-10-23,1,RESIDUAL_REVERTED,117.16614532470703,118.5718002319336,-0.011997108066762907,-116.74657512681614,7734.362519324538
UNP,1,2020-10-22,2020-10-26,2,RESIDUAL_REVERTED,170.0641632080078,163.52426147460938,-0.03845549591420616,-320.18569069945653,7734.362519324538
GPC,1,2020-10-23,2020-10-26,1,RESIDUAL_REVERTED,82.11231231689453,82.2048110961914,0.0011264909815216217,-14.425006948115573,7692.521611393524
CINF,1,2020-10-23,2020-10-26,1,RESIDUAL_REVERTED,66.65513610839844,66.51717376708984,-0.0020697931076794074,-38.97561015379963,7692.521611393525
SNA,-1,2020-10-23,2020-10-26,1,RESIDUAL_REVERTED,146.3436737060547,143.5952606201172,0.01878053909906585,121.00379008235491,7692.521611393524
KMB,1,2020-10-23,2020-10-27,2,RESIDUAL_REVERTED,110.24647521972656,108.68696594238281,-0.014145661112843544,-131.73014494645113,7692.521611393525
ALGN,-1,2020-10-23,2020-10-27,2,RESIDUAL_REVERTED,451.3399963378906,455.3500061035156,-0.008884676293175131,-92.77561655038603,7692.521611393524
ITW,-1,2020-10-26,2020-10-27,1,RESIDUAL_REVERTED,178.24099731445312,175.33677673339844,0.016293785519675086,101.17313847016048,7641.267543095867
IBM,1,2020-10-21,2020-10-28,5,RESIDUAL_REVERTED,87.59664154052734,81.58966064453125,-0.06857547036454492,-554.234468796673,7754.501910973002
EG,-1,2020-10-26,2020-10-28,2,RESIDUAL_REVERTED,188.0768585205078,176.6417236328125,0.06080032906572841,441.18929596264655,7641.267543095865
MSI,-1,2020-10-26,2020-10-29,3,RESIDUAL_REVERTED,160.29550170898438,152.3216094970703,0.0497449530829045,355.9706631593965,7641.267543095866
PRGO,1,2020-11-05,2020-11-06,1,RESIDUAL_REVERTED,34.94626235961914,35.82785415649414,0.025227069716436734,170.5760286350157,7687.33459711893
J,1,2020-11-05,2020-11-06,1,RESIDUAL_REVERTED,76.3314437866211,77.00146484375,0.008777785718319553,44.31455538341893,7687.33459711893
JCI,1,2020-11-05,2020-11-06,1,RESIDUAL_REVERTED,38.05872344970703,38.86505126953125,0.021186412647017594,139.56073857450434,7687.334597118931
CAT,1,2020-11-05,2020-11-06,1,RESIDUAL_REVERTED,142.4993438720703,148.16607666015625,0.039766728983491095,282.1795975103936,7687.33459711893
BIIB,-1,2020-11-05,2020-11-06,1,RESIDUAL_REVERTED,348.0,328.8999938964844,0.054885075010102424,398.91419189205607,7687.33459711893
CI,-1,2020-11-05,2020-11-06,1,RESIDUAL_REVERTED,187.5660858154297,191.24542236328125,-0.019616214369756246,-174.71126980918316,7687.33459711893
UNH,-1,2020-11-05,2020-11-06,1,RESIDUAL_REVERTED,322.48748779296875,315.54364013671875,0.021532145956335014,142.1072412738193,7687.33459711893
LLY,-1,2020-11-05,2020-11-06,1,RESIDUAL_REVERTED,138.75840759277344,136.28729248046875,0.01780875952076999,113.44405979795008,7687.33459711893
ELV,-1,2020-11-05,2020-11-06,1,RESIDUAL_REVERTED,301.8330078125,291.925537109375,0.03282434474257223,229.05503561362914,7687.33459711893
FLS,1,2020-11-09,2020-11-10,1,RESIDUAL_REVERTED,28.667604446411133,29.00528907775879,0.01177931110284769,68.6079814933976,7830.493465372813
DXC,1,2020-11-09,2020-11-10,1,RESIDUAL_REVERTED,19.09000015258789,19.649999618530273,0.02933470201499544,205.86915425230623,7830.493465372812
REG,1,2020-11-09,2020-11-10,1,RESIDUAL_REVERTED,29.816240310668945,36.054107666015625,0.2092103930727518,1612.2718045243764,7830.493465372812
NWS,-1,2020-11-09,2020-11-10,1,RESIDUAL_REVERTED,15.224529266357422,15.186490058898926,0.0024985473634677735,-4.511754883098565,7830.493465372812
MTD,-1,2020-11-09,2020-11-10,1,RESIDUAL_REVERTED,1182.47998046875,1182.1099853515625,0.00031289757399599605,-21.65760636379199,7830.493465372812
NWSA,-1,2020-11-09,2020-11-10,1,RESIDUAL_REVERTED,15.118412017822266,14.919113159179688,0.013182525943044476,79.27771687278513,7830.493465372812
CVS,-1,2020-11-09,2020-11-10,1,RESIDUAL_REVERTED,57.340599060058594,56.88352584838867,0.007971197008095121,38.41232551824577,7830.493465372811
MCHP,-1,2020-11-09,2020-11-10,1,RESIDUAL_REVERTED,58.06395721435547,55.22701644897461,0.04885889459631021,359.07144549360095,7830.493465372811
VMC,1,2020-11-05,2020-11-11,4,RESIDUAL_REVERTED,126.71115112304688,133.9613037109375,0.05721795219783088,416.1317594000659,7687.33459711893
GEN,1,2020-11-09,2020-11-12,3,RESIDUAL_REVERTED,18.003141403198242,17.765098571777344,-0.013222294159096593,-126.87326277414647,7830.493465372812
CDW,1,2020-11-11,2020-11-12,1,RESIDUAL_REVERTED,127.86345672607422,127.99287414550781,0.0010121532981142156,-16.020014784475904,8052.82858269562
ADSK,1,2020-11-11,2020-11-12,1,RESIDUAL_REVERTED,252.83999633789062,247.97999572753906,-0.019221644837618013,-178.7149137864484,8052.82858269562
PAYC,1,2020-11-11,2020-11-12,1,RESIDUAL_REVERTED,377.1344909667969,372.5700988769531,-0.012102823261120443,-121.47425389491794,8052.82858269562
LUMN,-1,2020-11-11,2020-11-12,1,RESIDUAL_REVERTED,8.31779956817627,8.173951148986816,0.01729404730306494,114.68770097000048,8052.82858269562
BRK-B,-1,2020-11-11,2020-11-12,1,RESIDUAL_REVERTED,228.5,225.00999450683594,0.015273547016035338,98.38531034427965,8052.82858269562
O,-1,2020-11-11,2020-11-12,1,RESIDUAL_REVERTED,46.437339782714844,45.412147521972656,0.022076894704545325,153.2592657903431,8052.828582695621
EXR,-1,2020-11-11,2020-11-13,2,RESIDUAL_REVERTED,91.88624572753906,93.0817642211914,-0.013010853628706132,-130.37603272253668,8052.82858269562
ARE,-1,2020-11-11,2020-11-16,3,RESIDUAL_REVERTED,127.5423355102539,130.9917755126953,-0.027045451133079546,-244.20092078873847,8052.82858269562
BWA,1,2020-11-13,2020-11-16,1,RESIDUAL_REVERTED,29.62377166748047,31.071006774902344,0.04885384358435951,368.86509379997676,8057.242442791146
EFX,-1,2020-11-13,2020-11-16,1,RESIDUAL_REVERTED,156.7524871826172,158.6509246826172,-0.012111051850732801,-122.54228015542375,8057.242442791146
APD,1,2020-11-12,2020-11-18,4,RESIDUAL_REVERTED,241.26263427734375,231.6516571044922,-0.03983616112639832,-344.6224848797738,8056.368217382149
RSG,1,2020-11-16,2020-11-18,2,RESIDUAL_REVERTED,94.26770782470703,94.02659606933594,-0.002557734360311925,-44.59268536508462,8029.079270438189
CINF,1,2020-11-16,2020-11-18,2,RESIDUAL_REVERTED,69.82833862304688,68.72462463378906,-0.01580610409787886,-150.8053378758437,8029.079270438189
CSCO,-1,2020-11-16,2020-11-18,2,RESIDUAL_REVERTED,35.49856948852539,35.6346435546875,-0.0038332267503369266,-56.19949277859664,8029.079270438189
MGM,-1,2020-11-16,2020-11-18,2,RESIDUAL_REVERTED,27.2602481842041,26.500795364379883,0.027859350901444868,198.69684444084226,8029.07927043819
PFE,1,2020-11-17,2020-11-18,1,RESIDUAL_REVERTED,27.188858032226562,27.51670265197754,0.012058050373516593,72.2466940557878,7991.923382268764
CVX,-1,2020-11-17,2020-11-18,1,RESIDUAL_REVERTED,67.96134185791016,68.72431945800781,-0.01122664119394301,-114.47178810038524,7991.923382268764
IFF,-1,2020-11-13,2020-11-19,4,RESIDUAL_REVERTED,94.84761810302734,95.56571197509766,-0.007571026942292836,-87.88049238674678,8057.2424427911465
IPGP,1,2020-11-16,2020-11-19,3,RESIDUAL_REVERTED,204.02999877929688,198.4499969482422,-0.02734892841464298,-243.34457194271852,8029.079270438188
LOW,1,2020-11-19,2020-11-20,1,RESIDUAL_REVERTED,133.45156860351562,134.11618041992188,0.004980172382842651,15.729998452349106,7973.833585333346
JCI,-1,2020-11-19,2020-11-20,1,RESIDUAL_REVERTED,41.02421951293945,40.78232192993164,0.005896457894379092,22.534661018381225,7973.833585333346
GD,-1,2020-11-19,2020-11-20,1,RESIDUAL_REVERTED,134.58436584472656,132.3780517578125,0.016393539272307023,106.37150432338098,7973.833585333346
SLB,-1,2020-11-17,2020-11-23,4,RESIDUAL_REVERTED,17.077220916748047,18.09623146057129,-0.059670747880521624,-504.20916339411826,7991.923382268764
CNP,1,2020-11-19,2020-11-23,2,RESIDUAL_REVERTED,20.399883270263672,20.356679916381836,-0.002117823583079659,-40.783342811349506,7973.833585333346
DVA,1,2020-11-19,2020-11-23,2,RESIDUAL_REVERTED,108.38999938964844,109.79000091552734,0.012916334844196076,78.9167147671918,7973.833585333346
NEM,1,2020-11-19,2020-11-23,2,RESIDUAL_REVERTED,51.379241943359375,51.31181716918945,-0.0013122960094321678,-34.36983470491855,7973.8335853333465
EL,1,2020-11-20,2020-11-23,1,RESIDUAL_REVERTED,222.77674865722656,221.96788024902344,-0.0036308475326914946,-52.66742234389788,7949.31812670751
FISV,-1,2020-11-20,2020-11-24,2,RESIDUAL_REVERTED,112.69000244140625,113.83000183105469,-0.010116242478929616,-105.64643073595295,7949.318126707511
TGT,-1,2020-11-19,2020-11-25,4,RESIDUAL_REVERTED,142.90618896484375,150.54660034179688,-0.0534645240510383,-453.5005706280223,7973.833585333346
LVS,1,2020-11-23,2020-11-25,2,RESIDUAL_REVERTED,52.61514663696289,54.3323860168457,0.0326377381732208,235.60604115510333,7962.681417951507
AMCR,1,2020-11-24,2020-11-25,1,RESIDUAL_REVERTED,43.57099914550781,43.91110610961914,0.007805810534101454,37.66876535607631,7857.314421709918
CF,-1,2020-11-23,2020-11-27,3,RESIDUAL_REVERTED,30.074495315551758,34.07795715332031,-0.13311817191819442,-1087.5474018426728,7962.681417951505
LUMN,-1,2020-11-23,2020-11-27,3,RESIDUAL_REVERTED,8.597034454345703,9.182496070861816,-0.068100415279849,-568.9624778558015,7962.681417951506
STE,1,2020-11-24,2020-11-27,2,RESIDUAL_REVERTED,179.72801208496094,180.1170654296875,0.002164678394944053,-6.588897332328237,7857.314421709918
VRSK,1,2020-11-24,2020-11-27,2,RESIDUAL_REVERTED,189.87698364257812,189.98255920410156,0.0005560208483308404,-19.209665880714407,7857.314421709918
RSG,1,2020-11-24,2020-11-27,2,RESIDUAL_REVERTED,91.14274597167969,90.35453796386719,-0.008648060790898415,-91.42055023812195,7857.314421709918
OXY,-1,2020-11-24,2020-11-27,2,RESIDUAL_REVERTED,15.761637687683105,15.529438018798828,0.014731950669423677,91.1242315278936,7857.314421709918
DLTR,-1,2020-11-25,2020-11-30,2,RESIDUAL_REVERTED,111.05999755859375,109.3499984741211,0.015397074752954931,95.2837499706722,7770.786089929414
GAP,1,2020-11-27,2020-11-30,1,RESIDUAL_REVERTED,17.816997528076172,17.630390167236328,-0.010473558215731149,-104.53019768184075,7767.229844346381
COO,-1,2020-11-30,2020-12-01,1,RESIDUAL_REVERTED,84.86363220214844,84.55128479003906,0.0036805802910409025,4.708374022576312,7747.039356759021
ECL,-1,2020-11-30,2020-12-01,1,RESIDUAL_REVERTED,208.89686584472656,210.8368377685547,-0.009286744997266227,-95.90658983882375,7747.039356759022
ADSK,-1,2020-11-27,2020-12-02,3,RESIDUAL_REVERTED,272.19000244140625,277.989990234375,-0.021308599658127703,-190.94336939727094,7767.229844346381
XRX,1,2020-12-01,2020-12-02,1,RESIDUAL_REVERTED,15.83545207977295,15.86385440826416,0.0017935912627016215,-9.291661521178437,7684.78062324659
TFX,-1,2020-12-01,2020-12-02,1,RESIDUAL_REVERTED,369.6947326660156,364.1907653808594,0.014887870447774398,90.92436093539648,7684.78062324659
PPL,1,2020-11-27,2020-12-03,4,RESIDUAL_REVERTED,23.383895874023438,22.589874267578125,-0.033955916102387795,-286.64947936821375,7767.229844346381
PNW,1,2020-11-30,2020-12-03,3,RESIDUAL_REVERTED,65.45664978027344,64.59169006347656,-0.013214237509869386,-125.45877930170899,7747.039356759021
EOG,1,2020-12-01,2020-12-03,2,RESIDUAL_REVERTED,37.15567398071289,37.37030792236328,0.005776612793023439,21.271072186994644,7684.78062324659
COP,1,2020-12-01,2020-12-03,2,RESIDUAL_REVERTED,33.42448043823242,32.729835510253906,-0.020782519843867142,-182.52388400943042,7684.78062324659
AAP,-1,2020-12-02,2020-12-03,1,RESIDUAL_REVERTED,132.9114227294922,130.67832946777344,0.01680136451675529,104.20858460376253,7579.558789104555
CRM,1,2020-12-03,2020-12-04,1,RESIDUAL_REVERTED,221.8743896484375,219.6272735595703,-0.010127875021663235,-100.02101515587485,7627.806876797517
NTAP,-1,2020-12-03,2020-12-04,1,RESIDUAL_REVERTED,51.918155670166016,51.305809020996094,0.011794460748184799,66.62078761678532,7627.8068767975155
GS,-1,2020-12-03,2020-12-04,1,RESIDUAL_REVERTED,207.67356872558594,208.0324249267578,-0.001727982060375055,-36.68464342928315,7627.806876797516
ILMN,-1,2020-11-30,2020-12-04,4,TRAILING_STOP,308.6770324707031,340.7495007081409,-0.10390299524627511,-831.9918254885952,7747.03935675902
SRE,-1,2020-12-03,2020-12-07,2,RESIDUAL_REVERTED,54.109214782714844,52.78593826293945,0.024455659264124296,162.73570930401442,7627.806876797516
DVA,1,2020-12-04,2020-12-07,1,RESIDUAL_REVERTED,106.12000274658203,109.33999633789062,0.030342946739249976,207.75105061065017,7610.644407202155
GLW,1,2020-12-04,2020-12-07,1,RESIDUAL_REVERTED,32.24287796020508,32.754390716552734,0.015864364123419072,97.72499381697666,7610.644407202155
TSN,-1,2020-12-04,2020-12-07,1,RESIDUAL_REVERTED,57.90087127685547,58.32808303833008,-0.007378330447427528,-79.68259665868769,7610.644407202155
IP,1,2020-12-04,2020-12-08,2,RESIDUAL_REVERTED,35.884456634521484,35.60481262207031,-0.0077929008456031346,-82.05196696222228,7610.644407202155
CMI,1,2020-12-04,2020-12-08,2,RESIDUAL_REVERTED,193.4763946533203,191.8282928466797,-0.008518361165421595,-87.56490565710712,7610.644407202156
D,1,2020-12-07,2020-12-08,1,RESIDUAL_REVERTED,58.91470718383789,58.86799621582031,-0.0007928575096167734,-28.964756841769038,7639.05361323001
EMR,-1,2020-12-07,2020-12-08,1,RESIDUAL_REVERTED,71.14726257324219,69.71234893798828,0.02016821987742312,130.77878960564905,7639.05361323001
HPE,-1,2020-12-07,2020-12-08,1,RESIDUAL_REVERTED,10.279707908630371,10.144163131713867,0.013185664234944494,77.35862769532243,7639.05361323001
OXY,-1,2020-12-07,2020-12-08,1,RESIDUAL_REVERTED,16.560401916503906,16.588266372680664,-0.0016825954054284775,-36.40839269098265,7639.05361323001
LUMN,1,2020-12-08,2020-12-09,1,RESIDUAL_REVERTED,8.628080368041992,8.991914749145508,0.042168636079369604,298.3931942202118,7630.488960164111
TYL,-1,2020-12-08,2020-12-10,2,RESIDUAL_REVERTED,434.760009765625,442.6000061035156,-0.01803292888441388,-161.9406287566259,7630.48896016411
AZO,1,2020-12-09,2020-12-10,1,RESIDUAL_REVERTED,1107.1700439453125,1127.5699462890625,0.018425265798428292,117.64830864478635,7640.677473888286
NI,1,2020-12-09,2020-12-10,1,RESIDUAL_REVERTED,19.244958877563477,19.137392044067383,-0.005589351174010493,-65.56440238616477,7640.677473888285
EFX,-1,2020-12-09,2020-12-10,1,RESIDUAL_REVERTED,175.3341827392578,171.11744689941406,0.024049707672316956,160.51446905818426,7640.677473888285
T,-1,2020-12-09,2020-12-11,2,RESIDUAL_REVERTED,16.14723777770996,15.850340843200684,0.018386855919042766,116.56099517341987,7640.677473888285
FISV,1,2020-12-10,2020-12-11,1,RESIDUAL_REVERTED,112.33999633789062,114.25,0.017001991493435398,107.1660699232462,7667.596183100207
BF-B,1,2020-12-10,2020-12-14,2,RESIDUAL_REVERTED,68.00418090820312,67.57090759277344,-0.006371274672281602,-71.78187136593169,7667.596183100206
LOW,-1,2020-12-10,2020-12-14,2,RESIDUAL_REVERTED,143.24102783203125,142.59442138671875,0.004514114811230874,10.448047170804461,7667.596183100206
SBUX,-1,2020-12-11,2020-12-14,1,RESIDUAL_REVERTED,91.62700653076172,91.11799621582031,0.005555243308865698,19.052711102108265,7666.2142879952635
APA,-1,2020-12-11,2020-12-14,1,RESIDUAL_REVERTED,13.957951545715332,14.274596214294434,-0.022685611677474293,-197.7728682665908,7666.2142879952635
QRVO,1,2020-12-10,2020-12-15,3,RESIDUAL_REVERTED,159.4600067138672,159.4499969482422,-6.277289102940564e-05,-23.483383753190466,7667.596183100206
BWA,1,2020-12-11,2020-12-15,2,RESIDUAL_REVERTED,30.79118537902832,29.93858528137207,-0.027689745852946257,-234.95575486486703,7666.2142879952635
GLW,1,2020-12-14,2020-12-15,1,RESIDUAL_REVERTED,32.0434684753418,32.069480895996094,0.0008117854243623324,-16.736322432102813,7644.138065131883
DIS,-1,2020-12-14,2020-12-15,1,RESIDUAL_REVERTED,168.5100860595703,165.30084228515625,0.01904481713503814,122.27619960651678,7644.138065131883
DOC,1,2020-12-11,2020-12-16,3,RESIDUAL_REVERTED,21.431726455688477,21.966236114501953,0.024940112030573447,167.91080596420989,7666.214287995264
INCY,-1,2020-12-15,2020-12-16,1,RESIDUAL_REVERTED,87.22000122070312,85.93000030517578,0.01479019602697662,89.29998934098157,7610.439521244409
REGN,-1,2020-12-15,2020-12-16,1,RESIDUAL_REVERTED,496.00933837890625,487.202392578125,0.017755604823015525,111.90606334767878,7610.439521244409
MO,1,2020-12-16,2020-12-17,1,RESIDUAL_REVERTED,26.71622657775879,27.203710556030273,0.01824673768403029,116.74174161449002,7670.6039866627325
AIV,-1,2020-12-16,2020-12-17,1,RESIDUAL_REVERTED,1.7304158210754395,1.6050740480422974,0.07243448164686983,532.8719296692907,7670.6039866627325
AAP,-1,2020-12-10,2020-12-18,6,RESIDUAL_REVERTED,137.3687744140625,140.85751342773438,-0.0253968853442339,-221.74807718498303,7667.596183100206
PWR,1,2020-12-15,2020-12-18,3,RESIDUAL_REVERTED,68.20846557617188,68.21835327148438,0.00014496287563403598,-21.729742212692262,7610.439521244409
MCD,-1,2020-12-15,2020-12-18,3,RESIDUAL_REVERTED,186.556884765625,188.2455291748047,-0.009051632756953198,-93.64276827841826,7610.439521244409
TSN,1,2020-12-16,2020-12-21,3,RESIDUAL_REVERTED,56.527076721191406,53.745948791503906,-0.049199924903331915,-399.83886235683275,7670.603986662733
EL,-1,2020-12-17,2020-12-21,2,RESIDUAL_REVERTED,238.22454833984375,236.47439575195312,0.007346650880806438,32.31303288934738,7699.965911970988
KMX,-1,2020-12-17,2020-12-21,2,RESIDUAL_REVERTED,98.72000122070312,97.5199966430664,0.012155637791716911,69.41256489949987,7699.965911970988
ACN,-1,2020-12-18,2020-12-22,2,RESIDUAL_REVERTED,240.66690063476562,237.9034881591797,0.011482312143038187,64.01080630520471,7674.384999071002
DD,-1,2020-12-21,2020-12-22,1,RESIDUAL_REVERTED,78.82561492919922,79.49011993408203,-0.008430064332256348,-88.4588458549363,7676.98918492964
INTC,1,2020-12-21,2020-12-23,2,RESIDUAL_REVERTED,41.874454498291016,41.738853454589844,-0.0032382760641503916,-47.8538875616048,7676.989184929639
FDX,1,2020-12-21,2020-12-23,2,RESIDUAL_REVERTED,196.52960205078125,197.9620361328125,0.0072886428664376,32.839932654979535,7676.989184929639
ATO,1,2020-12-21,2020-12-23,2,RESIDUAL_REVERTED,81.57121276855469,80.21053314208984,-0.016680880181658586,-150.89781589936487,7676.989184929639
GS,-1,2020-12-22,2020-12-23,1,RESIDUAL_REVERTED,224.8009796142578,220.11001586914062,0.020867185513010367,136.28726218596483,7647.473943867571
MS,-1,2020-12-22,2020-12-23,1,RESIDUAL_REVERTED,57.24074935913086,56.1923942565918,0.01831483889146246,116.73730001039864,7647.47394386757
T,1,2020-12-18,2020-12-24,4,RESIDUAL_REVERTED,15.37633991241455,14.96484375,-0.026761645798576317,-228.09425930465832,7674.384999071002
FTNT,-1,2020-12-21,2020-12-24,3,RESIDUAL_REVERTED,28.67799949645996,29.993999481201172,-0.04588883492042939,-377.75259313526743,7676.989184929641
KMX,1,2020-12-23,2020-12-24,1,RESIDUAL_REVERTED,92.94000244140625,93.27999877929688,0.00365823465633075,4.983897519445167,7635.26327303032
ISRG,-1,2020-12-23,2020-12-24,1,RESIDUAL_REVERTED,272.336669921875,270.2366638183594,0.0077110662479571435,35.4580307518881,7635.263273030319
EW,-1,2020-12-23,2020-12-24,1,RESIDUAL_REVERTED,88.5,88.5199966430664,-0.0002259507691120266,-25.238038111452102,7635.263273030319
IFF,1,2020-12-24,2020-12-28,1,RESIDUAL_REVERTED,94.7296142578125,95.16866302490234,0.00463475725653173,12.453696427902491,7650.606494562089
PAYX,1,2020-12-24,2020-12-28,1,RESIDUAL_REVERTED,79.69882202148438,80.31187438964844,0.007692113291195124,35.80923842098548,7650.606494562089
CTAS,1,2020-12-24,2020-12-29,2,RESIDUAL_REVERTED,80.84062194824219,84.75813293457031,0.04845968390540456,347.23803396881095,7650.606494562088
CNP,-1,2020-12-24,2020-12-29,2,RESIDUAL_REVERTED,18.550840377807617,18.619966506958008,-0.0037263071506499212,-52.718888140812915,7650.606494562088
FIS,-1,2020-12-28,2020-12-29,1,RESIDUAL_REVERTED,121.85385131835938,122.90325164794922,-0.008611958655686092,-89.27308769792519,7627.494209623243
YUM,-1,2020-12-29,2020-12-31,2,RESIDUAL_REVERTED,98.43718719482422,97.63806915283203,0.008118050350327422,38.16989060308308,7677.410105838558
INTC,-1,2020-12-30,2020-12-31,1,RESIDUAL_REVERTED,44.39668273925781,44.071224212646484,0.007330694694528184,32.69196123461653,7668.935265064752
STX,1,2020-12-30,2021-01-04,2,RESIDUAL_REVERTED,51.00489044189453,52.74938201904297,0.03420243749245544,238.89602882331474,7668.935265064751
FCX,-1,2020-12-31,2021-01-04,1,RESIDUAL_REVERTED,24.67253875732422,25.313737869262695,-0.025988371859305914,-222.9214743392751,7659.180172979664
LRCX,1,2021-01-04,2021-01-05,1,RESIDUAL_REVERTED,45.1414794921875,45.264198303222656,0.002718537638014107,-2.1948460462098645,7686.645483817818
WDC,-1,2021-01-04,2021-01-05,1,RESIDUAL_REVERTED,41.33183288574219,39.6093635559082,0.04167415789654383,297.17518892537385,7686.645483817818
EVRG,-1,2021-01-04,2021-01-05,1,RESIDUAL_REVERTED,44.196319580078125,42.94291687011719,0.02835988882942908,194.6671540897754,7686.645483817819
ETR,-1,2020-12-30,2021-01-06,4,RESIDUAL_REVERTED,39.459598541259766,39.84756851196289,-0.009832081041003304,-100.99835230039926,7668.935265064751
IFF,1,2021-01-04,2021-01-06,2,RESIDUAL_REVERTED,94.30779266357422,94.76405334472656,0.004837995549105578,14.072238251852248,7686.645483817818
TDY,1,2021-01-05,2021-01-06,1,RESIDUAL_REVERTED,362.0,376.9800109863281,0.04138124581858604,294.64769998226467,7689.3019762853155
TDG,1,2021-01-05,2021-01-06,1,RESIDUAL_REVERTED,492.7586669921875,499.43280029296875,0.013544425999689302,80.92305490579497,7689.301976285315
GILD,-1,2021-01-05,2021-01-06,1,RESIDUAL_REVERTED,48.83094787597656,48.4012565612793,0.008799569399894014,44.088202605039996,7689.3019762853155
TPR,-1,2021-01-05,2021-01-06,1,RESIDUAL_REVERTED,28.344545364379883,28.808338165283203,-0.016362682658729755,-149.6869518585907,7689.3019762853155
PEG,1,2021-01-05,2021-01-07,2,RESIDUAL_REVERTED,45.91917419433594,46.817604064941406,0.019565462279508727,127.15117472224689,7689.301976285315
DD,-1,2021-01-06,2021-01-07,1,TRAILING_STOP,83.84867095947266,89.82588162193034,-0.07128569354840097,-576.7136751377494,7743.669209052527
ARE,1,2021-01-07,2021-01-08,1,RESIDUAL_REVERTED,130.77626037597656,131.20321655273438,0.0032647834976342605,1.9984579121552795,7689.738704959447
VRSN,1,2021-01-06,2021-01-11,3,RESIDUAL_REVERTED,200.05886840820312,198.4088134765625,-0.008247846970091954,-87.00380335250097,7743.669209052526
CE,-1,2021-01-06,2021-01-11,3,RESIDUAL_REVERTED,122.26569366455078,123.50049591064453,-0.010099335382511843,-103.45212097983307,7743.669209052527
KO,1,2021-01-07,2021-01-11,2,RESIDUAL_REVERTED,42.27371597290039,42.721012115478516,0.010580951598029964,58.17348979423714,7689.738704959448
CL,1,2021-01-07,2021-01-11,2,RESIDUAL_REVERTED,71.51241302490234,71.89653015136719,0.005371334992305243,18.172990228872955,7689.738704959447
COR,-1,2021-01-07,2021-01-11,2,RESIDUAL_REVERTED,95.99144744873047,98.351806640625,-0.024589265550508665,-213.69890222337082,7689.738704959448
CME,-1,2021-01-07,2021-01-11,2,RESIDUAL_REVERTED,157.80545043945312,158.82952880859375,-0.006489499356890471,-74.27962560026731,7689.738704959446
CNC,-1,2021-01-07,2021-01-11,2,RESIDUAL_REVERTED,67.73999786376953,66.8499984741211,0.013138462027092124,76.87073408149395,7689.738704959447
ETR,1,2021-01-08,2021-01-11,1,RESIDUAL_REVERTED,38.748985290527344,38.802066802978516,0.0013698813543938648,-12.37987988024412,7584.904500476303
XYL,-1,2021-01-08,2021-01-11,1,RESIDUAL_REVERTED,98.78216552734375,99.41664123535156,-0.006422978324282402,-72.15602960235935,7584.904500476303
AVY,1,2021-01-11,2021-01-12,1,RESIDUAL_REVERTED,140.5283966064453,146.00840759277344,0.03899575543920197,274.5433008896008,7639.516398643196
UHS,1,2021-01-12,2021-01-13,1,RESIDUAL_REVERTED,131.17733764648438,133.07005310058594,0.014428677148505153,87.68773945776886,7687.163765537081
TSLA,1,2021-01-12,2021-01-13,1,RESIDUAL_REVERTED,277.0,284.2533264160156,0.026185293920633956,177.92721535610013,7687.163765537081
LLY,-1,2021-01-12,2021-01-13,1,RESIDUAL_REVERTED,172.62985229492188,169.8343505859375,0.01619361698930566,101.01144386182112,7687.163765537081
BIIB,-1,2021-01-12,2021-01-13,1,RESIDUAL_REVERTED,268.7799987792969,269.6099853515625,-0.003087977438928302,-47.441823552449506,7687.163765537081
GM,-1,2021-01-12,2021-01-13,1,TRAILING_STOP,44.378028869628906,48.67206573486328,-0.09676042344848468,-768.6205534934634,7687.163765537081
META,1,2021-01-12,2021-01-14,2,RESIDUAL_REVERTED,254.19541931152344,250.9960174560547,-0.012586386741878286,-119.66997697366253,7687.163765537081
BMY,-1,2021-01-12,2021-01-14,2,RESIDUAL_REVERTED,52.456722259521484,52.09555435180664,0.006885064337951219,28.729558303975132,7687.163765537081
SO,1,2021-01-13,2021-01-14,1,RESIDUAL_REVERTED,47.54749298095703,48.129112243652344,0.012232385478835983,70.6138148871405,7663.721737689888
COO,-1,2021-01-14,2021-01-15,1,RESIDUAL_REVERTED,95.33602142333984,93.82427215576172,0.015857062682165024,97.40727733317262,7608.273079086749
ROP,1,2021-01-14,2021-01-19,2,RESIDUAL_REVERTED,400.0351867675781,401.9385986328125,0.004758111106711871,13.321887890278665,7608.27307908675
INTC,-1,2021-01-14,2021-01-19,2,RESIDUAL_REVERTED,52.840274810791016,52.37922286987305,0.00872538877908735,42.45295969932692,7608.273079086751
MSCI,1,2021-01-15,2021-01-19,1,RESIDUAL_REVERTED,384.1899719238281,390.79486083984375,0.017191726486096792,107.44820263881834,7584.968664969344
AMAT,-1,2021-01-15,2021-01-19,1,RESIDUAL_REVERTED,100.34834289550781,100.29106903076172,0.0005707504787172413,-19.00970608927651,7584.968664969344
BKNG,1,2021-01-12,2021-01-20,5,RESIDUAL_REVERTED,87.42176055908203,85.17971801757812,-0.025646275334259228,-219.9128890894108,7687.163765537081
NOC,-1,2021-01-12,2021-01-20,5,RESIDUAL_REVERTED,268.2696228027344,272.9461364746094,-0.017432140184256983,-160.3673469655458,7687.163765537081
DD,1,2021-01-14,2021-01-20,3,RESIDUAL_REVERTED,92.48695373535156,95.62915802001953,0.0339745678472585,235.27523900375476,7608.273079086751
DUK,-1,2021-01-14,2021-01-20,3,RESIDUAL_REVERTED,73.34555053710938,72.33619689941406,0.013761620579623712,80.2264030167614,7608.27307908675
BLK,1,2021-01-15,2021-01-20,2,RESIDUAL_REVERTED,647.6678466796875,644.639892578125,-0.004675165082048682,-58.162695174829366,7584.968664969344
NI,-1,2021-01-19,2021-01-20,1,RESIDUAL_REVERTED,19.04638671875,18.442392349243164,0.03171175606301435,217.94166489622182,7598.581199303637
LYV,-1,2021-01-20,2021-01-21,1,RESIDUAL_REVERTED,76.52999877929688,73.75,0.03632560856709344,255.23279109271544,7663.811662588923
XRX,1,2021-01-20,2021-01-22,2,RESIDUAL_REVERTED,15.155801773071289,14.746575355529785,-0.027001304429080997,-229.61394740878885,7663.811662588923
FMC,1,2021-01-20,2021-01-22,2,RESIDUAL_REVERTED,98.61974334716797,96.43944549560547,-0.022108127415088386,-192.16981092244006,7663.811662588923
KMX,-1,2021-01-20,2021-01-22,2,RESIDUAL_REVERTED,117.05999755859375,119.77999877929688,-0.02323595829003544,-202.59759100936367,7663.811662588923
USB,1,2021-01-21,2021-01-22,1,RESIDUAL_REVERTED,36.191200256347656,35.929813385009766,-0.007222387472270886,-78.10611089028406,7648.797795470255
NFLX,-1,2021-01-21,2021-01-22,1,RESIDUAL_REVERTED,58.244998931884766,58.209999084472656,0.0006009073406120224,-18.947607560494408,7648.797795470255
F,-1,2021-01-21,2021-01-25,2,RESIDUAL_REVERTED,8.272025108337402,8.426029205322266,-0.018617460049733303,-166.80164765831378,7648.797795470254
CLX,-1,2021-01-25,2021-01-25,0,STOP_LOSS,167.8553924560547,174.56960815429687,-0.040000000000000036,-325.92686847469326,7569.133034711874
FAST,1,2021-01-21,2021-01-26,3,RESIDUAL_REVERTED,21.27492332458496,21.113616943359375,-0.0075819958908703855,-80.85255711158176,7648.797795470255
GOOG,-1,2021-01-21,2021-01-26,3,RESIDUAL_REVERTED,94.00958251953125,93.55587005615234,0.004826236339094958,12.203478336622219,7648.797795470254
PCAR,-1,2021-01-22,2021-01-26,2,RESIDUAL_REVERTED,53.81611633300781,52.619598388671875,0.0222334502350936,145.95583668788154,7638.662677921234
IBM,1,2021-01-25,2021-01-26,1,RESIDUAL_REVERTED,90.46653747558594,90.7864761352539,0.003536541450525954,4.021000788585473,7569.133034711875
CSX,1,2021-01-25,2021-01-26,1,RESIDUAL_REVERTED,27.09420394897461,27.165237426757812,0.0026217222663924566,-2.8930007366669503,7569.133034711875
ISRG,1,2021-01-25,2021-01-26,1,RESIDUAL_REVERTED,249.1366729736328,251.4933319091797,0.009459301625161842,48.783915243555384,7569.133034711875
BNY,1,2021-01-21,2021-01-27,4,RESIDUAL_REVERTED,36.333229064941406,34.82112503051758,-0.0416176616650592,-340.79398456454834,7648.797795470255
LDOS,-1,2021-01-25,2021-01-27,2,RESIDUAL_REVERTED,103.78533172607422,102.20734405517578,0.01520434193016118,91.34284295685016,7569.133034711874
CLX,-1,2021-01-26,2021-01-27,1,TRAILING_STOP,174.25868225097656,182.31870307917677,-0.046253195101015,-372.2174543429727,7534.3132399428405
IRM,-1,2021-01-26,2021-01-27,1,TRAILING_STOP,25.469505310058594,27.621146187960253,-0.0844790996805076,-660.6708872037751,7534.3132399428405
KR,-1,2021-01-27,2021-01-27,0,STOP_LOSS,32.75774383544922,35.373477717200174,-0.0798508558736668,-624.3553776487433,7525.016519866011
ROK,1,2021-01-27,2021-01-28,1,RESIDUAL_REVERTED,223.54074096679688,222.74989318847656,-0.003537823910308102,-49.157299653988915,7525.016519866011
AXP,1,2021-01-27,2021-01-28,1,RESIDUAL_REVERTED,107.48263549804688,109.8875503540039,0.022374915211310853,145.54399962622404,7525.016519866011
AES,1,2021-01-27,2021-01-29,2,RESIDUAL_REVERTED,19.226024627685547,19.61985969543457,0.020484477440120274,131.33976253142384,7525.016519866011
LUMN,-1,2021-01-27,2021-01-29,2,RESIDUAL_REVERTED,12.872818946838379,10.490568161010742,0.18506053690848556,1371.0014417294165,7525.016519866011
TEL,1,2021-01-27,2021-02-01,3,RESIDUAL_REVERTED,112.12512969970703,111.84137725830078,-0.00253067659467765,-41.5898676662139,7525.016519866011
BEN,1,2021-02-03,2021-02-04,1,RESIDUAL_REVERTED,19.68752098083496,19.79485321044922,0.00545178997999507,18.461788312919246,7555.121714891416
WBD,1,2021-02-03,2021-02-04,1,RESIDUAL_REVERTED,40.540000915527344,40.720001220703125,0.004440066628287553,10.829560788567616,7555.121714891417
WAT,-1,2021-02-03,2021-02-04,1,RESIDUAL_REVERTED,289.6600036621094,281.04998779296875,0.02972455900119464,201.66190999999267,7555.121714891417
SYK,-1,2021-02-03,2021-02-04,1,RESIDUAL_REVERTED,220.742431640625,220.9974822998047,-0.0011554219878981975,-32.00811856630111,7555.121714891417
VRTX,1,2021-02-03,2021-02-05,2,RESIDUAL_REVERTED,218.4199981689453,214.5,-0.017947066211003393,-158.05424638954636,7555.121714891417
SNA,1,2021-02-03,2021-02-05,2,RESIDUAL_REVERTED,154.0604705810547,163.8573760986328,0.06359129944643227,457.0539821702402,7555.121714891417
LVS,-1,2021-02-03,2021-02-05,2,RESIDUAL_REVERTED,49.049285888671875,51.79875183105469,-0.05605516762513796,-448.0288123847031,7555.121714891417
EXPE,-1,2021-02-03,2021-02-08,3,RESIDUAL_REVERTED,136.09329223632812,140.15696716308594,-0.029859479919856602,-250.42871014756028,7555.121714891417
RTX,-1,2021-02-03,2021-02-08,3,RESIDUAL_REVERTED,61.53170394897461,63.75444030761719,-0.03612343257202477,-297.84474540397093,7555.121714891417
IP,1,2021-02-05,2021-02-08,1,RESIDUAL_REVERTED,34.58184814453125,34.88358688354492,0.008725350298011358,42.956185047765,7519.995230975381
ALGN,-1,2021-02-05,2021-02-08,1,RESIDUAL_REVERTED,622.0900268554688,622.1900024414062,-0.00016070919259525418,-24.365582463131716,7519.995230975381
CBOE,1,2021-02-08,2021-02-09,1,RESIDUAL_REVERTED,84.61611938476562,86.04032897949219,0.016831421779701428,103.19872558380573,7474.823998839661
UNM,1,2021-02-08,2021-02-09,1,RESIDUAL_REVERTED,19.698936462402344,20.01898193359375,0.016246840117599692,98.83563501420184,7474.82399883966
AON,-1,2021-02-08,2021-02-09,1,RESIDUAL_REVERTED,215.09364318847656,216.44837951660156,-0.006298355953448187,-70.1721232515373,7474.82399883966
DVA,1,2021-02-03,2021-02-10,5,RESIDUAL_REVERTED,111.27999877929688,111.9000015258789,0.005571556015306012,19.365278016542234,7555.121714891417
APD,1,2021-02-05,2021-02-10,3,RESIDUAL_REVERTED,223.37060546875,222.55043029785156,-0.003671813348839148,-50.13058653691977,7519.995230975381
HPQ,-1,2021-02-09,2021-02-10,1,RESIDUAL_REVERTED,22.20103645324707,22.103551864624023,0.004390992683082073,9.856090580929617,7472.900195650446
OXY,-1,2021-02-09,2021-02-10,1,RESIDUAL_REVERTED,22.86028480529785,23.07402229309082,-0.009349729874906787,-92.98739594943316,7472.900195650447
HAS,1,2021-02-09,2021-02-11,2,RESIDUAL_REVERTED,74.96852111816406,74.28295135498047,-0.009144768403567816,-90.65413526676305,7472.900195650447
IT,-1,2021-02-10,2021-02-11,1,RESIDUAL_REVERTED,183.44000244140625,180.8300018310547,0.014228088615432899,83.1946979388944,7447.196707533711
MET,-1,2021-02-05,2021-02-11,4,TRAILING_STOP,43.952476501464844,46.95145414440853,-0.06823227908087803,-538.9230022599634,7519.995230975381
JKHY,1,2021-02-10,2021-02-12,2,RESIDUAL_REVERTED,138.8617401123047,139.67935180664062,0.005887955124821875,21.44139675704958,7447.196707533711
FMC,1,2021-02-11,2021-02-12,1,RESIDUAL_REVERTED,92.1549301147461,93.00001525878906,0.00917026515011976,45.736685626550596,7428.99588663236
GRMN,-1,2021-02-09,2021-02-12,3,TRAILING_STOP,110.52249145507812,115.67227577728794,-0.046594898960479414,-372.965245929027,7472.900195650447
TYL,-1,2021-02-11,2021-02-12,1,TRAILING_STOP,451.45001220703125,474.28024338709537,-0.050570895033212215,-399.1501660133224,7428.995886632361
TTWO,1,2021-02-10,2021-02-16,3,RESIDUAL_REVERTED,202.50999450683594,200.72999572753906,-0.008789683608612209,-87.70190519867518,7447.196707533712
UAA,-1,2021-02-11,2021-02-16,2,RESIDUAL_REVERTED,22.829999923706055,22.3700008392334,0.02014888681602689,126.45208063435467,7428.995886632362
AZO,1,2021-02-12,2021-02-17,2,RESIDUAL_REVERTED,1151.1199951171875,1165.3699951171875,0.012379248089204875,68.72139222815642,7341.496341721552
ILMN,-1,2021-02-16,2021-02-17,1,RESIDUAL_REVERTED,494.5330810546875,477.5,0.03444275359367499,229.79283259500374,7314.161139685376
AKAM,1,2021-02-11,2021-02-18,4,RESIDUAL_REVERTED,105.91000366210938,101.22000122070312,-0.04428290321251449,-350.7710272150857,7428.995886632361
ZBRA,-1,2021-02-12,2021-02-18,3,RESIDUAL_REVERTED,470.4599914550781,471.8599853515625,-0.002975797989015705,-45.69161427477336,7341.496341721552
KLAC,-1,2021-02-12,2021-02-18,3,RESIDUAL_REVERTED,30.353628158569336,30.869163513183594,-0.01698430750752644,-148.7126124102006,7341.496341721552
NWL,1,2021-02-16,2021-02-18,2,RESIDUAL_REVERTED,18.60260581970215,18.395572662353516,-0.011129255726601617,-103.22155141356295,7314.161139685376
MHK,-1,2021-02-16,2021-02-18,2,RESIDUAL_REVERTED,172.0,171.22000122070312,0.0045348766238190175,10.13009494878409,7314.161139685376
CBOE,-1,2021-02-17,2021-02-18,1,RESIDUAL_REVERTED,89.77311706542969,88.83293914794922,0.010472822468615361,53.99377355996196,7287.088763685839
DVA,1,2021-02-16,2021-02-18,2,TRAILING_STOP,105.43000030517578,100.53112920087865,-0.04646562733678217,-361.28978358815414,7314.161139685376
HSIC,1,2021-02-18,2021-02-19,1,RESIDUAL_REVERTED,64.16999816894531,64.86000061035156,0.0107527265247791,56.830478652409894,7345.6683160700795
ALLE,1,2021-02-17,2021-02-22,3,RESIDUAL_REVERTED,100.86002349853516,100.42469024658203,-0.004316212081384774,-53.26670792016132,7287.08876368584
VZ,-1,2021-02-18,2021-02-22,2,RESIDUAL_REVERTED,40.610382080078125,40.31795883178711,0.00720070172485443,29.774930865807864,7345.6683160700795
WAB,1,2021-02-19,2021-02-22,1,RESIDUAL_REVERTED,70.38331604003906,71.072021484375,0.009785066732919345,49.55871092423437,7319.920606039399
WMT,1,2021-02-19,2021-02-22,1,RESIDUAL_REVERTED,42.644134521484375,42.62556076049805,-0.00043555253717175724,-25.14318949498702,7319.920606039399
MOS,1,2021-02-19,2021-02-22,1,RESIDUAL_REVERTED,25.10528564453125,25.526044845581055,0.016759785449462106,100.53651659790228,7319.920606039398
FE,-1,2021-02-19,2021-02-22,1,RESIDUAL_REVERTED,27.17316436767578,27.372968673706055,-0.007353001046427776,-76.44533942894152,7319.920606039398
LKQ,-1,2021-02-19,2021-02-22,1,RESIDUAL_REVERTED,34.245643615722656,33.36845016479492,0.025614745652641324,165.24787298451054,7319.920606039399
RSG,-1,2021-02-19,2021-02-22,1,RESIDUAL_REVERTED,85.46709442138672,84.05133819580078,0.01656492753346328,98.90253490733538,7319.920606039398
ADP,-1,2021-02-19,2021-02-22,1,RESIDUAL_REVERTED,152.37667846679688,148.71774291992188,0.02401243801670272,153.5039849679378,7319.920606039399
ZTS,1,2021-02-22,2021-02-23,1,RESIDUAL_REVERTED,149.8990936279297,151.19068908691406,0.008616432746353375,41.40821506352283,7389.6948741743245
NRG,1,2021-02-23,2021-02-24,1,RESIDUAL_REVERTED,31.94733428955078,33.12002182006836,0.036706897667550864,248.25675775514367,7377.21258386855
PFG,-1,2021-02-23,2021-02-24,1,RESIDUAL_REVERTED,48.31690216064453,48.194705963134766,0.002529056956165898,-4.025534730283174,7377.21258386855
ORCL,-1,2021-02-23,2021-02-24,1,RESIDUAL_REVERTED,59.741153717041016,59.80607604980469,-0.0010867271340484486,-30.74690054699959,7377.21258386855
VNO,-1,2021-02-23,2021-02-24,1,TRAILING_STOP,34.50949478149414,37.73759609936105,-0.09354241023539966,-713.8609186348414,7377.21258386855
BXP,-1,2021-02-23,2021-02-24,1,TRAILING_STOP,73.44781494140625,78.1232226408571,-0.06365618505030679,-493.0517370903284,7377.21258386855
SLG,-1,2021-02-23,2021-02-25,2,TRAILING_STOP,46.890411376953125,50.90369517343983,-0.08558858151667348,-655.7049727644043,7377.21258386855
VTRS,1,2021-02-23,2021-02-26,3,RESIDUAL_REVERTED,12.569778442382812,11.92292308807373,-0.05146115798891204,-401.2020801944104,7377.212583868551
ANET,1,2021-02-23,2021-02-26,3,RESIDUAL_REVERTED,17.431249618530273,17.629375457763672,0.011366129426704008,61.59293975539832,7377.21258386855
BIO,1,2021-02-23,2021-02-26,3,RESIDUAL_REVERTED,599.1699829101562,588.5999755859375,-0.01764108287414612,-152.07844329596563,7377.212583868549
LDOS,1,2021-02-24,2021-02-26,2,RESIDUAL_REVERTED,85.70344543457031,82.65882873535156,-0.03552502100447219,-281.18462052290784,7308.862771169362
VRSK,1,2021-02-25,2021-02-26,1,RESIDUAL_REVERTED,161.67996215820312,158.27838134765625,-0.02103897579601388,-172.93212837079574,7203.2791356522475
BA,-1,2021-02-25,2021-02-26,1,RESIDUAL_REVERTED,227.8000030517578,218.50999450683594,0.04078142414603536,272.0475794901939,7203.2791356522475
IR,-1,2021-02-25,2021-02-26,1,RESIDUAL_REVERTED,47.731101989746094,46.100616455078125,0.0341598133438914,224.27000529773267,7203.2791356522475
PRU,-1,2021-02-25,2021-02-26,1,RESIDUAL_REVERTED,69.25505828857422,67.03907775878906,0.03199738162881238,208.66552865715752,7203.2791356522475
RTX,-1,2021-02-25,2021-02-26,1,RESIDUAL_REVERTED,68.03389739990234,65.61107635498047,0.0356119689965807,234.75111939471316,7203.279135652248
RSG,-1,2021-02-26,2021-03-01,1,RESIDUAL_REVERTED,84.34007263183594,83.61355590820312,0.008614134431733644,40.07390686814184,7221.863751482033
UHS,1,2021-03-01,2021-03-02,1,RESIDUAL_REVERTED,122.23807525634766,123.64545440673828,0.011513426953420058,61.359711222236065,7222.054932934141
RJF,1,2021-03-01,2021-03-02,1,RESIDUAL_REVERTED,73.51007843017578,74.4782943725586,0.013171199964131297,73.31428018030283,7222.054932934141
SBUX,-1,2021-03-01,2021-03-02,1,RESIDUAL_REVERTED,95.7097396850586,94.57286834716797,0.011878324417468944,63.684377267086695,7222.054932934142
MNST,-1,2021-03-01,2021-03-02,1,RESIDUAL_REVERTED,22.032499313354492,21.889999389648438,0.006467714882427367,24.544685858248783,7222.054932934141
KMI,1,2021-03-01,2021-03-03,2,RESIDUAL_REVERTED,10.994674682617188,11.172248840332031,0.01615092422839881,94.80173290335722,7222.05493293414
ETSY,-1,2021-03-01,2021-03-03,2,RESIDUAL_REVERTED,224.57000732421875,235.1999969482422,-0.04733485896305201,-365.26670452294366,7222.054932934142
XRAY,-1,2021-03-02,2021-03-03,1,RESIDUAL_REVERTED,53.65793991088867,53.0130615234375,0.012018321771617435,64.14816765002696,7161.126441202251
EOG,1,2021-03-01,2021-03-04,3,RESIDUAL_REVERTED,50.492835998535156,52.02782440185547,0.030400122571147437,197.55586334519006,7222.054932934142
TEL,-1,2021-03-01,2021-03-04,3,RESIDUAL_REVERTED,120.86508178710938,119.40434265136719,0.012085700138896316,64.0045033280127,7222.054932934141
TGT,1,2021-03-03,2021-03-04,1,RESIDUAL_REVERTED,148.76255798339844,146.5269012451172,-0.015028356386092456,-128.84140110365004,7155.544435044888
CRM,1,2021-03-01,2021-03-05,4,RESIDUAL_REVERTED,215.7806854248047,206.07595825195312,-0.04497495757669867,-345.99056160276524,7222.054932934142
WM,-1,2021-03-03,2021-03-05,2,TRAILING_STOP,104.34342193603516,107.57749145507813,-0.030994474390781734,-244.72156915986167,7155.544435044888
WY,1,2021-03-03,2021-03-08,3,RESIDUAL_REVERTED,27.03219985961914,27.16195297241211,0.00479994648851334,12.828077733683374,7155.544435044887
MKTX,1,2021-03-04,2021-03-08,2,RESIDUAL_REVERTED,471.97869873046875,471.70782470703125,-0.0005739115433940345,-25.53971209854975,7147.872900189911
REG,-1,2021-03-04,2021-03-08,2,RESIDUAL_REVERTED,44.647621154785156,46.28474426269531,-0.0366676446710239,-285.0831651733666,7147.872900189911
TYL,1,2021-03-05,2021-03-08,1,RESIDUAL_REVERTED,431.0299987792969,398.5400085449219,-0.07537756148386099,-555.6193921261631,7099.252235904144
HPQ,1,2021-03-05,2021-03-08,1,RESIDUAL_REVERTED,22.988990783691406,24.05314826965332,0.04628987396509965,306.832799301873,7099.252235904144
EIX,-1,2021-03-05,2021-03-08,1,RESIDUAL_REVERTED,44.2791862487793,44.69596481323242,-0.009412516348233924,-88.7864908362711,7099.252235904144
DLTR,-1,2021-03-04,2021-03-08,2,TRAILING_STOP,101.80000305175781,106.24405331496106,-0.043654716404515126,-335.0973848350887,7147.87290018991
NCLH,1,2021-03-08,2021-03-09,1,RESIDUAL_REVERTED,29.510000228881836,29.559999465942383,0.0016943150346577784,-9.222828176235932,7049.871420639527
NOV,-1,2021-03-08,2021-03-09,1,RESIDUAL_REVERTED,15.656000137329102,15.284531593322754,0.023726912413640222,145.82155618475352,7049.871420639527
FOXA,-1,2021-03-03,2021-03-10,5,RESIDUAL_REVERTED,35.426971435546875,37.898136138916016,-0.06975376678373402,-524.3563173657441,7155.544435044888
AVGO,1,2021-03-09,2021-03-10,1,RESIDUAL_REVERTED,38.980159759521484,40.02335739135742,0.026762271839614993,166.01015139337414,6998.113675602769
ADBE,1,2021-03-09,2021-03-10,1,RESIDUAL_REVERTED,437.8399963378906,445.7300109863281,0.018020314988191677,104.92470941158945,6998.113675602769
ADSK,1,2021-03-09,2021-03-10,1,RESIDUAL_REVERTED,262.239990234375,269.760009765625,0.028676097511020515,179.38323124275058,6998.113675602769
DIS,-1,2021-03-09,2021-03-10,1,RESIDUAL_REVERTED,194.0968475341797,191.30450439453125,0.014386339474971255,79.2942665820008,6998.113675602769
EL,1,2021-03-09,2021-03-11,2,RESIDUAL_REVERTED,262.7486572265625,267.104248046875,0.016577024089439174,94.83954610582026,6998.113675602769
ROST,-1,2021-03-09,2021-03-11,2,RESIDUAL_REVERTED,114.79956817626953,114.62096405029297,0.001555790921637601,-11.211725605561973,6998.113675602769
MO,-1,2021-03-09,2021-03-11,2,RESIDUAL_REVERTED,30.280176162719727,30.984376907348633,-0.023256164060759366,-185.12391525376,6998.113675602769
EMR,1,2021-03-10,2021-03-11,1,RESIDUAL_REVERTED,81.00395965576172,82.51915740966797,0.01870523071150232,110.2695706169723,7033.766327862206
TSLA,-1,2021-03-10,2021-03-11,1,RESIDUAL_REVERTED,233.43333435058594,233.13333129882812,0.0012851765691151984,-12.580643550832127,7033.766327862206
JBHT,1,2021-03-11,2021-03-12,1,RESIDUAL_REVERTED,149.1405792236328,152.4427490234375,0.02214132342112718,135.87083100389063,7110.636310605775
LH,1,2021-03-11,2021-03-12,1,RESIDUAL_REVERTED,190.38291931152344,192.9246368408203,0.013350554443058327,73.45663185192821,7110.636310605775
BEN,-1,2021-03-11,2021-03-12,1,RESIDUAL_REVERTED,21.87247085571289,22.179128646850586,-0.014020262875677814,-121.74391785951673,7110.636310605775
CTVA,-1,2021-03-11,2021-03-12,1,RESIDUAL_REVERTED,44.53618240356445,44.300540924072266,0.0052910120889330114,15.787309230216767,7110.636310605775
GE,1,2021-03-11,2021-03-15,2,RESIDUAL_REVERTED,61.70661163330078,61.94975280761719,0.003940277514528079,6.64394461629586,7110.636310605775
ACN,-1,2021-03-12,2021-03-15,1,RESIDUAL_REVERTED,242.48680114746094,241.3062286376953,0.004868605236157508,12.721686440564282,7081.167755090282
TRMB,-1,2021-03-12,2021-03-15,1,RESIDUAL_REVERTED,73.05000305175781,74.6500015258789,-0.021902784493895933,-177.14174647242157,7081.167755090282
NVR,1,2021-03-12,2021-03-16,2,RESIDUAL_REVERTED,4564.43994140625,4645.740234375,0.01781166890405017,104.69472111917149,7081.167755090282
ULTA,1,2021-03-15,2021-03-16,1,RESIDUAL_REVERTED,318.3800048828125,320.17999267578125,0.00565358303085417,18.70556110169921,7071.771319381865
DHI,1,2021-03-15,2021-03-16,1,RESIDUAL_REVERTED,76.72047424316406,79.78362274169922,0.03992608920568674,260.7093363229016,7071.771319381865
BA,-1,2021-03-15,2021-03-16,1,RESIDUAL_REVERTED,274.1499938964844,263.2300109863281,0.03983214719413597,260.34723870989205,7071.771319381865
LLY,1,2021-03-16,2021-03-17,1,RESIDUAL_REVERTED,181.64889526367188,179.9323272705078,-0.009449922558969481,-88.55893579648875,7121.319771837158
AMT,-1,2021-03-12,2021-03-18,4,RESIDUAL_REVERTED,181.14280700683594,186.9861602783203,-0.032258268313485106,-252.32366187752254,7081.167755090282
NOV,1,2021-03-17,2021-03-18,1,RESIDUAL_REVERTED,13.590276718139648,14.161069869995117,0.04200011255794389,275.96647215277574,7087.491989518473
VFC,1,2021-03-17,2021-03-18,1,RESIDUAL_REVERTED,63.433128356933594,65.46399688720703,0.03201589741634514,205.30957188232233,7087.491989518474
RMD,-1,2021-03-17,2021-03-18,1,RESIDUAL_REVERTED,182.12847900390625,180.93817138671875,0.00653553811955998,24.56446195930591,7087.491989518474
ORCL,1,2021-03-12,2021-03-19,5,RESIDUAL_REVERTED,62.096683502197266,61.93901824951172,-0.0025390285566534443,-39.195821479181376,7081.167755090282
NEM,-1,2021-03-16,2021-03-19,3,RESIDUAL_REVERTED,52.58122253417969,53.360904693603516,-0.014828148183831269,-128.84096607979262,7121.319771837158
NRG,1,2021-03-18,2021-03-19,1,RESIDUAL_REVERTED,31.257511138916016,31.73175621032715,0.015172195550166245,86.23177403812979,7097.594087296126
MAA,-1,2021-03-15,2021-03-22,5,RESIDUAL_REVERTED,115.9222183227539,115.4967041015625,0.003670687356988611,1.9181336029884717,7071.771319381865
MCD,-1,2021-03-16,2021-03-22,4,RESIDUAL_REVERTED,193.30364990234375,196.65771484375,-0.017351275793813015,-147.4023124867293,7121.319771837158
MPC,1,2021-03-19,2021-03-22,1,RESIDUAL_REVERTED,46.552467346191406,46.938499450683594,0.008292409113816124,37.539496518514575,7109.792851585148
HIG,-1,2021-03-19,2021-03-22,1,RESIDUAL_REVERTED,60.81878662109375,60.64861297607422,0.0027980440662147554,-1.968465597947732,7109.792851585147
PPL,-1,2021-03-19,2021-03-22,1,RESIDUAL_REVERTED,24.239219665527344,24.092071533203125,0.0060706629320039784,21.333391653053216,7109.792851585146
V,1,2021-03-22,2021-03-23,1,RESIDUAL_REVERTED,198.31271362304688,200.71304321289062,0.012103760500228544,64.91978689716282,7145.345621039035
FDX,-1,2021-03-22,2021-03-23,1,RESIDUAL_REVERTED,202.7858428955078,196.85997009277344,0.0292223200501619,187.12493189314833,7145.345621039037
DRI,1,2021-03-17,2021-03-24,5,RESIDUAL_REVERTED,117.59825134277344,115.254638671875,-0.019928975508890168,-162.29706056570618,7087.491989518474
TRV,1,2021-03-22,2021-03-24,2,RESIDUAL_REVERTED,134.12515258789062,132.81219482421875,-0.009789049543198147,-91.27725993731086,7145.345621039036
VLO,1,2021-03-19,2021-03-25,4,RESIDUAL_REVERTED,61.71760940551758,58.406986236572266,-0.05364146798351754,-402.1370345840754,7109.792851585147
NTRS,1,2021-03-23,2021-03-25,2,RESIDUAL_REVERTED,84.41357421875,84.81398010253906,0.00474338265492058,12.357716360173468,7117.403155967782
PEP,-1,2021-03-23,2021-03-25,2,RESIDUAL_REVERTED,116.0785140991211,116.69056701660156,-0.0052727494164668265,-60.07212144784135,7117.403155967782
PLD,-1,2021-03-23,2021-03-25,2,RESIDUAL_REVERTED,88.47679901123047,88.50245666503906,-0.0002899930161954778,-24.55985336135624,7117.4031559677815
RL,1,2021-03-24,2021-03-25,1,RESIDUAL_REVERTED,103.11373138427734,100.78286743164062,-0.022604787173787888,-180.6195866327419,7063.487321593719
BALL,-1,2021-03-23,2021-03-26,3,RESIDUAL_REVERTED,78.30601501464844,78.50171661376953,-0.002499189865356799,-40.878999862114355,7117.403155967782
CL,-1,2021-03-24,2021-03-26,2,RESIDUAL_REVERTED,67.51306915283203,68.2944107055664,-0.011573189643706128,-104.19490836056792,7063.487321593718
GIS,1,2021-03-25,2021-03-26,1,RESIDUAL_REVERTED,47.309295654296875,48.20725631713867,0.01898063901444358,112.98986099668208,7083.04103872178
WBD,1,2021-03-25,2021-03-26,1,TRAILING_STOP,58.189998626708984,52.90400142669677,-0.09084030460151893,-663.7095901705169,7083.04103872178
NKE,1,2021-03-26,2021-03-29,1,RESIDUAL_REVERTED,119.6383056640625,120.85649108886719,0.010182235681482243,50.58114467215373,7057.5429809119005
MSCI,1,2021-03-26,2021-03-29,1,RESIDUAL_REVERTED,388.24273681640625,398.45465087890625,0.026302910767211696,164.18284343505744,7057.5429809119005
CE,-1,2021-03-26,2021-03-29,1,RESIDUAL_REVERTED,141.02902221679688,139.46571350097656,0.011085014213720656,56.62000933260075,7057.5429809119005
CSX,-1,2021-03-23,2021-03-30,5,RESIDUAL_REVERTED,28.95374870300293,29.74055290222168,-0.027174519171576206,-217.93641646503644,7117.403155967782
NFLX,1,2021-03-26,2021-03-30,2,RESIDUAL_REVERTED,50.28200149536133,51.05099868774414,0.01529368699560929,86.60132058542777,7057.5429809119
DRI,-1,2021-03-26,2021-03-30,2,RESIDUAL_REVERTED,122.2519760131836,119.1634292602539,0.025263777761732165,156.27254969238567,7057.5429809119005
NI,1,2021-03-29,2021-03-30,1,RESIDUAL_REVERTED,19.917020797729492,20.125883102416992,0.010486623818322771,52.279273177379785,6997.726644086491
NUE,-1,2021-03-29,2021-03-30,1,RESIDUAL_REVERTED,73.57283782958984,72.78841400146484,0.010661867222546029,53.18086825120404,6997.726644086491
ANET,-1,2021-03-29,2021-03-30,1,RESIDUAL_REVERTED,19.409374237060547,19.058124542236328,0.01809690979905665,105.28374333854345,6997.726644086491
WBD,1,2021-03-29,2021-03-31,2,RESIDUAL_REVERTED,43.0,44.150001525878906,0.02674422153206768,165.8748485306561,6997.726644086491
TPR,1,2021-03-30,2021-03-31,1,RESIDUAL_REVERTED,34.56652069091797,35.756649017333984,0.03443008733964681,220.6324667354294,7031.33907248898
TFC,1,2021-03-30,2021-03-31,1,RESIDUAL_REVERTED,44.78664016723633,45.35150146484375,0.012612272219978848,67.45412349205759,7031.33907248898
BR,-1,2021-03-30,2021-03-31,1,RESIDUAL_REVERTED,142.28477478027344,138.61180114746094,0.02581424216670103,160.14280014648486,7031.33907248898
MCO,1,2021-03-31,2021-04-01,1,RESIDUAL_REVERTED,284.4029541015625,290.1798400878906,0.020312327642930006,123.03420547537922,7119.269078462838
GM,-1,2021-03-31,2021-04-01,1,RESIDUAL_REVERTED,55.86072540283203,55.51567077636719,0.00617705237403432,22.127183376633315,7119.269078462838
ZION,-1,2021-03-31,2021-04-01,1,RESIDUAL_REVERTED,45.88772964477539,45.31454849243164,0.012490945984489521,67.13983052584673,7119.2690784628385
TROW,1,2021-03-31,2021-04-05,2,RESIDUAL_REVERTED,133.81088256835938,136.61642456054688,0.02096647102491267,127.68424269348115,7119.269078462838
DXC,-1,2021-03-31,2021-04-05,2,RESIDUAL_REVERTED,31.350000381469727,30.81999969482422,0.016905922813282626,98.06149434832763,7119.269078462838
L,1,2021-04-01,2021-04-05,1,RESIDUAL_REVERTED,50.089874267578125,51.65947723388672,0.031335733803679267,201.80019150513203,7133.5895975959465
CPAY,1,2021-04-01,2021-04-05,1,RESIDUAL_REVERTED,273.32000732421875,282.07000732421875,0.03201375591074296,206.62966785784613,7133.5895975959465
PVH,-1,2021-04-01,2021-04-05,1,RESIDUAL_REVERTED,104.03364562988281,101.46748352050781,0.024666655617400446,154.28048967512694,7133.589597595946
KR,1,2021-04-01,2021-04-06,2,RESIDUAL_REVERTED,31.947959899902344,32.55209732055664,0.01891004691839937,113.29340042337691,7133.5895975959465
KMX,1,2021-04-05,2021-04-06,1,RESIDUAL_REVERTED,125.56999969482422,127.27999877929688,0.013617895107338684,76.38686988943701,7208.030067336175
FANG,-1,2021-04-05,2021-04-06,1,RESIDUAL_REVERTED,64.7601547241211,61.237953186035156,0.054388405232979276,370.46404603009114,7208.030067336175
ARE,-1,2021-04-05,2021-04-06,1,RESIDUAL_REVERTED,135.64320373535156,135.969482421875,-0.0024054186095459062,-39.56129874215931,7208.030067336175
PWR,-1,2021-03-31,2021-04-06,3,TRAILING_STOP,87.36861419677734,93.20478892984774,-0.0667994426456826,-499.3589096355953,7119.269078462838
COP,1,2021-04-06,2021-04-07,1,RESIDUAL_REVERTED,43.39729690551758,43.537479400634766,0.003230212596475379,1.637228294735806,7264.711684460709
MPC,1,2021-04-06,2021-04-08,2,RESIDUAL_REVERTED,47.70180130004883,46.675289154052734,-0.021519358137845446,-177.89156966072363,7264.711684460707
WAT,-1,2021-04-06,2021-04-08,2,RESIDUAL_REVERTED,294.9800109863281,297.510009765625,-0.008576848210281485,-85.36590433525987,7264.711684460708
ILMN,-1,2021-04-07,2021-04-08,1,RESIDUAL_REVERTED,400.92413330078125,394.1828918457031,0.016814257100409402,98.79631747141967,7178.740400960283
STZ,-1,2021-04-07,2021-04-08,1,RESIDUAL_REVERTED,213.7826690673828,203.20347595214844,0.049485737835464505,333.6752820945062,7178.740400960282
VFC,-1,2021-04-06,2021-04-09,3,RESIDUAL_REVERTED,69.3502197265625,69.86002349853516,-0.00735114861903452,-77.02062477360066,7264.711684460708
PAYX,1,2021-04-07,2021-04-09,2,RESIDUAL_REVERTED,80.65481567382812,81.28912353515625,0.007864475989794562,34.83612477015878,7178.740400960282
ROK,1,2021-04-07,2021-04-12,3,RESIDUAL_REVERTED,238.61053466796875,241.1029510498047,0.010445542085156356,53.337135021297335,7178.740400960282
YUM,-1,2021-04-07,2021-04-12,3,RESIDUAL_REVERTED,102.6351318359375,103.75386047363281,-0.010900055543199505,-101.62345684345237,7178.7404009602815
PPG,1,2021-04-08,2021-04-12,2,RESIDUAL_REVERTED,132.23622131347656,134.42471313476562,0.016549866591401452,97.47923511637315,7207.314891812945
CDW,-1,2021-04-09,2021-04-12,1,RESIDUAL_REVERTED,161.5636749267578,163.0882110595703,-0.009436131813067572,-90.32174705242564,7208.209404974562
STZ,1,2021-04-09,2021-04-13,2,RESIDUAL_REVERTED,203.36636352539062,204.11749267578125,0.003693477807094947,4.958798209043376,7208.209404974561
IPGP,-1,2021-04-09,2021-04-13,2,RESIDUAL_REVERTED,229.66000366210938,225.14999389648438,0.01963776754205937,118.98452593315764,7208.209404974562
WAT,-1,2021-04-09,2021-04-13,2,RESIDUAL_REVERTED,305.45001220703125,307.20001220703125,-0.005729251694427395,-64.13452399369952,7208.209404974562
CAG,1,2021-04-12,2021-04-13,1,RESIDUAL_REVERTED,27.672555923461914,28.555164337158203,0.0318947196687378,206.90470311227725,7172.516417842435
OXY,1,2021-04-06,2021-04-14,6,RESIDUAL_REVERTED,23.816152572631836,23.23980712890625,-0.024199771225344335,-197.33478929424396,7264.711684460707
AMD,1,2021-04-13,2021-04-14,1,RESIDUAL_REVERTED,79.66999816894531,79.87999725341797,0.0026358615451118617,-2.656222318463625,7216.186536465046
FTV,-1,2021-04-13,2021-04-14,1,RESIDUAL_REVERTED,53.93032455444336,53.665321350097656,0.004913806963616207,13.293130320147025,7216.186536465046
PCAR,-1,2021-04-13,2021-04-14,1,RESIDUAL_REVERTED,52.331947326660156,52.55223083496094,-0.004209350493413755,-52.64042612993976,7216.186536465046
HON,-1,2021-04-12,2021-04-15,3,RESIDUAL_REVERTED,199.60621643066406,203.6666259765625,-0.02034209965253697,-169.3735704723779,7172.516417842434
BEN,1,2021-04-14,2021-04-15,1,RESIDUAL_REVERTED,22.828401565551758,23.192108154296875,0.015932196903963414,93.09019832888865,7211.655164749177
DHR,-1,2021-04-14,2021-04-15,1,RESIDUAL_REVERTED,208.9159698486328,205.8471221923828,0.01468938759671412,83.89673063669255,7211.655164749176
WST,-1,2021-04-14,2021-04-15,1,RESIDUAL_REVERTED,301.6080017089844,297.0922546386719,0.014972238948320893,85.94019411015341,7211.655164749176
INTC,1,2021-04-13,2021-04-16,3,RESIDUAL_REVERTED,59.673118591308594,59.41846466064453,-0.004267481517232996,-52.39730986466145,7216.186536465046
WAT,1,2021-04-15,2021-04-16,1,RESIDUAL_REVERTED,298.4700012207031,299.7799987792969,0.004389042628190509,10.033038343637868,7257.385482942703
WFC,-1,2021-04-15,2021-04-16,1,RESIDUAL_REVERTED,37.03009033203125,37.531436920166016,-0.013538897249221638,-120.75443668055078,7257.385482942704
SLB,-1,2021-04-15,2021-04-16,1,RESIDUAL_REVERTED,24.16024398803711,23.87610626220703,0.011760548691924111,63.14236458622491,7257.385482942703
WTW,1,2021-04-15,2021-04-19,2,RESIDUAL_REVERTED,220.5399627685547,223.73876953125,0.014504431407981633,83.33419711488764,7257.385482942703
TFC,1,2021-04-16,2021-04-19,1,RESIDUAL_REVERTED,44.7247314453125,45.00328826904297,0.006228250337759533,23.403148769203852,7270.524365295818
UNH,-1,2021-04-16,2021-04-19,1,RESIDUAL_REVERTED,357.31634521484375,353.7605895996094,0.009951281722352823,50.07522658049153,7270.524365295818
BDX,-1,2021-04-16,2021-04-20,2,RESIDUAL_REVERTED,180.37864685058594,180.1906280517578,0.0010423561885563037,-15.380058427716282,7270.524365295817
NEM,-1,2021-04-16,2021-04-20,2,RESIDUAL_REVERTED,56.171165466308594,55.6570930480957,0.009151891614590624,43.680804089022956,7270.524365295818
STT,1,2021-04-19,2021-04-20,1,RESIDUAL_REVERTED,67.99880981445312,68.0751724243164,0.0011229992123633625,-13.64540912742717,7263.275667195229
BNY,1,2021-04-19,2021-04-20,1,RESIDUAL_REVERTED,39.831764221191406,40.15028381347656,0.007996622758569494,36.20472598721917,7263.27566719523
SHW,-1,2021-04-19,2021-04-20,1,RESIDUAL_REVERTED,253.03067016601562,253.48765563964844,-0.0018060477543413445,-35.50338651235178,7263.27566719523
JBHT,1,2021-04-20,2021-04-21,1,RESIDUAL_REVERTED,159.25645446777344,160.85520935058594,0.010038870249594822,51.06218819468191,7269.868356412626
MS,-1,2021-04-20,2021-04-21,1,RESIDUAL_REVERTED,66.85868835449219,64.68375396728516,0.03253031790984717,214.47398204392553,7269.868356412626
SYF,1,2021-04-14,2021-04-22,6,RESIDUAL_REVERTED,35.726646423339844,35.797542572021484,0.0019844053606812295,-7.345584596686821,7211.655164749176
ZION,1,2021-04-21,2021-04-22,1,RESIDUAL_REVERTED,43.26272964477539,44.60015106201172,0.03091393974022716,202.63422324340115,7271.327630875924
UAL,1,2021-04-21,2021-04-22,1,RESIDUAL_REVERTED,49.880001068115234,52.34000015258789,0.04931834466309093,336.25794460178145,7271.327630875922
JNJ,-1,2021-04-21,2021-04-22,1,RESIDUAL_REVERTED,142.9416961669922,142.48631286621094,0.0031857975173965603,0.8078894514924364,7271.327630875923
PPG,-1,2021-04-19,2021-04-23,4,RESIDUAL_REVERTED,149.65455627441406,153.1918182373047,-0.023636179552091408,-196.0730996985434,7263.27566719523
DOV,-1,2021-04-21,2021-04-23,2,RESIDUAL_REVERTED,135.71902465820312,137.7001953125,-0.014597589831538249,-129.29475973958193,7271.327630875923
IBM,-1,2021-04-21,2021-04-23,2,RESIDUAL_REVERTED,106.57384490966797,109.08261108398438,-0.023540167631587616,-194.4295932679833,7271.327630875922
NFLX,1,2021-04-22,2021-04-23,1,RESIDUAL_REVERTED,51.38199996948242,50.9010009765625,-0.009361235319870875,-89.78431032926726,7271.637118995791
ISRG,-1,2021-04-22,2021-04-23,1,RESIDUAL_REVERTED,294.96331787109375,283.7300109863281,0.0380837419576181,254.9709775976536,7271.637118995791
MO,1,2021-04-20,2021-04-26,4,RESIDUAL_REVERTED,30.193437576293945,31.120136260986328,0.030692056257283218,200.98291269595444,7269.868356412626
HBAN,1,2021-04-23,2021-04-26,1,RESIDUAL_REVERTED,11.374834060668945,11.814743995666504,0.038673965057534065,260.1019280342556,7302.96111768652
LYB,1,2021-04-23,2021-04-26,1,RESIDUAL_REVERTED,71.21459197998047,72.8477783203125,0.022933310364133597,145.32096892521167,7302.961117686519
DOW,1,2021-04-23,2021-04-26,1,RESIDUAL_REVERTED,45.51633834838867,46.45496368408203,0.02062172331414236,128.4648607244975,7302.961117686519
EFX,-1,2021-04-23,2021-04-27,2,RESIDUAL_REVERTED,213.18894958496094,217.99952697753906,-0.022564853393871598,-188.13237649407785,7302.961117686518
AZO,1,2021-04-27,2021-04-28,1,RESIDUAL_REVERTED,1451.3299560546875,1464.25,0.008902209929184224,43.038583591103226,7308.478777809262
KMB,1,2021-04-26,2021-04-29,3,RESIDUAL_REVERTED,106.6082992553711,105.20885467529297,-0.013126975947021502,-118.20825317004756,7338.806609845365
MAS,1,2021-04-27,2021-04-29,2,RESIDUAL_REVERTED,57.28684997558594,58.04597473144531,0.013251291634692741,74.77607718174879,7308.478777809261
STX,-1,2021-04-26,2021-04-29,3,STOP_LOSS,76.53475952148438,81.84894561767578,-0.06943493556936886,-534.1884404923198,7338.806609845364
APTV,-1,2021-04-26,2021-04-30,4,RESIDUAL_REVERTED,145.75,143.5500030517578,0.015094318684337527,86.59276888315901,7338.806609845364
MCK,1,2021-04-27,2021-04-30,3,RESIDUAL_REVERTED,185.3125,184.54608154296875,-0.004135816294266403,-52.10662216056848,7308.478777809261
RSG,1,2021-04-27,2021-04-30,3,RESIDUAL_REVERTED,97.8873291015625,99.29977416992188,0.014429294182640273,83.37256969369676,7308.4787778092605
CFG,-1,2021-04-26,2021-05-03,5,RESIDUAL_REVERTED,36.21955490112305,37.82799530029297,-0.04440806640393169,-351.39975613275146,7338.806609845365
AMGN,1,2021-04-29,2021-05-03,2,RESIDUAL_REVERTED,198.26380920410156,202.98695373535156,0.02382252489856973,150.12746926211352,7222.253230854178
TFX,1,2021-04-30,2021-05-03,1,RESIDUAL_REVERTED,404.1269226074219,408.597412109375,0.011062092753211239,57.89780376692629,7196.296879511636
META,-1,2021-04-30,2021-05-03,1,RESIDUAL_REVERTED,323.04595947265625,323.07574462890625,-9.220098681517186e-05,-22.82266995366272,7196.296879511636
FITB,-1,2021-04-26,2021-05-04,6,RESIDUAL_REVERTED,31.770383834838867,33.21149826049805,-0.04536030893271348,-359.02279368557356,7338.806609845364
BMY,1,2021-04-30,2021-05-04,2,RESIDUAL_REVERTED,50.148170471191406,51.264381408691406,0.022258258417248378,138.34787939948572,7196.296879511637
RMD,1,2021-05-03,2021-05-04,1,RESIDUAL_REVERTED,181.45237731933594,184.17591857910156,0.015009675265772238,86.73733340649503,7235.853025972106
AON,-1,2021-05-03,2021-05-04,1,RESIDUAL_REVERTED,242.12771606445312,242.95578002929688,-0.0034199470358169393,-47.067447444161935,7235.853025972105
UPS,-1,2021-04-28,2021-05-04,4,TRAILING_STOP,152.70396423339844,166.84296860578988,-0.09259094512294941,-697.3858483509995,7259.735674450666
EL,1,2021-05-04,2021-05-05,1,RESIDUAL_REVERTED,270.83221435546875,272.9270935058594,0.007734970359327686,34.0496929377188,7208.774254151825
KEYS,1,2021-05-04,2021-05-05,1,RESIDUAL_REVERTED,139.3000030517578,141.41000366210938,0.015147168443116144,87.4024063567368,7208.7742541518255
MHK,-1,2021-05-04,2021-05-05,1,RESIDUAL_REVERTED,221.0,221.82000732421875,-0.003710440381080371,-48.98329336637475,7208.7742541518255
IPGP,1,2021-05-05,2021-05-06,1,RESIDUAL_REVERTED,189.75,189.8300018310547,0.0004216170279562892,-18.5925370115408,7209.160918133941
INCY,1,2021-05-05,2021-05-06,1,RESIDUAL_REVERTED,81.76000213623047,81.20999908447266,-0.006727043020881784,-70.05107389168766,7209.160918133942
HSIC,-1,2021-05-05,2021-05-06,1,RESIDUAL_REVERTED,79.55999755859375,78.2699966430664,0.016214189983820626,94.87107685519754,7209.160918133942
AMCR,-1,2021-05-05,2021-05-06,1,RESIDUAL_REVERTED,46.202396392822266,47.08061981201172,-0.01900817896376239,-159.44672024169435,7209.160918133942
IT,-1,2021-05-05,2021-05-07,2,RESIDUAL_REVERTED,228.24000549316406,231.47999572753906,-0.014195540467913492,-125.27800157232213,7209.160918133942
VRSK,1,2021-05-06,2021-05-07,1,RESIDUAL_REVERTED,166.1187744140625,168.95814514160156,0.017092413169758514,100.17540859949182,7121.419927744868
BKR,-1,2021-05-04,2021-05-07,3,TRAILING_STOP,19.07354164123535,20.778660896232996,-0.08939709714483879,-668.8068291701146,7208.7742541518255
TMUS,-1,2021-05-06,2021-05-07,1,TRAILING_STOP,127.10376739501953,132.98517003040305,-0.0462724493217026,-351.9712682517679,7121.419927744868
COR,1,2021-05-06,2021-05-10,2,RESIDUAL_REVERTED,107.31473541259766,110.1667251586914,0.02657593791876378,167.61026648912005,7121.419927744868
CAH,1,2021-05-07,2021-05-10,1,RESIDUAL_REVERTED,50.2802848815918,50.555912017822266,0.005481813336570385,17.4810296980946,7067.066628173969
IRM,-1,2021-05-07,2021-05-10,1,RESIDUAL_REVERTED,33.03303527832031,33.42781448364258,-0.011951042403341106,-106.35168330018529,7067.066628173969
ALL,-1,2021-05-07,2021-05-10,1,RESIDUAL_REVERTED,113.91365814208984,116.7759780883789,-0.025127100586294526,-199.614228684086,7067.066628173969
DXCM,1,2021-05-03,2021-05-10,5,TRAILING_STOP,96.5250015258789,87.31560256038323,-0.09540946718375953,-711.0408875831669,7235.853025972105
MNST,1,2021-05-10,2021-05-11,1,RESIDUAL_REVERTED,22.78499984741211,22.475000381469727,-0.01360541882898425,-116.94609959825517,7051.31288175968
CNC,-1,2021-05-10,2021-05-11,1,RESIDUAL_REVERTED,70.11000061035156,70.01000213623047,0.0014263082762878687,-11.636744508272198,7051.31288175968
MCK,-1,2021-05-10,2021-05-12,2,RESIDUAL_REVERTED,191.133544921875,191.57981872558594,-0.0023348795413873358,-38.779042462250835,7051.31288175968
ALGN,1,2021-05-11,2021-05-12,1,RESIDUAL_REVERTED,539.9099731445312,553.4199829101562,0.025022708298830576,153.45139576225938,6979.7670972431915
QCOM,1,2021-05-11,2021-05-12,1,RESIDUAL_REVERTED,111.25791931152344,111.95079803466797,0.006227680037808936,22.463253293997344,6979.7670972431915
QRVO,1,2021-05-11,2021-05-12,1,RESIDUAL_REVERTED,164.69400024414062,168.92999267578125,0.02572038098146412,158.31368420789806,6979.767097243192
CME,-1,2021-05-11,2021-05-12,1,STOP_LOSS,165.74301147460938,172.99993121671324,-0.04378416729332546,-327.5705209618687,6979.7670972431915
CTSH,1,2021-05-07,2021-05-13,4,RESIDUAL_REVERTED,68.92462921142578,65.02152252197266,-0.05662862077183428,-420.7991385865873,7067.066628173969
MSI,-1,2021-05-10,2021-05-13,3,RESIDUAL_REVERTED,187.34747314453125,183.16836547851562,0.022306720212829423,134.70418297232393,7051.312881759679
VTRS,-1,2021-05-11,2021-05-13,2,TRAILING_STOP,11.930908203125,12.78444736898855,-0.07154016704612531,-522.1662423384514,6979.767097243191
BAX,1,2021-05-12,2021-05-14,2,RESIDUAL_REVERTED,75.12261962890625,75.36568450927734,0.0032355751379784525,1.6163488026300037,7005.618783614047
DHI,1,2021-05-13,2021-05-14,1,RESIDUAL_REVERTED,87.917236328125,90.93910217285156,0.034371711065260824,215.89494974007673,6893.16384574212
PHM,1,2021-05-13,2021-05-14,1,RESIDUAL_REVERTED,52.91537857055664,55.47763442993164,0.048421761850546474,312.59897789089223,6893.16384574212
GAP,1,2021-05-13,2021-05-14,1,RESIDUAL_REVERTED,26.696481704711914,27.7597599029541,0.039828401734844254,253.4523917867868,6893.163845742121
PRGO,-1,2021-05-13,2021-05-14,1,RESIDUAL_REVERTED,35.11167526245117,36.35564422607422,-0.03542892654151886,-265.8260454425745,6893.16384574212
PSX,-1,2021-05-13,2021-05-14,1,RESIDUAL_REVERTED,68.56929016113281,69.44929504394531,-0.012833804765144174,-109.82608552053267,6893.16384574212
TDY,1,2021-05-14,2021-05-17,1,RESIDUAL_REVERTED,413.2799987792969,423.3800048828125,0.024438652084175283,147.80674965001006,6906.213921824891
GEN,-1,2021-05-12,2021-05-17,3,TRAILING_STOP,21.40379524230957,23.5695121351734,-0.1011837792478405,-732.709364172437,7005.618783614046
PH,-1,2021-05-14,2021-05-18,2,RESIDUAL_REVERTED,296.4068908691406,297.32391357421875,-0.0030937968492876777,-43.222059370121585,6906.213921824892
AVY,1,2021-05-17,2021-05-18,1,RESIDUAL_REVERTED,198.9137725830078,200.72866821289062,0.009124032018071881,42.127960309327776,6894.52946131948
FE,-1,2021-05-14,2021-05-19,3,RESIDUAL_REVERTED,30.209503173828125,30.387163162231445,-0.005880930493330272,-63.05000005748025,6906.213921824891
DIS,1,2021-05-17,2021-05-19,2,RESIDUAL_REVERTED,167.4435577392578,162.60545349121094,-0.028893940820230002,-219.59489943329746,6894.52946131948
FOXA,1,2021-05-17,2021-05-19,2,RESIDUAL_REVERTED,35.23780059814453,34.46302795410156,-0.02198697509184966,-172.0460511487094,6894.52946131948
STE,1,2021-05-17,2021-05-19,2,RESIDUAL_REVERTED,187.746337890625,184.5224151611328,-0.01717169434948096,-138.89675484833822,6894.52946131948
STX,-1,2021-05-17,2021-05-19,2,RESIDUAL_REVERTED,83.71967315673828,81.57630920410156,0.02560167606751107,154.93710818360844,6894.52946131948
CMCSA,1,2021-05-18,2021-05-19,1,RESIDUAL_REVERTED,44.08355712890625,43.29862976074219,-0.017805445369774242,-141.3505413918798,6802.653116965262
RCL,-1,2021-05-17,2021-05-20,3,RESIDUAL_REVERTED,81.2251968383789,81.930908203125,-0.008688330619257334,-82.32639059860506,6894.52946131948
DD,-1,2021-05-18,2021-05-20,2,RESIDUAL_REVERTED,96.93580627441406,95.22784423828125,0.017619516479780106,98.56441690175102,6802.653116965263
T,1,2021-05-19,2021-05-21,2,RESIDUAL_REVERTED,15.840635299682617,16.364112854003906,0.033046499993076406,204.55631448642293,6819.241596681883
CVS,-1,2021-05-19,2021-05-21,2,RESIDUAL_REVERTED,74.52330780029297,75.18852233886719,-0.008926261571169825,-82.50961129372473,6819.241596681882
PGR,1,2021-05-20,2021-05-21,1,RESIDUAL_REVERTED,88.63192749023438,91.21480560302734,0.02914162182784019,178.4553962034591,6837.919218041856
STE,1,2021-05-20,2021-05-24,2,RESIDUAL_REVERTED,180.64236450195312,182.439697265625,0.00994967469910657,47.41926157640283,6837.919218041855
DE,1,2021-05-20,2021-05-24,2,RESIDUAL_REVERTED,334.3064880371094,337.6687927246094,0.010057551402133713,48.15580727893918,6837.919218041857
TTWO,-1,2021-05-20,2021-05-24,2,RESIDUAL_REVERTED,179.9499969482422,184.36000061035156,-0.024506828212827347,-189.45498752833214,6837.919218041857
NWS,-1,2021-05-21,2021-05-24,1,RESIDUAL_REVERTED,24.49064826965332,24.271047592163086,0.008966715583529239,40.22938398927674,6816.184912560517
HRL,-1,2021-05-21,2021-05-25,2,RESIDUAL_REVERTED,41.415504455566406,41.306453704833984,0.0026330900025477444,-3.5552815873724137,6816.184912560517
LW,-1,2021-05-24,2021-05-25,1,RESIDUAL_REVERTED,72.68699645996094,72.6418228149414,0.0006214817948133611,-16.781124307452465,6830.005603557767
TJX,1,2021-05-20,2021-05-26,4,RESIDUAL_REVERTED,63.02556610107422,62.821651458740234,-0.0032354273820717205,-42.604163341960714,6837.919218041856
TGT,-1,2021-05-20,2021-05-26,4,RESIDUAL_REVERTED,186.15638732910156,192.88525390625,-0.03614631049566208,-270.2816633245778,6837.919218041856
VFC,1,2021-05-24,2021-05-26,2,RESIDUAL_REVERTED,65.22162628173828,65.50578308105469,0.004356788009071355,9.22223437502369,6830.005603557767
PGR,1,2021-05-24,2021-05-26,2,RESIDUAL_REVERTED,88.67660522460938,87.79180145263672,-0.009977871499833979,-88.53671168873535,6830.005603557767
DG,1,2021-05-25,2021-05-26,1,RESIDUAL_REVERTED,182.0489959716797,183.2696075439453,0.006704851986415239,25.109149279916974,6795.817159364698
TROW,1,2021-05-25,2021-05-26,1,RESIDUAL_REVERTED,145.9656524658203,146.50189208984375,0.0036737384101304116,4.541153966697776,6795.817159364698
NVR,-1,2021-05-26,2021-05-27,1,RESIDUAL_REVERTED,4845.0,4859.0400390625,-0.0028978408797730726,-40.748948018963254,6812.394331398819
SNPS,-1,2021-05-26,2021-05-27,1,RESIDUAL_REVERTED,257.989990234375,253.8699951171875,0.015969592903370522,87.98427668506476,6812.394331398819
BALL,1,2021-05-27,2021-05-28,1,RESIDUAL_REVERTED,77.23436737060547,76.90798950195312,-0.004225811381172284,-49.194781642954965,6814.179363484623
ZBH,1,2021-05-27,2021-05-28,1,RESIDUAL_REVERTED,153.1846923828125,156.8426055908203,0.023879104048246447,142.0298851865734,6814.179363484622
SYK,1,2021-05-27,2021-05-28,1,RESIDUAL_REVERTED,240.9803466796875,242.66619873046875,0.00699580722664539,27.156641116417106,6814.179363484623
MGM,-1,2021-05-25,2021-06-01,4,RESIDUAL_REVERTED,42.107051849365234,43.126495361328125,-0.02421075490181246,-187.3646097995323,6795.817159364698
BSX,1,2021-05-27,2021-06-01,2,RESIDUAL_REVERTED,42.04999923706055,42.81999969482422,0.018311545106641347,104.1484474595712,6814.1793634846235
MDT,1,2021-05-27,2021-06-01,2,RESIDUAL_REVERTED,105.10269165039062,108.06441497802734,0.028179329007942844,171.28843560900933,6814.179363484623
F,-1,2021-05-27,2021-06-01,2,RESIDUAL_REVERTED,10.545368194580078,10.79470157623291,-0.02364387634952192,-182.9038839536268,6814.179363484623
GE,-1,2021-05-28,2021-06-01,1,RESIDUAL_REVERTED,69.48680877685547,69.19503021240234,0.004199049713019876,7.633222425435418,6771.479779731561
TDG,-1,2021-05-28,2021-06-01,1,RESIDUAL_REVERTED,539.1362915039062,543.3003540039062,-0.007723580411150621,-73.2305179606107,6771.479779731561
HCA,-1,2021-05-26,2021-06-02,4,RESIDUAL_REVERTED,200.7313995361328,207.46380615234375,-0.033539379647473,-251.4656126329102,6812.39433139882
HPQ,1,2021-06-01,2021-06-02,1,RESIDUAL_REVERTED,24.29880142211914,24.380565643310547,0.0033649487384581622,2.4585236447992393,6831.10491664865
HPE,1,2021-06-01,2021-06-02,1,RESIDUAL_REVERTED,13.870946884155273,13.63890552520752,-0.016728588241716524,-134.5966440244464,6831.10491664865
COST,1,2021-06-01,2021-06-03,2,RESIDUAL_REVERTED,359.37554931640625,359.10125732421875,-0.000763246115962124,-25.699308323864727,6831.10491664865
ABT,1,2021-06-02,2021-06-03,1,RESIDUAL_REVERTED,95.62264251708984,96.71636199951172,0.011437871341261063,57.27894121135016,6802.147368656441
NUE,-1,2021-06-02,2021-06-03,1,RESIDUAL_REVERTED,102.01838684082031,96.18534851074219,0.057176343507366334,368.58507535020976,6802.147368656441
APA,-1,2021-06-02,2021-06-04,2,RESIDUAL_REVERTED,19.920671463012695,20.289730072021484,-0.018526414116814882,-147.70294970123823,6802.147368656441
SPG,-1,2021-06-02,2021-06-04,2,RESIDUAL_REVERTED,100.78108215332031,100.98356628417969,-0.00200914821048781,-35.17513865993145,6802.147368656441
PWR,1,2021-06-03,2021-06-04,1,RESIDUAL_REVERTED,92.27571105957031,92.84085845947266,0.006124552099495695,21.17347507439727,6796.466298555926
HCA,1,2021-06-03,2021-06-04,1,RESIDUAL_REVERTED,199.72865295410156,204.9618377685547,0.026201472533115888,157.42091001062724,6796.466298555926
SLB,-1,2021-06-03,2021-06-07,2,RESIDUAL_REVERTED,31.424474716186523,32.55664825439453,-0.036028399788170073,-266.738643997757,6796.466298555926
LUV,1,2021-06-04,2021-06-07,1,RESIDUAL_REVERTED,53.83531188964844,53.8812141418457,0.0008526420779608745,-14.570730618746822,6781.383452648388
GM,-1,2021-06-04,2021-06-07,1,RESIDUAL_REVERTED,60.9311408996582,61.324119567871094,-0.006449553748879344,-64.68316452230876,6781.383452648388
BIIB,-1,2021-06-07,2021-06-07,0,STOP_LOSS,295.3500061035156,315.04789922212615,-0.06669338991551177,-471.594843194185,6757.009122371316
DRI,1,2021-06-02,2021-06-08,4,RESIDUAL_REVERTED,115.39055633544922,116.06423950195312,0.0058382868399164956,19.246876028432393,6802.147368656441
DVN,-1,2021-06-02,2021-06-08,4,RESIDUAL_REVERTED,23.26217269897461,23.377172470092773,-0.004943638438521081,-56.30041302168567,6802.147368656441
KIM,1,2021-06-07,2021-06-08,1,RESIDUAL_REVERTED,17.17475700378418,17.42699432373047,0.014686514626711222,78.81703057145143,6757.009122371316
ADSK,-1,2021-06-07,2021-06-08,1,RESIDUAL_REVERTED,283.9700012207031,281.989990234375,0.006972606183106134,26.38693003226478,6757.009122371316
AOS,1,2021-06-04,2021-06-09,3,RESIDUAL_REVERTED,62.53190231323242,61.80656814575195,-0.011599425903391691,-98.88631500710463,6781.383452648388
URI,1,2021-06-08,2021-06-09,1,RESIDUAL_REVERTED,304.30120849609375,309.8269958496094,0.018158939889936665,101.85304913854706,6731.103522791852
BIIB,-1,2021-06-08,2021-06-09,1,RESIDUAL_REVERTED,389.1000061035156,395.0,-0.015163181197470177,-122.95417329903619,6731.103522791853
LLY,-1,2021-06-08,2021-06-09,1,RESIDUAL_REVERTED,211.19009399414062,210.84718322753906,0.0016237066811053413,-9.77935973766275,6731.103522791852
CAH,-1,2021-06-08,2021-06-09,1,RESIDUAL_REVERTED,52.41419982910156,52.50312042236328,-0.0016964981541576218,-32.162961946923176,6731.103522791851
AEP,1,2021-06-09,2021-06-10,1,RESIDUAL_REVERTED,69.0948257446289,70.2878189086914,0.017266027538324513,95.9744248295961,6739.716207596029
GNRC,-1,2021-06-09,2021-06-10,1,RESIDUAL_REVERTED,350.7900085449219,341.92999267578125,0.02525732105624101,149.7392659954917,6739.716207596029
CMS,1,2021-06-09,2021-06-11,2,RESIDUAL_REVERTED,51.1396484375,51.2161750793457,0.001496424871579416,-10.14879788079505,6739.716207596029
NRG,-1,2021-06-09,2021-06-11,2,RESIDUAL_REVERTED,31.34823226928711,31.678855895996094,-0.010546802890474494,-92.49346688485319,6739.716207596029
BF-B,1,2021-06-10,2021-06-11,1,RESIDUAL_REVERTED,66.49676513671875,67.12763977050781,0.009487298103779462,43.44628843033507,6711.855041682504
CPB,1,2021-06-10,2021-06-14,2,RESIDUAL_REVERTED,37.26225280761719,37.45769119262695,0.00524494281166521,15.014925784983696,6711.855041682504
ROK,-1,2021-06-10,2021-06-15,3,RESIDUAL_REVERTED,256.8547058105469,259.2747497558594,-0.009421840015255478,-85.07966292727566,6711.855041682504
VRTX,1,2021-06-14,2021-06-15,1,RESIDUAL_REVERTED,195.66000366210938,195.91000366210938,0.0012777266447963065,-11.481448950610694,6659.039500124252
CCI,1,2021-06-14,2021-06-15,1,RESIDUAL_REVERTED,150.3592071533203,152.68435668945312,0.015463965128266866,82.84357338537437,6659.039500124252
REGN,-1,2021-06-14,2021-06-15,1,RESIDUAL_REVERTED,520.0919799804688,523.0640869140625,-0.005714579435940115,-58.620079293786425,6659.039500124252
MOS,1,2021-06-07,2021-06-15,6,TRAILING_STOP,32.05788040161133,28.903671141268582,-0.098391073297042,-684.1031631253894,6757.009122371316
CAT,1,2021-06-11,2021-06-16,3,RESIDUAL_REVERTED,206.54359436035156,199.88998413085938,-0.03221407204661986,-235.98459702386654,6710.637217337853
ADBE,-1,2021-06-11,2021-06-16,3,RESIDUAL_REVERTED,529.75,548.4600219726562,-0.03531858796159737,-259.1531565048102,6710.637217337854
SRE,-1,2021-06-10,2021-06-17,5,RESIDUAL_REVERTED,58.6297607421875,59.35715866088867,-0.01240663290269528,-106.24585524692682,6711.855041682504
PPL,-1,2021-06-10,2021-06-17,5,RESIDUAL_REVERTED,24.119592666625977,23.738061904907227,0.015818292082795837,83.5257592627863,6711.855041682504
ETN,-1,2021-06-16,2021-06-17,1,RESIDUAL_REVERTED,136.09259033203125,134.6924285888672,0.010288302542761696,47.65830846585556,6596.2090024883655
GLW,1,2021-06-15,2021-06-17,2,TRAILING_STOP,36.43907928466797,34.743247616905556,-0.04653881769389123,-326.8268355615216,6606.698599397415
FAST,1,2021-06-16,2021-06-17,1,TRAILING_STOP,22.618541717529297,21.917008666992185,-0.03101583909777106,-224.06870364829877,6596.2090024883655
ARE,1,2021-06-16,2021-06-18,2,RESIDUAL_REVERTED,147.26974487304688,145.7975311279297,-0.009996715526235933,-85.63014131951334,6596.2090024883655
XOM,-1,2021-06-16,2021-06-18,2,RESIDUAL_REVERTED,53.17425537109375,50.42957305908203,0.05161675124281595,320.1707019237982,6596.2090024883655
STT,-1,2021-06-17,2021-06-18,1,RESIDUAL_REVERTED,74.62313079833984,68.67736053466797,0.0796773091675772,504.81178494368595,6579.7397386234925
TTWO,1,2021-06-16,2021-06-21,3,RESIDUAL_REVERTED,177.0,171.85000610351562,-0.029096010714600995,-211.42410976789586,6596.209002488366
WTW,1,2021-06-17,2021-06-22,3,RESIDUAL_REVERTED,223.87429809570312,213.87759399414062,-0.044653201312501944,-313.1049526837952,6579.7397386234925
RF,1,2021-06-18,2021-06-22,2,RESIDUAL_REVERTED,15.616499900817871,15.979300498962402,0.02323187656957182,133.03316532748767,6586.769120503177
MET,1,2021-06-18,2021-06-22,2,RESIDUAL_REVERTED,50.251617431640625,50.8746452331543,0.012398164145884571,61.781041618411635,6586.769120503177
AMD,-1,2021-06-18,2021-06-22,2,RESIDUAL_REVERTED,84.27999877929688,82.9000015258789,0.016373959105430824,87.21562667681184,6586.769120503177
GL,1,2021-06-21,2021-06-22,1,RESIDUAL_REVERTED,89.06110382080078,91.56796264648438,0.028147628068114106,165.2024489949627,6580.3534456117995
LEN,-1,2021-06-21,2021-06-22,1,RESIDUAL_REVERTED,87.86149597167969,87.12156677246094,0.008421541097561658,35.241618269799424,6580.353445611799
PSA,-1,2021-06-21,2021-06-22,1,RESIDUAL_REVERTED,238.0615692138672,241.3138427734375,-0.013661480810657656,-110.30278558479463,6580.353445611799
AMZN,1,2021-06-22,2021-06-23,1,RESIDUAL_REVERTED,172.9029998779297,175.25,0.013574085607116704,69.95988353354801,6628.928363129432
KR,-1,2021-06-18,2021-06-24,4,RESIDUAL_REVERTED,34.86452865600586,34.96274185180664,-0.002816994796339012,-40.44946711810014,6586.769120503177
KIM,1,2021-06-23,2021-06-24,1,RESIDUAL_REVERTED,16.348220825195312,16.51479721069336,0.010189266910398231,47.38451159991708,6605.049319694601
TSCO,-1,2021-06-23,2021-06-24,1,RESIDUAL_REVERTED,32.64669418334961,32.96852493286133,-0.009857988919314886,-85.54935479895047,6605.049319694601
DHR,-1,2021-06-18,2021-06-25,5,RESIDUAL_REVERTED,222.22012329101562,231.3482208251953,-0.041076826882260775,-293.41980395710874,6586.769120503177
EVRG,1,2021-06-23,2021-06-25,2,RESIDUAL_REVERTED,50.31731033325195,49.796905517578125,-0.010342460919059104,-88.02514371979717,6605.049319694602
CTAS,-1,2021-06-23,2021-06-25,2,RESIDUAL_REVERTED,88.73477935791016,89.91300201416016,-0.013278025423353546,-108.70835551306132,6605.0493196946
CMCSA,1,2021-06-24,2021-06-25,1,RESIDUAL_REVERTED,44.1628532409668,44.36900329589844,0.0046679514524756716,10.93210431416766,6581.840174952438
WAB,-1,2021-06-23,2021-06-28,3,RESIDUAL_REVERTED,78.6767807006836,80.54195404052734,-0.02370678265217263,-178.23657414751676,6605.049319694601
LLY,-1,2021-06-25,2021-06-28,1,RESIDUAL_REVERTED,222.05868530273438,218.1341552734375,0.01767339126567613,95.95072170595667,6562.292996472693
IRM,1,2021-06-23,2021-06-29,4,RESIDUAL_REVERTED,35.72651672363281,35.03239822387695,-0.01942866429227641,-147.9499428965592,6605.049319694601
EQIX,1,2021-06-25,2021-06-29,2,RESIDUAL_REVERTED,703.77294921875,714.4441528320312,0.015162849929266642,79.66693031212831,6562.292996472694
ABBV,1,2021-06-28,2021-06-29,1,RESIDUAL_REVERTED,93.23149108886719,92.7293701171875,-0.005385744299649442,-54.947313354722844,6558.785637019442
FDX,1,2021-06-28,2021-06-29,1,RESIDUAL_REVERTED,213.04588317871094,215.22723388671875,0.010238877538778945,47.37751412507474,6558.785637019441
NKE,-1,2021-06-28,2021-06-29,1,RESIDUAL_REVERTED,140.21188354492188,139.61065673828125,0.004287987518889591,7.974557211448392,6558.785637019441
INTC,-1,2021-06-29,2021-06-30,1,RESIDUAL_REVERTED,52.66482925415039,51.55754852294922,0.0210250511941783,117.85041239594338,6555.137905223971
META,-1,2021-06-29,2021-06-30,1,RESIDUAL_REVERTED,352.8901062011719,348.8291320800781,0.011507758505359456,55.368829552791354,6555.137905223971
RTX,1,2021-06-23,2021-07-01,6,RESIDUAL_REVERTED,78.05027770996094,76.26464080810547,-0.022878033932063557,-170.69902460432166,6605.0493196946
ACN,-1,2021-06-25,2021-07-01,4,RESIDUAL_REVERTED,268.3429870605469,271.2344970703125,-0.010775426037548108,-92.6063525297399,6562.292996472693
KMX,-1,2021-06-28,2021-07-01,3,RESIDUAL_REVERTED,127.55999755859375,129.5,-0.01520854874989408,-121.16222291930218,6558.785637019441
NOC,1,2021-06-30,2021-07-01,1,RESIDUAL_REVERTED,331.710205078125,334.6757507324219,0.008940170090933508,38.75183828496476,6538.4526045592465
LMT,1,2021-06-30,2021-07-01,1,RESIDUAL_REVERTED,325.2618408203125,327.70233154296875,0.0075031571994468305,29.370091362863,6538.452604559247
FOXA,1,2021-06-30,2021-07-01,1,RESIDUAL_REVERTED,34.537715911865234,34.65906524658203,0.0035135309765839118,3.3232383677199913,6538.4526045592465
ATO,1,2021-06-30,2021-07-02,2,RESIDUAL_REVERTED,84.46198272705078,85.1556625366211,0.008212923580210418,34.0039040430334,6538.4526045592465
MS,-1,2021-06-30,2021-07-02,2,RESIDUAL_REVERTED,76.33668518066406,77.8012924194336,-0.019186151917695682,-146.30851820161504,6538.4526045592465
WMT,-1,2021-07-01,2021-07-02,1,RESIDUAL_REVERTED,43.804603576660156,43.47391891479492,0.00754908468208193,29.376766230729785,6554.8860299146445
SYY,-1,2021-07-01,2021-07-02,1,RESIDUAL_REVERTED,67.95370483398438,67.35799407958984,0.00876642054837029,37.369224688965076,6554.8860299146445
MU,1,2021-07-02,2021-07-06,1,RESIDUAL_REVERTED,78.60580444335938,78.78131866455078,0.002232840468134656,-5.054109838419089,6559.4447294714855
WRB,-1,2021-07-02,2021-07-06,1,RESIDUAL_REVERTED,29.826061248779297,29.869388580322266,-0.0014526668869072612,-29.74362502354158,6559.444729471486
JBHT,-1,2021-07-02,2021-07-06,1,RESIDUAL_REVERTED,158.48342895507812,157.9400634765625,0.003428531816216829,2.32701730323152,6559.444729471486
KLAC,1,2021-07-02,2021-07-07,2,RESIDUAL_REVERTED,29.788537979125977,29.82556915283203,0.001243134984738159,-11.536290377587214,6559.444729471486
IBM,1,2021-07-06,2021-07-07,1,RESIDUAL_REVERTED,109.27108001708984,108.31101989746094,-0.00878604036382502,-76.8689360418217,6529.333359292196
APH,-1,2021-07-06,2021-07-07,1,RESIDUAL_REVERTED,16.7014217376709,16.560649871826172,0.008428735472693849,35.01548159897691,6529.333359292196
GOOGL,-1,2021-07-06,2021-07-08,2,RESIDUAL_REVERTED,124.46414184570312,122.85692596435547,0.012913083700364925,63.81025893870413,6529.333359292196
HLT,-1,2021-07-06,2021-07-08,2,RESIDUAL_REVERTED,125.3121566772461,120.50914764404297,0.03832835664598566,230.02526446291566,6529.333359292196
EXR,-1,2021-07-07,2021-07-08,1,RESIDUAL_REVERTED,137.99832153320312,137.9821014404297,0.00011753833375094391,-19.286705986821108,6511.093765984533
TER,1,2021-07-02,2021-07-08,3,TRAILING_STOP,128.31332397460938,117.87312541262668,-0.08136488276189158,-552.5862229078745,6559.444729471486
HAL,1,2021-07-07,2021-07-09,2,RESIDUAL_REVERTED,19.946073532104492,19.918922424316406,-0.0013612256940888079,-28.383054826637085,6511.093765984533
MKTX,1,2021-07-08,2021-07-09,1,RESIDUAL_REVERTED,419.8979797363281,432.1810607910156,0.029252536681411367,169.93486282160885,6483.920833454755
WYNN,1,2021-07-08,2021-07-09,1,RESIDUAL_REVERTED,106.77391815185547,109.23458099365234,0.023045542248410156,129.7495707951101,6483.920833454755
OTIS,-1,2021-07-08,2021-07-09,1,RESIDUAL_REVERTED,76.10851287841797,76.95293426513672,-0.011094966315630117,-92.01420597494517,6483.920833454755
GS,1,2021-07-02,2021-07-12,5,RESIDUAL_REVERTED,331.7525939941406,326.4631042480469,-0.01594407953954735,-124.10576622761982,6559.444729471486
AMZN,-1,2021-07-07,2021-07-12,3,RESIDUAL_REVERTED,185.86900329589844,187.1999969482422,-0.007160923170308475,-67.77825338838997,6511.093765984533
NSC,1,2021-07-09,2021-07-12,1,RESIDUAL_REVERTED,236.97540283203125,234.1691131591797,-0.011842113735494597,-96.16685039551308,6487.0869030354625
CNP,-1,2021-07-09,2021-07-12,1,RESIDUAL_REVERTED,22.237384796142578,22.211101531982422,0.001181940430545425,-12.299083255495242,6487.0869030354625
BALL,-1,2021-07-09,2021-07-12,1,RESIDUAL_REVERTED,79.62471008300781,78.54176330566406,0.01360063699088876,68.38776622039302,6487.086903035462
BA,-1,2021-07-09,2021-07-12,1,RESIDUAL_REVERTED,237.77000427246094,237.99000549316406,-0.0009252690278418463,-25.991353784581246,6487.0869030354625
IFF,1,2021-07-12,2021-07-13,1,RESIDUAL_REVERTED,127.98123931884766,129.33016967773438,0.010540063262913346,49.04036720362558,6517.639174086507
SPGI,1,2021-07-12,2021-07-14,2,RESIDUAL_REVERTED,376.9485168457031,370.2496032714844,-0.01777142839100443,-135.2069337461523,6517.6391740865065
AKAM,1,2021-07-13,2021-07-14,1,RESIDUAL_REVERTED,115.30999755859375,115.63999938964844,0.00286186660343124,-0.9241495513982887,6488.620592828716
PTC,1,2021-07-13,2021-07-14,1,RESIDUAL_REVERTED,142.8800048828125,144.1300048828125,0.008748599924987666,37.21533433476054,6488.620592828716
ALB,-1,2021-07-13,2021-07-14,1,RESIDUAL_REVERTED,174.5856170654297,174.20997619628906,0.002151614064518581,-5.996001887160589,6488.620592828717
TROW,-1,2021-07-13,2021-07-14,1,RESIDUAL_REVERTED,167.29568481445312,163.3513946533203,0.02357675970846118,133.24240643402004,6488.620592828717
CHTR,1,2021-07-12,2021-07-14,2,TRAILING_STOP,727.52001953125,701.76,-0.03540798718892646,-249.9832371737925,6517.639174086507
CINF,-1,2021-07-12,2021-07-15,3,RESIDUAL_REVERTED,103.44523620605469,102.82154846191406,0.006029158683521052,18.235856255563448,6517.639174086507
DIS,-1,2021-07-13,2021-07-15,2,RESIDUAL_REVERTED,178.48687744140625,177.86636352539062,0.003476524016278626,2.098985636800077,6488.620592828716
CAG,1,2021-07-14,2021-07-16,2,RESIDUAL_REVERTED,25.59548568725586,26.760652542114258,0.04552235769601132,276.1027815197393,6503.563838952978
BLK,1,2021-07-15,2021-07-16,1,RESIDUAL_REVERTED,772.6752319335938,778.6548461914062,0.007738845520968374,30.753814584120732,6505.663443619304
ILMN,1,2021-07-15,2021-07-19,2,RESIDUAL_REVERTED,448.3657531738281,451.36187744140625,0.0066823218463265555,23.8907372178561,6505.663443619304
WFC,-1,2021-07-15,2021-07-19,2,RESIDUAL_REVERTED,39.305782318115234,37.6485710144043,0.04216202314200379,254.15257724832173,6505.663443619304
USB,-1,2021-07-16,2021-07-19,1,RESIDUAL_REVERTED,47.395870208740234,44.9114990234375,0.05241746114927526,320.2561605140014,6480.410191892479
HON,-1,2021-07-16,2021-07-19,1,RESIDUAL_REVERTED,206.2722930908203,200.48008728027344,0.028080386966933046,162.29395574626437,6480.410191892479
MPC,1,2021-07-15,2021-07-19,2,TRAILING_STOP,48.35950469970703,44.7518295641025,-0.07460115975146431,-504.11903312079266,6505.663443619304
HIG,-1,2021-07-13,2021-07-20,5,RESIDUAL_REVERTED,56.96589279174805,55.3900146484375,0.027663538059019555,157.7508348466378,6488.620592828716
ENPH,1,2021-07-15,2021-07-20,3,RESIDUAL_REVERTED,171.99000549316406,167.52999877929688,-0.025931778425604235,-187.96735812795,6505.663443619305
KO,-1,2021-07-15,2021-07-21,4,RESIDUAL_REVERTED,48.2197265625,49.15428924560547,-0.019381335186422932,-147.85471550411333,6505.663443619304
LYB,1,2021-07-19,2021-07-21,2,RESIDUAL_REVERTED,65.48334503173828,67.490234375,0.03064732478600507,179.5051358024731,6503.490267571852
KIM,1,2021-07-20,2021-07-21,1,RESIDUAL_REVERTED,15.610529899597168,16.689306259155273,0.06910568484840107,430.77563116677163,6526.7031207627
WELL,1,2021-07-20,2021-07-21,1,RESIDUAL_REVERTED,74.80311584472656,77.59513092041016,0.03732484996319063,223.6626930523632,6526.7031207627
KR,-1,2021-07-20,2021-07-21,1,RESIDUAL_REVERTED,36.61444854736328,36.301971435546875,0.008534256945374907,35.69156816262004,6526.703120762699
MKC,-1,2021-07-20,2021-07-21,1,RESIDUAL_REVERTED,79.13401794433594,78.18780517578125,0.011957092450686213,58.06490253028036,6526.703120762701
DGX,-1,2021-07-20,2021-07-21,1,RESIDUAL_REVERTED,124.37427520751953,124.11113739013672,0.0021156932729358147,-6.265863788472305,6526.7031207627
DD,1,2021-07-19,2021-07-22,3,RESIDUAL_REVERTED,84.35539245605469,85.11597442626953,0.00901640011468241,39.0396424860631,6503.490267571852
HCA,-1,2021-07-21,2021-07-22,1,RESIDUAL_REVERTED,240.23876953125,238.72642517089844,0.006295171937911737,21.39515492407212,6632.5116646372935
PPG,1,2021-07-21,2021-07-23,2,RESIDUAL_REVERTED,142.4354705810547,144.711181640625,0.01597713722773353,85.91206121299581,6632.5116646372935
ELV,1,2021-07-22,2021-07-23,1,RESIDUAL_REVERTED,357.0243225097656,356.7648620605469,-0.0007267304574513078,-24.725610598660765,6636.606917943784
EXR,1,2021-07-22,2021-07-23,1,RESIDUAL_REVERTED,135.54547119140625,136.80833435058594,0.00931689674379732,41.83001175774643,6636.606917943784
NCLH,-1,2021-07-22,2021-07-23,1,RESIDUAL_REVERTED,25.670000076293945,25.75,-0.0031164753980632565,-41.14976643339706,6636.6069179437845
CCL,-1,2021-07-22,2021-07-23,1,RESIDUAL_REVERTED,22.40003776550293,22.350830078125,0.0021967680542803736,-5.8344237781627095,6636.6069179437845
LRCX,-1,2021-07-22,2021-07-26,2,RESIDUAL_REVERTED,59.93756866455078,60.80618667602539,-0.014492046154490401,-117.29558095431426,6636.606917943784
DPZ,-1,2021-07-23,2021-07-26,1,RESIDUAL_REVERTED,502.3291015625,485.4888916015625,0.033524257122583334,201.75870021195217,6615.559827741039
NFLX,1,2021-07-22,2021-07-27,3,RESIDUAL_REVERTED,51.020999908447266,51.80799865722656,0.015424996573793148,82.30626375860672,6636.6069179437845
CMG,-1,2021-07-22,2021-07-27,3,RESIDUAL_REVERTED,34.952999114990234,36.13740158081055,-0.03388557479499266,-246.7707728369933,6636.606917943784
INTC,1,2021-07-26,2021-07-27,1,RESIDUAL_REVERTED,48.32719039916992,48.610870361328125,0.00586998664344196,18.943651756937655,6620.918901709363
VRSN,1,2021-07-26,2021-07-27,1,RESIDUAL_REVERTED,217.15850830078125,219.29962158203125,0.00985967944799282,45.31946110985017,6620.918901709364
WYNN,1,2021-07-26,2021-07-27,1,RESIDUAL_REVERTED,99.04450225830078,97.47161865234375,-0.01588057459115766,-124.84903719100856,6620.918901709364
CCI,1,2021-07-23,2021-07-28,3,RESIDUAL_REVERTED,149.71588134765625,151.01023864746094,0.00864542417379921,37.261849893457516,6615.559827741039
META,-1,2021-07-26,2021-07-28,2,RESIDUAL_REVERTED,366.0738525390625,371.0066223144531,-0.013474794064578077,-110.26461652397307,6620.918901709364
HAS,-1,2021-07-27,2021-07-28,1,RESIDUAL_REVERTED,83.50218963623047,82.34896087646484,0.013810760709264791,71.47034496102582,6646.4065494179495
LW,1,2021-07-28,2021-07-29,1,RESIDUAL_REVERTED,58.75706100463867,60.91750717163086,0.036769132595342535,222.45705682978598,6598.362581677167
PTC,1,2021-07-28,2021-07-29,1,RESIDUAL_REVERTED,144.0,136.55999755859375,-0.051666683620876785,-360.19922640049214,6598.362581677167
IPGP,1,2021-07-28,2021-07-29,1,RESIDUAL_REVERTED,201.41000366210938,210.27000427246094,0.043989873637137356,270.0306567306925,6598.362581677168
PNR,-1,2021-07-28,2021-07-29,1,RESIDUAL_REVERTED,67.75430297851562,67.23017120361328,0.00773577104126566,30.80917753753348,6598.362581677167
AON,-1,2021-07-27,2021-07-30,3,RESIDUAL_REVERTED,241.54042053222656,253.1315155029297,-0.04798822054363616,-341.0188607286912,6646.4065494179495
GRMN,-1,2021-07-29,2021-07-30,1,RESIDUAL_REVERTED,140.8957061767578,140.75250244140625,0.0010163811179022542,-13.65647181389918,6624.046529094098
PTC,1,2021-07-30,2021-08-02,1,RESIDUAL_REVERTED,133.1199951171875,135.67999267578125,0.0192307515962582,105.92021202217146,6537.515740091445
CTSH,-1,2021-07-30,2021-08-02,1,RESIDUAL_REVERTED,67.16374206542969,67.31012725830078,-0.002179527053875141,-34.402382041714276,6537.515740091445
RHI,-1,2021-07-26,2021-08-03,6,RESIDUAL_REVERTED,75.85643768310547,79.89786529541016,-0.053277318784570094,-376.4028960532481,6620.918901709364
DGX,1,2021-07-30,2021-08-03,2,RESIDUAL_REVERTED,128.14898681640625,130.62611389160156,0.019330055872733398,106.56844148778026,6537.515740091445
DXCM,-1,2021-08-02,2021-08-03,1,RESIDUAL_REVERTED,129.29750061035156,128.08999633789062,0.009338960666377072,40.88009503738222,6515.275117861385
LOW,1,2021-07-28,2021-08-04,5,RESIDUAL_REVERTED,175.79396057128906,175.24026489257812,-0.0031496854437521593,-40.546680171275106,6598.362581677167
TEL,-1,2021-07-29,2021-08-04,4,RESIDUAL_REVERTED,132.3699188232422,137.52493286132812,-0.03894399939135407,-280.39248067316623,6624.046529094098
PYPL,1,2021-07-30,2021-08-04,3,RESIDUAL_REVERTED,277.1542053222656,271.0483093261719,-0.022030681399887175,-163.42243474735156,6537.515740091445
HUM,1,2021-07-29,2021-08-05,5,RESIDUAL_REVERTED,420.4369201660156,401.41259765625,-0.04524893413797626,-319.15358814146856,6624.046529094098
FTV,-1,2021-08-02,2021-08-05,3,RESIDUAL_REVERTED,54.0123176574707,54.5207633972168,-0.009413514579590831,-82.53320250858351,6515.275117861385
DXC,-1,2021-08-03,2021-08-05,2,RESIDUAL_REVERTED,44.0,40.88999938964844,0.07068183205344458,440.3898842166731,6511.420908600622
LDOS,1,2021-08-04,2021-08-05,1,RESIDUAL_REVERTED,88.79153442382812,88.79153442382812,0.0,-19.483522276619766,6494.507425539922
IT,-1,2021-08-04,2021-08-05,1,RESIDUAL_REVERTED,295.2799987792969,291.7799987792969,0.011853156375200458,57.106349501337846,6494.507425539922
GPN,1,2021-08-03,2021-08-06,3,RESIDUAL_REVERTED,165.7219696044922,163.36647033691406,-0.014213560659456892,-111.9459130753574,6511.420908600622
ETN,-1,2021-08-04,2021-08-06,2,RESIDUAL_REVERTED,150.2140350341797,150.1494903564453,0.0004296847343171484,-17.71206537547235,6494.507425539922
AMGN,1,2021-08-05,2021-08-06,1,RESIDUAL_REVERTED,194.28994750976562,196.92294311523438,0.013551887986054556,68.6002715442517,6513.780535897655
DVA,-1,2021-08-05,2021-08-06,1,RESIDUAL_REVERTED,134.07000732421875,130.50999450683594,0.026553387207428947,153.17926527881957,6513.780535897655
LUMN,1,2021-08-05,2021-08-09,2,RESIDUAL_REVERTED,10.530716896057129,10.48578929901123,-0.00426633794160014,-47.28964566768444,6513.780535897655
CAH,1,2021-08-06,2021-08-09,1,RESIDUAL_REVERTED,45.25258255004883,45.718910217285156,0.01030499567003873,47.89156489686465,6569.9038453540825
CI,1,2021-08-06,2021-08-09,1,RESIDUAL_REVERTED,187.8878936767578,189.75634765625,0.009944515013333932,45.52679412908162,6569.9038453540825
FRT,-1,2021-08-06,2021-08-09,1,RESIDUAL_REVERTED,98.60267639160156,97.7349624633789,0.008800105230171607,37.67263723106144,6569.9038453540825
BKNG,-1,2021-08-06,2021-08-09,1,RESIDUAL_REVERTED,86.26792907714844,85.29655456542969,0.011259972531044049,53.86263859303188,6569.903845354082
WYNN,-1,2021-08-06,2021-08-10,2,RESIDUAL_REVERTED,95.86011505126953,92.92659759521484,0.03060206483672312,180.62075490347866,6569.9038453540825
EXPE,1,2021-08-09,2021-08-10,1,RESIDUAL_REVERTED,145.03929138183594,147.00205993652344,0.013532667844606605,69.15998900227429,6578.915754975748
APD,1,2021-08-10,2021-08-11,1,RESIDUAL_REVERTED,242.1199493408203,245.19725036621094,0.012709820210059952,63.7323929300517,6576.617588098541
DRI,1,2021-08-10,2021-08-11,1,RESIDUAL_REVERTED,117.4970703125,118.65931701660156,0.009891707946507955,45.22654672235682,6576.617588098541
MAR,1,2021-08-10,2021-08-11,1,RESIDUAL_REVERTED,131.29348754882812,131.7057342529297,0.003139886918978041,0.8890080183914488,6576.617588098541
MRNA,-1,2021-08-10,2021-08-11,1,RESIDUAL_REVERTED,485.5,443.57000732421875,0.08636455751963179,548.6177393657415,6576.617588098541
CTVA,-1,2021-08-09,2021-08-12,3,RESIDUAL_REVERTED,42.40547561645508,43.24679946899414,-0.019839981519098826,-152.0474403517223,6578.915754975748
MNST,-1,2021-08-09,2021-08-12,3,RESIDUAL_REVERTED,24.34000015258789,24.717500686645508,-0.015509471310232614,-123.51262967735761,6578.915754975748
TSN,-1,2021-08-10,2021-08-12,2,RESIDUAL_REVERTED,65.79048156738281,67.94420623779297,-0.03273611347873029,-236.4202076922112,6576.617588098541
SYY,-1,2021-08-11,2021-08-12,1,RESIDUAL_REVERTED,68.94361114501953,68.3216323852539,0.009021557609701136,39.29599772818765,6597.417765569201
ISRG,1,2021-08-11,2021-08-13,2,RESIDUAL_REVERTED,333.1700134277344,333.89666748046875,0.0021810307754241975,-5.424665868448521,6597.417765569202
GEN,-1,2021-08-12,2021-08-13,1,RESIDUAL_REVERTED,23.283119201660156,23.39971160888672,-0.005007593966114721,-53.43847453081995,6601.525230472463
VTR,1,2021-08-09,2021-08-16,5,RESIDUAL_REVERTED,49.065956115722656,48.042327880859375,-0.020862290596132316,-156.78212267427284,6578.915754975748
STZ,1,2021-08-12,2021-08-16,2,RESIDUAL_REVERTED,194.81996154785156,194.0455780029297,-0.00397486755858778,-46.00540388450743,6601.525230472463
COO,-1,2021-08-13,2021-08-16,1,RESIDUAL_REVERTED,109.71560668945312,109.26325225830078,0.004122972517781487,6.874316680984709,6545.988977525973
J,-1,2021-08-13,2021-08-16,1,RESIDUAL_REVERTED,110.88282775878906,109.02157592773438,0.016785753652527657,89.8938495708853,6545.988977525973
PRGO,1,2021-08-12,2021-08-17,3,RESIDUAL_REVERTED,34.540714263916016,32.83868408203125,-0.04927605633398391,-344.61375914467385,6601.525230472463
CRM,-1,2021-08-13,2021-08-17,2,RESIDUAL_REVERTED,246.99484252929688,243.60946655273438,0.013706261806502917,69.18409775761536,6545.988977525973
HPQ,1,2021-08-16,2021-08-17,1,RESIDUAL_REVERTED,23.795841217041016,24.092050552368164,0.012447945530709825,61.80926390279325,6555.039809367711
MRNA,1,2021-08-12,2021-08-18,4,RESIDUAL_REVERTED,400.0,406.5,0.016250000000000098,87.30929712626735,6601.525230472463
EBAY,-1,2021-08-16,2021-08-18,2,RESIDUAL_REVERTED,67.35760498046875,66.68148040771484,0.010037835712091603,45.1869214431228,6555.03980936771
TMUS,1,2021-08-17,2021-08-18,1,RESIDUAL_REVERTED,133.63584899902344,133.34109497070312,-0.002205650882814103,-33.90242457609086,6516.7614753303515
AAP,-1,2021-08-17,2021-08-18,1,RESIDUAL_REVERTED,186.40216064453125,184.05357360839844,0.012599569811916345,62.17036109394913,6516.761475330351
BDX,-1,2021-08-13,2021-08-19,4,RESIDUAL_REVERTED,171.99705505371094,173.93997192382812,-0.011296221726066591,-95.8010300699014,6545.988977525973
CF,1,2021-08-17,2021-08-19,2,RESIDUAL_REVERTED,42.142086029052734,40.21508026123047,-0.04572639727643735,-317.09132656646364,6516.7614753303515
LOW,1,2021-08-18,2021-08-19,1,RESIDUAL_REVERTED,171.78195190429688,180.4051055908203,0.050198251859005394,308.4877673146383,6546.443675079864
HD,1,2021-08-18,2021-08-19,1,RESIDUAL_REVERTED,279.90814208984375,279.4259948730469,-0.0017225194422608725,-30.898792968468392,6546.443675079863
KR,-1,2021-08-18,2021-08-20,2,RESIDUAL_REVERTED,40.58930969238281,41.235286712646484,-0.015914954581868646,-125.04072065590714,6546.443675079862
JKHY,1,2021-08-19,2021-08-20,1,RESIDUAL_REVERTED,162.00900268554688,164.56068420410156,0.015750245210183866,83.89258605671614,6591.898484892837
IQV,-1,2021-08-17,2021-08-23,4,RESIDUAL_REVERTED,254.6199951171875,256.8800048828125,-0.008876010560697978,-79.55869946730988,6516.7614753303515
TJX,-1,2021-08-19,2021-08-23,2,RESIDUAL_REVERTED,66.35347747802734,69.13487243652344,-0.041917847627762184,-297.5911542643223,6591.898484892837
ROST,-1,2021-08-19,2021-08-23,2,RESIDUAL_REVERTED,116.21112823486328,116.90059661865234,-0.005932894674214317,-60.00512372697317,6591.898484892837
ILMN,1,2021-08-20,2021-08-23,1,RESIDUAL_REVERTED,473.2587585449219,475.7781982421875,0.005323598669387364,15.116659013236275,6528.144919555807
CF,1,2021-08-20,2021-08-23,1,RESIDUAL_REVERTED,39.197532653808594,40.47621536254883,0.03262151013517922,193.05407398005508,6528.144919555807
SNPS,-1,2021-08-20,2021-08-23,1,RESIDUAL_REVERTED,315.3399963378906,316.42999267578125,-0.0034565749684434266,-42.703941600405976,6528.144919555807
DE,1,2021-08-20,2021-08-24,2,RESIDUAL_REVERTED,339.9067687988281,341.7794189453125,0.00550930525185489,16.327160016875272,6528.144919555806
TGT,-1,2021-08-23,2021-08-24,1,RESIDUAL_REVERTED,217.58554077148438,216.93515014648438,0.002989126128022712,-0.5564984006466998,6530.502006996747
STE,1,2021-08-19,2021-08-25,4,RESIDUAL_REVERTED,205.2681427001953,203.63861083984375,-0.007938552173347158,-72.02733030334254,6591.898484892837
XOM,-1,2021-08-24,2021-08-26,2,RESIDUAL_REVERTED,46.4008674621582,46.325340270996094,0.0016277107582892691,-10.00151178838926,6541.543361495436
BBY,-1,2021-08-25,2021-08-26,1,RESIDUAL_REVERTED,96.3281021118164,95.84818267822266,0.004982133178920822,12.3686650475266,6473.714658849812
IRM,1,2021-08-23,2021-08-27,4,RESIDUAL_REVERTED,37.48221969604492,37.56387710571289,0.002178563871887862,-5.385730956862272,6530.502006996747
PPL,1,2021-08-24,2021-08-27,3,RESIDUAL_REVERTED,24.268888473510742,24.119592666625977,-0.006151736493730242,-59.806118330183345,6541.543361495436
XEL,1,2021-08-24,2021-08-27,3,RESIDUAL_REVERTED,58.356346130371094,58.47475051879883,0.0020289890693843127,-6.371819187074188,6541.543361495436
APA,-1,2021-08-24,2021-08-27,3,RESIDUAL_REVERTED,15.153043746948242,15.393706321716309,-0.01588212762974006,-125.25604952576799,6541.543361495436
STX,1,2021-08-25,2021-08-30,3,RESIDUAL_REVERTED,73.94116973876953,74.32852172851562,0.005238651094033209,14.441518104922325,6473.714658849812
CPB,1,2021-08-26,2021-08-30,2,RESIDUAL_REVERTED,33.49542236328125,33.84843826293945,0.010539228191527084,48.59698813615351,6459.428337071694
NTAP,-1,2021-08-27,2021-08-30,1,RESIDUAL_REVERTED,76.67048645019531,77.71465301513672,-0.01361888535322775,-107.92652245113584,6455.0354888605325
ADI,-1,2021-08-27,2021-08-30,1,RESIDUAL_REVERTED,153.89382934570312,153.5902557373047,0.0019726171587848285,-7.1224860992703265,6455.0354888605325
LVS,-1,2021-08-24,2021-08-31,5,RESIDUAL_REVERTED,38.37049102783203,40.960426330566406,-0.06749810162334824,-464.57538906121806,6541.543361495436
BKR,-1,2021-08-24,2021-08-31,5,RESIDUAL_REVERTED,19.382410049438477,20.247215270996094,-0.04461804385273904,-314.6251564178006,6541.543361495436
AZO,1,2021-08-30,2021-08-31,1,RESIDUAL_REVERTED,1555.75,1551.02001953125,-0.0030403216896994767,-38.845184320063055,6435.838494397455
ZION,-1,2021-08-30,2021-08-31,1,RESIDUAL_REVERTED,48.66250991821289,48.31755828857422,0.007088652644888893,25.87721119006592,6435.838494397454
ETR,1,2021-08-30,2021-09-01,2,RESIDUAL_REVERTED,46.17512893676758,46.60749435424805,0.009363599570507919,40.86470515696355,6435.838494397456
AAP,1,2021-08-30,2021-09-01,2,RESIDUAL_REVERTED,180.79225158691406,180.61500549316406,-0.0009803854545435975,-25.607653527219952,6435.838494397456
COF,1,2021-08-31,2021-09-01,1,RESIDUAL_REVERTED,151.12127685546875,151.97291564941406,0.005635465843501386,16.90079013613117,6433.46356554316
SYF,1,2021-08-31,2021-09-01,1,RESIDUAL_REVERTED,44.02320098876953,44.103729248046875,0.0018292231702525807,-7.549802438490721,6433.463565543159
AAPL,-1,2021-08-31,2021-09-01,1,RESIDUAL_REVERTED,148.90016174316406,149.06597900390625,-0.0011136137046525718,-26.98334678914575,6433.463565543159
XYL,-1,2021-08-31,2021-09-01,1,RESIDUAL_REVERTED,128.10064697265625,128.07240295410156,0.00022048302816701781,-18.390460739933868,6433.463565543159
WFC,1,2021-09-01,2021-09-03,2,RESIDUAL_REVERTED,40.45957946777344,39.38833236694336,-0.026476970717981385,-189.7915591757275,6447.325251187469
WU,-1,2021-09-01,2021-09-03,2,RESIDUAL_REVERTED,13.96701717376709,13.999226570129395,-0.00230610415678445,-35.25445038024871,6447.325251187469
ANET,1,2021-09-02,2021-09-03,1,RESIDUAL_REVERTED,22.6143741607666,22.64812469482422,0.0014924372356130977,-9.666949495745438,6402.795338613065
EMR,1,2021-09-02,2021-09-03,1,RESIDUAL_REVERTED,94.73072814941406,95.84488677978516,0.011761322351642622,55.98399590329092,6402.795338613065
MPC,1,2021-09-02,2021-09-03,1,RESIDUAL_REVERTED,51.743263244628906,51.63591003417969,-0.0020747282586658367,-32.47252034867863,6402.795338613065
PVH,-1,2021-09-02,2021-09-03,1,RESIDUAL_REVERTED,120.25296783447266,118.1921157836914,0.017137639826220297,90.18367381985239,6402.795338613065
BF-B,-1,2021-09-02,2021-09-03,1,RESIDUAL_REVERTED,64.4619140625,62.822959899902344,0.02542515509248744,143.3300300828302,6402.795338613065
CMCSA,-1,2021-09-01,2021-09-08,4,RESIDUAL_REVERTED,48.580894470214844,47.904052734375,0.013932261709483695,68.56451928387085,6447.32525118747
DD,1,2021-09-07,2021-09-08,1,RESIDUAL_REVERTED,81.58599853515625,81.19849395751953,-0.004749645583730144,-49.64381378645847,6411.840929695052
NOW,-1,2021-09-07,2021-09-08,1,RESIDUAL_REVERTED,135.7259979248047,132.06199645996094,0.026995575798777205,153.61972827707706,6411.840929695052
CPB,-1,2021-09-01,2021-09-09,5,RESIDUAL_REVERTED,35.03062438964844,35.342594146728516,-0.00890562936047079,-79.41604577991657,6447.325251187469
ABBV,1,2021-09-02,2021-09-09,4,RESIDUAL_REVERTED,94.5122299194336,91.0913314819336,-0.03619529917362152,-250.6118522051654,6402.795338613065
TDY,1,2021-09-07,2021-09-09,2,RESIDUAL_REVERTED,445.04998779296875,445.8900146484375,0.0018874887731925583,-7.151398435444131,6411.840929695052
AVGO,-1,2021-09-07,2021-09-09,2,RESIDUAL_REVERTED,45.21830749511719,44.786659240722656,0.009545873746847788,41.049484473437516,6411.840929695053
MMM,1,2021-09-08,2021-09-09,1,RESIDUAL_REVERTED,130.2836456298828,131.61712646484375,0.010235212781419811,46.39707849242371,6426.312800391189
SWK,1,2021-09-08,2021-09-09,1,RESIDUAL_REVERTED,152.46800231933594,156.5357208251953,0.02667916181744001,151.91252773131205,6426.312800391189
EG,-1,2021-09-09,2021-09-10,1,RESIDUAL_REVERTED,239.38308715820312,237.94776916503906,0.005995903930403834,18.888273690195735,6454.074551630825
GIS,-1,2021-09-09,2021-09-10,1,RESIDUAL_REVERTED,48.54795455932617,47.955596923828125,0.012201495220033998,58.99789300150512,6454.074551630825
EMR,1,2021-09-10,2021-09-13,1,RESIDUAL_REVERTED,91.51507568359375,91.32484436035156,-0.002078688367148307,-32.66404233833346,6435.541266304395
ODFL,1,2021-09-10,2021-09-13,1,RESIDUAL_REVERTED,142.24691772460938,143.3871612548828,0.008015945431457006,32.202943392254326,6435.541266304395
TSCO,-1,2021-09-07,2021-09-14,5,RESIDUAL_REVERTED,36.22727966308594,37.00215148925781,-0.02138918056719108,-159.16163122156837,6411.840929695051
PHM,1,2021-09-09,2021-09-14,3,RESIDUAL_REVERTED,46.98814010620117,46.255592346191406,-0.015590056519668272,-119.83068161640631,6454.074551630826
O,1,2021-09-10,2021-09-14,2,RESIDUAL_REVERTED,52.24726104736328,51.394046783447266,-0.016330315634011106,-124.24340232313575,6435.541266304395
UPS,-1,2021-09-13,2021-09-14,1,RESIDUAL_REVERTED,153.70944213867188,154.12783813476562,-0.002721992808459195,-36.98671404437388,6371.1862497770535
DLR,1,2021-09-10,2021-09-15,3,RESIDUAL_REVERTED,132.44232177734375,130.0513153076172,-0.018053190533356966,-135.31440338578915,6435.541266304395
WAT,1,2021-09-14,2021-09-15,1,RESIDUAL_REVERTED,405.8299865722656,409.3699951171875,0.008722885597542085,36.36036715745268,6368.061766691411
XYL,1,2021-09-14,2021-09-15,1,RESIDUAL_REVERTED,125.21510314941406,124.1717758178711,-0.008332280254547353,-72.0850699054373,6368.061766691411
TDG,-1,2021-09-10,2021-09-16,4,RESIDUAL_REVERTED,498.93408203125,508.75811767578125,-0.019690047239378394,-148.28737027127835,6435.541266304395
ADI,-1,2021-09-10,2021-09-16,4,RESIDUAL_REVERTED,156.009521484375,158.61276245117188,-0.016686423636377956,-128.93273721512963,6435.541266304395
EXPD,-1,2021-09-13,2021-09-16,3,RESIDUAL_REVERTED,119.57687377929688,121.28538513183594,-0.014287974744116916,-111.81389023644527,6371.1862497770535
CMCSA,1,2021-09-15,2021-09-16,1,RESIDUAL_REVERTED,44.19340515136719,45.58687973022461,0.031531278797925166,181.09124805974176,6357.652129691255
EMN,1,2021-09-15,2021-09-16,1,RESIDUAL_REVERTED,86.06018829345703,87.63512420654297,0.018300400502443193,97.10010246914432,6357.652129691255
ZBH,-1,2021-09-15,2021-09-16,1,RESIDUAL_REVERTED,137.3519287109375,136.403564453125,0.006904630074823115,24.391424692988842,6357.652129691255
AME,-1,2021-09-15,2021-09-16,1,RESIDUAL_REVERTED,127.11673736572266,127.48457336425781,-0.0028936865920092814,-38.00264136287359,6357.652129691255
SBUX,1,2021-09-16,2021-09-17,1,RESIDUAL_REVERTED,101.96177673339844,101.73970794677734,-0.0021779611314712843,-33.02083808356694,6381.21536704929
CNP,1,2021-09-16,2021-09-20,2,RESIDUAL_REVERTED,22.070999145507812,21.47162628173828,-0.027156580443777667,-192.17569656282566,6381.21536704929
LHX,1,2021-09-17,2021-09-20,1,RESIDUAL_REVERTED,200.03219604492188,199.24473571777344,-0.003936667910057867,-44.09196310685822,6361.776285080813
CPRT,-1,2021-09-17,2021-09-20,1,RESIDUAL_REVERTED,37.834999084472656,35.40250015258789,0.06429229524900537,390.06114192474337,6361.776285080813
HCA,-1,2021-09-17,2021-09-20,1,RESIDUAL_REVERTED,250.64654541015625,243.98170471191406,0.026590594685180657,149.83200857381286,6361.776285080813
AIZ,1,2021-09-16,2021-09-20,2,STOP_LOSS,151.02471923828125,144.94032524745438,-0.04028740474747805,-275.8406284648794,6381.21536704929
BLK,1,2021-09-17,2021-09-20,1,TRAILING_STOP,777.720703125,752.967501749085,-0.03182788021001992,-221.26345959945328,6361.776285080813
NWSA,-1,2021-09-17,2021-09-21,2,RESIDUAL_REVERTED,21.476781845092773,21.132234573364258,0.016042779323906964,82.13360438652867,6361.776285080813
IFF,1,2021-09-20,2021-09-21,1,RESIDUAL_REVERTED,116.92015075683594,117.5815658569336,0.00565698124588665,16.888769772581938,6376.740313601325
DG,-1,2021-09-17,2021-09-22,3,RESIDUAL_REVERTED,203.64218139648438,202.32723999023438,0.006457117072861562,20.542435131852347,6361.776285080813
WY,-1,2021-09-17,2021-09-22,3,RESIDUAL_REVERTED,28.899255752563477,28.98810386657715,-0.003074408378346938,-40.18567509155521,6361.776285080813
GWW,-1,2021-09-21,2021-09-22,1,RESIDUAL_REVERTED,385.1153564453125,384.21124267578125,0.0023476440354817107,-4.636693869866502,6373.192425244958
AMP,1,2021-09-21,2021-09-23,2,RESIDUAL_REVERTED,240.50259399414062,243.533447265625,0.012602164580221675,61.07596853885719,6373.192425244958
IVZ,1,2021-09-21,2021-09-23,2,RESIDUAL_REVERTED,19.59103775024414,19.80961799621582,0.011157155060300683,51.880458797681015,6373.192425244959
PRU,1,2021-09-21,2021-09-23,2,RESIDUAL_REVERTED,77.8421401977539,79.36262512207031,0.01953292805739526,105.18080119880423,6373.192425244959
VZ,-1,2021-09-21,2021-09-23,2,RESIDUAL_REVERTED,39.57659912109375,39.51100158691406,0.001657482846845304,-9.547327752758381,6373.192425244958
DIS,1,2021-09-22,2021-09-23,1,RESIDUAL_REVERTED,167.67625427246094,169.61538696289062,0.01156474241891603,54.186849441670084,6339.574514372615
PFG,1,2021-09-21,2021-09-24,3,RESIDUAL_REVERTED,52.461883544921875,53.911712646484375,0.027635856808706505,156.74486305275053,6373.192425244958
AZO,-1,2021-09-22,2021-09-24,2,RESIDUAL_REVERTED,1655.0,1660.0,-0.0030211480362538623,-39.22523948617475,6339.574514372615
REGN,-1,2021-09-23,2021-09-24,1,RESIDUAL_REVERTED,640.9515380859375,638.2867431640625,0.0041575606945774,6.8983722293942575,6360.924594760898
GIS,-1,2021-09-23,2021-09-24,1,RESIDUAL_REVERTED,49.51052474975586,49.62569808959961,-0.0023262395304004535,-34.407677708427585,6360.924594760898
MGM,-1,2021-09-23,2021-09-27,2,RESIDUAL_REVERTED,43.08249282836914,44.65185546875,-0.03642692280209614,-252.18487622846007,6360.924594760898
CRM,-1,2021-09-24,2021-09-28,2,RESIDUAL_REVERTED,273.28302001953125,269.95648193359375,0.01217250192016961,57.49523248404462,6367.373424076664
COST,-1,2021-09-27,2021-09-28,1,RESIDUAL_REVERTED,441.1889953613281,433.2191162109375,0.01806454656436618,95.11562437365909,6335.496384970529
CME,-1,2021-09-27,2021-09-28,1,RESIDUAL_REVERTED,160.85321044921875,162.28793334960938,-0.008919454553526496,-76.10319146321163,6335.496384970528
TRMB,1,2021-09-24,2021-09-28,2,TRAILING_STOP,88.75,85.68000030517578,-0.03459154585717428,-239.02902412624775,6367.3734240766635
DLR,1,2021-09-24,2021-09-28,2,TRAILING_STOP,130.22007751464844,122.44636459792659,-0.05969673083513094,-398.6433306299645,6367.373424076664
AON,1,2021-09-24,2021-09-28,2,TRAILING_STOP,287.4657287597656,278.476904296875,-0.031269203816648994,-217.90616360033613,6367.373424076664
ETR,1,2021-09-24,2021-09-29,3,RESIDUAL_REVERTED,42.94706726074219,41.74651336669922,-0.02795426953729141,-196.83040030404308,6367.373424076664
NKE,1,2021-09-27,2021-09-30,3,RESIDUAL_REVERTED,136.41937255859375,133.10720825195312,-0.024279281193864244,-172.59705544097133,6335.496384970529
DOW,-1,2021-09-28,2021-09-30,2,RESIDUAL_REVERTED,45.75394058227539,44.81832504272461,0.02044885156652998,109.10472649295794,6298.090953450489
TROW,1,2021-09-29,2021-09-30,1,RESIDUAL_REVERTED,162.2632293701172,161.65704345703125,-0.003735818123668966,-42.201289843103375,6270.422806315589
EXR,-1,2021-09-29,2021-09-30,1,RESIDUAL_REVERTED,140.20111083984375,140.93458557128906,-0.005231590014170395,-52.16235093773331,6270.422806315589
CE,-1,2021-09-27,2021-10-01,4,RESIDUAL_REVERTED,143.69606018066406,140.5968475341797,0.021567833123523616,115.85072067456163,6335.496384970529
KMB,-1,2021-09-29,2021-10-01,2,RESIDUAL_REVERTED,109.83462524414062,109.07775115966797,0.006891033522354872,23.46346182021065,6270.422806315589
XYL,1,2021-09-29,2021-10-01,2,TRAILING_STOP,121.61521911621094,115.07342529296875,-0.05379091425219651,-355.5971062552364,6270.422806315589
IFF,-1,2021-09-29,2021-10-01,2,TRAILING_STOP,116.44772338867188,123.12772030444712,-0.057364770399840115,-380.05415011709096,6270.422806315589
MS,1,2021-09-30,2021-10-04,2,RESIDUAL_REVERTED,85.47614288330078,84.4698486328125,-0.011772808371362298,-92.04350090559086,6238.05967089552
KEYS,1,2021-09-29,2021-10-04,3,TRAILING_STOP,168.57000732421875,160.67992929179684,-0.04680594227682833,-311.86407677077653,6270.422806315589
IBM,-1,2021-10-01,2021-10-04,1,TRAILING_STOP,111.32656860351562,115.2623211669922,-0.035353219028007254,-239.13668087460363,6213.453352710592
MO,1,2021-10-01,2021-10-05,2,RESIDUAL_REVERTED,30.96663475036621,31.695335388183594,0.02353179942514627,127.35405736830643,6213.453352710592
CF,-1,2021-10-04,2021-10-05,1,RESIDUAL_REVERTED,55.27096939086914,54.94680404663086,0.00586502006045575,17.20310640981067,6154.340951442714
LYV,-1,2021-10-04,2021-10-05,1,RESIDUAL_REVERTED,98.33999633789062,98.5999984741211,-0.0026439103712909695,-35.24555806186767,6154.340951442714
PAYX,-1,2021-10-01,2021-10-05,2,TRAILING_STOP,97.04985046386719,100.34178316089645,-0.03392001823078439,-230.7183553196873,6213.453352710592
KMX,1,2021-10-01,2021-10-06,3,RESIDUAL_REVERTED,129.0,125.19000244140625,-0.02953486479530043,-201.8785944853187,6213.453352710592
BMY,1,2021-10-04,2021-10-06,2,RESIDUAL_REVERTED,48.794532775878906,48.556297302246094,-0.004882421453384245,-48.46603701765419,6154.340951442714
MRK,-1,2021-10-04,2021-10-06,2,RESIDUAL_REVERTED,72.23292541503906,69.94160461425781,0.031721279286636705,176.0976240510948,6154.340951442714
WMB,-1,2021-10-05,2021-10-06,1,RESIDUAL_REVERTED,22.25168228149414,21.713851928710938,0.024170323213292266,129.24587525877828,6117.142158411412
MA,1,2021-10-05,2021-10-07,2,RESIDUAL_REVERTED,337.4306640625,339.2568054199219,0.005411901027120747,14.704283403020804,6117.142158411412
IPGP,1,2021-10-05,2021-10-07,2,RESIDUAL_REVERTED,153.30999755859375,156.63999938964844,0.021720708917120524,114.31793475592573,6117.142158411413
VTR,1,2021-10-06,2021-10-07,1,RESIDUAL_REVERTED,45.827720642089844,46.50992965698242,0.014886383292343153,72.70098855175733,6127.837102179016
CE,-1,2021-10-06,2021-10-07,1,RESIDUAL_REVERTED,146.06224060058594,149.15220642089844,-0.02115513090588661,-148.70391457328407,6127.837102179015
NDAQ,-1,2021-10-06,2021-10-07,1,RESIDUAL_REVERTED,60.3632926940918,60.98875045776367,-0.010361558088647582,-82.46065815180927,6127.837102179015
CDW,1,2021-10-07,2021-10-08,1,RESIDUAL_REVERTED,165.528076171875,166.2283935546875,0.004230807238316148,7.501309396846537,6126.2132714961235
CBRE,1,2021-10-07,2021-10-08,1,RESIDUAL_REVERTED,98.05000305175781,98.55000305175781,0.005099438902985698,12.81475009473925,6126.2132714961235
CSX,-1,2021-10-07,2021-10-08,1,RESIDUAL_REVERTED,30.651315689086914,30.08128547668457,0.018597251034326634,95.2459654654724,6126.2132714961235
AOS,-1,2021-10-06,2021-10-11,3,RESIDUAL_REVERTED,57.36125946044922,58.50794982910156,-0.019990676275910335,-142.55326925523633,6127.837102179015
ICE,-1,2021-10-07,2021-10-12,3,RESIDUAL_REVERTED,115.81849670410156,119.77899932861328,-0.0341957695637356,-229.68519339634838,6126.2132714961235
PNW,1,2021-10-08,2021-10-12,2,RESIDUAL_REVERTED,54.53248977661133,54.23521041870117,-0.005451417295046279,-51.59392865456637,6110.678794068106
RHI,-1,2021-10-08,2021-10-12,2,RESIDUAL_REVERTED,87.66166687011719,88.63687133789062,-0.011124639795160762,-87.39751725639582,6110.678794068105
AVY,1,2021-10-11,2021-10-12,1,RESIDUAL_REVERTED,189.19178771972656,188.40658569335938,-0.00415029656324406,-43.23944575429826,6052.493744489336
LW,1,2021-10-08,2021-10-13,3,RESIDUAL_REVERTED,52.19208526611328,50.62260055541992,-0.03007131642069827,-201.81255771053506,6110.678794068106
SRE,1,2021-10-08,2021-10-13,3,RESIDUAL_REVERTED,53.77341842651367,52.57638168334961,-0.022260752211614054,-154.15630040199977,6110.678794068106
CB,-1,2021-10-11,2021-10-13,2,RESIDUAL_REVERTED,171.39541625976562,169.4576416015625,0.011305872120093596,49.417865077127175,6052.493744489337
IP,-1,2021-10-12,2021-10-13,1,RESIDUAL_REVERTED,44.312583923339844,44.2646598815918,0.001081499599097091,-12.062070689355513,6041.303156784088
CHTR,1,2021-10-11,2021-10-14,3,RESIDUAL_REVERTED,700.0,702.8099975585938,0.004014282226562527,6.102492204318919,6052.493744489336
MGM,-1,2021-10-13,2021-10-14,1,RESIDUAL_REVERTED,48.510292053222656,48.6302375793457,-0.00247257893214603,-33.50398037871719,6031.285468281635
FAST,-1,2021-10-13,2021-10-14,1,RESIDUAL_REVERTED,24.029380798339844,24.073707580566406,-0.001844690988859199,-29.71013180845408,6031.285468281635
LKQ,-1,2021-10-08,2021-10-15,5,RESIDUAL_REVERTED,45.16291427612305,47.71635437011719,-0.056538426160512634,-366.8174896296363,6110.678794068106
TXN,1,2021-10-13,2021-10-15,2,RESIDUAL_REVERTED,164.17738342285156,167.38873291015625,0.01956024283219082,99.70259183248325,6031.285468281636
TEL,1,2021-10-13,2021-10-15,2,RESIDUAL_REVERTED,131.3341522216797,136.94134521484375,0.0426940966862881,239.02017809318704,6031.285468281635
JPM,1,2021-10-14,2021-10-18,2,RESIDUAL_REVERTED,143.58932495117188,147.7882080078125,0.029242306543807883,157.90612011790944,6027.309318025579
ATO,-1,2021-10-14,2021-10-18,2,RESIDUAL_REVERTED,81.73094940185547,81.62492370605469,0.0012972527124268662,-11.218109157667845,6027.309318025579
BLK,-1,2021-10-14,2021-10-19,3,RESIDUAL_REVERTED,781.2550048828125,796.5966796875,-0.019637217949072472,-138.08128895401833,6027.309318025579
USB,1,2021-10-15,2021-10-19,2,RESIDUAL_REVERTED,48.80458450317383,49.31500244140625,0.010458401468395495,44.87332277261477,6029.161348852013
DPZ,1,2021-10-18,2021-10-19,1,RESIDUAL_REVERTED,425.2859802246094,427.3473205566406,0.004846951058538496,11.085916524156435,6026.000563152976
JBHT,-1,2021-10-18,2021-10-19,1,RESIDUAL_REVERTED,182.60421752929688,181.47731018066406,0.006171310629514926,18.693250708489835,6026.000563152976
ETN,-1,2021-10-15,2021-10-20,3,RESIDUAL_REVERTED,148.8560333251953,149.6703643798828,-0.00547059488619106,-52.560391424381955,6029.161348852013
MDT,1,2021-10-19,2021-10-20,1,RESIDUAL_REVERTED,103.72296905517578,104.82232666015625,0.01059897932921361,45.80469210948443,6040.38028260679
IP,1,2021-10-18,2021-10-21,3,RESIDUAL_REVERTED,42.30816650390625,42.707454681396484,0.009437614779486347,38.70776367858257,6026.000563152976
CDW,-1,2021-10-19,2021-10-21,2,RESIDUAL_REVERTED,174.36102294921875,175.7989044189453,-0.008246576243965631,-68.97362720437162,6040.38028260679
MNST,1,2021-10-14,2021-10-22,6,RESIDUAL_REVERTED,21.489999771118164,21.420000076293945,-0.0032573148240929717,-37.685322679088934,6027.309318025579
ULTA,1,2021-10-20,2021-10-22,2,RESIDUAL_REVERTED,366.25,371.8800048828125,0.015372026983788478,74.26083291636222,6013.524955585574
AKAM,-1,2021-10-15,2021-10-25,6,RESIDUAL_REVERTED,105.54000091552734,107.93000030517578,-0.0226454365066886,-157.75265929205946,6029.161348852013
D,-1,2021-10-20,2021-10-25,3,RESIDUAL_REVERTED,60.2537841796875,61.483428955078125,-0.02040776014538115,-142.40932049974148,6013.524955585574
NDAQ,1,2021-10-21,2021-10-25,2,RESIDUAL_REVERTED,61.900447845458984,62.68149185180664,0.012617744031474754,57.61892121923811,6002.710409579295
ELV,-1,2021-10-21,2021-10-25,2,RESIDUAL_REVERTED,390.38720703125,402.8052062988281,-0.03180944212289227,-210.21716570538294,6002.710409579295
WU,1,2021-10-20,2021-10-26,4,RESIDUAL_REVERTED,12.873669624328613,12.769429206848145,-0.008097179788075004,-66.66012870312068,6013.524955585574
CCI,-1,2021-10-20,2021-10-26,4,RESIDUAL_REVERTED,135.0292205810547,139.0020751953125,-0.029422184303233845,-197.1948965599665,6013.524955585574
HON,1,2021-10-25,2021-10-26,1,RESIDUAL_REVERTED,193.37701416015625,194.6167755126953,0.006411110223846439,20.32737562721003,5976.014735159661
IBM,1,2021-10-22,2021-10-27,3,RESIDUAL_REVERTED,101.1019058227539,100.6202621459961,-0.004763942606603289,-46.39862238611128,5981.673134454709
POOL,-1,2021-10-22,2021-10-27,3,RESIDUAL_REVERTED,465.9735412597656,467.8605041503906,-0.004049506513875478,-43.63920066881767,5981.673134454709
BALL,1,2021-10-26,2021-10-27,1,RESIDUAL_REVERTED,82.23320770263672,83.63651275634766,0.017064943626976303,83.76245477145073,5966.264632937413
TSLA,-1,2021-10-26,2021-10-27,1,RESIDUAL_REVERTED,341.5633239746094,346.5533447265625,-0.01460935762624227,-105.66345284696398,5966.264632937413
DE,-1,2021-10-26,2021-10-27,1,RESIDUAL_REVERTED,331.864501953125,321.8905334472656,0.03005433978976202,161.2251675451217,5966.264632937412
INTC,1,2021-10-25,2021-10-28,3,RESIDUAL_REVERTED,45.8964729309082,44.33988571166992,-0.03391518170865859,-220.3016534035852,5976.0147351596615
NUE,-1,2021-10-26,2021-10-28,2,RESIDUAL_REVERTED,102.29090118408203,101.61051177978516,0.006651514420353499,20.897841417916432,5966.264632937413
LMT,1,2021-10-27,2021-10-28,1,RESIDUAL_REVERTED,291.3100280761719,288.6856994628906,-0.009008713605269447,-71.665506010381,5974.515040586429
UPS,-1,2021-10-27,2021-10-28,1,RESIDUAL_REVERTED,171.4005126953125,168.37698364257812,0.017640140074196342,87.1623790535188,5974.515040586427
FFIV,-1,2021-10-28,2021-10-29,1,RESIDUAL_REVERTED,216.24000549316406,212.41000366210938,0.017711809719574645,87.38265488096887,5960.611831787511
MSFT,-1,2021-10-28,2021-10-29,1,RESIDUAL_REVERTED,311.26837158203125,311.0763854980469,0.000616786353873966,-14.672990471523528,5960.611831787511
GLW,1,2021-10-27,2021-11-01,3,RESIDUAL_REVERTED,32.190006256103516,31.39586067199707,-0.024670563211085628,-165.09710410968233,5974.515040586428
ROL,1,2021-10-28,2021-11-01,2,RESIDUAL_REVERTED,32.51494598388672,32.93552017211914,0.012934795845604086,59.10181271796302,5960.611831787511
FISV,1,2021-10-28,2021-11-01,2,RESIDUAL_REVERTED,98.70999908447266,98.73999786376953,0.0003039082116818026,-16.073073831358055,5960.611831787511
DXCM,-1,2021-11-01,2021-11-02,1,RESIDUAL_REVERTED,156.8175048828125,157.66250610351562,-0.005388436841502919,-49.94229653379913,5892.281340692847
AOS,-1,2021-10-29,2021-11-02,2,TRAILING_STOP,64.68706512451172,71.16825007592571,-0.1001929047010992,-614.2893328401364,5934.651691337258
ENPH,-1,2021-10-28,2021-11-03,4,RESIDUAL_REVERTED,216.22000122070312,234.4499969482422,-0.08431225429941192,-523.2300846244567,5960.611831787511
MO,1,2021-10-29,2021-11-03,3,RESIDUAL_REVERTED,30.163005828857422,30.04041862487793,-0.004064157421015735,-41.88713474843502,5934.651691337258
TER,-1,2021-10-29,2021-11-03,3,RESIDUAL_REVERTED,132.65597534179688,137.56149291992188,-0.03697924323036039,-239.045388057632,5934.651691337258
CBRE,1,2021-11-02,2021-11-03,1,RESIDUAL_REVERTED,101.47000122070312,102.0999984741211,0.006208704502207452,18.682781900748445,5839.4798571129095
MRSH,1,2021-11-02,2021-11-03,1,RESIDUAL_REVERTED,151.54701232910156,152.2245330810547,0.004470696858621004,8.548944865457289,5839.4798571129095
GWW,-1,2021-11-01,2021-11-04,3,RESIDUAL_REVERTED,442.5191345214844,452.501953125,-0.022559066545925655,-152.22191538012194,5892.281340692847
AON,1,2021-11-02,2021-11-04,2,TRAILING_STOP,297.4502258300781,281.09590691905277,-0.05498169942680742,-338.1013690945483,5839.4798571129095
NOC,1,2021-10-29,2021-11-05,5,RESIDUAL_REVERTED,324.5613098144531,332.8597106933594,0.02556805333220491,133.70592964173164,5934.651691337258
UA,-1,2021-11-03,2021-11-05,2,RESIDUAL_REVERTED,22.100000381469727,22.399999618530273,-0.013574625877024404,-97.2970162044967,5806.977666420521
BR,1,2021-11-04,2021-11-05,1,RESIDUAL_REVERTED,155.57861328125,157.20469665527344,0.010451843860337373,42.72545215494882,5745.629079786211
FMC,-1,2021-11-04,2021-11-05,1,RESIDUAL_REVERTED,91.39287567138672,89.85921478271484,0.016780967634570598,78.8788696396044,5745.629079786211
CVS,-1,2021-11-04,2021-11-05,1,RESIDUAL_REVERTED,82.03956604003906,80.67620849609375,0.016618292974391546,77.94135945007777,5745.629079786211
QRVO,1,2021-11-05,2021-11-08,1,RESIDUAL_REVERTED,154.00999450683594,156.75,0.017791088831202062,84.77625325215553,5741.936051017101
ANET,-1,2021-11-03,2021-11-09,4,RESIDUAL_REVERTED,30.689374923706055,32.96562576293945,-0.07417064847010302,-450.74026280563334,5806.977666420521
PAYC,1,2021-11-04,2021-11-09,3,RESIDUAL_REVERTED,505.28887939453125,499.50787353515625,-0.011440991668572154,-82.87397813024985,5745.629079786211
MRK,1,2021-11-08,2021-11-09,1,RESIDUAL_REVERTED,69.00617218017578,71.76093292236328,0.039920497763515916,210.01234335532365,5697.472271264578
BIO,1,2021-11-08,2021-11-09,1,RESIDUAL_REVERTED,730.8699951171875,731.0900268554688,0.0003010545510846452,-15.379739731786312,5697.472271264578
PFE,-1,2021-11-08,2021-11-09,1,RESIDUAL_REVERTED,37.63669204711914,37.419898986816406,0.005760151822889248,15.325540221740264,5697.472271264578
LYV,-1,2021-11-08,2021-11-09,1,RESIDUAL_REVERTED,118.81999969482422,116.80999755859375,0.016916362071982216,78.9868708330507,5697.472271264578
CRL,1,2021-11-04,2021-11-10,4,RESIDUAL_REVERTED,386.010009765625,381.57000732421875,-0.011502298720445392,-83.22569733891835,5745.629079786211
EXPE,-1,2021-11-08,2021-11-10,2,RESIDUAL_REVERTED,180.8725128173828,183.8413543701172,-0.016414000704086273,-111.6792132368042,5697.472271264578
PEP,1,2021-11-09,2021-11-10,1,RESIDUAL_REVERTED,138.016845703125,140.08316040039062,0.014971467336025723,68.20054312847691,5707.631206085145
QCOM,-1,2021-11-05,2021-11-11,4,RESIDUAL_REVERTED,140.88833618164062,145.13101196289062,-0.030113747498445198,-192.2979655265571,5741.9360510171
PYPL,1,2021-11-10,2021-11-11,1,RESIDUAL_REVERTED,201.84901428222656,205.6268768310547,0.018716279404495273,89.83497290582503,5726.274802598122
TSLA,1,2021-11-10,2021-11-11,1,RESIDUAL_REVERTED,336.8033447265625,367.5899963378906,0.09140839036596438,505.46559374713286,5726.274802598122
LOW,1,2021-11-10,2021-11-11,1,RESIDUAL_REVERTED,211.91334533691406,213.46205139160156,0.007308204456049072,24.607189440571357,5726.274802598122
DHI,-1,2021-11-10,2021-11-11,1,RESIDUAL_REVERTED,92.17575073242188,90.76130676269531,0.015345076752697917,70.37837610596297,5726.274802598122
SJM,-1,2021-11-10,2021-11-11,1,RESIDUAL_REVERTED,108.40935516357422,107.56216430664062,0.007814739379782387,27.184421622899965,5726.274802598122
JCI,-1,2021-11-10,2021-11-12,2,RESIDUAL_REVERTED,69.21932220458984,69.93980407714844,-0.010408681414548981,-77.78330513333012,5726.274802598122
AMD,1,2021-11-11,2021-11-12,1,RESIDUAL_REVERTED,142.9600067138672,146.02999877929688,0.021474481821858404,106.89413049119167,5796.148191987497
FTNT,1,2021-11-11,2021-11-12,1,RESIDUAL_REVERTED,67.77799987792969,67.86799621582031,0.0013278104702516558,-9.703802598896432,5796.148191987497
CAH,-1,2021-11-11,2021-11-12,1,RESIDUAL_REVERTED,45.370513916015625,45.587806701660156,-0.004789295224796319,-45.647449002864185,5796.148191987497
COO,1,2021-11-12,2021-11-15,1,RESIDUAL_REVERTED,102.67547607421875,105.06967163085938,0.023318085760907437,118.14826655495767,5824.958525687209
SYK,1,2021-11-12,2021-11-15,1,RESIDUAL_REVERTED,250.68954467773438,252.22178649902344,0.006112108996243926,18.07450165842725,5824.958525687209
TPR,-1,2021-11-12,2021-11-15,1,RESIDUAL_REVERTED,40.94422149658203,40.09011459350586,0.020860255045940246,103.76485544618053,5824.958525687208
POOL,-1,2021-11-12,2021-11-16,2,RESIDUAL_REVERTED,516.841552734375,529.0372314453125,-0.023596552263291715,-156.08024822607229,5824.958525687209
WDC,-1,2021-11-12,2021-11-16,2,RESIDUAL_REVERTED,44.91969299316406,44.31043243408203,0.013563328653531714,60.724476428074624,5824.958525687209
HPE,1,2021-11-15,2021-11-16,1,RESIDUAL_REVERTED,12.765782356262207,12.861833572387695,0.007524115126275044,26.15656138108261,5796.045374221372
DGX,1,2021-11-15,2021-11-16,1,RESIDUAL_REVERTED,136.54318237304688,134.0188446044922,-0.018487468394123074,-124.38161048098479,5796.045374221372
CAH,-1,2021-11-15,2021-11-16,1,RESIDUAL_REVERTED,46.54755783081055,45.723628997802734,0.017700796162123056,84.90887029580372,5796.045374221372
LH,-1,2021-11-15,2021-11-16,1,RESIDUAL_REVERTED,239.44911193847656,233.1681671142578,0.026230812774250545,134.42838419743325,5796.045374221372
DIS,1,2021-11-12,2021-11-17,3,RESIDUAL_REVERTED,158.54299926757812,153.89874267578125,-0.02929335646008946,-187.85151315556715,5824.958525687208
TTWO,1,2021-11-16,2021-11-17,1,RESIDUAL_REVERTED,177.80999755859375,178.99000549316406,0.006636341886127495,21.129545101861087,5826.610046527796
DLTR,-1,2021-11-16,2021-11-18,2,RESIDUAL_REVERTED,130.08999633789062,132.25999450683594,-0.01668074586849122,-115.75682633814797,5826.610046527797
WMT,1,2021-11-17,2021-11-18,1,RESIDUAL_REVERTED,44.82688522338867,44.50751495361328,-0.007124525118884617,-58.77032543526197,5810.882427685821
IQV,-1,2021-11-17,2021-11-18,1,RESIDUAL_REVERTED,269.0,267.2300109863281,0.00657988480918914,20.40626161801568,5810.882427685821
AMT,1,2021-11-16,2021-11-19,3,RESIDUAL_REVERTED,225.25184631347656,224.19483947753906,-0.004692555702591195,-44.78050980189164,5826.610046527797
PGR,1,2021-11-18,2021-11-19,1,RESIDUAL_REVERTED,81.06278991699219,80.91948699951172,-0.001767801449064521,-27.65992338248021,5804.628364623262
NVR,1,2021-11-17,2021-11-22,3,RESIDUAL_REVERTED,5165.759765625,5248.0,0.015920259188640262,74.93934094887125,5810.882427685821
QCOM,-1,2021-11-17,2021-11-22,3,RESIDUAL_REVERTED,162.16461181640625,162.45162963867188,-0.0017699165005899964,-29.14825565942368,5810.882427685822
CSCO,1,2021-11-19,2021-11-22,1,RESIDUAL_REVERTED,46.8780517578125,46.702964782714844,-0.0037349456415597393,-38.71083912862008,5752.5434273809915
BBWI,-1,2021-11-19,2021-11-22,1,RESIDUAL_REVERTED,68.81405639648438,67.61357879638672,0.01744523812374743,82.79991741244196,5752.5434273809915
HD,-1,2021-11-17,2021-11-22,3,TRAILING_STOP,346.0742492675781,364.67781237629816,-0.05375598776300783,-331.69074660844973,5810.882427685821
AAPL,-1,2021-11-19,2021-11-22,1,TRAILING_STOP,153.99169921875,160.31047111096032,-0.04103319805072281,-254.1219013567318,5752.5434273809915
MDLZ,1,2021-11-22,2021-11-23,1,RESIDUAL_REVERTED,53.22029113769531,53.748966217041016,0.009933712650648241,39.793471506041186,5751.488989194156
TGT,1,2021-11-18,2021-11-24,4,RESIDUAL_REVERTED,219.9002685546875,212.86764526367188,-0.03198096726865374,-202.77305838498177,5804.628364623262
ROST,1,2021-11-22,2021-11-24,2,RESIDUAL_REVERTED,107.74650573730469,108.04946899414062,0.002811815146698038,-1.10660129748333,5751.488989194156
CPRT,1,2021-11-23,2021-11-24,1,RESIDUAL_REVERTED,36.584999084472656,36.91999816894531,0.009156733438728804,35.0831125082282,5711.0730907979605
AMGN,1,2021-11-23,2021-11-24,1,RESIDUAL_REVERTED,174.544677734375,176.33126831054688,0.010235720729856457,41.23604452897497,5711.0730907979605
GILD,-1,2021-11-23,2021-11-24,1,RESIDUAL_REVERTED,58.472381591796875,59.20046615600586,-0.01245176858524144,-88.81103921719223,5711.0730907979605
LYB,-1,2021-11-23,2021-11-26,2,RESIDUAL_REVERTED,66.45706176757812,62.66034698486328,0.057130343739739575,308.73637530841546,5711.0730907979605
AIZ,-1,2021-11-23,2021-11-26,2,RESIDUAL_REVERTED,150.7488250732422,144.62437438964844,0.040626855171960075,214.33460832088278,5711.0730907979605
TRV,-1,2021-11-23,2021-11-26,2,RESIDUAL_REVERTED,144.16929626464844,140.40457153320312,0.026113221254368102,131.3123313398192,5711.0730907979605
LOW,-1,2021-11-17,2021-11-29,7,RESIDUAL_REVERTED,227.76451110839844,228.0286865234375,-0.0011598620599559961,-27.40544266308859,5810.882427685821
BBY,1,2021-11-24,2021-11-29,2,RESIDUAL_REVERTED,95.17990112304688,91.68051147460938,-0.036766056774040434,-227.90266927432504,5739.044573341409
ADSK,1,2021-11-26,2021-11-29,1,RESIDUAL_REVERTED,258.17999267578125,257.2099914550781,-0.00375707354644339,-38.66450446359141,5726.854757371923
GAP,1,2021-11-26,2021-11-29,1,RESIDUAL_REVERTED,14.470500946044922,14.462248802185059,-0.0005702735441317497,-20.441539220691368,5726.854757371923
STZ,1,2021-11-26,2021-11-29,1,RESIDUAL_REVERTED,209.3610382080078,210.768798828125,0.0067240811956545965,21.269510357597376,5726.854757371923
CLX,-1,2021-11-29,2021-11-30,1,RESIDUAL_REVERTED,145.29844665527344,143.3550262451172,0.01337536948875373,59.29543458118862,5747.151983777998
RVTY,-1,2021-11-29,2021-11-30,1,RESIDUAL_REVERTED,180.61827087402344,183.13894653320312,-0.013955817686560623,-98.03033445787909,5747.151983777998
MRNA,-1,2021-11-29,2021-12-01,2,RESIDUAL_REVERTED,370.3299865722656,330.0,0.10890283810273005,608.6905699207352,5747.151983777998
WMT,1,2021-11-30,2021-12-01,1,RESIDUAL_REVERTED,44.30083465576172,43.99711990356445,-0.006855734311944084,-56.4785018781535,5736.507503720179
DXCM,1,2021-11-30,2021-12-01,1,RESIDUAL_REVERTED,143.0,141.8524932861328,-0.00802452247459573,-63.17320680036615,5736.507503720179
DE,1,2021-11-30,2021-12-01,1,RESIDUAL_REVERTED,325.1400451660156,332.1086120605469,0.021432508846989773,105.55380369140835,5736.507503720179
STZ,1,2021-11-30,2021-12-01,1,RESIDUAL_REVERTED,205.96034240722656,207.66065979003906,0.008255557176393813,30.077506080078706,5736.507503720179
HPQ,-1,2021-11-26,2021-12-01,3,TRAILING_STOP,28.697025299072266,31.320981829912228,-0.09143653404817509,-542.99745222264,5726.854757371923
LH,-1,2021-12-01,2021-12-02,1,RESIDUAL_REVERTED,232.53273010253906,233.1437225341797,-0.002627554544133215,-32.693656207624514,5724.818121560442
TPR,1,2021-11-26,2021-12-03,5,RESIDUAL_REVERTED,37.72150421142578,36.50336456298828,-0.032292976483915714,-201.84034449971816,5726.854757371923
LRCX,-1,2021-11-30,2021-12-03,3,RESIDUAL_REVERTED,64.19701385498047,63.5762825012207,0.009669162418706634,36.969059084051004,5736.507503720179
AAPL,-1,2021-12-01,2021-12-03,2,RESIDUAL_REVERTED,163.59356689453125,160.21389770507812,0.020658936983946274,100.38034792159924,5724.818121560442
DG,1,2021-12-03,2021-12-06,1,RESIDUAL_REVERTED,200.01612854003906,204.28216552734375,0.021328464951518633,105.6351485000218,5773.525466167377
MMM,1,2021-12-03,2021-12-06,1,RESIDUAL_REVERTED,120.20756530761719,123.47633361816406,0.027192700411009296,139.44167529584522,5773.525466167377
CL,1,2021-12-03,2021-12-06,1,RESIDUAL_REVERTED,67.88640594482422,69.02051544189453,0.0167059882061229,78.98719327452261,5773.525466167377
KR,-1,2021-12-03,2021-12-06,1,RESIDUAL_REVERTED,40.575557708740234,39.5746955871582,0.024666626365715705,124.86420951036287,5773.525466167377
DAL,-1,2021-12-03,2021-12-06,1,RESIDUAL_REVERTED,35.212425231933594,35.95566177368164,-0.021107223852165014,-139.81840138198373,5773.525466167377
CCL,-1,2021-12-03,2021-12-06,1,RESIDUAL_REVERTED,17.498802185058594,17.28227996826172,0.012373545029370825,53.78229054398107,5773.525466167377
PVH,1,2021-12-03,2021-12-07,2,RESIDUAL_REVERTED,100.25098419189453,104.55241394042969,0.04290660868028606,230.03023788718355,5773.525466167377
MPWR,1,2021-12-07,2021-12-08,1,RESIDUAL_REVERTED,505.2598571777344,517.1928100585938,0.023617456861730668,119.76135652945374,5818.733749462044
KEYS,1,2021-12-07,2021-12-08,1,RESIDUAL_REVERTED,199.69000244140625,202.44000244140625,0.013771345417289638,62.55539341816345,5818.733749462044
ODFL,1,2021-12-07,2021-12-08,1,RESIDUAL_REVERTED,173.90652465820312,177.6510772705078,0.021531984608767596,107.64475095924311,5818.733749462044
CME,1,2021-12-07,2021-12-08,1,RESIDUAL_REVERTED,183.662109375,187.3419647216797,0.020036007204764283,98.95311379144967,5818.733749462044
HST,-1,2021-12-07,2021-12-08,1,RESIDUAL_REVERTED,13.082999229431152,13.098750114440918,-0.0012039200441389397,-24.932969544220388,5818.733749462044
UAL,-1,2021-12-07,2021-12-08,1,RESIDUAL_REVERTED,44.97999954223633,43.7400016784668,0.027567760702291055,142.74818726944167,5818.733749462044
NCLH,-1,2021-12-07,2021-12-08,1,RESIDUAL_REVERTED,20.780000686645508,20.6299991607666,0.007218552498667985,24.16250128870178,5818.733749462044
MKC,1,2021-12-08,2021-12-09,1,RESIDUAL_REVERTED,78.74382781982422,79.51476287841797,0.009790418880293084,39.80764738931042,5875.031662104087
AMGN,-1,2021-12-07,2021-12-10,3,RESIDUAL_REVERTED,180.5172882080078,184.0991668701172,-0.019842302627447017,-134.4938894729861,5818.733749462044
MKTX,-1,2021-12-07,2021-12-10,3,RESIDUAL_REVERTED,341.80426025390625,358.0086364746094,-0.04740835064099502,-295.1785112770741,5818.733749462044
KHC,1,2021-12-09,2021-12-10,1,RESIDUAL_REVERTED,25.966896057128906,26.265451431274414,0.011497537999484608,49.5000061113313,5837.064090047086
BF-B,1,2021-12-09,2021-12-10,1,RESIDUAL_REVERTED,63.62553024291992,64.17784118652344,0.008680649756392045,33.0823124377136,5837.064090047086
NVR,-1,2021-12-09,2021-12-10,1,RESIDUAL_REVERTED,5890.2099609375,5874.5498046875,0.002658675387440246,-2.4302152689491554,5837.064090047086
NCLH,-1,2021-12-09,2021-12-10,1,RESIDUAL_REVERTED,21.1200008392334,21.5,-0.0179923837910414,-123.16104370807017,5837.064090047086
CPB,-1,2021-12-09,2021-12-10,1,TRAILING_STOP,34.54280090332031,35.499823075609875,-0.027705401625308657,-179.94045372347176,5837.064090047086
LH,1,2021-12-10,2021-12-13,1,RESIDUAL_REVERTED,231.8484344482422,234.93597412109375,0.013317060691823812,60.08850729691194,5835.487102298995
ODFL,1,2021-12-09,2021-12-14,3,RESIDUAL_REVERTED,173.86264038085938,174.03817749023438,0.0010096309879481513,-11.626751407366308,5837.064090047086
WMT,1,2021-12-13,2021-12-14,1,RESIDUAL_REVERTED,44.08938217163086,45.051395416259766,0.021819612733151583,109.44836047688307,5825.785929857751
C,1,2021-12-13,2021-12-14,1,RESIDUAL_REVERTED,51.36738967895508,51.33342742919922,-0.0006611636286780742,-21.323377858211835,5825.785929857751
ORCL,-1,2021-12-13,2021-12-14,1,RESIDUAL_REVERTED,96.09588623046875,93.8069839477539,0.023818941398025317,121.03947393702393,5825.785929857751
AVGO,-1,2021-12-13,2021-12-14,1,RESIDUAL_REVERTED,58.03560256958008,56.55632400512695,0.025489156637593102,130.7863892317192,5825.785929857751
COST,-1,2021-12-13,2021-12-14,1,RESIDUAL_REVERTED,522.4808349609375,528.1950073242188,-0.010936616198962579,-81.75537322565182,5825.785929857751
F,-1,2021-12-13,2021-12-14,1,RESIDUAL_REVERTED,15.6544771194458,14.593155860900879,0.067796659731711,377.63919035939495,5825.785929857751
GM,-1,2021-12-13,2021-12-14,1,RESIDUAL_REVERTED,59.493404388427734,55.5635986328125,0.06605447773601669,367.47865437386673,5825.785929857751
NXPI,1,2021-12-09,2021-12-15,4,RESIDUAL_REVERTED,205.5614013671875,202.4173583984375,-0.015294909199095708,-106.65464146884376,5837.064090047086
ADBE,1,2021-12-15,2021-12-16,1,RESIDUAL_REVERTED,615.9600219726562,578.4000244140625,-0.06097797944468075,-376.64382769949,5895.513984173875
SNPS,1,2021-12-15,2021-12-16,1,RESIDUAL_REVERTED,347.0199890136719,363.0799865722656,0.04627974775816446,254.7470937896382,5895.513984173874
MSCI,1,2021-12-15,2021-12-16,1,RESIDUAL_REVERTED,561.9230346679688,574.9002685546875,0.023094326244138985,118.262151989883,5895.513984173875
BRK-B,-1,2021-12-15,2021-12-16,1,RESIDUAL_REVERTED,295.82000732421875,296.8800048828125,-0.0035832517488649795,-39.30927700978108,5895.513984173875
PRU,-1,2021-12-15,2021-12-16,1,RESIDUAL_REVERTED,85.1172103881836,85.74312591552734,-0.007353571909713752,-61.57037787469351,5895.513984173875
ALGN,1,2021-12-14,2021-12-17,3,RESIDUAL_REVERTED,620.2000122070312,592.469970703125,-0.04471144946486971,-280.35868458000294,5884.40170909489
CNC,-1,2021-12-15,2021-12-17,2,RESIDUAL_REVERTED,81.95999908447266,83.12000274658203,-0.014153290325367163,-102.20217860674057,5895.513984173875
TRV,-1,2021-12-15,2021-12-20,3,RESIDUAL_REVERTED,143.44479370117188,142.9417724609375,0.003506723578147297,1.5906677677290602,5895.513984173875
SCHW,-1,2021-12-15,2021-12-20,3,RESIDUAL_REVERTED,75.83679962158203,76.51173400878906,-0.008899826872638128,-71.67119124688571,5895.513984173875
SWKS,1,2021-12-17,2021-12-20,1,RESIDUAL_REVERTED,126.16004943847656,130.2559051513672,0.032465552535218434,171.1648883707589,5818.599336615287
TGT,1,2021-12-17,2021-12-20,1,RESIDUAL_REVERTED,193.05784606933594,189.7948455810547,-0.016901672502392606,-115.65234232934147,5818.599336615287
ACN,-1,2021-12-17,2021-12-20,1,RESIDUAL_REVERTED,365.94708251953125,360.88763427734375,0.013825628031663428,62.64900696376139,5818.599336615287
MDT,1,2021-12-16,2021-12-21,3,RESIDUAL_REVERTED,88.05929565429688,85.74713897705078,-0.026256815479460127,-172.91217145590718,5918.117026016444
ADBE,1,2021-12-17,2021-12-21,2,RESIDUAL_REVERTED,566.0900268554688,550.9099731445312,-0.026815617641702816,-173.25108902825536,5818.599336615287
CAG,-1,2021-12-17,2021-12-21,2,RESIDUAL_REVERTED,26.882911682128906,26.718847274780273,0.0061029255048179465,17.183285149749914,5818.599336615287
PFG,1,2021-12-21,2021-12-22,1,RESIDUAL_REVERTED,57.23570251464844,59.113101959228516,0.032801195094960045,173.47193496709625,5830.598750288886
AMP,1,2021-12-21,2021-12-22,1,RESIDUAL_REVERTED,268.56494140625,275.08740234375,0.024286345430447165,123.89973316200923,5830.598750288886
D,-1,2021-12-21,2021-12-22,1,RESIDUAL_REVERTED,63.07434844970703,61.890037536621094,0.018776427219541758,91.69428488727429,5830.598750288886
COR,-1,2021-12-21,2021-12-22,1,RESIDUAL_REVERTED,121.12498474121094,121.61203002929688,-0.004021014236877063,-41.43743934035639,5830.598750288886
AEP,-1,2021-12-21,2021-12-22,1,RESIDUAL_REVERTED,73.90101623535156,72.7710952758789,0.015289653878022613,71.33171564938971,5830.598750288886
FDX,-1,2021-12-20,2021-12-23,3,RESIDUAL_REVERTED,183.072509765625,183.48934936523438,-0.002276909843771824,-32.1808853890045,5832.692160802744
GIS,1,2021-12-22,2021-12-23,1,RESIDUAL_REVERTED,53.99321365356445,54.748085021972656,0.013980856432285416,64.42328328307477,5878.098393847144
HST,-1,2021-12-22,2021-12-27,2,RESIDUAL_REVERTED,13.248406410217285,13.579222679138184,-0.024970268776308924,-165.59070689691083,5878.098393847144
CTAS,1,2021-12-23,2021-12-27,1,RESIDUAL_REVERTED,103.25743103027344,104.7926254272461,0.014867640824054229,69.57157247395347,5873.328770329262
PAYX,-1,2021-12-23,2021-12-27,1,RESIDUAL_REVERTED,115.35763549804688,115.91718292236328,-0.004850545192787603,-46.61853829392737,5873.328770329262
ISRG,-1,2021-12-23,2021-12-27,1,RESIDUAL_REVERTED,360.6499938964844,363.4599914550781,-0.0077914809542469765,-63.920947970381135,5873.328770329262
CCI,1,2021-12-22,2021-12-28,3,RESIDUAL_REVERTED,156.70875549316406,161.00216674804688,0.02739739232419658,143.16870578319387,5878.098393847144
KMX,1,2021-12-23,2021-12-28,2,RESIDUAL_REVERTED,128.1999969482422,126.94999694824219,-0.00975039024770541,-74.80133300342797,5873.328770329262
FTV,-1,2021-12-27,2021-12-28,1,RESIDUAL_REVERTED,55.204261779785156,55.735782623291016,-0.009628257427409137,-74.44968076770024,5851.724322450011
IEX,1,2021-12-20,2021-12-29,6,RESIDUAL_REVERTED,212.9140625,221.43930053710938,0.04004074666091806,215.69695465567446,5832.692160802744
ATO,-1,2021-12-23,2021-12-29,3,RESIDUAL_REVERTED,90.85572814941406,92.17298126220703,-0.014498294599837758,-104.31755289314914,5873.328770329262
FISV,1,2021-12-28,2021-12-29,1,RESIDUAL_REVERTED,104.0,104.27999877929688,0.0026922959547777126,-1.830247336536365,5871.023040523558
AMZN,1,2021-12-28,2021-12-29,1,RESIDUAL_REVERTED,170.1824951171875,170.83999633789062,0.0038635067622576624,5.035643991034624,5871.023040523558
APA,-1,2021-12-28,2021-12-29,1,RESIDUAL_REVERTED,24.3626708984375,24.026697158813477,0.013790513405719018,63.012612030181764,5871.023040523558
DVN,-1,2021-12-28,2021-12-29,1,RESIDUAL_REVERTED,36.11433029174805,35.599552154541016,0.014254123862976753,65.7369467694239,5871.023040523558
DXCM,1,2021-12-29,2021-12-30,1,RESIDUAL_REVERTED,133.9949951171875,133.1750030517578,-0.00611957233710525,-53.581680863397516,5881.379759277312
TER,1,2021-12-29,2021-12-30,1,RESIDUAL_REVERTED,161.7757110595703,163.72943115234375,0.012076720788166018,53.277100252327756,5881.379759277312
CPB,-1,2021-12-29,2021-12-30,1,RESIDUAL_REVERTED,35.983821868896484,35.91756057739258,0.0018414189505862044,-7.262115313037804,5881.379759277313
FFIV,-1,2021-12-28,2021-12-31,3,RESIDUAL_REVERTED,245.0,245.39999389648438,-0.001632628148915849,-28.619807089868527,5871.023040523558
BIIB,-1,2021-12-30,2021-12-31,1,RESIDUAL_REVERTED,245.19000244140625,239.75999450683594,0.022146122927128475,112.38290972743691,5883.411574197824
WDC,-1,2021-12-30,2021-12-31,1,RESIDUAL_REVERTED,49.16193771362305,49.139373779296875,0.00045897162267305447,-15.412874162705377,5883.411574197824
EXC,-1,2021-12-30,2022-01-04,3,RESIDUAL_REVERTED,34.06761932373047,34.03153991699219,0.0010590527737037725,-12.828987574774317,5883.411574197824
GWW,1,2021-12-31,2022-01-05,3,RESIDUAL_REVERTED,492.717041015625,496.25,0.007170360856796343,24.474437582812776,5883.836500436036
C,-1,2022-01-04,2022-01-05,1,RESIDUAL_REVERTED,54.39899826049805,54.432960510253906,-0.0006243175580775695,-21.759530505707264,5874.544863461154
ZTS,1,2022-01-04,2022-01-05,1,STOP_LOSS,221.4975128173828,207.34735884141483,-0.06388403100324791,-392.3503063684255,5874.544863461154
MHK,-1,2022-01-03,2022-01-06,3,RESIDUAL_REVERTED,183.35000610351562,183.67999267578125,-0.0017997630830692835,-29.647703060325643,5879.5120907436185
MRSH,1,2022-01-04,2022-01-06,2,RESIDUAL_REVERTED,155.71437072753906,153.41258239746094,-0.014782118820013568,-104.33159744528885,5874.544863461154
WBD,-1,2022-01-04,2022-01-06,2,RESIDUAL_REVERTED,25.770000457763672,26.59000015258789,-0.031819933265743394,-205.7941518914413,5874.544863461154
WAB,-1,2022-01-05,2022-01-07,2,RESIDUAL_REVERTED,95.48572540283203,93.81055450439453,0.017543678820790665,83.67510692876535,5805.2218558800905
ARE,1,2022-01-06,2022-01-07,1,RESIDUAL_REVERTED,168.2205352783203,168.60906982421875,0.0023096736986101263,-4.001987095638279,5768.290710653848
CCI,1,2022-01-06,2022-01-07,1,RESIDUAL_REVERTED,149.0262451171875,151.51898193359375,0.016726830998432973,79.03562389917607,5768.290710653847
WMT,-1,2022-01-06,2022-01-07,1,RESIDUAL_REVERTED,45.152000427246094,45.1142692565918,0.0008356478184193827,-12.93486430210625,5768.290710653847
SLB,-1,2022-01-04,2022-01-10,4,TRAILING_STOP,28.901031494140625,31.750138012704078,-0.09858148208796913,-599.5807155976134,5874.544863461154
CTAS,1,2022-01-04,2022-01-11,5,RESIDUAL_REVERTED,101.89440155029297,95.45233154296875,-0.06322300253311308,-388.47288982669943,5874.544863461154
FTV,1,2022-01-04,2022-01-11,5,RESIDUAL_REVERTED,54.58415603637695,53.43252944946289,-0.021098184354935823,-141.37995177523203,5874.544863461154
HUM,1,2022-01-07,2022-01-11,2,RESIDUAL_REVERTED,350.2669372558594,366.40460205078125,0.0460724752423145,247.51113700729087,5755.622338027475
LW,-1,2022-01-07,2022-01-11,2,RESIDUAL_REVERTED,61.76030731201172,62.35237121582031,-0.009586479238477663,-73.46080096289934,5755.622338027476
FOX,1,2022-01-10,2022-01-11,1,RESIDUAL_REVERTED,33.778289794921875,33.68484878540039,-0.0027663037438778737,-32.74267863778105,5682.367565977939
APH,1,2022-01-10,2022-01-11,1,RESIDUAL_REVERTED,19.457998275756836,19.630537033081055,0.008867240857924674,33.264238770075536,5682.367565977939
WBD,-1,2022-01-10,2022-01-11,1,RESIDUAL_REVERTED,30.170000076293945,28.899999618530273,0.0420948112214814,222.08252087446567,5682.367565977939
CAG,-1,2022-01-10,2022-01-11,1,RESIDUAL_REVERTED,27.203229904174805,26.77353858947754,0.01579559913329709,72.40136924822505,5682.367565977939
KEY,-1,2022-01-07,2022-01-12,3,RESIDUAL_REVERTED,20.555309295654297,20.95060920715332,-0.0192310368972457,-129.50937037115423,5755.622338027476
COR,-1,2022-01-11,2022-01-12,1,RESIDUAL_REVERTED,128.91729736328125,129.71945190429688,-0.00622224137041294,-53.713158493905425,5768.294338272419
APTV,1,2022-01-12,2022-01-13,1,RESIDUAL_REVERTED,161.77999877929688,160.52999877929688,-0.007726542276126902,-61.57805404571436,5746.927413817424
UNP,1,2022-01-12,2022-01-13,1,RESIDUAL_REVERTED,222.27566528320312,222.1769256591797,-0.00044422147560607694,-19.789861454555588,5746.927413817424
ES,1,2022-01-12,2022-01-13,1,RESIDUAL_REVERTED,70.78299713134766,72.04739379882812,0.017862999854812767,85.26259527184936,5746.927413817425
ILMN,-1,2022-01-12,2022-01-13,1,RESIDUAL_REVERTED,409.5330810546875,403.26849365234375,0.015296901989481082,70.3534293096933,5746.927413817424
YUM,1,2022-01-12,2022-01-14,2,RESIDUAL_REVERTED,119.69754791259766,116.96778106689453,-0.022805536899522694,-148.1059547883517,5746.927413817424
WAB,1,2022-01-12,2022-01-14,2,RESIDUAL_REVERTED,90.45044708251953,90.0511245727539,-0.004414820740480274,-42.57437910049753,5746.927413817424
CRL,-1,2022-01-12,2022-01-14,2,RESIDUAL_REVERTED,358.0,349.70001220703125,0.02318432344404675,115.29095459616782,5746.927413817424
APA,-1,2022-01-12,2022-01-14,2,RESIDUAL_REVERTED,28.282411575317383,27.834440231323242,0.015839220174035495,73.0231775670624,5746.927413817424
FCX,-1,2022-01-13,2022-01-14,1,RESIDUAL_REVERTED,41.758426666259766,40.63235092163086,0.026966431317652084,137.22724076150462,5735.050083533504
NOW,1,2022-01-14,2022-01-18,1,RESIDUAL_REVERTED,104.25199890136719,104.94000244140625,0.00659942780272238,20.685419476213962,5762.7118849487015
BWA,-1,2022-01-14,2022-01-18,1,RESIDUAL_REVERTED,40.69675827026367,40.80390167236328,-0.002632725717072626,-32.94341054691199,5762.7118849487015
BSX,-1,2022-01-13,2022-01-19,3,RESIDUAL_REVERTED,44.2400016784668,44.16999816894531,0.001582357750125385,-9.491693324553788,5735.050083533504
LUMN,1,2022-01-14,2022-01-19,2,RESIDUAL_REVERTED,11.444406509399414,11.41637897491455,-0.00244901598539371,-31.37993972001575,5762.7118849487015
TECH,1,2022-01-14,2022-01-19,2,RESIDUAL_REVERTED,96.82683563232422,93.03934478759766,-0.039116127466032435,-242.36498583755687,5762.7118849487015
LRCX,-1,2022-01-18,2022-01-19,1,RESIDUAL_REVERTED,68.2753677368164,65.81647491455078,0.03601434754249888,189.93077506336516,5756.668885657495
JPM,1,2022-01-18,2022-01-20,2,RESIDUAL_REVERTED,139.11851501464844,133.05477905273438,-0.04358683645577721,-267.80861942831285,5756.668885657495
MNST,1,2022-01-18,2022-01-20,2,RESIDUAL_REVERTED,22.084999084472656,21.844999313354492,-0.010867094456295523,-79.73443379422878,5756.668885657495
WYNN,-1,2022-01-18,2022-01-20,2,RESIDUAL_REVERTED,87.63856506347656,86.8183364868164,0.009359219609153424,35.78247725136842,5756.668885657495
GS,1,2022-01-19,2022-01-20,1,RESIDUAL_REVERTED,319.12066650390625,310.7138671875,-0.0263436379990869,-167.70052890139607,5722.762340368144
WMB,-1,2022-01-19,2022-01-20,1,RESIDUAL_REVERTED,24.289690017700195,23.5156192779541,0.03186828399959074,165.0375870458278,5722.762340368144
LVS,-1,2022-01-18,2022-01-21,3,RESIDUAL_REVERTED,39.956356048583984,40.96980667114258,-0.025363940128231732,-164.9024740681655,5756.668885657495
USB,1,2022-01-20,2022-01-21,1,RESIDUAL_REVERTED,46.2149772644043,46.27215576171875,0.001237228723219408,-10.068606534566138,5705.798364548566
BNY,1,2022-01-20,2022-01-21,1,RESIDUAL_REVERTED,51.99427795410156,52.36279296875,0.0070876071204171165,23.262401336918757,5705.798364548566
CME,-1,2022-01-20,2022-01-24,2,RESIDUAL_REVERTED,190.70541381835938,181.3451385498047,0.04908237831921247,262.46089904661267,5705.798364548566
VFC,1,2022-01-21,2022-01-24,1,RESIDUAL_REVERTED,56.6755256652832,56.743709564208984,0.0012030571948897784,-10.270115101235888,5709.5927717136865
ARE,1,2022-01-21,2022-01-24,1,RESIDUAL_REVERTED,160.55422973632812,157.11373901367188,-0.02142883889329128,-139.29519705101697,5709.5927717136865
TRV,-1,2022-01-21,2022-01-24,1,RESIDUAL_REVERTED,151.209716796875,148.16404724121094,0.020142022749473187,97.60078611503796,5709.5927717136865
PG,-1,2022-01-20,2022-01-25,3,RESIDUAL_REVERTED,142.45626831054688,142.7498321533203,-0.0020607295576033913,-30.267387336688703,5705.798364548566
NTRS,1,2022-01-21,2022-01-25,2,RESIDUAL_REVERTED,103.1939926147461,99.39481353759766,-0.036815893841145475,-227.01723403268406,5709.5927717136865
MS,-1,2022-01-21,2022-01-25,2,RESIDUAL_REVERTED,84.27287292480469,82.93331146240234,0.015895523860894323,72.85499320803228,5709.5927717136865
BLK,1,2022-01-25,2022-01-26,1,RESIDUAL_REVERTED,688.7621459960938,721.6781005859375,0.04779001688927087,255.41561814272845,5711.653532154855
WMB,1,2022-01-25,2022-01-26,1,RESIDUAL_REVERTED,22.904504776000977,23.82524299621582,0.04019900142873123,212.1234037502968,5711.653532154855
SRE,1,2022-01-25,2022-01-26,1,RESIDUAL_REVERTED,56.462738037109375,57.790863037109375,0.0235221501147731,117.01388563277598,5711.653532154855
PLD,1,2022-01-25,2022-01-26,1,RESIDUAL_REVERTED,130.84764099121094,133.5770721435547,0.020859612994682086,101.82920732063356,5711.653532154855
SBAC,-1,2022-01-25,2022-01-26,1,RESIDUAL_REVERTED,298.1959228515625,299.11712646484375,-0.0030892562328552753,-35.26202931615665,5711.6535321548545
GPC,-1,2022-01-25,2022-01-26,1,RESIDUAL_REVERTED,115.37936401367188,115.84101867675781,-0.004001189181725984,-40.473181084199865,5711.653532154855
URI,-1,2022-01-25,2022-01-26,1,RESIDUAL_REVERTED,293.654052734375,301.6346130371094,-0.027176741572006113,-173.05022772259792,5711.653532154855
SYF,1,2022-01-31,2022-02-01,1,RESIDUAL_REVERTED,36.841026306152344,38.23448944091797,0.03782367850411705,200.13038076847383,5756.341040596676
VFC,1,2022-01-31,2022-02-01,1,RESIDUAL_REVERTED,52.84886169433594,55.74656677246094,0.05483003768150341,297.8779424474648,5756.341040596675
CE,1,2022-01-31,2022-02-01,1,RESIDUAL_REVERTED,140.43162536621094,144.60580444335938,0.029723924837181226,153.57537373344493,5756.341040596675
WDC,1,2022-01-31,2022-02-01,1,RESIDUAL_REVERTED,37.24001693725586,38.646575927734375,0.037770095347925636,199.82240051178547,5756.341040596675
V,-1,2022-01-31,2022-02-01,1,RESIDUAL_REVERTED,217.54750061035156,218.8495635986328,-0.0059851893707267845,-52.231601773139055,5756.341040596675
NI,-1,2022-01-31,2022-02-01,1,RESIDUAL_REVERTED,24.8879451751709,25.008012771606445,-0.00482432742399852,-45.540524074123326,5756.341040596675
MA,-1,2022-01-31,2022-02-01,1,RESIDUAL_REVERTED,368.59124755859375,375.48260498046875,-0.018696476021936803,-125.51989232520964,5756.341040596675
CHD,-1,2022-01-31,2022-02-01,1,RESIDUAL_REVERTED,96.83006286621094,97.2363052368164,-0.004195415747759723,-41.91301335845375,5756.341040596675
AAPL,-1,2022-01-31,2022-02-01,1,RESIDUAL_REVERTED,166.21139526367188,169.97203063964844,-0.02262561703432442,-148.1744085904521,5756.341040596674
CAT,1,2022-01-31,2022-02-02,2,RESIDUAL_REVERTED,184.91799926757812,188.39476013183594,0.018801635741401812,90.7972613856177,5756.341040596675
BR,1,2022-02-02,2022-02-03,1,RESIDUAL_REVERTED,141.0721893310547,139.88951110839844,-0.00838349662158322,-66.13678477045184,5816.308334191592
SO,1,2022-02-02,2022-02-03,1,RESIDUAL_REVERTED,57.283660888671875,58.08335876464844,0.0139603137015063,63.62676769402997,5816.308334191592
MOS,-1,2022-02-02,2022-02-03,1,RESIDUAL_REVERTED,38.221588134765625,38.248104095458984,-0.0006937430386164678,-21.961431945189062,5816.308334191592
XOM,-1,2022-02-02,2022-02-03,1,RESIDUAL_REVERTED,68.09149932861328,68.11700439453125,-0.0003745704848541198,-20.095651025747387,5816.308334191592
FDX,1,2022-02-02,2022-02-04,2,RESIDUAL_REVERTED,185.36911010742188,180.10292053222656,-0.028409207834808825,-182.43778223150844,5816.308334191592
T,1,2022-02-02,2022-02-04,2,RESIDUAL_REVERTED,14.2487211227417,14.425283432006836,0.01239144957250482,54.51545768156739,5816.308334191592
UPS,-1,2022-02-02,2022-02-04,2,RESIDUAL_REVERTED,182.9810791015625,180.31549072265625,0.014567562897728537,66.4853839382141,5816.308334191592
VZ,-1,2022-02-02,2022-02-04,2,RESIDUAL_REVERTED,39.9841423034668,39.95427322387695,0.0007470231414030692,-14.02476502162681,5816.308334191592
TECH,-1,2022-02-02,2022-02-07,3,RESIDUAL_REVERTED,98.92720031738281,100.33804321289062,-0.014261425482389845,-101.93414006973917,5816.308334191592
PYPL,1,2022-02-03,2022-02-07,2,RESIDUAL_REVERTED,128.51678466796875,125.1839599609375,-0.025932991676081985,-166.76697841968465,5771.663540468224
META,1,2022-02-04,2022-02-07,1,RESIDUAL_REVERTED,232.7408905029297,235.4449920654297,0.011618506557471209,49.57465171169847,5763.771368462432
MCK,-1,2022-02-04,2022-02-07,1,RESIDUAL_REVERTED,257.238037109375,260.1678466796875,-0.011389488130275183,-83.49738270227874,5763.771368462432
CLX,1,2022-02-07,2022-02-08,1,RESIDUAL_REVERTED,119.29542541503906,123.47148895263672,0.0350060660169389,183.515876158452,5743.206511559647
NWL,1,2022-02-07,2022-02-08,1,RESIDUAL_REVERTED,17.004030227661133,17.553062438964844,0.03228835775712624,167.9309289238383,5743.206511559647
XYL,1,2022-02-04,2022-02-09,3,RESIDUAL_REVERTED,85.7178955078125,87.7807846069336,0.024066025966924087,121.21169070831142,5763.771368462432
ZBH,1,2022-02-08,2022-02-09,1,RESIDUAL_REVERTED,101.50047302246094,112.2672348022461,0.10607597638882527,590.4300627505471,5736.9613573788065
AVY,1,2022-02-08,2022-02-09,1,RESIDUAL_REVERTED,166.19723510742188,171.13389587402344,0.02970362752070299,152.94206634321992,5736.9613573788065
TSN,-1,2022-02-08,2022-02-09,1,RESIDUAL_REVERTED,85.60531616210938,85.04785919189453,0.0065119433606108945,19.753670222544592,5736.9613573788065
GEN,-1,2022-02-07,2022-02-09,2,TRAILING_STOP,24.991437911987305,27.366491743491984,-0.09503470107918321,-564.8165610209835,5743.206511559647
DXC,-1,2022-02-04,2022-02-10,4,RESIDUAL_REVERTED,34.77000045776367,38.380001068115234,-0.10382515279908477,-618.5974850763354,5763.771368462432
AMZN,-1,2022-02-07,2022-02-10,3,RESIDUAL_REVERTED,158.52000427246094,158.35000610351562,0.0010724083040846155,-12.443063894842524,5743.206511559646
RCL,-1,2022-02-08,2022-02-10,2,RESIDUAL_REVERTED,80.64514923095703,84.45409393310547,-0.047230921369370016,-289.530807837287,5736.9613573788065
GILD,1,2022-02-09,2022-02-10,1,RESIDUAL_REVERTED,54.0109748840332,53.351585388183594,-0.012208435364578829,-86.92059774934168,5722.178773668089
WTW,1,2022-02-09,2022-02-11,2,RESIDUAL_REVERTED,211.85044860839844,213.06515502929688,0.005733792063588261,15.594032243028419,5722.178773668089
CVS,1,2022-02-10,2022-02-11,1,RESIDUAL_REVERTED,89.60536193847656,90.36776733398438,0.008508479615664921,31.48212953177054,5728.484586478795
KO,1,2022-02-10,2022-02-11,1,RESIDUAL_REVERTED,52.547119140625,53.774620056152344,0.02336000404213112,116.43124320135077,5728.484586478795
OMC,-1,2022-02-10,2022-02-11,1,RESIDUAL_REVERTED,76.6002426147461,72.69843292236328,0.05093730201360602,274.6129491208897,5728.484586478795
AIZ,-1,2022-02-10,2022-02-11,1,RESIDUAL_REVERTED,153.17626953125,149.87002563476562,0.021584569898471462,106.20126916689563,5728.484586478795
DIS,-1,2022-02-11,2022-02-14,1,RESIDUAL_REVERTED,148.86672973632812,144.82363891601562,0.027159129695893736,139.30402267119638,5774.83279862483
MCO,-1,2022-02-11,2022-02-14,1,RESIDUAL_REVERTED,335.4822692871094,317.610595703125,0.05327158905286167,290.3357589118412,5774.83279862483
ORLY,-1,2022-02-11,2022-02-15,2,RESIDUAL_REVERTED,44.04399871826172,44.32733154296875,-0.006432949617482198,-55.45162061797397,5774.8327986248305
CDW,1,2022-02-10,2022-02-16,4,RESIDUAL_REVERTED,174.6192169189453,170.4629669189453,-0.023801790394749278,-153.32912088224649,5728.484586478794
LUMN,1,2022-02-11,2022-02-16,3,RESIDUAL_REVERTED,10.20186996459961,9.286317825317383,-0.08974356098040692,-534.8011767217931,5774.8327986248305
IQV,1,2022-02-16,2022-02-17,1,RESIDUAL_REVERTED,228.4199981689453,232.38999938964844,0.017380269908621626,82.79397722784972,5767.927163487584
STZ,1,2022-02-16,2022-02-17,1,RESIDUAL_REVERTED,201.7605743408203,201.8981170654297,0.0006817125945379754,-13.37761100162252,5767.927163487584
XRAY,-1,2022-02-16,2022-02-17,1,RESIDUAL_REVERTED,50.877384185791016,50.66989517211914,0.00407821701120048,5.794722687374679,5767.927163487584
DGX,-1,2022-02-16,2022-02-17,1,RESIDUAL_REVERTED,119.57593536376953,120.0702133178711,-0.004133590530551956,-41.64335036148812,5767.927163487584
MPWR,-1,2022-02-16,2022-02-18,2,RESIDUAL_REVERTED,456.0299987792969,447.80413818359375,0.01803798131202361,85.97278434355424,5767.927163487584
HSIC,-1,2022-02-16,2022-02-22,3,RESIDUAL_REVERTED,82.04000091552734,83.66999816894531,-0.019868323198780846,-133.47917276247205,5767.927163487584
VNO,-1,2022-02-16,2022-02-22,3,RESIDUAL_REVERTED,38.63756561279297,38.87638854980469,-0.006181107252073881,-54.419746861141725,5767.927163487584
TJX,1,2022-02-17,2022-02-22,2,RESIDUAL_REVERTED,62.0965690612793,61.90911865234375,-0.003018691882164415,-34.217626486000526,5689.506866061919
FIS,1,2022-02-16,2022-02-23,4,RESIDUAL_REVERTED,90.08450317382812,83.73767852783203,-0.0704541227668114,-423.0684686041134,5767.927163487584
AKAM,1,2022-02-17,2022-02-23,3,RESIDUAL_REVERTED,104.41000366210938,100.48999786376953,-0.037544350740813415,-230.35694865789782,5689.506866061919
CL,1,2022-03-21,2022-03-22,1,RESIDUAL_REVERTED,66.08235168457031,66.78268432617188,0.010597877099538522,43.07128559029826,5680.74354952085
VZ,1,2022-03-21,2022-03-22,1,RESIDUAL_REVERTED,38.3492317199707,38.21486282348633,-0.0035038223833412374,-36.91669057679108,5680.74354952085
FDX,1,2022-03-21,2022-03-22,1,RESIDUAL_REVERTED,159.78453063964844,163.7255859375,0.024664811306043033,122.8620653767993,5680.743549520851
CINF,1,2022-03-21,2022-03-22,1,RESIDUAL_REVERTED,115.00103759765625,118.08094787597656,0.026781586867900442,134.8688872069264,5680.74354952085
HCA,1,2022-03-21,2022-03-22,1,RESIDUAL_REVERTED,251.9771270751953,253.14218139648438,0.004623651102035886,9.184146860303072,5680.74354952085
MTCH,-1,2022-03-21,2022-03-22,1,RESIDUAL_REVERTED,97.52123260498047,96.04261016845703,0.015162056477615926,68.77470467152652,5680.74354952085
MSCI,-1,2022-03-21,2022-03-22,1,RESIDUAL_REVERTED,487.00537109375,485.48907470703125,0.0031135106032061932,0.2265473978229684,5680.74354952085
PEP,-1,2022-03-21,2022-03-22,1,RESIDUAL_REVERTED,139.8289031982422,140.32009887695312,-0.003512833666545756,-37.47932949855122,5680.74354952085
ZBRA,-1,2022-03-21,2022-03-22,1,RESIDUAL_REVERTED,437.6199951171875,429.8299865722656,0.0178008514963669,83.78899641883383,5680.74354952085
HPQ,-1,2022-03-21,2022-03-24,3,RESIDUAL_REVERTED,30.98598289489746,31.783723831176758,-0.02574521966868648,-164.90036814900935,5680.74354952085
WY,1,2022-03-23,2022-03-24,1,RESIDUAL_REVERTED,32.538978576660156,32.624603271484375,0.0026314499892026166,-2.122549220483128,5698.161762033669
LNT,1,2022-03-23,2022-03-24,1,RESIDUAL_REVERTED,51.623958587646484,52.063499450683594,0.008514280482595282,31.34848856983769,5698.161762033669
AEE,1,2022-03-23,2022-03-24,1,RESIDUAL_REVERTED,77.61802673339844,77.84532928466797,0.0029284762939190134,-0.43258404452803845,5698.161762033669
ALGN,-1,2022-03-23,2022-03-24,1,RESIDUAL_REVERTED,451.2200012207031,438.8500061035156,0.0274145540617049,138.91435403438936,5698.161762033669
HWM,-1,2022-03-23,2022-03-24,1,RESIDUAL_REVERTED,36.60502624511719,36.43724060058594,0.00458367775528179,8.615384227923416,5698.161762033669
CBOE,-1,2022-03-23,2022-03-24,1,RESIDUAL_REVERTED,112.95508575439453,109.44241333007812,0.03109795721774078,159.93429760062025,5698.161762033669
WFC,-1,2022-03-23,2022-03-24,1,RESIDUAL_REVERTED,47.10089874267578,46.16351318359375,0.019901649100226515,96.04025713224387,5698.161762033669
CNC,1,2022-03-24,2022-03-25,1,RESIDUAL_REVERTED,82.70999908447266,85.01000213623047,0.02780804107383439,142.8471733471296,5767.797612501501
ADBE,1,2022-03-24,2022-03-25,1,RESIDUAL_REVERTED,426.0799865722656,435.44000244140625,0.021967743532007145,109.21204761040828,5767.797612501501
NVDA,-1,2022-03-25,2022-03-28,1,RESIDUAL_REVERTED,27.771846771240234,27.642370223999023,0.004662151145644833,9.171030147685443,5766.741430790491
INTC,-1,2022-03-25,2022-03-28,1,RESIDUAL_REVERTED,47.371402740478516,47.997535705566406,-0.01321753059579267,-94.10460964378026,5766.741430790491
GIS,-1,2022-03-25,2022-03-28,1,RESIDUAL_REVERTED,55.693695068359375,56.28705596923828,-0.010654004912954873,-79.2941029894283,5766.741430790491
ANET,-1,2022-03-25,2022-03-28,1,RESIDUAL_REVERTED,35.0,34.502498626708984,0.01421432495117192,64.34062055227334,5766.741430790491
AVGO,-1,2022-03-25,2022-03-28,1,RESIDUAL_REVERTED,58.15998840332031,58.048702239990234,0.0019134488569417796,-6.708292292814975,5766.741430790491
FDS,1,2022-03-25,2022-03-29,2,RESIDUAL_REVERTED,400.2288513183594,413.1078186035156,0.03217900769205606,167.98944054184489,5766.741430790491
POOL,1,2022-03-25,2022-03-29,2,RESIDUAL_REVERTED,420.8758850097656,419.22503662109375,-0.003922411445914875,-39.88582758724522,5766.741430790491
SWK,1,2022-03-25,2022-03-29,2,RESIDUAL_REVERTED,117.11398315429688,119.8592529296875,0.023441007652978074,117.67523837451662,5766.741430790491
LOW,1,2022-03-28,2022-03-29,1,RESIDUAL_REVERTED,193.19903564453125,199.03030395507812,0.03018269884781355,155.07357905904328,5714.380793481247
INTU,-1,2022-03-29,2022-03-30,1,RESIDUAL_REVERTED,471.7757568359375,464.845947265625,0.014688778450144824,67.12162612996467,5770.479794654293
MSCI,-1,2022-03-29,2022-03-30,1,RESIDUAL_REVERTED,490.20849609375,484.2097473144531,0.012237137518215646,52.95110474304076,5770.479794654293
TSLA,-1,2022-03-29,2022-03-30,1,RESIDUAL_REVERTED,369.3299865722656,363.72332763671875,0.015180622043668879,69.96493828703257,5770.479794654293
SNPS,-1,2022-03-29,2022-03-31,2,RESIDUAL_REVERTED,336.6099853515625,334.1499938964844,0.007308135712340347,24.00681464289514,5770.479794654292
ADBE,-1,2022-03-29,2022-03-31,2,RESIDUAL_REVERTED,459.1600036621094,461.5899963378906,-0.005292256852514221,-48.82010722761256,5770.479794654293
FMC,1,2022-03-30,2022-03-31,1,RESIDUAL_REVERTED,113.2525863647461,113.18344116210938,-0.00061053972236913,-20.892778917593088,5788.076382026714
ADM,1,2022-03-30,2022-03-31,1,RESIDUAL_REVERTED,77.52152252197266,78.01298522949219,0.006339693694486392,19.275360249246447,5788.076382026714
DE,1,2022-03-30,2022-03-31,1,RESIDUAL_REVERTED,390.8055725097656,391.183349609375,0.0009666625201458778,-11.777505318586254,5788.076382026714
AIZ,1,2022-03-30,2022-03-31,1,RESIDUAL_REVERTED,168.4964599609375,168.68194580078125,0.0011008292986496304,-11.002102608019225,5788.076382026714
BRK-B,1,2022-03-30,2022-03-31,1,RESIDUAL_REVERTED,354.6600036621094,359.0,0.012237061673369354,53.35857493946764,5788.076382026714
PSX,-1,2022-03-31,2022-04-01,1,RESIDUAL_REVERTED,74.19837951660156,73.71224212646484,0.0065518599368864505,20.3483180123766,5842.384229753321
ELV,-1,2022-03-31,2022-04-01,1,RESIDUAL_REVERTED,467.3598937988281,461.5458984375,0.012440081912186374,54.806066262594044,5842.384229753321
POOL,1,2022-04-01,2022-04-04,1,RESIDUAL_REVERTED,397.2514953613281,397.4753112792969,0.0005634111402530451,-14.229888252117075,5838.061005779253
MAS,1,2022-04-01,2022-04-04,1,RESIDUAL_REVERTED,47.344600677490234,47.43645477294922,0.0019401176511064655,-6.204647599597578,5838.061005779253
TFX,-1,2022-04-01,2022-04-04,1,RESIDUAL_REVERTED,343.32977294921875,342.03662109375,0.0037665007737619494,4.0457479536596574,5838.061005779253
PAYX,-1,2022-03-31,2022-04-05,3,RESIDUAL_REVERTED,119.42997741699219,120.85887145996094,-0.011964282953682126,-88.9260775691463,5842.384229753321
HPQ,1,2022-04-01,2022-04-05,2,RESIDUAL_REVERTED,30.339401245117188,30.4317684173584,0.00304446259486002,0.23291470373054857,5838.061005779253
AMD,1,2022-04-01,2022-04-05,2,RESIDUAL_REVERTED,110.4800033569336,109.69000244140625,-0.007150623565560954,-59.19734095753777,5838.061005779253
MKC,-1,2022-04-01,2022-04-05,2,RESIDUAL_REVERTED,90.0018310546875,90.685791015625,-0.00759940051132868,-62.88822878809433,5838.061005779252
IQV,-1,2022-04-04,2022-04-05,1,RESIDUAL_REVERTED,240.3699951171875,237.55999755859375,0.011690300851501023,49.92886676324405,5786.111228268826
AOS,-1,2022-04-04,2022-04-06,2,RESIDUAL_REVERTED,60.38543701171875,59.30287170410156,0.01792758918689452,85.6042062563926,5786.111228268826
EG,1,2022-04-05,2022-04-06,1,RESIDUAL_REVERTED,273.2198791503906,273.2382507324219,6.724101514277159e-05,-16.990859216323216,5793.273496275328
GPC,-1,2022-04-05,2022-04-06,1,RESIDUAL_REVERTED,112.7643051147461,110.56236267089844,0.01952694553127443,95.4608855026128,5793.273496275328
JBHT,1,2022-04-04,2022-04-07,3,RESIDUAL_REVERTED,174.25027465820312,164.80987548828125,-0.05417724126082146,-330.36366434471086,5786.111228268826
SBUX,1,2022-04-05,2022-04-07,2,RESIDUAL_REVERTED,77.60961151123047,74.40876007080078,-0.04124297723055226,-255.95326961572556,5793.2734962753275
CTSH,1,2022-04-06,2022-04-07,1,RESIDUAL_REVERTED,79.4054946899414,80.08879852294922,0.008605246219747675,32.30044422203987,5775.8386918104225
MKTX,1,2022-04-06,2022-04-08,2,RESIDUAL_REVERTED,283.39593505859375,268.10076904296875,-0.05397101413068128,-328.58779592018897,5775.8386918104225
GL,-1,2022-04-06,2022-04-08,2,RESIDUAL_REVERTED,97.06946563720703,98.48783874511719,-0.014611938971738736,-102.77563346415067,5775.8386918104225
BR,-1,2022-04-06,2022-04-08,2,RESIDUAL_REVERTED,145.37379455566406,145.91709899902344,-0.0037372928526766547,-39.87065193332195,5775.838691810423
AMT,-1,2022-04-06,2022-04-08,2,RESIDUAL_REVERTED,225.558837890625,229.85081481933594,-0.019028192239543884,-128.33394836154616,5775.8386918104225
ANET,1,2022-04-07,2022-04-08,1,RESIDUAL_REVERTED,33.025001525878906,33.04499816894531,0.0006055001405749216,-13.690520544706187,5715.318608813939
ABBV,-1,2022-04-07,2022-04-08,1,TRAILING_STOP,142.7161407470703,149.62104191862272,-0.04838206201069917,-294.5484069541418,5715.318608813939
GPN,1,2022-04-08,2022-04-11,1,RESIDUAL_REVERTED,128.00775146484375,127.96001434326172,-0.0003729236787284318,-19.204022252431862,5694.527809790736
CMS,1,2022-04-08,2022-04-12,2,RESIDUAL_REVERTED,63.15828323364258,62.55024719238281,-0.009627178101254685,-71.82358350663436,5694.527809790736
LUV,1,2022-04-08,2022-04-12,2,RESIDUAL_REVERTED,38.870853424072266,39.38496780395508,0.013226217965269349,58.120506993175034,5694.527809790736
DOV,1,2022-04-11,2022-04-12,1,RESIDUAL_REVERTED,142.75054931640625,141.8043975830078,-0.006628007653415757,-54.34684025720878,5650.495877284505
CAH,-1,2022-04-11,2022-04-12,1,RESIDUAL_REVERTED,57.11014938354492,57.39592361450195,-0.005003913210553934,-45.71281635923217,5650.495877284505
AAP,-1,2022-04-11,2022-04-12,1,RESIDUAL_REVERTED,203.34791564941406,200.12307739257812,0.015858722950451987,72.35359945699642,5650.495877284505
DVA,-1,2022-04-11,2022-04-12,1,RESIDUAL_REVERTED,121.45999908447266,118.95999908447266,0.020582908108383147,99.08579598878337,5650.495877284505
AJG,-1,2022-04-07,2022-04-13,4,RESIDUAL_REVERTED,170.9552001953125,171.76739501953125,-0.004750922015187786,-46.185721079794526,5715.318608813939
CPT,1,2022-04-11,2022-04-13,2,RESIDUAL_REVERTED,143.5059051513672,141.413818359375,-0.014578402120703604,-99.20312591066451,5650.495877284505
IP,-1,2022-04-11,2022-04-13,2,RESIDUAL_REVERTED,38.27915954589844,37.66044235229492,0.016163290964151034,73.62617548380415,5650.495877284505
TTWO,-1,2022-08-17,2022-08-18,1,RESIDUAL_REVERTED,134.30999755859375,132.41000366210938,0.014146332596391309,62.95268877221972,5677.05920955583
TGT,-1,2022-08-17,2022-08-18,1,RESIDUAL_REVERTED,151.7608184814453,151.6039581298828,0.0010336024352799456,-11.608166617670516,5677.05920955583
BBY,-1,2022-08-17,2022-08-18,1,RESIDUAL_REVERTED,67.78871154785156,66.73854064941406,0.015491825621972377,70.60366036919574,5677.05920955583
UHS,1,2022-08-17,2022-08-19,2,RESIDUAL_REVERTED,104.92623901367188,105.7486572265625,0.007838060533013724,27.399210404733076,5677.05920955583
HD,-1,2022-08-17,2022-08-19,2,RESIDUAL_REVERTED,293.83074951171875,291.03656005859375,0.009509520217908851,36.14194513509411,5677.05920955583
WMT,-1,2022-08-17,2022-08-19,2,RESIDUAL_REVERTED,44.08296585083008,44.1943244934082,-0.0025261150294411117,-32.2994288327137,5677.05920955583
NTAP,1,2022-12-01,2022-12-02,1,RESIDUAL_REVERTED,62.10163116455078,61.2994384765625,-0.012917417351932525,-90.49766330465452,5692.3782004789155
HRL,1,2022-12-01,2022-12-02,1,RESIDUAL_REVERTED,40.71469497680664,41.06986999511719,0.00872350925170573,32.50589302380459,5692.3782004789155
HPE,-1,2022-12-01,2022-12-02,1,RESIDUAL_REVERTED,14.78139877319336,14.988826751708984,-0.014033041236381827,-97.54196330605002,5692.3782004789155
STT,-1,2022-12-01,2022-12-02,1,RESIDUAL_REVERTED,70.41836547851562,68.82218170166016,0.022667151758051785,111.69856039799957,5692.3782004789155
EL,-1,2022-12-01,2022-12-02,1,RESIDUAL_REVERTED,218.43714904785156,213.8845977783203,0.020841469911942245,101.28895759014674,5692.3782004789155
QCOM,-1,2022-12-01,2022-12-02,1,RESIDUAL_REVERTED,116.55852508544922,113.78987121582031,0.023753336511415202,117.88656291181587,5692.3782004789155
TJX,1,2022-12-01,2022-12-05,2,RESIDUAL_REVERTED,76.40958404541016,74.90778350830078,-0.01965460950836817,-128.79078309974076,5692.3782004789155
INTU,-1,2022-12-01,2022-12-05,2,RESIDUAL_REVERTED,396.16802978515625,389.6314392089844,0.016499540812812907,76.07272881204527,5692.3782004789155
HII,-1,2022-12-05,2022-12-06,1,RESIDUAL_REVERTED,219.6782989501953,218.32952880859375,0.00613975139122569,17.385262406721537,5662.496764707682
FMC,-1,2022-12-05,2022-12-06,1,RESIDUAL_REVERTED,116.53633880615234,114.3887710571289,0.018428309753198313,87.07916670294934,5662.496764707682
MPC,1,2022-12-01,2022-12-06,3,TRAILING_STOP,113.62076568603516,103.20148241186985,-0.0917022800476156,-538.2981883888804,5692.3782004789155
ENPH,-1,2022-12-05,2022-12-07,2,RESIDUAL_REVERTED,334.010009765625,309.2200012207031,0.07421935816329883,403.0412094726746,5662.496764707682
CRL,1,2022-12-01,2022-12-08,5,RESIDUAL_REVERTED,231.49000549316406,212.89999389648438,-0.08030589293509971,-473.52295164372174,5692.3782004789155
DG,-1,2022-12-05,2022-12-09,4,RESIDUAL_REVERTED,225.2911834716797,229.6784210205078,-0.01947363177387551,-129.25610038940883,5662.496764707682
TRMB,1,2022-12-14,2022-12-15,1,RESIDUAL_REVERTED,54.86000061035156,54.11000061035156,-0.013671162808162274,-93.93106748138345,5641.283269597487
CPRT,1,2022-12-14,2022-12-15,1,RESIDUAL_REVERTED,31.329999923706055,30.924999237060547,-0.012926929065807613,-89.7389317720074,5641.283269597487
LUV,1,2022-12-14,2022-12-15,1,RESIDUAL_REVERTED,34.97825241088867,34.68448257446289,-0.008398642475755391,-64.23190241267316,5641.283269597487
CBRE,-1,2022-12-14,2022-12-15,1,RESIDUAL_REVERTED,79.38999938964844,78.04000091552734,0.017004641447284308,78.70020778347252,5641.283269597487
HAL,-1,2022-12-14,2022-12-15,1,RESIDUAL_REVERTED,34.276493072509766,33.47486114501953,0.023387221259608793,114.76809332333447,5641.283269597487
COO,-1,2022-12-14,2022-12-15,1,RESIDUAL_REVERTED,81.15657806396484,80.49669647216797,0.008130968647751202,28.566082139324273,5641.283269597487
MTCH,-1,2022-12-14,2022-12-15,1,RESIDUAL_REVERTED,44.92486572265625,41.56437683105469,0.0748024248385637,405.26440784737616,5641.283269597487
FAST,1,2022-12-14,2022-12-15,1,TRAILING_STOP,22.96091651916504,21.699815899124474,-0.054923792740936506,-326.29976189143895,5641.283269597487
MRNA,-1,2022-12-14,2022-12-16,2,RESIDUAL_REVERTED,195.0800018310547,206.3699951171875,-0.057873657884780494,-344.8504755455361,5641.283269597487
UAL,1,2022-12-14,2022-12-19,3,RESIDUAL_REVERTED,41.66999816894531,38.66999816894531,-0.07199424362431961,-422.45456199089426,5641.283269597487
CPT,-1,2023-01-12,2023-01-13,1,RESIDUAL_REVERTED,103.84738159179688,102.39704895019531,0.013966001062044375,60.755719461213495,5569.8624785974425
AOS,-1,2023-01-12,2023-01-13,1,RESIDUAL_REVERTED,58.42351531982422,56.80323791503906,0.02773330902660298,137.56022478313847,5569.8624785974425
BIO,-1,2023-01-12,2023-01-13,1,RESIDUAL_REVERTED,460.1499938964844,449.30999755859375,0.023557527940181178,114.26541004386844,5569.8624785974425
TFX,1,2023-01-12,2023-01-17,2,RESIDUAL_REVERTED,232.04551696777344,233.02426147460938,0.004217898796863517,6.748289137008149,5569.8624785974425
ISRG,1,2023-01-12,2023-01-17,2,RESIDUAL_REVERTED,258.739990234375,258.4800109863281,-0.0010047895874595314,-22.297732448135335,5569.8624785974425
SYK,1,2023-01-12,2023-01-17,2,RESIDUAL_REVERTED,249.447998046875,250.7908935546875,0.005383468772357736,13.230615512984164,5569.8624785974425
CL,1,2023-01-12,2023-01-17,2,RESIDUAL_REVERTED,70.75526428222656,71.48694610595703,0.010341023118957793,40.80209210980813,5569.862478597443
FRT,-1,2023-01-12,2023-01-17,2,RESIDUAL_REVERTED,92.5594482421875,93.9020004272461,-0.014504755706254091,-98.51933249285294,5569.8624785974425
SCHW,1,2023-01-12,2023-01-18,3,RESIDUAL_REVERTED,79.28134155273438,77.25286102294922,-0.02558585021465487,-159.0054900287725,5569.862478597443
JPM,-1,2023-01-17,2023-01-18,1,RESIDUAL_REVERTED,130.23036193847656,128.1547088623047,0.015938319185140992,71.88054008135501,5579.457562871953
WFC,-1,2023-01-17,2023-01-19,2,RESIDUAL_REVERTED,39.87764358520508,39.03169631958008,0.021213572056169694,100.91558266817138,5579.457562871953
BF-B,-1,2023-01-17,2023-01-19,2,RESIDUAL_REVERTED,61.591407775878906,61.05129623413086,0.008769267682814164,31.376291939391475,5579.457562871953
GS,1,2023-01-18,2023-01-19,1,RESIDUAL_REVERTED,318.3812561035156,316.2880554199219,-0.006574509784939009,-53.21269775615104,5563.476841325039
TRV,1,2023-01-18,2023-01-19,1,RESIDUAL_REVERTED,172.56015014648438,171.2990264892578,-0.007308313397710986,-57.28907341277946,5563.476841325039
ADP,1,2023-01-18,2023-01-19,1,RESIDUAL_REVERTED,217.60635375976562,213.12954711914062,-0.020572959214083086,-130.97592689583348,5563.476841325039
MS,-1,2023-01-18,2023-01-20,2,RESIDUAL_REVERTED,86.04721069335938,83.67378234863281,0.02758286207770977,136.12636854704434,5563.476841325039
XRAY,-1,2023-01-12,2023-01-23,6,RESIDUAL_REVERTED,32.63161087036133,33.903564453125,-0.0389791845648344,-236.8696497053728,5569.8624785974425
EMR,1,2023-01-18,2023-01-24,4,RESIDUAL_REVERTED,84.77388000488281,83.32014465332031,-0.017148387586822356,-111.951980743519,5563.476841325039
GS,1,2023-01-23,2023-01-24,1,RESIDUAL_REVERTED,312.3028259277344,310.7763977050781,-0.004887654212291537,-43.692888482270384,5544.555721117634
SYF,-1,2023-01-23,2023-01-24,1,RESIDUAL_REVERTED,32.44965744018555,31.500953674316406,0.029236171987882642,145.27939445964154,5544.555721117634
PPG,-1,2023-01-23,2023-01-24,1,RESIDUAL_REVERTED,119.6208267211914,119.74955749511719,-0.00107615686544138,-23.05014966404291,5544.555721117634
FAST,-1,2023-01-23,2023-01-24,1,RESIDUAL_REVERTED,22.404233932495117,22.349477767944336,0.0024440096776244813,-3.5014511814979525,5544.555721117634
NEE,1,2023-01-23,2023-01-25,2,RESIDUAL_REVERTED,72.98686218261719,72.22454071044922,-0.010444639615559859,-74.45768716931381,5544.555721117634
EG,1,2023-01-23,2023-01-25,2,RESIDUAL_REVERTED,317.8150634765625,320.52642822265625,0.008531265687769185,30.59745769717548,5544.555721117634
KEY,-1,2023-01-23,2023-01-25,2,RESIDUAL_REVERTED,14.38615608215332,14.583453178405762,-0.013714372006376152,-93.69306061877585,5544.555721117634
WDC,-1,2023-01-24,2023-01-25,1,RESIDUAL_REVERTED,30.93682098388672,30.560733795166016,0.012156620388261152,50.55461829159726,5558.171711899933
PCAR,-1,2023-01-25,2023-01-26,1,RESIDUAL_REVERTED,65.5170669555664,66.16752624511719,-0.009928089271638463,-72.44785899759657,5563.345994047901
TRV,-1,2023-01-25,2023-01-26,1,RESIDUAL_REVERTED,181.22927856445312,178.42674255371094,0.015464035573840684,69.03667425848556,5563.345994047901
RTX,-1,2023-01-25,2023-01-27,2,RESIDUAL_REVERTED,91.81376647949219,92.32229614257812,-0.005538708219747557,-48.44046066213754,5563.345994047901
NDAQ,1,2023-01-26,2023-01-27,1,RESIDUAL_REVERTED,54.901649475097656,56.73234176635742,0.033344941522934324,167.9879173981004,5545.084608383159
COF,-1,2023-01-26,2023-01-27,1,RESIDUAL_REVERTED,109.32424926757812,110.09376525878906,-0.007038840846073313,-56.16323005508144,5545.084608383159
WMB,1,2023-01-23,2023-01-30,5,RESIDUAL_REVERTED,27.121662139892578,26.813264846801758,-0.011370884700949269,-79.58560123043607,5544.555721117634
MMM,1,2023-01-25,2023-01-30,3,RESIDUAL_REVERTED,84.4459228515625,84.42379760742188,-0.0002620048830482835,-18.14547536294637,5563.345994047901
STX,-1,2023-01-27,2023-01-30,1,RESIDUAL_REVERTED,62.23650360107422,61.981285095214844,0.004100784766048027,5.718858520992201,5569.88851370799
NEE,1,2023-01-26,2023-01-31,3,RESIDUAL_REVERTED,67.35454559326172,66.8523178100586,-0.007456479422130791,-57.92004288761801,5545.084608383159
MKTX,-1,2023-01-26,2023-01-31,3,RESIDUAL_REVERTED,349.3974914550781,346.8289489746094,0.007351347800958585,22.865981291158157,5545.084608383159
URI,-1,2023-01-27,2023-01-31,2,RESIDUAL_REVERTED,415.87506103515625,413.9593811035156,0.0046063832894241985,8.102642353621569,5569.88851370799
CL,1,2023-01-30,2023-01-31,1,RESIDUAL_REVERTED,66.45111846923828,67.53717041015625,0.016343621686679688,73.86642618367331,5545.899610242937
AXP,-1,2023-01-30,2023-02-01,2,RESIDUAL_REVERTED,167.60958862304688,166.25750732421875,0.008066849336817783,27.292054294173422,5545.899610242937
LHX,-1,2023-01-30,2023-02-01,2,RESIDUAL_REVERTED,196.7661590576172,197.8690185546875,-0.005604924659566857,-48.653350748689725,5545.899610242937
CEG,1,2023-01-31,2023-02-01,1,RESIDUAL_REVERTED,80.50772094726562,83.009033203125,0.03106922201285256,155.68558894261622,5555.711744831066
CINF,-1,2023-01-31,2023-02-01,1,RESIDUAL_REVERTED,101.62480163574219,102.70787048339844,-0.010657524838654453,-76.412899645497,5555.711744831066
TMO,1,2023-01-25,2023-02-02,6,RESIDUAL_REVERTED,564.52001953125,584.8018188476562,0.03592751118595805,182.88732168721847,5563.345994047901
GLW,1,2023-02-01,2023-02-02,1,RESIDUAL_REVERTED,31.59817886352539,32.486087799072266,0.028100003464814005,139.23670284021082,5556.609350621544
IP,-1,2023-02-01,2023-02-02,1,RESIDUAL_REVERTED,34.752708435058594,34.710636138916016,0.0012106192017004025,-10.368995309883434,5556.609350621544
AOS,-1,2023-02-01,2023-02-03,2,RESIDUAL_REVERTED,64.08714294433594,65.01362609863281,-0.014456615035898679,-98.02398186497881,5556.609350621544
ODFL,-1,2023-02-02,2023-02-03,1,RESIDUAL_REVERTED,182.7571258544922,178.73226928710938,0.022022980217949684,105.95758895108695,5583.462131573611
JNJ,1,2023-01-31,2023-02-06,4,RESIDUAL_REVERTED,145.2668914794922,147.8272705078125,0.01762534464834875,81.1073170336285,5555.711744831066
CAT,1,2023-02-01,2023-02-06,3,RESIDUAL_REVERTED,238.8742218017578,235.42039489746094,-0.014458767791039495,-96.89103977156094,5556.609350621544
IEX,1,2023-02-02,2023-02-06,2,RESIDUAL_REVERTED,219.0601348876953,217.810791015625,-0.005703200505700501,-48.54622504099224,5583.462131573611
AMD,-1,2023-02-02,2023-02-06,2,RESIDUAL_REVERTED,84.29000091552734,84.62999725341797,-0.004033649711682408,-40.22276027441711,5583.462131573611
AFL,1,2023-02-03,2023-02-06,1,RESIDUAL_REVERTED,63.228607177734375,63.76311111450195,0.008453514328808476,30.04320998964796,5521.802295965025
SYK,-1,2023-02-02,2023-02-07,3,RESIDUAL_REVERTED,267.080078125,259.6600341796875,0.027782094409302016,137.26069899946717,5583.462131573611
APD,1,2023-02-03,2023-02-07,2,RESIDUAL_REVERTED,266.9170837402344,257.5198669433594,-0.0352065018289367,-210.67714450586647,5521.802295965025
CLX,-1,2023-02-06,2023-02-07,1,RESIDUAL_REVERTED,135.67906188964844,133.13980102539062,0.018715200627809958,86.96284843115842,5551.460598154478
GWW,-1,2023-02-03,2023-02-08,3,RESIDUAL_REVERTED,650.2026977539062,652.9115600585938,-0.00416618127553936,-40.92736787156985,5521.802295965025
PH,-1,2023-02-06,2023-02-08,2,RESIDUAL_REVERTED,333.78338623046875,332.019775390625,0.005283698687825078,11.838767047074377,5551.460598154478
CPAY,1,2023-02-07,2023-02-08,1,RESIDUAL_REVERTED,210.02000427246094,210.50999450683594,0.002333064586263589,-3.739072961145336,5577.084880622158
TECH,1,2023-02-07,2023-02-08,1,RESIDUAL_REVERTED,73.75196075439453,76.49042510986328,0.037130732897912466,190.03937253592417,5577.084880622158
L,-1,2023-02-07,2023-02-09,2,RESIDUAL_REVERTED,60.3420524597168,61.58744430541992,-0.02063887115100238,-132.9135475644834,5577.084880622158
CARR,1,2023-02-08,2023-02-09,1,RESIDUAL_REVERTED,42.594852447509766,43.27080535888672,0.01586935680103463,72.02394912734407,5606.917073970961
SWKS,-1,2023-02-08,2023-02-09,1,RESIDUAL_REVERTED,108.1773681640625,107.85662841796875,0.002964943144182608,-0.6103510233902367,5606.917073970961
TSN,1,2023-02-07,2023-02-10,3,RESIDUAL_REVERTED,52.92158889770508,53.35169982910156,0.008127324601456376,28.527534344092906,5577.084880622158
GRMN,1,2023-02-07,2023-02-10,3,RESIDUAL_REVERTED,91.02381134033203,89.04300689697266,-0.02176138764342972,-137.91431299038467,5577.084880622158
CINF,-1,2023-02-08,2023-02-10,2,RESIDUAL_REVERTED,116.4871826171875,114.37568664550781,0.018126423218756238,84.08215643844075,5606.917073970961
LUMN,1,2023-02-09,2023-02-10,1,RESIDUAL_REVERTED,3.9700000286102295,3.950000047683716,-0.005037778534604964,-44.910914069008996,5592.7363918387855
JKHY,1,2023-02-09,2023-02-10,1,RESIDUAL_REVERTED,157.16358947753906,158.91151428222656,0.01112169052958234,45.32917316300177,5592.7363918387855
FTNT,-1,2023-02-09,2023-02-10,1,RESIDUAL_REVERTED,60.7599983215332,57.41999816894531,0.054970379276725545,290.69539324484697,5592.7363918387855
CME,-1,2023-02-09,2023-02-10,1,RESIDUAL_REVERTED,163.01144409179688,158.31591796875,0.028804886363700155,144.13086857725756,5592.7363918387855
IFF,1,2023-02-10,2023-02-13,1,RESIDUAL_REVERTED,83.26126861572266,86.10733795166016,0.03418239216451302,175.77313738870149,5646.219777104537
MPWR,-1,2023-02-10,2023-02-13,1,RESIDUAL_REVERTED,495.34228515625,479.91522216796875,0.031144248029248978,158.73887623114442,5646.219777104537
CBRE,-1,2023-02-10,2023-02-13,1,RESIDUAL_REVERTED,87.05999755859375,87.47000122070312,-0.004709438015242595,-44.018415205114074,5646.219777104537
NWS,1,2023-02-13,2023-02-14,1,RESIDUAL_REVERTED,18.239656448364258,18.278423309326172,0.002125416181585571,-4.976221616043933,5669.1509195563085
EXPE,1,2023-02-13,2023-02-14,1,RESIDUAL_REVERTED,107.02626037597656,109.23562622070312,0.020643212581334724,99.84649059801892,5669.1509195563085
MSI,-1,2023-02-13,2023-02-14,1,RESIDUAL_REVERTED,260.8736267089844,259.7706604003906,0.004227971690768717,6.548289039136934,5669.1509195563085
DXCM,-1,2023-02-13,2023-02-14,1,RESIDUAL_REVERTED,119.69000244140625,117.5,0.01829728796670682,86.43359707542248,5669.1509195563085
GPN,-1,2023-02-13,2023-02-14,1,RESIDUAL_REVERTED,112.31012725830078,109.60954284667969,0.02404577821740017,119.07424742186154,5669.1509195563085
LYV,1,2023-02-13,2023-02-15,2,RESIDUAL_REVERTED,76.4800033569336,77.81999969482422,0.017520871849819875,82.17202130002723,5669.1509195563085
FIS,1,2023-02-14,2023-02-15,1,RESIDUAL_REVERTED,59.282737731933594,59.803157806396484,0.008778610677802057,32.918869754439086,5709.686335390022
ILMN,-1,2023-02-14,2023-02-15,1,RESIDUAL_REVERTED,207.9863739013672,206.24513244628906,0.00837190159343737,30.29250179617143,5709.686335390022
NWSA,1,2023-02-13,2023-02-16,3,RESIDUAL_REVERTED,18.017498016357422,18.24961280822754,0.012882742745934372,55.91720880652601,5669.150919556308
WHR,-1,2023-02-14,2023-02-16,2,RESIDUAL_REVERTED,120.48857116699219,118.81204223632812,0.013914422873688714,61.514760587289665,5709.686335390022
MRSH,1,2023-02-15,2023-02-16,1,RESIDUAL_REVERTED,156.89942932128906,156.83334350585938,-0.00042119857105638037,-19.53824455075503,5711.990394059129
LDOS,1,2023-02-15,2023-02-16,1,RESIDUAL_REVERTED,90.18631744384766,93.05271911621094,0.03178311027222036,164.136532155215,5711.990394059129
ECL,-1,2023-02-15,2023-02-17,2,RESIDUAL_REVERTED,152.9188232421875,154.96482849121094,-0.013379682145363114,-94.6033599570395,5711.990394059129
CDNS,-1,2023-02-15,2023-02-17,2,RESIDUAL_REVERTED,199.10000610351562,192.3300018310547,0.03400303397751325,176.47671020063774,5711.990394059129
HWM,-1,2023-02-15,2023-02-17,2,RESIDUAL_REVERTED,42.07859420776367,42.50431823730469,-0.01011735390776125,-75.93405665019678,5711.990394059129
MLM,-1,2023-02-16,2023-02-17,1,RESIDUAL_REVERTED,365.8861083984375,359.215576171875,0.018231171048720185,86.60896346714033,5705.373097793588
AKAM,1,2023-02-16,2023-02-21,2,RESIDUAL_REVERTED,78.02999877929688,76.7300033569336,-0.01666020047033756,-112.0261998713418,5705.3730977935875
OGN,1,2023-02-17,2023-02-21,1,RESIDUAL_REVERTED,21.193822860717773,22.335952758789062,0.05388975389561268,290.44826061187695,5716.481767666199
HSIC,1,2023-02-17,2023-02-21,1,RESIDUAL_REVERTED,82.36000061035156,82.54000091552734,0.0021855306440243805,-4.67463954287693,5716.481767666199
VMC,1,2023-02-17,2023-02-21,1,RESIDUAL_REVERTED,178.40890502929688,178.91412353515625,0.0028318009450056802,-0.9857887389219204,5716.481767666199
WST,-1,2023-02-17,2023-02-21,1,RESIDUAL_REVERTED,314.1608581542969,306.4647521972656,0.024497341910275083,122.65048109025543,5716.481767666199
DVN,1,2023-02-16,2023-02-22,3,RESIDUAL_REVERTED,49.541622161865234,46.67392349243164,-0.057884634057078,-346.87417306737274,5705.373097793588
BIO,-1,2023-02-21,2023-02-22,1,RESIDUAL_REVERTED,476.2799987792969,467.2300109863281,0.01900140215033974,91.69354631608235,5748.129743203717
IEX,-1,2023-02-21,2023-02-22,1,RESIDUAL_REVERTED,218.6500244140625,215.67466735839844,0.01360785146783039,60.6451900163831,5748.129743203717
DE,-1,2023-02-21,2023-02-23,2,RESIDUAL_REVERTED,411.906005859375,410.0558776855469,0.004491627088486161,7.71122894110053,5748.129743203717
NDSN,1,2023-02-22,2023-02-23,1,RESIDUAL_REVERTED,206.2701873779297,212.68231201171875,0.03108604648737101,161.55058214454817,5761.552736217492
HD,1,2023-02-22,2023-02-23,1,RESIDUAL_REVERTED,269.8410949707031,269.15185546875,-0.0025542421625139866,-31.978984527666732,5761.552736217492
DOV,1,2023-02-22,2023-02-23,1,RESIDUAL_REVERTED,142.62159729003906,143.0426788330078,0.002952438837944271,-0.2995420914781306,5761.552736217492
SWK,1,2023-02-22,2023-02-23,1,RESIDUAL_REVERTED,72.29700469970703,73.46031951904297,0.016090774772314242,75.28412743750869,5761.552736217492
TAP,-1,2023-02-22,2023-02-23,1,RESIDUAL_REVERTED,46.68042755126953,46.87383270263672,-0.004143174377629011,-41.64772919129525,5761.552736217492
PG,-1,2023-02-21,2023-02-24,3,RESIDUAL_REVERTED,126.7279281616211,126.78266143798828,-0.0004318959298172942,-21.11195685240547,5748.129743203717
KEYS,1,2023-02-23,2023-02-24,1,RESIDUAL_REVERTED,160.8699951171875,158.77999877929688,-0.012991834408698444,-92.1496266991102,5769.322985375623
GRMN,-1,2023-02-23,2023-02-27,2,RESIDUAL_REVERTED,91.9537582397461,92.30714416503906,-0.003843083002345704,-40.43564783295342,5769.322985375624
EBAY,1,2023-02-24,2023-02-27,1,RESIDUAL_REVERTED,41.823978424072266,42.394596099853516,0.013643314129409223,61.11128811586745,5752.815201052505
GM,1,2023-02-24,2023-02-27,1,RESIDUAL_REVERTED,37.463077545166016,38.060020446777344,0.01593416613708909,74.27036809663052,5752.815201052505
NVDA,-1,2023-02-24,2023-02-27,1,RESIDUAL_REVERTED,23.147605895996094,23.591121673583984,-0.019160330428150463,-128.10739628417534,5752.815201052505
NI,-1,2023-02-23,2023-02-28,3,RESIDUAL_REVERTED,24.9465274810791,24.481239318847656,0.018651420025666776,89.09292007481069,5769.322985375624
DG,1,2023-02-24,2023-02-28,2,RESIDUAL_REVERTED,200.81674194335938,201.4781494140625,0.003293587299059375,1.6605323782444703,5752.815201052505
ADSK,1,2023-02-27,2023-02-28,1,RESIDUAL_REVERTED,195.0,195.11000061035156,0.0005641056941105838,-14.000724393156169,5745.677308489158
LIN,-1,2023-02-27,2023-02-28,1,RESIDUAL_REVERTED,329.6815490722656,327.9866943359375,0.005140884411328095,11.891462703810213,5745.677308489157
PWR,-1,2023-02-24,2023-03-01,3,RESIDUAL_REVERTED,157.49041748046875,161.18350219726562,-0.023449583637397353,-153.76138944021054,5752.815201052505
HSIC,1,2023-02-28,2023-03-01,1,RESIDUAL_REVERTED,78.22000122070312,77.77999877929688,-0.005625190929935631,-49.47331687233408,5741.526541168282
SCHW,1,2023-02-28,2023-03-01,1,RESIDUAL_REVERTED,74.31741333007812,73.89904022216797,-0.005629543456416641,-49.49826953342702,5741.526541168282
UNP,-1,2023-02-28,2023-03-01,1,RESIDUAL_REVERTED,194.59951782226562,190.4954833984375,0.021089643333939145,103.59515511105037,5741.526541168282
DPZ,1,2023-02-24,2023-03-02,4,RESIDUAL_REVERTED,284.3744812011719,284.28033447265625,-0.00033106602293553333,-19.160150409979053,5752.8152010525055
XRAY,-1,2023-03-01,2023-03-02,1,RESIDUAL_REVERTED,35.23042678833008,33.931007385253906,0.03688344199981697,194.4098837750949,5741.282468922393
ABT,-1,2023-03-01,2023-03-02,1,RESIDUAL_REVERTED,93.68250274658203,93.28245544433594,0.00427024567573997,6.8733686441119985,5741.282468922393
VRSK,-1,2023-03-02,2023-03-03,1,TRAILING_STOP,171.61477661132812,181.53111826117356,-0.057782563049940006,-350.70681410218003,5753.915162065879
LYV,-1,2023-02-28,2023-03-06,4,RESIDUAL_REVERTED,71.81999969482422,73.54000091552734,-0.023948777889330364,-156.77016941072318,5741.526541168282
GS,1,2023-03-01,2023-03-06,3,RESIDUAL_REVERTED,321.6459655761719,329.6274719238281,0.024814570061088004,125.02990747470608,5741.282468922393
LOW,1,2023-03-02,2023-03-06,2,RESIDUAL_REVERTED,179.6935577392578,186.81939697265625,0.039655507537661894,210.57041895505284,5753.915162065879
PFG,1,2023-03-03,2023-03-06,1,RESIDUAL_REVERTED,75.36109161376953,76.31527709960938,0.01266151359285117,55.187881947223616,5723.387079131018
CRM,-1,2023-03-03,2023-03-06,1,RESIDUAL_REVERTED,184.54698181152344,181.60317993164062,0.01595150379045107,73.81313839375785,5723.387079131018
DXCM,-1,2023-03-03,2023-03-06,1,RESIDUAL_REVERTED,120.52999877929688,114.0999984741211,0.05334771733425292,288.1542251342613,5723.387079131018
ARE,1,2023-03-02,2023-03-07,3,RESIDUAL_REVERTED,118.7520980834961,121.49861907958984,0.02312818923133997,115.61627674510459,5753.915162065879
COO,-1,2023-03-06,2023-03-07,1,RESIDUAL_REVERTED,87.74317932128906,86.47578430175781,0.014444370825570707,64.86591993439194,5696.086229638613
NWL,1,2023-03-07,2023-03-08,1,RESIDUAL_REVERTED,11.444257736206055,11.376237869262695,-0.005943580484749633,-51.24932158238928,5736.009232394845
DXCM,1,2023-03-07,2023-03-08,1,RESIDUAL_REVERTED,113.23999786376953,113.51000213623047,0.002384354270173583,-3.5518646073287474,5736.009232394845
BRK-B,-1,2023-03-07,2023-03-08,1,RESIDUAL_REVERTED,316.3900146484375,310.7200012207031,0.017920961993805995,85.2933119150727,5736.009232394845
IT,-1,2023-03-07,2023-03-08,1,RESIDUAL_REVERTED,340.8800048828125,333.70001220703125,0.021063108932568797,103.34453487607196,5736.009232394845
UHS,1,2023-03-01,2023-03-09,6,RESIDUAL_REVERTED,130.5218048095703,121.28313446044922,-0.07078258198007759,-422.99707023850766,5741.282468922393
FSLR,-1,2023-03-02,2023-03-09,5,RESIDUAL_REVERTED,195.72999572753906,214.64999389648438,-0.09666376427700141,-576.7391544302345,5753.915162065879
EMN,1,2023-03-07,2023-03-09,2,RESIDUAL_REVERTED,71.97042083740234,72.66542053222656,0.00965674073789824,38.10003959920165,5736.009232394845
MRK,-1,2023-03-07,2023-03-09,2,RESIDUAL_REVERTED,99.94127655029297,97.73268127441406,0.02209893001284091,108.84755187486677,5736.009232394845
UAL,-1,2023-03-08,2023-03-09,1,RESIDUAL_REVERTED,54.22999954223633,53.7599983215332,0.008666812182749006,32.02846069828079,5718.955993623003
CFG,1,2023-03-08,2023-03-09,1,STOP_LOSS,33.52802276611328,31.150184721871824,-0.07092091474731199,-422.14206806253424,5718.955993623003
BF-B,1,2023-03-09,2023-03-10,1,RESIDUAL_REVERTED,59.034969329833984,57.15253448486328,-0.03188677603020951,-199.79448800033222,5734.802906145733
ON,-1,2023-03-09,2023-03-10,1,RESIDUAL_REVERTED,82.87999725341797,82.33999633789062,0.0065154552777820784,19.76941993775292,5734.802906145733
KIM,-1,2023-03-09,2023-03-10,1,RESIDUAL_REVERTED,16.925535202026367,16.527984619140625,0.02348821340894125,117.2525538331486,5734.802906145733
MET,1,2023-03-09,2023-03-10,1,TRAILING_STOP,60.714290618896484,57.22691345214844,-0.05743914869463451,-346.1125022836731,5734.802906145733
SCHW,1,2023-03-10,2023-03-13,1,STOP_LOSS,62.43195343017578,49.21531295776367,-0.21169673134116596,-1217.564162755505,5679.4886858504715
ZION,1,2023-03-10,2023-03-13,1,TRAILING_STOP,33.0302848815918,23.004648208618164,-0.3035286165079687,-1738.339978331473,5679.4886858504715
AMP,1,2023-03-10,2023-03-13,1,TRAILING_STOP,296.3260192871094,274.6224755478907,-0.07324211283043014,-432.3922505790406,5679.4886858504715
BSX,-1,2023-03-10,2023-03-13,1,TRAILING_STOP,47.060001373291016,48.048000793457035,-0.020994462204303233,-136.90033098846231,5679.4886858504715
GE,-1,2023-03-10,2023-03-14,2,RESIDUAL_REVERTED,72.10431671142578,71.53155517578125,0.007943512424323007,27.261574868662038,5679.4886858504715
WM,-1,2023-03-10,2023-03-14,2,TRAILING_STOP,142.88002014160156,146.36003662109374,-0.024356214928044517,-156.47458195811288,5679.4886858504715
BXP,1,2023-03-15,2023-03-16,1,RESIDUAL_REVERTED,42.720767974853516,45.32408905029297,0.06093806827095971,306.38397265715076,5296.484990973133
CHRW,1,2023-03-15,2023-03-16,1,RESIDUAL_REVERTED,88.86642456054688,89.56769561767578,0.007891293709595626,25.843969541276685,5296.484990973133
JBHT,1,2023-03-15,2023-03-16,1,RESIDUAL_REVERTED,160.85498046875,163.03115844726562,0.01352881938858208,55.65825108103637,5296.484990973133
C,-1,2023-03-15,2023-03-16,1,RESIDUAL_REVERTED,40.53416061401367,39.838375091552734,0.017165410900858435,74.74864027293584,5296.484990973133
EMN,-1,2023-03-15,2023-03-16,1,RESIDUAL_REVERTED,69.64925384521484,68.62665557861328,0.014682113736266822,61.57147557824522,5296.484990973133
FTV,-1,2023-03-15,2023-03-16,1,RESIDUAL_REVERTED,48.190696716308594,47.5300407409668,0.01370920157537836,56.41318183307876,5296.484990973133
SCHW,-1,2023-03-15,2023-03-17,2,RESIDUAL_REVERTED,54.245243072509766,53.75080871582031,0.009114796591998653,31.594094843340503,5296.484990973133
FISV,-1,2023-03-15,2023-03-17,2,RESIDUAL_REVERTED,109.16999816894531,109.06999969482422,0.0009159886030807307,-11.872948415656703,5296.484990973133
UAL,1,2023-03-15,2023-03-20,3,RESIDUAL_REVERTED,44.65999984741211,43.25,-0.031571873090676106,-182.85857700665142,5296.484990973133
DG,1,2023-03-17,2023-03-20,1,RESIDUAL_REVERTED,197.05322265625,194.36099243164062,-0.01366245214525541,-88.57312588591394,5322.277787277823
HIG,-1,2023-03-17,2023-03-20,1,RESIDUAL_REVERTED,62.957664489746094,62.23691940307617,0.011448091229421475,44.64175162047187,5322.277787277823
PGR,-1,2023-03-17,2023-03-20,1,RESIDUAL_REVERTED,129.7574005126953,124.69160461425781,0.039040516212729415,191.72426508822977,5322.277787277823
REG,1,2023-03-17,2023-03-21,2,RESIDUAL_REVERTED,50.29277420043945,50.423011779785156,0.0025895882940687454,-2.2049988685000264,5322.277787277823
FRT,1,2023-03-17,2023-03-21,2,RESIDUAL_REVERTED,82.23868560791016,82.89972686767578,0.008038081529139207,26.749898058869736,5322.277787277823
AON,-1,2023-03-17,2023-03-21,2,RESIDUAL_REVERTED,290.15582275390625,296.0366516113281,-0.020267829890870948,-124.84733469248644,5322.277787277823
FDX,-1,2023-03-20,2023-03-21,1,RESIDUAL_REVERTED,165.1713104248047,163.8423614501953,0.00804588261237038,26.446449886729408,5310.596913474266
NEM,-1,2023-03-20,2023-03-21,1,RESIDUAL_REVERTED,45.05091094970703,43.589603424072266,0.0324368030485801,156.17160859969036,5310.596913474265
ALK,1,2023-03-15,2023-03-22,5,RESIDUAL_REVERTED,41.02000045776367,40.599998474121094,-0.010238956093504559,-70.03858652949033,5296.484990973132
UPS,1,2023-03-21,2023-03-22,1,RESIDUAL_REVERTED,152.64405822753906,154.19842529296875,0.010182951655495653,38.24058285361062,5335.142981070719
PKG,-1,2023-03-21,2023-03-22,1,RESIDUAL_REVERTED,123.12370300292969,121.31282043457031,0.014707830614193673,62.16455191614987,5335.142981070719
MSFT,1,2023-03-21,2023-03-23,2,RESIDUAL_REVERTED,267.4371032714844,270.414306640625,0.011132349747740022,43.29815965983807,5335.142981070719
CPAY,-1,2023-03-21,2023-03-23,2,RESIDUAL_REVERTED,203.77999877929688,202.24000549316406,0.007557136595141012,23.515737660937326,5335.142981070719
ED,1,2023-03-22,2023-03-23,1,RESIDUAL_REVERTED,83.08655548095703,81.40937805175781,-0.020185906365845385,-123.80509651032615,5346.652621556474
USB,-1,2023-03-22,2023-03-23,1,RESIDUAL_REVERTED,31.904918670654297,29.80344009399414,0.0658669153290482,336.26213687465076,5346.652621556473
TFC,-1,2023-03-22,2023-03-23,1,RESIDUAL_REVERTED,28.073659896850586,27.215879440307617,0.03055463590050822,147.1611334741665,5346.652621556473
KEY,-1,2023-03-22,2023-03-23,1,RESIDUAL_REVERTED,10.541759490966797,10.159331321716309,0.03627745155618378,177.81066351244436,5346.652621556473
BF-B,-1,2023-03-23,2023-03-24,1,RESIDUAL_REVERTED,57.1708984375,57.014793395996094,0.0027304983089353474,-1.8651155978077596,5419.139659808037
ATO,1,2023-03-22,2023-03-27,3,RESIDUAL_REVERTED,101.21092987060547,100.99058532714844,-0.002177082492362592,-27.66260152408176,5346.652621556473
MTB,1,2023-03-23,2023-03-27,2,RESIDUAL_REVERTED,105.79167938232422,107.18428039550781,0.013163615714529175,54.97104979767556,5419.139659808037
FDS,1,2023-03-24,2023-03-27,1,RESIDUAL_REVERTED,374.4366455078125,383.22344970703125,0.023466731434104382,109.4744893592086,5358.114746945544
GPC,1,2023-03-24,2023-03-27,1,RESIDUAL_REVERTED,140.08938598632812,142.10890197753906,0.014415910077641536,61.05189298624945,5358.114746945544
ACN,-1,2023-03-24,2023-03-27,1,RESIDUAL_REVERTED,254.1400604248047,254.40316772460938,-0.0010352846354284573,-22.057523227719738,5358.114746945544
MU,-1,2023-03-24,2023-03-27,1,RESIDUAL_REVERTED,59.60839080810547,60.278263092041016,-0.011237885721358198,-76.8083614974175,5358.114746945544
CBRE,1,2023-03-23,2023-03-28,3,RESIDUAL_REVERTED,71.72000122070312,68.41000366210938,-0.04615166623335565,-265.984590343548,5419.139659808037
REGN,-1,2023-03-24,2023-03-28,2,RESIDUAL_REVERTED,797.5239868164062,816.296875,-0.023538963710085126,-143.25450443158948,5358.114746945544
NFLX,-1,2023-03-24,2023-03-28,2,RESIDUAL_REVERTED,32.0629997253418,32.60599899291992,-0.016935385716544626,-107.82230698501945,5358.114746945544
AEE,-1,2023-03-27,2023-03-28,1,RESIDUAL_REVERTED,75.9234619140625,75.23177337646484,0.009110339810117885,32.38738937216978,5357.59313490046
MCHP,1,2023-03-28,2023-03-29,1,RESIDUAL_REVERTED,71.06220245361328,72.87960815429688,0.025574857490097136,121.57554650372703,5394.607520112217
HPE,-1,2023-03-28,2023-03-29,1,RESIDUAL_REVERTED,13.718873023986816,13.865500450134277,-0.010688008110512515,-74.35548934816717,5394.607520112217
BAC,-1,2023-03-28,2023-03-29,1,RESIDUAL_REVERTED,25.98589324951172,26.08661460876465,-0.003876001424535369,-37.548914337059244,5394.607520112217
AMT,1,2023-03-28,2023-03-30,2,RESIDUAL_REVERTED,170.1505889892578,178.72056579589844,0.05036701228922391,255.11887530580324,5394.607520112217
NKE,1,2023-03-28,2023-03-30,2,RESIDUAL_REVERTED,109.28520202636719,112.13895416259766,0.0261128870452374,124.47365110050247,5394.607520112217
MKC,-1,2023-03-29,2023-03-30,1,RESIDUAL_REVERTED,74.66898345947266,74.58653259277344,0.0011042184167937563,-10.638273019971898,5391.385955474864
OXY,-1,2023-03-29,2023-03-30,1,RESIDUAL_REVERTED,58.9970703125,59.04412078857422,-0.0007975052968731688,-20.904058713067023,5391.385955474864
AVGO,1,2023-03-28,2023-03-31,3,RESIDUAL_REVERTED,59.8792724609375,60.387821197509766,0.008492901060279667,29.56332156512553,5394.607520112217
CDW,1,2023-03-29,2023-03-31,2,RESIDUAL_REVERTED,177.8985137939453,180.97669982910156,0.017303045256025218,76.97330622108495,5391.385955474864
ULTA,1,2023-03-30,2023-03-31,1,RESIDUAL_REVERTED,527.8099975585938,538.75,0.020727160326651006,95.95265592258824,5422.258058796666
PAYX,-1,2023-03-30,2023-03-31,1,RESIDUAL_REVERTED,104.8432846069336,101.67835235595703,0.030187267242171578,147.2475852174504,5422.258058796666
CTAS,-1,2023-03-30,2023-03-31,1,RESIDUAL_REVERTED,113.16871643066406,112.2506103515625,0.008112719734380547,27.35768956341123,5422.258058796666
WM,-1,2023-03-31,2023-04-03,1,RESIDUAL_REVERTED,153.7491455078125,154.1468048095703,-0.0025864163371080995,-30.938739363777103,5456.527128824144
DLR,-1,2023-04-03,2023-04-04,1,RESIDUAL_REVERTED,87.64220428466797,83.28692626953125,0.04969384385849618,253.98736795470262,5439.539191315955
KIM,-1,2023-04-03,2023-04-04,1,RESIDUAL_REVERTED,16.536441802978516,16.53643798828125,2.3068428567363242e-07,-16.7473037331704,5439.539191315956
VTR,1,2023-04-03,2023-04-05,2,RESIDUAL_REVERTED,39.1973876953125,38.0967903137207,-0.02807833496831258,-168.82272125575062,5439.539191315955
EXR,1,2023-04-04,2023-04-05,1,RESIDUAL_REVERTED,134.57302856445312,137.3762969970703,0.020830834101906115,96.84803030691143,5441.026563028721
COP,-1,2023-04-04,2023-04-05,1,RESIDUAL_REVERTED,97.14811706542969,95.87471008300781,0.01310789154630998,54.68055148451147,5441.026563028721
INTC,-1,2023-03-30,2023-04-06,5,RESIDUAL_REVERTED,31.086471557617188,31.818490982055664,-0.023547845341074458,-146.35098607637366,5422.258058796666
SPG,-1,2023-04-03,2023-04-06,3,RESIDUAL_REVERTED,93.96961975097656,92.12396240234375,0.01964100050126716,89.3993895249418,5439.539191315955
SCHW,1,2023-03-31,2023-04-10,5,RESIDUAL_REVERTED,49.87139892578125,47.075927734375,-0.05605359487842876,-321.7687555670537,5456.527128824144
MU,1,2023-04-03,2023-04-10,4,RESIDUAL_REVERTED,58.9188232421875,60.39021682739258,0.02497323443064836,119.32050551435537,5439.539191315955
NEM,-1,2023-04-05,2023-04-10,2,RESIDUAL_REVERTED,47.85329818725586,47.40935134887695,0.009277246400899886,33.17042801526265,5409.882795857289
MKTX,1,2023-04-06,2023-04-10,1,RESIDUAL_REVERTED,317.7685546875,322.8116149902344,0.015870230796416696,69.1664972232168,5384.104511502172
CMI,1,2023-04-06,2023-04-10,1,RESIDUAL_REVERTED,204.44277954101562,204.41493225097656,-0.00013621068008162762,-16.884586012843137,5384.104511502172
JNJ,-1,2023-04-06,2023-04-10,1,RESIDUAL_REVERTED,150.19346618652344,148.96286010742188,0.008193472794437606,27.603224641141164,5384.104511502172
ABT,-1,2023-04-05,2023-04-11,3,RESIDUAL_REVERTED,95.47801208496094,96.93859100341797,-0.015297542193875469,-100.42047129548652,5409.882795857289
CSX,-1,2023-04-10,2023-04-11,1,RESIDUAL_REVERTED,28.39849853515625,28.636497497558594,-0.008380688229263633,-62.12745327870793,5415.077343069545
ICE,-1,2023-04-10,2023-04-11,1,RESIDUAL_REVERTED,102.8160400390625,101.85989379882812,0.00929958243743978,33.76309126129913,5415.077343069545
CAG,1,2023-04-11,2023-04-12,1,RESIDUAL_REVERTED,30.721662521362305,30.83611488342285,0.0037254612109927088,3.9204258604525286,5445.996385499038
INCY,1,2023-04-11,2023-04-12,1,RESIDUAL_REVERTED,74.2300033569336,74.30999755859375,0.0010776532135599037,-10.477896993887676,5445.996385499039
MU,-1,2023-04-11,2023-04-12,1,RESIDUAL_REVERTED,62.81844711303711,63.52915954589844,-0.011313753610980859,-78.47681894366343,5445.996385499038
CTAS,1,2023-04-03,2023-04-13,7,RESIDUAL_REVERTED,111.36396026611328,110.28839111328125,-0.009658143893786386,-68.77566602122933,5439.539191315955
AMCR,1,2023-04-11,2023-04-13,2,RESIDUAL_REVERTED,46.08692932128906,45.631866455078125,-0.00987401141522204,-70.03115888845583,5445.996385499038
ORCL,1,2023-04-11,2023-04-13,2,RESIDUAL_REVERTED,89.90255737304688,90.59514617919922,0.007703772021506294,25.55379335545908,5445.996385499038
WDC,-1,2023-04-11,2023-04-13,2,RESIDUAL_REVERTED,28.80817413330078,28.612607955932617,0.006788565511415046,19.826121538415585,5445.996385499038
KMX,-1,2023-04-12,2023-04-13,1,RESIDUAL_REVERTED,73.0,69.66999816894531,0.045616463439105304,231.51965282911766,5433.416293091117
MHK,-1,2023-04-12,2023-04-13,1,RESIDUAL_REVERTED,101.7699966430664,98.36000061035156,0.03350688950766678,165.61518699493735,5433.416293091116
WHR,-1,2023-04-12,2023-04-14,2,RESIDUAL_REVERTED,112.85343933105469,111.88774108886719,0.008557100677761609,29.410147297175318,5433.416293091116
FTV,-1,2023-04-13,2023-04-14,1,RESIDUAL_REVERTED,49.586238861083984,49.87574768066406,-0.005838491207029062,-49.01807530953469,5490.914018515573
PH,1,2023-04-14,2023-04-17,1,RESIDUAL_REVERTED,307.9664001464844,308.4185791015625,0.0014682736651239203,-8.38017873543829,5463.212525818336
JKHY,-1,2023-04-14,2023-04-17,1,RESIDUAL_REVERTED,150.62832641601562,146.68299865722656,0.026192468924421175,126.49768800188198,5463.212525818336
AAL,1,2023-04-13,2023-04-18,3,RESIDUAL_REVERTED,13.149999618530273,13.199999809265137,0.003802295983674764,4.37402114327994,5490.914018515573
SYY,1,2023-04-13,2023-04-18,3,RESIDUAL_REVERTED,68.09011840820312,68.88528442382812,0.01167814117840038,47.55474154747631,5490.914018515573
PGR,1,2023-04-14,2023-04-18,2,RESIDUAL_REVERTED,126.04769897460938,126.0111312866211,-0.0002901099209724478,-17.9721923333446,5463.212525818336
PSA,1,2023-04-14,2023-04-18,2,RESIDUAL_REVERTED,264.40496826171875,254.36898803710938,-0.03795685191011755,-223.44493685024653,5463.212525818336
C,-1,2023-04-17,2023-04-18,1,RESIDUAL_REVERTED,44.387760162353516,44.53940963745117,-0.0034164705437484955,-35.240478806407125,5420.904336122778
STT,1,2023-04-18,2023-04-19,1,RESIDUAL_REVERTED,65.55034637451172,67.44355010986328,0.028881674011835612,139.89880468957713,5414.385847531664
ENPH,-1,2023-04-14,2023-04-20,4,RESIDUAL_REVERTED,209.77000427246094,220.5,-0.05115123949562572,-298.0901577207474,5463.212525818336
JPM,-1,2023-04-17,2023-04-20,3,RESIDUAL_REVERTED,130.11810302734375,130.08090209960938,0.0002859012456287724,-16.00922935244815,5420.904336122778
JNJ,1,2023-04-19,2023-04-20,1,RESIDUAL_REVERTED,146.57412719726562,146.97222900390625,0.0027160441904241495,-1.5580159682304657,5409.216538980719
MAR,-1,2023-04-19,2023-04-20,1,RESIDUAL_REVERTED,166.66867065429688,167.17141723632812,-0.0030164432226980065,-33.001334270329274,5409.216538980718
MTB,-1,2023-04-18,2023-04-21,3,RESIDUAL_REVERTED,112.91527557373047,110.68357849121094,0.019764350493590155,89.63773015851508,5414.385847531664
CDW,1,2023-04-20,2023-04-21,1,RESIDUAL_REVERTED,155.9521484375,156.43667602539062,0.003106899088888282,0.5516686867942919,5395.886974145919
OMC,1,2023-04-20,2023-04-21,1,RESIDUAL_REVERTED,80.61576080322266,81.64203643798828,0.012730458964106184,52.4014186003329,5395.886974145918
CSCO,1,2023-04-20,2023-04-24,2,RESIDUAL_REVERTED,43.6552848815918,43.14179611206055,-0.011762350673555577,-79.56077323503537,5395.886974145918
T,1,2023-04-21,2023-04-24,1,RESIDUAL_REVERTED,14.988045692443848,15.172565460205078,0.012311129252445152,50.32179818924959,5415.218498691749
DHI,-1,2023-04-21,2023-04-24,1,RESIDUAL_REVERTED,103.9275894165039,102.77915954589844,0.011050288735197977,43.25848271955441,5415.218498691749
TAP,-1,2023-04-14,2023-04-25,7,RESIDUAL_REVERTED,49.58670425415039,51.44719314575195,-0.03751991425092216,-224.7913591323976,5463.212525818336
SNA,-1,2023-04-21,2023-04-25,2,RESIDUAL_REVERTED,237.21511840820312,235.49073791503906,0.007269268943460472,22.314991821130786,5415.218498691749
MRSH,-1,2023-04-21,2023-04-25,2,RESIDUAL_REVERTED,170.60592651367188,169.91404724121094,0.004055423434575101,4.890546069581868,5415.218498691749
WRB,1,2023-04-24,2023-04-25,1,RESIDUAL_REVERTED,35.548606872558594,35.35828399658203,-0.005353877204214208,-45.226565492219635,5419.050793342915
ALB,1,2023-04-24,2023-04-25,1,RESIDUAL_REVERTED,169.6610870361328,170.97232055664062,0.007728546029111216,25.56140903517847,5419.050793342915
HPE,1,2023-04-20,2023-04-26,4,RESIDUAL_REVERTED,13.471437454223633,12.912419319152832,-0.04149654682140358,-239.7624713733871,5395.886974145918
CARR,1,2023-04-25,2023-04-26,1,RESIDUAL_REVERTED,40.728824615478516,39.21506118774414,-0.03716688222716569,-217.7407357421923,5428.436581253124
T,1,2023-04-25,2023-04-26,1,RESIDUAL_REVERTED,14.686103820800781,14.585457801818848,-0.00685314636271217,-53.43137735016965,5428.436581253124
HCA,-1,2023-04-24,2023-04-27,3,RESIDUAL_REVERTED,276.2236022949219,271.31927490234375,0.017754917942681137,78.81970632925835,5419.050793342915
KDP,-1,2023-04-26,2023-04-27,1,RESIDUAL_REVERTED,32.13421630859375,31.31142807006836,0.0256047395282315,121.97036466943845,5405.560300258771
MDT,-1,2023-04-25,2023-04-28,3,RESIDUAL_REVERTED,79.89798736572266,81.45851135253906,-0.019531455525573005,-123.77287113019999,5428.436581253124
UPS,1,2023-04-26,2023-04-28,2,RESIDUAL_REVERTED,144.88037109375,146.21151733398438,0.009187899162496072,33.37456344035951,5405.560300258771
PEP,-1,2023-04-26,2023-04-28,2,RESIDUAL_REVERTED,166.78945922851562,168.04608154296875,-0.007534183036899567,-57.865167624279735,5405.560300258771
ODFL,1,2023-04-27,2023-04-28,1,RESIDUAL_REVERTED,149.602294921875,155.69557189941406,0.04072983626836124,202.3815081385881,5372.664442840294
MSCI,1,2023-04-26,2023-05-01,3,RESIDUAL_REVERTED,443.5827941894531,462.2816467285156,0.04215414300103859,211.30828085422255,5405.560300258771
BRO,-1,2023-04-26,2023-05-01,3,RESIDUAL_REVERTED,61.43034744262695,62.61994934082031,-0.019365052416550066,-122.35501806444366,5405.560300258771
WAB,1,2023-04-27,2023-05-02,3,RESIDUAL_REVERTED,94.9312973022461,95.71684265136719,0.008274882693534158,28.273487435679797,5372.664442840294
HAS,-1,2023-04-28,2023-05-02,2,RESIDUAL_REVERTED,51.874534606933594,51.17588806152344,0.013468006040034397,55.71940446329104,5393.557260165108
RMD,-1,2023-05-01,2023-05-02,1,RESIDUAL_REVERTED,231.29222106933594,226.58514404296875,0.020351212006201047,93.34760189870877,5394.571297092237
L,-1,2023-05-02,2023-05-03,1,RESIDUAL_REVERTED,59.167137145996094,58.71201705932617,0.0076921093130956075,24.903806229489117,5384.23702417508
ENPH,1,2023-04-27,2023-05-04,5,RESIDUAL_REVERTED,166.52999877929688,158.8699951171875,-0.04599774045672833,-262.8777222944771,5372.664442840294
CMCSA,-1,2023-04-28,2023-05-04,4,RESIDUAL_REVERTED,33.38274002075195,33.99135971069336,-0.018231567857014408,-116.42622926622677,5393.557260165109
TMUS,1,2023-05-01,2023-05-04,3,RESIDUAL_REVERTED,137.4200439453125,133.2364959716797,-0.03044350630027226,-180.1670346636667,5394.571297092236
GPN,1,2023-05-02,2023-05-04,2,RESIDUAL_REVERTED,99.23916625976562,99.3644027709961,0.0012619665798345725,-9.36817598088208,5384.23702417508
LDOS,1,2023-05-03,2023-05-04,1,RESIDUAL_REVERTED,77.26427459716797,76.97653198242188,-0.0037241353296371127,-35.80283187281097,5328.9529030655885
AME,-1,2023-05-03,2023-05-04,1,RESIDUAL_REVERTED,142.91604614257812,141.29287719726562,0.01135749965887789,44.20914661730268,5328.952903065588
BR,-1,2023-05-03,2023-05-05,2,RESIDUAL_REVERTED,145.58737182617188,144.0193328857422,0.01077043235797881,40.65389583854656,5328.952903065588
FSLR,1,2023-05-01,2023-05-08,5,RESIDUAL_REVERTED,182.5800018310547,179.6999969482422,-0.015773933913515004,-101.14968460665631,5394.571297092237
RSG,-1,2023-05-01,2023-05-08,5,RESIDUAL_REVERTED,139.35223388671875,140.035888671875,-0.004905947799243693,-44.841552154651275,5394.571297092237
BWA,1,2023-05-05,2023-05-08,1,RESIDUAL_REVERTED,36.701480865478516,37.727508544921875,0.027956029436633445,133.42820939747247,5355.530967331598
TFX,1,2023-05-05,2023-05-08,1,RESIDUAL_REVERTED,243.5733184814453,249.27015686035156,0.02338859779233249,109.00387931766677,5355.530967331598
BALL,-1,2023-05-05,2023-05-08,1,RESIDUAL_REVERTED,56.634639739990234,55.64421844482422,0.017487906689493293,77.31209436928724,5355.530967331598
VMC,-1,2023-05-05,2023-05-08,1,RESIDUAL_REVERTED,187.94815063476562,188.64938354492188,-0.0037309912749230456,-36.504346032377484,5355.530967331598
VRSK,-1,2023-05-04,2023-05-09,3,RESIDUAL_REVERTED,203.77200317382812,205.1862335205078,-0.006940258350766948,-54.48261157893136,5347.328939407191
AES,1,2023-05-09,2023-05-10,1,RESIDUAL_REVERTED,18.521312713623047,19.3094539642334,0.042553206827000256,211.7847991882884,5363.082813345074
WELL,1,2023-05-09,2023-05-10,1,RESIDUAL_REVERTED,70.93640899658203,73.21270751953125,0.03208928327706717,155.75008897031165,5363.082813345074
VTRS,-1,2023-05-09,2023-05-10,1,RESIDUAL_REVERTED,8.386852264404297,8.438516616821289,-0.006160160068189979,-49.60189469520597,5363.082813345074
PGR,-1,2023-05-09,2023-05-11,2,RESIDUAL_REVERTED,122.36672973632812,121.80957794189453,0.004553131358777995,7.508118320210791,5363.082813345074
DVA,-1,2023-05-10,2023-05-11,1,RESIDUAL_REVERTED,101.5,98.76000213623047,0.026995052845020018,128.1253236739454,5347.930959904657
LYV,-1,2023-05-08,2023-05-12,4,RESIDUAL_REVERTED,77.16000366210938,77.81999969482422,-0.008553602921081094,-64.03445533995068,5386.880308483033
TSN,1,2023-05-09,2023-05-12,3,RESIDUAL_REVERTED,44.506160736083984,43.53286361694336,-0.02186881777810845,-133.19760279282286,5363.082813345074
AXON,1,2023-05-11,2023-05-12,1,RESIDUAL_REVERTED,197.83999633789062,205.1199951171875,0.03679740656112518,179.8735119204717,5330.815898388475
J,1,2023-05-11,2023-05-12,1,RESIDUAL_REVERTED,91.45179748535156,93.75050354003906,0.025135712122615228,117.80041532468667,5330.815898388475
MET,1,2023-05-05,2023-05-12,5,TRAILING_STOP,49.45225524902344,45.140990164096394,-0.08718035331689311,-482.2633292106284,5355.530967331598
BSX,-1,2023-05-09,2023-05-15,4,RESIDUAL_REVERTED,53.13999938964844,53.369998931884766,-0.004328181123034236,-41.04287153465259,5363.082813345074
AKAM,-1,2023-05-11,2023-05-15,2,RESIDUAL_REVERTED,85.31999969482422,85.2300033569336,0.0010548094023972165,-11.210154967695921,5330.815898388475
MOS,1,2023-05-05,2023-05-16,7,RESIDUAL_REVERTED,35.142635345458984,32.55717086791992,-0.07357059173631808,-409.48516085726305,5355.530967331598
STE,-1,2023-05-12,2023-05-16,2,RESIDUAL_REVERTED,201.29727172851562,203.21347045898438,-0.009519248393257351,-68.09934063250337,5364.50782144065
AXON,1,2023-05-15,2023-05-16,1,RESIDUAL_REVERTED,200.1999969482422,203.25,0.01523478071054285,65.04301747254655,5326.1871998582865
GEN,1,2023-05-15,2023-05-16,1,RESIDUAL_REVERTED,15.101044654846191,15.212631225585938,0.007389327910101606,23.31934671516855,5326.1871998582865
MHK,1,2023-05-15,2023-05-16,1,RESIDUAL_REVERTED,95.0999984741211,94.91000366210938,-0.00199784242965495,-26.60348305157251,5326.1871998582865
PYPL,1,2023-05-15,2023-05-16,1,RESIDUAL_REVERTED,61.068965911865234,61.11841583251953,0.0008097389552275125,-11.672209572903427,5326.1871998582865
FSLR,-1,2023-05-15,2023-05-16,1,RESIDUAL_REVERTED,228.0800018310547,220.0,0.03542617400117254,172.58021757313224,5326.1871998582865
TPR,-1,2023-05-12,2023-05-17,3,RESIDUAL_REVERTED,37.192630767822266,38.765708923339844,-0.042295425815335186,-244.65634478128686,5364.50782144065
WDC,-1,2023-05-16,2023-05-18,2,RESIDUAL_REVERTED,27.642305374145508,27.84539222717285,-0.007346957870500104,-56.31486156355064,5354.700182667646
STX,-1,2023-05-16,2023-05-18,2,RESIDUAL_REVERTED,56.290470123291016,56.3365592956543,-0.0008187739818539264,-21.30366576083936,5354.700182667646
GEN,1,2023-05-17,2023-05-18,1,RESIDUAL_REVERTED,14.422242164611816,14.868578910827637,0.030947805557655084,149.31285316443748,5351.449733489984
CZR,1,2023-05-17,2023-05-18,1,RESIDUAL_REVERTED,41.7599983215332,43.34000015258789,0.03783529440996114,186.11561647195106,5351.449733489984
EBAY,1,2023-05-17,2023-05-18,1,RESIDUAL_REVERTED,40.509300231933594,41.214874267578125,0.017417581434505447,77.0151483579654,5351.449733489984
FRT,1,2023-05-17,2023-05-18,1,RESIDUAL_REVERTED,77.3069839477539,78.21156311035156,0.011701131209684634,46.469739269888095,5351.449733489984
IT,-1,2023-05-17,2023-05-18,1,RESIDUAL_REVERTED,321.82000732421875,324.79998779296875,-0.009259773789476622,-66.1085644192337,5351.449733489984
BRK-B,-1,2023-05-17,2023-05-18,1,RESIDUAL_REVERTED,325.0199890136719,326.8699951171875,-0.005691976389297748,-46.988180472177795,5351.449733489984
KEYS,-1,2023-05-18,2023-05-19,1,RESIDUAL_REVERTED,157.0,157.49000549316406,-0.003121054096586473,-33.431623695742566,5387.4488338143965
AES,1,2023-05-17,2023-05-22,3,RESIDUAL_REVERTED,17.904504776000977,17.887371063232422,-0.0009569498281527533,-21.167736499947168,5351.449733489984
MOH,1,2023-05-19,2023-05-22,1,RESIDUAL_REVERTED,283.7900085449219,286.6700134277344,0.010148366031556888,38.2807387064314,5366.601527124208
CAG,1,2023-05-19,2023-05-22,1,RESIDUAL_REVERTED,29.491130828857422,29.606599807739258,0.003915379832395205,4.88096038134894,5366.601527124208
CPRT,-1,2023-05-19,2023-05-22,1,RESIDUAL_REVERTED,44.209999084472656,44.29999923706055,-0.0020357420142878,-27.466261999728022,5366.601527124208
TTWO,-1,2023-05-19,2023-05-22,1,RESIDUAL_REVERTED,140.1999969482422,137.42999267578125,0.01975752020510768,89.67247401252718,5366.601527124209
SNPS,-1,2023-05-19,2023-05-22,1,RESIDUAL_REVERTED,413.0299987792969,405.760009765625,0.017601600453134636,78.08141307897654,5366.601527124208
BBWI,-1,2023-05-19,2023-05-22,1,RESIDUAL_REVERTED,33.40313720703125,33.53885269165039,-0.0040629562360559035,-38.36396787177012,5366.601527124208
PODD,1,2023-05-19,2023-05-23,2,RESIDUAL_REVERTED,302.9700012207031,303.4599914550781,0.001617289607554362,-7.433474726985395,5366.601527124208
BWA,-1,2023-05-22,2023-05-24,2,RESIDUAL_REVERTED,38.81241989135742,38.9890251159668,-0.00455022451843301,-41.42174698618033,5365.970141237661
PEP,1,2023-05-23,2023-05-24,1,RESIDUAL_REVERTED,165.02850341796875,164.83380126953125,-0.0011798092111662273,-22.38174801315011,5356.997708458439
TGT,1,2023-05-19,2023-05-24,3,TRAILING_STOP,137.60171508789062,126.69095825148449,-0.07929230263908471,-440.99170172483144,5366.601527124208
NKE,1,2023-05-23,2023-05-25,2,RESIDUAL_REVERTED,101.70612335205078,100.39044189453125,-0.012936108605431373,-85.26574922480731,5356.997708458439
KMB,1,2023-05-23,2023-05-25,2,RESIDUAL_REVERTED,121.736328125,118.79423522949219,-0.024167747958414254,-145.34336370155367,5356.997708458439
PFE,-1,2023-05-23,2023-05-25,2,RESIDUAL_REVERTED,31.436429977416992,31.4038143157959,0.001037511627259291,-11.367929610407495,5356.997708458439
EPAM,-1,2023-05-23,2023-05-25,2,RESIDUAL_REVERTED,261.32000732421875,256.2099914550781,0.019554629289446845,87.99762079089982,5356.997708458439
MTCH,-1,2023-05-23,2023-05-25,2,RESIDUAL_REVERTED,32.577484130859375,32.70230484008789,-0.0038315024182693502,-37.487347005372186,5356.997708458439
AZO,1,2023-05-24,2023-05-26,2,RESIDUAL_REVERTED,2463.409912109375,2461.14990234375,-0.0009174314654315507,-20.735885331879583,5295.095101269948
GLW,-1,2023-05-25,2023-05-26,1,RESIDUAL_REVERTED,29.22792625427246,28.720338821411133,0.017366522292601272,76.14900460855222,5319.604904672848
ADI,1,2023-05-25,2023-05-30,2,RESIDUAL_REVERTED,157.3939971923828,168.36839294433594,0.06972563088628547,354.3976241180078,5319.604904672848
INTU,1,2023-05-25,2023-05-30,2,RESIDUAL_REVERTED,408.01971435546875,413.7427673339844,0.01402641288437767,58.54423759852105,5319.604904672848
DLTR,1,2023-05-26,2023-05-30,1,RESIDUAL_REVERTED,136.50999450683594,141.89999389648438,0.03948428398316661,194.31255080109074,5334.584591829276
MDT,1,2023-05-26,2023-05-31,2,RESIDUAL_REVERTED,73.80756378173828,73.65596771240234,-0.002053936772445586,-26.944217885179448,5334.584591829276
AVGO,-1,2023-05-30,2023-05-31,1,RESIDUAL_REVERTED,79.98078155517578,76.12883758544922,0.048160869334206824,240.3025969665492,5321.519222130406
NVDA,-1,2023-05-26,2023-06-01,3,RESIDUAL_REVERTED,37.77014923095703,38.36725997924805,-0.015809065106939357,-101.77118151847891,5334.584591829276
CDNS,-1,2023-05-26,2023-06-01,3,RESIDUAL_REVERTED,226.25999450683594,228.57000732421875,-0.01020955039983007,-71.84775991126571,5334.584591829276
SNPS,-1,2023-05-26,2023-06-01,3,RESIDUAL_REVERTED,434.29998779296875,446.5299987792969,-0.02816028397439929,-167.78271570145517,5334.584591829276
ULTA,1,2023-05-30,2023-06-01,2,RESIDUAL_REVERTED,417.6499938964844,408.1099853515625,-0.022842113454660806,-137.3369713707175,5321.519222130406
MDLZ,1,2023-05-31,2023-06-01,1,RESIDUAL_REVERTED,66.09354400634766,67.14236450195312,0.015868728351210004,67.92418076282922,5288.016815583483
MA,1,2023-05-31,2023-06-01,1,RESIDUAL_REVERTED,358.0289306640625,360.147705078125,0.005917886049411347,15.382889673830402,5288.016815583483
GEN,-1,2023-05-23,2023-06-02,7,RESIDUAL_REVERTED,15.97813892364502,16.559162139892578,-0.03636363527843289,-214.15691800603605,5356.997708458439
EW,-1,2023-06-01,2023-06-05,2,RESIDUAL_REVERTED,84.05999755859375,84.94000244140625,-0.01046877121545342,-72.64789511714886,5323.938360217217
DG,1,2023-06-02,2023-06-05,1,RESIDUAL_REVERTED,151.5200958251953,153.12684631347656,0.010604207181434955,40.15695734422584,5291.956398233624
ROST,1,2023-06-02,2023-06-05,1,RESIDUAL_REVERTED,97.9658203125,100.04690551757812,0.02124297227787908,96.3723885441259,5291.956398233623
NTAP,-1,2023-06-02,2023-06-05,1,RESIDUAL_REVERTED,67.53842163085938,66.62016296386719,0.013596093080336713,55.76840043091475,5291.956398233623
HRL,-1,2023-06-02,2023-06-05,1,RESIDUAL_REVERTED,35.334110260009766,35.79037857055664,-0.012912970135355861,-84.73845775359737,5291.956398233623
MTCH,-1,2023-06-02,2023-06-06,2,RESIDUAL_REVERTED,36.79248809814453,37.18614959716797,-0.010699507409592357,-73.43373885636164,5291.956398233623
MMM,-1,2023-06-05,2023-06-06,1,RESIDUAL_REVERTED,76.5470962524414,74.39256286621094,0.02814650707487487,133.12641172055496,5301.378700610075
TGT,1,2023-05-31,2023-06-07,5,RESIDUAL_REVERTED,119.2489013671875,117.28569030761719,-0.016463137496967373,-102.79081234609522,5288.016815583483
AAP,1,2023-06-01,2023-06-07,4,RESIDUAL_REVERTED,67.3266372680664,62.49549102783203,-0.07175683260399268,-397.4277253581716,5323.938360217217
CRM,1,2023-06-02,2023-06-07,3,RESIDUAL_REVERTED,208.9118194580078,210.854736328125,0.009300176864850407,33.26643707425204,5291.956398233623
EPAM,1,2023-06-06,2023-06-07,1,RESIDUAL_REVERTED,197.99000549316406,209.6300048828125,0.0587908433087565,294.0211598780255,5278.404576766719
PAYC,-1,2023-06-06,2023-06-07,1,RESIDUAL_REVERTED,296.6484375,301.3652038574219,-0.01590018945379379,-100.31184266599176,5278.404576766719
FTNT,-1,2023-06-06,2023-06-07,1,RESIDUAL_REVERTED,71.3499984741211,69.54000091552734,0.025367871020351096,117.85923173178662,5278.404576766719
TSCO,-1,2023-06-07,2023-06-08,1,RESIDUAL_REVERTED,40.734886169433594,40.860748291015625,-0.0030897869962989155,-32.81682506316121,5315.210646440807
MAS,-1,2023-06-07,2023-06-09,2,RESIDUAL_REVERTED,50.186279296875,51.442108154296875,-0.025023350505684494,-150.01859946781332,5315.210646440807
CPB,1,2023-06-08,2023-06-09,1,RESIDUAL_REVERTED,40.0157356262207,40.310420989990234,0.007364237072189139,23.016093777598655,5287.1779060662575
PTC,1,2023-06-08,2023-06-09,1,RESIDUAL_REVERTED,135.75999450683594,137.91000366210938,0.015836838849939472,67.7450524744293,5287.1779060662575
FICO,1,2023-06-08,2023-06-09,1,RESIDUAL_REVERTED,756.1099853515625,769.6699829101562,0.01793389562536829,78.8159334568671,5287.1779060662575
INTU,1,2023-06-08,2023-06-09,1,RESIDUAL_REVERTED,410.8276672363281,412.2218322753906,0.003393551968982944,2.0538658058051107,5287.1779060662575
WHR,-1,2023-06-08,2023-06-09,1,RESIDUAL_REVERTED,123.17764282226562,121.19486236572266,0.016096918329602583,68.95973064927081,5287.1779060662575
BF-B,-1,2023-06-08,2023-06-12,2,RESIDUAL_REVERTED,60.12385177612305,59.35917663574219,0.012718332538444121,50.64900708747481,5287.1779060662575
CHRW,1,2023-06-06,2023-06-13,5,RESIDUAL_REVERTED,84.9579086303711,84.00133514404297,-0.01125938128361792,-75.17763607476222,5278.404576766719
BBWI,-1,2023-06-06,2023-06-13,5,RESIDUAL_REVERTED,35.87766647338867,38.43452072143555,-0.07126590158653023,-394.77546693734035,5278.404576766719
WMB,1,2023-06-12,2023-06-13,1,RESIDUAL_REVERTED,26.597007751464844,26.993974685668945,0.014925247904333805,63.04403968824297,5296.545495471279
GLW,-1,2023-06-12,2023-06-13,1,RESIDUAL_REVERTED,30.5978946685791,30.718944549560547,-0.0039561506532588275,-37.29497630833926,5296.545495471279
MTCH,-1,2023-06-12,2023-06-13,1,RESIDUAL_REVERTED,39.893741607666016,41.0458984375,-0.028880641007926533,-169.50434611442972,5296.545495471279
ADBE,-1,2023-06-09,2023-06-14,3,RESIDUAL_REVERTED,456.9100036621094,476.1499938964844,-0.04210892753532969,-240.65091911494326,5298.744318741341
PLD,1,2023-06-12,2023-06-14,2,RESIDUAL_REVERTED,108.31704711914062,108.92576599121094,0.005619788281347571,13.831179624198988,5296.545495471279
TGT,1,2023-06-12,2023-06-14,2,RESIDUAL_REVERTED,113.08391571044922,114.7717514038086,0.014925515116412047,63.0454528662207,5296.545495471279
V,1,2023-06-14,2023-06-15,1,RESIDUAL_REVERTED,218.28472900390625,216.60665893554688,-0.00768752846805576,-56.041019195524505,5249.253842526214
CMI,-1,2023-06-14,2023-06-15,1,RESIDUAL_REVERTED,224.26361083984375,218.61097717285156,0.02520530926004294,116.35308901787486,5249.253842526214
STLD,-1,2023-06-14,2023-06-15,1,RESIDUAL_REVERTED,104.23213958740234,99.12179565429688,0.04902848539168925,241.60155404140716,5249.253842526214
FMC,1,2023-06-12,2023-06-16,4,RESIDUAL_REVERTED,93.09203338623047,93.69133758544922,0.006437760326195585,18.157107134536183,5296.545495471279
FCX,-1,2023-06-14,2023-06-16,2,RESIDUAL_REVERTED,38.90737533569336,38.13114929199219,0.019950614427313162,88.31282859764514,5249.253842526214
CVS,1,2023-06-15,2023-06-16,1,RESIDUAL_REVERTED,59.64541244506836,61.29067611694336,0.02758407737376678,129.24512866549253,5266.132986274721
NKE,-1,2023-06-15,2023-06-16,1,RESIDUAL_REVERTED,103.95587921142578,105.97307586669922,-0.019404353756374393,-118.55769993649032,5266.132986274721
CCL,-1,2023-06-13,2023-06-20,4,RESIDUAL_REVERTED,14.821818351745605,15.737109184265137,-0.06175293818870298,-343.75662332686676,5274.2147216177145
BIIB,1,2023-06-14,2023-06-20,3,RESIDUAL_REVERTED,304.6000061035156,296.0,-0.02823376865131444,-163.7316707816142,5249.253842526214
HUM,1,2023-06-15,2023-06-21,3,RESIDUAL_REVERTED,439.1278991699219,427.0013427734375,-0.02761508986199024,-161.00499749652977,5266.132986274721
DPZ,-1,2023-06-16,2023-06-21,2,RESIDUAL_REVERTED,313.48126220703125,305.8046569824219,0.024488242680162364,112.60412120295183,5269.964321738475
ETN,1,2023-06-20,2023-06-21,1,RESIDUAL_REVERTED,181.90757751464844,185.61114501953125,0.020359610938057715,90.96801395000996,5249.445351781042
GLW,-1,2023-06-20,2023-06-21,1,RESIDUAL_REVERTED,32.73955535888672,32.357784271240234,0.011660851329883926,45.14294341864236,5249.445351781042
BALL,-1,2023-06-20,2023-06-21,1,RESIDUAL_REVERTED,54.042625427246094,53.59330368041992,0.008314210186384563,27.549406870346687,5249.445351781042
MAR,1,2023-06-16,2023-06-22,3,RESIDUAL_REVERTED,171.927978515625,170.94842529296875,-0.0056974625719060645,-45.790279306883335,5269.964321738475
LEN,-1,2023-06-16,2023-06-22,3,RESIDUAL_REVERTED,111.01673126220703,111.9176025390625,-0.00811473429827192,-59.89640865872421,5269.964321738475
GNRC,-1,2023-06-21,2023-06-23,2,RESIDUAL_REVERTED,128.89999389648438,122.81999969482422,0.047168304806459616,231.33655346699388,5247.960230922451
FMC,-1,2023-06-22,2023-06-23,1,RESIDUAL_REVERTED,95.66546630859375,94.49332427978516,0.01225250943770606,48.12327236089486,5235.348043287447
CTVA,-1,2023-06-22,2023-06-23,1,RESIDUAL_REVERTED,56.368408203125,55.50907516479492,0.01524494066310067,63.81422863773164,5235.348043287447
INTC,1,2023-06-22,2023-06-26,2,RESIDUAL_REVERTED,32.03699493408203,32.52700424194336,0.015295108323035711,64.24905847786543,5235.348043287447
FFIV,1,2023-06-22,2023-06-26,2,RESIDUAL_REVERTED,145.0500030517578,144.4499969482422,-0.00413654664523877,-37.329821122902814,5235.348043287447
ARE,1,2023-06-20,2023-06-27,5,RESIDUAL_REVERTED,97.10035705566406,96.39214324951172,-0.007293627208253772,-53.978402255165435,5249.445351781042
TDG,-1,2023-06-22,2023-06-27,3,RESIDUAL_REVERTED,720.7459106445312,731.994873046875,-0.01560738983906873,-98.798356383254,5235.348043287447
HCA,-1,2023-06-23,2023-06-27,2,RESIDUAL_REVERTED,285.4966735839844,286.6961364746094,-0.004201320020886801,-38.63740138458885,5244.207232647047
KMX,-1,2023-06-26,2023-06-27,1,RESIDUAL_REVERTED,86.41000366210938,81.72000122070312,0.054276151401933204,268.12327827522097,5228.3133336428755
DGX,-1,2023-06-26,2023-06-27,1,RESIDUAL_REVERTED,132.99375915527344,131.9149627685547,0.00811163165528117,26.37499388314102,5228.3133336428755
NVR,-1,2023-06-26,2023-06-27,1,RESIDUAL_REVERTED,6184.0,6155.02001953125,0.0046862840344032985,8.440570962354016,5228.3133336428755
BWA,1,2023-06-21,2023-06-28,5,RESIDUAL_REVERTED,39.12300109863281,39.156761169433594,0.0008629212957276255,-11.22209691533687,5247.960230922452
AWK,1,2023-06-27,2023-06-28,1,RESIDUAL_REVERTED,129.67898559570312,132.04669189453125,0.018258211135379065,80.53380511414981,5287.55411216822
CCL,1,2023-06-27,2023-06-28,1,RESIDUAL_REVERTED,14.51672077178955,15.687899589538574,0.0806779186677602,410.08631498546504,5287.55411216822
TXN,-1,2023-06-28,2023-06-29,1,RESIDUAL_REVERTED,159.16354370117188,160.3300323486328,-0.007328868284379286,-55.74900996540443,5350.517654028547
REGN,1,2023-06-28,2023-06-30,2,RESIDUAL_REVERTED,701.5892333984375,703.5211181640625,0.002753583826061723,-1.3405537372045604,5350.517654028547
DAL,-1,2023-06-28,2023-06-30,2,RESIDUAL_REVERTED,44.66225051879883,45.029052734375,-0.00821280189232243,-60.913902285248945,5350.517654028547
NWL,-1,2023-06-28,2023-06-30,2,RESIDUAL_REVERTED,7.576892375946045,7.722603797912598,-0.01923102701433832,-119.96410482940591,5350.517654028547
GNRC,-1,2023-06-28,2023-06-30,2,RESIDUAL_REVERTED,144.3300018310547,148.6300048828125,-0.02979285662859743,-176.56719385282514,5350.517654028547
SJM,1,2023-06-29,2023-06-30,1,RESIDUAL_REVERTED,127.86270904541016,129.87710571289062,0.015754371876831375,67.32775812785445,5288.597241064322
FDS,1,2023-06-23,2023-07-03,6,RESIDUAL_REVERTED,386.2026672363281,382.7117004394531,-0.009039209443726604,-63.06500400883011,5244.207232647047
ODFL,-1,2023-06-28,2023-07-03,3,RESIDUAL_REVERTED,176.87277221679688,180.51968383789062,-0.02061884130262648,-127.8533807290256,5350.517654028547
WFC,-1,2023-06-30,2023-07-03,1,RESIDUAL_REVERTED,39.62486267089844,39.56028366088867,0.0016297598441191719,-7.657765121218027,5293.40428040569
GIS,1,2023-06-29,2023-07-05,3,RESIDUAL_REVERTED,66.34935760498047,66.37531280517578,0.00039118992454811874,-13.800049036428849,5288.597241064322
HSY,1,2023-06-29,2023-07-05,3,RESIDUAL_REVERTED,225.82327270507812,228.84324645996094,0.013373173272654082,54.7534475599292,5288.597241064322
CCL,-1,2023-07-03,2023-07-05,1,RESIDUAL_REVERTED,18.256622314453125,18.630611419677734,-0.02048512034608585,-125.16741015939645,5304.385464555806
ROST,-1,2023-07-03,2023-07-05,1,RESIDUAL_REVERTED,107.62883758544922,107.45454406738281,0.001619394225344406,-7.731287571462852,5304.385464555806
EFX,1,2023-07-05,2023-07-06,1,RESIDUAL_REVERTED,222.15902709960938,222.95751953125,0.003594238064801303,3.110183256536975,5281.821594390607
BBY,1,2023-07-03,2023-07-07,3,RESIDUAL_REVERTED,70.12014770507812,68.4991455078125,-0.023117495474816785,-138.35332720675964,5304.385464555806
FIS,-1,2023-07-05,2023-07-07,2,RESIDUAL_REVERTED,52.984893798828125,53.38677978515625,-0.007584916332077585,-56.82685648581877,5281.821594390607
QRVO,1,2023-07-06,2023-07-07,1,RESIDUAL_REVERTED,96.0999984741211,98.91999816894531,0.029344430172739466,137.28740606436818,5219.971386416466
PCG,-1,2023-07-06,2023-07-07,1,RESIDUAL_REVERTED,17.46527671813965,17.1114501953125,0.020258855816447485,89.84067130958519,5219.971386416466
GPN,-1,2023-07-05,2023-07-07,2,TRAILING_STOP,97.06200408935547,103.07586961532162,-0.06195900839250945,-344.46887252994844,5281.821594390607
DOC,-1,2023-07-05,2023-07-10,3,RESIDUAL_REVERTED,16.678234100341797,16.580791473388672,0.005842502651472459,13.79373251665897,5281.821594390607
LVS,1,2023-07-06,2023-07-10,2,RESIDUAL_REVERTED,50.95420455932617,52.38054656982422,0.02799262637565758,130.2416134892628,5219.971386416466
NKE,1,2023-07-03,2023-07-11,5,RESIDUAL_REVERTED,103.24007415771484,98.21098327636719,-0.04871258493736608,-273.91589838514807,5304.385464555806
SBAC,-1,2023-07-06,2023-07-11,3,RESIDUAL_REVERTED,223.34820556640625,224.2000274658203,-0.0038138739339941274,-36.84416921444795,5219.971386416466
DHI,1,2023-07-07,2023-07-11,2,RESIDUAL_REVERTED,110.84210205078125,115.19491577148438,0.039270400327746646,189.26286679738317,5226.5963673389115
BIIB,1,2023-07-10,2023-07-11,1,RESIDUAL_REVERTED,275.0,280.0,0.018181818181818077,79.31965400840521,5234.0503544838475
GRMN,1,2023-07-10,2023-07-11,1,RESIDUAL_REVERTED,99.50919342041016,100.49052429199219,0.009861710640504118,35.83711397518503,5234.0503544838475
SLB,-1,2023-07-10,2023-07-11,1,RESIDUAL_REVERTED,48.713340759277344,49.72743225097656,-0.02081753121204466,-125.24713045341609,5234.0503544838475
BKR,-1,2023-07-10,2023-07-11,1,RESIDUAL_REVERTED,30.8264217376709,31.209186553955078,-0.0124167773847208,-81.20771686516832,5234.0503544838475
FMC,1,2023-07-11,2023-07-12,1,RESIDUAL_REVERTED,82.11092376708984,84.193603515625,0.02536422260261917,117.38170418805817,5257.582076539483
VRSN,1,2023-07-12,2023-07-13,1,RESIDUAL_REVERTED,212.5226287841797,212.1297607421875,-0.0018485939320426192,-25.244512712585262,5209.5429233231625
LW,1,2023-07-12,2023-07-13,1,RESIDUAL_REVERTED,102.76277923583984,104.55406188964844,0.01743123986261219,75.04395031264426,5209.5429233231625
MDLZ,1,2023-07-12,2023-07-13,1,RESIDUAL_REVERTED,65.35187530517578,65.41604614257812,0.000981928018173761,-10.520905705917567,5209.5429233231625
LLY,1,2023-07-12,2023-07-13,1,RESIDUAL_REVERTED,428.6102294921875,430.3305969238281,0.004013827280041626,5.250211423959316,5209.5429233231625
NWL,-1,2023-07-12,2023-07-13,1,RESIDUAL_REVERTED,8.562573432922363,8.399720191955566,0.0190191934986087,83.19653354096816,5209.5429233231625
HPQ,-1,2023-07-12,2023-07-13,1,RESIDUAL_REVERTED,29.58819580078125,28.983821868896484,0.02042618400777274,90.53938528998279,5209.5429233231625
ETSY,-1,2023-07-12,2023-07-13,1,RESIDUAL_REVERTED,95.2699966430664,92.8499984741211,0.0254014721760929,116.50283130121345,5209.5429233231625
HAL,-1,2023-07-10,2023-07-14,4,RESIDUAL_REVERTED,32.862892150878906,34.583702087402344,-0.05236331387459492,-291.93961737057833,5234.0503544838475
MGM,-1,2023-07-11,2023-07-17,4,RESIDUAL_REVERTED,45.5,48.2599983215332,-0.06065930376996054,-336.9233647451249,5257.582076539482
CNC,1,2023-07-13,2023-07-17,2,RESIDUAL_REVERTED,63.869998931884766,65.5,0.025520605845845923,118.11682648922678,5253.763870943432
PGR,1,2023-07-14,2023-07-17,1,RESIDUAL_REVERTED,104.3884506225586,107.85282897949219,0.03318737213046563,157.17605532603048,5215.282633211199
FAST,1,2023-07-14,2023-07-17,1,RESIDUAL_REVERTED,26.099132537841797,26.640262603759766,0.02073364182251547,92.32375651737199,5215.282633211199
GPC,1,2023-07-14,2023-07-17,1,RESIDUAL_REVERTED,148.6578369140625,149.48890686035156,0.005590488625026202,13.466396370274268,5215.282633211199
PEP,-1,2023-07-14,2023-07-18,2,RESIDUAL_REVERTED,167.40216064453125,165.24566650390625,0.012882116528974752,50.81512610964589,5215.282633211199
CBOE,-1,2023-07-14,2023-07-18,2,RESIDUAL_REVERTED,135.6888427734375,136.2410125732422,-0.004069382482144501,-37.73593151979758,5215.282633211199
LUV,1,2023-07-14,2023-07-19,3,RESIDUAL_REVERTED,34.50796127319336,34.25614547729492,-0.007297324634882307,-53.64637192118359,5215.282633211199
VZ,1,2023-07-18,2023-07-19,1,RESIDUAL_REVERTED,26.183128356933594,27.5650634765625,0.05277960298670559,260.84527986271746,5248.350186546551
SBAC,1,2023-07-18,2023-07-19,1,RESIDUAL_REVERTED,211.5723419189453,219.16392517089844,0.03588173758014879,172.29239367656547,5248.350186546551
CCI,1,2023-07-18,2023-07-19,1,RESIDUAL_REVERTED,92.3252182006836,94.36795043945312,0.022125398440210775,100.2026057129111,5248.350186546551
TMUS,-1,2023-07-18,2023-07-19,1,RESIDUAL_REVERTED,131.29685974121094,132.82763671875,-0.011658900148535656,-77.44444793476086,5248.350186546551
FDS,-1,2023-07-14,2023-07-20,4,RESIDUAL_REVERTED,398.1370849609375,409.42724609375,-0.02835747173343628,-165.43992639558826,5215.282633211199
UNH,-1,2023-07-17,2023-07-20,3,RESIDUAL_REVERTED,450.05194091796875,473.9525451660156,-0.05310632412627059,-296.6131038126208,5256.1702133993895
SCHW,-1,2023-07-19,2023-07-20,1,RESIDUAL_REVERTED,64.8743896484375,63.058250427246094,0.02799470223971734,130.92922930743484,5245.673633592221
OMC,1,2023-07-20,2023-07-21,1,RESIDUAL_REVERTED,78.41677856445312,76.553955078125,-0.023755419700096647,-141.06660137449532,5279.480844730795
TMUS,1,2023-07-20,2023-07-21,1,RESIDUAL_REVERTED,131.5440673828125,133.92108154296875,0.01807009778129176,79.41919146190162,5279.480844730795
LIN,1,2023-07-20,2023-07-21,1,RESIDUAL_REVERTED,360.7550964355469,364.850830078125,0.011353224619821578,44.0107806742218,5279.480844730795
CAH,1,2023-07-20,2023-07-21,1,RESIDUAL_REVERTED,88.70050048828125,90.02752685546875,0.014960753996679177,63.0280940927829,5279.480844730795
NTRS,-1,2023-07-20,2023-07-21,1,RESIDUAL_REVERTED,73.6218490600586,72.62144470214844,0.013588416627434263,55.59703726127478,5279.480844730795
ALL,-1,2023-07-21,2023-07-24,1,RESIDUAL_REVERTED,104.4962387084961,103.67536926269531,0.007855492752142812,25.35436132707393,5294.555482525575
F,1,2023-07-18,2023-07-25,5,RESIDUAL_REVERTED,11.427002906799316,11.4768648147583,0.004363515819998165,7.121856619644963,5248.350186546551
RHI,1,2023-07-24,2023-07-25,1,RESIDUAL_REVERTED,66.5733871459961,67.32942199707031,0.011356412576938979,43.885997679876475,5262.502539219872
MS,-1,2023-07-19,2023-07-26,5,RESIDUAL_REVERTED,82.63882446289062,85.32325744628906,-0.032483920249904985,-188.53306657812712,5245.673633592221
ABT,-1,2023-07-21,2023-07-26,3,RESIDUAL_REVERTED,106.01648712158203,105.68769073486328,0.0031013703212188215,-0.7115176868279893,5294.555482525575
CSX,1,2023-07-24,2023-07-26,2,RESIDUAL_REVERTED,30.927019119262695,31.825115203857422,0.02903920617539746,136.8021602729461,5262.502539219872
ISRG,1,2023-07-24,2023-07-26,2,RESIDUAL_REVERTED,336.760009765625,328.2699890136719,-0.025210893531752543,-148.26089025766905,5262.502539219872
OMC,1,2023-07-24,2023-07-27,3,RESIDUAL_REVERTED,74.02264404296875,74.1117935180664,0.0012043541033999183,-9.4590979651889,5262.502539219872
BDX,-1,2023-07-25,2023-07-27,2,RESIDUAL_REVERTED,204.36537170410156,209.17593383789062,-0.023539027642873966,-140.1401903155895,5241.570806286862
ZTS,-1,2023-07-24,2023-07-28,4,RESIDUAL_REVERTED,175.8413543701172,182.84814453125,-0.039847225848731016,-227.52266374828665,5262.502539219872
LW,1,2023-07-26,2023-07-28,2,RESIDUAL_REVERTED,97.96434020996094,95.42124938964844,-0.025959352299643412,-151.23934175924524,5229.501402384401
UNP,-1,2023-07-27,2023-07-28,1,RESIDUAL_REVERTED,219.10897827148438,215.7681427001953,0.015247369585876358,63.39330990028736,5199.580470272239
RTX,1,2023-07-26,2023-07-31,3,RESIDUAL_REVERTED,81.21248626708984,81.80178833007812,0.007256298754974688,22.20140007133411,5229.501402384401
TDY,1,2023-07-27,2023-07-31,2,RESIDUAL_REVERTED,389.79998779296875,381.70001220703125,-0.020779825140065378,-123.4830448253117,5199.580470272239
APH,-1,2023-07-27,2023-07-31,2,RESIDUAL_REVERTED,21.812856674194336,21.3353271484375,0.021892113118855083,97.58901403848071,5199.580470272239
EBAY,1,2023-07-28,2023-07-31,1,RESIDUAL_REVERTED,41.6132926940918,42.710880279541016,0.026375888914098145,120.91019159652991,5181.20103222195
TXT,-1,2023-07-28,2023-07-31,1,RESIDUAL_REVERTED,76.6690673828125,76.61922454833984,0.0006501035707632274,-12.578606047110071,5181.20103222195
JNJ,-1,2023-07-21,2023-08-01,7,RESIDUAL_REVERTED,153.32321166992188,151.67306518554688,0.010762535342185964,38.18121506590201,5294.555482525575
ALLE,1,2023-07-27,2023-08-01,3,RESIDUAL_REVERTED,113.35662841796875,111.46719360351562,-0.01666805762329482,-102.13564794592972,5199.580470272239
TROW,-1,2023-07-31,2023-08-01,1,RESIDUAL_REVERTED,109.4781723022461,105.34306335449219,0.03777108131050766,181.08351443435546,5210.827152513297
CINF,-1,2023-07-31,2023-08-01,1,RESIDUAL_REVERTED,101.50550079345703,99.33540344238281,0.02137911082759858,95.53272019029194,5210.827152513297
AON,1,2023-07-31,2023-08-02,2,RESIDUAL_REVERTED,309.9507141113281,311.5953063964844,0.005305979984177478,11.974590297846277,5210.827152513297
MTD,1,2023-08-01,2023-08-02,1,RESIDUAL_REVERTED,1252.81005859375,1277.0,0.019308546607138988,85.74685891728565,5267.140735167682
A,1,2023-08-01,2023-08-02,1,RESIDUAL_REVERTED,119.0303955078125,119.24541473388672,0.0018064228481884381,-6.301010861925053,5267.140735167683
CVX,-1,2023-08-01,2023-08-02,1,RESIDUAL_REVERTED,142.97093200683594,140.8129425048828,0.015093903856274404,63.40494227728749,5267.140735167683
DXCM,1,2023-08-01,2023-08-03,2,RESIDUAL_REVERTED,124.44999694824219,123.80000305175781,-0.0052229322010727275,-43.270076280362204,5267.140735167683
DIS,-1,2023-08-01,2023-08-03,2,RESIDUAL_REVERTED,86.40747833251953,83.2079086303711,0.0370288517139179,178.70490094011328,5267.140735167683
ANET,-1,2023-08-02,2023-08-03,1,RESIDUAL_REVERTED,45.77750015258789,44.5,0.02790672597519883,131.15333567475537,5273.185316238851
ZBRA,1,2023-08-02,2023-08-04,2,RESIDUAL_REVERTED,250.10000610351562,249.0,-0.004398265000682744,-38.97763306761609,5273.185316238851
CAT,-1,2023-08-02,2023-08-04,2,RESIDUAL_REVERTED,275.8745422363281,271.5123596191406,0.015812197029222874,66.85857122925322,5273.185316238851
JCI,1,2023-08-03,2023-08-07,2,RESIDUAL_REVERTED,60.285152435302734,59.65797424316406,-0.010403526686139752,-70.62478795778146,5275.261623383868
GNRC,1,2023-08-03,2023-08-07,2,RESIDUAL_REVERTED,116.05999755859375,113.77999877929688,-0.019645001096487147,-119.30285646522104,5275.261623383868
DXC,1,2023-08-04,2023-08-07,1,RESIDUAL_REVERTED,19.149999618530273,19.290000915527344,0.007310772834773216,22.602922604081662,5256.7299671309365
CLX,-1,2023-08-04,2023-08-07,1,RESIDUAL_REVERTED,146.75241088867188,145.6815948486328,0.00729675262951146,22.231781936481806,5256.7299671309365
GPN,-1,2023-08-02,2023-08-08,4,RESIDUAL_REVERTED,115.61669921875,116.87232208251953,-0.010860220645063201,-74.88257863241496,5273.185316238851
PAYC,1,2023-08-03,2023-08-08,3,RESIDUAL_REVERTED,292.1265869140625,282.81005859375,-0.03189209314608954,-183.812561230507,5275.261623383868
CTSH,-1,2023-08-04,2023-08-08,2,RESIDUAL_REVERTED,66.81403350830078,66.71025085449219,0.0015533062196536607,-8.43097862247538,5256.7299671309365
FTNT,1,2023-08-07,2023-08-08,1,RESIDUAL_REVERTED,57.58000183105469,56.880001068115234,-0.012157011821453678,-79.6808295452884,5263.359993350394
AFL,-1,2023-08-03,2023-08-09,4,RESIDUAL_REVERTED,71.4380874633789,72.1191635131836,-0.009533794562373021,-67.88355189434593,5275.261623383868
BKNG,-1,2023-08-07,2023-08-09,2,RESIDUAL_REVERTED,120.52454376220703,127.0467300415039,-0.05411500492517973,-301.92013746765684,5263.359993350394
PNW,1,2023-08-08,2023-08-09,1,RESIDUAL_REVERTED,67.5790023803711,69.10588836669922,0.022594088881839225,102.1851914202498,5224.138975179853
AAPL,1,2023-08-08,2023-08-09,1,RESIDUAL_REVERTED,177.0530242919922,178.21566772460938,0.006566639780746009,18.581164330800377,5224.138975179853
MNST,-1,2023-08-08,2023-08-09,1,RESIDUAL_REVERTED,29.219999313354492,28.81999969482422,0.013689241202256341,55.54204665457411,5224.138975179853
HSIC,1,2023-08-08,2023-08-10,2,RESIDUAL_REVERTED,75.68000030517578,77.48999786376953,0.023916458130219587,109.08306978919872,5224.138975179853
LLY,-1,2023-08-09,2023-08-11,2,RESIDUAL_REVERTED,508.66864013671875,511.943115234375,-0.006437344155472591,-50.34430088070215,5240.501268395859
XYL,1,2023-08-10,2023-08-11,1,RESIDUAL_REVERTED,98.43666076660156,98.18697357177734,-0.002536526461581645,-28.869814389700643,5218.013141051878
UHS,1,2023-08-10,2023-08-11,1,RESIDUAL_REVERTED,130.02117919921875,129.03582763671875,-0.007578392755462127,-55.13887617973019,5218.013141051878
IFF,1,2023-08-09,2023-08-14,3,RESIDUAL_REVERTED,59.786033630371094,58.925865173339844,-0.014387448117887613,-91.00584775579124,5240.501268395859
CPAY,-1,2023-08-10,2023-08-14,2,RESIDUAL_REVERTED,262.6199951171875,266.2099914550781,-0.0136699276697827,-87.93320276029176,5218.013141051878
TPR,1,2023-08-11,2023-08-14,1,RESIDUAL_REVERTED,32.144161224365234,32.84818649291992,0.02190211975483236,98.20083565092244,5204.274117362233
AXON,-1,2023-08-10,2023-08-15,3,RESIDUAL_REVERTED,203.80999755859375,206.6199951171875,-0.013787339150455047,-88.96827069501657,5218.013141051878
AKAM,-1,2023-08-10,2023-08-15,3,RESIDUAL_REVERTED,103.69999694824219,102.41999816894531,0.012343286566688483,47.603066541124065,5218.013141051878
APTV,1,2023-08-14,2023-08-15,1,RESIDUAL_REVERTED,97.69000244140625,98.3499984741211,0.006756024324092946,19.366707874769293,5170.121489901455
TER,1,2023-08-14,2023-08-15,1,RESIDUAL_REVERTED,100.5325927734375,102.62763214111328,0.02083940451428723,92.07027526668774,5170.121489901455
NWS,-1,2023-08-14,2023-08-16,2,RESIDUAL_REVERTED,21.10662269592285,20.87253761291504,0.011090598736719248,41.09113109658827,5170.121489901455
ESS,1,2023-08-15,2023-08-16,1,RESIDUAL_REVERTED,212.24290466308594,213.15379333496094,0.004291727317438321,6.665754123747559,5186.187974983671
FOXA,1,2023-08-15,2023-08-16,1,RESIDUAL_REVERTED,32.218772888183594,32.52553176879883,0.009521122411454197,33.7456991378418,5186.187974983671
PODD,1,2023-08-09,2023-08-16,5,TRAILING_STOP,235.0,215.28775926477732,-0.0838818754690327,-454.6452039838905,5240.501268395859
AES,1,2023-08-16,2023-08-17,1,RESIDUAL_REVERTED,15.547651290893555,15.962024688720703,0.026651832490599547,122.74833238874983,5198.589171867048
PYPL,1,2023-08-16,2023-08-17,1,RESIDUAL_REVERTED,58.78443908691406,58.35918426513672,-0.007234139312762622,-53.14667483725789,5198.589171867048
DHI,-1,2023-08-16,2023-08-17,1,RESIDUAL_REVERTED,122.7374496459961,119.5195083618164,0.026218088231920955,120.50599853524876,5198.589171867048
LEN,-1,2023-08-16,2023-08-17,1,RESIDUAL_REVERTED,115.60324096679688,114.01734924316406,0.013718401926882895,55.42387401454132,5198.589171867048
BR,-1,2023-08-09,2023-08-18,7,RESIDUAL_REVERTED,167.12399291992188,168.18988037109375,-0.006377824228281703,-52.1604368247955,5240.501268395859
TJX,-1,2023-08-17,2023-08-18,1,RESIDUAL_REVERTED,85.6551284790039,85.11651611328125,0.006288150812297055,16.808735982359266,5221.8815031853055
JKHY,1,2023-08-17,2023-08-21,2,RESIDUAL_REVERTED,149.38722229003906,148.20130920410156,-0.007938517550282964,-57.057461471152735,5221.8815031853055
RMD,1,2023-08-17,2023-08-21,2,RESIDUAL_REVERTED,167.0956573486328,161.73619079589844,-0.032074242010683984,-182.90230375720927,5221.8815031853055
CI,1,2023-08-18,2023-08-21,1,RESIDUAL_REVERTED,254.23580932617188,260.0595703125,0.02290692645447323,103.09683336469531,5187.897377146112
MRNA,-1,2023-08-18,2023-08-21,1,RESIDUAL_REVERTED,105.9000015258789,101.98999786376953,0.036921658222581644,175.87430307703394,5187.897377146112
CVS,1,2023-08-18,2023-08-22,2,RESIDUAL_REVERTED,59.57270431518555,59.742149353027344,0.002844340202272866,-0.8296812739682835,5187.897377146112
WMT,-1,2023-08-21,2023-08-22,1,RESIDUAL_REVERTED,50.9141845703125,50.70101547241211,0.004186831227867449,5.8025041378273015,5209.614525767407
AMT,1,2023-08-17,2023-08-23,4,RESIDUAL_REVERTED,159.91372680664062,159.74273681640625,-0.0010692639940855786,-21.24083902748422,5221.8815031853055
ROST,-1,2023-08-21,2023-08-23,2,RESIDUAL_REVERTED,114.86219787597656,114.3877182006836,0.0041308601443034165,5.09771363544313,5209.614525767407
DRI,1,2023-08-22,2023-08-23,1,RESIDUAL_REVERTED,140.96127319335938,141.55081176757812,0.0041822733355285635,6.113137995516767,5198.246924026007
PANW,-1,2023-08-22,2023-08-23,1,RESIDUAL_REVERTED,120.82499694824219,117.75499725341797,0.02540864698833234,116.28334609511445,5198.246924026007
CSCO,-1,2023-08-18,2023-08-24,4,RESIDUAL_REVERTED,50.47201919555664,52.03339385986328,-0.030935450754545846,-177.96694769987772,5187.897377146112
HAS,-1,2023-08-23,2023-08-24,1,RESIDUAL_REVERTED,59.14579391479492,58.8543586730957,0.00492740434119554,9.654081383826858,5202.717381983456
TDY,-1,2023-08-15,2023-08-25,8,RESIDUAL_REVERTED,401.04998779296875,407.8900146484375,-0.01705529750321233,-107.46172717723502,5186.187974983671
JNJ,1,2023-08-22,2023-08-25,3,RESIDUAL_REVERTED,152.1197967529297,150.87347412109375,-0.008193033769695268,-58.120269244950144,5198.246924026007
SPG,1,2023-08-22,2023-08-25,3,RESIDUAL_REVERTED,96.40396118164062,94.1708755493164,-0.02316383688961421,-135.82546761636488,5198.246924026007
EQT,1,2023-08-24,2023-08-25,1,RESIDUAL_REVERTED,39.774192810058594,40.148067474365234,0.009399930907261211,33.16033040518959,5192.797984880259
NKE,1,2023-08-24,2023-08-25,1,RESIDUAL_REVERTED,91.75037384033203,91.56446075439453,-0.002026292407931063,-26.084737896624254,5192.797984880259
MRK,-1,2023-08-24,2023-08-25,1,RESIDUAL_REVERTED,100.56523132324219,99.64978790283203,0.009102981302431368,31.355898898024098,5192.797984880259
BF-B,-1,2023-08-24,2023-08-25,1,RESIDUAL_REVERTED,63.587921142578125,62.48236846923828,0.017386205642121122,74.43780973589601,5192.797984880259
PRU,-1,2023-08-25,2023-08-28,1,RESIDUAL_REVERTED,81.07902526855469,81.199951171875,-0.001491457290214937,-23.762727550376457,5196.367644984269
BBY,1,2023-08-23,2023-08-29,4,RESIDUAL_REVERTED,63.05608367919922,64.77091979980469,0.02719541114113233,125.66965105082424,5202.717381983456
ADSK,-1,2023-08-25,2023-08-29,2,RESIDUAL_REVERTED,209.85000610351562,217.0,-0.03407192608303955,-193.75591047303564,5196.367644984269
ULTA,1,2023-08-28,2023-08-29,1,RESIDUAL_REVERTED,409.0,410.8299865722656,0.004474294797715439,7.591597212790565,5172.855895538836
PTC,-1,2023-08-28,2023-08-29,1,RESIDUAL_REVERTED,144.8300018310547,145.14999389648438,-0.002209432171401682,-27.377200537662496,5172.855895538836
SHW,1,2023-08-28,2023-08-30,2,RESIDUAL_REVERTED,257.6231384277344,263.7966003417969,0.023963150017265233,108.25341727311203,5172.855895538836
HAS,-1,2023-08-28,2023-08-30,2,RESIDUAL_REVERTED,61.698158264160156,63.00525665283203,-0.021185371256554175,-126.10419503377916,5172.855895538836
FDS,1,2023-08-28,2023-08-31,3,RESIDUAL_REVERTED,414.09149169921875,419.8260498046875,0.013848529178750013,56.01042345151184,5172.855895538836
ABT,1,2023-08-29,2023-08-31,2,RESIDUAL_REVERTED,96.98839569091797,98.19088745117188,0.01239830550539267,48.47470254757752,5168.03959184917
BSX,-1,2023-08-29,2023-08-31,2,RESIDUAL_REVERTED,53.79999923706055,54.560001373291016,-0.014126433959257945,-89.45021365190115,5168.03959184917
NSC,1,2023-08-30,2023-08-31,1,RESIDUAL_REVERTED,195.75128173828125,196.68978881835938,0.004794385363631415,9.230245373430233,5164.658386725188
TSLA,-1,2023-08-30,2023-08-31,1,RESIDUAL_REVERTED,254.1999969482422,255.97999572753906,-0.007002355628113133,-52.12724426946774,5164.658386725188
BBY,-1,2023-08-30,2023-08-31,1,RESIDUAL_REVERTED,65.64112091064453,64.9330062866211,0.010787668068425793,39.89970433316245,5164.658386725188
ISRG,-1,2023-08-28,2023-09-01,4,RESIDUAL_REVERTED,301.2200012207031,317.54998779296875,-0.054212822873938915,-298.0686496292241,5172.855895538836
HPQ,1,2023-08-31,2023-09-01,1,RESIDUAL_REVERTED,25.66412353515625,26.233463287353516,0.022184266352106352,98.8343792360533,5160.797404248449
PODD,-1,2023-08-31,2023-09-01,1,RESIDUAL_REVERTED,201.5,192.39999389648438,0.045161320612980727,217.54594954726625,5160.797404248449
PCAR,1,2023-08-30,2023-09-05,3,RESIDUAL_REVERTED,74.03010559082031,74.87227630615234,0.011376057194715905,43.17134386458163,5164.658386725188
CRM,-1,2023-09-01,2023-09-05,1,RESIDUAL_REVERTED,219.3132781982422,215.22137451171875,0.018657801844650157,81.0596018244235,5193.756832674992
COO,1,2023-09-01,2023-09-05,1,STOP_LOSS,93.18000030517578,88.81088088073395,-0.0468890256507023,-258.74617255280674,5193.756832674992
CHRW,1,2023-09-01,2023-09-06,2,RESIDUAL_REVERTED,85.09783172607422,82.79839324951172,-0.027021117106300396,-155.71187042798795,5193.756832674992
STX,-1,2023-09-01,2023-09-06,2,RESIDUAL_REVERTED,66.64044952392578,65.6245346069336,0.015244718849434569,62.88128592084016,5193.756832674992
FOXA,1,2023-09-05,2023-09-06,1,RESIDUAL_REVERTED,29.857845306396484,30.196043014526367,0.011326929477306624,42.539556662590435,5119.117750111001
WDC,-1,2023-09-01,2023-09-07,3,RESIDUAL_REVERTED,34.080894470214844,33.351287841796875,0.02140808331939792,94.52581952315047,5193.756832674992
HPE,-1,2023-09-05,2023-09-07,2,RESIDUAL_REVERTED,16.560073852539062,16.163150787353516,0.02396867723658669,106.7198640701438,5119.117750111001
APTV,-1,2023-09-05,2023-09-07,2,RESIDUAL_REVERTED,103.80000305175781,100.86000061035156,0.028323722109529048,129.04822607546038,5119.117750111001
XYL,1,2023-09-06,2023-09-07,1,RESIDUAL_REVERTED,94.19806671142578,93.86085510253906,-0.0035798145403531656,-33.75805898100589,5134.73911679878
NVR,1,2023-09-06,2023-09-07,1,RESIDUAL_REVERTED,6199.97998046875,6305.0,0.016938767522167053,71.44147060775592,5134.73911679878
CF,-1,2023-09-06,2023-09-07,1,RESIDUAL_REVERTED,76.7314682006836,75.34976959228516,0.018006935626264098,76.7936233662987,5134.73911679878
LMT,1,2023-09-07,2023-09-08,1,RESIDUAL_REVERTED,391.42242431640625,393.573486328125,0.00549550020154177,12.819675261346662,5154.141897144444
HII,1,2023-09-07,2023-09-08,1,RESIDUAL_REVERTED,196.97544860839844,196.83441162109375,-0.0007160130275173371,-19.147322786345697,5154.141897144444
ZBH,-1,2023-09-07,2023-09-08,1,RESIDUAL_REVERTED,120.36161041259766,117.05525207519531,0.027470206871345493,125.93701185562419,5154.141897144444
DG,1,2023-09-01,2023-09-11,5,RESIDUAL_REVERTED,128.00502014160156,119.06199645996094,-0.0698646324319756,-377.89689268584124,5193.756832674992
STX,1,2023-09-08,2023-09-11,1,RESIDUAL_REVERTED,59.296016693115234,61.31854248046875,0.03410896549461384,160.8181759677564,5178.028236758066
SWKS,1,2023-09-08,2023-09-11,1,RESIDUAL_REVERTED,89.3724136352539,91.58629608154297,0.024771429529970357,112.5406761184188,5178.028236758066
CNC,-1,2023-09-08,2023-09-11,1,RESIDUAL_REVERTED,65.88999938964844,65.63999938964844,0.003794202493789589,3.7339117719061936,5178.028236758066
CHD,-1,2023-09-08,2023-09-11,1,RESIDUAL_REVERTED,92.84566497802734,93.50159454345703,-0.0070647301151316455,-52.57880700597421,5178.028236758066
PEG,-1,2023-09-08,2023-09-12,2,RESIDUAL_REVERTED,54.71812438964844,55.1169319152832,-0.007288399046627703,-54.15792550873331,5178.028236758066
IQV,1,2023-09-11,2023-09-12,1,RESIDUAL_REVERTED,214.44000244140625,214.8000030517578,0.001678794097430325,-6.896825065528104,5210.168114540919
DXCM,-1,2023-09-08,2023-09-13,3,RESIDUAL_REVERTED,104.91999816894531,104.98999786376953,-0.0006671720934601222,-20.233581788197696,5178.028236758066
ESS,1,2023-09-11,2023-09-13,2,RESIDUAL_REVERTED,201.5352020263672,201.34767150878906,-0.0009305099838270436,-20.471345621448155,5210.168114540919
KR,1,2023-09-12,2023-09-13,1,RESIDUAL_REVERTED,42.68381881713867,42.83345031738281,0.003505579031838124,2.5971028999592036,5190.876752679182
TSLA,-1,2023-09-12,2023-09-13,1,RESIDUAL_REVERTED,270.760009765625,270.07000732421875,0.00254839125616646,-2.731386422219308,5190.876752679182
HLT,-1,2023-09-11,2023-09-14,3,RESIDUAL_REVERTED,153.86329650878906,153.27761840820312,0.00380648350760171,2.9941615896628933,5210.168114540919
RTX,1,2023-09-12,2023-09-14,2,RESIDUAL_REVERTED,70.36287689208984,69.402099609375,-0.01365460488757897,-86.34568227937356,5190.876752679182
CVS,-1,2023-09-12,2023-09-14,2,RESIDUAL_REVERTED,61.62385559082031,63.18452072143555,-0.02532566512842016,-148.07144163318767,5190.876752679182
ORCL,1,2023-09-13,2023-09-14,1,RESIDUAL_REVERTED,104.5625991821289,109.56291198730469,0.047821236697321856,232.24006028820762,5189.779442404132
PNC,-1,2023-09-13,2023-09-14,1,RESIDUAL_REVERTED,112.76152038574219,111.68762969970703,0.009523556283752788,33.52588153912297,5189.779442404132
MMM,1,2023-09-14,2023-09-15,1,RESIDUAL_REVERTED,78.23088073730469,78.45415496826172,0.002854042148736413,-0.7829384690800403,5211.2894435806775
JBHT,-1,2023-09-14,2023-09-15,1,RESIDUAL_REVERTED,185.73072814941406,185.63357543945312,0.0005230836648784098,-13.31635175117001,5211.2894435806775
DTE,-1,2023-09-14,2023-09-15,1,RESIDUAL_REVERTED,95.36021423339844,95.9395980834961,-0.006075739811989056,-47.757782981853076,5211.2894435806775
SJM,1,2023-09-12,2023-09-18,4,RESIDUAL_REVERTED,117.50019836425781,113.47702026367188,-0.034239755818231354,-193.0403812235651,5190.876752679182
V,1,2023-09-15,2023-09-18,1,RESIDUAL_REVERTED,236.4457244873047,235.50735473632812,-0.003968647574454032,-36.11865588017369,5187.45369991273
TT,1,2023-09-15,2023-09-18,1,RESIDUAL_REVERTED,195.87559509277344,196.86770629882812,0.005065006723194765,10.672715034782254,5187.45369991273
AMCR,-1,2023-09-15,2023-09-18,1,RESIDUAL_REVERTED,40.38629913330078,39.53784942626953,0.02100835494311626,93.17662643936794,5187.45369991273
MKTX,-1,2023-09-15,2023-09-18,1,RESIDUAL_REVERTED,219.95132446289062,213.41253662109375,0.02972834038514771,138.48199238807646,5187.45369991273
CEG,-1,2023-09-15,2023-09-18,1,RESIDUAL_REVERTED,110.3160629272461,108.32476806640625,0.018050815157835243,77.81342277456707,5187.45369991273
CBRE,1,2023-09-14,2023-09-19,3,RESIDUAL_REVERTED,79.6500015258789,79.01000213623047,-0.00803514598101418,-57.44452955208809,5211.2894435806775
COF,-1,2023-09-18,2023-09-19,1,RESIDUAL_REVERTED,99.1775894165039,97.92701721191406,0.01260942327744996,49.65167706804038,5199.143140592131
LOW,1,2023-09-18,2023-09-20,2,RESIDUAL_REVERTED,207.2782745361328,205.6207275390625,-0.00799672324935996,-57.11117408765623,5199.143140592131
GD,-1,2023-09-18,2023-09-20,2,RESIDUAL_REVERTED,212.007568359375,210.91456604003906,0.005155487267714864,10.426803902638618,5199.143140592131
INCY,1,2023-09-19,2023-09-20,1,RESIDUAL_REVERTED,59.529998779296875,60.75,0.020493889563582668,90.8393398694317,5201.773247074601
MRNA,1,2023-09-19,2023-09-20,1,RESIDUAL_REVERTED,102.30999755859375,106.6500015258789,0.04242013557667823,204.72361674924798,5201.773247074601
DOC,1,2023-09-19,2023-09-20,1,RESIDUAL_REVERTED,16.35405921936035,16.576398849487305,0.013595378807466973,55.008677906656594,5201.773247074601
NOC,-1,2023-09-19,2023-09-20,1,RESIDUAL_REVERTED,418.789794921875,416.0977783203125,0.006428085483947132,17.473463202823087,5201.773247074601
DIS,1,2023-09-20,2023-09-21,1,RESIDUAL_REVERTED,79.53325653076172,79.5623550415039,0.0003658659535830111,-13.787170729323488,5232.952707636288
CBOE,-1,2023-09-20,2023-09-21,1,RESIDUAL_REVERTED,151.5784454345703,150.829833984375,0.004938772449137319,9.771008597747972,5232.952707636288
TYL,-1,2023-09-19,2023-09-22,3,RESIDUAL_REVERTED,388.3900146484375,386.4100036621094,0.0050979966313510205,9.710013883760393,5201.773247074601
ROL,-1,2023-09-19,2023-09-22,3,RESIDUAL_REVERTED,36.747833251953125,36.4405632019043,0.008361582788898092,26.716247109787467,5201.773247074601
LIN,1,2023-09-21,2023-09-22,1,RESIDUAL_REVERTED,362.938720703125,356.8951721191406,-0.016651705203225897,-102.64873237479742,5230.048239791289
MOS,1,2023-09-21,2023-09-22,1,RESIDUAL_REVERTED,33.60372543334961,34.07740020751953,0.014095900619989887,57.92151214613828,5230.048239791289
FOXA,1,2023-09-21,2023-09-22,1,RESIDUAL_REVERTED,30.10907554626465,31.085010528564453,0.032413316071435494,153.57877713583812,5230.048239791289
AZO,-1,2023-09-21,2023-09-22,1,RESIDUAL_REVERTED,2576.239990234375,2528.929931640625,0.018363995114230813,80.09074700416853,5230.048239791289
TXT,-1,2023-09-21,2023-09-22,1,RESIDUAL_REVERTED,78.55399322509766,77.69644927978516,0.01091661811329181,41.07938435830513,5230.048239791289
ZBRA,1,2023-09-21,2023-09-25,2,RESIDUAL_REVERTED,232.92999267578125,225.75,-0.030824680812037708,-176.66289049106558,5230.048239791289
FDX,-1,2023-09-22,2023-09-25,1,RESIDUAL_REVERTED,198.82131958007812,197.5010528564453,0.006640468569574343,18.7852680853934,5259.99238991908
FDS,-1,2023-09-25,2023-09-26,1,RESIDUAL_REVERTED,419.14166259765625,418.62127685546875,0.0012415509805500102,-9.625810435720721,5241.849145609485
NEE,-1,2023-09-25,2023-09-26,1,RESIDUAL_REVERTED,61.489166259765625,61.39768600463867,0.001487745902107207,-8.332877054016766,5241.849145609485
NCLH,1,2023-09-25,2023-09-27,2,RESIDUAL_REVERTED,15.380000114440918,15.470000267028809,0.005851765404304876,14.902512940806986,5241.849145609485
NOC,1,2023-09-25,2023-09-27,2,RESIDUAL_REVERTED,402.6758728027344,406.47125244140625,0.009425396193357694,33.606847788879634,5241.849145609485
IT,-1,2023-09-25,2023-09-27,2,RESIDUAL_REVERTED,354.8699951171875,351.45001220703125,0.009637283955288733,34.03753452342424,5241.849145609485
ARE,1,2023-09-22,2023-09-28,4,RESIDUAL_REVERTED,87.90110778808594,84.60574340820312,-0.03748945221290445,-212.67841916185657,5259.99238991908
TGT,1,2023-09-25,2023-09-28,3,RESIDUAL_REVERTED,100.4439697265625,98.14141082763672,-0.022923814194062753,-135.7084785203159,5241.849145609485
AOS,-1,2023-09-27,2023-09-28,1,RESIDUAL_REVERTED,62.21067428588867,62.28615951538086,-0.0012133806675249659,-22.38187957015727,5212.346886047587
KDP,1,2023-09-26,2023-09-29,3,RESIDUAL_REVERTED,29.54967498779297,28.94532585144043,-0.020451972368636828,-122.07266488027567,5212.037504968915
ABBV,-1,2023-09-26,2023-09-29,3,RESIDUAL_REVERTED,139.20498657226562,137.45591735839844,0.01256470229217821,48.71933243795078,5212.037504968915
PAYX,-1,2023-09-28,2023-09-29,1,RESIDUAL_REVERTED,105.78120422363281,106.29589080810547,-0.004865576907070901,-41.24429498140922,5186.513303240972
TRGP,-1,2023-09-25,2023-10-02,5,RESIDUAL_REVERTED,78.93109130859375,80.14944458007812,-0.015435657245901124,-98.8794981467275,5241.849145609484
RMD,-1,2023-09-27,2023-10-02,3,RESIDUAL_REVERTED,141.3759307861328,141.67689514160156,-0.00212882315819396,-28.018556112246962,5212.346886047587
NEE,1,2023-09-28,2023-10-02,2,RESIDUAL_REVERTED,55.15912628173828,51.29890060424805,-0.06998344494750008,-377.9851530342239,5186.513303240972
NEM,1,2023-09-28,2023-10-02,2,RESIDUAL_REVERTED,35.016807556152344,34.412742614746094,-0.017250714258790767,-104.8963923148596,5186.513303240972
KMX,1,2023-09-29,2023-10-02,1,RESIDUAL_REVERTED,69.62000274658203,70.55000305175781,0.013358234250018697,53.16429720533074,5142.511573977295
ACN,1,2023-09-29,2023-10-02,1,RESIDUAL_REVERTED,288.1607971191406,291.20953369140625,0.01057998382411851,38.89854301218846,5142.511573977295
TRMB,-1,2023-09-29,2023-10-03,2,RESIDUAL_REVERTED,54.150001525878906,52.619998931884766,0.028254894753104165,129.28732800623123,5142.511573977295
BKR,1,2023-10-02,2023-10-04,2,RESIDUAL_REVERTED,33.04767608642578,31.958602905273438,-0.032954607104723976,-185.6765218117448,5171.302487960753
NEE,1,2023-10-03,2023-10-04,1,RESIDUAL_REVERTED,47.630775451660156,49.13095474243164,0.03149600812806419,146.45992727895165,5148.199994995192
NI,1,2023-10-03,2023-10-04,1,RESIDUAL_REVERTED,20.90513038635254,21.97087860107422,0.05098022327655172,246.61810065438632,5148.199994995192
PCG,1,2023-10-03,2023-10-04,1,RESIDUAL_REVERTED,14.742777824401855,15.096602439880371,0.023999860792372152,107.92614910137324,5148.199994995192
VTRS,-1,2023-10-03,2023-10-04,1,RESIDUAL_REVERTED,8.745508193969727,8.472210884094238,0.03125002044637437,145.28061069029124,5148.199994995192
PFE,-1,2023-10-02,2023-10-05,3,RESIDUAL_REVERTED,27.169153213500977,27.581438064575195,-0.015174740553538735,-95.36470181577823,5171.302487960753
PWR,1,2023-10-03,2023-10-05,2,RESIDUAL_REVERTED,174.64601135253906,169.721923828125,-0.028194674967264688,-160.3786977720608,5148.199994995192
GD,-1,2023-10-03,2023-10-05,2,RESIDUAL_REVERTED,209.51998901367188,206.2289276123047,0.015707624923331,64.73406328007229,5148.199994995192
FE,-1,2023-10-04,2023-10-05,1,RESIDUAL_REVERTED,29.67325782775879,29.60262107849121,0.0023804851384231496,-3.6040201124118108,5183.686431413123
TRGP,1,2023-10-05,2023-10-06,1,RESIDUAL_REVERTED,73.07357788085938,75.2760009765625,0.03013980100021918,140.9749004629278,5203.064290901237
BKR,1,2023-10-05,2023-10-06,1,RESIDUAL_REVERTED,30.869535446166992,31.329578399658203,0.014902814274399212,61.814797461178635,5203.064290901237
PPG,-1,2023-10-05,2023-10-06,1,RESIDUAL_REVERTED,123.64700317382812,121.91313934326172,0.014022691905673401,57.05235282430251,5203.064290901237
LHX,1,2023-10-05,2023-10-09,2,RESIDUAL_REVERTED,154.36575317382812,163.62652587890625,0.0599924044982294,296.06692819098095,5203.064290901237
KO,1,2023-10-06,2023-10-09,1,RESIDUAL_REVERTED,47.73587417602539,48.57979202270508,0.017678902109716343,76.41715479368857,5215.339433047477
LW,-1,2023-10-06,2023-10-09,1,RESIDUAL_REVERTED,90.63860321044922,86.41332244873047,0.04661679033058663,227.44379464655347,5215.339433047477
NKE,-1,2023-10-02,2023-10-10,6,RESIDUAL_REVERTED,89.7263412475586,90.7056884765625,-0.010914824068239293,-74.49693444500487,5171.302487960753
PSX,1,2023-10-05,2023-10-10,3,RESIDUAL_REVERTED,98.53467559814453,100.41877746582031,0.019121206379769662,83.73043994165876,5203.064290901237
MKTX,-1,2023-10-06,2023-10-10,2,RESIDUAL_REVERTED,222.89137268066406,226.54737854003906,-0.01640263512851603,-102.16332531054503,5215.339433047477
DPZ,1,2023-10-09,2023-10-10,1,RESIDUAL_REVERTED,319.7140197753906,334.96209716796875,0.04769286440203779,233.24520360820785,5227.213738208762
ABBV,-1,2023-10-06,2023-10-11,3,RESIDUAL_REVERTED,132.07347106933594,134.45362854003906,-0.01802146526045023,-111.03593530791234,5215.339433047477
CHD,1,2023-10-09,2023-10-11,2,RESIDUAL_REVERTED,82.88102722167969,84.9839096069336,0.02537230118576339,116.74586045157395,5227.213738208762
MGM,-1,2023-10-09,2023-10-11,2,RESIDUAL_REVERTED,36.189998626708984,37.439998626708984,-0.03453992946762563,-197.35487764272185,5227.213738208762
PPG,1,2023-10-10,2023-10-11,1,RESIDUAL_REVERTED,120.96228790283203,123.5165023803711,0.021115791721721067,95.43557992868328,5277.314588885323
DAL,1,2023-10-10,2023-10-11,1,RESIDUAL_REVERTED,34.57059860229492,34.686744689941406,0.003359678233595176,1.8715400710219008,5277.314588885323
NOC,-1,2023-10-10,2023-10-11,1,RESIDUAL_REVERTED,450.75115966796875,444.4635009765625,0.013949290105072287,57.48216117984911,5277.314588885323
GWW,1,2023-10-11,2023-10-13,2,RESIDUAL_REVERTED,691.5250244140625,719.8067016601562,0.040897547084513874,200.17508556386298,5290.570446357306
TFC,-1,2023-10-11,2023-10-13,2,RESIDUAL_REVERTED,25.31671142578125,25.239049911499023,0.003067598827355633,-0.45507357086754463,5290.570446357306
CVX,1,2023-10-12,2023-10-13,1,RESIDUAL_REVERTED,144.00975036621094,144.14208984375,0.0009189619258593851,-10.957426204647092,5261.880183450528
AMGN,-1,2023-10-12,2023-10-16,2,RESIDUAL_REVERTED,259.56744384765625,260.0426940917969,-0.0018309316341673654,-26.271188971790178,5261.880183450528
INVH,-1,2023-10-12,2023-10-16,2,RESIDUAL_REVERTED,28.983922958374023,28.92192268371582,0.002139126395941826,-5.345085985814117,5261.880183450528
NFLX,1,2023-10-11,2023-10-17,4,RESIDUAL_REVERTED,37.27799987792969,36.11000061035156,-0.03133213346753716,-181.38792339472937,5290.570446357306
NEE,-1,2023-10-11,2023-10-17,4,RESIDUAL_REVERTED,47.612483978271484,49.012054443359375,-0.029395031473816946,-173.35917993029324,5290.570446357306
DVA,1,2023-10-12,2023-10-17,3,RESIDUAL_REVERTED,76.55999755859375,74.1500015258789,-0.03147852807689022,-181.17342927769357,5261.880183450528
AMT,-1,2023-10-12,2023-10-18,4,RESIDUAL_REVERTED,150.8178253173828,151.85438537597656,-0.006872928026991465,-53.68444187749815,5261.880183450529
DLTR,1,2023-10-16,2023-10-18,2,RESIDUAL_REVERTED,108.87000274658203,114.86000061035156,0.05501972731379934,270.72334733161824,5212.513558709455
PH,1,2023-10-16,2023-10-18,2,RESIDUAL_REVERTED,385.99267578125,385.2456970214844,-0.0019352148541517122,-25.709743341910468,5212.513558709455
COO,-1,2023-10-16,2023-10-18,2,RESIDUAL_REVERTED,82.16999816894531,82.58000183105469,-0.00498970027072887,-42.51819185655788,5212.513558709455
HUM,-1,2023-10-17,2023-10-18,1,RESIDUAL_REVERTED,507.9749755859375,508.7381591796875,-0.001502403918361761,-23.91950004532809,5219.036069457841
BAX,1,2023-10-12,2023-10-19,5,RESIDUAL_REVERTED,31.209522247314453,30.292152404785156,-0.029393908540469083,-170.22086457630834,5261.880183450528
GS,1,2023-10-18,2023-10-20,2,RESIDUAL_REVERTED,287.1485290527344,279.1981506347656,-0.027687338131927808,-161.14038133722408,5258.154261735544
JBHT,1,2023-10-19,2023-10-20,1,RESIDUAL_REVERTED,174.30592346191406,175.80201721191406,0.008583149214242747,29.01622536917952,5209.119482186238
UAL,1,2023-10-19,2023-10-20,1,RESIDUAL_REVERTED,36.09000015258789,35.77000045776367,-0.008866713590226283,-61.74584729661308,5209.119482186238
PG,-1,2023-10-19,2023-10-20,1,RESIDUAL_REVERTED,139.121826171875,138.60108947753906,0.0037430265880251667,3.4900970486245377,5209.119482186238
PLD,1,2023-10-18,2023-10-23,3,RESIDUAL_REVERTED,97.71367645263672,92.00265502929688,-0.05844649009914249,-322.6341427919996,5258.154261735544
VFC,-1,2023-10-18,2023-10-23,3,RESIDUAL_REVERTED,17.22311782836914,16.62437629699707,0.034763829484220965,166.04068442811982,5258.154261735544
GPC,1,2023-10-20,2023-10-23,1,RESIDUAL_REVERTED,118.71543884277344,116.56109619140625,-0.01814711441382444,-109.86104775153531,5201.7803258167405
ROST,-1,2023-10-17,2023-10-24,5,RESIDUAL_REVERTED,112.70292663574219,111.10078430175781,0.01421562315912639,56.57062959141186,5219.036069457841
ABT,-1,2023-10-19,2023-10-24,3,RESIDUAL_REVERTED,91.1961669921875,90.11927795410156,0.011808490132904303,44.743416175678774,5209.119482186238
MCD,-1,2023-10-19,2023-10-24,3,RESIDUAL_REVERTED,238.36534118652344,236.89566040039062,0.006165664768280066,15.294267347534742,5209.119482186238
SEDG,1,2023-10-23,2023-10-24,1,RESIDUAL_REVERTED,80.6500015258789,86.68000030517578,0.07476749739876909,372.54396954503085,5199.109201863012
AXP,1,2023-10-23,2023-10-24,1,RESIDUAL_REVERTED,137.21829223632812,141.43667602539062,0.030742138823570686,143.99466163172394,5199.109201863012
PM,-1,2023-10-23,2023-10-24,1,RESIDUAL_REVERTED,82.32191467285156,80.65425872802734,0.02025774001311198,89.4764438316799,5199.109201863012
MGM,-1,2023-10-24,2023-10-25,1,RESIDUAL_REVERTED,36.93000030517578,35.810001373291016,0.03032761772622561,143.56185320768978,5259.76944913408
RF,1,2023-10-23,2023-10-26,3,RESIDUAL_REVERTED,12.497164726257324,12.35684585571289,-0.011228056412636911,-73.88565518244573,5199.109201863012
FMC,1,2023-10-24,2023-10-26,2,RESIDUAL_REVERTED,50.47220230102539,50.3917350769043,-0.0015942879536179344,-24.152317038357165,5259.76944913408
CVX,1,2023-10-24,2023-10-26,2,RESIDUAL_REVERTED,141.91920471191406,136.7325439453125,-0.03654657434932862,-207.71752374765873,5259.76944913408
VZ,-1,2023-10-25,2023-10-26,1,RESIDUAL_REVERTED,28.813215255737305,28.111677169799805,0.02434778901663215,111.98589116167983,5255.873429065408
GE,-1,2023-10-25,2023-10-26,1,RESIDUAL_REVERTED,89.83372497558594,87.8222427368164,0.022391170346283573,101.68835169465008,5255.873429065408
FICO,1,2023-10-25,2023-10-27,2,RESIDUAL_REVERTED,845.1199951171875,830.989990234375,-0.016719524995800317,-103.51151389846027,5255.873429065408
PNR,1,2023-10-25,2023-10-27,2,RESIDUAL_REVERTED,56.699859619140625,56.56419372558594,-0.0023927024593353163,-28.324497954956882,5255.873429065408
WRB,-1,2023-10-25,2023-10-27,2,RESIDUAL_REVERTED,41.85125732421875,41.37934112548828,0.011276033956986509,42.7566898118722,5255.873429065408
FISV,-1,2023-10-25,2023-10-30,3,RESIDUAL_REVERTED,114.8499984741211,113.2699966430664,0.013757090570712616,55.408440971353414,5255.873429065408
PAYC,1,2023-11-02,2023-11-03,1,RESIDUAL_REVERTED,148.5297088623047,159.11734008789062,0.07128291913236873,359.7609858628166,5276.945164682753
EL,1,2023-11-02,2023-11-03,1,RESIDUAL_REVERTED,98.26571655273438,110.17153930664062,0.12115947628099755,622.5620491536818,5276.945164682753
GRMN,-1,2023-11-02,2023-11-03,1,RESIDUAL_REVERTED,108.74690246582031,109.25045013427734,-0.004630455277705892,-40.72091463140316,5276.945164682753
TT,-1,2023-11-02,2023-11-03,1,RESIDUAL_REVERTED,209.60964965820312,211.55503845214844,-0.009281007802443897,-65.29382820606261,5276.945164682753
AIZ,-1,2023-11-02,2023-11-03,1,RESIDUAL_REVERTED,157.57144165039062,157.3517608642578,0.0013941662513961006,-8.878670733119732,5276.945164682753
MLM,-1,2023-11-02,2023-11-03,1,RESIDUAL_REVERTED,433.71893310546875,441.4168701171875,-0.017748676444905964,-110.04852246551485,5276.945164682753
DD,1,2023-11-02,2023-11-06,2,RESIDUAL_REVERTED,79.88090515136719,82.33277893066406,0.030694116130141502,145.89737545156657,5276.945164682753
GNRC,-1,2023-11-02,2023-11-07,3,RESIDUAL_REVERTED,98.2699966430664,102.05999755859375,-0.038567223415029606,-220.96053551337994,5276.945164682753
CHD,1,2023-11-06,2023-11-07,1,RESIDUAL_REVERTED,83.73954772949219,83.60448455810547,-0.0016128958783372394,-24.616440673255056,5339.239987221744
FTNT,1,2023-11-06,2023-11-07,1,RESIDUAL_REVERTED,50.09000015258789,50.16999816894531,0.001597085568251666,-7.50328766733471,5339.239987221744
EXPE,-1,2023-11-06,2023-11-07,1,RESIDUAL_REVERTED,112.24393463134766,110.36003875732422,0.01678394365103897,73.31468341785595,5339.239987221744
TRMB,1,2023-11-02,2023-11-08,4,RESIDUAL_REVERTED,41.279998779296875,42.45000076293945,0.028343072147312354,133.50965476968616,5276.945164682753
MTCH,1,2023-11-02,2023-11-08,4,RESIDUAL_REVERTED,28.61211585998535,28.506502151489258,-0.003691223292010992,-35.28000082223596,5276.945164682753
CAH,-1,2023-11-06,2023-11-09,3,RESIDUAL_REVERTED,95.54325866699219,98.11669158935547,-0.026934740956792824,-161.3516317161537,5339.239987221744
PODD,-1,2023-11-06,2023-11-09,3,RESIDUAL_REVERTED,163.36000061035156,155.22000122070312,0.049828595489933125,249.19407773086883,5339.239987221744
CI,1,2023-11-07,2023-11-09,2,RESIDUAL_REVERTED,290.3282165527344,278.85516357421875,-0.03951752645589546,-226.19135916024348,5327.382976801224
APD,1,2023-11-08,2023-11-09,1,RESIDUAL_REVERTED,239.0682830810547,244.4311981201172,0.022432566001422405,103.0632218836237,5312.8337563298
PPL,-1,2023-11-08,2023-11-09,1,RESIDUAL_REVERTED,23.295595169067383,23.22316551208496,0.003109156750740416,0.1843668680134693,5312.8337563298
EMR,1,2023-11-08,2023-11-10,2,RESIDUAL_REVERTED,81.09419250488281,81.3408203125,0.003041251167305692,0.1949241013549896,5312.8337563298
GEN,-1,2023-11-08,2023-11-10,2,RESIDUAL_REVERTED,17.869491577148438,18.058086395263672,-0.010554011416665565,-72.94696914444987,5312.8337563298
WBD,1,2023-11-09,2023-11-10,1,RESIDUAL_REVERTED,9.670000076293945,9.680000305175781,0.0010341498245023395,-10.46320225425369,5318.285456646737
BDX,1,2023-11-10,2023-11-13,1,RESIDUAL_REVERTED,172.85031127929688,174.4543914794922,0.009280169577498665,33.29873790486177,5313.98228633136
DIS,-1,2023-11-10,2023-11-13,1,RESIDUAL_REVERTED,87.38672637939453,85.72876739501953,0.018972663848018212,84.61664222604063,5313.98228633136
ATO,-1,2023-11-10,2023-11-13,1,RESIDUAL_REVERTED,104.15596771240234,103.65388488769531,0.004820490229550667,9.29302876714213,5313.98228633136
STE,1,2023-11-09,2023-11-14,3,RESIDUAL_REVERTED,200.37147521972656,199.3409881591797,-0.005142883034707668,-43.26514943858804,5318.285456646738
CTVA,1,2023-11-10,2023-11-14,2,RESIDUAL_REVERTED,42.975284576416016,44.06009292602539,0.025242610032760515,117.99562754200302,5313.98228633136
CPRT,-1,2023-11-13,2023-11-14,1,RESIDUAL_REVERTED,48.459999084472656,49.150001525878906,-0.014238597904293826,-91.77737245332267,5293.0800071003505
IT,-1,2023-11-06,2023-11-15,7,RESIDUAL_REVERTED,387.80999755859375,421.5899963378906,-0.08710450734110609,-484.8917076817969,5339.239987221744
TDG,-1,2023-11-10,2023-11-15,3,RESIDUAL_REVERTED,842.2450561523438,850.7672729492188,-0.010118452740829786,-71.06841309445313,5313.98228633136
ILMN,1,2023-11-13,2023-11-15,2,RESIDUAL_REVERTED,94.85408782958984,95.44747161865234,0.006255753469777137,17.18329529349451,5293.0800071003505
BSX,-1,2023-11-14,2023-11-15,1,RESIDUAL_REVERTED,54.11000061035156,54.0099983215332,0.0018481295082304339,-6.492258073087757,5285.428858559412
HSIC,-1,2023-11-14,2023-11-16,2,RESIDUAL_REVERTED,68.06999969482422,67.70999908447266,0.005288682414654633,11.297483702078749,5285.428858559412
ARE,-1,2023-11-15,2023-11-16,1,RESIDUAL_REVERTED,90.91663360595703,91.5123291015625,-0.006552106825548298,-51.1907153391891,5309.358123041856
AEP,1,2023-11-14,2023-11-17,3,RESIDUAL_REVERTED,69.66341400146484,70.5438461303711,0.012638371827251138,50.84272978250807,5285.428858559412
MRSH,1,2023-11-15,2023-11-17,2,RESIDUAL_REVERTED,188.95533752441406,188.91717529296875,-0.0002019642945538802,-16.99876668582796,5309.358123041856
AJG,1,2023-11-15,2023-11-17,2,RESIDUAL_REVERTED,236.4482879638672,239.59613037109375,0.013313026853920773,54.64952745910949,5309.358123041856
VFC,-1,2023-11-16,2023-11-17,1,RESIDUAL_REVERTED,16.315656661987305,16.362430572509766,-0.0028668114003302936,-31.535027168630325,5300.593414621455
WYNN,1,2023-11-13,2023-11-20,5,RESIDUAL_REVERTED,82.65892791748047,84.50444793701172,0.02232692905687883,102.12171445689596,5293.0800071003505
VRTX,1,2023-11-16,2023-11-20,2,RESIDUAL_REVERTED,350.7200012207031,349.760009765625,-0.0027372019039029194,-30.388811438601742,5300.593414621455
TGT,-1,2023-11-16,2023-11-20,2,RESIDUAL_REVERTED,115.19843292236328,117.09037017822266,-0.01642328986484065,-103.9444594512124,5300.593414621455
CRL,-1,2023-11-16,2023-11-20,2,RESIDUAL_REVERTED,188.02000427246094,188.9600067138672,-0.004999481012903706,-43.28883852255438,5300.593414621455
MCD,-1,2023-11-17,2023-11-20,1,RESIDUAL_REVERTED,257.2384948730469,256.1222229003906,0.004339443725975611,6.700171961762063,5288.980094836753
AMAT,1,2023-11-20,2023-11-21,1,RESIDUAL_REVERTED,145.43045043945312,148.0581512451172,0.018068436133724664,79.54503721474069,5288.4298671408615
MOH,1,2023-11-20,2023-11-21,1,RESIDUAL_REVERTED,352.3800048828125,358.04998779296875,0.016090535307307974,69.10073739478327,5288.4298671408615
ROST,-1,2023-11-20,2023-11-21,1,RESIDUAL_REVERTED,125.08308410644531,126.0152359008789,-0.007452261039872843,-55.7568696985118,5288.4298671408615
INTC,-1,2023-11-17,2023-11-22,3,RESIDUAL_REVERTED,42.3429069519043,43.44810485839844,-0.02610113442965778,-155.41552125492515,5288.980094836753
IP,1,2023-11-21,2023-11-22,1,RESIDUAL_REVERTED,29.040332794189453,28.880428314208984,-0.005506289515127882,-44.9018942152194,5283.800338195665
TECH,-1,2023-11-21,2023-11-22,1,RESIDUAL_REVERTED,63.06334686279297,63.29994201660156,-0.0037517062696237335,-36.12080206901751,5283.800338195665
BMY,1,2023-11-21,2023-11-24,2,RESIDUAL_REVERTED,42.83156967163086,43.638553619384766,0.01884086793784734,83.55065629073802,5283.800338195665
NRG,1,2023-11-22,2023-11-24,1,RESIDUAL_REVERTED,43.31626510620117,43.65996170043945,0.00793458515861456,25.974487528507865,5276.489679807684
A,-1,2023-11-22,2023-11-24,1,RESIDUAL_REVERTED,121.31729888916016,121.36627197265625,-0.0004036776613436377,-18.38183974954131,5276.489679807684
CF,1,2023-11-20,2023-11-27,4,RESIDUAL_REVERTED,72.85797119140625,72.82044219970703,-0.0005150979513364184,-18.585262902687468,5288.4298671408615
BA,-1,2023-11-21,2023-11-27,3,RESIDUAL_REVERTED,216.5,218.80999755859375,-0.010669734681726384,-73.58757427915626,5283.800338195665
ADSK,1,2023-11-24,2023-11-27,1,RESIDUAL_REVERTED,202.66000366210938,202.2100067138672,-0.002220452679910445,-27.459636228766914,5263.368620492211
PNW,-1,2023-11-24,2023-11-27,1,RESIDUAL_REVERTED,65.71793365478516,65.61968994140625,0.0014949300429161205,-8.325846418784462,5263.368620492211
HPQ,-1,2023-11-24,2023-11-27,1,RESIDUAL_REVERTED,25.222848892211914,25.107955932617188,0.0045551142967915625,7.8019113690230055,5263.368620492211
ENPH,-1,2023-11-21,2023-11-28,4,RESIDUAL_REVERTED,98.12000274658203,97.11000061035156,0.010293539624525283,36.924441965132345,5283.800338195665
J,1,2023-11-22,2023-11-29,4,RESIDUAL_REVERTED,99.60423278808594,100.1523208618164,0.005502658455254217,13.161699430406248,5276.489679807684
ALB,1,2023-11-28,2023-11-29,1,RESIDUAL_REVERTED,115.8999252319336,120.63131713867188,0.04082307988784328,199.24363427351986,5276.321452498025
GIS,1,2023-11-28,2023-11-29,1,RESIDUAL_REVERTED,55.857666015625,55.725711822509766,-0.00236232915779766,-28.274675758623733,5276.321452498025
NWS,-1,2023-11-28,2023-11-29,1,RESIDUAL_REVERTED,23.056486129760742,22.899707794189453,0.0067997497402226825,19.68821105215969,5276.321452498025
IP,-1,2023-11-28,2023-11-30,2,TRAILING_STOP,30.443933486938477,32.62235261909834,-0.07155511402935133,-394.7990317039043,5276.321452498025
CCI,-1,2023-11-28,2023-11-30,2,STOP_LOSS,90.94786834716797,99.5076241139151,-0.09411716758520017,-514.0560167285473,5276.321452498025
GEHC,1,2023-11-28,2023-12-01,3,RESIDUAL_REVERTED,70.36595916748047,68.02704620361328,-0.03323926784399056,-190.94695475508345,5276.321452498025
LVS,1,2023-11-30,2023-12-01,1,RESIDUAL_REVERTED,43.0204963684082,43.60670852661133,0.013626345758149139,55.16552606437963,5201.396732969694
AZO,1,2023-11-28,2023-12-04,4,RESIDUAL_REVERTED,2615.1298828125,2637.81005859375,0.00867267661553317,29.862225575105946,5276.321452498024
DPZ,-1,2023-11-28,2023-12-04,4,RESIDUAL_REVERTED,368.4182434082031,376.232666015625,-0.021210737381328837,-129.60699664754782,5276.321452498025
CI,1,2023-11-30,2023-12-04,2,RESIDUAL_REVERTED,248.98358154296875,253.09730529785156,0.01652206836045078,70.20473544445387,5201.396732969694
HRL,1,2023-11-30,2023-12-04,2,RESIDUAL_REVERTED,27.176769256591797,27.907421112060547,0.026885162418322617,124.02644517516228,5201.396732969694
NTAP,-1,2023-11-30,2023-12-04,2,RESIDUAL_REVERTED,84.75972747802734,86.26939392089844,-0.017811129032504924,-109.23061953799551,5201.396732969694
PSX,-1,2023-12-01,2023-12-04,1,RESIDUAL_REVERTED,117.4653091430664,117.84012603759766,-0.003190873094921498,-32.3523803119611,5155.1288250257885
SYF,-1,2023-11-29,2023-12-04,3,STOP_LOSS,29.509016036987305,32.44451930653743,-0.09947818205360348,-540.2022546229124,5251.000467452979
CRM,-1,2023-12-01,2023-12-05,2,RESIDUAL_REVERTED,245.3168182373047,245.30703735351562,3.9870416791432106e-05,-16.095261142690624,5155.1288250257885
PFE,1,2023-12-04,2023-12-05,1,RESIDUAL_REVERTED,24.251262664794922,24.4100399017334,0.006547174022776492,18.134216109759254,5126.492823288686
BRK-B,1,2023-12-04,2023-12-06,2,RESIDUAL_REVERTED,355.9100036621094,356.1499938964844,0.0006743003340889953,-11.927867840152487,5126.492823288686
ALK,1,2023-12-05,2023-12-06,1,RESIDUAL_REVERTED,34.29999923706055,36.0,0.04956270556130593,239.14289592958644,5144.1455064906695
RL,1,2023-12-05,2023-12-06,1,RESIDUAL_REVERTED,123.17769622802734,124.45262145996094,0.010350292877481904,37.7311109581946,5144.1455064906695
BBWI,-1,2023-12-05,2023-12-06,1,RESIDUAL_REVERTED,33.49531555175781,32.906227111816406,0.017587188842306367,74.77885284611256,5144.1455064906695
MMM,-1,2023-12-05,2023-12-06,1,RESIDUAL_REVERTED,80.36137390136719,79.51668548583984,0.010511124617706091,38.3153703213188,5144.1455064906695
SJM,-1,2023-12-06,2023-12-07,1,TRAILING_STOP,103.88690948486328,109.63898770830185,-0.055368652816423225,-301.7044628766855,5154.479568719167
IDXX,-1,2023-12-05,2023-12-08,3,RESIDUAL_REVERTED,511.55999755859375,520.1699829101562,-0.016830841724633228,-103.39047484899605,5144.1455064906695
CHTR,1,2023-12-06,2023-12-08,2,RESIDUAL_REVERTED,365.5,364.04998779296875,-0.0039672016608242044,-35.8816253220061,5154.479568719167
BF-B,1,2023-12-07,2023-12-08,1,RESIDUAL_REVERTED,50.2136344909668,50.36206817626953,0.002956043449303225,-0.24748764122270117,5114.372627213417
SRE,-1,2023-12-07,2023-12-08,1,RESIDUAL_REVERTED,67.12091064453125,67.19432067871094,-0.0010936984238558711,-21.350437182571444,5114.372627213417
FCX,1,2023-12-05,2023-12-11,4,RESIDUAL_REVERTED,36.05153274536133,36.24468231201172,0.005357596527577391,12.086479199300872,5144.145506490669
NCLH,-1,2023-12-05,2023-12-11,4,RESIDUAL_REVERTED,17.40999984741211,18.5,-0.06260770603911947,-339.69569425506154,5144.1455064906695
CEG,1,2023-12-07,2023-12-11,2,RESIDUAL_REVERTED,111.35822296142578,109.67694091796875,-0.015097960426680102,-92.44388852130515,5114.372627213417
CPB,-1,2023-12-07,2023-12-11,2,RESIDUAL_REVERTED,38.25413513183594,38.113037109375,0.0036884384387378955,2.7412579277046882,5114.372627213417
KVUE,-1,2023-12-08,2023-12-11,1,RESIDUAL_REVERTED,18.40597915649414,18.071008682250977,0.018199003236672562,76.89398279989935,5076.192962029189
ODFL,1,2023-12-07,2023-12-12,3,RESIDUAL_REVERTED,183.4857940673828,186.9429473876953,0.018841531236161613,80.87494980995749,5114.372627213417
COO,1,2023-12-11,2023-12-12,1,RESIDUAL_REVERTED,83.73750305175781,85.25749969482422,0.01815192222924189,77.14632269811308,5100.686396286506
ALLE,-1,2023-12-11,2023-12-12,1,RESIDUAL_REVERTED,105.99819946289062,105.08316040039062,0.0086325906207525,28.39230338474451,5100.686396286506
INCY,-1,2023-12-12,2023-12-12,0,STOP_LOSS,57.36000061035156,61.52281720449096,-0.07257351028319459,-386.16099275847296,5102.390291942527
NSC,1,2023-12-11,2023-12-13,2,RESIDUAL_REVERTED,209.77865600585938,209.57069396972656,-0.0009913403016892364,-20.35099040579002,5100.686396286506
LULU,-1,2023-12-11,2023-12-13,2,RESIDUAL_REVERTED,493.95001220703125,502.8299865722656,-0.0179774757481177,-107.96185757046693,5100.686396286506
CI,-1,2023-12-12,2023-12-13,1,RESIDUAL_REVERTED,286.2517395019531,281.511962890625,0.01655807094683448,68.90740041052153,5102.390291942527
AVGO,-1,2023-12-12,2023-12-14,2,RESIDUAL_REVERTED,99.51581573486328,105.72979736328125,-0.06244215135585751,-335.2409594398098,5102.390291942527
ORCL,1,2023-12-13,2023-12-14,1,RESIDUAL_REVERTED,97.9307861328125,98.69618225097656,0.007815684407210144,24.25216087601668,5048.3676863310775
LIN,-1,2023-12-13,2023-12-14,1,RESIDUAL_REVERTED,391.8616943359375,392.67254638671875,-0.0020692301965246074,-26.010434968888145,5048.3676863310775
INCY,-1,2023-12-13,2023-12-15,2,RESIDUAL_REVERTED,62.45000076293945,63.81999969482422,-0.02193753266849896,-126.88136673111596,5048.3676863310775
UNH,1,2023-12-12,2023-12-15,3,TRAILING_STOP,514.3018798828125,495.2352315827563,-0.037072873045691956,-204.18369799729982,5102.390291942527
WMB,1,2023-12-12,2023-12-18,4,RESIDUAL_REVERTED,31.418914794921875,31.708576202392578,0.009219332028537197,31.662898419414304,5102.390291942527
PFE,1,2023-12-14,2023-12-18,2,RESIDUAL_REVERTED,22.362640380859375,22.49635124206543,0.005979207237106987,14.97686128017688,5042.309448228032
POOL,-1,2023-12-15,2023-12-18,1,RESIDUAL_REVERTED,375.3832092285156,373.9073486328125,0.00393161057665925,4.297592758290983,5005.877825648306
DOV,-1,2023-12-15,2023-12-18,1,RESIDUAL_REVERTED,149.44171142578125,148.2672119140625,0.007859248268192176,23.99106660344997,5005.8778256483065
JCI,1,2023-12-13,2023-12-19,4,RESIDUAL_REVERTED,49.976993560791016,52.122459411621094,0.04292906991734857,201.25154372193447,5048.3676863310775
VRTX,-1,2023-12-14,2023-12-19,3,RESIDUAL_REVERTED,404.1000061035156,399.70001220703125,0.010888378693459488,38.64791377436792,5042.309448228032
EXC,1,2023-12-15,2023-12-20,3,RESIDUAL_REVERTED,33.74489974975586,31.951305389404297,-0.053151568789726156,-280.6887876904514,5005.877825648306
AEE,1,2023-12-18,2023-12-20,2,RESIDUAL_REVERTED,66.23331451416016,66.52764129638672,0.004443787607271821,7.139504111959813,4967.918158845716
COST,-1,2023-12-18,2023-12-20,2,RESIDUAL_REVERTED,639.7757568359375,646.7943725585938,-0.010970430885608007,-70.29205444754474,4967.918158845716
ADM,1,2023-12-19,2023-12-20,1,RESIDUAL_REVERTED,66.12317657470703,66.75117492675781,0.00949740143444644,32.13985570952941,4957.440329931593
DRI,-1,2023-12-19,2023-12-20,1,RESIDUAL_REVERTED,153.60720825195312,151.02542114257812,0.016807721061763203,68.18793097010817,4957.440329931592
KR,-1,2023-12-19,2023-12-20,1,RESIDUAL_REVERTED,42.72107696533203,42.2503776550293,0.011017964520995238,39.43975210315307,4957.440329931592
BLK,1,2023-12-19,2023-12-21,2,RESIDUAL_REVERTED,754.283447265625,748.5679931640625,-0.007577329347848938,-52.38013285484213,4957.440329931592
FDS,1,2023-12-20,2023-12-21,1,RESIDUAL_REVERTED,430.27276611328125,439.3720397949219,0.021147686765852658,90.40664351214427,4990.440329062154
AVY,-1,2023-12-21,2023-12-22,1,RESIDUAL_REVERTED,191.7946319580078,192.02200317382812,-0.0011854931157306847,-21.33323249195013,4999.910741369014
ILMN,-1,2023-12-20,2023-12-26,3,RESIDUAL_REVERTED,135.21400451660156,136.85797119140625,-0.012158257428156016,-76.92596229221603,4990.440329062154
FDX,1,2023-12-21,2023-12-26,2,RESIDUAL_REVERTED,189.14971923828125,190.59056091308594,0.007617466632290348,23.029791032846106,4999.910741369014
AON,1,2023-12-21,2023-12-26,2,RESIDUAL_REVERTED,286.841552734375,284.8993835449219,-0.006770878106533096,-48.802737718201904,4999.910741369014
ADM,1,2023-12-21,2023-12-26,2,RESIDUAL_REVERTED,64.3483657836914,65.12199401855469,0.012022500112339296,45.02152808451378,4999.910741369014
PAYX,1,2023-12-22,2023-12-26,1,RESIDUAL_REVERTED,108.01359558105469,108.57776641845703,0.005223146534169221,10.980436687406014,4956.609997829428
SPG,1,2023-12-22,2023-12-27,2,RESIDUAL_REVERTED,124.72499084472656,126.00379943847656,0.010253026158502765,35.874191593805335,4956.609997829428
RVTY,-1,2023-12-14,2023-12-27,8,TRAILING_STOP,98.76537322998047,110.15355405750398,-0.11530539960604935,-600.7655995763974,5042.309448228032
ALLE,-1,2023-12-21,2023-12-28,4,RESIDUAL_REVERTED,117.36607360839844,122.98346710205078,-0.04786215744419664,-256.31341359036077,4999.910741369014
INTC,-1,2023-12-27,2023-12-29,2,RESIDUAL_REVERTED,49.96088409423828,49.6352424621582,0.006517931737673788,16.56274916232381,4916.000969331221
BMY,1,2023-12-27,2024-01-02,3,RESIDUAL_REVERTED,45.094627380371094,45.12971496582031,0.0007780879339185365,-10.928659492181314,4916.000969331221
REGN,-1,2023-12-28,2024-01-02,2,RESIDUAL_REVERTED,866.0968017578125,865.7401733398438,0.00041176507896689696,-13.459268750892042,4898.934695441399
JCI,-1,2023-12-21,2024-01-03,7,RESIDUAL_REVERTED,53.008663177490234,54.472835540771484,-0.027621378761783166,-156.19886845196027,4999.910741369014
EIX,-1,2023-12-27,2024-01-04,5,RESIDUAL_REVERTED,62.28446960449219,63.26698303222656,-0.015774613382330438,-94.38860944277529,4916.000969331221
PTC,1,2024-01-03,2024-01-04,1,RESIDUAL_REVERTED,168.75,169.83999633789062,0.006459237557870479,16.828636983484543,4878.50395502549
HSY,-1,2024-01-02,2024-01-05,3,RESIDUAL_REVERTED,170.7238311767578,174.8555145263672,-0.024200976050799072,-134.64018698755106,4899.039106907642
RCL,1,2024-01-03,2024-01-05,2,RESIDUAL_REVERTED,113.68818664550781,114.61627197265625,0.008163428008947982,25.130065989399498,4878.50395502549
NCLH,1,2024-01-03,2024-01-05,2,RESIDUAL_REVERTED,17.760000228881836,17.350000381469727,-0.02308557669640987,-127.08965446673032,4878.50395502549
CCL,1,2024-01-03,2024-01-05,2,RESIDUAL_REVERTED,16.494932174682617,16.632719039916992,0.008353284740743483,26.05489348112692,4878.50395502549
EOG,-1,2024-01-04,2024-01-05,1,RESIDUAL_REVERTED,115.05784606933594,111.65816497802734,0.029547581563971637,128.6255957457052,4850.975628009229
BSX,-1,2024-01-02,2024-01-08,4,RESIDUAL_REVERTED,57.459999084472656,58.400001525878906,-0.016359249153908628,-96.53024576516874,4899.039106907642
APH,1,2024-01-03,2024-01-09,4,RESIDUAL_REVERTED,23.55010414123535,23.364072799682617,-0.00789938509133814,-53.114887503323274,4878.50395502549
VTRS,-1,2024-01-03,2024-01-09,4,RESIDUAL_REVERTED,10.198385238647461,10.40378189086914,-0.02014011506873814,-114.6167852999752,4878.50395502549
TEL,1,2024-01-05,2024-01-09,2,RESIDUAL_REVERTED,126.59346008300781,126.89130401611328,0.002352759241355473,-3.184221053273906,4893.006061704127
DG,-1,2024-01-05,2024-01-09,2,RESIDUAL_REVERTED,126.75821685791016,126.60137939453125,0.0012372962263639264,-9.3972019036568,4893.006061704127
MSCI,1,2024-01-08,2024-01-09,1,RESIDUAL_REVERTED,523.1349487304688,519.186767578125,-0.00754715616290802,-51.157499998271945,4855.571287597499
HII,1,2024-01-08,2024-01-09,1,RESIDUAL_REVERTED,237.098388671875,240.2837371826172,0.013434711760738516,50.56863701877393,4855.571287597499
CAG,1,2024-01-08,2024-01-09,1,RESIDUAL_REVERTED,23.79259490966797,24.180978775024414,0.0163237287412743,64.5754231769954,4855.571287597499
STZ,-1,2024-01-08,2024-01-09,1,RESIDUAL_REVERTED,233.21749877929688,234.27012634277344,-0.004513501641112638,-36.90345203026286,4855.571287597499
AAL,-1,2024-01-08,2024-01-10,2,RESIDUAL_REVERTED,14.029999732971191,14.34000015258789,-0.02209553995130764,-122.80955890649119,4855.571287597499
ANET,-1,2024-01-09,2024-01-10,1,RESIDUAL_REVERTED,61.25,61.875,-0.010204081632652962,-64.8580551062072,4876.97906333682
ES,1,2024-01-10,2024-01-11,1,RESIDUAL_REVERTED,50.46064376831055,51.13814926147461,0.013426413984625851,50.59274584589163,4861.7539839831825
HPE,1,2024-01-10,2024-01-11,1,RESIDUAL_REVERTED,15.093838691711426,15.356173515319824,0.017380258857043085,69.78653297482775,4861.7539839831825
FTNT,1,2024-01-10,2024-01-11,1,RESIDUAL_REVERTED,59.380001068115234,62.0,0.04412258142062586,199.60610434939264,4861.7539839831825
GLW,1,2024-01-10,2024-01-11,1,RESIDUAL_REVERTED,28.923887252807617,29.018714904785156,0.00327852377340232,1.3302050009475366,4861.7539839831825
GILD,-1,2024-01-10,2024-01-11,1,RESIDUAL_REVERTED,77.02810668945312,77.41371154785156,-0.005006027993821105,-39.34845848679831,4861.7539839831825
RMD,-1,2024-01-10,2024-01-11,1,RESIDUAL_REVERTED,171.9948272705078,172.80328369140625,-0.004700469390436446,-37.85947146125015,4861.7539839831825
CAG,-1,2024-01-10,2024-01-11,1,RESIDUAL_REVERTED,24.620018005371094,24.628459930419922,-0.00034288866267218054,-16.64158257811664,4861.7539839831825
CRL,1,2024-01-10,2024-01-12,2,RESIDUAL_REVERTED,215.33999633789062,214.82000732421875,-0.0024147349424857856,-26.30749940800309,4861.7539839831825
ISRG,-1,2024-01-11,2024-01-12,1,RESIDUAL_REVERTED,364.45001220703125,365.0,-0.001509089791596141,-22.387127013087145,4877.1014453605085
HD,-1,2024-01-11,2024-01-12,1,RESIDUAL_REVERTED,332.847900390625,334.1901550292969,-0.004032636640028731,-34.71484822577329,4877.1014453605085
ED,1,2024-01-12,2024-01-16,1,RESIDUAL_REVERTED,83.63642120361328,83.29927062988281,-0.0040311453895148786,-34.26096867311966,4876.9377165406795
LNT,1,2024-01-12,2024-01-16,1,RESIDUAL_REVERTED,45.95433044433594,45.91781997680664,-0.0007944946031478439,-18.499701794258186,4876.9377165406795
WEC,1,2024-01-12,2024-01-16,1,RESIDUAL_REVERTED,75.15596771240234,74.83850860595703,-0.00422400397610645,-35.20011714905435,4876.9377165406795
CMS,1,2024-01-12,2024-01-16,1,RESIDUAL_REVERTED,53.329830169677734,53.421566009521484,0.0017201599846066173,-6.254283711870778,4876.9377165406795
MAA,-1,2024-01-12,2024-01-16,1,RESIDUAL_REVERTED,121.5706558227539,120.75337219238281,0.006722704791217615,17.821323277791606,4876.9377165406795
CTSH,-1,2024-01-12,2024-01-17,2,RESIDUAL_REVERTED,71.64781188964844,72.05684661865234,-0.005708963305591341,-43.30709220956382,4876.9377165406795
ACN,-1,2024-01-16,2024-01-17,1,RESIDUAL_REVERTED,335.01019287109375,335.69915771484375,-0.002056548900334798,-24.958519175685158,4856.222922256139
BNY,-1,2024-01-16,2024-01-18,2,RESIDUAL_REVERTED,51.602294921875,51.461544036865234,0.0027276090186078017,-2.0755033620455903,4856.222922256139
JCI,1,2024-01-17,2024-01-18,1,RESIDUAL_REVERTED,50.28261947631836,52.488502502441406,0.04386969193524126,197.69922121042717,4845.107508637108
BA,1,2024-01-17,2024-01-18,1,RESIDUAL_REVERTED,202.6300048828125,205.63999938964844,0.014854633737864775,57.3290164892795,4845.107508637108
SNA,-1,2024-01-12,2024-01-19,4,RESIDUAL_REVERTED,266.0333557128906,264.8429870605469,0.004474509029718909,5.685532333816976,4876.9377165406795
UAL,1,2024-01-16,2024-01-19,3,RESIDUAL_REVERTED,39.290000915527344,39.720001220703125,0.010944268138356028,38.499415325331974,4856.222922256139
GNRC,1,2024-01-17,2024-01-19,2,RESIDUAL_REVERTED,114.25,116.3499984741211,0.018380730626880393,74.38770852466152,4845.107508637108
CME,-1,2024-01-18,2024-01-19,1,RESIDUAL_REVERTED,183.36744689941406,184.71849060058594,-0.007367958293671428,-50.7973001978093,4856.970763725701
MS,1,2024-01-17,2024-01-22,3,RESIDUAL_REVERTED,78.3467788696289,78.91001892089844,0.007189064558822178,20.24422046210412,4845.107508637108
TSCO,-1,2024-01-18,2024-01-22,2,RESIDUAL_REVERTED,43.295589447021484,43.96537780761719,-0.015470129155194634,-90.60089416345257,4856.970763725701
HUM,1,2024-01-19,2024-01-22,1,RESIDUAL_REVERTED,397.35516357421875,387.1914367675781,-0.025578444017733792,-138.91678397941797,4867.428603466512
WDC,-1,2024-01-17,2024-01-22,3,TRAILING_STOP,39.24079132080078,43.49808883666992,-0.10849163262445294,-542.1614651335931,4845.107508637108
FAST,-1,2024-01-19,2024-01-23,2,RESIDUAL_REVERTED,32.070072174072266,32.98393249511719,-0.028495736338995492,-154.30144057516043,4867.428603466512
PPG,1,2024-01-22,2024-01-23,1,RESIDUAL_REVERTED,132.7682342529297,133.91123962402344,0.008609027434350436,27.0643749265392,4836.280219284082
CMI,1,2024-01-22,2024-01-23,1,RESIDUAL_REVERTED,217.60752868652344,223.30606079101562,0.02618720105360528,111.94982883243374,4836.280219284082
TRV,-1,2024-01-22,2024-01-23,1,RESIDUAL_REVERTED,203.29278564453125,203.40744018554688,-0.0005639872593221629,-17.626384961765588,4836.280219284082
TXN,-1,2024-01-22,2024-01-23,1,RESIDUAL_REVERTED,161.1491241455078,161.92706298828125,-0.00482744691848902,-38.276409731210215,4836.280219284082
NTRS,1,2024-01-19,2024-01-24,3,RESIDUAL_REVERTED,75.39320373535156,76.15345001220703,0.01008375077844037,34.406028253355274,4867.428603466512
ADM,1,2024-01-23,2024-01-24,1,RESIDUAL_REVERTED,47.537696838378906,47.610511779785156,0.0015317305264874737,-7.0627318284553,4802.72676839293
GILD,1,2024-01-23,2024-01-24,1,RESIDUAL_REVERTED,72.10711669921875,73.04357147216797,0.01298699512359458,47.871249332215704,4802.72676839293
REGN,-1,2024-01-23,2024-01-24,1,RESIDUAL_REVERTED,934.521240234375,948.083251953125,-0.014512256260059697,-84.59683996222455,4802.72676839293
JBHT,-1,2024-01-23,2024-01-24,1,RESIDUAL_REVERTED,202.4600372314453,200.5318603515625,0.009523740616912857,31.023621664584834,4802.72676839293
RTX,-1,2024-01-24,2024-01-25,1,RESIDUAL_REVERTED,85.04837036132812,85.63667297363281,-0.006917270840173462,-48.12383808009909,4809.071387007748
VZ,-1,2024-01-24,2024-01-25,1,RESIDUAL_REVERTED,35.863792419433594,35.201385498046875,0.018470074598908814,74.15684267092914,4809.071387007748
PCAR,-1,2024-01-24,2024-01-25,1,RESIDUAL_REVERTED,94.59982299804688,94.95282745361328,-0.003731555138043907,-32.77737136356699,4809.071387007748
MMM,1,2024-01-24,2024-01-26,2,RESIDUAL_REVERTED,75.58270263671875,75.25422668457031,-0.004345914351954638,-35.295676802854175,4809.071387007748
DHI,1,2024-01-24,2024-01-26,2,RESIDUAL_REVERTED,140.5522003173828,136.64659118652344,-0.027787605758145872,-147.85934505632673,4809.071387007748
KMB,1,2024-01-25,2024-01-26,1,RESIDUAL_REVERTED,105.43248748779297,107.50276947021484,0.01963609160470181,79.48756468298062,4786.493643853207
TDY,1,2024-01-25,2024-01-26,1,RESIDUAL_REVERTED,419.6700134277344,425.04998779296875,0.012819534856189474,46.909100241586806,4786.493643853207
TXT,-1,2024-01-25,2024-01-26,1,RESIDUAL_REVERTED,86.09419250488281,86.26376342773438,-0.001969597691992453,-24.180265301330902,4786.493643853207
TEL,-1,2024-01-25,2024-01-26,1,RESIDUAL_REVERTED,138.8531036376953,140.0829315185547,-0.008857042792995928,-57.19644821996025,4786.493643853207
DD,1,2024-01-25,2024-01-29,2,RESIDUAL_REVERTED,76.89347839355469,76.52442169189453,-0.004799583909720684,-37.29819904176203,4786.493643853207
IBM,-1,2024-01-26,2024-01-29,1,RESIDUAL_REVERTED,176.3917694091797,172.842041015625,0.02012411579885176,82.02321139645636,4803.265778375318
ELV,-1,2024-01-26,2024-01-29,1,RESIDUAL_REVERTED,458.8295593261719,461.5484924316406,-0.005925801967645139,-43.29917245391859,4803.265778375318
URI,-1,2024-01-26,2024-01-29,1,RESIDUAL_REVERTED,637.516357421875,618.8009033203125,0.029356821803362076,126.44211076293483,4803.265778375318
INTC,1,2024-01-29,2024-01-30,1,RESIDUAL_REVERTED,43.13233184814453,43.09286117553711,-0.0009151063927261838,-18.84611651004943,4815.3803490722885
FICO,1,2024-01-29,2024-01-30,1,RESIDUAL_REVERTED,1200.0,1216.6199951171875,0.013849995930989678,52.146817696240305,4815.380349072289
TER,1,2024-01-29,2024-01-30,1,RESIDUAL_REVERTED,103.21182250976562,103.88529968261719,0.006525194076365093,16.92801834500043,4815.3803490722885
AXP,-1,2024-01-29,2024-01-30,1,RESIDUAL_REVERTED,196.43289184570312,195.0611572265625,0.0069832226479571435,18.850986755104117,4815.3803490722885
COF,-1,2024-01-29,2024-01-30,1,RESIDUAL_REVERTED,134.07583618164062,132.85646057128906,0.009094670934586602,29.034851817856694,4815.3803490722885
HPQ,1,2024-01-30,2024-01-31,1,RESIDUAL_REVERTED,26.04281234741211,25.810924530029297,-0.008904100459252273,-57.44763306988872,4831.289915847955
DPZ,-1,2024-01-30,2024-01-31,1,RESIDUAL_REVERTED,413.77783203125,416.3649597167969,-0.00625245599274038,-45.13121193881006,4831.289915847955
KLAC,1,2024-01-29,2024-02-01,3,RESIDUAL_REVERTED,58.405582427978516,58.62981033325195,0.0038391519432228183,4.013105312044505,4815.3803490722885
VMC,-1,2024-01-30,2024-02-01,2,RESIDUAL_REVERTED,224.21902465820312,222.71966552734375,0.00668702904735663,17.095600269709514,4831.289915847955
MLM,-1,2024-01-30,2024-02-01,2,RESIDUAL_REVERTED,502.76226806640625,504.02264404296875,-0.0025069024797939043,-27.39407090818974,4831.289915847955
UPS,1,2024-01-31,2024-02-01,1,RESIDUAL_REVERTED,123.40333557128906,121.00874328613281,-0.019404599349528207,-107.37632431259692,4798.836251319179
SLB,1,2024-01-31,2024-02-01,1,RESIDUAL_REVERTED,45.99947738647461,45.62738800048828,-0.008088991595711748,-53.156028240916314,4798.836251319179
WHR,1,2024-01-31,2024-02-01,1,RESIDUAL_REVERTED,95.67656707763672,95.91092681884766,0.0024494998970936432,-2.6593919735379625,4798.836251319179
GLW,-1,2024-01-31,2024-02-01,1,RESIDUAL_REVERTED,31.598159790039062,30.678281784057617,0.02911175878892247,125.144235677802,4798.836251319179
SYY,-1,2024-01-31,2024-02-02,2,RESIDUAL_REVERTED,75.44654083251953,77.01485443115234,-0.020787084223175212,-115.06944842847324,4798.836251319179
ROK,1,2024-02-01,2024-02-02,1,RESIDUAL_REVERTED,246.85391235351562,250.39340209960938,0.014338398416894105,54.29933948680692,4798.079291739225
FTV,-1,2024-02-01,2024-02-02,1,TRAILING_STOP,58.61262893676758,61.8995391152492,-0.05607853184725098,-284.26491385671346,4798.079291739225
CHRW,1,2024-02-02,2024-02-05,1,RESIDUAL_REVERTED,68.87185668945312,69.11671447753906,0.003555266256143108,2.6279965743928395,4778.754629254053
MET,1,2024-02-02,2024-02-05,1,RESIDUAL_REVERTED,60.543460845947266,60.30833435058594,-0.0038835985270087026,-32.867190180210414,4778.754629254053
AFL,1,2024-02-02,2024-02-05,1,RESIDUAL_REVERTED,72.5365219116211,71.81975555419922,-0.009881454728353112,-61.486479843353465,4778.754629254053
PRU,1,2024-02-02,2024-02-05,1,RESIDUAL_REVERTED,89.90542602539062,89.27531433105469,-0.007008605844968541,-47.778432902583084,4778.754629254053
CTVA,-1,2024-02-02,2024-02-05,1,RESIDUAL_REVERTED,52.778743743896484,51.02918243408203,0.03314897600261235,143.94170926453262,4778.754629254053
GEN,1,2024-02-05,2024-02-06,1,RESIDUAL_REVERTED,20.142913818359375,19.97212791442871,-0.008478708962900927,-54.66056083474159,4767.190320841116
META,-1,2024-02-05,2024-02-06,1,RESIDUAL_REVERTED,465.4222717285156,459.5981140136719,0.012513706516909084,45.073214478949055,4767.190320841116
CLX,-1,2024-02-05,2024-02-06,1,RESIDUAL_REVERTED,140.3828125,140.28292846679688,0.0007115118398353104,-11.282454225262985,4767.190320841116
PH,-1,2024-02-02,2024-02-07,3,RESIDUAL_REVERTED,486.38323974609375,501.6293029785156,-0.03134578247470188,-165.51685702804446,4778.754629254053
ETN,-1,2024-02-02,2024-02-07,3,RESIDUAL_REVERTED,257.3855895996094,263.91375732421875,-0.025363376927063586,-136.87868323640436,4778.754629254053
APD,1,2024-02-06,2024-02-07,1,RESIDUAL_REVERTED,204.94000244140625,204.59324645996094,-0.001691987788203786,-22.3115688079156,4757.82228799796
MTCH,1,2024-02-06,2024-02-07,1,RESIDUAL_REVERTED,34.27693176269531,34.6801872253418,0.01176463125224525,41.616596880843076,4757.82228799796
F,1,2024-02-06,2024-02-07,1,RESIDUAL_REVERTED,9.78886890411377,10.705523490905762,0.09364254397224259,430.5928140777472,4757.82228799796
EL,-1,2024-02-06,2024-02-07,1,RESIDUAL_REVERTED,142.7087860107422,139.56919860839844,0.021999958727890956,90.18737081859746,4757.82228799796
MCD,1,2024-02-06,2024-02-08,2,RESIDUAL_REVERTED,264.7872619628906,267.80975341796875,0.011414791756492182,39.954619441951905,4757.82228799796
FMC,1,2024-02-07,2024-02-08,1,RESIDUAL_REVERTED,48.28364562988281,49.086727142333984,0.01663257821514086,64.9915326757177,4776.109858264054
GEHC,-1,2024-02-07,2024-02-08,1,RESIDUAL_REVERTED,81.68451690673828,81.17671966552734,0.006216566620461328,15.029126001426343,4776.109858264054
XYL,-1,2024-02-07,2024-02-09,2,RESIDUAL_REVERTED,116.64193725585938,118.2755355834961,-0.014005240019748122,-82.09113315932075,4776.109858264054
CINF,1,2024-02-08,2024-02-09,1,RESIDUAL_REVERTED,100.27757263183594,100.83960723876953,0.005604788709805186,12.450204850756684,4795.213924660102
EMR,-1,2024-02-08,2024-02-09,1,RESIDUAL_REVERTED,99.84320068359375,97.77246856689453,0.020739841096054534,84.84312244265156,4795.213924660102
PRU,-1,2024-02-08,2024-02-09,1,RESIDUAL_REVERTED,95.16515350341797,94.09746551513672,0.011219316619322295,39.11396247820363,4795.213924660102
CMG,-1,2024-02-08,2024-02-09,1,RESIDUAL_REVERTED,53.56100082397461,52.739601135253906,0.015335779318616405,58.89061691288593,4795.213924660102
FOXA,1,2024-02-08,2024-02-12,2,RESIDUAL_REVERTED,28.746631622314453,28.72730827331543,-0.0006721952419643795,-17.604126778361778,4795.213924660102
FOX,1,2024-02-08,2024-02-12,2,RESIDUAL_REVERTED,26.364330291748047,26.451021194458008,0.0032881890702565197,1.3582768876043847,4795.213924660102
CPAY,1,2024-02-09,2024-02-12,1,RESIDUAL_REVERTED,268.1199951171875,273.3999938964844,0.019692670727482042,79.73178272098436,4784.921829468035
SNA,1,2024-02-09,2024-02-13,2,RESIDUAL_REVERTED,247.41551208496094,246.13223266601562,-0.005186737921689555,-39.135673790368394,4784.921829468035
RL,-1,2024-02-09,2024-02-13,2,RESIDUAL_REVERTED,164.33233642578125,167.0977020263672,-0.016827884643597635,-95.78124378339767,4784.921829468035
EXPE,1,2024-02-12,2024-02-13,1,RESIDUAL_REVERTED,130.23452758789062,129.5934295654297,-0.0049226425152752995,-38.00782737686868,4801.842811521893
AMAT,-1,2024-02-12,2024-02-13,1,RESIDUAL_REVERTED,181.3661346435547,174.83670043945312,0.036001396936280794,158.34517622692135,4801.842811521893
LRCX,-1,2024-02-12,2024-02-13,1,RESIDUAL_REVERTED,88.56184387207031,85.60816955566406,0.03335154494607073,145.6014204038267,4801.842811521893
KLAC,-1,2024-02-12,2024-02-13,1,RESIDUAL_REVERTED,63.26316833496094,61.507537841796875,0.02775122617742576,118.66913421377022,4801.842811521893
FE,-1,2024-02-12,2024-02-14,2,RESIDUAL_REVERTED,33.755393981933594,33.42127990722656,0.009898094357478238,32.43306889621158,4801.842811521893
MSI,1,2024-02-13,2024-02-14,1,RESIDUAL_REVERTED,310.58135986328125,310.6396179199219,0.0001875774407913422,-13.48499645443027,4794.317785387505
PTC,1,2024-02-13,2024-02-14,1,RESIDUAL_REVERTED,175.0,178.5500030517578,0.020285731724330347,82.72740667280073,4794.317785387505
KEYS,1,2024-02-13,2024-02-15,2,RESIDUAL_REVERTED,155.49000549316406,153.55999755859375,-0.012412424377045705,-73.80279664638395,4794.317785387505
ECL,-1,2024-02-14,2024-02-15,1,RESIDUAL_REVERTED,214.114990234375,211.2076416015625,0.013578445066503964,50.992629641533405,4846.926256018375
LDOS,-1,2024-02-14,2024-02-15,1,RESIDUAL_REVERTED,118.31603240966797,118.74301147460938,-0.0036088014130071233,-32.44193057281339,4846.926256018375
WM,-1,2024-02-14,2024-02-15,1,RESIDUAL_REVERTED,190.93653869628906,190.39938354492188,0.0028132653657328976,-1.269486059474208,4846.926256018375
MCO,1,2024-02-14,2024-02-16,2,RESIDUAL_REVERTED,361.8796691894531,364.0216064453125,0.005918921227757723,14.104763076008826,4846.926256018375
BIIB,1,2024-02-14,2024-02-16,2,RESIDUAL_REVERTED,227.00999450683594,221.14999389648438,-0.025813844113260376,-139.47090087118033,4846.926256018375
HWM,-1,2024-02-14,2024-02-16,2,RESIDUAL_REVERTED,62.173587799072266,63.12751007080078,-0.015342886030822678,-89.79680144415147,4846.926256018375
KHC,1,2024-02-15,2024-02-16,1,RESIDUAL_REVERTED,29.315227508544922,29.880138397216797,0.019270220178479347,78.47928977102377,4832.077359775176
IQV,-1,2024-02-15,2024-02-16,1,RESIDUAL_REVERTED,241.9499969482422,241.42999267578125,0.002149222066624712,-4.47818437425824,4832.077359775176
WST,1,2024-02-16,2024-02-20,1,RESIDUAL_REVERTED,348.2309875488281,358.82220458984375,0.03041434398347609,132.3471327851171,4835.707364210133
ZBRA,-1,2024-02-16,2024-02-20,1,RESIDUAL_REVERTED,282.4100036621094,269.8599853515625,0.04443900055878469,200.33487971992287,4835.707364210133
CBRE,-1,2024-02-16,2024-02-20,1,RESIDUAL_REVERTED,93.66000366210938,92.23999786376953,0.015161282754832084,58.53676334997649,4835.707364210133
WFC,-1,2024-02-16,2024-02-20,1,RESIDUAL_REVERTED,49.06642150878906,48.65076446533203,0.008471313592383622,26.13555398631004,4835.707364210133
ADBE,1,2024-02-20,2024-02-21,1,RESIDUAL_REVERTED,531.5,539.760009765625,0.015540940292803285,60.59188447424309,4840.524115522365
VMC,-1,2024-02-20,2024-02-21,1,RESIDUAL_REVERTED,248.15008544921875,246.5919189453125,0.006279129427199437,15.536919434325435,4840.524115522365
AMAT,-1,2024-02-20,2024-02-21,1,RESIDUAL_REVERTED,191.46868896484375,184.27210998535156,0.03758619238685845,167.31670381342897,4840.524115522365
DLR,1,2024-02-20,2024-02-22,2,RESIDUAL_REVERTED,125.36641693115234,129.04420471191406,0.02933630768742046,127.26852781754361,4840.524115522365
CARR,1,2024-02-20,2024-02-22,2,RESIDUAL_REVERTED,51.63115692138672,52.43381881713867,0.015546076121712327,60.616707287774574,4840.524115522365
EXPD,1,2024-02-21,2024-02-22,1,RESIDUAL_REVERTED,112.55057525634766,114.0751953125,0.013546088526689815,51.29843157399049,4873.6039765150845
WMT,-1,2024-02-21,2024-02-22,1,RESIDUAL_REVERTED,56.73460006713867,56.371498107910156,0.006400009144311047,16.23316409992215,4873.6039765150845
CAG,-1,2024-02-21,2024-02-22,1,RESIDUAL_REVERTED,24.350507736206055,24.07710075378418,0.011227978709263398,39.79641833211501,4873.6039765150845
KO,-1,2024-02-21,2024-02-22,1,RESIDUAL_REVERTED,56.39111328125,56.39111328125,-0.0,-15.009191368469482,4873.6039765150845
AKAM,1,2024-02-15,2024-02-23,5,RESIDUAL_REVERTED,114.19999694824219,107.69000244140625,-0.05700520736253967,-289.5366236073137,4832.077359775176
PANW,1,2024-02-22,2024-02-23,1,RESIDUAL_REVERTED,137.06500244140625,138.47500610351562,0.010287116601571,35.48183545684518,4879.451039918584
GRMN,-1,2024-02-22,2024-02-23,1,RESIDUAL_REVERTED,128.7840576171875,128.65982055664062,0.0009646928575287594,-10.308993848933321,4879.451039918584
EQT,-1,2024-02-22,2024-02-23,1,RESIDUAL_REVERTED,35.26338577270508,35.53404998779297,-0.00767550276744533,-52.54294657545238,4879.451039918584
TFX,1,2024-02-23,2024-02-26,1,RESIDUAL_REVERTED,232.98031616210938,230.77706909179688,-0.009456794919874056,-60.67054083012671,4876.030202575886
NEM,1,2024-02-23,2024-02-26,1,RESIDUAL_REVERTED,29.617414474487305,29.197980880737305,-0.01416172212166944,-83.57749591629636,4876.030202575886
PWR,-1,2024-02-23,2024-02-26,1,RESIDUAL_REVERTED,234.84951782226562,233.7227020263672,0.004798033252728318,8.417211309590806,4876.030202575886
NVDA,-1,2024-02-23,2024-02-26,1,RESIDUAL_REVERTED,80.5565185546875,79.46968078613281,0.013491617910682985,50.87858832744458,4876.030202575886
MOS,-1,2024-02-23,2024-02-26,1,RESIDUAL_REVERTED,29.206205368041992,28.647371292114258,0.01913408705052866,78.42811233811705,4876.030202575886
BKNG,1,2024-02-26,2024-02-27,1,RESIDUAL_REVERTED,139.0771026611328,137.3949737548828,-0.01209493780114601,-74.02618129233056,4909.941360589715
WBD,1,2024-02-26,2024-02-27,1,RESIDUAL_REVERTED,8.779999732971191,8.59000015258789,-0.021640043981983603,-120.82179405340278,4909.941360589715
D,-1,2024-02-26,2024-02-27,1,RESIDUAL_REVERTED,41.79512023925781,41.328285217285156,0.011169605908542435,39.812180237160845,4909.941360589715
KDP,1,2024-02-23,2024-02-28,3,RESIDUAL_REVERTED,28.08605194091797,27.136016845703125,-0.03382586834252621,-179.31664234074117,4876.030202575886
PODD,1,2024-02-27,2024-02-28,1,RESIDUAL_REVERTED,169.25999450683594,166.8300018310547,-0.014356568324732533,-84.11189760684046,4852.133556102393
GOOG,1,2024-02-27,2024-02-28,1,RESIDUAL_REVERTED,138.10195922851562,137.7948760986328,-0.002223597200201044,-25.3294074727727,4852.133556102393
FIS,-1,2024-02-27,2024-02-28,1,RESIDUAL_REVERTED,62.94047546386719,62.26140213012695,0.010789135746679834,37.49123271172214,4852.133556102393
DPZ,-1,2024-02-27,2024-02-28,1,RESIDUAL_REVERTED,439.4014892578125,425.8449401855469,0.030852305701475458,134.9942715744739,4852.133556102393
LULU,-1,2024-02-27,2024-02-28,1,RESIDUAL_REVERTED,471.0899963378906,466.5,0.009743353443231295,32.4081323309666,4852.133556102393
CPRT,-1,2024-02-26,2024-02-29,3,RESIDUAL_REVERTED,51.060001373291016,53.31999969482422,-0.04426161889442071,-233.5873949189772,4909.941360589715
SBAC,1,2024-02-28,2024-02-29,1,RESIDUAL_REVERTED,187.7099609375,195.5194091796875,0.04160380303306188,187.3392227051569,4860.727313759488
HSIC,1,2024-02-28,2024-03-01,2,RESIDUAL_REVERTED,78.12999725341797,76.47000122070312,-0.021246590183928715,-117.70115235070786,4860.727313759488
CEG,-1,2024-02-28,2024-03-01,2,RESIDUAL_REVERTED,155.81890869140625,164.2351837158203,-0.05401318168055069,-278.3452198680466,4860.727313759488
VTRS,1,2024-02-29,2024-03-01,1,RESIDUAL_REVERTED,11.03783130645752,11.046762466430664,0.0008091408289525592,-10.559956034722134,4817.338018289701
UHS,1,2024-02-29,2024-03-01,1,RESIDUAL_REVERTED,161.42105102539062,165.30987548828125,0.02409118537010979,101.42928605944144,4817.338018289701
FISV,1,2024-02-29,2024-03-01,1,RESIDUAL_REVERTED,148.58999633789062,149.60000610351562,0.006797293159145568,18.243727414007537,4817.338018289701
AXON,-1,2024-02-29,2024-03-01,1,RESIDUAL_REVERTED,309.2200012207031,303.0,0.020115132255832502,82.21468837718956,4817.338018289701
WY,-1,2024-02-29,2024-03-01,1,RESIDUAL_REVERTED,31.74654769897461,31.489181518554688,0.0081069029256442,24.279700813069002,4817.338018289701
EBAY,-1,2024-02-29,2024-03-01,1,RESIDUAL_REVERTED,45.906944274902344,45.188899993896484,0.015641299858819346,60.63345237280248,4817.338018289701
HRL,-1,2024-03-01,2024-03-04,1,RESIDUAL_REVERTED,31.754451751708984,29.956348419189453,0.05662523625282745,259.9943299873627,4847.457917249334
XEL,1,2024-03-01,2024-03-05,2,RESIDUAL_REVERTED,47.085567474365234,46.61161422729492,-0.010065786025162504,-63.26265770151825,4847.457917249334
D,1,2024-03-04,2024-03-05,1,RESIDUAL_REVERTED,39.826202392578125,41.96980285644531,0.053823873105879105,246.7126156170512,4861.989793355321
NTAP,-1,2024-03-04,2024-03-05,1,RESIDUAL_REVERTED,101.23091125488281,98.76698303222656,0.024339682337270352,103.55467405481926,4861.989793355321
COO,-1,2024-03-04,2024-03-05,1,RESIDUAL_REVERTED,102.0199966430664,102.47000122070312,-0.004410944838697972,-36.45281606336889,4861.989793355321
AVGO,-1,2024-03-04,2024-03-05,1,RESIDUAL_REVERTED,136.45823669433594,135.66563415527344,0.005808389132551328,13.311092365805127,4861.989793355321
WDC,-1,2024-03-04,2024-03-05,1,RESIDUAL_REVERTED,48.89115524291992,47.612464904785156,0.026153817224843223,112.38252703770921,4861.989793355321
LVS,1,2024-03-04,2024-03-06,2,RESIDUAL_REVERTED,48.72584533691406,48.83026123046875,0.002142926260852107,-4.182712100302582,4861.989793355321
HPE,-1,2024-03-05,2024-03-06,1,STOP_LOSS,15.9370698928833,17.99677102496169,-0.12923963726846344,-648.1079923197185,4890.7186118655945
BBY,1,2024-03-04,2024-03-07,3,RESIDUAL_REVERTED,68.67945861816406,68.60070037841797,-0.0011467510276101933,-20.153097934138977,4861.98979335532
ALB,1,2024-03-06,2024-03-07,1,RESIDUAL_REVERTED,105.49835968017578,113.88809967041016,0.07952483825974488,370.9313240041957,4854.769308485992
ADSK,1,2024-03-06,2024-03-07,1,RESIDUAL_REVERTED,248.14999389648438,252.88999938964844,0.019101372596210364,78.02935036843418,4854.769308485992
DVA,-1,2024-03-06,2024-03-07,1,RESIDUAL_REVERTED,133.0399932861328,132.5800018310547,0.003457542681085446,1.864213247204113,4854.769308485992
CFG,-1,2024-03-06,2024-03-07,1,RESIDUAL_REVERTED,30.759355545043945,30.932981491088867,-0.005644654869009447,-42.393064876315854,4854.769308485992
TGT,-1,2024-03-06,2024-03-08,2,RESIDUAL_REVERTED,157.0518798828125,156.24940490722656,0.005109617128968624,9.50688332672459,4854.769308485992
NRG,-1,2024-03-06,2024-03-08,2,RESIDUAL_REVERTED,58.21049499511719,58.345176696777344,-0.0023137013638425685,-26.590990860259897,4854.769308485992
DXCM,-1,2024-03-07,2024-03-08,1,RESIDUAL_REVERTED,135.60000610351562,134.0,0.011799454509568319,42.57846070530234,4872.140172295548
ZTS,1,2024-03-04,2024-03-11,5,RESIDUAL_REVERTED,182.84339904785156,176.1028594970703,-0.036865096502702865,-193.55483572287525,4861.989793355321
BF-B,1,2024-03-07,2024-03-11,2,RESIDUAL_REVERTED,52.39228057861328,50.76259994506836,-0.031105357803610567,-165.9387593504915,4872.140172295548
CMI,1,2024-03-08,2024-03-11,1,RESIDUAL_REVERTED,255.11514282226562,258.23565673828125,0.012231786327907779,44.81490026741818,4864.079740208978
ROST,1,2024-03-08,2024-03-11,1,RESIDUAL_REVERTED,141.9497528076172,142.28079223632812,0.0023320888001798767,-3.265788534132011,4864.079740208978
KR,-1,2024-03-08,2024-03-11,1,RESIDUAL_REVERTED,52.56380844116211,52.93330383300781,-0.007029463861228713,-49.22484735403127,4864.079740208978
MCHP,-1,2024-03-08,2024-03-11,1,RESIDUAL_REVERTED,87.24958801269531,83.04220581054688,0.048222373285432996,219.9487314370906,4864.079740208978
TMUS,1,2024-03-08,2024-03-12,2,RESIDUAL_REVERTED,157.49578857421875,157.51495361328125,0.00012168604148721229,-14.001236447476465,4864.079740208978
NEE,-1,2024-03-11,2024-03-12,1,RESIDUAL_REVERTED,53.57634735107422,53.669410705566406,-0.0017370231285527282,-23.495028956559832,4875.086789463019
PSA,-1,2024-03-11,2024-03-12,1,RESIDUAL_REVERTED,262.9390563964844,260.21331787109375,0.010366426968842934,35.603264249171616,4875.086789463019
EXR,-1,2024-03-11,2024-03-12,1,RESIDUAL_REVERTED,134.25575256347656,131.60415649414062,0.019750334854979568,81.42191175845555,4875.086789463019
EQT,1,2024-03-12,2024-03-13,1,RESIDUAL_REVERTED,33.62007522583008,33.23341369628906,-0.011500912087309856,-70.77657747087999,4886.649780269948
ISRG,1,2024-03-12,2024-03-13,1,RESIDUAL_REVERTED,378.8999938964844,389.6700134277344,0.028424438386748463,124.03197584269601,4886.649780269948
HWM,1,2024-03-12,2024-03-13,1,RESIDUAL_REVERTED,64.63788604736328,65.57190704345703,0.014450054808558432,55.84648927858794,4886.649780269948
BSX,1,2024-03-12,2024-03-13,1,RESIDUAL_REVERTED,66.05000305175781,67.5999984741211,0.02346700001131996,99.84304859242812,4886.649780269948
PFE,-1,2024-03-12,2024-03-13,1,RESIDUAL_REVERTED,24.013946533203125,23.996980667114258,0.0007065005356536869,-11.586069561106914,4886.649780269948
SRE,-1,2024-03-12,2024-03-13,1,RESIDUAL_REVERTED,66.2582778930664,65.52409362792969,0.011080642124771334,39.18732032827906,4886.649780269948
ORCL,-1,2024-03-13,2024-03-14,1,RESIDUAL_REVERTED,124.49260711669922,123.74369812011719,0.006015690521124717,14.518230294365065,4926.633385676477
NOW,-1,2024-03-13,2024-03-14,1,RESIDUAL_REVERTED,159.01199340820312,157.62600708007812,0.00871623767753793,27.844158005334698,4926.633385676477
LUV,1,2024-03-13,2024-03-15,2,RESIDUAL_REVERTED,27.258529663085938,26.58489227294922,-0.024712902656997437,-136.3486843270353,4926.633385676477
MMM,-1,2024-03-13,2024-03-15,2,RESIDUAL_REVERTED,79.28701782226562,81.89493560791016,-0.032892115976547176,-177.8827609880001,4926.633385676477
DLTR,1,2024-03-14,2024-03-15,1,RESIDUAL_REVERTED,128.5399932861328,124.68000030517578,-0.03002950974460228,-161.67389959743744,4901.516433411349
MCD,1,2024-03-14,2024-03-15,1,RESIDUAL_REVERTED,265.7762756347656,265.2774658203125,-0.0018768033875927737,-23.88993317283238,4901.516433411349
DG,-1,2024-03-14,2024-03-15,1,RESIDUAL_REVERTED,157.27658081054688,141.8348388671875,0.09818208066183909,466.9069932071453,4901.516433411349
GL,1,2024-03-14,2024-03-18,2,RESIDUAL_REVERTED,116.42463684082031,113.91024017333984,-0.02159677483828648,-120.40271065861212,4901.516433411349
FICO,1,2024-03-14,2024-03-18,2,RESIDUAL_REVERTED,1251.52001953125,1217.969970703125,-0.026807440795626247,-145.90456523030173,4901.516433411349
MSFT,-1,2024-03-15,2024-03-18,1,RESIDUAL_REVERTED,411.2850341796875,406.3412170410156,0.012020415837722842,43.74723698137683,4882.708683292083
CTAS,-1,2024-03-15,2024-03-18,1,RESIDUAL_REVERTED,153.80056762695312,154.43182373046875,-0.00410438084368292,-35.10544110683439,4882.708683292083
NEE,-1,2024-03-14,2024-03-19,3,RESIDUAL_REVERTED,55.09327697753906,56.20073318481445,-0.02010147640567639,-114.56147627167792,4901.516433411349
JBL,1,2024-03-18,2024-03-19,1,RESIDUAL_REVERTED,123.55703735351562,122.48192596435547,-0.008701336744455057,-57.03104428578927,4879.333927744249
ADBE,1,2024-03-18,2024-03-19,1,RESIDUAL_REVERTED,495.54998779296875,509.8900146484375,0.02893759904895754,126.3464127305651,4879.333927744249
CSGP,-1,2024-03-18,2024-03-20,2,RESIDUAL_REVERTED,96.33000183105469,95.02999877929688,0.013495308076893697,50.54407577240137,4879.333927744249
CMI,-1,2024-03-18,2024-03-20,2,RESIDUAL_REVERTED,264.07574462890625,267.8832702636719,-0.014418308808013203,-85.88889966595364,4879.333927744249
ABT,1,2024-03-19,2024-03-20,1,RESIDUAL_REVERTED,106.72917175292969,107.2607421875,0.004980554293074313,9.621368287620705,4876.310847818734
IP,1,2024-03-19,2024-03-20,1,RESIDUAL_REVERTED,32.049522399902344,35.199581146240234,0.09828722896499342,463.93122963937935,4876.310847818734
PEP,-1,2024-03-19,2024-03-20,1,RESIDUAL_REVERTED,155.89134216308594,156.98468017578125,-0.007013462053277575,-49.26864546665473,4876.310847818734
MTCH,-1,2024-03-19,2024-03-21,2,RESIDUAL_REVERTED,33.67204284667969,34.80500411987305,-0.03364694201513463,-179.73944361932485,4876.310847818734
FMC,1,2024-03-20,2024-03-21,1,RESIDUAL_REVERTED,57.32499313354492,58.20025634765625,0.015268439929374322,60.158843056140356,4912.71568835734
NDAQ,-1,2024-03-20,2024-03-21,1,RESIDUAL_REVERTED,58.0015754699707,59.19198989868164,-0.02052382920748852,-116.1132050639281,4912.71568835734
ULTA,1,2024-03-18,2024-03-22,4,RESIDUAL_REVERTED,534.3599853515625,522.0,-0.023130447058888004,-127.3298851189098,4879.333927744249
AMCR,1,2024-03-21,2024-03-22,1,RESIDUAL_REVERTED,40.192138671875,40.49729537963867,0.00759244762402278,22.4816443266635,4907.521286965524
VRSN,1,2024-03-21,2024-03-22,1,RESIDUAL_REVERTED,185.96469116210938,188.97010803222656,0.01616122314045798,64.47001540442257,4907.521286965524
F,-1,2024-03-21,2024-03-22,1,RESIDUAL_REVERTED,11.15848445892334,11.115303039550781,0.003869828338384007,3.907702167620603,4907.521286965524
RCL,-1,2024-03-21,2024-03-22,1,RESIDUAL_REVERTED,132.23985290527344,130.9734344482422,0.009576677750378404,31.959044191390202,4907.521286965525
COF,-1,2024-03-21,2024-03-22,1,RESIDUAL_REVERTED,137.59494018554688,138.2025604248047,-0.004416007147053813,-36.81759849846144,4907.521286965524
MU,-1,2024-03-22,2024-03-25,1,RESIDUAL_REVERTED,108.42724609375,109.3497314453125,-0.008507874033477636,-56.83415141357799,4899.219439535403
GS,-1,2024-03-22,2024-03-25,1,RESIDUAL_REVERTED,393.555908203125,386.4046325683594,0.018170926889184535,74.07752025950207,4899.219439535403
ACN,1,2024-03-22,2024-03-26,2,RESIDUAL_REVERTED,334.2869567871094,319.7925720214844,-0.04335910950559685,-226.80481180111445,4899.219439535403
NKE,1,2024-03-25,2024-03-26,1,RESIDUAL_REVERTED,88.34959411621094,88.03966522216797,-0.003507983224408484,-31.725363833271153,4878.782684304632
FDX,-1,2024-03-25,2024-03-26,1,RESIDUAL_REVERTED,215.13934326171875,216.93997192382812,-0.008369592631501499,-55.92069524152549,4878.782684304632
BDX,-1,2024-03-25,2024-03-26,1,RESIDUAL_REVERTED,182.8443603515625,180.5043182373047,0.012797999947925742,47.514573179148535,4878.782684304632
EQIX,1,2024-03-20,2024-03-27,5,RESIDUAL_REVERTED,759.6090087890625,767.2904052734375,0.010112303034188974,34.86620439177,4912.71568835734
LULU,1,2024-03-25,2024-03-27,2,RESIDUAL_REVERTED,405.0899963378906,387.0799865722656,-0.044459280477029184,-231.21815504926485,4878.782684304632
KIM,1,2024-03-25,2024-03-27,2,RESIDUAL_REVERTED,17.10938835144043,16.984500885009766,-0.007299353072440451,-50.19488749329766,4878.782684304632
EMN,-1,2024-03-26,2024-03-27,1,RESIDUAL_REVERTED,89.53417205810547,89.25521850585938,0.0031156098932266785,0.20216071222888443,4829.512640422689
ALL,-1,2024-03-25,2024-03-28,3,RESIDUAL_REVERTED,158.5873260498047,163.83482360839844,-0.033089009628334054,-177.49759349639328,4878.782684304632
KDP,-1,2024-03-26,2024-03-28,2,RESIDUAL_REVERTED,28.076826095581055,28.61832618713379,-0.0192863712482787,-108.54687088245602,4829.512640422689
UPS,1,2024-03-27,2024-03-28,1,RESIDUAL_REVERTED,124.4253158569336,126.9071044921875,0.019946010328858677,81.553849499203,4821.081181724715
APA,1,2024-03-27,2024-03-28,1,RESIDUAL_REVERTED,29.607473373413086,30.846773147583008,0.04185766743888353,187.0332704361175,4821.081181724715
MKC,-1,2024-03-27,2024-03-28,1,RESIDUAL_REVERTED,72.76693725585938,71.86845397949219,0.012347410929334335,44.779757758622424,4821.081181724715
STX,-1,2024-03-27,2024-03-28,1,RESIDUAL_REVERTED,91.61460876464844,90.56111907958984,0.011499145161061985,40.679920630391,4821.081181724715
GPN,1,2024-03-28,2024-04-01,1,RESIDUAL_REVERTED,128.6263885498047,129.7436065673828,0.008685760598382553,27.600361821833253,4865.444380007414
CTAS,-1,2024-03-28,2024-04-01,1,RESIDUAL_REVERTED,168.39990234375,167.75640869140625,0.0038212234293949487,3.6380597473837937,4865.444380007414
NFLX,1,2024-03-28,2024-04-02,2,RESIDUAL_REVERTED,61.499000549316406,61.099998474121094,-0.0064879440581371295,-46.115713999055075,4865.444380007414
V,1,2024-03-28,2024-04-02,2,RESIDUAL_REVERTED,273.2988586425781,272.8180847167969,-0.0017591508730375738,-23.14254529273459,4865.444380007414
GE,1,2024-04-01,2024-04-02,1,RESIDUAL_REVERTED,138.06271362304688,138.44332885742188,0.0027568285772956447,-1.1993279707585636,4849.557807076712
CCL,1,2024-04-01,2024-04-02,1,RESIDUAL_REVERTED,16.219362258911133,15.589482307434082,-0.03883506277387605,-202.5990559618002,4849.557807076712
COF,-1,2024-04-01,2024-04-02,1,RESIDUAL_REVERTED,143.5550994873047,139.35984802246094,0.029223980756007628,127.01158948205705,4849.557807076712
EL,-1,2024-04-01,2024-04-02,1,RESIDUAL_REVERTED,147.3404083251953,147.44552612304688,-0.0007134349568216347,-18.39322569607781,4849.557807076712
BXP,-1,2024-04-01,2024-04-02,1,RESIDUAL_REVERTED,58.29677200317383,55.72760772705078,0.044070437999263024,199.12129347011393,4849.557807076712
INVH,-1,2024-04-01,2024-04-02,1,RESIDUAL_REVERTED,32.31992721557617,31.657184600830078,0.02050569638741928,84.66489641388722,4849.557807076712
HUM,1,2024-04-03,2024-04-04,1,RESIDUAL_REVERTED,296.81024169921875,299.9835510253906,0.010691374084684124,37.3457761591366,4865.685512507776
DHI,1,2024-04-03,2024-04-04,1,RESIDUAL_REVERTED,150.40956115722656,155.75424194335938,0.03553418243502415,158.0417529003727,4865.685512507776
CI,-1,2024-04-03,2024-04-04,1,RESIDUAL_REVERTED,346.8453674316406,346.597900390625,0.0007134794471902461,-11.502950719113914,4865.685512507776
HD,1,2024-04-02,2024-04-05,3,RESIDUAL_REVERTED,341.786865234375,335.3918762207031,-0.01871045866343224,-105.85287406325499,4881.973783206044
ADSK,1,2024-04-03,2024-04-05,2,RESIDUAL_REVERTED,247.58999633789062,246.0,-0.006421892489229308,-45.79709542137754,4865.685512507776
ELV,-1,2024-04-03,2024-04-05,2,RESIDUAL_REVERTED,477.6876525878906,477.2665100097656,0.0008816275150580477,-11.078198159137314,4865.685512507776
PSX,-1,2024-04-03,2024-04-05,2,RESIDUAL_REVERTED,156.70860290527344,159.17616271972656,-0.015746166890050706,-92.10699152300474,4865.685512507776
GD,-1,2024-04-02,2024-04-08,4,RESIDUAL_REVERTED,278.08349609375,282.0860290527344,-0.014393277613407918,-86.57331409347844,4881.973783206044
DOW,-1,2024-04-03,2024-04-08,3,RESIDUAL_REVERTED,51.27877426147461,51.77101516723633,-0.009599311076581962,-62.54194744839647,4865.685512507776
ABBV,1,2024-04-05,2024-04-08,1,RESIDUAL_REVERTED,154.44432067871094,155.5567169189453,0.007202571356110132,20.297465464008056,4842.221203461859
AAL,1,2024-04-03,2024-04-09,4,RESIDUAL_REVERTED,14.300000190734863,13.960000038146973,-0.023776234129575746,-130.11120296687378,4865.685512507776
CAG,-1,2024-04-05,2024-04-09,2,RESIDUAL_REVERTED,26.238739013671875,26.81119155883789,-0.021817075312488665,-121.1087277889219,4842.221203461859
HPQ,1,2024-04-08,2024-04-09,1,RESIDUAL_REVERTED,26.349822998046875,26.493812561035156,0.005464536251304386,11.828132804658683,4815.349449952518
ACGL,-1,2024-04-08,2024-04-09,1,RESIDUAL_REVERTED,90.1737060546875,89.8218765258789,0.0039016864693929287,3.98907524152498,4815.349449952518
GE,-1,2024-04-08,2024-04-09,1,RESIDUAL_REVERTED,155.13182067871094,153.8116912841797,0.008509726687636388,26.212860349533027,4815.349449952518
LW,1,2024-04-05,2024-04-10,3,RESIDUAL_REVERTED,76.83045959472656,74.7600326538086,-0.02694799630041622,-144.81909044845767,4842.221203461859
J,1,2024-04-08,2024-04-10,2,RESIDUAL_REVERTED,119.7928237915039,116.8773422241211,-0.02433769799480745,-131.46477722128571,4815.349449952518
CF,1,2024-04-09,2024-04-10,1,RESIDUAL_REVERTED,75.55342102050781,75.06233215332031,-0.00649988922479372,-45.477480079641055,4792.077145144801
CPT,-1,2024-04-09,2024-04-11,2,RESIDUAL_REVERTED,94.46714782714844,93.44690704345703,0.01079995328702199,36.69932847026642,4792.077145144801
MAA,-1,2024-04-09,2024-04-11,2,RESIDUAL_REVERTED,119.81929779052734,120.31326293945312,-0.004122584241724958,-34.92655859296557,4792.077145144801
HIG,1,2024-04-10,2024-04-11,1,RESIDUAL_REVERTED,94.42525482177734,94.6168441772461,0.002029005437479192,-4.6791989571068715,4803.917935009223
HII,1,2024-04-10,2024-04-11,1,RESIDUAL_REVERTED,259.3278503417969,261.074951171875,0.006737035099683375,17.903863693511745,4803.917935009223
RVTY,-1,2024-04-10,2024-04-11,1,RESIDUAL_REVERTED,107.29348754882812,108.64432525634766,-0.012590118360210623,-75.36521184645429,4803.917935009223
ADI,-1,2024-04-10,2024-04-11,1,RESIDUAL_REVERTED,193.02789306640625,190.6967010498047,0.012076969704060248,43.318485318025246,4803.917935009223
VICI,1,2024-04-11,2024-04-12,1,RESIDUAL_REVERTED,24.29511833190918,24.243505477905273,-0.002124412538304754,-24.694752813942085,4822.039332403831
DHI,1,2024-04-11,2024-04-12,1,RESIDUAL_REVERTED,145.27911376953125,145.52249145507812,0.0016752420856103178,-6.40015189394292,4822.039332403831
PSA,1,2024-04-11,2024-04-12,1,RESIDUAL_REVERTED,250.6183624267578,248.31015014648438,-0.00921006847991035,-58.81081349277571,4822.039332403831
CSCO,-1,2024-04-10,2024-04-15,3,RESIDUAL_REVERTED,47.017906188964844,47.00845718383789,0.00020096609766029339,-14.573644386377842,4803.917935009223
GL,1,2024-04-12,2024-04-15,1,RESIDUAL_REVERTED,58.58369064331055,57.90715789794922,-0.011548141435479553,-69.63706055093635,4792.369891929294
FAST,1,2024-04-12,2024-04-15,1,RESIDUAL_REVERTED,32.94373321533203,33.782249450683594,0.02545298159958742,107.42002284788855,4792.369891929294
IT,-1,2024-04-12,2024-04-15,1,RESIDUAL_REVERTED,469.9599914550781,470.3699951171875,-0.0008724224818370541,-18.941049179602487,4792.369891929294
DAL,-1,2024-04-12,2024-04-15,1,RESIDUAL_REVERTED,45.493717193603516,45.96042251586914,-0.010258676385565657,-63.99514241742348,4792.369891929294
AAPL,-1,2024-04-12,2024-04-16,2,RESIDUAL_REVERTED,172.38075256347656,169.89784240722656,0.01440363914953735,53.991733102581186,4792.369891929294
JPM,1,2024-04-15,2024-04-16,1,RESIDUAL_REVERTED,176.08489990234375,174.55787658691406,-0.00867208554666854,-55.83084004556986,4788.615603298584
ZTS,1,2024-04-15,2024-04-16,1,RESIDUAL_REVERTED,145.72698974609375,144.83982849121094,-0.006087830788439108,-43.4743998914009,4788.615603298584
ANET,1,2024-04-15,2024-04-17,2,RESIDUAL_REVERTED,68.82499694824219,65.71749877929688,-0.04515072003972942,-230.2509751285863,4788.615603298584
CRM,1,2024-04-16,2024-04-17,1,RESIDUAL_REVERTED,269.98480224609375,272.8931579589844,0.010772294176172315,36.78534493740956,4742.741256041944
MTB,-1,2024-04-16,2024-04-17,1,RESIDUAL_REVERTED,130.27891540527344,128.82901000976562,0.011129240606566504,38.265116739318714,4742.741256041944
GS,-1,2024-04-16,2024-04-17,1,RESIDUAL_REVERTED,384.10638427734375,382.1594543457031,0.005068725778415661,9.478146325350538,4742.741256041944
CNC,-1,2024-04-16,2024-04-17,1,RESIDUAL_REVERTED,73.94000244140625,72.47000122070312,0.019881000435021945,79.83579724711049,4742.741256041945
MOH,1,2024-04-16,2024-04-18,2,RESIDUAL_REVERTED,368.8900146484375,362.489990234375,-0.017349410826860923,-96.38856461495524,4742.741256041944
LYV,1,2024-04-17,2024-04-18,1,RESIDUAL_REVERTED,92.75,91.36000061035156,-0.014986516330441346,-85.46273743248369,4757.435065683907
BAC,1,2024-04-17,2024-04-18,1,RESIDUAL_REVERTED,32.95969772338867,33.5737419128418,0.01863015233350862,74.22648718342887,4757.435065683907
TRV,1,2024-04-18,2024-04-19,1,RESIDUAL_REVERTED,200.1291046142578,203.2393035888672,0.015540962822994553,59.27836234652022,4735.581823847845
NKE,-1,2024-04-12,2024-04-22,6,RESIDUAL_REVERTED,86.41487121582031,88.87554168701172,-0.028475081158726878,-153.37471026069323,4792.369891929294
UNH,-1,2024-04-17,2024-04-22,3,RESIDUAL_REVERTED,452.75787353515625,470.9023132324219,-0.04007537087227875,-206.37657070831327,4757.435065683907
UAL,-1,2024-04-18,2024-04-22,2,RESIDUAL_REVERTED,49.220001220703125,51.86000061035156,-0.053636719304630764,-269.37379233767183,4735.581823847845
ED,-1,2024-04-18,2024-04-22,2,RESIDUAL_REVERTED,83.38957214355469,84.12541198730469,-0.008824123026836661,-56.81405933369501,4735.581823847845
SNA,1,2024-04-19,2024-04-22,1,RESIDUAL_REVERTED,245.4252471923828,251.6708526611328,0.025448096885705596,105.07187056324646,4688.631121278756
EFX,1,2024-04-19,2024-04-22,1,RESIDUAL_REVERTED,212.05581665039062,215.73641967773438,0.017356765239841643,67.19150709991258,4688.631121278756
PLD,1,2024-04-18,2024-04-23,3,RESIDUAL_REVERTED,97.53692626953125,96.22979736328125,-0.013401374804839716,-77.57485745150416,4735.581823847845
SO,-1,2024-04-18,2024-04-23,3,RESIDUAL_REVERTED,64.43624114990234,67.170166015625,-0.04242837286803458,-216.58928495352714,4735.581823847845
LVS,1,2024-04-19,2024-04-23,2,RESIDUAL_REVERTED,43.951026916503906,44.53957748413086,0.01339105383692285,48.62563983503015,4688.631121278756
NFLX,1,2024-04-22,2024-04-24,2,RESIDUAL_REVERTED,55.066001892089844,57.430999755859375,0.04294842157605894,186.2301369749741,4669.294501734384
VZ,1,2024-04-23,2024-04-24,1,RESIDUAL_REVERTED,33.579402923583984,34.08857727050781,0.015163293644099296,56.8723871521932,4684.498908618029
CAH,1,2024-04-23,2024-04-24,1,RESIDUAL_REVERTED,99.5252685546875,100.0196533203125,0.004967429606616447,9.18151696712094,4684.498908618029
T,-1,2024-04-23,2024-04-24,1,RESIDUAL_REVERTED,14.720117568969727,15.187422752380371,-0.031746022490726,-163.36528510152993,4684.498908618029
F,-1,2024-04-23,2024-04-24,1,RESIDUAL_REVERTED,11.270761489868164,11.175758361816406,0.008429166754807205,25.12350358667928,4684.498908618029
C,-1,2024-04-23,2024-04-25,2,RESIDUAL_REVERTED,56.98426818847656,57.693302154541016,-0.012442626510869692,-73.19010831767292,4684.498908618029
LKQ,1,2024-04-24,2024-04-25,1,RESIDUAL_REVERTED,37.9660530090332,39.63982009887695,0.044085886132158913,192.85326083142596,4701.472497924947
MSCI,1,2024-04-24,2024-04-25,1,RESIDUAL_REVERTED,438.0382385253906,451.9586486816406,0.0317789839606506,135.07948958056713,4701.472497924947
DHR,-1,2024-04-24,2024-04-25,1,RESIDUAL_REVERTED,245.6462860107422,246.53407287597656,-0.003614086252440085,-31.49663236289098,4701.472497924947
TDY,1,2024-04-25,2024-04-26,1,RESIDUAL_REVERTED,365.44000244140625,372.9599914550781,0.020577903249323626,82.58705707625273,4706.610006369837
FTV,1,2024-04-25,2024-04-26,1,RESIDUAL_REVERTED,56.49919891357422,56.66318130493164,0.0029023843613829037,-0.4799293284096562,4706.610006369837
OTIS,1,2024-04-25,2024-04-26,1,RESIDUAL_REVERTED,89.38137817382812,88.7704849243164,-0.006834681473848581,-46.23975796395313,4706.610006369837
WAB,-1,2024-04-25,2024-04-26,1,RESIDUAL_REVERTED,160.4871826171875,161.08004760742188,-0.003694157879564397,-31.908159235145867,4706.610006369837
HAS,-1,2024-04-25,2024-04-26,1,RESIDUAL_REVERTED,59.119834899902344,58.73777389526367,0.0064624842962696105,15.96876229437626,4706.610006369837
TXT,1,2024-04-26,2024-04-29,1,RESIDUAL_REVERTED,84.3072280883789,85.9333267211914,0.019287772468427722,76.69373776191182,4717.048322168063
TYL,-1,2024-04-26,2024-04-29,1,RESIDUAL_REVERTED,459.0,458.30999755859375,0.00150327329282407,-7.425283766452605,4717.048322168063
MCK,-1,2024-04-23,2024-04-30,5,RESIDUAL_REVERTED,523.0538330078125,530.4639892578125,-0.014167100559015156,-82.40819014342011,4684.498908618029
IBM,1,2024-04-26,2024-04-30,2,RESIDUAL_REVERTED,155.8464813232422,154.90675354003906,-0.0060298299661577515,-42.55147979233993,4717.048322168063
CINF,1,2024-04-29,2024-04-30,1,RESIDUAL_REVERTED,104.95838165283203,106.60881805419922,0.01572467463176297,59.76750990683971,4705.7001491427045
FTNT,1,2024-04-29,2024-04-30,1,RESIDUAL_REVERTED,64.3499984741211,63.790000915527344,-0.008702370969269846,-55.00642269286436,4705.7001491427045
RMD,-1,2024-04-29,2024-04-30,1,RESIDUAL_REVERTED,209.0764923095703,209.97488403320312,-0.004296952343655125,-34.74644065246347,4705.7001491427045
CARR,-1,2024-04-26,2024-05-01,3,RESIDUAL_REVERTED,57.63658142089844,59.23222351074219,-0.02768453732866938,-146.09649602876058,4717.048322168063
AON,1,2024-04-29,2024-05-01,2,RESIDUAL_REVERTED,276.4539794921875,277.040771484375,0.0021225666321220693,-4.143920573261569,4705.7001491427045
BALL,-1,2024-04-29,2024-05-01,2,RESIDUAL_REVERTED,67.86959075927734,67.22230529785156,0.009537194112774317,30.083573900789457,4705.7001491427045
BEN,1,2024-04-30,2024-05-01,1,RESIDUAL_REVERTED,20.250932693481445,20.136423110961914,-0.0056545337566793474,-40.547129044163,4689.669834312912
TSLA,-1,2024-04-30,2024-05-01,1,RESIDUAL_REVERTED,186.97999572753906,182.0,0.026633842343197767,110.65744246577293,4689.669834312912
GEHC,1,2024-05-01,2024-05-02,1,RESIDUAL_REVERTED,76.21526336669922,78.87464141845703,0.034892985135570376,149.87652164156628,4707.081736093372
FFIV,1,2024-05-01,2024-05-02,1,RESIDUAL_REVERTED,164.5500030517578,167.52999877929688,0.01810997066102593,70.99599926321233,4707.081736093372
TAP,1,2024-05-01,2024-05-02,1,RESIDUAL_REVERTED,51.7467155456543,52.01069641113281,0.005101403300574958,9.855458012845961,4707.081736093372
GLW,-1,2024-05-01,2024-05-03,2,RESIDUAL_REVERTED,31.969009399414062,32.29425048828125,-0.010173636749380988,-62.83072041327316,4707.081736093372
CDW,1,2024-05-02,2024-05-03,1,RESIDUAL_REVERTED,208.37376403808594,211.46905517578125,0.014854514684149889,55.76940456527351,4713.345737821888
GRMN,-1,2024-05-02,2024-05-03,1,RESIDUAL_REVERTED,157.4907989501953,159.20970153808594,-0.010914304831447286,-66.03720241316586,4713.345737821888
VRSK,-1,2024-05-02,2024-05-03,1,RESIDUAL_REVERTED,229.59219360351562,229.8571014404297,-0.0011538190073288046,-19.96023401172353,4713.345737821888
LDOS,-1,2024-05-01,2024-05-06,3,RESIDUAL_REVERTED,135.9725341796875,138.59054565429688,-0.01925397279975427,-106.0277079638462,4707.081736093372
CVS,1,2024-05-02,2024-05-06,2,RESIDUAL_REVERTED,51.67657470703125,51.31000900268555,-0.007093459781803757,-47.52381474979789,4713.345737821888
HII,1,2024-05-03,2024-05-06,1,RESIDUAL_REVERTED,233.8812255859375,234.5269012451172,0.0027606989725750264,-1.1432075395380865,4696.014587402839
AME,1,2024-05-03,2024-05-06,1,RESIDUAL_REVERTED,161.1050567626953,164.3527374267578,0.02015877545573419,80.43586098669152,4696.014587402839
PAYC,1,2024-05-03,2024-05-06,1,RESIDUAL_REVERTED,169.32701110839844,169.013427734375,-0.0018519394629997743,-22.7717333933424,4696.014587402839
TECH,-1,2024-05-02,2024-05-07,3,RESIDUAL_REVERTED,73.48127746582031,75.86979675292969,-0.032505141030249485,-168.72817972360272,4713.345737821888
EXPE,1,2024-05-06,2024-05-07,1,RESIDUAL_REVERTED,114.20671844482422,114.04888916015625,-0.001381961471419224,-20.551382779931618,4692.215941767062
AMGN,-1,2024-05-06,2024-05-07,1,RESIDUAL_REVERTED,288.6279602050781,280.1514587402344,0.029368261684768693,123.57353895541281,4692.215941767062
MSI,-1,2024-05-06,2024-05-07,1,RESIDUAL_REVERTED,346.0598449707031,344.5110778808594,0.0044754313808782475,6.5880352032847505,4692.215941767062
PANW,-1,2024-05-06,2024-05-08,2,RESIDUAL_REVERTED,149.4949951171875,151.4499969482422,-0.013077373122238445,-76.28544662417917,4692.215941767062
TSN,1,2024-05-07,2024-05-08,1,RESIDUAL_REVERTED,53.92313766479492,54.106895446777344,0.003407772432025835,1.9008922899999616,4720.828090737484
TMUS,1,2024-05-07,2024-05-08,1,RESIDUAL_REVERTED,156.03846740722656,155.7987518310547,-0.0015362594887982084,-21.404022596168765,4720.828090737484
BF-B,1,2024-05-07,2024-05-08,1,RESIDUAL_REVERTED,44.04826736450195,43.99238967895508,-0.0012685558113894047,-20.142135230424415,4720.828090737484
PWR,-1,2024-05-07,2024-05-08,1,RESIDUAL_REVERTED,269.95343017578125,265.1851501464844,0.01766334299287098,68.97870896590044,4720.828090737485
FAST,1,2024-05-07,2024-05-09,2,RESIDUAL_REVERTED,31.92963981628418,31.943925857543945,0.000447422562295241,-12.053447579200164,4720.828090737484
BLDR,1,2024-05-08,2024-05-09,1,RESIDUAL_REVERTED,162.00999450683594,163.0800018310547,0.006604576016904895,16.878940081385345,4695.547591038836
FIS,-1,2024-05-08,2024-05-09,1,RESIDUAL_REVERTED,69.7560043334961,69.49417877197266,0.0037534483808974173,3.1943744527652074,4695.547591038836
KVUE,-1,2024-05-08,2024-05-10,2,RESIDUAL_REVERTED,18.072792053222656,18.53181266784668,-0.025398433915039265,-134.2858162123031,4695.547591038836
IFF,-1,2024-05-08,2024-05-10,2,RESIDUAL_REVERTED,90.48624420166016,92.4328842163086,-0.021513104359930146,-116.01380594825935,4695.547591038836
BR,1,2024-05-09,2024-05-10,1,RESIDUAL_REVERTED,183.2019805908203,185.29336547851562,0.011415732957420266,39.34978161220409,4685.273470279434
UBER,1,2024-05-09,2024-05-10,1,RESIDUAL_REVERTED,66.80999755859375,67.81999969482422,0.015117529907775706,56.66769675949993,4685.273470279434
MTCH,1,2024-05-09,2024-05-10,1,RESIDUAL_REVERTED,28.9289608001709,29.351425170898438,0.014603510082707327,54.26298579508309,4685.273470279434
HPQ,-1,2024-05-09,2024-05-10,1,RESIDUAL_REVERTED,26.44881820678711,26.853782653808594,-0.015311249215572253,-86.27595289817101,4685.273470279434
EMR,-1,2024-05-09,2024-05-13,2,RESIDUAL_REVERTED,109.6987533569336,110.73446655273438,-0.0094414308650419,-59.109225414228,4685.273470279434
EPAM,1,2024-05-10,2024-05-13,1,RESIDUAL_REVERTED,182.97999572753906,185.0,0.011039481471344814,37.59561406520889,4686.024979146317
CPAY,1,2024-05-10,2024-05-13,1,RESIDUAL_REVERTED,285.3299865722656,284.17999267578125,-0.0040303997147286275,-32.91629884599262,4686.024979146317
EQIX,-1,2024-05-10,2024-05-13,1,RESIDUAL_REVERTED,721.2491455078125,721.1639404296875,0.00011813543025418483,-13.874162312518378,4686.024979146317
AKAM,1,2024-05-13,2024-05-14,1,RESIDUAL_REVERTED,91.47000122070312,94.30000305175781,0.03093912532291676,130.40729457510082,4675.317083018748
MTD,-1,2024-05-13,2024-05-14,1,RESIDUAL_REVERTED,1505.010009765625,1467.8900146484375,0.024664284540518278,101.10000549560306,4675.317083018748
CBRE,-1,2024-05-13,2024-05-14,1,RESIDUAL_REVERTED,90.76000213623047,89.0,0.01939182563690023,76.41267224116368,4675.317083018748
PODD,1,2024-05-13,2024-05-15,2,RESIDUAL_REVERTED,166.0,174.25,0.04969879518072284,217.98313842565653,4675.317083018748
ATO,1,2024-05-13,2024-05-15,2,RESIDUAL_REVERTED,110.96690368652344,111.75912475585938,0.00713925542677063,19.302264183473188,4675.317083018748
ADM,1,2024-05-14,2024-05-15,1,RESIDUAL_REVERTED,57.8640251159668,56.64191436767578,-0.02112038949661299,-112.822348780094,4683.619582540875
INCY,-1,2024-05-14,2024-05-15,1,RESIDUAL_REVERTED,57.599998474121094,57.43000030517578,0.00295135717792927,-0.5752563973049022,4683.619582540875
NDSN,1,2024-05-14,2024-05-16,2,RESIDUAL_REVERTED,265.44122314453125,265.87664794921875,0.0016403812472278734,-6.3794613978721815,4683.619582540875
KMX,-1,2024-05-14,2024-05-16,2,RESIDUAL_REVERTED,76.19999694824219,74.26000213623047,0.02545925052109166,104.63718699198914,4683.619582540875
ORCL,-1,2024-05-15,2024-05-16,1,RESIDUAL_REVERTED,117.25432586669922,118.98138427734375,-0.014729165835706048,-83.63366525689275,4690.197026049986
BG,1,2024-05-15,2024-05-17,2,RESIDUAL_REVERTED,96.108154296875,97.27236938476562,0.01211359323678618,42.65932518734274,4690.197026049986
BF-B,1,2024-05-16,2024-05-17,1,RESIDUAL_REVERTED,44.46733474731445,45.407894134521484,0.02115169241763093,84.71690958527957,4675.335197997003
DHI,-1,2024-05-16,2024-05-17,1,RESIDUAL_REVERTED,152.75611877441406,148.59039306640625,0.02727043434613341,113.30589964203757,4675.335197997003
GEN,-1,2024-05-13,2024-05-20,5,RESIDUAL_REVERTED,22.389995574951172,24.02566909790039,-0.0730537671378162,-358.05148838948537,4675.317083018748
COO,-1,2024-05-15,2024-05-20,3,RESIDUAL_REVERTED,96.55000305175781,97.29000091552734,-0.007664400211078615,-51.20211266726462,4690.197026049986
FOX,1,2024-05-16,2024-05-20,2,RESIDUAL_REVERTED,29.82529640197754,29.58210563659668,-0.008153842365996922,-52.09076888733648,4675.335197997003
AMZN,1,2024-05-16,2024-05-20,2,RESIDUAL_REVERTED,185.60000610351562,184.33999633789062,-0.006788845496708884,-45.71852370606087,4675.335197997003
MLM,1,2024-05-17,2024-05-20,1,RESIDUAL_REVERTED,575.2941284179688,572.6024780273438,-0.004678737810216993,-35.97339490177912,4689.091402200126
WMT,-1,2024-05-17,2024-05-21,2,RESIDUAL_REVERTED,62.909183502197266,63.193172454833984,-0.004514268614324024,-36.01317190295458,4689.091402200126
CB,-1,2024-05-17,2024-05-21,2,RESIDUAL_REVERTED,260.6600646972656,258.2815856933594,0.009124830866088507,28.0347341227799,4689.091402200126
LRCX,1,2024-05-20,2024-05-21,1,RESIDUAL_REVERTED,89.62384033203125,95.23715209960938,0.06263190404229912,278.6902347149012,4680.883466055727
EBAY,1,2024-05-20,2024-05-21,1,RESIDUAL_REVERTED,49.521121978759766,49.2131233215332,-0.006219541175958576,-43.11192843397887,4680.883466055727
VLO,-1,2024-05-20,2024-05-21,1,RESIDUAL_REVERTED,155.27322387695312,152.67288208007812,0.016746878386035502,64.0985905926824,4680.883466055727
JPM,1,2024-05-21,2024-05-22,1,RESIDUAL_REVERTED,188.01478576660156,189.92356872558594,0.010152302390482815,33.62838372176609,4711.788615207558
TJX,1,2024-05-21,2024-05-22,1,RESIDUAL_REVERTED,95.6727523803711,99.27021026611328,0.03760169741369612,162.77012706603062,4711.788615207558
JBL,-1,2024-05-21,2024-05-22,1,RESIDUAL_REVERTED,117.63423156738281,117.61432647705078,0.0001692117172595875,-13.70988156612355,4711.788615207558
FSLR,-1,2024-05-22,2024-05-22,0,STOP_LOSS,213.3300018310547,241.3105521075107,-0.13116087768383844,-632.2838354043874,4705.976781284531
WST,1,2024-05-21,2024-05-23,2,RESIDUAL_REVERTED,339.8954162597656,332.9930114746094,-0.0203074370967129,-109.67619023558382,4711.788615207558
CCL,-1,2024-05-21,2024-05-23,2,RESIDUAL_REVERTED,15.707585334777832,15.402486801147461,0.019423643235275567,76.77575256330698,4711.788615207558
NDSN,1,2024-05-22,2024-05-23,1,RESIDUAL_REVERTED,235.41867065429688,236.20457458496094,0.0033383245622780056,1.5685824178005774,4705.976781284531
KEYS,1,2024-05-22,2024-05-23,1,RESIDUAL_REVERTED,147.1699981689453,148.83999633789062,0.011347409048875656,39.202612202625886,4705.976781284531
C,-1,2024-05-22,2024-05-23,1,RESIDUAL_REVERTED,60.50006103515625,60.0389518737793,0.0076216313419751325,21.432330854605414,4705.976781284531
HPQ,-1,2024-05-22,2024-05-24,2,RESIDUAL_REVERTED,29.481565475463867,29.499561309814453,-0.0006104097275825282,-17.743389767490456,4705.976781284531
TGT,1,2024-05-23,2024-05-24,1,RESIDUAL_REVERTED,130.84400939941406,133.04766845703125,0.016841879637685908,64.5323259817108,4670.631517881256
LULU,1,2024-05-23,2024-05-24,1,RESIDUAL_REVERTED,299.6499938964844,301.5299987792969,0.006274002740216833,15.247705055673734,4670.631517881256
ADI,-1,2024-05-23,2024-05-24,1,RESIDUAL_REVERTED,232.04193115234375,227.65887451171875,0.018889071552103953,73.98337489933702,4670.631517881256
FSLR,-1,2024-05-23,2024-05-24,1,RESIDUAL_REVERTED,245.0,253.8800048828125,-0.036244917889030503,-183.93044296116634,4670.631517881256
MDT,1,2024-05-24,2024-05-28,1,RESIDUAL_REVERTED,74.63838195800781,75.68898010253906,0.01407584297744191,51.795591045552094,4685.378542312542
BA,1,2024-05-24,2024-05-28,1,RESIDUAL_REVERTED,173.1999969482422,174.72999572753906,0.008833711352512763,27.271062070678628,4685.378542312542
LYV,1,2024-05-24,2024-05-28,1,RESIDUAL_REVERTED,94.25,95.55999755859375,0.013899178340517349,50.96909195756844,4685.378542312542
RL,-1,2024-05-24,2024-05-28,1,TRAILING_STOP,163.09335327148438,171.91401967833826,-0.05408354313600405,-268.22073136016814,4685.378542312542
INTU,1,2024-05-28,2024-05-29,1,RESIDUAL_REVERTED,593.2070922851562,582.0411987304688,-0.018822926596636202,-101.70940244851951,4666.705153884212
ROST,-1,2024-05-28,2024-05-29,1,RESIDUAL_REVERTED,137.87521362304688,133.2104034423828,0.03383356629580814,143.76716869872007,4666.705153884212
CTAS,1,2024-05-28,2024-05-30,2,RESIDUAL_REVERTED,166.71241760253906,162.5963897705078,-0.02468938961610112,-129.04539007671573,4666.705153884212
DECK,-1,2024-05-28,2024-05-30,2,RESIDUAL_REVERTED,173.3333282470703,177.0016632080078,-0.02116347154950282,-113.67550319911916,4666.705153884212
PNR,1,2024-05-29,2024-05-30,1,RESIDUAL_REVERTED,76.06720733642578,76.78878784179688,0.009486091715970701,29.765903042999362,4599.279215593792
JKHY,1,2024-05-29,2024-05-30,1,RESIDUAL_REVERTED,156.12428283691406,156.53128051757812,0.0026068826275360557,-1.8260412320921633,4599.279215593792
MRK,1,2024-05-29,2024-05-30,1,RESIDUAL_REVERTED,116.6819076538086,116.53392791748047,-0.0012682320618820908,-19.622041579501175,4599.279215593792
NVDA,-1,2024-05-24,2024-05-31,4,RESIDUAL_REVERTED,104.15202331542969,112.2000732421875,-0.07727214191877851,-378.2351918712167,4685.378542312542
NWSA,-1,2024-05-28,2024-05-31,3,RESIDUAL_REVERTED,26.28059959411621,26.319866180419922,-0.001494128250882909,-22.09255208569595,4666.705153884212
RL,-1,2024-05-29,2024-05-31,2,RESIDUAL_REVERTED,174.54867553710938,180.12158203125,-0.031927520945043364,-161.60799814049375,4599.279215593792
AAL,1,2024-05-30,2024-06-03,2,RESIDUAL_REVERTED,11.760000228881836,11.600000381469727,-0.01360542893691108,-76.06212988497677,4586.194423992584
CRM,1,2024-05-31,2024-06-03,1,RESIDUAL_REVERTED,215.28634643554688,230.5256805419922,0.07078634738691014,309.0986287632368,4567.048790067994
NOW,1,2024-05-31,2024-06-03,1,RESIDUAL_REVERTED,130.35800170898438,131.9600067138672,0.01228927249482692,42.34037214749336,4567.048790067994
HPQ,-1,2024-05-31,2024-06-03,1,RESIDUAL_REVERTED,33.82820510864258,32.8472900390625,0.02899695879310693,118.57607120022237,4567.048790067994
UHS,-1,2024-05-30,2024-06-04,3,RESIDUAL_REVERTED,178.4408721923828,184.10693359375,-0.03175315908150478,-160.73854480619545,4586.194423992584
HRL,1,2024-05-31,2024-06-04,2,RESIDUAL_REVERTED,27.835216522216797,27.89866828918457,0.0022795499692676024,-3.305946665054889,4567.048790067994
A,1,2024-05-31,2024-06-04,2,RESIDUAL_REVERTED,128.72616577148438,128.9619903564453,0.0018319863995606145,-5.346925257574205,4567.048790067994
TMUS,-1,2024-06-03,2024-06-04,1,RESIDUAL_REVERTED,167.94338989257812,166.57676696777344,0.008137402285846584,23.30353883286902,4595.552806832607
CZR,-1,2024-06-03,2024-06-05,2,RESIDUAL_REVERTED,35.79999923706055,35.540000915527344,0.007262523102627649,18.914048464829534,4595.552806832607
COO,-1,2024-06-03,2024-06-05,2,RESIDUAL_REVERTED,94.33000183105469,94.94999694824219,-0.006572618521707652,-44.768631173474965,4595.552806832607
WM,1,2024-06-04,2024-06-05,1,RESIDUAL_REVERTED,194.4957275390625,195.8529510498047,0.006978166193751578,18.29526430775869,4611.051534870082
TSCO,1,2024-06-04,2024-06-05,1,RESIDUAL_REVERTED,50.792938232421875,51.65788650512695,0.017028908009754984,64.5702360523085,4611.051534870082
BBWI,1,2024-06-05,2024-06-06,1,RESIDUAL_REVERTED,41.886226654052734,43.818302154541016,0.04612674988477017,198.4744735048112,4609.515137675192
MKC,1,2024-06-05,2024-06-06,1,RESIDUAL_REVERTED,64.59587097167969,64.53939819335938,-0.000874247494008884,-17.852357685147588,4609.515137675192
HON,-1,2024-06-05,2024-06-06,1,RESIDUAL_REVERTED,196.41128540039062,197.5825653076172,-0.005963404316808418,-41.726372623534175,4609.515137675192
HAL,1,2024-06-04,2024-06-07,3,RESIDUAL_REVERTED,32.36919021606445,31.878807067871094,-0.015149688482166246,-83.58436494161369,4611.051534870082
TMUS,-1,2024-06-05,2024-06-07,2,RESIDUAL_REVERTED,172.2935791015625,172.7747802734375,-0.0027929141317062367,-27.45759249574281,4609.515137675192
BF-B,1,2024-06-06,2024-06-07,1,RESIDUAL_REVERTED,40.18356704711914,40.67414093017578,0.012208320940781503,42.27707551108264,4600.330423850285
CSCO,1,2024-06-06,2024-06-07,1,RESIDUAL_REVERTED,43.43460464477539,43.44405746459961,0.00021763338014757494,-12.801307589802212,4600.330423850285
SNPS,-1,2024-06-06,2024-06-07,1,RESIDUAL_REVERTED,590.72998046875,577.75,0.021972780962378535,87.07801180396191,4600.330423850285
ETN,1,2024-06-07,2024-06-10,1,RESIDUAL_REVERTED,305.0386657714844,305.0191650390625,-6.39287231752883e-05,-14.17018229476135,4624.985461214773
XYL,1,2024-06-07,2024-06-10,1,RESIDUAL_REVERTED,132.6454315185547,133.092529296875,0.00337062327139237,1.6907436163390575,4624.985461214773
SJM,-1,2024-06-07,2024-06-10,1,RESIDUAL_REVERTED,105.0775375366211,104.6933364868164,0.003656357569959079,2.693596275827088,4624.985461214773
SHW,1,2024-06-10,2024-06-11,1,RESIDUAL_REVERTED,285.1405334472656,287.4247741699219,0.008010929540744227,23.00927705966696,4602.85593801227
ENPH,1,2024-06-10,2024-06-11,1,RESIDUAL_REVERTED,123.2300033569336,129.38999938964844,0.04998779408349541,215.9329170890766,4602.85593801227
ABT,-1,2024-06-10,2024-06-11,1,RESIDUAL_REVERTED,102.67015075683594,102.37443542480469,0.002880246399283304,-0.8961533999651389,4602.85593801227
ADSK,-1,2024-06-04,2024-06-12,6,RESIDUAL_REVERTED,211.0,219.44000244140625,-0.04000001157064581,-200.78912328142582,4611.051534870082
HPE,-1,2024-06-06,2024-06-12,4,RESIDUAL_REVERTED,18.280973434448242,19.696640014648438,-0.07743934343958658,-372.10436450265377,4600.330423850285
APD,-1,2024-06-10,2024-06-12,2,RESIDUAL_REVERTED,265.19219970703125,266.7779235839844,-0.005979526843945315,-42.1049511777527,4602.85593801227
LUV,-1,2024-06-11,2024-06-12,1,RESIDUAL_REVERTED,27.98909568786621,26.81260108947754,0.04203403395053962,179.47599260291202,4599.3987017831405
CTVA,1,2024-06-10,2024-06-13,3,RESIDUAL_REVERTED,51.4835205078125,50.48632049560547,-0.01936930501976275,-102.82895725848458,4602.85593801227
HBAN,1,2024-06-11,2024-06-13,2,RESIDUAL_REVERTED,11.307232856750488,11.144280433654785,-0.014411344062700504,-79.98228800252485,4599.3987017831405
TTWO,1,2024-06-11,2024-06-13,2,RESIDUAL_REVERTED,160.0,158.63999938964844,-0.008500003814697288,-52.83446025605406,4599.3987017831405
STT,1,2024-06-12,2024-06-13,1,RESIDUAL_REVERTED,67.69684600830078,67.0514907836914,-0.009533017602182614,-57.85523308445621,4621.498202471074
NEE,1,2024-06-12,2024-06-14,2,RESIDUAL_REVERTED,69.11597442626953,68.15122985839844,-0.013958344302882564,-78.27619501799933,4621.498202471074
AAPL,-1,2024-06-12,2024-06-14,2,RESIDUAL_REVERTED,205.4119415283203,211.83074951171875,-0.03124846557430283,-159.25164853023415,4621.498202471074
ORCL,-1,2024-06-13,2024-06-14,1,RESIDUAL_REVERTED,137.02276611328125,135.8811492919922,0.008331584988915286,24.066762520943012,4571.045867180127
NTRS,-1,2024-06-13,2024-06-14,1,RESIDUAL_REVERTED,78.28329467773438,77.35787200927734,0.011821457850831107,40.04252442287516,4571.045867180127
ALGN,-1,2024-06-13,2024-06-17,2,RESIDUAL_REVERTED,264.1600036621094,251.4199981689453,0.04822836658292895,206.34747096397558,4571.045867180127
LOW,-1,2024-06-13,2024-06-17,2,RESIDUAL_REVERTED,216.17074584960938,212.71728515625,0.01597561538582082,58.69888554929388,4571.045867180127
DHR,1,2024-06-14,2024-06-17,1,RESIDUAL_REVERTED,250.1443328857422,250.81509399414062,0.002681496321185195,-1.4656490744469721,4544.283012870028
WBD,1,2024-06-14,2024-06-17,1,RESIDUAL_REVERTED,7.289999961853027,7.21999979019165,-0.009602218385140304,-57.20259413523107,4544.283012870028
GNRC,1,2024-06-14,2024-06-17,1,RESIDUAL_REVERTED,134.02999877929688,134.77000427246094,0.005521193015771031,11.419379798286634,4544.283012870028
RTX,1,2024-06-14,2024-06-18,2,RESIDUAL_REVERTED,100.49800109863281,100.47879028320312,-0.00019115619434895148,-14.500213883624554,4544.283012870028
PH,1,2024-06-17,2024-06-18,1,RESIDUAL_REVERTED,489.12628173828125,497.0582580566406,0.016216622607499787,60.385985986750306,4577.366845477173
ADBE,-1,2024-06-17,2024-06-18,1,RESIDUAL_REVERTED,525.510009765625,514.7100219726562,0.02055144068099768,80.12188689429044,4577.366845477173
GILD,-1,2024-06-17,2024-06-18,1,RESIDUAL_REVERTED,60.79200744628906,60.247459411621094,0.008957559678368754,26.970849198363812,4577.366845477173
HAS,-1,2024-06-17,2024-06-20,2,RESIDUAL_REVERTED,56.257503509521484,55.825252532958984,0.007683436867925386,20.76459117791841,4577.366845477173
BIO,-1,2024-06-18,2024-06-20,1,RESIDUAL_REVERTED,295.95001220703125,284.0,0.04037848188589244,171.54107769134652,4591.379990640576
EIX,1,2024-06-18,2024-06-21,2,RESIDUAL_REVERTED,63.526336669921875,64.16793823242188,0.010099772726290146,32.52819659197583,4591.379990640576
PCG,1,2024-06-18,2024-06-21,2,RESIDUAL_REVERTED,17.43656349182129,17.613685607910156,0.010158086263497124,32.79553459048022,4591.379990640576
CCI,1,2024-06-18,2024-06-21,2,RESIDUAL_REVERTED,85.66099548339844,86.12316131591797,0.0053952890683963695,10.96052456702671,4591.379990640576
STZ,-1,2024-06-18,2024-06-21,2,RESIDUAL_REVERTED,249.0523223876953,249.4784698486328,-0.0017110760375649292,-22.37158010652195,4591.379990640576
LEN,1,2024-06-20,2024-06-21,1,RESIDUAL_REVERTED,137.31687927246094,139.8682403564453,0.018580098073172957,71.62654406208235,4605.548761412314
PSA,-1,2024-06-20,2024-06-21,1,RESIDUAL_REVERTED,265.1737365722656,267.7728271484375,-0.009801463032382829,-59.39379416857358,4605.548761412314
BALL,1,2024-06-20,2024-06-24,2,RESIDUAL_REVERTED,59.984989166259766,58.80292510986328,-0.019705997664185126,-104.43744401921663,4605.548761412314
OXY,-1,2024-06-20,2024-06-24,2,RESIDUAL_REVERTED,59.22748947143555,58.71097183227539,0.008720910573278062,25.679973459451336,4605.548761412314
ACN,-1,2024-06-21,2024-06-25,2,RESIDUAL_REVERTED,294.10418701171875,295.01422119140625,-0.003094257817047863,-28.828405091947246,4606.515838636054
GILD,-1,2024-06-21,2024-06-25,2,RESIDUAL_REVERTED,67.17633819580078,66.32197570800781,0.012718205706639396,44.132441880110704,4606.515838636054
GS,1,2024-06-24,2024-06-25,1,RESIDUAL_REVERTED,431.14581298828125,438.9899597167969,0.018193721224259773,70.10432333484046,4622.335009975609
MS,1,2024-06-24,2024-06-25,1,RESIDUAL_REVERTED,91.024658203125,91.08112335205078,0.0006203280522050214,-11.003942002659194,4622.335009975609
PKG,1,2024-06-24,2024-06-25,1,RESIDUAL_REVERTED,175.0222625732422,179.7342071533203,0.026921972729648136,110.38870849030515,4622.335009975609
OKE,1,2024-06-24,2024-06-25,1,RESIDUAL_REVERTED,71.49592590332031,72.41781616210938,0.01289430477529141,45.64538866761006,4622.335009975609
FDS,-1,2024-06-24,2024-06-25,1,RESIDUAL_REVERTED,411.4580078125,412.0694274902344,-0.0014859831772018328,-21.11366820607309,4622.335009975609
MCD,-1,2024-06-24,2024-06-25,1,RESIDUAL_REVERTED,245.31890869140625,246.3892059326172,-0.0043628811448745974,-34.43275999143043,4622.335009975609
DVN,-1,2024-06-25,2024-06-26,1,RESIDUAL_REVERTED,44.62202072143555,44.43437194824219,0.004205295281556332,5.258377298528608,4642.932425283855
POOL,1,2024-06-26,2024-06-27,1,RESIDUAL_REVERTED,294.14776611328125,297.4715881347656,0.011299837715593286,38.393077372269964,4635.228384377768
PNR,1,2024-06-26,2024-06-27,1,RESIDUAL_REVERTED,71.61102294921875,73.27845001220703,0.023284502780678062,93.86140956968083,4635.228384377768
LOW,1,2024-06-26,2024-06-27,1,RESIDUAL_REVERTED,207.07313537597656,210.0291290283203,0.014275119015205062,52.16349904124187,4635.228384377768
MHK,1,2024-06-26,2024-06-27,1,RESIDUAL_REVERTED,108.52999877929688,106.5,-0.01870449462940671,-100.47524016816828,4635.228384377768
ISRG,-1,2024-06-26,2024-06-27,1,RESIDUAL_REVERTED,441.25,442.1000061035156,-0.0019263594413951868,-23.217162217180768,4635.228384377768
RCL,-1,2024-06-26,2024-06-27,1,RESIDUAL_REVERTED,154.6778106689453,156.24391174316406,-0.010124923978725331,-61.27851133260986,4635.228384377768
MS,-1,2024-06-26,2024-06-27,1,RESIDUAL_REVERTED,91.63631439208984,90.41300201416016,0.013349646218806077,47.69976772493808,4635.228384377768
CCL,-1,2024-06-26,2024-06-28,2,RESIDUAL_REVERTED,17.616901397705078,18.335355758666992,-0.0407821071789336,-203.9836190518577,4635.228384377768
FDX,-1,2024-06-27,2024-06-28,1,RESIDUAL_REVERTED,225.8230438232422,226.4239959716797,-0.0026611639727427416,-26.58881049805709,4628.038899915609
RTX,1,2024-06-25,2024-07-01,4,RESIDUAL_REVERTED,97.4231948852539,96.93315124511719,-0.005030051013148351,-37.24795294520519,4642.932425283855
AJG,-1,2024-06-28,2024-07-01,1,RESIDUAL_REVERTED,253.1089324951172,254.4005126953125,-0.005102862974700528,-37.76770169571358,4611.398399217824
IP,1,2024-06-28,2024-07-02,2,RESIDUAL_REVERTED,38.68506622314453,39.076377868652344,0.01011531538425281,32.74158534911756,4611.398399217824
MU,1,2024-06-28,2024-07-02,2,RESIDUAL_REVERTED,131.87454223632812,128.9852752685547,-0.021909209456027368,-114.71474047118551,4611.398399217824
V,1,2024-06-28,2024-07-02,2,RESIDUAL_REVERTED,262.70458984375,258.8112487792969,-0.014820224750426991,-82.0736429467858,4611.398399217824
MA,1,2024-06-28,2024-07-02,2,RESIDUAL_REVERTED,438.70806884765625,429.1966552734375,-0.021680507493746726,-113.66168656222064,4611.398399217824
MKC,-1,2024-06-28,2024-07-02,2,RESIDUAL_REVERTED,66.62860107421875,65.77220916748047,0.012853217581205612,44.79772095632212,4611.398399217824
UNH,-1,2024-07-01,2024-07-02,1,RESIDUAL_REVERTED,481.4216003417969,469.555908203125,0.02464719516167857,99.05104139374396,4584.275251333066
RF,-1,2024-07-01,2024-07-02,1,RESIDUAL_REVERTED,18.340068817138672,18.121084213256836,0.011940228036505296,40.706360933102964,4584.275251333066
TFC,-1,2024-06-28,2024-07-03,3,RESIDUAL_REVERTED,34.30143356323242,35.85402297973633,-0.04526310580115589,-224.0067001749263,4611.398399217824
FTV,1,2024-07-02,2024-07-03,1,RESIDUAL_REVERTED,53.52372741699219,54.113216400146484,0.011013601099970405,36.77981735856555,4599.15546010314
MSFT,-1,2024-07-02,2024-07-03,1,RESIDUAL_REVERTED,445.3494873046875,450.2529602050781,-0.011010393051235079,-64.88184269402808,4599.15546010314
PKG,1,2024-07-03,2024-07-05,1,RESIDUAL_REVERTED,168.5315399169922,169.5345001220703,0.005951172140076011,13.462764912037395,4575.677132510037
ICE,-1,2024-07-03,2024-07-05,1,RESIDUAL_REVERTED,137.45916748046875,137.37155151367188,0.0006373963148680328,-11.169054465202208,4575.677132510037
ON,-1,2024-07-03,2024-07-05,1,RESIDUAL_REVERTED,73.36000061035156,73.1500015258789,0.002862582916105194,-0.9689116455158187,4575.677132510037
EG,1,2024-07-03,2024-07-08,2,RESIDUAL_REVERTED,353.01422119140625,356.5806884765625,0.010102899744717453,32.431234525413615,4575.677132510037
TPR,1,2024-07-03,2024-07-08,2,RESIDUAL_REVERTED,39.1297607421875,38.91824722290039,-0.005405438604153434,-38.42347289702382,4575.677132510037
CF,1,2024-07-03,2024-07-08,2,RESIDUAL_REVERTED,67.3465805053711,66.6524658203125,-0.010306606212964864,-60.81599420643548,4575.677132510037
STZ,1,2024-07-05,2024-07-08,1,RESIDUAL_REVERTED,237.0921173095703,245.56748962402344,0.035747170385200366,148.42933078972146,4540.018825463798
DGX,-1,2024-07-05,2024-07-08,1,RESIDUAL_REVERTED,135.4029998779297,135.3394012451172,0.0004696988461838636,-11.842795872396726,4540.018825463798
MOH,-1,2024-07-05,2024-07-08,1,RESIDUAL_REVERTED,294.19000244140625,293.239990234375,0.0032292470823187536,0.7036831619646262,4540.018825463798
TSLA,-1,2024-07-03,2024-07-09,3,RESIDUAL_REVERTED,234.55999755859375,251.0,-0.07008868780917976,-336.07376845543365,4575.677132510037
LUV,1,2024-07-08,2024-07-09,1,RESIDUAL_REVERTED,25.835704803466797,26.112585067749023,0.010716961909437606,34.961531159709125,4539.935929644431
BAX,-1,2024-07-08,2024-07-09,1,RESIDUAL_REVERTED,33.672611236572266,32.723541259765625,0.02818522062749451,114.18293508119852,4539.935929644431
META,-1,2024-07-08,2024-07-09,1,RESIDUAL_REVERTED,538.3087158203125,529.7728271484375,0.01585686506834172,58.12567151925965,4539.935929644431
ETSY,1,2024-07-09,2024-07-10,1,RESIDUAL_REVERTED,55.369998931884766,57.2400016784668,0.03377285141151032,140.50682442588806,4573.46350192871
WELL,1,2024-07-09,2024-07-10,1,RESIDUAL_REVERTED,100.19878387451172,101.22807312011719,0.010272472437335534,33.18991609428683,4573.46350192871
EXPD,1,2024-07-09,2024-07-11,2,RESIDUAL_REVERTED,117.57215881347656,118.64686584472656,0.009140829275364304,28.0221506888513,4573.46350192871
CMG,1,2024-07-09,2024-07-11,2,RESIDUAL_REVERTED,59.630001068115234,58.0,-0.02733525136538717,-138.54963977977775,4573.46350192871
GLW,-1,2024-07-09,2024-07-11,2,RESIDUAL_REVERTED,41.977210998535156,44.08811950683594,-0.0502870118830534,-244.8025499078753,4573.46350192871
INTC,-1,2024-07-09,2024-07-11,2,RESIDUAL_REVERTED,34.79924774169922,34.80918502807617,-0.0002855603790838934,-15.748284517733923,4573.46350192871
PFG,-1,2024-07-10,2024-07-11,1,RESIDUAL_REVERTED,74.57745361328125,75.70378875732422,-0.015102890880178688,-82.86626892249052,4551.674473576728
C,-1,2024-07-10,2024-07-11,1,RESIDUAL_REVERTED,62.35393142700195,62.288055419921875,0.001056485221901382,-9.204202822499045,4551.674473576728
BLK,-1,2024-07-10,2024-07-11,1,RESIDUAL_REVERTED,764.626953125,780.086181640625,-0.020218001016631293,-106.18467897555936,4551.674473576728
PTC,1,2024-07-10,2024-07-12,2,RESIDUAL_REVERTED,177.6199951171875,179.77000427246094,0.012104544614219392,41.358279393980936,4551.674473576728
FISV,1,2024-07-11,2024-07-12,1,RESIDUAL_REVERTED,149.24000549316406,151.8800048828125,0.01768962270488106,66.49645180960066,4534.955432404649
MA,1,2024-07-11,2024-07-15,2,RESIDUAL_REVERTED,426.8680419921875,435.09906005859375,0.019282347837500824,73.70855489586349,4534.955432404649
WRB,1,2024-07-12,2024-07-15,1,RESIDUAL_REVERTED,50.044918060302734,50.793846130371094,0.014965117320522303,54.25656389791755,4543.085048217471
ARE,-1,2024-07-12,2024-07-15,1,RESIDUAL_REVERTED,112.47848510742188,112.2914047241211,0.0016632548271086067,-6.421489472026498,4543.085048217471
VICI,-1,2024-07-12,2024-07-15,1,RESIDUAL_REVERTED,25.871686935424805,25.78437042236328,0.0033749833661587125,1.368208646726392,4543.085048217471
NVR,-1,2024-07-12,2024-07-15,1,RESIDUAL_REVERTED,8062.0,8080.0,-0.002232696601339512,-24.14837506890563,4543.085048217471
SBAC,-1,2024-07-12,2024-07-16,2,RESIDUAL_REVERTED,200.7477569580078,202.5090789794922,-0.00877380673226047,-54.27269707910108,4543.085048217471
WY,-1,2024-07-12,2024-07-16,2,RESIDUAL_REVERTED,27.18683624267578,27.158916473388672,0.0010269591149882906,-9.676584493165862,4543.085048217471
WFC,1,2024-07-15,2024-07-16,1,RESIDUAL_REVERTED,54.20354461669922,55.1441535949707,0.017353274309328093,65.015442868121,4537.888868414471
DAL,1,2024-07-12,2024-07-17,3,RESIDUAL_REVERTED,43.31060791015625,44.15812301635742,0.019568303173191692,75.1378597221136,4543.085048217471
ALGN,1,2024-07-15,2024-07-17,2,RESIDUAL_REVERTED,243.0,245.61000061035156,0.010740743252475538,35.05352218979744,4537.888868414471
AES,1,2024-07-16,2024-07-17,1,RESIDUAL_REVERTED,15.318146705627441,15.558606147766113,0.01569768502415081,57.48089232154611,4535.289900524621
FAST,-1,2024-07-16,2024-07-17,1,RESIDUAL_REVERTED,32.48236083984375,32.963623046875,-0.014816109254008447,-81.26649791741835,4535.289900524621
APA,-1,2024-07-16,2024-07-17,1,RESIDUAL_REVERTED,28.39712142944336,29.080839157104492,-0.02407700827564252,-123.33182881746426,4535.289900524621
CNP,1,2024-07-16,2024-07-18,2,RESIDUAL_REVERTED,26.88446044921875,26.94123649597168,0.0021118536806856714,-4.042367835178705,4535.289900524621
AXON,-1,2024-07-16,2024-07-18,2,RESIDUAL_REVERTED,311.0199890136719,318.0,-0.022442322785952262,-116.27842678939089,4535.289900524621
HII,-1,2024-07-17,2024-07-18,1,RESIDUAL_REVERTED,255.93319702148438,254.48251342773438,0.005668211903078091,11.840205868015406,4558.048499106427
STT,-1,2024-07-17,2024-07-19,2,RESIDUAL_REVERTED,80.16358947753906,79.86148071289062,0.00376865315809094,2.806464268588102,4558.048499106427
ELV,1,2024-07-18,2024-07-19,1,RESIDUAL_REVERTED,487.0953063964844,487.853759765625,0.001557094390318925,-6.5305960073959195,4518.689181942866
APH,1,2024-07-18,2024-07-19,1,RESIDUAL_REVERTED,31.847694396972656,32.71733474731445,0.027306226300151337,109.64719931227572,4518.689181942866
USB,-1,2024-07-18,2024-07-19,1,RESIDUAL_REVERTED,41.204124450683594,41.15812301635742,0.001116427904716888,-8.85929317914202,4518.689181942866
SCHW,1,2024-07-17,2024-07-22,3,RESIDUAL_REVERTED,64.33706665039062,61.11341094970703,-0.050105730157096295,-241.71591711429505,4558.048499106427
JBHT,1,2024-07-18,2024-07-22,2,RESIDUAL_REVERTED,159.50213623046875,161.34132385253906,0.011530802442751176,38.469888542965535,4518.689181942866
UNH,-1,2024-07-18,2024-07-22,2,RESIDUAL_REVERTED,536.28515625,534.90771484375,0.0025684869144650957,-2.650142178254862,4518.689181942866
DPZ,1,2024-07-19,2024-07-22,1,RESIDUAL_REVERTED,391.29931640625,387.2454528808594,-0.010360006663497123,-60.16109842343071,4508.3179407281195
DHI,-1,2024-07-19,2024-07-22,1,RESIDUAL_REVERTED,169.50680541992188,170.2775115966797,-0.004546756543777342,-34.41191359838447,4508.3179407281195
TRV,1,2024-07-22,2024-07-23,1,RESIDUAL_REVERTED,196.03680419921875,198.28453063964844,0.011465839027581248,38.109327086007966,4510.705376539747
WRB,1,2024-07-22,2024-07-23,1,RESIDUAL_REVERTED,49.077964782714844,50.717994689941406,0.033416827989659836,136.97524935172328,4510.705376539747
ISRG,-1,2024-07-22,2024-07-23,1,RESIDUAL_REVERTED,462.3299865722656,459.1000061035156,0.006986309697749049,17.671282796615213,4510.705376539747
SBUX,-1,2024-07-22,2024-07-23,1,RESIDUAL_REVERTED,74.03479766845703,72.9100570678711,0.015192053412812156,54.74769386805283,4510.705376539747
CTAS,-1,2024-07-19,2024-07-24,3,RESIDUAL_REVERTED,186.0054931640625,186.27516174316406,-0.0014497882536388396,-21.14917769502067,4508.3179407281195
VZ,1,2024-07-23,2024-07-24,1,RESIDUAL_REVERTED,33.979835510253906,34.418392181396484,0.012906380050316635,44.690342596255604,4520.102156718302
CRWD,1,2024-07-23,2024-07-24,1,RESIDUAL_REVERTED,67.25499725341797,67.5,0.003642892819679444,2.8812418492349865,4520.102156718302
BKNG,1,2024-07-23,2024-07-24,1,RESIDUAL_REVERTED,153.4036407470703,152.34349060058594,-0.0069108538840504385,-44.75121536789743,4520.102156718302
IQV,-1,2024-07-23,2024-07-24,1,RESIDUAL_REVERTED,242.0,238.0399932861328,0.016363664106889164,60.162095315280496,4520.102156718302
NXPI,-1,2024-07-23,2024-07-24,1,RESIDUAL_REVERTED,250.41073608398438,250.3914794921875,7.690002472748869e-05,-13.573004486705063,4520.102156718302
UPS,1,2024-07-24,2024-07-25,1,RESIDUAL_REVERTED,110.2311019897461,112.6359634399414,0.02181654185421289,85.33822545981013,4543.178059687168
AOS,1,2024-07-24,2024-07-25,1,RESIDUAL_REVERTED,77.30146789550781,77.57864379882812,0.003585648641174277,2.636270696914549,4543.178059687168
MSCI,-1,2024-07-24,2024-07-25,1,RESIDUAL_REVERTED,529.183837890625,519.879638671875,0.017582168147533328,66.01569597440545,4543.178059687168
BRO,-1,2024-07-24,2024-07-25,1,RESIDUAL_REVERTED,96.42808532714844,96.31006622314453,0.0012239079890833393,-8.419529334453129,4543.178059687168
ROP,1,2024-07-25,2024-07-26,1,RESIDUAL_REVERTED,533.2646484375,542.6463623046875,0.017592979198370884,66.3840975254551,4557.2847700022085
TDY,-1,2024-07-25,2024-07-26,1,RESIDUAL_REVERTED,415.80999755859375,420.0,-0.010076723662267861,-60.024830934009024,4557.2847700022085
TEL,-1,2024-07-25,2024-07-26,1,RESIDUAL_REVERTED,151.6758575439453,151.85997009277344,-0.0012138553347211811,-19.569104796089015,4557.2847700022085
LW,1,2024-07-25,2024-07-29,2,RESIDUAL_REVERTED,51.86585998535156,53.43726348876953,0.03029745392945915,124.19515986451736,4557.2847700022085
FTV,1,2024-07-25,2024-07-29,2,RESIDUAL_REVERTED,52.36714172363281,52.993934631347656,0.011969202195963646,40.79338797242024,4557.2847700022085
EW,1,2024-07-26,2024-07-29,1,RESIDUAL_REVERTED,61.560001373291016,63.959999084472656,0.03898631672582975,162.5813651514407,4525.219929515442
LKQ,1,2024-07-26,2024-07-29,1,RESIDUAL_REVERTED,35.867897033691406,37.01898956298828,0.032092556979731235,131.43237982759277,4525.219929515442
TMO,-1,2024-07-25,2024-07-30,3,RESIDUAL_REVERTED,571.7410278320312,605.1538696289062,-0.058440517944937875,-281.53505195662217,4557.2847700022085
TYL,-1,2024-07-26,2024-07-30,2,RESIDUAL_REVERTED,570.9099731445312,579.6799926757812,-0.015361475440594186,-83.92851728447204,4525.219929515442
CBRE,-1,2024-07-26,2024-07-30,2,RESIDUAL_REVERTED,110.0,110.70999908447266,-0.0064545371315696265,-43.54951983776581,4525.219929515442
DXCM,1,2024-07-29,2024-07-30,1,RESIDUAL_REVERTED,65.02999877929688,68.54000091552734,0.05397512228383938,231.40944059321603,4546.876152589731
MMM,-1,2024-07-29,2024-07-30,1,RESIDUAL_REVERTED,122.56507873535156,120.50637817382812,0.016796795488286498,62.494023257053755,4546.876152589731
NSC,-1,2024-07-29,2024-07-30,1,RESIDUAL_REVERTED,236.6549072265625,236.86529541015625,-0.0008890083288757289,-18.049984467121075,4546.876152589731
L,1,2024-07-30,2024-07-31,1,RESIDUAL_REVERTED,78.81121063232422,79.79536437988281,0.012487484200057963,43.50724880455353,4594.823513205083
IVZ,1,2024-07-30,2024-07-31,1,RESIDUAL_REVERTED,15.742384910583496,15.778953552246094,0.002322941655302335,-3.1269738624348262,4594.823513205083
DGX,1,2024-07-30,2024-07-31,1,RESIDUAL_REVERTED,136.7083282470703,137.40243530273438,0.005077284351028055,9.509761141437865,4594.823513205083
ECL,1,2024-07-31,2024-08-01,1,RESIDUAL_REVERTED,228.9948272705078,227.6562042236328,-0.005845647532001674,-40.632140010378556,4598.019247662188
FFIV,-1,2024-07-31,2024-08-01,1,RESIDUAL_REVERTED,203.3300018310547,203.5,-0.0008360702671244002,-18.0095698483805,4598.019247662188
HWM,-1,2024-07-31,2024-08-01,1,RESIDUAL_REVERTED,93.83967590332031,96.09668731689453,-0.024051781848645204,-124.9205254403322,4598.019247662188
IT,-1,2024-07-31,2024-08-01,1,RESIDUAL_REVERTED,499.1099853515625,499.82000732421875,-0.001422576172576795,-20.711344872936902,4598.019247662188
SWK,-1,2024-07-31,2024-08-01,1,RESIDUAL_REVERTED,97.16246795654297,96.10564422607422,0.01087687203397747,35.93162948451876,4598.019247662188
TAP,1,2024-07-30,2024-08-02,3,RESIDUAL_REVERTED,48.65644454956055,48.683982849121094,0.0005659743496566616,-11.187819118316003,4594.823513205083
VRSK,1,2024-08-01,2024-08-02,1,RESIDUAL_REVERTED,256.8285827636719,258.0372619628906,0.004706170887260441,7.763956462626211,4569.421055860071
GRMN,1,2024-08-01,2024-08-02,1,RESIDUAL_REVERTED,165.8859100341797,163.3773193359375,-0.015122385606621491,-82.70515955250316,4569.421055860071
CDW,1,2024-08-01,2024-08-02,1,RESIDUAL_REVERTED,208.324462890625,206.6474609375,-0.008049952126867876,-50.4367084836352,4569.421055860071
PYPL,-1,2024-07-31,2024-08-05,3,RESIDUAL_REVERTED,64.28312683105469,60.030548095703125,0.06615388741944606,289.7551241705196,4598.019247662188
AFL,-1,2024-08-02,2024-08-05,1,RESIDUAL_REVERTED,95.73246002197266,94.69197845458984,0.010868639196611074,35.60417145745707,4560.89041738602
CHRW,-1,2024-08-02,2024-08-05,1,RESIDUAL_REVERTED,97.10216522216797,93.70765686035156,0.03495811194374332,145.6450396540799,4560.89041738602
IRM,-1,2024-08-02,2024-08-05,1,RESIDUAL_REVERTED,102.06876373291016,95.63937377929688,0.0629907693448456,273.689708421125,4560.89041738602
MRNA,1,2024-08-02,2024-08-06,2,RESIDUAL_REVERTED,91.16999816894531,84.91999816894531,-0.0685532535431036,-325.8775526017855,4560.89041738602
LH,-1,2024-08-02,2024-08-06,2,RESIDUAL_REVERTED,227.0592803955078,223.82952880859375,0.014224265933056146,50.567300099673496,4560.89041738602
BKNG,1,2024-08-05,2024-08-06,1,RESIDUAL_REVERTED,125.8404541015625,134.08583068847656,0.06552246370836712,285.9015451882044,4579.980788366941
PRU,1,2024-08-05,2024-08-07,2,RESIDUAL_REVERTED,96.84373474121094,97.4256820678711,0.006009137588665503,13.740509743574446,4579.980788366941
MET,1,2024-08-05,2024-08-07,2,RESIDUAL_REVERTED,64.60303497314453,65.47499084472656,0.01349713480093473,47.9839507940496,4579.980788366941
HSIC,1,2024-08-07,2024-08-08,1,RESIDUAL_REVERTED,64.80999755859375,65.8499984741211,0.016046921072433218,60.225672387005275,4624.615133569649
KVUE,-1,2024-08-07,2024-08-08,1,RESIDUAL_REVERTED,18.621814727783203,18.513813018798828,0.005799741355134391,12.622167403348271,4624.615133569649
TAP,-1,2024-08-07,2024-08-08,1,RESIDUAL_REVERTED,49.491703033447266,47.72938537597656,0.03560834542872171,150.69341586527509,4624.615133569649
INTC,1,2024-08-05,2024-08-09,4,RESIDUAL_REVERTED,20.072668075561523,20.079999923706055,0.0003652652510832688,-12.06954389423032,4579.980788366941
VMC,1,2024-08-07,2024-08-09,2,RESIDUAL_REVERTED,244.36778259277344,242.09613037109375,-0.009296038117533989,-56.79995806345619,4624.615133569649
FOXA,-1,2024-08-07,2024-08-09,2,RESIDUAL_REVERTED,38.20060729980469,38.44435501098633,-0.006380728695454252,-44.16218088727983,4624.615133569649
FOX,-1,2024-08-07,2024-08-09,2,RESIDUAL_REVERTED,35.69113540649414,35.79814529418945,-0.0029982203277243435,-28.49302430654457,4624.615133569649
FIS,-1,2024-08-07,2024-08-09,2,RESIDUAL_REVERTED,73.05950927734375,71.71611022949219,0.018387737080902578,70.56840401781473,4624.615133569649
ABNB,1,2024-08-08,2024-08-12,2,RESIDUAL_REVERTED,113.9800033569336,115.4800033569336,0.013160203156887817,46.98399901057957,4633.31898115543
CRL,1,2024-08-08,2024-08-12,2,RESIDUAL_REVERTED,191.5,199.52000427246094,0.04187991787185874,179.8519969338397,4633.31898115543
PH,-1,2024-08-09,2024-08-12,1,RESIDUAL_REVERTED,559.2603759765625,558.1342163085938,0.0020136589616281952,-4.995484102497318,4701.610080059888
MCK,1,2024-08-09,2024-08-13,2,RESIDUAL_REVERTED,543.2439575195312,544.7296142578125,0.0027347874149670215,-1.2662130192657113,4701.610080059888
CAH,-1,2024-08-09,2024-08-13,2,RESIDUAL_REVERTED,96.46414184570312,98.22776794433594,-0.018282711740221336,-100.95078778125058,4701.610080059888
PODD,1,2024-08-12,2024-08-13,1,RESIDUAL_REVERTED,183.24000549316406,189.0,0.03143415375552805,132.57453605993416,4670.2548444017275
WYNN,1,2024-08-12,2024-08-13,1,RESIDUAL_REVERTED,72.32511138916016,72.2664566040039,-0.0008109878302245965,-17.792603096298343,4670.2548444017275
AKAM,-1,2024-08-12,2024-08-13,1,RESIDUAL_REVERTED,101.22000122070312,99.87000274658203,0.013337269885795755,48.00646776485428,4670.2548444017275
EXPE,-1,2024-08-12,2024-08-13,1,RESIDUAL_REVERTED,126.75279235839844,126.6738510131836,0.0006227976815819103,-11.463760371730809,4670.2548444017275
BLK,1,2024-08-13,2024-08-14,1,RESIDUAL_REVERTED,805.368408203125,816.3833618164062,0.013676912951995357,50.02921253066849,4694.75844374559
KHC,1,2024-08-13,2024-08-14,1,RESIDUAL_REVERTED,29.830415725708008,30.277088165283203,0.014973724928353915,56.10829917816413,4694.75844374559
KEY,-1,2024-08-13,2024-08-14,1,RESIDUAL_REVERTED,14.569866180419922,14.289153099060059,0.019266689061091524,76.14051751708728,4694.75844374559
AIZ,-1,2024-08-12,2024-08-15,3,RESIDUAL_REVERTED,172.1149444580078,180.9190216064453,-0.051152310894104325,-254.40677682983133,4670.2548444017275
CVS,1,2024-08-14,2024-08-15,1,RESIDUAL_REVERTED,51.78732681274414,52.25996780395508,0.009126576332467273,28.677078109771198,4691.249912793035
BAX,1,2024-08-14,2024-08-15,1,RESIDUAL_REVERTED,33.72102355957031,34.641048431396484,0.027283420688606563,113.7276051703532,4691.249912793035
CMG,1,2024-08-14,2024-08-15,1,RESIDUAL_REVERTED,52.02000045776367,51.790000915527344,-0.004421367555024758,-34.784377285079444,4691.249912793035
SBUX,-1,2024-08-14,2024-08-15,1,RESIDUAL_REVERTED,90.1593246459961,88.9589614868164,0.013313799364545242,48.11179217349338,4691.249912793035
REGN,-1,2024-08-14,2024-08-15,1,RESIDUAL_REVERTED,1141.498046875,1156.3974609375,-0.01305250946621328,-75.77198702104148,4691.249912793035
TJX,1,2024-08-15,2024-08-16,1,RESIDUAL_REVERTED,107.87629699707031,108.72511291503906,0.007868419120762082,22.771296933976664,4688.716305087547
ALL,-1,2024-08-15,2024-08-16,1,RESIDUAL_REVERTED,175.14462280273438,170.9882049560547,0.023731347158519767,97.00789532607703,4688.716305087547
EL,-1,2024-08-14,2024-08-19,3,RESIDUAL_REVERTED,87.58267211914062,91.37808227539062,-0.043335171951445206,-218.82564210384044,4691.249912793035
FICO,1,2024-08-16,2024-08-19,1,RESIDUAL_REVERTED,1726.9300537109375,1747.0999755859375,0.011679640314127049,40.53005637937289,4678.999180930007
ICE,1,2024-08-16,2024-08-19,1,RESIDUAL_REVERTED,151.68679809570312,152.33880615234375,0.004298383674954165,6.044967951101355,4678.999180930007
HSY,1,2024-08-16,2024-08-20,2,RESIDUAL_REVERTED,182.8658905029297,184.80137634277344,0.010584181853273256,35.412095612156044,4678.999180930007
ULTA,-1,2024-08-16,2024-08-20,2,RESIDUAL_REVERTED,368.0,376.3399963378906,-0.022663033526876708,-120.99752807267501,4678.999180930007
CSCO,-1,2024-08-16,2024-08-20,2,RESIDUAL_REVERTED,46.38134002685547,47.65911102294922,-0.027549247075524308,-143.89244544458717,4678.999180930007
DE,-1,2024-08-16,2024-08-20,2,RESIDUAL_REVERTED,362.42877197265625,365.1556396484375,-0.007523871962314743,-50.04322889445453,4678.999180930007
AMCR,1,2024-08-19,2024-08-20,1,RESIDUAL_REVERTED,46.2148551940918,46.965248107910156,0.01623704998461828,61.45215932556835,4650.993765565862
ZTS,1,2024-08-15,2024-08-21,4,RESIDUAL_REVERTED,178.86688232421875,178.62451171875,-0.0013550334322338653,-20.409986211894644,4688.716305087547
HPQ,1,2024-08-20,2024-08-21,1,RESIDUAL_REVERTED,31.375852584838867,31.738584518432617,0.011560863011226274,39.81557212418198,4660.323159981078
AZO,1,2024-08-20,2024-08-21,1,RESIDUAL_REVERTED,3176.989990234375,3198.949951171875,0.006912190785933081,18.18375376174015,4660.323159981078
COO,-1,2024-08-19,2024-08-22,3,RESIDUAL_REVERTED,94.4000015258789,93.97000122070312,0.004555087904928645,6.150964138173984,4650.993765565862
DRI,-1,2024-08-20,2024-08-22,2,RESIDUAL_REVERTED,142.41017150878906,146.3488006591797,-0.027656937061883546,-143.82329688254265,4660.323159981078
PODD,1,2024-08-21,2024-08-22,1,RESIDUAL_REVERTED,183.85000610351562,186.75999450683594,0.015828057148292274,59.41443210202744,4640.1882343328825
VRSN,1,2024-08-21,2024-08-22,1,RESIDUAL_REVERTED,175.72061157226562,177.0956573486328,0.007825182054990165,22.33528752352484,4640.1882343328825
PANW,-1,2024-08-21,2024-08-22,1,RESIDUAL_REVERTED,182.15499877929688,179.6750030517578,0.013614755258755662,48.985565645727945,4640.1882343328825
PYPL,-1,2024-08-21,2024-08-22,1,RESIDUAL_REVERTED,71.27020263671875,70.94878387451172,0.0045098617699373955,6.672255515426037,4640.1882343328825
TTWO,-1,2024-08-21,2024-08-23,2,RESIDUAL_REVERTED,156.6199951171875,160.1999969482422,-0.022857884961470232,-120.89409172673636,4640.1882343328825
BEN,1,2024-08-22,2024-08-23,1,RESIDUAL_REVERTED,17.87188148498535,18.532814025878906,0.03698169895815506,158.03794689284953,4658.282503461123
AXP,1,2024-08-22,2024-08-23,1,RESIDUAL_REVERTED,241.5371551513672,242.7410430908203,0.00498427638885901,9.208492733010804,4658.282503461123
INCY,1,2024-08-23,2024-08-26,1,RESIDUAL_REVERTED,63.52000045776367,64.26000213623047,0.011649900395684698,40.341952335272765,4673.304406107846
NDSN,-1,2024-08-23,2024-08-26,1,RESIDUAL_REVERTED,249.90432739257812,250.321533203125,-0.0016694621293671386,-22.204173167553286,4673.304406107846
CNP,-1,2024-08-23,2024-08-26,1,RESIDUAL_REVERTED,25.76909065246582,25.654645919799805,0.004441163027810058,6.3986604057840175,4673.304406107846
STT,-1,2024-08-23,2024-08-26,1,RESIDUAL_REVERTED,78.32259368896484,79.75762176513672,-0.01832201933800448,-100.1484491218981,4673.304406107846
INTU,1,2024-08-26,2024-08-27,1,RESIDUAL_REVERTED,612.1275024414062,604.7387084960938,-0.012070677948373576,-70.13022829329489,4659.01964213596
MRSH,1,2024-08-26,2024-08-27,1,RESIDUAL_REVERTED,215.5878143310547,217.10328674316406,0.007029490125922466,18.7243478456098,4659.01964213596
BRO,1,2024-08-26,2024-08-27,1,RESIDUAL_REVERTED,100.5524673461914,100.82819366455078,0.0027421138997025807,-1.2206597504993475,4659.01964213596
BLDR,-1,2024-08-26,2024-08-27,1,RESIDUAL_REVERTED,183.36000061035156,174.25999450683594,0.04962917797351862,217.23734293607816,4659.01964213596
ARE,-1,2024-08-23,2024-08-28,3,RESIDUAL_REVERTED,105.8772964477539,107.12449645996094,-0.0117796737738054,-70.28658922331458,4673.304406107846
AJG,1,2024-08-26,2024-08-28,2,RESIDUAL_REVERTED,282.22802734375,284.4784851074219,0.007973898924400036,23.117766959208957,4659.01964213596
COP,-1,2024-08-27,2024-08-28,1,RESIDUAL_REVERTED,106.74422454833984,105.22279357910156,0.01425305186932424,52.16362488711088,4659.161595389745
EOG,-1,2024-08-27,2024-08-28,1,RESIDUAL_REVERTED,122.18207550048828,119.46670532226562,0.02222396507097968,89.35857174462608,4659.161595389745
MLM,1,2024-08-28,2024-08-29,1,RESIDUAL_REVERTED,513.3687744140625,509.7950439453125,-0.006961331983677654,-46.518150756969504,4674.772892053764
HSY,1,2024-08-28,2024-08-29,1,RESIDUAL_REVERTED,179.45529174804688,180.78004455566406,0.007382077144189925,20.43345114336626,4674.772892053764
JKHY,-1,2024-08-27,2024-08-30,3,RESIDUAL_REVERTED,163.6150665283203,166.75479125976562,-0.019189704212856595,-104.65189357146835,4659.161595389745
VMC,1,2024-08-28,2024-08-30,2,RESIDUAL_REVERTED,238.25051879882812,238.7234649658203,0.001985079274440249,-4.75844358760142,4674.772892053764
PODD,-1,2024-08-28,2024-08-30,2,RESIDUAL_REVERTED,191.77000427246094,207.99000549316406,-0.08458049152284652,-410.80438667650776,4674.772892053764
GD,-1,2024-08-29,2024-08-30,1,RESIDUAL_REVERTED,286.8189697265625,286.3666076660156,0.0015771692541052262,-6.928225360482177,4619.479672333244
TSN,-1,2024-08-29,2024-08-30,1,RESIDUAL_REVERTED,60.80315017700195,59.70804214477539,0.01801071209367655,69.10521862797431,4619.479672333245
IFF,-1,2024-08-29,2024-08-30,1,RESIDUAL_REVERTED,97.73928833007812,98.44493103027344,-0.007219642297908502,-47.6276197426062,4619.479672333245
STX,1,2024-08-28,2024-09-03,3,RESIDUAL_REVERTED,96.40779113769531,95.97395324707031,-0.004500029359716051,-35.02937901751149,4674.772892053764
SJM,1,2024-08-29,2024-09-03,2,RESIDUAL_REVERTED,105.69438171386719,105.69438171386719,0.0,-13.858439016999734,4619.479672333245
DG,1,2024-08-30,2024-09-03,1,RESIDUAL_REVERTED,80.56886291503906,79.2514877319336,-0.01635092187529885,-89.42937039971885,4627.317620323399
NTAP,1,2024-08-30,2024-09-03,1,RESIDUAL_REVERTED,115.31417846679688,118.20426177978516,0.02506268831304581,101.91710685379506,4627.317620323399
CRM,1,2024-09-03,2024-09-04,1,RESIDUAL_REVERTED,248.5979461669922,242.5458526611328,-0.024344905495695346,-126.32608188156675,4625.907660522751
VLO,-1,2024-09-03,2024-09-04,1,RESIDUAL_REVERTED,137.01382446289062,134.0462188720703,0.02165916908351151,86.10672497097514,4625.907660522751
INTC,-1,2024-09-03,2024-09-04,1,RESIDUAL_REVERTED,21.540000915527344,19.760000228881836,0.08263698286857435,368.624144049595,4625.907660522751
MPC,-1,2024-09-03,2024-09-05,2,RESIDUAL_REVERTED,167.8121337890625,166.0141143798828,0.01071447796164593,35.03387930561424,4625.907660522751
HPE,-1,2024-09-03,2024-09-05,2,RESIDUAL_REVERTED,18.3059024810791,16.283517837524414,0.11047718874527024,497.22576646924773,4625.907660522751
AMZN,-1,2024-09-03,2024-09-05,2,RESIDUAL_REVERTED,177.5500030517578,175.0,0.0143621684479186,51.93714229494148,4625.907660522751
VRTX,1,2024-09-04,2024-09-05,1,RESIDUAL_REVERTED,476.82000732421875,477.7300109863281,0.001908484644375763,-5.109821626516597,4669.155667316911
BA,1,2024-09-04,2024-09-05,1,RESIDUAL_REVERTED,160.27999877929688,164.14999389648438,0.024145215539441267,98.56119631765776,4669.155667316911
NWS,1,2024-09-04,2024-09-05,1,RESIDUAL_REVERTED,27.438648223876953,27.891042709350586,0.01648749172271402,62.85972441687463,4669.155667316911
APH,1,2024-09-04,2024-09-06,2,RESIDUAL_REVERTED,28.496854782104492,30.403196334838867,0.06689655989444576,297.8744590755729,4669.155667316911
HRL,1,2024-09-05,2024-09-06,1,RESIDUAL_REVERTED,28.686506271362305,29.326831817626953,0.022321489421104124,91.25216513725161,4731.031269984473
MDLZ,-1,2024-09-05,2024-09-06,1,RESIDUAL_REVERTED,70.72041320800781,70.67342376708984,0.0006644395696580041,-11.41937518602823,4731.031269984473
HUM,-1,2024-09-05,2024-09-06,1,RESIDUAL_REVERTED,362.55865478515625,357.9183044433594,0.012798895518151832,46.081836890198204,4731.031269984473
ZBH,1,2024-09-06,2024-09-09,1,RESIDUAL_REVERTED,103.45555877685547,103.03394317626953,-0.004075330562906987,-33.84417649331309,4787.542068446476
CPRT,1,2024-09-06,2024-09-09,1,RESIDUAL_REVERTED,49.70000076293945,49.81999969482422,0.0024144653932127724,-2.820610594489347,4787.542068446476
HPE,1,2024-09-06,2024-09-09,1,RESIDUAL_REVERTED,16.68704605102539,16.710783004760742,0.0014224778707250252,-7.562668816780921,4787.542068446476
MKTX,-1,2024-09-06,2024-09-09,1,RESIDUAL_REVERTED,250.89236450195312,248.52259826660156,0.009445350160638744,30.548972102122104,4787.542068446476
CMCSA,-1,2024-09-06,2024-09-10,2,RESIDUAL_REVERTED,34.38848114013672,34.40576934814453,-0.0005027325265505311,-17.530439284335692,4787.542068446476
CAH,-1,2024-09-06,2024-09-10,2,RESIDUAL_REVERTED,109.06293487548828,110.0762939453125,-0.0092915074308344,-59.675171640771296,4787.542068446476
AVGO,1,2024-09-09,2024-09-10,1,RESIDUAL_REVERTED,136.29388427734375,138.36119079589844,0.015168006470106521,58.00714949110047,4776.116439571405
WFC,1,2024-09-09,2024-09-10,1,RESIDUAL_REVERTED,52.396541595458984,53.612396240234375,0.023204864438624684,96.3345415028425,4776.116439571405
CCI,-1,2024-09-09,2024-09-10,1,RESIDUAL_REVERTED,102.99227905273438,104.88539123535156,-0.01838110778816615,-102.63483280503915,4776.116439571405
T,-1,2024-09-09,2024-09-10,1,RESIDUAL_REVERTED,19.11871337890625,19.5656681060791,-0.023377866403184733,-126.540067144658,4776.116439571405
ORCL,1,2024-09-10,2024-09-11,1,RESIDUAL_REVERTED,150.912841796875,153.4080047607422,0.01653380145889516,64.25474004557651,4756.4391477049785
TRGP,1,2024-09-10,2024-09-11,1,RESIDUAL_REVERTED,138.60870361328125,138.2536163330078,-0.002561796416941653,-26.43606866595778,4756.4391477049785
PCG,1,2024-09-10,2024-09-12,2,RESIDUAL_REVERTED,19.54367446899414,19.45506477355957,-0.0045339322231932044,-35.80234210347287,4756.4391477049785
HPE,1,2024-09-11,2024-09-12,1,RESIDUAL_REVERTED,15.286568641662598,15.533432960510254,0.016149099554941593,62.357432621277624,4751.0874060628885
JPM,1,2024-09-11,2024-09-12,1,RESIDUAL_REVERTED,196.97390747070312,199.27713012695312,0.0116930342999495,41.2180338409608,4751.0874060628885
EQIX,-1,2024-09-11,2024-09-12,1,RESIDUAL_REVERTED,818.8931884765625,838.2807006835938,-0.02367526373384421,-127.28813869118633,4751.0874060628885
JCI,-1,2024-09-11,2024-09-12,1,RESIDUAL_REVERTED,68.3031234741211,68.86808776855469,-0.008271426923069702,-53.99056372222729,4751.0874060628885
ROL,-1,2024-09-11,2024-09-12,1,RESIDUAL_REVERTED,48.67705154418945,48.30702209472656,0.007601722736369387,21.543006626815515,4751.0874060628885
PAYC,-1,2024-09-10,2024-09-13,3,RESIDUAL_REVERTED,162.0607147216797,165.49581909179688,-0.021196403928099183,-116.39472265486843,4756.4391477049785
CAG,1,2024-09-12,2024-09-13,1,RESIDUAL_REVERTED,27.45071792602539,27.730470657348633,0.01019108979506922,34.02362485103909,4741.437869827688
UNP,1,2024-09-12,2024-09-13,1,RESIDUAL_REVERTED,237.16275024414062,239.09512329101562,0.008147877543525528,24.350392551392346,4741.437869827688
DLR,-1,2024-09-11,2024-09-16,3,RESIDUAL_REVERTED,145.6501007080078,150.60020446777344,-0.03398627076605565,-177.12962186870956,4751.0874060628885
FTNT,1,2024-09-13,2024-09-16,1,RESIDUAL_REVERTED,74.66999816894531,74.87000274658203,0.00267851322540813,-1.5421649941237519,4737.767937539027
WFC,1,2024-09-13,2024-09-16,1,RESIDUAL_REVERTED,49.6489143371582,50.558406829833984,0.018318476945931916,72.44520588725852,4737.767937539027
AXON,-1,2024-09-13,2024-09-16,1,RESIDUAL_REVERTED,382.9800109863281,380.989990234375,0.005196147827214337,10.069061369795582,4737.767937539027
MRNA,1,2024-09-13,2024-09-17,2,RESIDUAL_REVERTED,66.16999816894531,70.11000061035156,0.059543638362307805,267.46748099366766,4737.767937539027
WBD,-1,2024-09-13,2024-09-17,2,RESIDUAL_REVERTED,7.760000228881836,8.670000076293945,-0.11726801811489573,-571.4615064107344,4737.767937539027
ETSY,-1,2024-09-16,2024-09-17,1,RESIDUAL_REVERTED,55.52000045776367,54.29999923706055,0.021974085206127314,89.1941069366503,4711.779517288413
KR,-1,2024-09-13,2024-09-18,3,RESIDUAL_REVERTED,52.95341491699219,52.76176071166992,0.003619298313861208,1.8225187292057141,4737.767937539027
TRMB,-1,2024-09-17,2024-09-18,1,RESIDUAL_REVERTED,58.5,58.4900016784668,0.00017091147920000882,-13.667691992992983,4700.12947103547
QRVO,1,2024-09-17,2024-09-19,2,RESIDUAL_REVERTED,102.06999969482422,102.69000244140625,0.006074289687819645,14.406734642255842,4700.12947103547
SWKS,1,2024-09-17,2024-09-19,2,RESIDUAL_REVERTED,91.28569793701172,92.70328521728516,0.015529127917185859,58.779040002263585,4700.12947103547
INCY,-1,2024-09-17,2024-09-19,2,RESIDUAL_REVERTED,66.41999816894531,66.22000122070312,0.0030110953591638845,-0.6657098237811413,4700.12947103547
ACN,1,2024-09-18,2024-09-19,1,RESIDUAL_REVERTED,322.30401611328125,327.1144714355469,0.014925210614114448,55.69650619028461,4679.268702440841
SYF,-1,2024-09-18,2024-09-19,1,RESIDUAL_REVERTED,47.65323257446289,48.213523864746094,-0.011757676447399223,-69.50571758903548,4679.268702440841
ADBE,1,2024-09-16,2024-09-20,4,RESIDUAL_REVERTED,537.4000244140625,526.4400024414062,-0.020394531958955797,-110.08573469383401,4711.779517288413
BLK,-1,2024-09-19,2024-09-20,1,RESIDUAL_REVERTED,900.0906372070312,892.8189086914062,0.008078884742306669,23.425124312252333,4673.878689335858
WST,-1,2024-09-19,2024-09-20,1,RESIDUAL_REVERTED,313.1404724121094,307.94281005859375,0.01659850070953217,63.3077484975576,4673.878689335858
GRMN,1,2024-09-16,2024-09-23,5,RESIDUAL_REVERTED,168.0420684814453,166.6372833251953,-0.008359723067828728,-53.465426715182495,4711.779517288413
HPE,-1,2024-09-18,2024-09-23,3,RESIDUAL_REVERTED,17.346935272216797,17.996990203857422,-0.03747376245080969,-190.79359875047646,4679.268702440841
VTR,1,2024-09-20,2024-09-23,1,RESIDUAL_REVERTED,59.010433197021484,59.303916931152344,0.004973421109297549,9.233479751558853,4696.674988266076
ICE,1,2024-09-20,2024-09-23,1,RESIDUAL_REVERTED,155.18504333496094,155.98526000976562,0.005156532212176268,10.092203068517453,4696.674988266076
DRI,-1,2024-09-20,2024-09-23,1,RESIDUAL_REVERTED,162.3100128173828,161.6895751953125,0.003822546812120464,3.522809836901677,4696.674988266076
FDS,-1,2024-09-20,2024-09-23,1,RESIDUAL_REVERTED,452.4037170410156,454.1549072265625,-0.0038708572002914554,-32.670934849579226,4696.674988266076
AJG,1,2024-09-20,2024-09-24,2,RESIDUAL_REVERTED,274.1447448730469,276.5174865722656,0.008655069059658738,26.499046339855287,4696.674988266076
FDX,1,2024-09-23,2024-09-24,1,RESIDUAL_REVERTED,197.8123321533203,200.60716247558594,0.014128696081998626,52.15132776211998,4695.14413674149
CEG,-1,2024-09-23,2024-09-24,1,RESIDUAL_REVERTED,256.5710754394531,251.15423583984375,0.02111243284275688,84.82004416162222,4695.14413674149
VST,-1,2024-09-23,2024-09-25,2,RESIDUAL_REVERTED,109.09033203125,112.8766098022461,-0.03470772982807935,-178.04416905632092,4695.14413674149
MCO,1,2024-09-24,2024-09-25,1,RESIDUAL_REVERTED,469.8082580566406,472.65228271484375,0.006053585924537419,14.320810749123844,4703.82153502153
CSX,1,2024-09-24,2024-09-25,1,RESIDUAL_REVERTED,33.07198715209961,33.246971130371094,0.005291002849835635,10.739136642131875,4703.82153502153
STZ,-1,2024-09-24,2024-09-25,1,RESIDUAL_REVERTED,242.5347137451172,240.43307495117188,0.008665311292939126,26.340196089500758,4703.82153502153
NVR,-1,2024-09-24,2024-09-25,1,RESIDUAL_REVERTED,9693.6201171875,9575.0,0.01223692653038655,43.16378274148232,4703.82153502153
REGN,1,2024-09-24,2024-09-26,2,RESIDUAL_REVERTED,1066.2679443359375,1052.2303466796875,-0.013165168971662644,-75.94518001818693,4703.82153502153
FCX,-1,2024-09-25,2024-09-26,1,RESIDUAL_REVERTED,47.53118133544922,49.81267166137695,-0.04799986581074478,-240.1750654491873,4695.4574826441585
V,1,2024-09-25,2024-09-27,2,RESIDUAL_REVERTED,270.11761474609375,269.1029052734375,-0.003756546842048958,-31.69862036736719,4695.4574826441585
GPN,1,2024-09-25,2024-09-27,2,RESIDUAL_REVERTED,98.37511444091797,96.31504821777344,-0.020940928352177535,-112.2661203145927,4695.4574826441585
AMGN,1,2024-09-26,2024-09-27,1,RESIDUAL_REVERTED,295.33819580078125,303.830810546875,0.02875555843045241,119.71287942817621,4655.83775144053
J,-1,2024-09-26,2024-09-27,1,RESIDUAL_REVERTED,125.64498138427734,125.6530990600586,-6.460803839369866e-05,-14.63749294674969,4655.83775144053
UPS,-1,2024-09-26,2024-09-27,1,RESIDUAL_REVERTED,116.9820556640625,118.2174301147461,-0.01056037563770662,-63.58028916553541,4655.83775144053
HPE,-1,2024-09-26,2024-09-30,2,RESIDUAL_REVERTED,19.3453311920166,19.211454391479492,0.006920367462737387,17.561355157922886,4655.83775144053
OKE,1,2024-09-27,2024-09-30,1,RESIDUAL_REVERTED,80.79761505126953,81.90270233154297,0.013677226482145644,49.33641816627373,4629.610376195651
JBL,-1,2024-09-27,2024-09-30,1,RESIDUAL_REVERTED,127.42540740966797,121.07505798339844,0.0498358181100681,216.82599347732003,4629.610376195651
TPR,-1,2024-09-24,2024-10-01,5,RESIDUAL_REVERTED,43.817317962646484,45.40750503540039,-0.03629129181547608,-187.00061862467106,4703.82153502153
NOW,1,2024-09-26,2024-10-01,3,RESIDUAL_REVERTED,178.72999572753906,179.71800231933594,0.0055279282460400925,11.731018055323215,4655.83775144053
GL,1,2024-09-30,2024-10-01,1,RESIDUAL_REVERTED,102.90682983398438,103.98849487304688,0.010511110300526205,34.872488752698445,4652.5536987400765
HPQ,1,2024-09-30,2024-10-01,1,RESIDUAL_REVERTED,32.45966720581055,32.039058685302734,-0.012957881479219835,-74.15446964109412,4652.5536987400765
WYNN,-1,2024-09-30,2024-10-01,1,RESIDUAL_REVERTED,95.55747985839844,94.1650619506836,0.01457152187121502,53.575517708065505,4652.5536987400765
BKR,-1,2024-09-30,2024-10-01,1,RESIDUAL_REVERTED,34.646392822265625,34.550079345703125,0.0027798991097451875,-1.3757288675470036,4652.5536987400765
LW,1,2024-10-01,2024-10-02,1,RESIDUAL_REVERTED,61.2899284362793,59.64265441894531,-0.0268767489106565,-140.07119342733586,4694.635908095768
ISRG,-1,2024-10-01,2024-10-02,1,RESIDUAL_REVERTED,492.5,482.7200012207031,0.019857865541719533,78.91464444859949,4694.635908095768
VLTO,-1,2024-10-01,2024-10-02,1,RESIDUAL_REVERTED,111.58283996582031,108.85648345947266,0.02443347478145197,100.43017192937758,4694.635908095768
UHS,1,2024-09-30,2024-10-03,3,RESIDUAL_REVERTED,222.1432647705078,221.63760375976562,-0.002276283331230311,-24.532305732668032,4652.5536987400765
RF,1,2024-10-02,2024-10-03,1,RESIDUAL_REVERTED,20.788333892822266,20.751441955566406,-0.0017746461763632482,-22.396804835891647,4693.39458470434
CDW,1,2024-10-02,2024-10-03,1,RESIDUAL_REVERTED,210.19284057617188,210.5407257080078,0.0016550760286713206,-6.323910771178819,4693.39458470434
PAYX,-1,2024-10-02,2024-10-03,1,RESIDUAL_REVERTED,129.830078125,130.37034606933594,-0.004161346524152565,-34.01650088298366,4693.39458470434
MKC,-1,2024-10-02,2024-10-03,1,RESIDUAL_REVERTED,78.59432220458984,77.24055480957031,0.017224748010365443,66.51552448835511,4693.39458470434
HUM,1,2024-10-02,2024-10-04,2,RESIDUAL_REVERTED,214.37965393066406,235.78248596191406,0.09983611615574417,453.78724773878486,4693.39458470434
BLK,-1,2024-10-03,2024-10-04,1,RESIDUAL_REVERTED,914.7874755859375,921.6658935546875,-0.0075191431368737405,-50.35695033007774,4746.350924870443
MSCI,-1,2024-10-03,2024-10-04,1,RESIDUAL_REVERTED,571.6766357421875,576.59521484375,-0.008603778419555175,-55.514426586898736,4746.350924870443
UNH,-1,2024-10-02,2024-10-07,3,RESIDUAL_REVERTED,576.093505859375,561.3445434570312,0.02560168141514163,105.16388489468362,4693.39458470434
CAG,1,2024-10-03,2024-10-07,2,RESIDUAL_REVERTED,26.148122787475586,25.885854721069336,-0.010030091587755252,-61.773977756962545,4746.350924870443
STZ,1,2024-10-04,2024-10-07,1,RESIDUAL_REVERTED,230.970947265625,231.95045471191406,0.004240825341390586,5.828037919397513,4721.107647802007
UHS,1,2024-10-04,2024-10-07,1,RESIDUAL_REVERTED,214.92581176757812,212.5861053466797,-0.010886111824616962,-65.48073697474811,4721.107647802007
LYV,1,2024-10-04,2024-10-07,1,RESIDUAL_REVERTED,110.30999755859375,110.43000030517578,0.0010878682733928002,-9.035083632928087,4721.107647802007
MKTX,-1,2024-10-04,2024-10-07,1,RESIDUAL_REVERTED,266.25213623046875,266.31011962890625,-0.00021777627499419694,-15.565496380835935,4721.107647802007
PCAR,-1,2024-10-04,2024-10-08,2,RESIDUAL_REVERTED,95.79998779296875,96.43714904785156,-0.00665095340366606,-46.36667171322211,4721.107647802007
VRSK,1,2024-10-07,2024-10-08,1,RESIDUAL_REVERTED,261.3437805175781,263.0068664550781,0.006363594856576782,15.817535725763166,4715.9518349865175
AIG,-1,2024-10-07,2024-10-08,1,RESIDUAL_REVERTED,71.98777770996094,70.6122055053711,0.019108413238314248,75.73593315452263,4715.9518349865175
COF,-1,2024-10-07,2024-10-08,1,RESIDUAL_REVERTED,148.16293334960938,148.13375854492188,0.00019691027997303934,-13.591387802021515,4715.9518349865175
ACGL,1,2024-10-08,2024-10-09,1,RESIDUAL_REVERTED,103.36266326904297,104.15191650390625,0.007635767209373645,21.80097088541782,4714.423148288597
CINF,1,2024-10-08,2024-10-09,1,RESIDUAL_REVERTED,127.86626434326172,127.72294616699219,-0.0011208443212573638,-19.419477657008443,4714.423148288597
L,1,2024-10-08,2024-10-09,1,RESIDUAL_REVERTED,76.43673706054688,76.70533752441406,0.003514023154264523,2.3984727690676477,4714.423148288597
APD,-1,2024-10-08,2024-10-09,1,RESIDUAL_REVERTED,295.688232421875,297.8682556152344,-0.0073727086651491636,-49.328966316638414,4714.423148288597
GNRC,-1,2024-10-08,2024-10-09,1,RESIDUAL_REVERTED,170.47000122070312,175.86000061035156,-0.03161846278554403,-163.8052198837573,4714.423148288597
EG,1,2024-10-08,2024-10-10,2,RESIDUAL_REVERTED,362.76373291015625,387.2514343261719,0.0675031685763372,303.6178733234668,4714.423148288597
MPC,1,2024-10-09,2024-10-10,1,RESIDUAL_REVERTED,152.87991333007812,156.32211303710938,0.022515709435282805,91.76440892051444,4710.230519570675
EW,-1,2024-10-09,2024-10-10,1,RESIDUAL_REVERTED,68.72000122070312,67.6500015258789,0.015570426015968475,58.949594822492315,4710.230519570675
AON,-1,2024-10-09,2024-10-11,2,RESIDUAL_REVERTED,348.7170715332031,349.9512023925781,-0.00353906063144227,-31.579821777292302,4710.230519570675
AFL,1,2024-10-10,2024-10-11,1,RESIDUAL_REVERTED,107.58587646484375,107.51873779296875,-0.0006240472642051742,-17.033149961888636,4701.249576150297
GLW,-1,2024-10-10,2024-10-11,1,RESIDUAL_REVERTED,45.51057434082031,44.77307891845703,0.016204924526777353,61.82780677377312,4701.249576150297
NCLH,-1,2024-10-10,2024-10-11,1,RESIDUAL_REVERTED,22.940000534057617,23.15999984741211,-0.00959020524118448,-59.631742206567665,4701.249576150297
NRG,1,2024-10-10,2024-10-14,2,RESIDUAL_REVERTED,85.41496276855469,87.78815460205078,0.02778426351278318,116.32107719907484,4701.249576150297
MTCH,1,2024-10-10,2024-10-14,2,RESIDUAL_REVERTED,35.25627517700195,36.09159469604492,0.02369278986079215,97.11489098497981,4701.249576150297
CTSH,1,2024-10-11,2024-10-14,1,RESIDUAL_REVERTED,71.8062973022461,73.30828857421875,0.020917263922556772,84.37878502645842,4717.617872851814
MOS,-1,2024-10-11,2024-10-14,1,RESIDUAL_REVERTED,24.697229385375977,24.24785041809082,0.018195521460040665,71.44413125055961,4717.617872851815
WTW,1,2024-10-11,2024-10-15,2,RESIDUAL_REVERTED,285.0373229980469,287.8575744628906,0.009894323435191144,32.45476700346287,4717.617872851815
AOS,1,2024-10-14,2024-10-15,1,RESIDUAL_REVERTED,77.7359390258789,79.14619445800781,0.0181416144167168,71.65211225338346,4740.651484369126
FAST,-1,2024-10-14,2024-10-15,1,RESIDUAL_REVERTED,36.86940383911133,36.965232849121094,-0.002599147261179935,-26.937107901172528,4740.651484369126
UBER,-1,2024-10-14,2024-10-15,1,RESIDUAL_REVERTED,85.63999938964844,84.7699966430664,0.010158836440711028,33.63662096865528,4740.651484369126
SNPS,-1,2024-10-09,2024-10-16,5,RESIDUAL_REVERTED,517.3699951171875,515.969970703125,0.0027060409905398375,-3.2911167645706216,4710.230519570675
GWW,-1,2024-10-14,2024-10-16,2,RESIDUAL_REVERTED,1077.95703125,1076.2945556640625,0.0015422466181325145,-7.6495265485459205,4740.651484369126
QCOM,-1,2024-10-15,2024-10-16,1,RESIDUAL_REVERTED,169.7831573486328,167.2922821044922,0.014670920738185211,55.224729265555126,4754.619162040197
CAT,1,2024-10-15,2024-10-17,2,RESIDUAL_REVERTED,381.11224365234375,385.5220642089844,0.011570923343683814,40.66895336547822,4754.619162040197
SCHW,-1,2024-10-16,2024-10-17,1,RESIDUAL_REVERTED,70.85289001464844,70.6969223022461,0.0022012893527716404,-4.1668076867527635,4766.867627090405
VTRS,-1,2024-10-16,2024-10-17,1,RESIDUAL_REVERTED,10.917545318603516,10.88990592956543,0.002531648665656361,-2.5918317767037298,4766.867627090405
ACGL,1,2024-10-15,2024-10-18,3,RESIDUAL_REVERTED,105.71138763427734,103.14396667480469,-0.02428708029408333,-129.56646111634345,4754.619162040197
FFIV,1,2024-10-15,2024-10-18,3,RESIDUAL_REVERTED,219.0,218.47999572753906,-0.00237444873269832,-25.536522530724547,4754.619162040197
MS,-1,2024-10-17,2024-10-18,1,RESIDUAL_REVERTED,113.71949005126953,113.49163055419922,0.002003697844297214,-5.063411483926321,4721.380432412965
CSCO,-1,2024-10-17,2024-10-18,1,RESIDUAL_REVERTED,54.172786712646484,54.20161056518555,-0.000532072545796014,-17.054872045504325,4721.380432412965
D,-1,2024-10-17,2024-10-18,1,RESIDUAL_REVERTED,55.452083587646484,54.71064376831055,0.01337081983878985,48.689761975767254,4721.380432412965
KLAC,1,2024-10-16,2024-10-21,3,RESIDUAL_REVERTED,70.9852523803711,66.74232482910156,-0.05977195838558136,-298.7982287971398,4766.867627090405
LRCX,1,2024-10-16,2024-10-21,3,RESIDUAL_REVERTED,75.99031066894531,71.52839660644531,-0.05871688144477394,-293.77636080208504,4766.867627090405
CSX,1,2024-10-18,2024-10-21,1,RESIDUAL_REVERTED,32.274845123291016,33.12059783935547,0.026204702542603986,109.22764344329582,4715.121030251871
SNA,-1,2024-10-18,2024-10-21,1,RESIDUAL_REVERTED,313.205078125,308.6114807128906,0.01466642060725487,54.7425340042173,4715.121030251871
TRV,-1,2024-10-18,2024-10-21,1,RESIDUAL_REVERTED,260.7848205566406,258.4110412597656,0.009102444274970534,28.469070393370167,4715.121030251871
BG,1,2024-10-21,2024-10-22,1,RESIDUAL_REVERTED,84.76717376708984,83.8253173828125,-0.011111098110516582,-66.83068314108328,4741.637384584146
GEN,1,2024-10-21,2024-10-22,1,RESIDUAL_REVERTED,26.072853088378906,25.860803604125977,-0.008132960498574815,-52.730616376819754,4741.637384584146
ISRG,-1,2024-10-21,2024-10-22,1,RESIDUAL_REVERTED,519.0399780273438,515.0,0.007783558489459774,22.361070055889645,4741.637384584146
LW,-1,2024-10-21,2024-10-22,1,RESIDUAL_REVERTED,73.9379653930664,73.19005584716797,0.010115365521926711,33.437914409222124,4741.637384584146
NFLX,-1,2024-10-21,2024-10-23,2,RESIDUAL_REVERTED,76.57599639892578,76.28299713134766,0.0038262547189296114,3.1900194531897217,4741.637384584146
PSA,1,2024-10-22,2024-10-23,1,RESIDUAL_REVERTED,306.52886962890625,308.76226806640625,0.007286094912377417,20.18522338271606,4721.5065961463
UPS,1,2024-10-22,2024-10-23,1,RESIDUAL_REVERTED,115.43782806396484,115.80844116210938,0.003210499576786763,0.971137547891173,4721.5065961463
KVUE,-1,2024-10-22,2024-10-23,1,RESIDUAL_REVERTED,20.492748260498047,20.73811149597168,-0.011973173746861354,-71.16177311716866,4721.5065961463
CDW,-1,2024-10-22,2024-10-23,1,RESIDUAL_REVERTED,211.7487335205078,208.85919189453125,0.013646086934903545,49.99096377479742,4721.5065961463
CI,1,2024-10-22,2024-10-24,2,RESIDUAL_REVERTED,307.2121887207031,305.7633972167969,-0.004715931063605683,-36.397419962788604,4721.5065961463
GPC,1,2024-10-23,2024-10-24,1,RESIDUAL_REVERTED,106.57586669921875,106.9591293334961,0.003596148416592282,2.790087416859297,4722.924433463059
PM,-1,2024-10-23,2024-10-24,1,RESIDUAL_REVERTED,122.0549545288086,123.84849548339844,-0.01469453625634265,-84.0530185202537,4722.924433463059
DGX,-1,2024-10-23,2024-10-24,1,RESIDUAL_REVERTED,154.85313415527344,152.67332458496094,0.014076625456781344,52.045332594331164,4722.924433463059
MCD,1,2024-10-24,2024-10-25,1,RESIDUAL_REVERTED,284.9682922363281,286.75933837890625,0.006285071677703646,15.488137263282365,4728.272343215146
STX,1,2024-10-24,2024-10-25,1,RESIDUAL_REVERTED,101.45308685302734,101.1522216796875,-0.0029655595770654575,-28.185757400045013,4728.272343215146
PKG,-1,2024-10-24,2024-10-25,1,RESIDUAL_REVERTED,217.0641632080078,218.320556640625,-0.00578812003809781,-41.9680477586408,4728.272343215146
NTRS,-1,2024-10-24,2024-10-25,1,RESIDUAL_REVERTED,98.82716369628906,98.60814666748047,0.002216162243426023,-4.0621604260300215,4728.272343215146
TDY,-1,2024-10-24,2024-10-28,2,RESIDUAL_REVERTED,470.55999755859375,470.0,0.001190066222159114,-9.30068045423027,4728.272343215146
CARR,1,2024-10-25,2024-10-28,1,RESIDUAL_REVERTED,70.81107330322266,72.54744720458984,0.02452121992180234,101.2306060510672,4711.810735657102
MOH,-1,2024-10-25,2024-10-28,1,RESIDUAL_REVERTED,324.739990234375,326.739990234375,-0.006158773357591629,-43.57280958474458,4711.810735657102
WST,-1,2024-10-25,2024-10-28,1,RESIDUAL_REVERTED,325.9705810546875,307.8037414550781,0.05573153117324281,248.50382931959746,4711.810735657102
LMT,1,2024-10-23,2024-10-29,4,RESIDUAL_REVERTED,547.0963745117188,524.13232421875,-0.041974415044267244,-212.113400707689,4722.924433463059
NEM,1,2024-10-25,2024-10-29,2,RESIDUAL_REVERTED,46.39618682861328,47.4354133605957,0.022398964290347934,91.24593868327403,4711.810735657102
MHK,1,2024-10-28,2024-10-29,1,RESIDUAL_REVERTED,131.0800018310547,127.95999908447266,-0.023802278783939257,-126.93856935398996,4742.428481020955
HIG,1,2024-10-28,2024-10-29,1,RESIDUAL_REVERTED,109.57103729248047,109.5323715209961,-0.00035288313809755945,-15.898298203081893,4742.428481020955
TPR,-1,2024-10-28,2024-10-29,1,RESIDUAL_REVERTED,49.29570007324219,48.190330505371094,0.022423245155840488,91.89921797851946,4742.428481020955
AON,-1,2024-10-28,2024-10-29,1,RESIDUAL_REVERTED,374.73260498046875,366.2911682128906,0.022526560687234798,92.39495480469935,4742.428481020955
MMM,-1,2024-10-29,2024-10-30,1,RESIDUAL_REVERTED,124.19812774658203,124.1884994506836,7.752367989055653e-05,-14.243468729566457,4744.841458947985
STLD,-1,2024-10-29,2024-10-30,1,RESIDUAL_REVERTED,132.5084991455078,131.11215209960938,0.010537792329570528,35.465553589615716,4744.841458947985
STT,-1,2024-10-29,2024-10-30,1,RESIDUAL_REVERTED,88.18123626708984,88.31454467773438,-0.0015117548390992663,-21.79579036326732,4744.841458947985
COO,1,2024-10-29,2024-10-31,2,RESIDUAL_REVERTED,105.12000274658203,105.02999877929688,-0.0008562021017268773,-18.290973791511668,4744.841458947985
SWK,1,2024-10-30,2024-10-31,1,RESIDUAL_REVERTED,85.78753662109375,85.97120666503906,0.002140987504473335,-4.080041140809267,4731.996848464415
F,1,2024-10-30,2024-10-31,1,RESIDUAL_REVERTED,9.232762336730957,9.25939655303955,0.002884750558631133,-0.5658359391725085,4731.996848464415
ECL,1,2024-10-30,2024-10-31,1,RESIDUAL_REVERTED,249.4600830078125,244.89651489257812,-0.018293780953690497,-100.63225519402604,4731.996848464415
DHI,1,2024-10-30,2024-10-31,1,RESIDUAL_REVERTED,162.50970458984375,164.11231994628906,0.00986165940360384,32.3993526612618,4731.996848464415
FFIV,-1,2024-10-30,2024-10-31,1,RESIDUAL_REVERTED,240.00999450683594,238.39999389648438,0.0067080565276447235,17.22022888053845,4731.996848464415
LDOS,-1,2024-10-30,2024-10-31,1,RESIDUAL_REVERTED,184.02517700195312,180.91441345214844,0.016904010638564282,65.54291512548728,4731.996848464415
GRMN,-1,2024-10-31,2024-11-01,1,RESIDUAL_REVERTED,198.12396240234375,192.58230590820312,0.027970652448828015,118.47458945348764,4751.2169884132445
IEX,-1,2024-10-31,2024-11-01,1,RESIDUAL_REVERTED,213.84669494628906,210.2398681640625,0.01686641349838247,65.63359315982777,4751.2169884132445
FMC,-1,2024-10-31,2024-11-01,1,RESIDUAL_REVERTED,62.046714782714844,59.985923767089844,0.03321353955389594,143.42114564716198,4751.2169884132445
HII,1,2024-11-01,2024-11-04,1,RESIDUAL_REVERTED,177.50181579589844,181.41392517089844,0.022039827353081076,90.70699431154189,4772.352467445759
TFX,1,2024-11-01,2024-11-04,1,RESIDUAL_REVERTED,197.78138732910156,205.97898864746094,0.04144778954714701,183.18969812208917,4772.352467445759
APTV,1,2024-11-01,2024-11-04,1,RESIDUAL_REVERTED,57.4900016784668,56.59000015258789,-0.01565492258832213,-88.91579963172562,4772.352467445759
BALL,1,2024-11-01,2024-11-04,1,RESIDUAL_REVERTED,58.326881408691406,57.471561431884766,-0.014664250104741372,-84.1950531176856,4772.352467445759
ETR,-1,2024-11-01,2024-11-04,1,RESIDUAL_REVERTED,73.13533020019531,68.30733489990234,0.06601454163230225,300.8448943311846,4772.3524674457585
AME,-1,2024-11-01,2024-11-04,1,RESIDUAL_REVERTED,180.30645751953125,177.41342163085938,0.01604510414364113,62.000606051236055,4772.352467445759
EL,1,2024-11-01,2024-11-05,2,RESIDUAL_REVERTED,65.8376693725586,63.88249969482422,-0.029696823966695596,-155.82818296839997,4772.352467445759
WAT,-1,2024-11-04,2024-11-05,1,RESIDUAL_REVERTED,387.0,386.5,0.0012919896640827266,-8.588732446977911,4810.2481224430685
CHD,-1,2024-11-04,2024-11-05,1,RESIDUAL_REVERTED,101.30558013916016,100.31036376953125,0.009823904747021883,32.516991272190445,4810.2481224430685
CHTR,-1,2024-11-04,2024-11-06,2,RESIDUAL_REVERTED,377.0,392.07000732421875,-0.03997349422869689,-207.76938822546128,4810.2481224430685
L,1,2024-11-05,2024-11-06,1,RESIDUAL_REVERTED,76.33724975585938,82.1274642944336,0.07585044728612034,349.65423278128304,4807.124453413358
PEG,1,2024-11-05,2024-11-06,1,RESIDUAL_REVERTED,77.06998443603516,78.84224700927734,0.022995496706154084,95.95502785249742,4807.124453413358
CEG,1,2024-11-05,2024-11-06,1,RESIDUAL_REVERTED,227.69747924804688,236.0699462890625,0.036770134955665945,162.07210361809987,4807.124453413358
SHW,-1,2024-11-05,2024-11-06,1,RESIDUAL_REVERTED,367.2281188964844,373.16143798828125,-0.01615703914402422,-92.59276255354365,4807.124453413358
STZ,-1,2024-11-05,2024-11-06,1,RESIDUAL_REVERTED,227.9180450439453,223.2672576904297,0.020405524944805964,83.43855849918809,4807.124453413358
BRK-B,1,2024-11-05,2024-11-07,2,RESIDUAL_REVERTED,442.2900085449219,468.2699890136719,0.058739695599773656,267.5241002028333,4807.124453413358
CE,1,2024-11-06,2024-11-07,1,RESIDUAL_REVERTED,92.61299896240234,92.55326080322266,-0.0006450299617652977,-17.557064413596684,4817.992231018138
CMI,-1,2024-11-06,2024-11-07,1,RESIDUAL_REVERTED,352.67974853515625,344.7422180175781,0.022506340527196134,93.77132278001105,4817.992231018138
PLTR,-1,2024-11-06,2024-11-08,2,RESIDUAL_REVERTED,53.439998626708984,55.56999969482422,-0.03985780544258244,-207.5737998498508,4817.992231018138
IFF,1,2024-11-07,2024-11-08,1,RESIDUAL_REVERTED,84.38274383544922,87.79058837890625,0.040385562125148544,181.33571905770913,4858.29331144542
IRM,1,2024-11-07,2024-11-08,1,RESIDUAL_REVERTED,106.72736358642578,110.14930725097656,0.03206247722759259,140.96038535085358,4858.29331144542
HD,1,2024-11-07,2024-11-08,1,RESIDUAL_REVERTED,371.4267578125,383.7759704589844,0.03324804254603109,146.71156967161915,4858.29331144542
TRMB,-1,2024-11-07,2024-11-08,1,RESIDUAL_REVERTED,72.6500015258789,71.37000274658203,0.01761870271731414,70.76746879642131,4858.29331144542
GS,-1,2024-11-07,2024-11-08,1,RESIDUAL_REVERTED,567.049072265625,563.6083374023438,0.006067790305226861,14.567982058374396,4858.29331144542
KEY,-1,2024-11-07,2024-11-08,1,RESIDUAL_REVERTED,17.928869247436523,17.46139907836914,0.026073600215151482,111.91063361382623,4858.29331144542
BDX,1,2024-11-08,2024-11-11,1,RESIDUAL_REVERTED,171.79820251464844,174.5853729248047,0.016223513222838326,64.78047224582107,4907.917180636049
EPAM,-1,2024-11-08,2024-11-11,1,RESIDUAL_REVERTED,234.72999572753906,237.27999877929688,-0.010863558548851682,-68.50856652745958,4907.917180636049
MTCH,1,2024-11-08,2024-11-12,2,RESIDUAL_REVERTED,30.023521423339844,30.23474884033203,0.007035397814061373,19.75360453762621,4907.917180636049
FTNT,1,2024-11-11,2024-11-12,1,RESIDUAL_REVERTED,92.41999816894531,97.16000366210938,0.05128766053965128,237.09067570923781,4917.799012519465
AKAM,1,2024-11-11,2024-11-12,1,RESIDUAL_REVERTED,91.6500015258789,91.5,-0.0016366778328590348,-22.790176388859873,4917.799012519465
ABNB,1,2024-11-11,2024-11-12,1,RESIDUAL_REVERTED,136.0,135.64999389648438,-0.0025735742905560466,-27.390733660643384,4917.799012519465
AXON,-1,2024-11-11,2024-11-12,1,RESIDUAL_REVERTED,611.0599975585938,609.1099853515625,0.0031911959788273325,0.570257625290015,4917.799012519465
MSI,-1,2024-11-11,2024-11-12,1,RESIDUAL_REVERTED,495.28533935546875,489.76483154296875,0.01114611593325987,39.759853892647875,4917.799012519465
EOG,-1,2024-11-11,2024-11-12,1,RESIDUAL_REVERTED,125.88113403320312,125.52278900146484,0.0028466937042668228,-1.122120741309344,4917.799012519465
BMY,-1,2024-11-12,2024-11-13,1,RESIDUAL_REVERTED,55.12465286254883,54.562538146972656,0.010197156560382892,35.28404432990179,4945.796101750348
PODD,-1,2024-11-11,2024-11-14,3,RESIDUAL_REVERTED,268.1600036621094,266.4599914550781,0.00633954424155414,15.276682464456078,4917.799012519465
ABBV,1,2024-11-12,2024-11-14,2,RESIDUAL_REVERTED,166.13560485839844,160.46278381347656,-0.034145727219381805,-183.46187617144074,4945.796101750348
AMGN,1,2024-11-13,2024-11-14,1,RESIDUAL_REVERTED,288.10723876953125,280.4903259277344,-0.02643776974965195,-144.7591586698938,4924.096937853432
MOS,1,2024-11-13,2024-11-14,1,RESIDUAL_REVERTED,24.210403442382812,24.341468811035156,0.005413597049890528,11.844800227593954,4924.096937853432
LYV,-1,2024-11-13,2024-11-14,1,RESIDUAL_REVERTED,129.4499969482422,126.76000213623047,0.020780184437449223,87.32137187953246,4924.096937853432
POOL,1,2024-11-13,2024-11-15,2,RESIDUAL_REVERTED,343.9051513671875,363.599365234375,0.05726641136049748,266.790091967287,4924.096937853432
TJX,-1,2024-11-13,2024-11-15,2,RESIDUAL_REVERTED,116.98877716064453,117.1759033203125,-0.0015995223149569693,-23.447100482178055,4924.096937853432
PLD,-1,2024-11-14,2024-11-15,1,RESIDUAL_REVERTED,108.87506866455078,106.96695709228516,0.0175256979919306,71.25430203022394,4923.003323195374
DG,1,2024-11-13,2024-11-18,3,RESIDUAL_REVERTED,72.21553802490234,72.94612884521484,0.010116809211621058,34.96913422234047,4924.096937853432
J,1,2024-11-15,2024-11-18,1,RESIDUAL_REVERTED,136.3876953125,136.64059448242188,0.0018542667602265972,-5.662911969349577,4930.639778152624
TPR,-1,2024-11-15,2024-11-18,1,RESIDUAL_REVERTED,56.23821258544922,55.08436584472656,0.02051713039367109,86.13627830072022,4930.639778152624
TSN,-1,2024-11-13,2024-11-19,4,RESIDUAL_REVERTED,58.19525909423828,59.95083236694336,-0.030166946586872356,-165.14648935765757,4924.096937853432
OMC,1,2024-11-18,2024-11-19,1,RESIDUAL_REVERTED,89.7646713256836,89.75540161132812,-0.0001032668445009044,-15.286227169820819,4926.095946433284
DIS,-1,2024-11-18,2024-11-19,1,RESIDUAL_REVERTED,110.7472915649414,109.49647521972656,0.01129432898574656,40.55043137024926,4926.095946433284
EXC,-1,2024-11-18,2024-11-19,1,RESIDUAL_REVERTED,36.663143157958984,36.68193054199219,-0.0005124324434557792,-17.69912778432342,4926.095946433284
LDOS,1,2024-11-15,2024-11-20,3,RESIDUAL_REVERTED,164.14747619628906,154.94232177734375,-0.05607856198737837,-290.8803529883685,4930.639778152624
ECL,-1,2024-11-15,2024-11-20,3,RESIDUAL_REVERTED,241.30242919921875,239.27523803710938,0.00840103918073587,25.52461078199367,4930.639778152624
UBER,1,2024-11-19,2024-11-20,1,RESIDUAL_REVERTED,68.51000213623047,69.29000091552734,0.011385181068099604,41.16555161990033,4919.34075875121
GD,1,2024-11-15,2024-11-21,4,RESIDUAL_REVERTED,281.26702880859375,271.4701232910156,-0.03483133291191787,-186.27506378266446,4930.639778152624
BBY,1,2024-11-19,2024-11-21,2,RESIDUAL_REVERTED,79.2469711303711,78.3979721069336,-0.010713330886057304,-67.38149377808914,4919.34075875121
HSIC,-1,2024-11-19,2024-11-21,2,RESIDUAL_REVERTED,73.69000244140625,73.5999984741211,0.0012213864066122904,-9.527746282026746,4919.34075875121
INTU,1,2024-11-20,2024-11-21,1,RESIDUAL_REVERTED,631.9417724609375,649.3521118164062,0.027550543600984856,120.17961363991122,4903.445499211404
SMCI,-1,2024-11-20,2024-11-21,1,RESIDUAL_REVERTED,27.290000915527344,27.68000030517578,-0.014290926220765998,-85.25814106020005,4903.445499211404
EIX,-1,2024-11-20,2024-11-22,2,RESIDUAL_REVERTED,77.93111419677734,79.57646179199219,-0.021112845776339206,-119.17758222936835,4903.445499211404
WMT,-1,2024-11-20,2024-11-22,2,TRAILING_STOP,85.04769897460938,88.69594390400152,-0.04289645661643737,-226.15525919990813,4903.445499211404
TGT,1,2024-11-21,2024-11-25,2,RESIDUAL_REVERTED,113.79718017578125,119.37100982666016,0.04898038459537468,226.40262106291559,4931.776093068871
QCOM,1,2024-11-21,2024-11-25,2,RESIDUAL_REVERTED,148.64889526367188,152.27027893066406,0.02436199516026405,105.1723551736774,4931.776093068871
KEYS,-1,2024-11-21,2024-11-25,2,RESIDUAL_REVERTED,165.38999938964844,172.0,-0.039966144475149346,-213.00138210007015,4931.776093068871
TDG,1,2024-11-22,2024-11-25,1,RESIDUAL_REVERTED,1159.2862548828125,1186.42041015625,0.02340591476794529,99.25938638908066,4872.629335179049
KMX,-1,2024-11-22,2024-11-25,1,RESIDUAL_REVERTED,81.2699966430664,83.08000183105469,-0.022271505632487365,-123.68974777707764,4872.629335179049
GOOGL,1,2024-11-22,2024-11-26,2,RESIDUAL_REVERTED,164.69349670410156,166.46109008789062,0.010732624051117412,37.59976664119325,4872.629335179049
GOOG,1,2024-11-22,2024-11-26,2,RESIDUAL_REVERTED,165.9982452392578,168.3120574951172,0.013938775392019487,53.198720137281185,4872.629335179049
CPRT,-1,2024-11-25,2024-11-26,1,RESIDUAL_REVERTED,63.369998931884766,63.75,-0.005996545281998333,-44.17181697554665,4861.85626236885
DE,-1,2024-11-22,2024-11-27,3,RESIDUAL_REVERTED,426.0523681640625,451.4437561035156,-0.05959687079987197,-306.66261312494413,4872.629335179049
MRNA,-1,2024-11-25,2024-11-27,2,RESIDUAL_REVERTED,43.0,42.4900016784668,0.01186042608216753,42.39549267951523,4861.85626236885
OKE,1,2024-11-26,2024-11-27,1,RESIDUAL_REVERTED,102.90914154052734,103.03726959228516,0.001245059961046735,-8.52616309904586,4853.213840157308
ORCL,1,2024-11-26,2024-11-27,1,RESIDUAL_REVERTED,184.6839599609375,185.3116455078125,0.0033987009321641004,1.9102389484587432,4853.213840157308
ULTA,-1,2024-11-26,2024-11-27,1,RESIDUAL_REVERTED,360.0,365.8800048828125,-0.016333346896701295,-94.33344914463922,4853.213840157308
DRI,-1,2024-11-26,2024-11-27,1,RESIDUAL_REVERTED,165.33018493652344,165.3206787109375,5.7498427099567095e-05,-14.664285949760965,4853.213840157308
GM,1,2024-11-27,2024-11-29,1,RESIDUAL_REVERTED,54.15304946899414,55.35972213745117,0.02228263560942989,93.82741210362488,4874.3508970821495
AMGN,1,2024-11-27,2024-11-29,1,RESIDUAL_REVERTED,264.7866516113281,265.2232971191406,0.001649046525401987,-6.597078327938469,4874.3508970821495
SJM,-1,2024-11-27,2024-11-29,1,RESIDUAL_REVERTED,112.14189910888672,110.02584838867188,0.018869403291986497,77.11154726741499,4874.3508970821495
BX,1,2024-11-26,2024-12-02,3,RESIDUAL_REVERTED,181.49754333496094,180.31253051757812,-0.006529084612433733,-46.199154759386346,4853.213840157308
ADSK,1,2024-11-29,2024-12-02,1,RESIDUAL_REVERTED,289.0299987792969,291.739990234375,0.009376159798372585,30.875259001444064,4853.001454739874
HPQ,1,2024-11-29,2024-12-02,1,RESIDUAL_REVERTED,31.31671142578125,32.6882438659668,0.04379554486223736,197.66202879895283,4853.001454739875
VRSN,-1,2024-11-29,2024-12-02,1,RESIDUAL_REVERTED,187.65402221679688,183.6663818359375,0.021249959546576935,88.3444322312536,4853.001454739875
A,-1,2024-11-29,2024-12-02,1,RESIDUAL_REVERTED,135.35281372070312,135.90496826171875,-0.0040793724625109995,-34.77302357868437,4853.001454739875
RL,-1,2024-12-02,2024-12-03,1,RESIDUAL_REVERTED,225.8802490234375,229.4334259033203,-0.015730356661303846,-91.71902351100111,4869.862538512919
ULTA,-1,2024-11-29,2024-12-04,3,RESIDUAL_REVERTED,377.6600036621094,395.3999938964844,-0.0469734418851695,-244.0624801733875,4853.001454739875
PCG,1,2024-12-03,2024-12-04,1,RESIDUAL_REVERTED,20.637113571166992,20.578004837036133,-0.002864195805630576,-28.467935898602676,4858.092846248236
TRGP,1,2024-12-03,2024-12-04,1,RESIDUAL_REVERTED,188.5202178955078,189.59036254882812,0.005676551116196249,12.96156801165749,4858.092846248236
WMB,1,2024-12-03,2024-12-04,1,RESIDUAL_REVERTED,53.163360595703125,52.91957473754883,-0.004585599093485437,-36.81812879134108,4858.092846248236
EXC,1,2024-12-03,2024-12-04,1,RESIDUAL_REVERTED,36.043487548828125,35.74304962158203,-0.008335428885428708,-55.007824546299005,4858.092846248236
KMI,1,2024-12-03,2024-12-04,1,RESIDUAL_REVERTED,25.579811096191406,25.477380752563477,-0.004004343239390917,-33.99856957708418,4858.092846248236
VRSN,-1,2024-12-03,2024-12-04,1,RESIDUAL_REVERTED,188.6361846923828,184.80572509765625,0.020306070126328457,83.84507627437283,4858.092846248236
SMCI,-1,2024-12-03,2024-12-04,1,RESIDUAL_REVERTED,44.41999816894531,40.150001525878906,0.09612779871863264,452.7749690144153,4858.092846248236
TMO,-1,2024-11-29,2024-12-05,4,RESIDUAL_REVERTED,519.4655151367188,523.5170288085938,-0.0077993890909364705,-54.029207590765516,4853.001454739875
CPB,1,2024-12-05,2024-12-06,1,RESIDUAL_REVERTED,39.07493591308594,38.77429962158203,-0.0076938396565156,-52.16798006516233,4883.591122849273
ON,1,2024-12-05,2024-12-06,1,RESIDUAL_REVERTED,65.87999725341797,66.27999877929688,0.006071668830528898,14.956297311101181,4883.591122849273
LYB,1,2024-12-05,2024-12-06,1,RESIDUAL_REVERTED,68.49839782714844,68.37505340576172,-0.0018006906044426563,-23.431419264425596,4883.591122849273
CRM,-1,2024-12-05,2024-12-06,1,RESIDUAL_REVERTED,355.5932922363281,359.7427062988281,-0.011668988569509597,-72.11105338588497,4883.591122849273
PYPL,-1,2024-12-05,2024-12-06,1,RESIDUAL_REVERTED,88.60192108154297,88.5030288696289,0.001116140719150449,-9.57705111543447,4883.591122849273
SYY,-1,2024-12-04,2024-12-09,3,RESIDUAL_REVERTED,75.41246032714844,76.71760559082031,-0.017306758830172075,-100.74100658299336,4895.992340673538
MCHP,1,2024-12-05,2024-12-09,2,RESIDUAL_REVERTED,58.61114501953125,56.71431350708008,-0.032362983385140875,-172.4612803695874,4883.591122849273
NOW,-1,2024-12-05,2024-12-09,2,RESIDUAL_REVERTED,223.02000427246094,224.83999633789062,-0.008160667341779115,-55.34529695857847,4883.591122849273
BF-B,-1,2024-12-06,2024-12-09,1,RESIDUAL_REVERTED,42.662837982177734,41.75552749633789,0.021266997901519535,87.9752695303742,4828.28352290099
MKTX,1,2024-12-05,2024-12-10,3,RESIDUAL_REVERTED,240.54013061523438,233.29481506347656,-0.030121026097501113,-161.52890086592447,4883.591122849273
COO,1,2024-12-09,2024-12-10,1,RESIDUAL_REVERTED,98.5999984741211,99.5999984741211,0.010141987986566292,34.459509676925684,4835.217844642042
HAL,1,2024-12-09,2024-12-10,1,RESIDUAL_REVERTED,27.8372802734375,27.866018295288086,0.0010323573843529221,-9.521468196325063,4835.217844642042
LULU,-1,2024-12-09,2024-12-10,1,RESIDUAL_REVERTED,398.67999267578125,404.0,-0.013344053932862199,-79.51347195494503,4835.217844642042
HPE,-1,2024-12-09,2024-12-10,1,RESIDUAL_REVERTED,22.80702781677246,21.640378952026367,0.05115304256734987,232.82961403754726,4835.217844642042
CME,1,2024-12-09,2024-12-11,2,RESIDUAL_REVERTED,221.3475799560547,220.53273010253906,-0.0036813135868817293,-32.27890675121959,4835.217844642042
CTAS,1,2024-12-10,2024-12-11,1,RESIDUAL_REVERTED,205.8900909423828,206.85476684570312,0.0046853925747707414,8.127571988891933,4842.554794938999
HSY,-1,2024-12-10,2024-12-11,1,RESIDUAL_REVERTED,183.3584442138672,169.20803833007812,0.07717346176478346,359.37800400285016,4842.554794938999
NOC,-1,2024-12-10,2024-12-11,1,RESIDUAL_REVERTED,463.8965148925781,466.4116516113281,-0.005421762479359105,-41.20854598257533,4842.554794938999
VRSN,-1,2024-12-10,2024-12-12,2,RESIDUAL_REVERTED,197.2105255126953,195.88462829589844,0.0067232578654201625,17.312267085359025,4842.554794938999
AJG,1,2024-12-11,2024-12-12,1,RESIDUAL_REVERTED,279.80596923828125,279.94342041015625,0.000491237453758453,-12.218744902993548,4868.996936679653
URI,1,2024-12-11,2024-12-12,1,RESIDUAL_REVERTED,796.010498046875,786.6219482421875,-0.01179450500681034,-71.94825844472987,4868.996936679653
GOOGL,-1,2024-12-11,2024-12-13,2,RESIDUAL_REVERTED,184.22869873046875,189.8954315185547,-0.030759229301057456,-165.40599864135783,4868.996936679653
GOOG,-1,2024-12-11,2024-12-13,2,RESIDUAL_REVERTED,185.61276245117188,191.58778381347656,-0.03219078948774601,-172.38687027201573,4868.996936679653
PPG,1,2024-12-12,2024-12-13,1,RESIDUAL_REVERTED,117.11904907226562,117.89378356933594,0.006614931586340633,17.386999997565866,4823.011284078369
MDLZ,-1,2024-12-12,2024-12-13,1,RESIDUAL_REVERTED,59.34244155883789,58.89803695678711,0.00748881559937431,21.32180043485209,4823.011284078369
AVGO,-1,2024-12-12,2024-12-13,1,RESIDUAL_REVERTED,177.85035705566406,210.2591552734375,-0.182225095042289,-895.043241492078,4823.011284078369
ORCL,1,2024-12-11,2024-12-16,3,RESIDUAL_REVERTED,174.563232421875,170.48355102539062,-0.023370794295472397,-128.22862815371565,4868.996936679653
XYL,1,2024-12-12,2024-12-16,2,RESIDUAL_REVERTED,119.30715942382812,117.97805786132812,-0.011140166012824748,-68.1175865190159,4823.011284078369
WBD,-1,2024-12-13,2024-12-16,1,RESIDUAL_REVERTED,12.319999694824219,12.020000457763672,0.024350588026928244,103.01938550052542,4834.466580728868
PGR,-1,2024-12-16,2024-12-17,1,RESIDUAL_REVERTED,233.5501251220703,228.2476348876953,0.022703863813404168,93.16739983179276,4739.020106714138
NDSN,1,2024-12-13,2024-12-18,3,RESIDUAL_REVERTED,220.18426513671875,218.40330505371094,-0.008088498430630198,-53.54831973031945,4834.466580728868
ADBE,1,2024-12-13,2024-12-18,3,RESIDUAL_REVERTED,473.9800109863281,453.239990234375,-0.04375716332170676,-225.72862967285354,4834.466580728868
AVGO,-1,2024-12-16,2024-12-18,2,RESIDUAL_REVERTED,227.84463500976562,235.33494567871094,-0.03287464139159679,-171.0398061350797,4739.020106714138
ANET,-1,2024-12-16,2024-12-18,2,RESIDUAL_REVERTED,113.37999725341797,113.27999877929688,0.0008819763321883389,-10.79233560054669,4739.020106714138
PSX,1,2024-12-17,2024-12-18,1,RESIDUAL_REVERTED,109.18122863769531,109.02073669433594,-0.0014699591254092592,-20.79431470270415,4654.310383616909
SCHW,1,2024-12-16,2024-12-18,2,STOP_LOSS,78.24646759033203,73.71037219466761,-0.057971887234752106,-288.5349046409531,4739.020106714138
LW,-1,2024-12-16,2024-12-19,3,RESIDUAL_REVERTED,75.48058319091797,62.735618591308594,0.168850902587394,786.0205731715389,4739.020106714138
MU,-1,2024-12-17,2024-12-19,2,RESIDUAL_REVERTED,109.18687438964844,89.61781311035156,0.17922540038523294,820.7437475890736,4654.310383616909
FOXA,-1,2024-12-18,2024-12-20,2,RESIDUAL_REVERTED,48.54306411743164,48.062156677246094,0.009906820859560295,31.63846508837313,4677.482772112197
HST,1,2024-12-19,2024-12-20,1,RESIDUAL_REVERTED,15.56324577331543,15.412919044494629,-0.00965908596512366,-59.37379385496514,4695.58597054711
BXP,1,2024-12-19,2024-12-20,1,RESIDUAL_REVERTED,68.45325469970703,67.48046875,-0.014210952480995687,-80.71541388586952,4695.58597054711
RMD,1,2024-12-19,2024-12-20,1,RESIDUAL_REVERTED,227.76065063476562,227.10195922851562,-0.002892033388621984,-27.6461796304994,4695.58597054711
JBL,-1,2024-12-19,2024-12-20,1,RESIDUAL_REVERTED,144.911376953125,139.63441467285156,0.03641509998197312,156.79968504301155,4695.58597054711
APD,1,2024-12-19,2024-12-23,2,RESIDUAL_REVERTED,283.1535949707031,280.54339599609375,-0.00921831479794366,-57.30721946449638,4695.58597054711
EXC,-1,2024-12-19,2024-12-23,2,RESIDUAL_REVERTED,34.381675720214844,34.729068756103516,-0.01010401699776442,-62.35740718804699,4695.58597054711
ACN,-1,2024-12-20,2024-12-23,1,RESIDUAL_REVERTED,358.1026611328125,348.3266296386719,0.027299522051066005,116.8955529299113,4818.044371695603
SBUX,1,2024-12-17,2024-12-23,4,TRAILING_STOP,88.98819732666016,82.88732635660323,-0.06855820382181355,-332.57545434094703,4654.310383616909
DRI,-1,2024-12-20,2024-12-24,2,RESIDUAL_REVERTED,173.90347290039062,176.08474731445312,-0.012543018133467143,-75.75413035803638,4818.044371695603
FDS,1,2024-12-23,2024-12-24,1,RESIDUAL_REVERTED,468.0111389160156,477.63427734375,0.020561772204873208,84.21286897846865,4803.673915566276
PANW,1,2024-12-23,2024-12-24,1,RESIDUAL_REVERTED,187.3000030517578,187.94000244140625,0.003416974795625416,1.9783899001509981,4803.673915566276
CCL,-1,2024-12-23,2024-12-24,1,RESIDUAL_REVERTED,26.10057258605957,25.588796615600586,0.01960784457013509,79.55006714778114,4803.673915566276
ODFL,1,2024-12-23,2024-12-26,2,RESIDUAL_REVERTED,178.77294921875,178.0611114501953,-0.003981797982667179,-33.50958996443217,4803.673915566276
OXY,-1,2024-12-23,2024-12-26,2,RESIDUAL_REVERTED,46.31632995605469,46.4610710144043,-0.0031250545647063532,-30.207452614189258,4803.673915566276
FDX,1,2024-12-24,2024-12-26,1,RESIDUAL_REVERTED,209.2850799560547,210.3354034423828,0.005018625725965231,9.71184846026303,4829.127912737545
WMT,1,2024-12-24,2024-12-26,1,RESIDUAL_REVERTED,88.94674682617188,91.08257293701172,0.02401241402357157,101.29769654700736,4829.127912737545
CAG,-1,2024-12-24,2024-12-26,1,RESIDUAL_REVERTED,24.33058738708496,24.31289291381836,0.0007272522025503214,-11.355337124287734,4829.127912737545
AMD,-1,2024-12-24,2024-12-27,2,RESIDUAL_REVERTED,127.51000213623047,124.37000274658203,0.024625514367835222,103.8552576058299,4829.127912737545
PLD,-1,2024-12-27,2024-12-30,1,RESIDUAL_REVERTED,100.16231536865234,98.93575286865234,0.012245748268553625,44.258430100830466,4818.324653213315
SBUX,-1,2024-12-26,2024-12-31,3,RESIDUAL_REVERTED,85.50558471679688,86.80677795410156,-0.015217640363660134,-89.39791870216027,4836.396763640715
FDX,-1,2024-12-27,2025-01-02,3,RESIDUAL_REVERTED,215.76593017578125,219.0413818359375,-0.015180578590363147,-88.87100117035996,4818.324653213315
TSCO,1,2024-12-31,2025-01-02,1,RESIDUAL_REVERTED,50.7325325012207,51.23407745361328,0.009886061816064773,33.15446072860863,4825.111019160761
CTSH,1,2024-12-31,2025-01-02,1,RESIDUAL_REVERTED,74.4267578125,74.89071655273438,0.006233762612677607,15.558145720771016,4825.111019160761
DVA,1,2024-12-31,2025-01-02,1,RESIDUAL_REVERTED,150.8800048828125,149.6699981689453,-0.008019662478185863,-53.11305120823671,4825.111019160761
EQT,-1,2024-12-31,2025-01-02,1,RESIDUAL_REVERTED,45.28276062011719,46.036983489990234,-0.0166558500308831,-95.34415938807243,4825.111019160761
TJX,1,2024-12-31,2025-01-03,2,RESIDUAL_REVERTED,119.28983306884766,118.95709991455078,-0.002789283426231637,-27.913747349661815,4825.111019160761
DVN,-1,2024-12-31,2025-01-06,3,RESIDUAL_REVERTED,30.506282806396484,32.62596130371094,-0.06948334252215105,-351.44236792323613,4825.111019160761
AJG,1,2025-01-03,2025-01-06,1,RESIDUAL_REVERTED,272.53619384765625,276.75067138671875,0.015463918680167499,59.52564389564493,4784.741597600043
EMN,1,2025-01-03,2025-01-06,1,RESIDUAL_REVERTED,81.58528900146484,82.64579010009766,0.0129986804191351,47.74780913217134,4784.741597600043
REG,1,2025-01-03,2025-01-06,1,RESIDUAL_REVERTED,67.608642578125,67.72990417480469,0.001793581294574409,-5.785274498516174,4784.741597600043
CEG,-1,2025-01-03,2025-01-06,1,RESIDUAL_REVERTED,248.00387573242188,255.3103790283203,-0.029461246419316467,-155.91274438536863,4784.741597600043
UBER,-1,2025-01-03,2025-01-06,1,RESIDUAL_REVERTED,63.689998626708984,66.97000122070312,-0.05149949230205575,-261.52071299890633,4784.741597600043
NEM,-1,2025-01-03,2025-01-06,1,RESIDUAL_REVERTED,37.52742004394531,37.19523620605469,0.008851763257416323,27.68592973184587,4784.741597600043
PPG,1,2025-01-03,2025-01-07,2,RESIDUAL_REVERTED,110.1846923828125,109.85948944091797,-0.002951434857799362,-28.454895149814362,4784.741597600043
VST,-1,2025-01-03,2025-01-07,2,RESIDUAL_REVERTED,152.84527587890625,162.99468994140625,-0.06640319109725712,-333.3556745666535,4784.741597600043
NFLX,1,2025-01-06,2025-01-08,2,RESIDUAL_REVERTED,88.8759994506836,88.0,-0.009856423062445274,-60.94899508420749,4746.200839296179
ESS,1,2025-01-07,2025-01-08,1,RESIDUAL_REVERTED,259.609619140625,255.5177764892578,-0.015761521722162053,-88.22014936828907,4708.118101237603
L,1,2025-01-07,2025-01-08,1,RESIDUAL_REVERTED,82.23702239990234,82.73482513427734,0.006053267978919363,14.332396988664431,4708.118101237603
TER,-1,2025-01-07,2025-01-08,1,RESIDUAL_REVERTED,140.49159240722656,137.14015197753906,0.02385509604000413,97.98954416436538,4708.118101237603
KLAC,-1,2025-01-07,2025-01-08,1,RESIDUAL_REVERTED,68.63450622558594,68.16230773925781,0.006879899227017372,17.944897866855367,4708.118101237603
TSCO,-1,2025-01-07,2025-01-08,1,RESIDUAL_REVERTED,51.97673416137695,51.93815612792969,0.0007422173414645128,-10.998187217485805,4708.118101237603
UDR,1,2025-01-07,2025-01-10,2,RESIDUAL_REVERTED,38.56300354003906,37.71385192871094,-0.022019851499545995,-117.64090764314172,4708.118101237603
MU,-1,2025-01-07,2025-01-10,2,RESIDUAL_REVERTED,103.01307678222656,97.7433853149414,0.051155558419301306,226.35587914385297,4708.118101237603
LUV,1,2025-01-08,2025-01-10,1,RESIDUAL_REVERTED,31.548181533813477,31.915124893188477,0.011631204764740888,40.50682539988368,4702.572976777653
PAYX,-1,2025-01-08,2025-01-10,1,RESIDUAL_REVERTED,131.2265167236328,131.99539184570312,-0.005859144487463608,-42.076123154056816,4702.572976777653
JNJ,1,2025-01-10,2025-01-13,1,RESIDUAL_REVERTED,134.6463623046875,136.53717041015625,0.014042771546921573,51.98488197783665,4716.590646099342
EBAY,-1,2025-01-10,2025-01-13,1,RESIDUAL_REVERTED,67.0596694946289,62.950782775878906,0.061272099157588245,274.92010724379384,4716.590646099342
MDT,-1,2025-01-10,2025-01-13,1,RESIDUAL_REVERTED,77.50817108154297,76.47787475585938,0.01329274463978336,48.272492280082716,4716.590646099342
BSX,-1,2025-01-10,2025-01-13,1,RESIDUAL_REVERTED,95.4800033569336,93.81999969482422,0.017385877709951147,67.60331909827144,4716.590646099342
EIX,1,2025-01-10,2025-01-13,1,TRAILING_STOP,63.53002166748047,58.52210693500167,-0.07882753068605086,-385.3892700364012,4716.590646099342
PCG,1,2025-01-10,2025-01-13,1,TRAILING_STOP,17.7236270904541,16.845482000664408,-0.049546578999208335,-247.4901665956055,4716.590646099342
STZ,1,2025-01-13,2025-01-14,1,RESIDUAL_REVERTED,170.7236785888672,175.84242248535156,0.02998262419597464,126.49180776522289,4695.72537121217
XEL,1,2025-01-13,2025-01-14,1,RESIDUAL_REVERTED,60.40357208251953,60.03445053100586,-0.006110922562814647,-42.73934741217875,4695.72537121217
CEG,-1,2025-01-13,2025-01-14,1,RESIDUAL_REVERTED,294.5306091308594,281.0660705566406,0.045715243702349695,200.55124463050709,4695.72537121217
TAP,-1,2025-01-13,2025-01-14,1,RESIDUAL_REVERTED,48.8629264831543,50.20520782470703,-0.027470342817381033,-143.65641036695303,4695.72537121217
EIX,1,2025-01-14,2025-01-15,1,RESIDUAL_REVERTED,52.72578430175781,56.73143768310547,0.07597143284626529,344.44265527886824,4727.622690516452
MRNA,1,2025-01-14,2025-01-15,1,RESIDUAL_REVERTED,35.150001525878906,35.18000030517578,0.0008534502985664272,-10.154129261313331,4727.622690516452
APH,1,2025-01-14,2025-01-15,1,RESIDUAL_REVERTED,34.025169372558594,35.47662353515625,0.042658249447782515,187.18673179345788,4727.622690516452
RVTY,-1,2025-01-14,2025-01-15,1,RESIDUAL_REVERTED,122.03955841064453,121.47228240966797,0.00464829608009365,7.456090252428078,4727.622690516452
WY,-1,2025-01-14,2025-01-15,1,RESIDUAL_REVERTED,27.244352340698242,28.205915451049805,-0.03529403445994772,-181.66601866701512,4727.622690516452
ESS,-1,2025-01-14,2025-01-15,1,RESIDUAL_REVERTED,267.509765625,273.81292724609375,-0.02356236082210783,-126.12094795012749,4727.622690516452
LLY,1,2025-01-15,2025-01-16,1,RESIDUAL_REVERTED,739.8801879882812,738.3984985351562,-0.002002607283151714,-23.593884554714663,4719.1512602338935
URI,-1,2025-01-15,2025-01-16,1,RESIDUAL_REVERTED,739.6297607421875,730.0933837890625,0.0128934467747156,46.410034710036854,4719.1512602338935
AOS,-1,2025-01-15,2025-01-16,1,RESIDUAL_REVERTED,69.98127746582031,68.71888732910156,0.01803896959919482,70.73294245911575,4719.1512602338935
CRL,1,2025-01-15,2025-01-16,1,TRAILING_STOP,180.5,167.92493069148367,-0.06966797400840075,-342.4380005593786,4719.1512602338935
ABT,1,2025-01-16,2025-01-17,1,RESIDUAL_REVERTED,107.52887725830078,110.04713439941406,0.023419356784169176,96.38017675482325,4728.1740540592655
CMI,1,2025-01-16,2025-01-17,1,RESIDUAL_REVERTED,350.8768310546875,358.2811584472656,0.021102354835802917,85.44142104209683,4728.1740540592655
BNY,-1,2025-01-16,2025-01-17,1,RESIDUAL_REVERTED,78.90120697021484,79.49981689453125,-0.007586828482134322,-50.48786114133229,4728.1740540592655
ISRG,-1,2025-01-16,2025-01-17,1,RESIDUAL_REVERTED,582.5999755859375,597.6799926757812,-0.025883998835869004,-137.12835515271794,4728.1740540592655
GS,-1,2025-01-16,2025-01-17,1,RESIDUAL_REVERTED,589.1658935546875,596.7091674804688,-0.01280331059265749,-75.18870497330069,4728.1740540592655
DGX,1,2025-01-16,2025-01-21,2,RESIDUAL_REVERTED,146.3524932861328,147.30657958984375,0.0065190983924381385,16.592674564995058,4728.1740540592655
USB,1,2025-01-17,2025-01-21,1,RESIDUAL_REVERTED,45.84862518310547,45.735836029052734,-0.0024600335037809895,-25.75346282474346,4719.912344979761
TXN,1,2025-01-17,2025-01-21,1,RESIDUAL_REVERTED,183.40037536621094,182.57168579101562,-0.00451847262330074,-35.45454155803701,4719.912344979761
CCI,-1,2025-01-17,2025-01-21,1,RESIDUAL_REVERTED,83.39498901367188,83.7061538696289,-0.003731217662322761,-32.17148235893462,4719.912344979761
AMT,-1,2025-01-17,2025-01-21,1,RESIDUAL_REVERTED,180.74375915527344,181.26486206054688,-0.0028831031716329836,-28.162012928816004,4719.912344979761
JBHT,1,2025-01-21,2025-01-22,1,RESIDUAL_REVERTED,169.52554321289062,170.52822875976562,0.005914657625463615,13.64586007128285,4696.10004537677
STT,1,2025-01-21,2025-01-22,1,RESIDUAL_REVERTED,93.71593475341797,94.63725280761719,0.009830964783346108,32.00964323779127,4696.10004537677
TFC,-1,2025-01-21,2025-01-22,1,RESIDUAL_REVERTED,44.369781494140625,44.12019348144531,0.0056251801178752725,11.995880849557642,4696.10004537677
SLB,-1,2025-01-21,2025-01-22,1,RESIDUAL_REVERTED,41.913169860839844,41.36957931518555,0.012969444865638335,46.53794369926222,4696.10004537677
INTC,-1,2025-01-21,2025-01-22,1,RESIDUAL_REVERTED,22.030000686645508,21.729999542236328,0.013617845440696663,49.59008296687155,4696.10004537677
PLD,-1,2025-01-22,2025-01-23,1,RESIDUAL_REVERTED,109.69170379638672,108.7764892578125,0.00834351648209486,24.839202944803798,4706.678237860862
SCHW,-1,2025-01-22,2025-01-23,1,RESIDUAL_REVERTED,79.3127212524414,78.71601104736328,0.007523511936740612,20.972496873215448,4706.678237860862
EXPE,1,2025-01-22,2025-01-23,1,TRAILING_STOP,179.3141326904297,169.1056067914996,-0.05693096102220907,-281.6738164443634,4706.678237860862
BKNG,1,2025-01-22,2025-01-24,2,RESIDUAL_REVERTED,184.5474395751953,189.295166015625,0.02572631975473816,106.78384635229854,4706.678237860862
KEY,1,2025-01-22,2025-01-24,2,RESIDUAL_REVERTED,16.2145938873291,16.112674713134766,-0.006285644580588667,-43.660164512129654,4706.678237860862
D,1,2025-01-23,2025-01-24,1,RESIDUAL_REVERTED,49.247833251953125,49.062686920166016,-0.003759481779429641,-31.580646561922233,4675.95243692944
TXT,1,2025-01-23,2025-01-24,1,RESIDUAL_REVERTED,79.31560516357422,77.32897186279297,-0.02504719338248984,-130.97166301848182,4675.95243692944
TDY,-1,2025-01-23,2025-01-24,1,RESIDUAL_REVERTED,514.719970703125,513.8499755859375,0.0016902299632925999,-6.483934168263608,4675.95243692944
TEL,-1,2025-01-23,2025-01-24,1,RESIDUAL_REVERTED,151.31259155273438,152.90565490722656,-0.010528293370330566,-63.707785930185295,4675.95243692944
NFLX,-1,2025-01-23,2025-01-27,2,RESIDUAL_REVERTED,95.78099822998047,97.11000061035156,-0.013875428372337684,-79.76638085557214,4675.95243692944
UNP,-1,2025-01-24,2025-01-27,1,RESIDUAL_REVERTED,238.10787963867188,241.1386260986328,-0.012728459320876295,-73.7867573998885,4661.982708636023
ABT,-1,2025-01-24,2025-01-27,1,TRAILING_STOP,118.73506164550781,125.5424459446166,-0.057332553710484735,-282.04761021703536,4661.982708636023
LDOS,1,2025-01-24,2025-01-28,2,RESIDUAL_REVERTED,146.99166870117188,145.65774536132812,-0.009074822754448486,-56.22915489093594,4661.982708636023
TXN,1,2025-01-27,2025-01-28,1,RESIDUAL_REVERTED,176.9326934814453,176.72314453125,-0.0011843427354893965,-19.351671857449947,4626.746077205388
CF,1,2025-01-27,2025-01-28,1,RESIDUAL_REVERTED,86.35354614257812,85.96859741210938,-0.004457821915421545,-34.4745104765829,4626.746077205388
ADI,1,2025-01-27,2025-01-28,1,RESIDUAL_REVERTED,211.97711181640625,207.5016326904297,-0.02111303002303755,-111.418340125369,4626.746077205388
CSX,1,2025-01-27,2025-01-28,1,RESIDUAL_REVERTED,32.039695739746094,32.52736282348633,0.01522071519347401,56.43651250557917,4626.746077205388
NEE,-1,2025-01-27,2025-01-28,1,RESIDUAL_REVERTED,69.56481170654297,68.64422607421875,0.013233495638681259,47.069770701820914,4626.746077205388
WELL,-1,2025-01-27,2025-01-28,1,RESIDUAL_REVERTED,132.7943572998047,134.52500915527344,-0.013032570740649119,-74.64131101144129,4626.746077205388
AWK,-1,2025-01-28,2025-01-29,1,RESIDUAL_REVERTED,122.5355453491211,120.99608612060547,0.012563368646456685,43.784644035181046,4606.981867924208
COST,-1,2025-01-28,2025-01-29,1,RESIDUAL_REVERTED,952.6326904296875,948.6410522460938,0.004190112541480495,5.147350345052949,4606.981867924208
FE,-1,2025-01-28,2025-01-29,1,RESIDUAL_REVERTED,37.9686393737793,37.50276565551758,0.012269960839930594,42.43072391612361,4606.981867924208
LMT,1,2025-01-29,2025-01-30,1,RESIDUAL_REVERTED,438.8805847167969,435.6175842285156,-0.007434825330418282,-48.09252867940435,4613.779447320189
SYF,1,2025-01-29,2025-01-30,1,RESIDUAL_REVERTED,64.82273864746094,67.21961975097656,0.036975930877451546,156.50155340106568,4613.77944732019
SYY,1,2025-01-29,2025-01-30,1,RESIDUAL_REVERTED,69.81431579589844,69.24842071533203,-0.008105716916581907,-51.18323147230851,4613.779447320189
GM,1,2025-01-29,2025-01-30,1,RESIDUAL_REVERTED,49.43748474121094,49.60463333129883,0.0033810091869126424,1.734493509771326,4613.779447320189
ARE,1,2025-01-29,2025-01-30,1,RESIDUAL_REVERTED,89.25770568847656,89.00211334228516,-0.0028635325568804326,-27.033228438141336,4613.779447320189
RCL,-1,2025-01-29,2025-01-30,1,RESIDUAL_REVERTED,258.54473876953125,261.88580322265625,-0.012922577612779262,-73.92284254280796,4613.779447320189
IVZ,-1,2025-01-29,2025-01-30,1,RESIDUAL_REVERTED,18.108551025390625,18.033647537231445,0.004136360112642623,4.911805730342156,4613.779447320189
FFIV,-1,2025-01-30,2025-01-31,1,RESIDUAL_REVERTED,304.3599853515625,302.2900085449219,0.00680108064879037,17.160388409877214,4597.35170912407
SBUX,-1,2025-01-30,2025-01-31,1,RESIDUAL_REVERTED,104.28678131103516,104.28678894042969,-7.315782912797886e-08,-14.157261147405377,4597.35170912407
HSIC,-1,2025-01-30,2025-01-31,1,RESIDUAL_REVERTED,80.45999908447266,79.7699966430664,0.008575720224428984,25.329766084157043,4597.35170912407
UPS,1,2025-01-31,2025-02-03,1,RESIDUAL_REVERTED,102.73584747314453,100.34186553955078,-0.02330230384500931,-121.13532456316638,4611.630894175723
NOW,1,2025-01-31,2025-02-03,1,RESIDUAL_REVERTED,206.40199279785156,201.3000030517578,-0.02471870390849662,-127.6574409830199,4611.630894175723
AVY,1,2025-01-31,2025-02-03,1,RESIDUAL_REVERTED,177.76377868652344,175.60791015625,-0.012127715478388867,-69.67954723737436,4611.630894175723
AMP,1,2025-01-31,2025-02-03,1,RESIDUAL_REVERTED,533.0703125,521.6592407226562,-0.021406316408482673,-112.40484571726691,4611.630894175723
CMCSA,1,2025-01-31,2025-02-03,1,RESIDUAL_REVERTED,29.3807315826416,29.064714431762695,-0.010755931995431012,-63.36287738588144,4611.630894175723
IBM,-1,2025-01-31,2025-02-03,1,RESIDUAL_REVERTED,244.61782836914062,241.13079833984375,0.014255011797565165,51.637066232611666,4611.630894175723
WM,-1,2025-01-31,2025-02-03,1,RESIDUAL_REVERTED,215.5941925048828,212.97705078125,0.012139203256013253,41.86681513155903,4611.630894175723
BEN,-1,2025-02-03,2025-02-04,1,RESIDUAL_REVERTED,20.260486602783203,18.842248916625977,0.07000017886847798,308.5262536080209,4602.778856407704
KEYS,-1,2025-02-03,2025-02-04,1,RESIDUAL_REVERTED,173.77999877929688,174.10000610351562,-0.0018414508370734328,-22.66748045065522,4602.778856407704
EMN,-1,2025-02-03,2025-02-05,2,RESIDUAL_REVERTED,90.05091094970703,93.46297454833984,-0.03789038403552003,-189.22883029364075,4602.778856407704
BLK,1,2025-02-04,2025-02-05,1,RESIDUAL_REVERTED,975.205078125,983.361328125,0.008363625439360645,24.469592505245462,4572.832493580815
KHC,1,2025-02-04,2025-02-05,1,RESIDUAL_REVERTED,26.114803314208984,25.693161010742188,-0.01614572004979964,-87.43942324681132,4572.832493580815
TFX,1,2025-02-04,2025-02-05,1,RESIDUAL_REVERTED,171.8395233154297,172.68333435058594,0.0049104595897147,8.702529625764939,4572.832493580815
ALLE,1,2025-02-04,2025-02-05,1,RESIDUAL_REVERTED,126.37866973876953,127.05552673339844,0.005355785086423204,10.735873928981398,4572.832493580815
IDXX,-1,2025-02-04,2025-02-05,1,RESIDUAL_REVERTED,464.4700012207031,469.239990234375,-0.010269746164737414,-61.11412996654178,4572.832493580815
LIN,-1,2025-02-04,2025-02-05,1,RESIDUAL_REVERTED,445.49578857421875,443.0139465332031,0.005570966336087224,11.432795263576757,4572.832493580815
ADM,1,2025-02-04,2025-02-05,1,TRAILING_STOP,45.73567581176758,42.9928851627989,-0.05997048475367606,-287.5421263461392,4572.832493580815
PLTR,-1,2025-02-05,2025-02-06,1,RESIDUAL_REVERTED,101.77999877929688,101.08999633789062,0.006779352030672259,16.911828709803213,4557.850423868409
AMCR,-1,2025-02-05,2025-02-07,2,RESIDUAL_REVERTED,45.73943328857422,45.42304992675781,0.006917080931464925,17.176933782517466,4557.850423868409
FMC,1,2025-02-06,2025-02-07,1,RESIDUAL_REVERTED,34.19905471801758,32.87431335449219,-0.03873619825016561,-189.10542246970556,4537.285766568623
IEX,1,2025-02-06,2025-02-07,1,RESIDUAL_REVERTED,193.6688232421875,195.8984832763672,0.011512746330840429,38.546407831240224,4537.285766568623
MKTX,1,2025-02-06,2025-02-07,1,RESIDUAL_REVERTED,202.72296142578125,193.98399353027344,-0.04310793328020335,-208.91147988001464,4537.285766568623
VLTO,1,2025-02-06,2025-02-07,1,RESIDUAL_REVERTED,95.28772735595703,97.59027099609375,0.02416411540108765,95.86318032606401,4537.285766568623
TROW,1,2025-02-06,2025-02-07,1,RESIDUAL_REVERTED,101.88026428222656,101.75242614746094,-0.0012547880167594894,-19.2966491104967,4537.285766568623
AMGN,-1,2025-02-06,2025-02-07,1,RESIDUAL_REVERTED,293.7234191894531,283.919677734375,0.033377459251060504,137.71190100697515,4537.285766568623
FISV,-1,2025-02-06,2025-02-07,1,RESIDUAL_REVERTED,229.5,231.5399932861328,-0.008888859634565538,-54.36648278412219,4537.285766568623
JCI,-1,2025-02-06,2025-02-10,2,RESIDUAL_REVERTED,85.48653411865234,88.27937316894531,-0.03266992958699921,-162.79463206978787,4537.285766568623
PM,-1,2025-02-07,2025-02-10,1,RESIDUAL_REVERTED,138.1460418701172,136.72183227539062,0.010309449155738948,32.875144347533706,4536.916428033414
APD,1,2025-02-10,2025-02-11,1,RESIDUAL_REVERTED,298.88909912109375,297.6289367675781,-0.004216153607546125,-32.60986232697823,4522.972822407791
CPAY,1,2025-02-10,2025-02-11,1,RESIDUAL_REVERTED,375.0,370.82000732421875,-0.011146647135416687,-63.909276548600914,4522.972822407791
AMZN,1,2025-02-10,2025-02-11,1,RESIDUAL_REVERTED,230.5500030517578,231.9199981689453,0.005942290605305045,13.267585215054329,4522.972822407791
CDW,1,2025-02-10,2025-02-11,1,RESIDUAL_REVERTED,188.15882873535156,184.31842041015625,-0.020410460412659703,-105.74640226990444,4522.972822407791
DHI,1,2025-02-10,2025-02-11,1,RESIDUAL_REVERTED,127.70658111572266,127.6672592163086,-0.0003079081678526441,-14.959489751805599,4522.972822407791
EXPE,-1,2025-02-10,2025-02-11,1,RESIDUAL_REVERTED,201.70372009277344,198.07403564453125,0.01799512892758115,67.58831473768268,4522.972822407791
TTWO,-1,2025-02-10,2025-02-11,1,RESIDUAL_REVERTED,210.00999450683594,212.27000427246094,-0.010761439096897085,-62.67886487689258,4522.972822407791
ROK,-1,2025-02-11,2025-02-12,1,RESIDUAL_REVERTED,297.2129211425781,293.79241943359375,0.01150859019128414,37.97316533368102,4495.5625045411425
MCD,-1,2025-02-11,2025-02-12,1,RESIDUAL_REVERTED,294.5894775390625,296.7075500488281,-0.007189912305963997,-46.21795902089617,4495.5625045411425
PFG,-1,2025-02-10,2025-02-13,3,RESIDUAL_REVERTED,77.75991821289062,80.20223236083984,-0.03140839399113915,-156.94610107904435,4522.972822407791
FIS,1,2025-02-12,2025-02-13,1,RESIDUAL_REVERTED,67.94883728027344,68.76372528076172,0.011992670266410155,40.14211801831219,4472.818237312192
MAR,1,2025-02-12,2025-02-13,1,RESIDUAL_REVERTED,279.5711975097656,286.1573181152344,0.02355793681228091,91.79385914137035,4472.818237312192
AES,1,2025-02-12,2025-02-13,1,RESIDUAL_REVERTED,9.315990447998047,9.371386528015137,0.0059463435827151745,13.138563939123415,4472.818237312192
GPN,1,2025-02-12,2025-02-13,1,RESIDUAL_REVERTED,104.1259994506836,106.21009826660156,0.02001516265786285,75.971443570084,4472.818237312192
DD,-1,2025-02-12,2025-02-13,1,RESIDUAL_REVERTED,97.68318176269531,100.72932434082031,-0.03118390006506022,-153.4681781815804,4472.818237312192
SPGI,-1,2025-02-12,2025-02-13,1,RESIDUAL_REVERTED,499.796142578125,500.6076354980469,-0.0016236478251629993,-21.043727038384645,4472.818237312192
GILD,-1,2025-02-13,2025-02-14,1,RESIDUAL_REVERTED,100.1864013671875,101.1037826538086,-0.009156744569144282,-55.10259500553256,4497.916706391796
NTAP,1,2025-02-12,2025-02-18,3,RESIDUAL_REVERTED,114.10128784179688,116.2684326171875,0.01899316665378392,71.4070980081282,4472.818237312192
CVS,-1,2025-02-13,2025-02-18,2,RESIDUAL_REVERTED,60.60292053222656,61.542423248291016,-0.015502598023553249,-84.06673708518079,4497.916706391796
WST,1,2025-02-14,2025-02-18,1,RESIDUAL_REVERTED,201.67337036132812,214.9378204345703,0.06577194623899496,279.31483385024984,4456.68069027641
ZBRA,1,2025-02-14,2025-02-18,1,RESIDUAL_REVERTED,321.0,317.04998779296875,-0.012305333978290478,-68.12872498278601,4456.68069027641
MGM,-1,2025-02-14,2025-02-18,1,RESIDUAL_REVERTED,41.209999084472656,39.7400016784668,0.035670891498751134,145.50050327971908,4456.68069027641
GEHC,-1,2025-02-14,2025-02-18,1,RESIDUAL_REVERTED,92.9320297241211,91.9847640991211,0.010193101644417557,31.775550643528224,4456.68069027641
TAP,-1,2025-02-14,2025-02-19,2,RESIDUAL_REVERTED,55.29471206665039,56.44124984741211,-0.020735034832620514,-106.63950742424841,4456.68069027641
ABNB,-1,2025-02-18,2025-02-19,1,RESIDUAL_REVERTED,161.0399932861328,160.0,0.00645798143002263,15.151844572596895,4471.522627223123
DUK,1,2025-02-14,2025-02-20,3,RESIDUAL_REVERTED,107.51378631591797,105.84322357177734,-0.01553812586631309,-82.51463488404406,4456.68069027641
ZTS,1,2025-02-14,2025-02-20,3,RESIDUAL_REVERTED,159.81448364257812,152.6609344482422,-0.04476158250046158,-212.55889034625704,4456.68069027641
MDT,1,2025-02-19,2025-02-20,1,RESIDUAL_REVERTED,81.28905487060547,82.01687622070312,0.008953497506597685,26.557787503136936,4470.957371217758
ALLE,1,2025-02-19,2025-02-20,1,RESIDUAL_REVERTED,123.4946060180664,123.85757446289062,0.00293914411752616,-0.2917952384140694,4470.957371217758
CAG,1,2025-02-19,2025-02-20,1,RESIDUAL_REVERTED,21.490339279174805,21.714570999145508,0.010434070726281774,33.167437883685835,4470.957371217758
INTC,-1,2025-02-19,2025-02-20,1,RESIDUAL_REVERTED,25.979999542236328,25.559999465942383,0.016166284976685263,58.6230302516108,4470.957371217758
ETR,-1,2025-02-19,2025-02-20,1,RESIDUAL_REVERTED,84.25749206542969,83.8725814819336,0.004568265373922964,6.6884191356132865,4470.957371217758
NKE,-1,2025-02-19,2025-02-20,1,RESIDUAL_REVERTED,73.12493133544922,73.21060180664062,-0.001171563099299222,-19.013390913377442,4470.957371217758
GRMN,-1,2025-02-20,2025-02-21,1,RESIDUAL_REVERTED,232.4329833984375,223.50816345214844,0.03839739014574406,158.9032563845909,4491.461547712792
FTNT,-1,2025-02-20,2025-02-24,2,RESIDUAL_REVERTED,113.80000305175781,109.31999969482422,0.0393673395148858,162.90535812025308,4491.461547712792
JPM,1,2025-02-21,2025-02-24,1,RESIDUAL_REVERTED,260.4168395996094,257.6701965332031,-0.01054710237106482,-60.88953233332317,4499.908700780186
NWSA,1,2025-02-21,2025-02-24,1,RESIDUAL_REVERTED,28.51903533935547,28.371217727661133,-0.005183121025498116,-36.78831214507632,4499.908700780186
NWS,1,2025-02-21,2025-02-24,1,RESIDUAL_REVERTED,32.65185546875,32.1583251953125,-0.015114922761735317,-81.41347489082291,4499.908700780186
HAS,-1,2025-02-21,2025-02-24,1,RESIDUAL_REVERTED,64.65924835205078,63.52159881591797,0.017594536978509878,65.44199277840217,4499.908700780186
LKQ,-1,2025-02-21,2025-02-24,1,RESIDUAL_REVERTED,39.436683654785156,38.23030090332031,0.030590370174761516,124.01771982153656,4499.908700780186
EPAM,1,2025-02-21,2025-02-25,2,RESIDUAL_REVERTED,223.4499969482422,207.5,-0.07138060938052593,-334.22414198293336,4499.908700780186
SYY,-1,2025-02-24,2025-02-25,1,RESIDUAL_REVERTED,70.15000915527344,70.78302764892578,-0.009023783478790293,-54.15023705706729,4468.859872527602
WMT,1,2025-02-21,2025-02-26,3,RESIDUAL_REVERTED,95.0097427368164,96.16130065917969,0.0121204193295541,40.95924312522749,4499.908700780186
BAX,-1,2025-02-21,2025-02-26,3,RESIDUAL_REVERTED,32.86863327026367,35.25212478637695,-0.07251568681042886,-341.42050817907244,4499.908700780185
LW,1,2025-02-25,2025-02-26,1,RESIDUAL_REVERTED,50.235191345214844,49.680206298828125,-0.011047734297912282,-62.362146703661686,4444.545904907161
WDC,1,2025-02-25,2025-02-26,1,RESIDUAL_REVERTED,48.472442626953125,49.527278900146484,0.021761566284402845,83.24156217851682,4444.545904907161
HRL,1,2025-02-25,2025-02-26,1,RESIDUAL_REVERTED,27.36671257019043,27.282825469970703,-0.0030652969370936756,-26.93705488438183,4444.545904907161
BRK-B,-1,2025-02-25,2025-02-26,1,RESIDUAL_REVERTED,503.1499938964844,499.1199951171875,0.008009537569677483,21.96811063132549,4444.545904907161
LYV,-1,2025-02-25,2025-02-26,1,RESIDUAL_REVERTED,154.5399932861328,144.67999267578125,0.06380225856549404,270.3340535219827,4444.545904907161
HIG,-1,2025-02-25,2025-02-27,2,RESIDUAL_REVERTED,111.29647064208984,112.6161117553711,-0.011856989764976289,-66.82507008138458,4444.545904907161
SRE,1,2025-02-26,2025-02-27,1,RESIDUAL_REVERTED,66.30597686767578,68.59727478027344,0.03455643097107686,140.79200501473395,4468.935375779049
AMT,-1,2025-02-26,2025-02-27,1,RESIDUAL_REVERTED,193.84756469726562,189.5459442138672,0.02219073781048697,85.56293482922919,4468.935375779048
KEYS,1,2025-02-27,2025-02-28,1,RESIDUAL_REVERTED,161.8699951171875,157.30999755859375,-0.028170740076272294,-140.01245315611527,4497.888599661116
EXR,1,2025-02-27,2025-02-28,1,RESIDUAL_REVERTED,142.01687622070312,142.04457092285156,0.00019500993744858697,-12.617848523974603,4497.888599661116
FTNT,1,2025-02-27,2025-02-28,1,RESIDUAL_REVERTED,109.9800033569336,106.9800033569336,-0.027277686019554603,-136.00162078201484,4497.888599661116
VRSK,1,2025-02-27,2025-02-28,1,RESIDUAL_REVERTED,285.9521179199219,287.5189208984375,0.005479249427886357,11.114420157101819,4497.888599661116
INTU,-1,2025-02-27,2025-02-28,1,RESIDUAL_REVERTED,616.145263671875,592.4064331054688,0.03852797703083255,159.7178885112848,4497.888599661116
AXON,-1,2025-02-27,2025-02-28,1,RESIDUAL_REVERTED,575.0,526.969970703125,0.0835304857336957,362.4545128143107,4497.888599661116
NRG,-1,2025-02-27,2025-02-28,1,RESIDUAL_REVERTED,114.0198745727539,102.51976776123047,0.10086054606370787,440.5234177776484,4497.888599661116
INVH,-1,2025-02-28,2025-03-03,1,RESIDUAL_REVERTED,31.178268432617188,31.634315490722656,-0.014627081009680909,-80.9269007916123,4564.509285649242
TFX,1,2025-02-28,2025-03-04,2,RESIDUAL_REVERTED,132.89747619628906,132.03408813476562,-0.006496647537897693,-43.30305485725351,4564.509285649242
BIIB,-1,2025-02-28,2025-03-04,2,RESIDUAL_REVERTED,141.05999755859375,143.41000366210938,-0.01665962104202845,-90.57534373743779,4564.509285649242
NTAP,1,2025-03-03,2025-03-04,1,RESIDUAL_REVERTED,97.78443145751953,91.35099029541016,-0.06579208025465944,-312.21787428479945,4545.09327002655
HPQ,1,2025-03-03,2025-03-04,1,RESIDUAL_REVERTED,28.655221939086914,27.585721969604492,-0.03732303912201007,-183.01751869956968,4545.09327002655
UHS,1,2025-03-03,2025-03-04,1,RESIDUAL_REVERTED,174.8697967529297,175.11819458007812,0.0014204730134124155,-7.1887817500651625,4545.09327002655
AES,-1,2025-03-03,2025-03-04,1,RESIDUAL_REVERTED,10.294675827026367,10.396239280700684,-0.009865629125269226,-58.90476043035031,4545.09327002655
BBY,-1,2025-03-03,2025-03-04,1,RESIDUAL_REVERTED,81.12872314453125,72.5201416015625,0.10611015691239856,469.0166250606295,4545.09327002655
MNST,-1,2025-03-03,2025-03-04,1,RESIDUAL_REVERTED,27.21500015258789,27.670000076293945,-0.016718718396288024,-90.10302232352791,4545.09327002655
EOG,1,2025-03-03,2025-03-04,1,TRAILING_STOP,120.55548095703125,112.22442463999177,-0.06910557903218739,-327.2554450372916,4545.09327002655
WY,-1,2025-03-04,2025-03-05,1,RESIDUAL_REVERTED,29.60112762451172,28.894092559814453,0.023885409828502402,93.50818736973909,4486.222093169563
BBY,1,2025-03-05,2025-03-06,1,RESIDUAL_REVERTED,68.88682556152344,68.46690368652344,-0.006095822700161513,-40.86293591193409,4497.015473346454
BA,1,2025-03-05,2025-03-06,1,RESIDUAL_REVERTED,159.9600067138672,161.4199981689453,0.009127228018249056,27.49267127834795,4497.015473346454
DOV,1,2025-03-05,2025-03-06,1,RESIDUAL_REVERTED,182.32366943359375,184.9121551513672,0.014197200647698693,50.25821702438004,4497.015473346454
LH,-1,2025-03-05,2025-03-06,1,RESIDUAL_REVERTED,251.09141540527344,249.84104919433594,0.004979725049219064,8.580574652623854,4497.015473346454
ENPH,-1,2025-03-05,2025-03-06,1,RESIDUAL_REVERTED,58.27000045776367,57.400001525878906,0.014930477519308982,53.393022380308146,4497.015473346454
STE,-1,2025-03-05,2025-03-06,1,RESIDUAL_REVERTED,221.9410400390625,222.36526489257812,-0.0019114304116127911,-22.46049686265672,4497.015473346454
TYL,-1,2025-03-05,2025-03-06,1,RESIDUAL_REVERTED,612.4199829101562,617.280029296875,-0.007935806345874541,-49.59634048420653,4497.015473346454
STX,1,2025-03-05,2025-03-06,1,TRAILING_STOP,91.59791564941406,85.10048268060265,-0.07093428843599425,-332.00515021849475,4497.015473346454
BAC,1,2025-03-05,2025-03-07,2,RESIDUAL_REVERTED,41.02665328979492,39.98843002319336,-0.025306067723047998,-127.12212187295958,4497.015473346454
BF-B,-1,2025-03-06,2025-03-07,1,RESIDUAL_REVERTED,32.74850845336914,33.908756256103516,-0.03542902738261988,-173.0268360076144,4486.730593189137
PAYC,1,2025-03-07,2025-03-10,1,RESIDUAL_REVERTED,201.2179412841797,212.713134765625,0.057128074206915125,239.90900352317428,4439.275143326554
SBUX,1,2025-03-07,2025-03-10,1,RESIDUAL_REVERTED,100.74525451660156,101.70721435546875,0.009548438221560707,29.006736807902485,4439.275143326554
FAST,-1,2025-03-07,2025-03-10,1,STOP_LOSS,37.5213623046875,39.60673203353738,-0.05557819867828617,-260.77866424374224,4439.275143326554
JKHY,-1,2025-03-07,2025-03-10,1,TRAILING_STOP,179.7283477783203,189.01364489817178,-0.05166295264286358,-243.37476734964585,4439.275143326554
POOL,-1,2025-03-07,2025-03-10,1,TRAILING_STOP,344.3392028808594,357.49214870085433,-0.03819764264409309,-183.50153318823627,4439.275143326554
PCAR,-1,2025-03-07,2025-03-10,1,TRAILING_STOP,103.37744140625,110.29931963799432,-0.06695733747697341,-311.36935504140723,4439.275143326554
HPE,1,2025-03-10,2025-03-11,1,RESIDUAL_REVERTED,14.924616813659668,14.45311164855957,-0.03159244696108754,-151.415650167563,4383.1348870111315
SPG,1,2025-03-07,2025-03-11,2,TRAILING_STOP,160.51199340820312,151.8695838036541,-0.05384276539741317,-251.98214123156416,4439.275143326554
CBRE,1,2025-03-07,2025-03-12,3,RESIDUAL_REVERTED,134.0,128.74000549316406,-0.039253690349521975,-187.31437038467104,4439.275143326554
DG,-1,2025-03-10,2025-03-12,2,RESIDUAL_REVERTED,79.19559478759766,76.81217193603516,0.030095396820427056,118.27359343935925,4383.1348870111315
HRL,1,2025-03-25,2025-03-26,1,RESIDUAL_REVERTED,27.32010841369629,26.947263717651367,-0.013647262682823236,-71.78732469830193,4317.5692346531405
OMC,1,2025-03-25,2025-03-26,1,RESIDUAL_REVERTED,75.38292694091797,75.28870391845703,-0.00124992523220524,-18.341251474053166,4317.5692346531405
TGT,-1,2025-03-25,2025-03-26,1,RESIDUAL_REVERTED,101.67311096191406,99.41705322265625,0.022189325357644618,82.66102653515313,4317.5692346531405
ROST,-1,2025-03-25,2025-03-26,1,RESIDUAL_REVERTED,126.95378112792969,126.69734954833984,0.0020198813876322053,-4.55974209995454,4317.5692346531405
DLTR,-1,2025-03-25,2025-03-26,1,RESIDUAL_REVERTED,69.08000183105469,67.1500015258789,0.02793862556483251,107.52214187561974,4317.5692346531405
AMD,-1,2025-03-25,2025-03-26,1,RESIDUAL_REVERTED,113.2699966430664,114.11000061035156,-0.007415944135075403,-45.3669112592787,4317.5692346531405
PNW,1,2025-03-25,2025-03-27,2,RESIDUAL_REVERTED,87.76081085205078,87.99685668945312,0.0026896496865813635,-1.3573780882894795,4317.5692346531405
DTE,1,2025-03-25,2025-03-27,2,RESIDUAL_REVERTED,129.13470458984375,129.3915557861328,0.0019890175697143686,-4.377868219375761,4317.5692346531405
WEC,1,2025-03-25,2025-03-27,2,RESIDUAL_REVERTED,100.27232360839844,101.213623046875,0.00938743019611965,27.517375783549923,4317.5692346531405
TSLA,-1,2025-03-25,2025-03-27,2,RESIDUAL_REVERTED,283.6000061035156,272.4800109863281,0.03921013708698107,155.91684200324318,4317.5692346531405
CI,1,2025-05-13,2025-05-14,1,RESIDUAL_REVERTED,299.7636413574219,295.5613708496094,-0.014018613093914056,-73.77550154321878,4340.351925688972
LNT,1,2025-05-13,2025-05-14,1,RESIDUAL_REVERTED,57.25539779663086,58.217674255371094,0.01680673780589581,59.81668028810166,4340.351925688972
ICE,1,2025-05-13,2025-05-14,1,RESIDUAL_REVERTED,170.30442810058594,169.87255859375,-0.002535867749609344,-24.011104409670885,4340.351925688972
XEL,1,2025-05-13,2025-05-14,1,RESIDUAL_REVERTED,64.68853759765625,64.81260681152344,0.0019179474212087655,-4.7089758442280125,4340.351925688972
NRG,-1,2025-05-13,2025-05-14,1,RESIDUAL_REVERTED,147.41458129882812,152.4587860107422,-0.03421781391956613,-162.1219580242956,4340.351925688972
MAS,-1,2025-05-13,2025-05-14,1,RESIDUAL_REVERTED,67.66778564453125,65.92698669433594,0.02572566744447624,98.46788539100196,4340.351925688972
CMI,-1,2025-05-13,2025-05-14,1,RESIDUAL_REVERTED,322.5732727050781,325.0888366699219,-0.007798426521045565,-47.26812022469571,4340.351925688972
SWK,-1,2025-05-13,2025-05-14,1,RESIDUAL_REVERTED,69.07624816894531,68.47721862792969,0.008672004587604865,24.330389658705908,4340.351925688972
A,-1,2025-05-13,2025-05-14,1,RESIDUAL_REVERTED,114.27045440673828,113.79528045654297,0.004158327300458287,4.710178512736401,4340.351925688972
NI,1,2025-05-13,2025-05-15,2,RESIDUAL_REVERTED,37.03572463989258,36.851905822753906,-0.004963283935335072,-34.5311411650599,4340.351925688972
RVTY,1,2025-05-15,2025-05-16,1,RESIDUAL_REVERTED,90.47335815429688,90.09468841552734,-0.00418542813591305,-31.033379901948454,4322.709503094642
TECH,1,2025-05-15,2025-05-16,1,RESIDUAL_REVERTED,47.61055374145508,47.98723602294922,0.00791173913959664,21.180721230509295,4322.709503094642
TMO,1,2025-05-15,2025-05-16,1,RESIDUAL_REVERTED,401.24090576171875,402.8023376464844,0.003891507227562929,3.828493981752912,4322.709503094642
ABBV,1,2025-05-15,2025-05-16,1,RESIDUAL_REVERTED,171.18495178222656,174.33900451660156,0.018424824738026313,66.55756873115355,4322.709503094642
SMCI,-1,2025-05-15,2025-05-16,1,RESIDUAL_REVERTED,44.04999923706055,45.5,-0.03291715750404656,-155.81524627077965,4322.709503094642
IP,-1,2025-05-15,2025-05-16,1,RESIDUAL_REVERTED,46.58864974975586,46.355003356933594,0.005015092604685134,8.402032930493336,4322.709503094642
GOOGL,-1,2025-05-15,2025-05-16,1,RESIDUAL_REVERTED,165.0621795654297,166.94332885742188,-0.01139661003474468,-62.64544242548202,4322.709503094642
GOOG,-1,2025-05-15,2025-05-16,1,RESIDUAL_REVERTED,166.3560028076172,168.1375732421875,-0.010709384720133164,-59.67062859447543,4322.709503094642
PKG,-1,2025-05-15,2025-05-16,1,RESIDUAL_REVERTED,183.71226501464844,183.68336486816406,0.00015731201442681364,-12.630256489604294,4322.709503094642
FISV,1,2025-05-16,2025-05-19,1,RESIDUAL_REVERTED,159.5,166.0500030517578,0.041065849854280856,164.99782935667935,4341.562448146318
AMAT,1,2025-05-19,2025-05-20,1,RESIDUAL_REVERTED,160.7269287109375,163.20892333984375,0.01544230732716878,53.66434166110738,4321.098317192001
FICO,1,2025-05-21,2025-05-21,0,STOP_LOSS,1964.5999755859375,1785.0640825462124,-0.09138547046259582,-407.54195756942113,4324.126362373851
D,-1,2025-05-21,2025-05-22,1,RESIDUAL_REVERTED,54.02471923828125,52.619529724121094,0.026010121551255705,99.33097908880248,4324.126362373851
FICO,1,2025-05-22,2025-05-23,1,RESIDUAL_REVERTED,1720.2099609375,1690.7099609375,-0.017149069398437078,-86.35405958693538,4291.2376733707015
CBRE,1,2025-05-22,2025-05-23,1,RESIDUAL_REVERTED,120.5,119.44000244140625,-0.00879666023729253,-50.5656499905087,4291.2376733707015
PANW,1,2025-05-22,2025-05-23,1,RESIDUAL_REVERTED,183.00999450683594,183.61000061035156,0.003278542820202235,1.1741899340027455,4291.2376733707015
PSX,1,2025-05-22,2025-05-23,1,RESIDUAL_REVERTED,107.36994934082031,107.2545394897461,-0.0010748803718615418,-17.479361315492028,4291.2376733707015
GOOG,-1,2025-05-22,2025-05-23,1,RESIDUAL_REVERTED,172.536865234375,169.48126220703125,0.017709855938283114,62.899600969253285,4291.2376733707015
AES,1,2025-05-22,2025-05-27,2,RESIDUAL_REVERTED,9.257329940795898,9.464091300964355,0.022334880736753826,82.82680220521593,4291.2376733707015
GOOGL,-1,2025-05-22,2025-05-27,2,RESIDUAL_REVERTED,171.04400634765625,169.3619384765625,0.009834123434146247,28.717640655779398,4291.2376733707015
GLW,-1,2025-05-22,2025-05-27,2,RESIDUAL_REVERTED,47.293025970458984,48.10791015625,-0.017230535984312345,-87.61012757616321,4291.2376733707015
WDAY,1,2025-05-27,2025-05-28,1,RESIDUAL_REVERTED,241.22999572753906,239.17999267578125,-0.008498126634604808,-49.33030819303832,4295.052543170808
DECK,1,2025-05-27,2025-05-28,1,RESIDUAL_REVERTED,102.76000213623047,108.4800033569336,0.05566369308867891,225.83471120345317,4295.052543170808
ROST,1,2025-05-27,2025-05-28,1,RESIDUAL_REVERTED,136.17550659179688,138.89761352539062,0.019989695663505724,72.84285037744358,4295.052543170808
CPRT,1,2025-05-27,2025-05-29,2,RESIDUAL_REVERTED,54.310001373291016,52.119998931884766,-0.040324109483143356,-185.81953536270515,4295.052543170808
INTU,-1,2025-05-27,2025-05-29,2,RESIDUAL_REVERTED,715.4930419921875,750.0475463867188,-0.048294675652357455,-221.33322534226298,4295.052543170808
FICO,1,2025-05-28,2025-05-29,1,RESIDUAL_REVERTED,1543.5799560546875,1645.0,0.06570443179667684,268.44443939557095,4287.847406601379
DRI,-1,2025-05-28,2025-05-29,1,RESIDUAL_REVERTED,205.9984588623047,206.05621337890625,-0.0002803638285477916,-14.40739469710856,4287.847406601379
HST,-1,2025-05-28,2025-05-29,1,RESIDUAL_REVERTED,14.139674186706543,14.1305513381958,0.0006451951006989365,-10.431443268096443,4287.847406601379
AOS,1,2025-05-29,2025-05-30,1,RESIDUAL_REVERTED,62.9559326171875,62.624942779541016,-0.005257484463920381,-35.4449581481542,4296.567799897991
SNPS,1,2025-05-29,2025-06-02,2,RESIDUAL_REVERTED,473.0,459.9200134277344,-0.027653248567157784,-131.52553966988498,4296.567799897991
CDNS,1,2025-05-29,2025-06-02,2,RESIDUAL_REVERTED,293.1099853515625,286.760009765625,-0.02166413941279144,-105.8315250474743,4296.567799897991
UDR,-1,2025-05-29,2025-06-02,2,RESIDUAL_REVERTED,38.43364334106445,38.74496078491211,-0.008100128345496449,-48.437282998853675,4296.567799897991
HPQ,1,2025-05-30,2025-06-02,1,RESIDUAL_REVERTED,23.061159133911133,23.228809356689453,0.007269809024117668,18.134136863926297,4257.934797659359
UBER,1,2025-05-30,2025-06-02,1,RESIDUAL_REVERTED,84.52999877929688,84.4800033569336,-0.0005914518287621906,-15.288390170819653,4257.934797659359
BIIB,-1,2025-05-30,2025-06-02,1,RESIDUAL_REVERTED,132.58999633789062,129.58999633789062,0.0226261413595249,83.38054620838625,4257.934797659359
NDSN,-1,2025-05-30,2025-06-03,2,RESIDUAL_REVERTED,207.12049865722656,208.35589599609375,-0.005964630960606732,-38.88747582675109,4257.934797659359
COO,1,2025-06-02,2025-06-03,1,RESIDUAL_REVERTED,68.37000274658203,66.8499984741211,-0.022232034684786184,-107.61797151057748,4270.777008301342
ULTA,-1,2025-06-02,2025-06-03,1,RESIDUAL_REVERTED,465.2699890136719,475.3399963378906,-0.021643363126786275,-105.73149389005337,4270.777008301342
APD,-1,2025-06-02,2025-06-03,1,RESIDUAL_REVERTED,269.6846618652344,269.2297668457031,0.0016867663751621853,-5.936745814060115,4270.777008301342
GM,1,2025-06-03,2025-06-04,1,RESIDUAL_REVERTED,46.87239456176758,48.36088180541992,0.0317561596237812,121.98103036073599,4248.947959801904
ADBE,1,2025-06-03,2025-06-04,1,RESIDUAL_REVERTED,403.4599914550781,411.5400085449219,0.020026811235243303,72.21839554181045,4248.947959801904
OMC,1,2025-06-03,2025-06-04,1,RESIDUAL_REVERTED,66.48774719238281,67.1379165649414,0.00977878481394967,28.740379583490462,4248.947959801904
LDOS,1,2025-06-03,2025-06-04,1,RESIDUAL_REVERTED,139.29989624023438,141.76910400390625,0.017725840652555336,62.45635633532792,4248.947959801904
NUE,-1,2025-06-03,2025-06-04,1,RESIDUAL_REVERTED,116.97433471679688,120.25637817382812,-0.028057808278861396,-132.48834509384054,4248.947959801904
STLD,-1,2025-06-03,2025-06-04,1,RESIDUAL_REVERTED,132.94520568847656,134.7073211669922,-0.013254449225079235,-69.49047276351617,4248.947959801904
FDS,1,2025-06-04,2025-06-05,1,RESIDUAL_REVERTED,426.4490051269531,425.43035888671875,-0.0023886706921291134,-22.950111349141253,4261.789721348231
NTAP,-1,2025-06-04,2025-06-05,1,RESIDUAL_REVERTED,101.71731567382812,101.62928009033203,0.0008654925949717063,-9.428745625256365,4261.789721348231
GNRC,-1,2025-06-04,2025-06-05,1,RESIDUAL_REVERTED,127.95999908447266,127.47000122070312,0.0038293049958999514,3.2220460111576834,4261.789721348231
DG,-1,2025-06-04,2025-06-06,2,RESIDUAL_REVERTED,111.8759994506836,109.63321685791016,0.020047039613371953,72.11392833171278,4261.789721348231
DLTR,1,2025-06-05,2025-06-06,1,RESIDUAL_REVERTED,91.41000366210938,96.31999969482422,0.05371399011058231,215.89679033045422,4263.918851612378
CRWD,1,2025-06-05,2025-06-06,1,RESIDUAL_REVERTED,115.58125305175781,115.77999877929688,0.0017195325564609565,-5.4708071923067525,4263.918851612378
MPC,1,2025-06-05,2025-06-06,1,RESIDUAL_REVERTED,154.25051879882812,155.63946533203125,0.009004485326980172,25.545046587838446,4263.918851612378
VLO,1,2025-06-05,2025-06-06,1,RESIDUAL_REVERTED,123.60745239257812,124.43307495117188,0.006679391433225046,15.645905920014906,4263.918851612378
DHI,-1,2025-06-05,2025-06-06,1,RESIDUAL_REVERTED,121.19601440429688,121.08758544921875,0.000894657762559925,-9.309059637437302,4263.918851612378
LEN,-1,2025-06-05,2025-06-06,1,RESIDUAL_REVERTED,107.28314971923828,107.98588562011719,-0.006550291473712111,-41.10239999331017,4263.918851612378
BF-B,1,2025-06-06,2025-06-09,1,RESIDUAL_REVERTED,26.242429733276367,27.021820068359375,0.029699625492174198,113.9640933113417,4275.511841749673
TSCO,-1,2025-06-06,2025-06-09,1,RESIDUAL_REVERTED,50.36419677734375,49.56645965576172,0.015839369485207255,54.66257230929024,4275.511841749673
COO,-1,2025-06-06,2025-06-09,1,RESIDUAL_REVERTED,71.83999633789062,72.7699966430664,-0.01294543920633906,-68.5995775267001,4275.511841749673
LULU,1,2025-06-09,2025-06-10,1,RESIDUAL_REVERTED,266.5400085449219,260.0,-0.024536686183153744,-117.93848427075943,4288.690689636795
POOL,1,2025-06-09,2025-06-10,1,RESIDUAL_REVERTED,289.7417297363281,294.1049499511719,0.015058998297602377,51.62043864658224,4288.690689636795
RF,-1,2025-06-09,2025-06-10,1,RESIDUAL_REVERTED,21.073759078979492,21.035686492919922,0.0018066347782037528,-5.445955762783935,4288.690689636795
TGT,-1,2025-06-09,2025-06-10,1,RESIDUAL_REVERTED,93.4703369140625,92.90938568115234,0.006001382378945541,12.573559249440446,4288.690689636795
USB,-1,2025-06-09,2025-06-10,1,RESIDUAL_REVERTED,42.80219650268555,42.79268264770508,0.00022227492413551264,-12.250762727049924,4288.690689636795
AVGO,1,2025-06-09,2025-06-11,2,RESIDUAL_REVERTED,242.25518798828125,243.5502471923828,0.005345847141008164,10.026222765660252,4288.690689636795
ISRG,1,2025-06-10,2025-06-11,1,RESIDUAL_REVERTED,525.8099975585938,529.1400146484375,0.006333118627080969,14.201885574380007,4273.018595604393
EVRG,-1,2025-06-10,2025-06-11,1,RESIDUAL_REVERTED,64.45268249511719,65.06542205810547,-0.00950681242839968,-53.845128748352025,4273.018595604393
LVS,-1,2025-06-10,2025-06-11,1,RESIDUAL_REVERTED,40.91342544555664,41.8778190612793,-0.023571568628639294,-114.03497446759872,4273.018595604393
MOS,1,2025-06-09,2025-06-12,3,RESIDUAL_REVERTED,33.464107513427734,33.08089065551758,-0.011451578613186908,-61.90468223105888,4288.690689636795
SJM,1,2025-06-11,2025-06-12,1,RESIDUAL_REVERTED,90.35210418701172,91.29356384277344,0.010419897402865974,31.550525782785506,4261.12718657407
GE,1,2025-06-11,2025-06-12,1,RESIDUAL_REVERTED,241.06198120117188,238.43914794921875,-0.01088032728713162,-59.07629627413952,4261.12718657407
INTC,-1,2025-06-11,2025-06-12,1,RESIDUAL_REVERTED,21.780000686645508,20.5,0.058769542988598045,237.69564790084038,4261.12718657407
NVR,-1,2025-06-11,2025-06-12,1,RESIDUAL_REVERTED,7452.009765625,7295.0,0.02106945247834513,76.79977405493479,4261.12718657407
CZR,-1,2025-06-11,2025-06-12,1,RESIDUAL_REVERTED,28.530000686645508,27.520000457763672,0.0354013391017759,137.96178445673613,4261.12718657407
USB,1,2025-06-12,2025-06-13,1,RESIDUAL_REVERTED,41.86054229736328,41.56568908691406,-0.007043702595983636,-43.228140855943984,4308.536868837665
LMT,1,2025-06-12,2025-06-13,1,RESIDUAL_REVERTED,442.562255859375,463.5237731933594,0.04736399694384463,190.83781219092353,4308.536868837665
BEN,-1,2025-06-12,2025-06-13,1,RESIDUAL_REVERTED,21.005117416381836,20.780366897583008,0.010699798260758397,32.89947636542889,4308.536868837665
SBUX,-1,2025-06-12,2025-06-13,1,RESIDUAL_REVERTED,91.71881103515625,90.5757064819336,0.012463141860664773,40.512195266491176,4308.536868837665
BA,1,2025-06-13,2025-06-16,1,RESIDUAL_REVERTED,200.67999267578125,200.57000732421875,-0.0005480633624508346,-15.295481699355044,4311.937234124241
SPGI,1,2025-06-13,2025-06-16,1,RESIDUAL_REVERTED,468.95001220703125,472.73187255859375,0.008064527674845001,21.785764848681602,4311.937234124241
ORCL,-1,2025-06-13,2025-06-17,2,RESIDUAL_REVERTED,198.88575744628906,207.84437561035156,-0.04504404075531587,-208.17798139156417,4311.937234124241
CAH,-1,2025-06-13,2025-06-17,2,RESIDUAL_REVERTED,159.17391967773438,160.34805297851562,-0.007376417588750739,-45.477108991408365,4311.937234124241
CPAY,1,2025-06-16,2025-06-17,1,RESIDUAL_REVERTED,326.5400085449219,329.29998779296875,0.00845219322540447,23.352876448643325,4293.1909784732
MA,1,2025-06-16,2025-06-17,1,RESIDUAL_REVERTED,559.6505737304688,560.4644165039062,0.0014541980507813967,-6.645787707820678,4293.1909784732
V,1,2025-06-16,2025-06-17,1,RESIDUAL_REVERTED,353.0403747558594,350.06939697265625,-0.008415405136757093,-48.954320936622395,4293.1909784732
CF,-1,2025-06-16,2025-06-17,1,RESIDUAL_REVERTED,98.37187194824219,99.34585571289062,-0.00990103924382879,-55.79023818932797,4293.1909784732
BG,-1,2025-06-16,2025-06-18,2,RESIDUAL_REVERTED,78.93568420410156,82.9080810546875,-0.05032447480045432,-229.97369648351042,4293.1909784732
ADM,-1,2025-06-16,2025-06-18,2,RESIDUAL_REVERTED,50.37343978881836,52.088199615478516,-0.03404095161753862,-159.94853412866397,4293.1909784732
LHX,1,2025-06-17,2025-06-18,1,RESIDUAL_REVERTED,244.12379455566406,245.81808471679688,0.006940290946307215,16.777352877880837,4269.176336448071
LMT,1,2025-06-17,2025-06-18,1,RESIDUAL_REVERTED,455.57855224609375,463.0205078125,0.016335175415339354,56.825608709048176,4269.176336448071
ENPH,1,2025-06-18,2025-06-20,1,RESIDUAL_REVERTED,34.81999969482422,36.45000076293945,0.04681220799543895,186.50987906395733,4263.863633403534
CVX,-1,2025-06-18,2025-06-20,1,RESIDUAL_REVERTED,142.1917266845703,141.3163299560547,0.006156453324865696,13.162490679052363,4263.863633403534
VLO,-1,2025-06-18,2025-06-20,1,RESIDUAL_REVERTED,137.2056427001953,136.0692138671875,0.00828266834106084,22.24355769070524,4263.863633403534
ADBE,1,2025-06-18,2025-06-23,2,RESIDUAL_REVERTED,383.989990234375,377.5899963378906,-0.016667085234638557,-83.75117023911295,4263.863633403534
PTC,1,2025-06-18,2025-06-23,2,RESIDUAL_REVERTED,166.9199981689453,166.82000732421875,-0.0005990345424360388,-15.341961198455284,4263.863633403534
JBL,-1,2025-06-18,2025-06-23,2,RESIDUAL_REVERTED,199.45648193359375,203.76991271972656,-0.021625924333554147,-105.83591240818367,4263.863633403534
V,1,2025-06-20,2025-06-23,1,RESIDUAL_REVERTED,335.6701354980469,334.2341613769531,-0.004277932318772271,-31.025781008863678,4266.755857007992
STT,-1,2025-06-20,2025-06-23,1,RESIDUAL_REVERTED,96.77354431152344,96.31861114501953,0.0047010075919037275,6.950459092926626,4266.755857007992
WFC,-1,2025-06-20,2025-06-23,1,RESIDUAL_REVERTED,73.20423126220703,73.09719848632812,0.0014621118756855678,-6.891787008781054,4266.755857007992
MA,1,2025-06-20,2025-06-24,2,RESIDUAL_REVERTED,532.8837890625,552.9811401367188,0.037714322497173214,147.87616212726624,4266.755857007992
ACN,1,2025-06-23,2025-06-24,1,RESIDUAL_REVERTED,278.8309631347656,288.26837158203125,0.033846343107541754,130.99025994548788,4253.5418134173315
KMX,-1,2025-06-23,2025-06-24,1,RESIDUAL_REVERTED,67.94000244140625,67.55999755859375,0.005593242112998609,10.732393734573606,4253.5418134173315
KR,-1,2025-06-23,2025-06-25,2,RESIDUAL_REVERTED,70.1649398803711,71.26431274414062,-0.015668407407516183,-80.19687126357837,4253.5418134173315
AMGN,1,2025-06-24,2025-06-25,1,RESIDUAL_REVERTED,263.6192321777344,266.1962890625,0.009775678593237691,28.85490727842966,4267.836553662071
BNY,1,2025-06-24,2025-06-25,1,RESIDUAL_REVERTED,88.2965087890625,89.26358032226562,0.010952545536238922,33.87004902292969,4267.836553662071
NTRS,-1,2025-06-24,2025-06-25,1,RESIDUAL_REVERTED,118.1093521118164,115.40380859375,0.022907106589705295,84.77708109943048,4267.836553662071
GNRC,-1,2025-06-24,2025-06-25,1,RESIDUAL_REVERTED,134.49000549316406,135.97999572753906,-0.011078817559054377,-60.4994858574122,4267.836553662071
LOW,-1,2025-06-24,2025-06-25,1,RESIDUAL_REVERTED,213.4562530517578,213.943603515625,-0.0022831397857856484,-22.90242609278962,4267.836553662071
SLB,1,2025-06-24,2025-06-26,2,RESIDUAL_REVERTED,32.218223571777344,32.21821975708008,-1.1840184976907864e-07,-12.80401422274886,4267.836553662071
EBAY,1,2025-06-25,2025-06-26,1,RESIDUAL_REVERTED,73.05701446533203,73.45075225830078,0.00538945912107569,10.22517024576112,4293.809473958375
UBER,-1,2025-06-25,2025-06-26,1,RESIDUAL_REVERTED,91.56500244140625,91.30000305175781,0.0028941121889666244,-0.7743255247609404,4293.809473958375
EQIX,1,2025-06-26,2025-06-26,0,STOP_LOSS,769.7709350585938,701.4798247391916,-0.08871614555595553,-391.7904062371345,4277.97845731551
AZO,1,2025-06-25,2025-06-27,2,RESIDUAL_REVERTED,3568.47998046875,3517.0400390625,-0.014415084766565722,-74.68421251916038,4293.809473958375
PAYX,1,2025-06-26,2025-06-27,1,RESIDUAL_REVERTED,131.65850830078125,134.23464965820312,0.019566842968754772,70.74703752701458,4277.97845731551
YUM,-1,2025-06-26,2025-06-27,1,RESIDUAL_REVERTED,143.40545654296875,143.54212951660156,-0.0009530528121282078,-17.25705928306902,4277.97845731551
BLK,-1,2025-06-26,2025-06-27,1,RESIDUAL_REVERTED,994.4723510742188,1009.1672973632812,-0.014776626291509443,-76.48578433303602,4277.97845731551
SYK,-1,2025-06-26,2025-06-27,1,RESIDUAL_REVERTED,388.20867919921875,385.6403503417969,0.006615846051458041,15.173689282900282,4277.97845731551
NTRS,-1,2025-06-26,2025-06-27,1,RESIDUAL_REVERTED,120.48399353027344,119.87086486816406,0.005088880640027216,8.631595743977352,4277.97845731551
EQIX,1,2025-06-27,2025-06-30,1,RESIDUAL_REVERTED,743.3120727539062,771.3571166992188,0.037729837807434,147.2235464478337,4246.027584799694
ABT,1,2025-06-27,2025-06-30,1,RESIDUAL_REVERTED,129.6965789794922,130.387451171875,0.005326834353063914,9.845876019964333,4246.027584799694
FFIV,1,2025-06-27,2025-06-30,1,RESIDUAL_REVERTED,288.8800048828125,297.45001220703125,0.029666322276944213,113.03699393897274,4246.027584799694
MKC,-1,2025-06-27,2025-06-30,1,RESIDUAL_REVERTED,74.17278289794922,73.26763153076172,0.01220328174059282,38.82127486668041,4246.027584799694
TEL,1,2025-06-30,2025-07-01,1,RESIDUAL_REVERTED,166.0966796875,165.8009490966797,-0.0017804726221903877,-20.383333175675087,4266.257485291943
PLTR,1,2025-06-30,2025-07-01,1,RESIDUAL_REVERTED,137.7899932861328,135.27000427246094,-0.01828862135466469,-90.70570425425919,4266.257485291943
NKE,-1,2025-06-30,2025-07-01,1,RESIDUAL_REVERTED,68.81175231933594,69.3318099975586,-0.0075576868876876535,-45.426824207140044,4266.257485291943
BA,-1,2025-06-30,2025-07-01,1,RESIDUAL_REVERTED,213.8800048828125,209.5,0.020478795505977088,74.36838848196962,4266.257485291943
CHRW,-1,2025-06-30,2025-07-01,1,RESIDUAL_REVERTED,94.84468078613281,94.54080963134766,0.0032038818863270313,0.5545580733159323,4266.257485291943
PEP,-1,2025-06-30,2025-07-01,1,RESIDUAL_REVERTED,124.86934661865234,126.1922607421875,-0.01059438652766631,-58.405710511506015,4266.257485291943
FTV,1,2025-07-01,2025-07-02,1,RESIDUAL_REVERTED,51.77751541137695,52.96083068847656,0.022853844331812034,84.71366229306919,4274.244587369428
LW,1,2025-07-01,2025-07-02,1,RESIDUAL_REVERTED,49.89092254638672,50.55587387084961,0.013328102398680652,44.059384421052044,4274.244587369428
HPE,-1,2025-07-01,2025-07-02,1,RESIDUAL_REVERTED,19.659732818603516,20.070125579833984,-0.020874788330903726,-102.5258160996308,4274.244587369428
WMB,1,2025-07-02,2025-07-03,1,RESIDUAL_REVERTED,56.542762756347656,56.927669525146484,0.006807356946059606,16.17838680856955,4260.670300615385
HWM,1,2025-07-02,2025-07-03,1,RESIDUAL_REVERTED,174.88999938964844,176.20639038085938,0.007526965497198335,19.23980256830238,4260.670300615385
KMI,1,2025-07-02,2025-07-03,1,RESIDUAL_REVERTED,26.950246810913086,27.045373916625977,0.0035297304095327497,2.2344480969410343,4260.670300615385
PKG,-1,2025-07-02,2025-07-03,1,RESIDUAL_REVERTED,196.94100952148438,195.5641632080078,0.006991161042699701,16.713501304136646,4260.670300615385
ITW,-1,2025-07-02,2025-07-03,1,RESIDUAL_REVERTED,248.64573669433594,249.6893768310547,-0.004197297530991628,-31.032301424485276,4260.670300615385
LVS,-1,2025-07-02,2025-07-03,1,RESIDUAL_REVERTED,46.26139450073242,46.69001388549805,-0.009265163521148034,-52.65774343261594,4260.670300615385
WYNN,-1,2025-07-02,2025-07-07,2,RESIDUAL_REVERTED,101.0997085571289,103.93659210205078,-0.02806025443009874,-133.2121437747019,4260.670300615385
CNC,1,2025-07-03,2025-07-07,1,RESIDUAL_REVERTED,33.959999084472656,33.34000015258789,-0.018256741713760682,-90.1780002838463,4247.797141378809
CTAS,1,2025-07-03,2025-07-07,1,RESIDUAL_REVERTED,213.27671813964844,216.71507263183594,0.016121565083049294,55.63502494308124,4247.797141378809
STZ,-1,2025-07-03,2025-07-07,1,RESIDUAL_REVERTED,167.33502197265625,168.0788116455078,-0.004444913348582213,-31.988159070484734,4247.797141378809
LEN,1,2025-07-07,2025-07-08,1,RESIDUAL_REVERTED,107.80918884277344,106.42700958251953,-0.012820607177275511,-67.00489836944584,4240.446986346395
PCAR,1,2025-07-07,2025-07-08,1,RESIDUAL_REVERTED,94.55038452148438,94.14183807373047,-0.00432093904029629,-31.01656982125258,4240.446986346395
NOW,-1,2025-07-07,2025-07-08,1,RESIDUAL_REVERTED,208.64599609375,207.43600463867188,0.005799255570351103,11.573090336545132,4240.446986346395
CDNS,-1,2025-07-07,2025-07-08,1,RESIDUAL_REVERTED,326.80999755859375,322.1199951171875,0.0143508536349638,47.89413462632012,4240.446986346395
SNPS,-1,2025-07-07,2025-07-08,1,RESIDUAL_REVERTED,544.1099853515625,540.6699829101562,0.006322255672598254,13.796213980829526,4240.446986346395
BAX,1,2025-07-08,2025-07-09,1,RESIDUAL_REVERTED,29.426429748535156,30.68515396118164,0.04277529497811883,168.57942683261842,4245.142814898145
TSN,1,2025-07-08,2025-07-09,1,RESIDUAL_REVERTED,53.165748596191406,53.491275787353516,0.006122874214272489,13.218058319333302,4245.142814898145
MOH,1,2025-07-08,2025-07-09,1,RESIDUAL_REVERTED,231.60000610351562,230.0,-0.006908489038642274,-42.018959764983045,4245.142814898145
TSCO,-1,2025-07-08,2025-07-09,1,RESIDUAL_REVERTED,55.02412414550781,55.29651641845703,-0.004950415425584831,-34.12033876416894,4245.142814898145
SCHW,-1,2025-07-08,2025-07-09,1,RESIDUAL_REVERTED,91.22344207763672,90.88867950439453,0.0036696989898417076,2.5319648690115653,4245.142814898145
JPM,1,2025-07-09,2025-07-10,1,RESIDUAL_REVERTED,281.78912353515625,277.6876220703125,-0.01455521566407103,-74.44988707832255,4246.179288690041
DVN,-1,2025-07-09,2025-07-10,1,RESIDUAL_REVERTED,33.65237045288086,33.11974334716797,0.0158273280171648,54.23249634727709,4246.179288690041
CVX,-1,2025-07-09,2025-07-10,1,RESIDUAL_REVERTED,145.52195739746094,145.37921142578125,0.0009809239391262992,-8.904285831936516,4246.179288690041
ADSK,1,2025-07-10,2025-07-10,0,STOP_LOSS,300.0,285.2545712050131,-0.049151429316622974,-220.1423028044443,4227.189250298114
BAC,1,2025-07-09,2025-07-11,2,RESIDUAL_REVERTED,45.92030334472656,45.41396713256836,-0.011026412616595871,-59.48843255988842,4246.179288690041
DOW,-1,2025-07-09,2025-07-11,2,RESIDUAL_REVERTED,27.585208892822266,27.82475471496582,-0.00868385021386886,-50.356407373483776,4246.179288690041
MET,1,2025-07-10,2025-07-11,1,RESIDUAL_REVERTED,75.5296630859375,74.96041107177734,-0.0075368006542338994,-44.49326123405065,4227.189250298114
PTC,-1,2025-07-10,2025-07-11,1,RESIDUAL_REVERTED,198.35000610351562,194.00999450683594,0.021880572034944645,79.62135963222126,4227.189250298114
AES,-1,2025-07-10,2025-07-11,1,RESIDUAL_REVERTED,12.302379608154297,11.531720161437988,0.06264312037693087,252.2019007080647,4227.189250298114
MNST,1,2025-07-10,2025-07-14,2,RESIDUAL_REVERTED,29.78499984741211,29.440000534057617,-0.011582988588951348,-61.571607373160894,4227.189250298114
ADSK,1,2025-07-11,2025-07-14,1,RESIDUAL_REVERTED,285.6099853515625,298.3699951171875,0.04467634333554016,175.96449672912206,4228.9674387218765
CAG,1,2025-07-11,2025-07-14,1,RESIDUAL_REVERTED,17.77135467529297,17.725860595703125,-0.002559966891724552,-23.49667992053071,4228.9674387218765
DAL,-1,2025-07-11,2025-07-14,1,RESIDUAL_REVERTED,55.42640686035156,55.96854782104492,-0.00978127559412778,-54.45178466221139,4228.9674387218765
UAL,-1,2025-07-11,2025-07-14,1,RESIDUAL_REVERTED,90.98999786376953,87.75,0.03560828596369969,137.80179926302492,4228.9674387218765
PYPL,1,2025-07-14,2025-07-15,1,RESIDUAL_REVERTED,70.77076721191406,72.95638275146484,0.030883027352327952,117.76049851372424,4230.403985414633
NSC,-1,2025-07-14,2025-07-15,1,RESIDUAL_REVERTED,259.58551025390625,257.08209228515625,0.009643904878594123,27.835089694836878,4230.403985414633
HRL,1,2025-07-14,2025-07-16,2,RESIDUAL_REVERTED,28.656354904174805,27.801223754882812,-0.02984089051630956,-138.740875591509,4230.403985414633
KHC,-1,2025-07-14,2025-07-16,2,RESIDUAL_REVERTED,25.144161224365234,25.116491317749023,0.0011004505725725755,-8.705297724102728,4230.403985414633
HSIC,1,2025-07-15,2025-07-16,1,RESIDUAL_REVERTED,70.9800033569336,70.72000122070312,-0.003663033585994735,-28.294921545703314,4250.057174931195
STZ,1,2025-07-15,2025-07-16,1,RESIDUAL_REVERTED,159.38507080078125,160.2061309814453,0.005151424638072388,9.110836945497226,4250.057174931195
VTR,-1,2025-07-14,2025-07-17,3,RESIDUAL_REVERTED,63.16173553466797,64.04901123046875,-0.014047677573928885,-73.22504987936891,4230.403985414633
WAT,1,2025-07-15,2025-07-17,2,RESIDUAL_REVERTED,308.3900146484375,291.3399963378906,-0.05528719316669117,-247.37144292669637,4250.057174931195
FAST,-1,2025-07-15,2025-07-17,2,RESIDUAL_REVERTED,43.992122650146484,44.518157958984375,-0.011957488685446327,-64.32408670192035,4250.057174931195
GEN,-1,2025-07-15,2025-07-17,2,RESIDUAL_REVERTED,29.110700607299805,29.335308074951172,-0.007715632498210834,-46.269358573269834,4250.057174931195
STT,1,2025-07-16,2025-07-17,1,RESIDUAL_REVERTED,100.26809692382812,102.0716552734375,0.01798735993742362,63.18573316018756,4223.538293583763
C,-1,2025-07-16,2025-07-17,1,RESIDUAL_REVERTED,88.99951934814453,87.68612670898438,0.014757300362741144,49.421048654517065,4223.538293583763
MTB,1,2025-07-17,2025-07-18,1,RESIDUAL_REVERTED,186.0930633544922,189.12289428710938,0.01628126743685021,56.0287378406748,4226.400442685549
UHS,1,2025-07-17,2025-07-18,1,RESIDUAL_REVERTED,168.8178253173828,170.17042541503906,0.008012187665095816,21.132718096342426,4226.400442685549
JNJ,-1,2025-07-17,2025-07-18,1,RESIDUAL_REVERTED,158.4208221435547,159.14894104003906,-0.004596106033489589,-32.468340868804816,4226.400442685549
F,1,2025-07-17,2025-07-21,2,RESIDUAL_REVERTED,10.549851417541504,10.615846633911133,0.006255558847008791,13.71963760716601,4226.400442685549
ABT,1,2025-07-18,2025-07-21,1,RESIDUAL_REVERTED,119.85958862304688,121.45277404785156,0.013292098221821647,43.40863320248178,4225.852487471204
SNA,-1,2025-07-18,2025-07-21,1,RESIDUAL_REVERTED,326.74066162109375,327.2339172363281,-0.001509624216303962,-19.400849124132996,4225.852487471204
PEP,-1,2025-07-18,2025-07-21,1,RESIDUAL_REVERTED,139.20265197753906,136.19515991210938,0.021605134835469664,78.43104543428372,4225.852487471204
ALLE,-1,2025-07-18,2025-07-21,1,RESIDUAL_REVERTED,152.40679931640625,151.4774932861328,0.006097536556385119,12.795913618679236,4225.852487471204
ELV,1,2025-07-18,2025-07-22,2,RESIDUAL_REVERTED,283.1048889160156,269.1402893066406,-0.04932659292053998,-220.81179249606947,4225.852487471204
NSC,-1,2025-07-18,2025-07-22,2,RESIDUAL_REVERTED,271.8876037597656,273.540283203125,-0.006078539148182793,-39.071431323191625,4225.852487471204
MMM,1,2025-07-21,2025-07-22,1,RESIDUAL_REVERTED,148.8029327392578,149.5164031982422,0.004794733852689248,7.542906893158273,4219.709489357279
IVZ,-1,2025-07-21,2025-07-22,1,RESIDUAL_REVERTED,19.39639663696289,19.23324203491211,0.008411593405955875,22.55386187191683,4219.709489357279
MOH,1,2025-07-21,2025-07-23,2,RESIDUAL_REVERTED,183.38999938964844,182.7100067138672,-0.0037079048914574475,-28.281940502004794,4219.709489357279
EQT,1,2025-07-22,2025-07-23,1,RESIDUAL_REVERTED,52.50813674926758,52.51799011230469,0.00018765402177867152,-11.817053548058077,4201.4286354129335
EXE,1,2025-07-22,2025-07-23,1,RESIDUAL_REVERTED,95.95401000976562,94.9620132446289,-0.010338252304783913,-55.97456203577155,4201.4286354129335
VZ,-1,2025-07-22,2025-07-23,1,RESIDUAL_REVERTED,40.016510009765625,39.68889617919922,0.008186966591700706,21.509180710309167,4201.4286354129335
TJX,-1,2025-07-22,2025-07-23,1,RESIDUAL_REVERTED,123.18074035644531,124.27389526367188,-0.00887439792993061,-50.280196173120856,4201.4286354129335
LIN,-1,2025-07-22,2025-07-23,1,RESIDUAL_REVERTED,462.6580505371094,465.6478271484375,-0.00646217353800993,-40.129946118494246,4201.4286354129335
MSCI,1,2025-07-23,2025-07-24,1,RESIDUAL_REVERTED,525.524658203125,523.107177734375,-0.0046001275696859745,-31.95122591298584,4207.858440294308
LMT,1,2025-07-23,2025-07-24,1,RESIDUAL_REVERTED,400.41668701171875,407.4232177734375,0.01749809882801845,60.8955032374342,4207.858440294308
NOC,-1,2025-07-23,2025-07-24,1,RESIDUAL_REVERTED,551.1627197265625,556.9453125,-0.010491625370283142,-57.17467985305944,4207.858440294308
OTIS,1,2025-07-24,2025-07-25,1,RESIDUAL_REVERTED,86.3832015991211,87.86399841308594,0.017142184898827795,59.1131563938835,4187.530565636355
TXN,1,2025-07-24,2025-07-25,1,RESIDUAL_REVERTED,180.41014099121094,179.71336364746094,-0.0038621850186567608,-28.711349985953213,4187.530565636355
FISV,1,2025-07-24,2025-07-25,1,RESIDUAL_REVERTED,143.30999755859375,141.0,-0.016118886316003778,-79.959673335494,4187.530565636355
IQV,-1,2025-07-23,2025-07-28,3,RESIDUAL_REVERTED,191.27000427246094,198.67999267578125,-0.03874098519266456,-176.92220605186236,4207.858440294308
TEL,-1,2025-07-24,2025-07-28,2,RESIDUAL_REVERTED,198.06410217285156,203.78138732910156,-0.02886583229130779,-134.30466652262078,4187.530565636355
BKR,-1,2025-07-24,2025-07-28,2,RESIDUAL_REVERTED,43.54536437988281,45.367103576660156,-0.04183543352364172,-188.6985205489775,4187.530565636355
LKQ,1,2025-07-25,2025-07-28,1,RESIDUAL_REVERTED,30.193870544433594,30.47844696044922,0.009424973045335072,26.47006327227659,4128.95681353044
WST,-1,2025-07-25,2025-07-28,1,RESIDUAL_REVERTED,278.0010070800781,260.002197265625,0.06474368565603283,255.02860682362265,4128.95681353044
LW,-1,2025-07-24,2025-07-29,3,RESIDUAL_REVERTED,55.027462005615234,57.060874938964844,-0.03695269342318763,-168.57527934441714,4187.530565636355
WAB,1,2025-07-25,2025-07-29,2,RESIDUAL_REVERTED,199.50965881347656,197.8197479248047,-0.008470321180047646,-47.30800040421663,4128.95681353044
CHTR,1,2025-07-28,2025-07-29,1,RESIDUAL_REVERTED,309.010009765625,297.3699951171875,-0.037668730075333556,-167.79431595997073,4131.620658027251
CMCSA,1,2025-07-28,2025-07-29,1,RESIDUAL_REVERTED,30.09770965576172,29.999380111694336,-0.0032670108520552743,-25.87266442614307,4131.620658027251
DOC,1,2025-07-28,2025-07-30,2,RESIDUAL_REVERTED,16.311647415161133,16.098846435546875,-0.013045952637283365,-66.21493800279704,4131.620658027251
RVTY,1,2025-07-29,2025-07-30,1,RESIDUAL_REVERTED,94.5784912109375,94.6682357788086,0.0009488898239129462,-8.452106981647526,4117.8898844183095
WSM,-1,2025-07-29,2025-07-30,1,RESIDUAL_REVERTED,185.9415283203125,185.67529296875,0.0014318229712723118,-6.773039688505706,4117.8898844183095
UNP,-1,2025-07-29,2025-07-30,1,RESIDUAL_REVERTED,220.34103393554688,219.81549072265625,0.002385135457993459,-2.8402463265398548,4117.8898844183095
SMCI,-1,2025-07-29,2025-07-30,1,RESIDUAL_REVERTED,59.72999954223633,59.560001373291016,0.002846110333972196,-0.9369186884434013,4117.8898844183095
ROST,-1,2025-07-29,2025-07-30,1,RESIDUAL_REVERTED,139.8483428955078,138.47349548339844,0.009830988223697656,27.86739499571716,4117.8898844183095
JCI,1,2025-07-30,2025-07-31,1,RESIDUAL_REVERTED,101.79698944091797,103.4625473022461,0.016361563052852413,55.17981282293088,4137.341766943672
GLW,-1,2025-07-30,2025-07-31,1,RESIDUAL_REVERTED,61.0168571472168,62.280635833740234,-0.02071195970441897,-98.56568415916409,4137.341766943672
CARR,1,2025-07-30,2025-08-01,2,RESIDUAL_REVERTED,70.36771392822266,66.96997833251953,-0.04828543384497219,-211.88570746935747,4137.341766943672
UPS,1,2025-07-30,2025-08-01,2,RESIDUAL_REVERTED,83.61489868164062,78.96399688720703,-0.055622883813346014,-242.1977093790443,4137.341766943672
IEX,1,2025-07-31,2025-08-01,1,RESIDUAL_REVERTED,160.11978149414062,159.80447387695312,-0.0019691983978821215,-20.284570722747894,4084.488855337999
GRMN,1,2025-07-31,2025-08-01,1,RESIDUAL_REVERTED,215.0772247314453,213.04847717285156,-0.009432647092814883,-50.72321718006215,4084.488855337999
TER,-1,2025-07-31,2025-08-01,1,RESIDUAL_REVERTED,108.18138885498047,104.07349395751953,0.03797228840320821,142.7555993672182,4084.488855337999
HUM,-1,2025-07-31,2025-08-01,1,RESIDUAL_REVERTED,256.4298400878906,245.96090698242188,0.040825720992067716,154.43748404690464,4084.488855337999
AEP,-1,2025-07-31,2025-08-01,1,RESIDUAL_REVERTED,108.28047180175781,110.01203918457031,-0.015991502013241066,-77.99439014621848,4084.488855337999
GNRC,-1,2025-07-31,2025-08-04,2,RESIDUAL_REVERTED,181.0,195.33999633789062,-0.07922649910436808,-337.03408877291963,4084.488855337999
ALGN,1,2025-08-01,2025-08-04,1,RESIDUAL_REVERTED,129.0,140.67999267578125,0.0905425788820251,355.2053392371221,4063.819764768081
XYL,-1,2025-08-01,2025-08-04,1,RESIDUAL_REVERTED,141.31170654296875,140.36756896972656,0.006681241040388253,14.681491113080247,4063.819764768081
EMN,1,2025-08-04,2025-08-05,1,RESIDUAL_REVERTED,56.191497802734375,57.95982360839844,0.03146963285926163,116.10267258901848,4084.8962978927066
IR,1,2025-08-04,2025-08-05,1,RESIDUAL_REVERTED,75.58624267578125,78.34282684326172,0.036469390062217055,136.49552704320035,4084.8962978927066
GWW,1,2025-08-04,2025-08-05,1,RESIDUAL_REVERTED,919.8180541992188,925.57666015625,0.00626059244080035,13.280821184035942,4084.8962978927066
D,-1,2025-08-04,2025-08-05,1,RESIDUAL_REVERTED,57.494285583496094,58.139007568359375,-0.011213670686054167,-58.45689859953002,4084.896297892707
AMZN,1,2025-08-04,2025-08-06,2,RESIDUAL_REVERTED,217.39999389648438,214.6999969482422,-0.012419489531024563,-62.91091721046701,4084.8962978927066
MPWR,-1,2025-08-04,2025-08-06,2,RESIDUAL_REVERTED,785.9205932617188,796.4271240234375,-0.013368438048066311,-67.61439683177394,4084.896297892706
ON,1,2025-08-05,2025-08-06,1,RESIDUAL_REVERTED,48.40999984741211,46.900001525878906,-0.031191867925897676,-139.07486639798958,4073.057257235733
IDXX,-1,2025-08-05,2025-08-06,1,RESIDUAL_REVERTED,676.47998046875,647.010009765625,0.04356369967179885,165.1776740396164,4073.057257235733
BEN,-1,2025-08-05,2025-08-06,1,RESIDUAL_REVERTED,23.972692489624023,24.058135986328125,-0.003564201090098029,-27.08140119313171,4073.057257235733
IT,1,2025-08-06,2025-08-07,1,RESIDUAL_REVERTED,244.0,246.9199981689453,0.01196720561043163,36.6641907942169,4096.89874803405
VRTX,1,2025-08-06,2025-08-07,1,RESIDUAL_REVERTED,375.760009765625,385.0,0.02459013730635773,88.30149154618317,4096.89874803405
TDG,1,2025-08-06,2025-08-07,1,RESIDUAL_REVERTED,1343.61181640625,1311.57470703125,-0.023844021750783262,-109.83070928869435,4096.89874803405
LDOS,-1,2025-08-06,2025-08-07,1,RESIDUAL_REVERTED,172.6202392578125,173.09371948242188,-0.0027429009868433774,-23.869143081148223,4096.89874803405
KMB,-1,2025-08-04,2025-08-08,4,RESIDUAL_REVERTED,123.74382019042969,128.63291931152344,-0.03950984472250729,-175.22509896812787,4084.896297892707
MKTX,1,2025-08-07,2025-08-08,1,RESIDUAL_REVERTED,182.10580444335938,180.20053100585938,-0.010462453096011015,-54.863694738072624,4080.068144247022
MOS,1,2025-08-07,2025-08-08,1,RESIDUAL_REVERTED,29.881061553955078,30.61874771118164,0.024687414665457874,88.33504020640017,4080.068144247022
AIZ,-1,2025-08-07,2025-08-08,1,RESIDUAL_REVERTED,205.76197814941406,199.80111694335938,0.02896969235845026,105.82352782102396,4080.0681442470222
MTCH,-1,2025-08-07,2025-08-08,1,RESIDUAL_REVERTED,36.60150909423828,35.67303466796875,0.02536710778451723,91.10026959207842,4080.068144247022
ANET,-1,2025-08-07,2025-08-08,1,RESIDUAL_REVERTED,139.0800018310547,139.60000610351562,-0.0037388860052836037,-27.842277060132744,4080.068144247022
FTNT,1,2025-08-08,2025-08-11,1,RESIDUAL_REVERTED,76.11000061035156,74.0199966430664,-0.027460306799694023,-124.87718003510815,4105.220501523065
LLY,1,2025-08-08,2025-08-11,1,RESIDUAL_REVERTED,649.4684448242188,624.1043701171875,-0.039053590531093696,-172.39877661014253,4105.220501523065
ABNB,1,2025-08-08,2025-08-11,1,RESIDUAL_REVERTED,120.56999969482422,120.01000213623047,-0.004644584556781628,-31.35410468251134,4105.220501523065
BDX,-1,2025-08-08,2025-08-12,2,RESIDUAL_REVERTED,142.55145263671875,147.6090850830078,-0.03547934694975052,-158.85767769125698,4105.220501523065
GDDY,1,2025-08-11,2025-08-12,1,RESIDUAL_REVERTED,132.7899932861328,134.6699981689453,0.014157730084084719,45.179691149776446,4056.904553894823
AKAM,1,2025-08-11,2025-08-12,1,RESIDUAL_REVERTED,70.95999908447266,70.63999938964844,-0.004509578621094468,-30.43820131068313,4056.904553894823
GILD,-1,2025-08-11,2025-08-12,1,RESIDUAL_REVERTED,115.5520248413086,116.84098815917969,-0.011154831078393324,-57.81800490549978,4056.904553894823
MNST,-1,2025-08-11,2025-08-12,1,RESIDUAL_REVERTED,32.21500015258789,31.864999771118164,0.010864515902900274,31.653576214220507,4056.904553894823
MET,-1,2025-08-11,2025-08-12,1,RESIDUAL_REVERTED,74.24066162109375,73.6767578125,0.007595619385395214,18.37270426228783,4056.904553894823
INTU,1,2025-08-12,2025-08-13,1,RESIDUAL_REVERTED,699.2842407226562,705.5537719726562,0.008965640700727029,24.17099142494861,4060.855303669566
HSY,1,2025-08-12,2025-08-13,1,RESIDUAL_REVERTED,169.7903289794922,169.06785583496094,-0.004255090080062862,-29.43595207254498,4060.855303669566
GEN,-1,2025-08-11,2025-08-14,3,RESIDUAL_REVERTED,29.83333969116211,31.337217330932617,-0.05040929561821805,-217.98209095952004,4056.9045538948235
CRM,1,2025-08-12,2025-08-14,2,RESIDUAL_REVERTED,230.6387176513672,234.59817504882812,0.01716735783905121,57.42701898550001,4060.855303669566
CAH,1,2025-08-13,2025-08-14,1,RESIDUAL_REVERTED,146.11045837402344,146.1698455810547,0.0004064541833086466,-10.465082413077894,4034.0998915760997
DAL,-1,2025-08-13,2025-08-14,1,RESIDUAL_REVERTED,57.589962005615234,58.21314239501953,-0.010820989764562361,-56.14749849325153,4034.0998915760997
UAL,-1,2025-08-13,2025-08-14,1,RESIDUAL_REVERTED,98.66999816894531,98.0199966430664,0.00658763086998293,14.188923176590059,4034.0998915760997
CSGP,1,2025-08-13,2025-08-15,2,RESIDUAL_REVERTED,89.1500015258789,87.97000122070312,-0.013236122097353475,-65.4180446344732,4034.0998915760993
NXPI,-1,2025-08-13,2025-08-15,2,RESIDUAL_REVERTED,215.94281005859375,228.41404724121094,-0.05775250020703737,-246.10121552291162,4034.0998915760997
APTV,-1,2025-08-13,2025-08-15,2,RESIDUAL_REVERTED,71.87999725341797,74.5,-0.03644967788945541,-160.02822156957964,4034.0998915760997
RJF,1,2025-08-14,2025-08-15,1,RESIDUAL_REVERTED,162.3922882080078,163.04339599609375,0.004009474804936186,3.9933569207520128,3979.5851971553043
SCHW,1,2025-08-14,2025-08-15,1,RESIDUAL_REVERTED,96.1313247680664,95.92398071289062,-0.002156883364252349,-20.509381448172498,3979.585197155304
AMCR,1,2025-08-15,2025-08-18,1,RESIDUAL_REVERTED,40.656761169433594,40.00699234008789,-0.015981814848404885,-75.64942428171187,3990.402693428581
TPR,1,2025-08-15,2025-08-18,1,RESIDUAL_REVERTED,94.55892181396484,98.79803466796875,0.0448303848297249,166.65174335913008,3990.4026934285816
SWKS,-1,2025-08-15,2025-08-18,1,RESIDUAL_REVERTED,72.69271087646484,71.45477294921875,0.017029739465210803,55.7746872428054,3990.402693428581
INTC,-1,2025-08-15,2025-08-19,2,RESIDUAL_REVERTED,25.010000228881836,24.940000534057617,0.002798868220056372,-1.3964479343060097,3990.402693428581
AMAT,1,2025-08-18,2025-08-19,1,RESIDUAL_REVERTED,160.46005249023438,162.8697967529297,0.015017720767865006,48.10494299121108,4010.351332577468
KLAC,1,2025-08-18,2025-08-19,1,RESIDUAL_REVERTED,86.83555603027344,87.86499786376953,0.011855072743902184,35.44063826841445,4010.351332577468
LRCX,1,2025-08-18,2025-08-19,1,RESIDUAL_REVERTED,98.35062408447266,98.1817398071289,-0.0017171652840626273,-18.90716042880093,4010.351332577468
UNH,-1,2025-08-18,2025-08-19,1,RESIDUAL_REVERTED,303.14459228515625,299.0017395019531,0.013666259892593069,42.544143866921765,4010.351332577468
CRM,-1,2025-08-18,2025-08-19,1,RESIDUAL_REVERTED,237.34010314941406,242.51712036132812,-0.021812652574162428,-99.96252604881494,4010.3513325774675
NEE,-1,2025-08-18,2025-08-19,1,RESIDUAL_REVERTED,73.41606140136719,73.11705017089844,0.004072831268270405,4.01027961754357,4010.351332577468
EPAM,-1,2025-08-19,2025-08-20,1,RESIDUAL_REVERTED,165.5,167.08999633789062,-0.009607228627737996,-51.098051053474386,4022.842027501967
MDT,1,2025-08-20,2025-08-21,1,RESIDUAL_REVERTED,86.80258178710938,89.64605712890625,0.032757958153488254,118.58315217875922,3991.513204632464
PLTR,1,2025-08-20,2025-08-21,1,RESIDUAL_REVERTED,152.3000030517578,157.1699981689453,0.03197632974132292,115.4679518706777,3991.513204632464
ORCL,1,2025-08-20,2025-08-21,1,RESIDUAL_REVERTED,229.56350708007812,230.4237060546875,0.0037471067834371485,2.9596516520518454,3991.513204632464
JBL,1,2025-08-20,2025-08-21,1,RESIDUAL_REVERTED,204.8837127685547,204.45423889160156,-0.002096183591900669,-20.328933683573037,3991.5132046324643
PLD,-1,2025-08-20,2025-08-21,1,RESIDUAL_REVERTED,107.08319854736328,104.79602813720703,0.021358816706849026,73.09410720126013,3991.5132046324643
FRT,-1,2025-08-20,2025-08-21,1,RESIDUAL_REVERTED,93.02268981933594,91.91082000732422,0.011952673204474462,35.491514225085,3991.513204632464
HD,-1,2025-08-20,2025-08-21,1,RESIDUAL_REVERTED,396.150390625,386.7030334472656,0.023847905748191844,83.04682781460302,3991.5132046324643
KIM,-1,2025-08-20,2025-08-21,1,RESIDUAL_REVERTED,20.531246185302734,20.3330135345459,0.009655168954076476,26.30696391217574,3991.513204632464
TRMB,1,2025-08-20,2025-08-22,2,RESIDUAL_REVERTED,81.12000274658203,80.91000366210938,-0.00258874602271264,-22.292054026095194,3991.513204632464
ADI,-1,2025-08-21,2025-08-25,2,RESIDUAL_REVERTED,240.0366668701172,248.53631591796875,-0.03540979450631476,-155.4328740342024,4024.1243576541438
EIX,1,2025-08-22,2025-08-25,1,RESIDUAL_REVERTED,51.50175094604492,52.30734634399414,0.015642097271473254,50.79193634213655,4025.1532643481387
PCG,1,2025-08-22,2025-08-25,1,RESIDUAL_REVERTED,14.654654502868652,14.96140193939209,0.02093174127465036,72.05162672702521,4025.153264348139
DHR,1,2025-08-22,2025-08-25,1,RESIDUAL_REVERTED,205.3649444580078,209.75259399414062,0.02136513389718253,73.79348174876114,4025.153264348139
PKG,-1,2025-08-22,2025-08-25,1,RESIDUAL_REVERTED,204.94044494628906,205.71615600585938,-0.0037850559940650896,-27.65528582067398,4025.1532643481387
CSX,1,2025-08-25,2025-08-25,0,STOP_LOSS,34.211761474609375,32.40640944859859,-0.05276992321341445,-223.19572515919356,4007.7688252075004
WMT,1,2025-08-22,2025-08-26,2,RESIDUAL_REVERTED,97.25119018554688,95.47612762451172,-0.018252347941947966,-85.43375494674345,4025.1532643481387
NDSN,-1,2025-08-22,2025-08-26,2,RESIDUAL_REVERTED,217.62014770507812,222.22567749023438,-0.021163158989294217,-98.04253718197928,4025.1532643481387
SW,-1,2025-08-22,2025-08-26,2,RESIDUAL_REVERTED,42.537776947021484,43.46525955200195,-0.021803739441663694,-100.63880407175009,4025.1532643481387
CCL,-1,2025-08-25,2025-08-26,1,RESIDUAL_REVERTED,30.61798095703125,30.696714401245117,-0.0025714773395528745,-22.66416030078977,4007.7688252075
ES,1,2025-08-26,2025-08-27,1,RESIDUAL_REVERTED,59.89016342163086,61.01482391357422,0.018778718034640818,62.55511195722454,3971.6144595373266
DXCM,1,2025-08-26,2025-08-27,1,RESIDUAL_REVERTED,76.25,75.80000305175781,-0.005901599321209039,-35.31856226132361,3971.614459537326
DPZ,-1,2025-08-26,2025-08-27,1,RESIDUAL_REVERTED,448.7591857910156,441.5437927246094,0.016078541219580522,51.72968014801979,3971.6144595373266
KDP,1,2025-08-26,2025-08-28,2,RESIDUAL_REVERTED,29.774532318115234,28.602764129638672,-0.03935471348322883,-167.98213987587079,3971.6144595373257
CSX,1,2025-08-26,2025-08-28,2,RESIDUAL_REVERTED,31.772979736328125,32.2450065612793,0.014856234097914145,46.999885927698834,3971.614459537326
ERIE,1,2025-08-27,2025-08-28,1,RESIDUAL_REVERTED,342.5726013183594,343.17974853515625,0.0017723169175243303,-4.878629102217552,3965.264012324713
SJM,1,2025-08-28,2025-08-29,1,RESIDUAL_REVERTED,101.63536071777344,103.2009048461914,0.015403537876598428,49.214580318952486,3975.1906923727893
SBAC,1,2025-08-28,2025-08-29,1,RESIDUAL_REVERTED,203.0166473388672,202.1390380859375,-0.00432284378859249,-29.08392427752314,3975.1906923727893
KMX,-1,2025-08-28,2025-08-29,1,RESIDUAL_REVERTED,61.7599983215332,62.29999923706055,-0.008743538377640636,-47.05252604798994,3975.190692372789
HRL,1,2025-08-29,2025-09-02,1,RESIDUAL_REVERTED,23.99114418029785,24.200176239013672,0.008712884101937934,22.637792231840088,3971.6715581730155
COO,1,2025-08-29,2025-09-02,1,RESIDUAL_REVERTED,65.05999755859375,66.37999725341797,0.02028896010387049,68.54519948624615,3971.6715581730155
BBY,1,2025-08-29,2025-09-02,1,RESIDUAL_REVERTED,68.2470932006836,68.45330810546875,0.0030215924974090758,0.0677571483556072,3971.6715581730155
NTAP,-1,2025-08-29,2025-09-02,1,RESIDUAL_REVERTED,114.45690155029297,109.00237274169922,0.047655744081076645,177.3365793476903,3971.6715581730155
A,-1,2025-08-29,2025-09-02,1,RESIDUAL_REVERTED,124.00492095947266,123.8858642578125,0.0009600965892238023,-8.41298292607129,3971.671558173015
HPQ,-1,2025-08-29,2025-09-02,1,RESIDUAL_REVERTED,26.47130012512207,26.4241943359375,0.0017795041785599874,-5.156954866246148,3971.671558173016
FICO,-1,2025-08-29,2025-09-02,1,RESIDUAL_REVERTED,1508.1099853515625,1505.0,0.0020621740998800764,-4.03049099413102,3971.6715581730155
ULTA,1,2025-09-02,2025-09-03,1,RESIDUAL_REVERTED,491.260009765625,535.1799926757812,0.0894027236841648,344.412239499545,3992.323525076789
DELL,1,2025-09-02,2025-09-03,1,RESIDUAL_REVERTED,117.61128234863281,120.1686782836914,0.021744477944537266,74.7038037770015,3992.323525076789
ADSK,-1,2025-09-02,2025-09-04,2,RESIDUAL_REVERTED,313.0199890136719,318.5799865722656,-0.017762436118259783,-83.641194524553,3992.323525076789
KHC,1,2025-09-03,2025-09-04,1,RESIDUAL_REVERTED,24.568096160888672,25.223247528076172,0.026666753618071137,95.20051798967245,4029.3524897298576
BIIB,-1,2025-09-03,2025-09-04,1,RESIDUAL_REVERTED,139.55999755859375,141.77999877929688,-0.01590714574046248,-76.6042081985241,4029.3524897298576
RL,-1,2025-09-03,2025-09-04,1,RESIDUAL_REVERTED,305.9483642578125,308.38507080078125,-0.007964437230706833,-44.55084021200246,4029.352489729857
TTWO,-1,2025-09-03,2025-09-04,1,RESIDUAL_REVERTED,241.0,238.52999877929688,0.010248967720759894,28.95364093605341,4029.3524897298576
ROST,-1,2025-09-03,2025-09-04,1,RESIDUAL_REVERTED,149.3535614013672,149.52169799804688,-0.0011257622188722838,-16.950172471220853,4029.3524897298576
STZ,1,2025-09-03,2025-09-05,2,RESIDUAL_REVERTED,145.98387145996094,142.07803344726562,-0.02675527079555884,-119.73276483718104,4029.3524897298576
ERIE,1,2025-09-03,2025-09-05,2,RESIDUAL_REVERTED,330.5473327636719,328.4810791015625,-0.006251006912788126,-37.23778647114973,4029.3524897298576
DLTR,1,2025-09-04,2025-09-05,1,RESIDUAL_REVERTED,101.68000030517578,100.18000030517578,-0.014752163606392532,-71.16402113756453,4013.7551724329473
ISRG,1,2025-09-04,2025-09-05,1,RESIDUAL_REVERTED,440.69000244140625,454.8299865722656,0.032086010693513245,116.55094777945338,4013.7551724329473
NI,1,2025-09-05,2025-09-08,1,RESIDUAL_REVERTED,38.45022201538086,39.27804946899414,0.02152984846959094,74.41409380524325,4022.9154094991595
TROW,-1,2025-09-05,2025-09-08,1,RESIDUAL_REVERTED,104.91827392578125,101.52049255371094,0.03238502927024789,118.09997126882755,4022.9154094991595
CPRT,-1,2025-09-05,2025-09-08,1,RESIDUAL_REVERTED,48.7599983215332,48.66999816894531,0.0018457784184980897,-4.95023256600438,4022.9154094991595
WSM,-1,2025-09-05,2025-09-08,1,RESIDUAL_REVERTED,201.51229858398438,199.66824340820312,0.009151080051884253,24.48423223546667,4022.9154094991595
LULU,1,2025-09-08,2025-09-09,1,RESIDUAL_REVERTED,167.75999450683594,167.8300018310547,0.00041730642889303837,-10.449071309768538,4044.823408559675
KVUE,1,2025-09-08,2025-09-09,1,RESIDUAL_REVERTED,17.67821502685547,17.4425106048584,-0.013333044181157772,-65.98338472316918,4044.823408559675
FAST,1,2025-09-08,2025-09-09,1,RESIDUAL_REVERTED,47.077392578125,46.8620719909668,-0.004573757707606263,-30.6067624031237,4044.8234085596755
SCHW,1,2025-09-08,2025-09-09,1,RESIDUAL_REVERTED,91.0167007446289,92.38914489746094,0.015079036502133603,48.7660815369433,4044.823408559675
POOL,-1,2025-09-08,2025-09-09,1,RESIDUAL_REVERTED,323.4405517578125,322.8260498046875,0.00189989149407932,-4.761210302242176,4044.823408559675
AVGO,-1,2025-09-08,2025-09-10,2,RESIDUAL_REVERTED,339.6384582519531,348.32879638671875,-0.02558702621456055,-116.42377238820531,4044.8234085596755
CVS,1,2025-09-09,2025-09-10,1,RESIDUAL_REVERTED,69.35856628417969,69.85287475585938,0.0071268553858852,16.596830326684966,4032.1099645320414
LYV,-1,2025-09-09,2025-09-10,1,RESIDUAL_REVERTED,170.86000061035156,170.83999633789062,0.00011707990395337653,-11.942502619071277,4032.1099645320414
SOLV,-1,2025-09-09,2025-09-10,1,RESIDUAL_REVERTED,74.0999984741211,72.54000091552734,0.021052599065013,72.6025677545968,4032.1099645320414
TTWO,-1,2025-09-09,2025-09-10,1,RESIDUAL_REVERTED,249.27999877929688,248.5800018310547,0.0028080750628610707,-1.0750645804803278,4032.1099645320414
HUM,1,2025-09-10,2025-09-11,1,RESIDUAL_REVERTED,266.1693420410156,271.7882385253906,0.021110231709214444,73.2251523164943,4050.3849061739734
UNH,-1,2025-09-10,2025-09-11,1,RESIDUAL_REVERTED,334.4870300292969,337.8168029785156,-0.009954864165965027,-52.855261859335336,4050.384906173973
FOX,1,2025-09-10,2025-09-12,2,RESIDUAL_REVERTED,52.338932037353516,52.061798095703125,-0.005294986559003623,-33.565718255048765,4050.3849061739734
NWS,1,2025-09-10,2025-09-12,2,RESIDUAL_REVERTED,32.13447570800781,31.995410919189453,-0.004327588540170457,-29.653261422804796,4050.3849061739734
FOXA,1,2025-09-10,2025-09-12,2,RESIDUAL_REVERTED,57.79985427856445,57.72059631347656,-0.0013712485278234432,-17.696907931721682,4050.3849061739734
SNPS,1,2025-09-11,2025-09-12,1,RESIDUAL_REVERTED,415.9700012207031,443.82000732421875,0.0669519581262763,255.78026531549907,4005.859602080694
ORCL,-1,2025-09-11,2025-09-12,1,RESIDUAL_REVERTED,326.6173400878906,302.3439636230469,0.07431747640315711,285.8380655308976,4005.859602080694
DLR,-1,2025-09-11,2025-09-12,1,RESIDUAL_REVERTED,167.71498107910156,167.72462463378906,-5.749966178014709e-05,-12.567887020643639,4005.859602080694
AVGO,-1,2025-09-11,2025-09-12,1,RESIDUAL_REVERTED,367.8103332519531,359.6154479980469,0.02228019311326057,77.05959119796015,4005.859602080694
PWR,-1,2025-09-11,2025-09-12,1,RESIDUAL_REVERTED,390.79718017578125,387.8197326660156,0.007618907353493132,18.231760527174036,4005.859602080694
CDW,1,2025-09-12,2025-09-15,1,RESIDUAL_REVERTED,161.7562255859375,161.2270050048828,-0.0032717169255011003,-25.631602645159205,4090.056233272456
WBD,-1,2025-09-12,2025-09-16,2,RESIDUAL_REVERTED,17.530000686645508,18.770000457763672,-0.07073586551897892,-302.72757358228347,4090.0562332724558
ANET,1,2025-09-15,2025-09-16,1,RESIDUAL_REVERTED,139.60000610351562,145.25999450683594,0.04054432776402139,151.92523504686886,4053.121756467763
FFIV,1,2025-09-15,2025-09-16,1,RESIDUAL_REVERTED,320.2699890136719,324.04998779296875,0.01180253819890531,35.60600339958874,4053.1217564677627
CTVA,-1,2025-09-15,2025-09-16,1,RESIDUAL_REVERTED,73.20220947265625,69.35832977294922,0.05251043277789125,200.6860128609043,4053.121756467763
MKC,1,2025-09-16,2025-09-17,1,RESIDUAL_REVERTED,64.04129791259766,64.95188903808594,0.014218811222893146,45.82039898883229,4092.026660280695
ERIE,1,2025-09-16,2025-09-17,1,RESIDUAL_REVERTED,315.5353698730469,315.3394775390625,-0.0006208252788370006,-14.81270292283078,4092.0266602806946
SJM,1,2025-09-16,2025-09-17,1,RESIDUAL_REVERTED,98.44664764404297,100.44439697265625,0.020292710584078222,70.63767526948675,4092.026660280695
STX,-1,2025-09-16,2025-09-17,1,RESIDUAL_REVERTED,209.4017791748047,208.50985717773438,0.00425938117901925,4.8550628772850715,4092.026660280695
NWSA,-1,2025-09-16,2025-09-17,1,RESIDUAL_REVERTED,29.645946502685547,29.586395263671875,0.0020087481102442073,-4.367141237622879,4092.026660280695
TSLA,-1,2025-09-15,2025-09-18,3,RESIDUAL_REVERTED,423.1300048828125,428.8699951171875,-0.013565547628712205,-68.1806607603452,4053.1217564677636
EMR,1,2025-09-17,2025-09-18,1,RESIDUAL_REVERTED,127.5172119140625,129.52565002441406,0.01575032954535671,52.25390839973779,4105.847687679468
PFG,1,2025-09-17,2025-09-18,1,RESIDUAL_REVERTED,77.55664825439453,78.13664245605469,0.007478329900973968,18.34128314328221,4105.847687679468
STLD,-1,2025-09-17,2025-09-18,1,RESIDUAL_REVERTED,137.8511505126953,134.55067443847656,0.023942317941806346,85.81375220018919,4105.847687679468
OXY,-1,2025-09-17,2025-09-18,1,RESIDUAL_REVERTED,46.415775299072266,46.15105056762695,0.005703335336738502,10.809780267683163,4105.847687679468
UBER,1,2025-09-18,2025-09-19,1,RESIDUAL_REVERTED,93.93000030517578,95.0,0.011391458440836999,34.45970470761523,4114.900529940951
HLT,1,2025-09-18,2025-09-19,1,RESIDUAL_REVERTED,266.2576904296875,267.2856140136719,0.003860634343840097,3.517595528091606,4114.900529940951
MAR,1,2025-09-18,2025-09-19,1,RESIDUAL_REVERTED,260.5503845214844,263.208251953125,0.010200972976961653,29.568323535326684,4114.900529940951
WDAY,-1,2025-09-18,2025-09-19,1,RESIDUAL_REVERTED,237.67999267578125,236.1300048828125,0.006521322116847639,14.209306160075101,4114.900529940951
AXP,-1,2025-09-18,2025-09-22,2,RESIDUAL_REVERTED,334.91754150390625,335.91693115234375,-0.002983987174723257,-25.30067519216899,4114.900529940951
MCO,1,2025-09-19,2025-09-22,1,RESIDUAL_REVERTED,480.8096008300781,478.84661865234375,-0.0040826601098343795,-29.144189362958272,4118.425861199262
INTC,-1,2025-09-19,2025-09-22,1,RESIDUAL_REVERTED,30.3799991607666,29.670000076293945,0.02337060908775679,83.72096647379979,4118.425861199262
CRWD,-1,2025-09-19,2025-09-22,1,RESIDUAL_REVERTED,124.75,124.0,0.006012024048096198,12.112753308884027,4118.425861199262
ALL,-1,2025-09-19,2025-09-22,1,RESIDUAL_REVERTED,202.46319580078125,200.35398864746094,0.010417731207778225,30.287412321569338,4118.425861199262
DRI,1,2025-09-19,2025-09-23,2,RESIDUAL_REVERTED,186.83375549316406,179.38987731933594,-0.03984225524011631,-176.1965208714705,4118.425861199262
CTSH,1,2025-09-22,2025-09-23,1,RESIDUAL_REVERTED,65.53129577636719,66.49945831298828,0.014774048416882568,48.21320218026017,4102.592270323354
DXCM,1,2025-09-22,2025-09-23,1,RESIDUAL_REVERTED,67.69000244140625,69.01000213623047,0.01950065958361935,67.57547358008233,4102.592270323354
TRGP,1,2025-09-22,2025-09-23,1,RESIDUAL_REVERTED,159.5296173095703,162.09446716308594,0.016077577924220154,53.55303048608048,4102.592270323354
KVUE,1,2025-09-23,2025-09-24,1,RESIDUAL_REVERTED,16.87680435180664,16.50909996032715,-0.02178756024034434,-102.068733836272,4123.176455383056
WAB,-1,2025-09-23,2025-09-24,1,RESIDUAL_REVERTED,197.51710510253906,194.03335571289062,0.01763770984715418,60.14219021135828,4123.176455383056
SWKS,-1,2025-09-23,2025-09-24,1,RESIDUAL_REVERTED,80.61648559570312,78.34027099609375,0.02823510083315639,103.90391031034713,4123.176455383056
TER,-1,2025-09-23,2025-09-24,1,RESIDUAL_REVERTED,135.73707580566406,134.2499542236328,0.010955898181867263,32.547271633307574,4123.176455383056
IRM,-1,2025-09-23,2025-09-24,1,RESIDUAL_REVERTED,100.57593536376953,100.13089752197266,0.004424893889251269,5.574810451159976,4123.176455383056
ES,-1,2025-09-22,2025-09-25,3,RESIDUAL_REVERTED,63.08473587036133,65.67504119873047,-0.04106073034358415,-182.03305762944998,4102.592270323354
REGN,1,2025-09-24,2025-09-25,1,RESIDUAL_REVERTED,564.9928588867188,574.3548583984375,0.01657012007225367,55.66206307474544,4109.337360173996
GNRC,1,2025-09-24,2025-09-25,1,RESIDUAL_REVERTED,167.80999755859375,163.6199951171875,-0.02496872952961715,-114.77903777301943,4109.337360173996
PPG,1,2025-09-24,2025-09-25,1,RESIDUAL_REVERTED,102.643798828125,102.57559967041016,-0.0006644255034737867,-15.05426510218271,4109.337360173996
XEL,-1,2025-09-25,2025-09-26,1,RESIDUAL_REVERTED,75.8049087524414,75.22297668457031,0.0076767069237102525,18.96146082913148,4113.310606476428
PWR,-1,2025-09-25,2025-09-26,1,RESIDUAL_REVERTED,396.732177734375,400.06927490234375,-0.008411460817284722,-47.31998046307219,4113.310606476428
APD,1,2025-09-24,2025-09-29,3,RESIDUAL_REVERTED,270.88104248046875,260.8094787597656,-0.03718076255347147,-164.88712627629948,4109.337360173996
FCX,1,2025-09-25,2025-09-29,2,RESIDUAL_REVERTED,37.130836486816406,35.96338653564453,-0.03144152035428527,-141.4746778677197,4113.310606476428
PSX,-1,2025-09-25,2025-09-29,2,RESIDUAL_REVERTED,132.5450439453125,135.6044464111328,-0.023081983111210125,-108.0920152198648,4113.310606476428
EQT,-1,2025-09-25,2025-09-29,2,RESIDUAL_REVERTED,52.293556213378906,53.33132553100586,-0.019845070650625463,-94.75761013353525,4113.310606476428
KMX,1,2025-09-26,2025-09-29,1,RESIDUAL_REVERTED,44.75,45.20000076293945,0.010055882970714025,28.530544103072078,4052.17412262576
JBL,1,2025-09-26,2025-09-29,1,RESIDUAL_REVERTED,213.3140106201172,218.24832153320312,0.023131677561832875,81.43646248326124,4052.1741226257595
GIS,1,2025-09-26,2025-09-29,1,RESIDUAL_REVERTED,46.6759147644043,47.19369888305664,0.011093175597432836,32.727529507143025,4052.17412262576
IBM,-1,2025-09-26,2025-09-29,1,RESIDUAL_REVERTED,273.40240478515625,278.75323486328125,-0.019571261936520923,-91.9076005359405,4052.17412262576
PCAR,-1,2025-09-29,2025-09-30,1,RESIDUAL_REVERTED,98.17958068847656,97.31099700927734,0.008846887235699596,23.441166143172026,4054.594095209435
ROL,-1,2025-09-29,2025-09-30,1,RESIDUAL_REVERTED,57.7412109375,57.51449966430664,0.003926333887225852,3.4583238682281157,4054.594095209435
WSM,1,2025-09-30,2025-10-01,1,RESIDUAL_REVERTED,189.33377075195312,193.51490783691406,0.022083419499623558,77.4615653869157,4066.1610724178263
QCOM,1,2025-09-30,2025-10-01,1,RESIDUAL_REVERTED,162.2609405517578,162.4176788330078,0.0009659643332340373,-8.27660829796707,4066.1610724178263
SWKS,1,2025-09-30,2025-10-01,1,RESIDUAL_REVERTED,74.51431274414062,74.53367614746094,0.00025986153004997625,-11.143429337802019,4066.1610724178263
EOG,1,2025-09-30,2025-10-01,1,RESIDUAL_REVERTED,108.28571319580078,107.8025131225586,-0.0044622698505800695,-30.315574716364484,4066.1610724178263
WDC,-1,2025-09-30,2025-10-01,1,RESIDUAL_REVERTED,117.59061431884766,117.95993041992188,-0.0031406936957809606,-25.317080028625874,4066.1610724178267
CSX,-1,2025-09-30,2025-10-01,1,RESIDUAL_REVERTED,35.28642654418945,34.47683334350586,0.022943473736841358,80.91267995261353,4066.1610724178263
PYPL,-1,2025-09-30,2025-10-01,1,RESIDUAL_REVERTED,69.0549087524414,66.16217041015625,0.041890408582762495,158.08023303416576,4066.1610724178263
DHR,-1,2025-10-01,2025-10-02,1,TRAILING_STOP,197.60324096679688,214.2323074534258,-0.08415381450865511,-355.60936086623406,4070.3837535490493
CCL,1,2025-09-30,2025-10-03,3,RESIDUAL_REVERTED,29.30901527404785,28.541349411010742,-0.02619214108216228,-118.54019549210997,4066.1610724178263
MRK,-1,2025-10-01,2025-10-03,2,RESIDUAL_REVERTED,82.75985717773438,87.07318878173828,-0.052118644849043605,-225.35345797176782,4070.3837535490484
CTVA,1,2025-10-02,2025-10-03,1,RESIDUAL_REVERTED,60.75416946411133,61.91823959350586,0.019160333186386103,64.79924998256547,4016.9158273111093
NWS,1,2025-10-02,2025-10-03,1,RESIDUAL_REVERTED,32.28348159790039,32.3033447265625,0.0006152721973891051,-9.582958099078436,4016.91582731111
DGX,1,2025-10-02,2025-10-03,1,RESIDUAL_REVERTED,177.71112060546875,177.62171936035156,-0.0005030706284029351,-14.068508662866298,4016.91582731111
AES,-1,2025-10-02,2025-10-03,1,RESIDUAL_REVERTED,14.603046417236328,13.812406539916992,0.05414211902977484,205.4626388771869,4016.91582731111
TMO,-1,2025-10-02,2025-10-03,1,RESIDUAL_REVERTED,523.8690185546875,523.520263671875,0.0006657291621762207,-9.69090623140091,4016.9158273111098
NKE,-1,2025-10-02,2025-10-03,1,RESIDUAL_REVERTED,72.60604095458984,72.39305877685547,0.002933394727686389,-0.5668480117325057,4016.9158273111098
NWSA,1,2025-10-02,2025-10-06,2,RESIDUAL_REVERTED,28.643522262573242,28.335845947265625,-0.010741567063127566,-55.133996271815064,4016.9158273111098
FICO,-1,2025-10-03,2025-10-07,2,RESIDUAL_REVERTED,1786.8699951171875,1841.7900390625,-0.030735332786037795,-137.61282302405954,4053.8970797345046
LVS,1,2025-10-06,2025-10-07,1,RESIDUAL_REVERTED,50.535396575927734,51.142250061035156,0.012008483681247961,36.16078651361478,4022.1237231831296
WYNN,1,2025-10-06,2025-10-07,1,RESIDUAL_REVERTED,123.44412231445312,123.41439056396484,-0.00024085189258782336,-13.033654176334082,4022.12372318313
CVS,1,2025-10-06,2025-10-07,1,RESIDUAL_REVERTED,74.76690673828125,75.11582946777344,0.0046668070770077286,6.675948573218375,4022.12372318313
PLTR,1,2025-10-06,2025-10-07,1,RESIDUAL_REVERTED,179.17999267578125,180.30999755859375,0.0063065349313704555,13.26124409336061,4022.1237231831296
BEN,-1,2025-10-06,2025-10-07,1,RESIDUAL_REVERTED,22.880861282348633,22.3514347076416,0.0231384023605552,80.827451313863,4022.12372318313
F,-1,2025-10-06,2025-10-07,1,RESIDUAL_REVERTED,12.067376136779785,11.943168640136719,0.010292833772247989,29.0737929363935,4022.1237231831296
HUM,-1,2025-10-06,2025-10-08,2,RESIDUAL_REVERTED,281.3431091308594,292.4816589355469,-0.039590625976578364,-172.20633414462813,4022.12372318313
VZ,1,2025-10-07,2025-10-08,1,RESIDUAL_REVERTED,38.94941329956055,38.883880615234375,-0.0016825076111457449,-18.781228727389028,4013.0969102546096
PNW,-1,2025-10-06,2025-10-09,3,RESIDUAL_REVERTED,86.8763656616211,88.85958099365234,-0.022828019069717653,-104.99311817628457,4022.12372318313
NXPI,1,2025-10-08,2025-10-09,1,RESIDUAL_REVERTED,216.07347106933594,219.4341278076172,0.015553305649460558,50.28893420645037,4013.4901652384365
STX,1,2025-10-08,2025-10-09,1,RESIDUAL_REVERTED,223.55230712890625,222.2002716064453,-0.006047960496696314,-36.2774903239965,4013.4901652384365
EXC,-1,2025-10-08,2025-10-09,1,RESIDUAL_REVERTED,45.23904800415039,45.094356536865234,0.00319837559959002,0.4988042338767114,4013.4901652384356
PYPL,-1,2025-10-08,2025-10-10,2,RESIDUAL_REVERTED,74.4052505493164,75.27059173583984,-0.011630109167495961,-59.43084678705834,4013.4901652384356
GILD,-1,2025-10-08,2025-10-10,2,RESIDUAL_REVERTED,114.28559112548828,114.81256866455078,-0.00461105843591314,-31.21382408397428,4013.4901652384356
TSN,1,2025-10-09,2025-10-10,1,RESIDUAL_REVERTED,50.8228759765625,50.02107620239258,-0.015776355799693054,-74.97733594865579,3998.217369718082
TYL,-1,2025-10-09,2025-10-10,1,RESIDUAL_REVERTED,516.9000244140625,504.04998779296875,0.024859810435606033,87.23845634566537,3998.2173697180824
F,1,2025-10-08,2025-10-13,3,RESIDUAL_REVERTED,11.446331024169922,10.97815990447998,-0.04090141362340105,-175.95165568560188,4013.490165238436
DHI,1,2025-10-08,2025-10-13,3,RESIDUAL_REVERTED,159.0904541015625,149.683349609375,-0.05913054020313535,-249.00433230387918,4013.4901652384356
CHRW,1,2025-10-10,2025-10-13,1,RESIDUAL_REVERTED,127.72265625,123.81227111816406,-0.030616221480563977,-133.18538415617422,3967.3579166619816
EXPD,1,2025-10-10,2025-10-13,1,RESIDUAL_REVERTED,115.04779052734375,112.2470474243164,-0.02434417115000298,-108.33924082631953,3967.3579166619816
COST,-1,2025-10-10,2025-10-13,1,RESIDUAL_REVERTED,938.9417724609375,923.611083984375,0.01632762427469947,52.6625565904905,3967.3579166619816
PEP,-1,2025-10-10,2025-10-14,2,RESIDUAL_REVERTED,139.95892333984375,142.89976501464844,-0.021012177034713364,-96.03635419949079,3967.3579166619816
QCOM,1,2025-10-13,2025-10-14,1,RESIDUAL_REVERTED,152.7686004638672,156.05027770996094,0.021481359625795227,72.47321709039461,3928.2712674867835
SO,-1,2025-10-13,2025-10-14,1,RESIDUAL_REVERTED,94.49964904785156,95.54512786865234,-0.01106330903167052,-55.62291897218596,3928.2712674867835
RSG,-1,2025-10-13,2025-10-14,1,RESIDUAL_REVERTED,220.3633270263672,221.3645782470703,-0.004543638155287688,-29.973049438574733,3928.271267486784
ORLY,-1,2025-10-13,2025-10-14,1,RESIDUAL_REVERTED,101.81999969482422,103.13999938964844,-0.012964051254964915,-63.102526541135695,3928.2712674867835
FAST,1,2025-10-14,2025-10-15,1,RESIDUAL_REVERTED,41.02878189086914,41.86071014404297,0.020276698815642202,67.92622399649048,3938.6006233305225
LVS,1,2025-10-14,2025-10-15,1,RESIDUAL_REVERTED,44.93666458129883,47.16831970214844,0.049662233315339366,183.49050166715224,3938.600623330523
MNST,1,2025-10-14,2025-10-15,1,RESIDUAL_REVERTED,33.57500076293945,34.23500061035156,0.01965747825509001,65.49101980444884,3938.600623330523
WYNN,1,2025-10-14,2025-10-15,1,RESIDUAL_REVERTED,110.96099090576172,115.83535766601562,0.04392865204667884,160.94208833862785,3938.600623330523
BBY,-1,2025-10-14,2025-10-15,1,RESIDUAL_REVERTED,72.38492584228516,73.67615509033203,-0.01783837218898654,-82.49597742162331,3938.600623330523
PANW,1,2025-10-15,2025-10-16,1,RESIDUAL_REVERTED,208.0800018310547,208.0,-0.0003844763088749481,-13.424060092852208,3967.0385359605925
HON,-1,2025-10-15,2025-10-16,1,RESIDUAL_REVERTED,202.40773010253906,197.48277282714844,0.02433186357505046,84.46373903000914,3967.038535960592
C,-1,2025-10-15,2025-10-16,1,RESIDUAL_REVERTED,99.09369659423828,98.13399505615234,0.009684788952981083,26.26598805116132,3967.038535960592
WFC,-1,2025-10-15,2025-10-17,2,RESIDUAL_REVERTED,83.35236358642578,82.64772033691406,0.00845378846133249,21.055561493727907,3967.0385359605925
WMT,-1,2025-10-15,2025-10-17,2,RESIDUAL_REVERTED,106.4239501953125,106.27520751953125,0.0013976428755770876,-6.980507369698974,3967.038535960592
PGR,1,2025-10-16,2025-10-17,1,RESIDUAL_REVERTED,211.12432861328125,208.59739685058594,-0.011968927405443308,-59.278840193931565,3964.881494482873
TDG,1,2025-10-16,2025-10-17,1,RESIDUAL_REVERTED,1243.1600341796875,1253.0799560546875,0.007979601662102764,19.696073217522397,3964.881494482873
MSI,1,2025-10-16,2025-10-17,1,RESIDUAL_REVERTED,434.81439208984375,432.3925476074219,-0.005569835144558555,-33.9452551709912,3964.8814944828737
PNC,1,2025-10-16,2025-10-20,2,RESIDUAL_REVERTED,179.05995178222656,176.08001708984375,-0.01664210596910598,-77.77964650260049,3964.881494482873
BG,-1,2025-10-16,2025-10-20,2,RESIDUAL_REVERTED,91.64913177490234,95.54908752441406,-0.0425531117860487,-181.51128211755514,3964.8814944828728
MRSH,1,2025-10-17,2025-10-20,1,RESIDUAL_REVERTED,183.88458251953125,186.91616821289062,0.01648635057828929,53.27530563171156,3957.5698516729935
JBHT,-1,2025-10-17,2025-10-20,1,RESIDUAL_REVERTED,168.5504608154297,165.07888793945312,0.020596638295626413,69.45749098412875,3957.5698516729935
SNA,-1,2025-10-17,2025-10-20,1,RESIDUAL_REVERTED,334.9939270019531,331.6933288574219,0.009852710388125963,26.868420002065594,3957.5698516729935
NEM,1,2025-10-20,2025-10-21,1,RESIDUAL_REVERTED,92.98783874511719,88.20271301269531,-0.05145969405244555,-215.66490599227998,3965.7038220297895
CMI,1,2025-10-20,2025-10-21,1,RESIDUAL_REVERTED,409.3741760253906,406.06256103515625,-0.008089457479674933,-43.929383322715935,3965.7038220297895
CAT,1,2025-10-20,2025-10-21,1,RESIDUAL_REVERTED,526.3435668945312,521.8807373046875,-0.008478928727437052,-45.47159414711317,3965.7038220297895
AXP,-1,2025-10-20,2025-10-21,1,RESIDUAL_REVERTED,344.58441162109375,349.2464294433594,-0.01352939269751996,-65.94778809927081,3965.703822029789
TFC,-1,2025-10-20,2025-10-22,2,RESIDUAL_REVERTED,41.3391227722168,42.25968933105469,-0.022268652479887185,-100.97767372940724,3965.7038220297895
PGR,1,2025-10-21,2025-10-22,1,RESIDUAL_REVERTED,206.66229248046875,209.16102600097656,0.012090901975956525,35.87392954218431,3954.023616709652
J,-1,2025-10-21,2025-10-22,1,RESIDUAL_REVERTED,160.8661651611328,161.8556365966797,-0.00615089838534888,-36.53675109067659,3954.0236167096514
EXE,-1,2025-10-21,2025-10-22,1,RESIDUAL_REVERTED,104.39685821533203,105.0912094116211,-0.006651073683241249,-38.51192162115302,3954.0236167096514
LDOS,-1,2025-10-21,2025-10-23,2,RESIDUAL_REVERTED,188.62564086914062,186.9055633544922,0.009119001566927687,23.62112258145472,3954.0236167096514
LMT,1,2025-10-22,2025-10-23,1,RESIDUAL_REVERTED,479.090576171875,475.8249206542969,-0.0068163635020167535,-38.19907572434312,3895.424681698569
NEM,1,2025-10-22,2025-10-23,1,RESIDUAL_REVERTED,82.31791687011719,88.32161712646484,0.07293309263183145,271.99293705182254,3895.4246816985687
BLK,1,2025-10-22,2025-10-23,1,RESIDUAL_REVERTED,1105.8670654296875,1107.8349609375,0.0017795045800084175,-4.764745872028854,3895.4246816985687
GM,-1,2025-10-22,2025-10-23,1,RESIDUAL_REVERTED,66.47647857666016,67.38860321044922,-0.013721013105969515,-65.52598043017319,3895.4246816985687
CEG,1,2025-10-21,2025-10-24,3,RESIDUAL_REVERTED,367.3116760253906,374.3373718261719,0.019127341327139336,63.65444354324773,3954.0236167096514
LII,1,2025-10-23,2025-10-24,1,RESIDUAL_REVERTED,486.4320373535156,498.92218017578125,0.02567705632675743,88.31850241022278,3901.2453768863043
BSX,-1,2025-10-23,2025-10-24,1,RESIDUAL_REVERTED,104.29000091552734,102.8499984741211,0.013807675028909228,41.94021112786568,3901.2453768863047
AVY,-1,2025-10-23,2025-10-27,2,RESIDUAL_REVERTED,179.42892456054688,178.12864685058594,0.007246756414248989,15.989434061877486,3901.2453768863047
ISRG,-1,2025-10-23,2025-10-27,2,RESIDUAL_REVERTED,525.3699951171875,544.75,-0.03688829789087911,-156.47688882530102,3901.2453768863047
MOH,1,2025-10-24,2025-10-27,1,RESIDUAL_REVERTED,160.39999389648438,163.8699951171875,0.021633424892413267,72.6325795297791,3904.772759823468
URI,1,2025-10-24,2025-10-27,1,RESIDUAL_REVERTED,917.2693481445312,911.1492919921875,-0.006672038223803578,-37.72803219861655,3904.772759823468
ROP,1,2025-10-24,2025-10-27,1,RESIDUAL_REVERTED,479.1770935058594,473.1500244140625,-0.012577957447215016,-60.7547127951532,3904.7727598234674
DOV,-1,2025-10-24,2025-10-27,1,RESIDUAL_REVERTED,178.9679718017578,177.59205627441406,0.007688054535634148,18.046691614421416,3904.7727598234674
HON,-1,2025-10-24,2025-10-27,1,RESIDUAL_REVERTED,214.18690490722656,212.27703857421875,0.008916821193317381,22.852885877593984,3904.772759823468
DECK,1,2025-10-27,2025-10-28,1,RESIDUAL_REVERTED,88.30000305175781,90.5,0.02491502686531777,86.29389206003351,3944.3850230938974
ITW,1,2025-10-27,2025-10-28,1,RESIDUAL_REVERTED,244.14141845703125,243.07168579101562,-0.004381610759765064,-29.08999078733919,3944.3850230938974
F,-1,2025-10-27,2025-10-28,1,RESIDUAL_REVERTED,13.185256004333496,12.650202751159668,0.04057966360288923,148.16795821912345,3944.385023093897
ALB,1,2025-10-28,2025-10-29,1,RESIDUAL_REVERTED,95.90042877197266,95.70269012451172,-0.002061916197800384,-20.005333487902526,3954.542827174057
ROP,1,2025-10-28,2025-10-29,1,RESIDUAL_REVERTED,460.45050048828125,448.3863830566406,-0.02620068263330655,-115.3199324737666,3954.5428271740566
QCOM,-1,2025-10-28,2025-10-29,1,RESIDUAL_REVERTED,180.1778106689453,178.28720092773438,0.0104930220552224,29.384815139969454,3954.5428271740566
KDP,-1,2025-10-28,2025-10-29,1,RESIDUAL_REVERTED,28.12401008605957,27.64914321899414,0.016884749564956558,54.69597994707466,3954.5428271740566
HCA,-1,2025-10-28,2025-10-29,1,RESIDUAL_REVERTED,463.161865234375,461.64227294921875,0.0032809097622648054,0.8163913318028881,3954.542827174056
AWK,1,2025-10-28,2025-10-29,1,TRAILING_STOP,134.2378387451172,128.15704588622978,-0.04529864988688659,-190.73037629589226,3954.5428271740566
EG,1,2025-10-29,2025-10-30,1,RESIDUAL_REVERTED,301.6404113769531,306.1895751953125,0.015081413652742848,47.401389970654556,3930.857403399842
UPS,-1,2025-10-29,2025-10-31,2,RESIDUAL_REVERTED,90.92738342285156,89.06941986083984,0.020433487603744083,68.02940406427936,3930.857403399842
HRL,1,2025-10-30,2025-10-31,1,RESIDUAL_REVERTED,20.75013542175293,20.403820037841797,-0.016689789096416274,-76.56755041212777,3893.64386683617
CAT,-1,2025-10-30,2025-10-31,1,RESIDUAL_REVERTED,574.3800048828125,580.482666015625,-0.01062477990343269,-53.42392646421782,3893.6438668361698
AEP,-1,2025-10-30,2025-10-31,1,RESIDUAL_REVERTED,117.89271545410156,117.2525634765625,0.005429953624134565,9.183203751263964,3893.6438668361698
CNC,-1,2025-10-30,2025-10-31,1,RESIDUAL_REVERTED,36.7599983215332,34.599998474121094,0.05875951975076199,217.15650282931182,3893.6438668361698
EW,-1,2025-10-28,2025-10-31,3,TRAILING_STOP,80.16999816894531,85.55914802683945,-0.06722152901310263,-279.0650788480011,3954.5428271740566
ARE,1,2025-10-29,2025-11-03,3,RESIDUAL_REVERTED,59.55979919433594,54.42731475830078,-0.08617363566469594,-350.0207415300546,3930.8574033998416
FISV,1,2025-10-30,2025-11-03,2,RESIDUAL_REVERTED,68.87000274658203,66.0,-0.04167275493138367,-173.69640995327805,3893.6438668361698
GRMN,1,2025-10-30,2025-11-03,2,RESIDUAL_REVERTED,215.59754943847656,210.08859252929688,-0.025552038617914552,-111.02223424263762,3893.6438668361698
CMG,1,2025-10-31,2025-11-03,1,RESIDUAL_REVERTED,32.5099983215332,31.649999618530273,-0.02645336042460833,-113.62982412082553,3863.1624005388508
DXCM,1,2025-11-03,2025-11-04,1,RESIDUAL_REVERTED,58.54999923706055,61.09000015258789,0.043381741223313064,155.76757303463575,3863.602286581004
CHD,-1,2025-11-03,2025-11-04,1,RESIDUAL_REVERTED,86.25294494628906,85.5618896484375,0.008011961774544551,19.10784990571843,3863.602286581004
FSLR,-1,2025-11-03,2025-11-04,1,RESIDUAL_REVERTED,265.92999267578125,256.7799987792969,0.03440752885531018,121.23922438601747,3863.602286581004
AON,-1,2025-11-03,2025-11-04,1,RESIDUAL_REVERTED,337.7570495605469,338.4436340332031,-0.0020327761435314784,-19.763440704092762,3863.6022865810046
AMZN,-1,2025-11-03,2025-11-05,2,RESIDUAL_REVERTED,255.36000061035156,249.02999877929688,0.02478854094582139,83.72153188882339,3863.602286581004
KMB,1,2025-11-04,2025-11-05,1,RESIDUAL_REVERTED,97.203857421875,95.66275024414062,-0.015854382928918165,-72.63995964492514,3857.54858686286
LKQ,1,2025-11-04,2025-11-05,1,RESIDUAL_REVERTED,29.036190032958984,29.18941307067871,0.005276967727026349,8.75297939862508,3857.54858686286
DASH,1,2025-11-04,2025-11-05,1,RESIDUAL_REVERTED,238.41000366210938,241.50999450683594,0.013002771683692016,38.510939537837004,3857.5485868628602
HSY,1,2025-11-04,2025-11-05,1,RESIDUAL_REVERTED,157.66549682617188,161.276611328125,0.022903644580744453,76.6467481431915,3857.5485868628602
GDDY,-1,2025-11-03,2025-11-06,3,RESIDUAL_REVERTED,133.11000061035156,133.39999389648438,-0.0021785987889948455,-20.94972266911359,3863.602286581004
HSIC,-1,2025-11-05,2025-11-06,1,RESIDUAL_REVERTED,71.48999786376953,72.0,-0.007133894970906551,-39.67953238902007,3880.814144865428
EXPD,-1,2025-11-05,2025-11-06,1,RESIDUAL_REVERTED,132.78245544433594,136.57284545898438,-0.028545864752722583,-122.90641955861747,3880.814144865428
ZTS,1,2025-11-05,2025-11-07,2,RESIDUAL_REVERTED,122.28388977050781,117.7154769897461,-0.03735907313167197,-156.40858645387823,3880.814144865428
DD,-1,2025-11-05,2025-11-07,2,RESIDUAL_REVERTED,112.26505279541016,114.94784545898438,-0.02389695276288073,-105.15837766910572,3880.8141448654274
ZBH,1,2025-11-06,2025-11-07,1,RESIDUAL_REVERTED,85.3824691772461,88.2890625,0.034042038731862956,119.14812723641789,3844.607168572642
LYV,1,2025-11-06,2025-11-07,1,RESIDUAL_REVERTED,134.35000610351562,136.86000061035156,0.01868250385416448,60.18532640652152,3844.607168572642
AIG,1,2025-11-06,2025-11-07,1,RESIDUAL_REVERTED,74.84627532958984,74.69987487792969,-0.0019560151926796276,-19.0426513722834,3844.607168572642
ADM,1,2025-11-06,2025-11-07,1,RESIDUAL_REVERTED,54.53656768798828,55.37215805053711,0.01532165293806842,47.28355660928155,3844.607168572642
JCI,-1,2025-11-06,2025-11-10,2,RESIDUAL_REVERTED,119.61246490478516,121.69439697265625,-0.017405644717115143,-79.17041277272268,3844.607168572642
DDOG,-1,2025-11-07,2025-11-10,1,RESIDUAL_REVERTED,184.2899932861328,192.91000366210938,-0.04677416403501056,-192.63743541267237,3858.406412614902
APD,-1,2025-11-07,2025-11-10,1,RESIDUAL_REVERTED,251.6296844482422,255.46331787109375,-0.015235219291625857,-70.75698417703165,3858.406412614902
PH,-1,2025-11-07,2025-11-10,1,RESIDUAL_REVERTED,830.8894653320312,840.0630493164062,-0.011040679136194331,-54.54770232184209,3858.4064126149015
TTWO,1,2025-11-10,2025-11-11,1,RESIDUAL_REVERTED,231.97000122070312,234.05999755859375,0.009009769913749022,22.99266407948601,3834.5038839768513
XYZ,1,2025-11-10,2025-11-11,1,RESIDUAL_REVERTED,66.63999938964844,66.28500366210938,-0.005327066788572088,-31.89952995547796,3834.5038839768513
BEN,1,2025-11-10,2025-11-11,1,RESIDUAL_REVERTED,21.27332878112793,21.716121673583984,0.02081446194959713,68.18990383390472,3834.5038839768513
TTD,1,2025-11-10,2025-11-11,1,RESIDUAL_REVERTED,44.04999923706055,43.310001373291016,-0.016799043736349217,-75.82288610837756,3834.5038839768517
GILD,1,2025-11-10,2025-11-12,2,RESIDUAL_REVERTED,116.52037048339844,119.44801330566406,0.025125587999076604,84.69613687057601,3834.5038839768517
ROK,-1,2025-11-11,2025-11-12,1,RESIDUAL_REVERTED,386.154541015625,388.4044189453125,-0.005826366624538615,-33.941659708012715,3807.4129015015155
UNH,-1,2025-11-11,2025-11-12,1,RESIDUAL_REVERTED,314.9145812988281,319.9310302734375,-0.015929554464958695,-72.4696599692608,3807.412901501515
PLTR,-1,2025-11-11,2025-11-12,1,RESIDUAL_REVERTED,190.3350067138672,190.5800018310547,-0.0012871784408834408,-16.633577612911907,3807.4129015015155
AKAM,-1,2025-11-10,2025-11-13,3,RESIDUAL_REVERTED,83.80999755859375,89.97000122070312,-0.07349962822517386,-294.73340128620936,3834.5038839768513
GEN,-1,2025-11-11,2025-11-13,2,RESIDUAL_REVERTED,25.85409164428711,26.47176742553711,-0.023890832822451413,-103.1413411675353,3807.412901501515
TT,1,2025-11-12,2025-11-13,1,RESIDUAL_REVERTED,420.162841796875,427.6995544433594,0.01793759918000548,56.37784444275536,3781.0345414469866
APP,1,2025-11-12,2025-11-13,1,RESIDUAL_REVERTED,602.0,579.4400024414062,-0.037475079000986344,-152.82512991830552,3781.0345414469866
ETN,1,2025-11-12,2025-11-13,1,RESIDUAL_REVERTED,364.9570617675781,364.044677734375,-0.002499976377451696,-20.781421914733414,3781.0345414469866
CDNS,1,2025-11-12,2025-11-13,1,RESIDUAL_REVERTED,320.92999267578125,314.8900146484375,-0.01882023545691358,-82.39632402458533,3781.0345414469866
TRMB,-1,2025-11-13,2025-11-14,1,RESIDUAL_REVERTED,81.5,76.55000305175781,0.0607361588741373,217.22993382894106,3761.4100516005187
GS,-1,2025-11-13,2025-11-14,1,RESIDUAL_REVERTED,816.9911499023438,780.2047119140625,0.04502672763674176,158.04515317990567,3761.410051600519
PANW,1,2025-11-13,2025-11-14,1,TRAILING_STOP,209.8000030517578,199.3900874127585,-0.049618281637637374,-197.63898139481392,3761.4100516005187
ELV,-1,2025-11-13,2025-11-17,2,RESIDUAL_REVERTED,319.2614440917969,319.14373779296875,0.00036868309971771485,-10.495080467242454,3761.4100516005187
IBKR,1,2025-11-14,2025-11-17,1,RESIDUAL_REVERTED,65.1344223022461,65.48294830322266,0.00535087268233192,8.852920317178448,3778.702871019552
IRM,1,2025-11-14,2025-11-17,1,RESIDUAL_REVERTED,87.49602508544922,88.63761901855469,0.013047380518035778,37.89211234839391,3778.702871019552
GLW,1,2025-11-14,2025-11-17,1,RESIDUAL_REVERTED,80.22550964355469,81.18045043945312,0.011903206350963424,33.57510337964591,3778.702871019552
CSCO,-1,2025-11-14,2025-11-17,1,RESIDUAL_REVERTED,75.47949981689453,76.77068328857422,-0.017106412665849113,-76.3785772800544,3778.702871019552
BRK-B,-1,2025-11-14,2025-11-17,1,RESIDUAL_REVERTED,514.7000122070312,510.7300109863281,0.0077132331971001555,17.55708593409851,3778.702871019552
DIS,1,2025-11-14,2025-11-18,2,RESIDUAL_REVERTED,105.98530578613281,103.599853515625,-0.02250738678172426,-96.25726257373086,3778.702871019552
XYL,1,2025-11-17,2025-11-18,1,RESIDUAL_REVERTED,140.86537170410156,138.35061645507812,-0.01785218906961661,-78.69307251986733,3778.704455266894
PTC,-1,2025-11-17,2025-11-18,1,RESIDUAL_REVERTED,179.00999450683594,174.2100067138672,0.026814077092133792,89.84648720206091,3778.7044552668945
WDAY,-1,2025-11-17,2025-11-18,1,RESIDUAL_REVERTED,230.16000366210938,224.8000030517578,0.023288149657055168,76.50181148073226,3778.704455266894
TROW,1,2025-11-18,2025-11-19,1,RESIDUAL_REVERTED,91.71650695800781,92.7520523071289,0.011290719451354736,31.307401148685663,3783.928070193753
LEN,1,2025-11-18,2025-11-19,1,RESIDUAL_REVERTED,111.63507843017578,114.8049545288086,0.02839498250198713,95.93162027433574,3783.928070193753
HPQ,1,2025-11-18,2025-11-19,1,RESIDUAL_REVERTED,21.608749389648438,21.561176300048828,-0.002201566075934025,-19.669856032184537,3783.928070193753
DUK,-1,2025-11-18,2025-11-19,1,RESIDUAL_REVERTED,122.44493865966797,120.72007751464844,0.014086830896405833,41.735835841033364,3783.928070193753
GOOG,-1,2025-11-18,2025-11-19,1,RESIDUAL_REVERTED,287.7338562011719,286.9359436035156,0.0027730924966242743,-1.139504152264767,3783.928070193753
JNJ,-1,2025-11-18,2025-11-19,1,RESIDUAL_REVERTED,194.62400817871094,195.59217834472656,-0.004974566987268059,-30.505228672327657,3783.928070193753
HD,1,2025-11-19,2025-11-20,1,RESIDUAL_REVERTED,331.580078125,327.0970153808594,-0.013520301851339123,-62.6194035377709,3795.110444112978
MDT,-1,2025-11-19,2025-11-20,1,RESIDUAL_REVERTED,97.75006866455078,97.14996337890625,0.006139180195401384,11.649223217922525,3795.110444112978
PCAR,-1,2025-11-19,2025-11-20,1,RESIDUAL_REVERTED,95.0153579711914,95.56372833251953,-0.0057713865740987025,-33.620758358721986,3795.110444112978
J,1,2025-11-20,2025-11-20,0,STOP_LOSS,148.9134979248047,140.97773284709575,-0.05329110650342905,-212.6191953141401,3782.507923344142
MSFT,1,2025-11-19,2025-11-21,2,RESIDUAL_REVERTED,486.1005554199219,475.4834289550781,-0.021841420147467372,-94.15159714567801,3795.110444112978
GEV,-1,2025-11-20,2025-11-21,1,RESIDUAL_REVERTED,606.076904296875,561.9686889648438,0.07277659818303472,264.06756312847784,3782.5079233441425
XYZ,-1,2025-11-20,2025-11-21,1,RESIDUAL_REVERTED,64.30999755859375,62.59000015258789,0.026745412397796264,89.67977506171371,3782.5079233441425
ES,1,2025-11-20,2025-11-24,2,RESIDUAL_REVERTED,62.47301483154297,62.60682678222656,0.002141916010367284,-3.2578622111010844,3782.5079233441425
APTV,1,2025-11-20,2025-11-24,2,RESIDUAL_REVERTED,73.05000305175781,74.69999694824219,0.022587184497655732,73.9605262518941,3782.5079233441425
LOW,-1,2025-11-20,2025-11-24,2,RESIDUAL_REVERTED,224.58755493164062,230.4169158935547,-0.025955850330568797,-110.28203295314881,3782.5079233441425
TEL,1,2025-11-21,2025-11-24,1,RESIDUAL_REVERTED,211.89593505859375,217.593994140625,0.026890837148223712,89.85329324741873,3767.35455797779
WMT,-1,2025-11-21,2025-11-24,1,RESIDUAL_REVERTED,107.07844543457031,104.4803237915039,0.02426372210132588,79.95346459495852,3767.35455797779
GEHC,-1,2025-11-21,2025-11-24,1,RESIDUAL_REVERTED,74.7816162109375,76.39427947998047,-0.02156496945043429,-92.97203859567524,3767.35455797779
J,1,2025-11-21,2025-11-25,2,RESIDUAL_REVERTED,126.70014953613281,131.55841064453125,0.038344557020534076,132.93879167851748,3767.35455797779
MSFT,1,2025-11-24,2025-11-25,1,RESIDUAL_REVERTED,472.0055236816406,471.08135986328125,-0.001957951278092951,-18.75190881188866,3784.430777165982
ROST,-1,2025-11-24,2025-11-25,1,RESIDUAL_REVERTED,171.93907165527344,172.85147094726562,-0.005306526801665434,-31.76726727099151,3784.4307771659815
DHI,-1,2025-11-24,2025-11-25,1,RESIDUAL_REVERTED,144.73411560058594,146.43896484375,-0.011779180299611225,-56.29812607321417,3784.4307771659815
CPRT,1,2025-11-25,2025-11-26,1,RESIDUAL_REVERTED,39.16999816894531,39.04999923706055,-0.0030635419324553936,-23.017965645062763,3799.004528405427
CCL,1,2025-11-25,2025-11-26,1,RESIDUAL_REVERTED,24.299518585205078,25.5199031829834,0.05022258336102836,179.11261429912443,3799.004528405427
TGT,1,2025-11-25,2025-11-26,1,RESIDUAL_REVERTED,82.71199798583984,84.35670471191406,0.019884741828577246,64.03189733134172,3799.004528405427
TSN,-1,2025-11-25,2025-11-26,1,RESIDUAL_REVERTED,55.50812530517578,55.24729537963867,0.004698950362728049,6.181267942503992,3799.004528405427
AVGO,-1,2025-11-25,2025-11-26,1,RESIDUAL_REVERTED,382.0890197753906,382.7044677734375,-0.001610745052052609,-17.827006806939533,3799.004528405427
GOOG,-1,2025-11-25,2025-11-26,1,RESIDUAL_REVERTED,325.9490661621094,319.9447326660156,0.018421078994923512,58.39112868818877,3799.004528405427
SJM,1,2025-11-26,2025-11-28,1,RESIDUAL_REVERTED,98.22566223144531,100.5345687866211,0.023506143941645297,78.12601327283524,3816.4453720276906
SRE,1,2025-11-26,2025-11-28,1,RESIDUAL_REVERTED,90.26876831054688,91.02593994140625,0.008387969006672602,20.514871041899852,3816.4453720276906
VLTO,-1,2025-11-26,2025-11-28,1,RESIDUAL_REVERTED,103.42752838134766,101.24685668945312,0.021084054951542308,68.84219635415984,3816.4453720276906
KEYS,-1,2025-11-26,2025-11-28,1,RESIDUAL_REVERTED,195.0,196.4600067138672,-0.007487213917267699,-40.37148174884748,3816.4453720276906
WDAY,1,2025-11-28,2025-12-01,1,RESIDUAL_REVERTED,215.11000061035156,213.74000549316406,-0.006368811832552113,-35.888028551059016,3834.494806489894
INTU,1,2025-11-28,2025-12-01,1,RESIDUAL_REVERTED,623.27783203125,623.258056640625,-3.172805065210227e-05,-11.624962973346928,3834.4948064898945
HOOD,-1,2025-11-28,2025-12-01,1,RESIDUAL_REVERTED,128.0749969482422,123.44999694824219,0.036111654188592746,126.86885984027114,3834.4948064898945
DE,1,2025-11-28,2025-12-02,2,RESIDUAL_REVERTED,462.7441101074219,467.5111999511719,0.010301783944139942,27.93939940636912,3834.4948064898945
INTC,-1,2025-12-01,2025-12-02,1,RESIDUAL_REVERTED,39.86000061035156,40.470001220703125,-0.015303577546688318,-70.4982843798923,3830.138605605135
WRB,1,2025-12-02,2025-12-03,1,RESIDUAL_REVERTED,70.57089233398438,71.1448745727539,0.008133413363304198,19.6225431420193,3831.6200107166546
SRE,1,2025-12-02,2025-12-03,1,RESIDUAL_REVERTED,88.95826721191406,88.41466522216797,-0.006110752904518013,-34.87382201698187,3831.620010716654
AEE,1,2025-12-02,2025-12-04,2,RESIDUAL_REVERTED,100.55091857910156,98.29505157470703,-0.022435071069190515,-97.32858328183474,3831.6200107166546
PKG,1,2025-12-03,2025-12-04,1,RESIDUAL_REVERTED,188.48526000976562,193.0789031982422,0.024371365634843656,81.11006782672608,3801.771527421302
BA,-1,2025-12-03,2025-12-04,1,RESIDUAL_REVERTED,204.60000610351562,202.85000610351562,0.00855327442715037,20.862367038764532,3801.7715274213015
BKNG,-1,2025-12-03,2025-12-04,1,RESIDUAL_REVERTED,201.87075805664062,200.7620849609375,0.005491994513598941,9.206295859433869,3801.7715274213015
ACN,-1,2025-12-02,2025-12-04,2,TRAILING_STOP,252.59490966796875,271.66788260157693,-0.07550814447796772,-301.8770998033229,3831.6200107166546
SNPS,-1,2025-12-02,2025-12-05,3,RESIDUAL_REVERTED,441.55999755859375,464.9800109863281,-0.05303925527046105,-215.976036276997,3831.620010716655
NXPI,-1,2025-12-03,2025-12-05,2,RESIDUAL_REVERTED,214.05905151367188,224.8878173828125,-0.05058775040143071,-204.64531114699128,3801.771527421301
CVS,1,2025-12-04,2025-12-05,1,RESIDUAL_REVERTED,73.4042739868164,74.97750854492188,0.021432465341024054,69.23926723287012,3762.938898074016
COR,1,2025-12-04,2025-12-05,1,RESIDUAL_REVERTED,333.3213806152344,336.104736328125,0.008350366567404732,20.08596959668734,3762.9388980740155
LLY,1,2025-12-01,2025-12-05,4,TRAILING_STOP,1069.2144775390625,1000.5088256294785,-0.06425806360920139,-257.2385300326213,3830.138605605135
KR,1,2025-12-05,2025-12-08,1,RESIDUAL_REVERTED,61.932193756103516,61.430843353271484,-0.008095150073423985,-41.647396979275705,3757.7704020571446
DG,-1,2025-12-05,2025-12-08,1,RESIDUAL_REVERTED,123.44041442871094,131.2201690673828,-0.0630243723230921,-248.77501920670935,3757.7704020571446
HRL,-1,2025-12-05,2025-12-08,1,RESIDUAL_REVERTED,23.30902862548828,23.347509384155273,-0.0016508949937499295,-17.78589077152148,3757.7704020571446
TDY,-1,2025-12-05,2025-12-09,2,RESIDUAL_REVERTED,518.239990234375,513.989990234375,0.00820083374514946,18.993551868785897,3757.7704020571446
WRB,1,2025-12-08,2025-12-09,1,RESIDUAL_REVERTED,65.40504455566406,64.88941955566406,-0.00788356622188624,-40.35707899222835,3712.108250677031
PSKY,1,2025-12-08,2025-12-09,1,RESIDUAL_REVERTED,13.823589324951172,14.157398223876953,0.02414777313467109,78.36836441482536,3712.1082506770304
LDOS,1,2025-12-08,2025-12-09,1,RESIDUAL_REVERTED,185.1854705810547,183.48516845703125,-0.009181617319589996,-45.16835742253037,3712.108250677031
ULTA,-1,2025-12-08,2025-12-09,1,RESIDUAL_REVERTED,611.8400268554688,591.760009765625,0.032819064148261634,110.59057759092927,3712.108250677031
ADBE,-1,2025-12-08,2025-12-09,1,RESIDUAL_REVERTED,347.45001220703125,341.3999938964844,0.017412629437301375,53.31064846520993,3712.108250677031
WY,-1,2025-12-09,2025-12-10,1,RESIDUAL_REVERTED,21.64278221130371,21.652523040771484,-0.00045007288677911816,-13.180040048379917,3733.9805956891287
AMT,-1,2025-12-09,2025-12-10,1,RESIDUAL_REVERTED,177.94110107421875,174.6484375,0.018504232885719785,57.705703036300335,3733.9805956891287
MAR,1,2025-12-05,2025-12-11,4,RESIDUAL_REVERTED,293.4539489746094,285.47149658203125,-0.027201720816743213,-113.3378058442954,3757.7704020571446
APD,1,2025-12-09,2025-12-11,2,RESIDUAL_REVERTED,231.89263916015625,234.3340606689453,0.01052824064459812,28.05133611719676,3733.980595689129
JPM,1,2025-12-10,2025-12-11,1,RESIDUAL_REVERTED,296.29266357421875,304.9102783203125,0.029084806360502702,96.77692708421795,3716.3035714779735
KEY,-1,2025-12-10,2025-12-11,1,RESIDUAL_REVERTED,19.49163055419922,19.889814376831055,-0.020428451151104587,-87.48267202384008,3716.303571477974
AZO,1,2025-12-10,2025-12-12,2,RESIDUAL_REVERTED,3473.489990234375,3484.780029296875,0.0032503444933602577,0.912237234500461,3716.3035714779735
CPB,1,2025-12-10,2025-12-12,2,RESIDUAL_REVERTED,27.12904167175293,27.129039764404297,-7.030652449113717e-08,-11.149171602901419,3716.3035714779735
KKR,-1,2025-12-10,2025-12-12,2,RESIDUAL_REVERTED,135.7270050048828,142.5780029296875,-0.05047630664625813,-199.62989507328774,3716.3035714779735
APO,-1,2025-12-10,2025-12-12,2,RESIDUAL_REVERTED,141.3421630859375,149.9735870361328,-0.06106758069739815,-239.05202791648463,3716.3035714779735
GEV,-1,2025-12-11,2025-12-12,1,RESIDUAL_REVERTED,709.8345947265625,696.5592041015625,0.01870209021034519,57.71235168470736,3687.324088190551
LKQ,-1,2025-12-11,2025-12-15,2,RESIDUAL_REVERTED,29.546329498291016,30.126808166503906,-0.019646388504753753,-84.20763053069409,3687.324088190551
ORCL,1,2025-12-12,2025-12-15,1,RESIDUAL_REVERTED,194.49398803710938,186.49118041992188,-0.04114681228943984,-162.53082397118763,3686.752512831485
WELL,1,2025-12-12,2025-12-15,1,RESIDUAL_REVERTED,184.14573669433594,186.0155792236328,0.01015414509650392,26.319408681771225,3686.7525128314855
BIIB,1,2025-12-12,2025-12-15,1,RESIDUAL_REVERTED,173.49000549316406,173.6699981689453,0.001037481526786621,-7.241057319036845,3686.7525128314855
V,-1,2025-12-12,2025-12-16,2,RESIDUAL_REVERTED,345.9227600097656,343.9347229003906,0.005747054947523145,9.575371109005767,3686.7525128314855
TEL,1,2025-12-15,2025-12-16,1,RESIDUAL_REVERTED,227.98104858398438,228.07997131347656,0.00043390768709339333,-9.427955222706597,3673.119818375831
LULU,-1,2025-12-15,2025-12-16,1,RESIDUAL_REVERTED,203.22999572753906,208.80999755859375,-0.027456585879849893,-112.31787296170015,3673.119818375831
LIN,-1,2025-12-15,2025-12-16,1,RESIDUAL_REVERTED,413.35986328125,414.4491271972656,-0.002635146788004583,-21.004298335016585,3673.1198183758306
GE,-1,2025-12-15,2025-12-16,1,RESIDUAL_REVERTED,298.848876953125,296.51788330078125,0.007799907686149243,17.381141288172113,3673.119818375831
AVGO,1,2025-12-15,2025-12-17,2,RESIDUAL_REVERTED,359.2190856933594,344.0518493652344,-0.042222801995193016,-165.87613613483583,3673.119818375831
NOW,1,2025-12-16,2025-12-17,1,RESIDUAL_REVERTED,154.8939971923828,157.0,0.01359641332647299,38.46859482197123,3637.341790856443
CSGP,1,2025-12-16,2025-12-17,1,RESIDUAL_REVERTED,64.0,63.619998931884766,-0.005937516689300537,-32.47640779408791,3637.341790856443
CBOE,1,2025-12-16,2025-12-17,1,RESIDUAL_REVERTED,246.3466339111328,247.5279541015625,0.004795357548322832,6.504165508425511,3637.341790856443
CMCSA,-1,2025-12-16,2025-12-17,1,TRAILING_STOP,25.484663009643555,26.970823927184664,-0.05831589442555063,-223.64926983742288,3637.3417908564425
PSX,1,2025-12-17,2025-12-18,1,RESIDUAL_REVERTED,129.32315063476562,129.53863525390625,0.001666249376719886,-4.8309868395678,3615.3315990014307
BF-B,1,2025-12-18,2025-12-19,1,RESIDUAL_REVERTED,28.22665786743164,27.953937530517578,-0.009661800493523276,-45.75868842033329,3618.057626971409
GEV,1,2025-12-18,2025-12-19,1,RESIDUAL_REVERTED,648.0990600585938,645.583740234375,-0.0038810730939670135,-24.875056070212583,3618.057626971409
NRG,1,2025-12-18,2025-12-19,1,RESIDUAL_REVERTED,152.7978515625,153.36233520507812,0.0036943166203304845,2.4920281680825562,3618.0576269714093
PWR,1,2025-12-18,2025-12-19,1,RESIDUAL_REVERTED,426.7396545410156,421.95257568359375,-0.01121779709591475,-51.37992926709533,3618.0576269714093
MAA,-1,2025-12-18,2025-12-19,1,RESIDUAL_REVERTED,132.77252197265625,131.314453125,0.010981706350027265,28.653209922238837,3618.0576269714093
OXY,-1,2025-12-18,2025-12-19,1,RESIDUAL_REVERTED,39.97946548461914,39.20038604736328,0.01948698982870556,59.47522673281285,3618.0576269714093
DVN,-1,2025-12-18,2025-12-19,1,RESIDUAL_REVERTED,36.30281066894531,35.11528396606445,0.03271170140819735,107.3988884986618,3618.057626971409
CPT,-1,2025-12-18,2025-12-19,1,RESIDUAL_REVERTED,106.01673889160156,105.54624938964844,0.004437879403498601,4.93937406072193,3618.0576269714097
TPL,-1,2025-12-18,2025-12-19,1,RESIDUAL_REVERTED,295.6195373535156,298.6598815917969,-0.010284652582503329,-48.40913314273181,3618.0576269714093
FDS,1,2025-12-19,2025-12-22,1,RESIDUAL_REVERTED,273.7527770996094,284.5924377441406,0.03959653216809955,132.38092393319886,3623.1881713439225
LW,1,2025-12-22,2025-12-23,1,RESIDUAL_REVERTED,42.43743896484375,41.50067138671875,-0.022074083662330324,-91.03102205398203,3635.2830114752746
LOW,1,2025-12-22,2025-12-23,1,RESIDUAL_REVERTED,236.89613342285156,237.80206298828125,0.0038241635789497685,2.975214981895169,3635.2830114752746
AXON,-1,2025-12-22,2025-12-23,1,RESIDUAL_REVERTED,603.9500122070312,597.260009765625,0.011077079735388629,29.136154903342174,3635.2830114752746
NKE,1,2025-12-22,2025-12-24,2,RESIDUAL_REVERTED,57.471656799316406,57.3644905090332,-0.0018646807183132497,-17.674323208329906,3635.2830114752746
CCL,-1,2025-12-22,2025-12-24,2,RESIDUAL_REVERTED,30.755765914916992,30.982128143310547,-0.007359993212972427,-38.29122603776181,3635.2830114752746
ORCL,-1,2025-12-22,2025-12-24,2,RESIDUAL_REVERTED,194.93971252441406,193.1370849609375,0.009247102810058805,22.18326419061448,3635.283011475275
D,1,2025-12-23,2025-12-24,1,RESIDUAL_REVERTED,55.27164840698242,56.37726974487305,0.020003408071885165,61.19362467649302,3605.2655334647266
STZ,-1,2025-12-23,2025-12-24,1,RESIDUAL_REVERTED,138.3263397216797,136.33851623535156,0.014370534854950545,40.7894915195356,3605.2655334647266
BLK,-1,2025-12-23,2025-12-24,1,RESIDUAL_REVERTED,1068.010009765625,1072.2108154296875,-0.0039333017721288055,-25.304060587915803,3605.2655334647266
DLTR,1,2025-12-23,2025-12-26,2,RESIDUAL_REVERTED,122.48999786376953,122.0,-0.004000309186995787,-25.216340170219766,3605.2655334647266
BF-B,1,2025-12-24,2025-12-26,1,RESIDUAL_REVERTED,25.947484970092773,26.08384895324707,0.005255383452826834,8.127098736310584,3616.061121563531
NEM,1,2025-12-30,2025-12-31,1,RESIDUAL_REVERTED,101.5545425415039,100.0740966796875,-0.014577839895358435,-63.75288024409053,3631.406801091524
C,1,2025-12-30,2026-01-02,2,RESIDUAL_REVERTED,116.53012084960938,115.46619415283203,-0.009130057439401651,-43.99944065405411,3631.406801091524
AES,-1,2025-12-31,2026-01-02,1,RESIDUAL_REVERTED,14.016944885253906,13.997652053833008,0.0013763934708194148,-6.163314991164404,3625.758349466893
BG,-1,2026-01-05,2026-01-06,1,RESIDUAL_REVERTED,90.71150970458984,92.24366760253906,-0.016890446459758346,-72.38597268701328,3620.0152375025923
HUBB,-1,2026-01-05,2026-01-06,1,RESIDUAL_REVERTED,461.71551513671875,459.277099609375,0.005281207686126166,7.9995782242480455,3620.0152375025923
GDDY,1,2026-01-05,2026-01-07,2,RESIDUAL_REVERTED,117.69999694824219,120.30000305175781,0.022090111902542953,68.9865461603068,3620.0152375025923
ADSK,1,2026-01-05,2026-01-07,2,RESIDUAL_REVERTED,288.0400085449219,294.7300109863281,0.0232259486284625,73.09212479606813,3620.0152375025928
INTU,1,2026-01-05,2026-01-07,2,RESIDUAL_REVERTED,623.6047973632812,643.9537353515625,0.03263114407445289,107.08800519600423,3620.0152375025923
ADBE,1,2026-01-05,2026-01-07,2,RESIDUAL_REVERTED,330.1099853515625,336.239990234375,0.018569583335336315,56.261295653542014,3620.0152375025923
URI,-1,2026-01-05,2026-01-07,2,RESIDUAL_REVERTED,854.8235473632812,890.825439453125,-0.0421161679517279,-164.14425982724896,3620.0152375025923
HAL,-1,2026-01-05,2026-01-07,2,RESIDUAL_REVERTED,31.56432342529297,30.61739730834961,0.029999886396569253,97.33951740150917,3620.0152375025923
GEN,1,2026-01-05,2026-01-08,3,RESIDUAL_REVERTED,25.60138511657715,25.522579193115234,-0.003078189836333789,-21.986425182794402,3620.015237502592
WSM,-1,2026-01-05,2026-01-08,3,RESIDUAL_REVERTED,185.56919860839844,187.91453552246094,-0.012638610996061894,-57.57018579758592,3620.0152375025923
TXN,-1,2026-01-07,2026-01-08,1,RESIDUAL_REVERTED,185.3521728515625,179.8054656982422,0.0299252340449353,97.43378871988615,3623.1623526902417
NXPI,-1,2026-01-07,2026-01-08,1,RESIDUAL_REVERTED,238.47686767578125,233.24559020996094,0.02193620503659266,68.44331192481785,3623.162352690242
SWKS,1,2026-01-08,2026-01-09,1,RESIDUAL_REVERTED,57.70888137817383,59.82484817504883,0.0366662244414131,122.2494672580627,3637.1618968682883
INVH,1,2026-01-08,2026-01-09,1,RESIDUAL_REVERTED,25.40448760986328,25.723617553710938,0.012561951602745758,34.709831251625744,3637.1618968682883
UNP,1,2026-01-08,2026-01-09,1,RESIDUAL_REVERTED,221.14244079589844,227.17117309570312,0.027261760691919212,88.09521838373993,3637.1618968682883
ABBV,-1,2026-01-08,2026-01-09,1,RESIDUAL_REVERTED,225.7915496826172,218.58200073242188,0.03193010969776944,105.11777395055574,3637.1618968682883
DOC,-1,2026-01-08,2026-01-09,1,RESIDUAL_REVERTED,16.077905654907227,16.27792739868164,-0.012440783524150456,-56.51990303168388,3637.1618968682883
AOS,-1,2026-01-09,2026-01-12,1,RESIDUAL_REVERTED,69.79891967773438,68.70722961425781,0.015640500863293605,46.30587606409835,3679.4206559640015
F,-1,2026-01-09,2026-01-12,1,RESIDUAL_REVERTED,13.869324684143066,13.676021575927734,0.013937456409563898,40.03146062305747,3679.4206559640015
CSGP,1,2026-01-08,2026-01-13,3,RESIDUAL_REVERTED,60.61000061035156,58.90999984741211,-0.02804818917373697,-112.77426692206626,3637.1618968682883
ADSK,1,2026-01-09,2026-01-13,2,RESIDUAL_REVERTED,276.79998779296875,277.5,0.0025289459461783625,-1.7471635996351704,3679.4206559640015
MDLZ,-1,2026-01-09,2026-01-13,2,RESIDUAL_REVERTED,53.08163070678711,54.271270751953125,-0.022411520319286282,-94.21837956929731,3679.420655964002
LVS,1,2026-01-12,2026-01-13,1,RESIDUAL_REVERTED,57.68914031982422,59.43848419189453,0.030323625250299857,99.77031840971952,3657.519137880401
FOXA,1,2026-01-12,2026-01-13,1,RESIDUAL_REVERTED,72.62135314941406,73.00774383544922,0.005320620854312397,8.458524777511801,3657.5191378804006
WY,-1,2026-01-12,2026-01-13,1,RESIDUAL_REVERTED,24.993417739868164,24.983678817749023,0.00038965947836755443,-9.836530054041456,3657.519137880401
BLDR,-1,2026-01-12,2026-01-13,1,RESIDUAL_REVERTED,123.37999725341797,124.55999755859375,-0.00956395146250566,-46.29728964022959,3657.519137880401
HAS,1,2026-01-12,2026-01-14,2,RESIDUAL_REVERTED,84.43834686279297,84.72189331054688,0.0033580293585644405,1.2910761459057074,3657.5191378804006
DXCM,-1,2026-01-13,2026-01-14,1,RESIDUAL_REVERTED,70.88999938964844,70.05000305175781,0.0118492924971485,32.300469881326755,3675.3452511075434
IBM,-1,2026-01-13,2026-01-14,1,RESIDUAL_REVERTED,305.379150390625,297.44085693359375,0.025994877013957862,84.37362902723994,3675.3452511075434
VTRS,-1,2026-01-14,2026-01-15,1,RESIDUAL_REVERTED,13.062082290649414,12.76899242401123,0.022438219275956794,71.41055914761927,3682.1301066659944
SOLV,1,2026-01-14,2026-01-16,2,RESIDUAL_REVERTED,79.43000030517578,80.08000183105469,0.008183325234565775,19.040479796507693,3682.1301066659944
DVA,1,2026-01-14,2026-01-16,2,RESIDUAL_REVERTED,104.0,104.94000244140625,0.009038485013521669,22.184566150259013,3682.130106665994
MRNA,-1,2026-01-14,2026-01-16,2,RESIDUAL_REVERTED,39.72999954223633,41.599998474121094,-0.04706768068035849,-185.20367413352005,3682.1301066659944
ICE,-1,2026-01-15,2026-01-16,1,RESIDUAL_REVERTED,172.00750732421875,171.4433135986328,0.003280052913751552,0.7558857664251641,3672.2672162001977
PGR,1,2026-01-14,2026-01-20,3,RESIDUAL_REVERTED,204.0537567138672,200.4472198486328,-0.017674444829220204,-76.02837633614051,3682.130106665994
RVTY,-1,2026-01-14,2026-01-20,3,RESIDUAL_REVERTED,109.89820861816406,110.98350524902344,-0.009875471534119162,-48.36444178580513,3682.1301066659944
ALL,1,2026-01-14,2026-01-21,4,RESIDUAL_REVERTED,194.3404541015625,191.6102294921875,-0.014048668466876135,-62.697821902770926,3682.1301066659944
BLK,-1,2026-01-16,2026-01-21,2,RESIDUAL_REVERTED,1140.7652587890625,1101.9033203125,0.0340665515338493,113.54034719322341,3667.080500054024
AMCR,1,2026-01-20,2026-01-21,1,RESIDUAL_REVERTED,40.26612091064453,39.787559509277344,-0.011884964097464867,-54.02172828008746,3633.633667804895
SMCI,-1,2026-01-20,2026-01-21,1,RESIDUAL_REVERTED,31.209999084472656,31.65999984741211,-0.014418480491507957,-63.661196022370824,3633.6336678048956
LH,-1,2026-01-15,2026-01-22,4,RESIDUAL_REVERTED,261.68841552734375,263.6537780761719,-0.007510315444677174,-39.83225670333773,3672.267216200198
MNST,-1,2026-01-21,2026-01-22,1,RESIDUAL_REVERTED,40.65999984741211,40.79999923706055,-0.0034431724095873584,-23.66844333365028,3625.6942567374736
WFC,1,2026-01-15,2026-01-23,5,RESIDUAL_REVERTED,87.89305114746094,86.08287048339844,-0.020595264818210723,-86.53467047577594,3672.2672162001986
STT,1,2026-01-20,2026-01-23,3,RESIDUAL_REVERTED,125.73981475830078,126.16484832763672,0.003380262410541457,1.3633103445928612,3633.6336678048956
PNC,-1,2026-01-20,2026-01-23,3,RESIDUAL_REVERTED,216.38926696777344,218.0137481689453,-0.007507217081214046,-39.09736014925231,3633.6336678048956
MMM,1,2026-01-21,2026-01-23,2,RESIDUAL_REVERTED,154.93508911132812,157.65673828125,0.01756638335145788,52.717716955973586,3625.694256737474
KHC,1,2026-01-22,2026-01-23,1,RESIDUAL_REVERTED,21.19296646118164,21.563772201538086,0.017496641682307024,52.31207838837091,3615.1101729540824
TDY,-1,2026-01-22,2026-01-23,1,RESIDUAL_REVERTED,628.8699951171875,625.0,0.0061538873650131,11.151414978364592,3615.110172954082
CFG,-1,2026-01-22,2026-01-23,1,RESIDUAL_REVERTED,63.0551872253418,62.5751953125,0.007612251013170979,16.428695616409282,3615.1101729540824
SRE,1,2026-01-22,2026-01-26,2,RESIDUAL_REVERTED,84.57139587402344,84.3073959350586,-0.0031216221068184336,-22.11341084158816,3615.1101729540824
NTRS,-1,2026-01-23,2026-01-26,1,RESIDUAL_REVERTED,149.383056640625,146.48660278320312,0.019389440292348237,59.716288944521125,3654.4444678969753
COF,1,2026-01-26,2026-01-27,1,RESIDUAL_REVERTED,215.35137939453125,217.46664428710938,0.009822388407844329,24.80496374267556,3643.6870522189347
GS,1,2026-01-26,2026-01-27,1,RESIDUAL_REVERTED,905.1600952148438,910.66943359375,0.006086589994445779,11.21330155453818,3643.6870522189347
INTC,1,2026-01-26,2026-01-28,2,RESIDUAL_REVERTED,44.279998779296875,46.599998474121094,0.05239385182433498,179.68937815228804,3643.687052218935
LYV,-1,2026-01-26,2026-01-28,2,RESIDUAL_REVERTED,147.02999877929688,147.0800018310547,-0.0003400874119088293,-12.751517137858261,3643.6870522189342
FTNT,-1,2026-01-26,2026-01-28,2,RESIDUAL_REVERTED,81.6500015258789,82.18000030517578,-0.006491105565122224,-35.201700550707166,3643.6870522189347
DRI,1,2026-01-27,2026-01-28,1,RESIDUAL_REVERTED,192.49911499023438,197.80503845214844,0.027563365484476243,88.42328223772437,3605.8726265072737
META,-1,2026-01-23,2026-01-29,4,RESIDUAL_REVERTED,643.1144409179688,735.5364379882812,-0.14371003228972934,-538.1337441878536,3654.4444678969753
CSX,-1,2026-01-26,2026-01-29,3,RESIDUAL_REVERTED,36.32854080200195,37.16094207763672,-0.022913149200556315,-95.43221929619807,3643.6870522189342
AAPL,-1,2026-01-27,2026-01-29,2,RESIDUAL_REVERTED,258.46649169921875,257.2996520996094,0.004514471457937597,4.917056735921226,3605.8726265072737
UNH,1,2026-01-28,2026-01-29,1,RESIDUAL_REVERTED,278.2193298339844,288.62359619140625,0.037395914811634956,124.3265886300222,3620.478652156034
ELV,1,2026-01-28,2026-01-29,1,RESIDUAL_REVERTED,310.90350341796875,337.0601501464844,0.08413107745959181,293.2764418139821,3620.478652156034
URI,1,2026-01-26,2026-01-29,3,TRAILING_STOP,916.4503173828125,810.5404573991063,-0.11556530449589697,-431.38323912857913,3643.6870522189347
TXT,1,2026-01-29,2026-01-30,1,RESIDUAL_REVERTED,86.77059173583984,87.76990509033203,0.011516728588580438,31.39090262001447,3693.2848254190235
APH,1,2026-01-29,2026-01-30,1,RESIDUAL_REVERTED,73.75791931152344,73.60370635986328,-0.002090798562373042,-18.790186207772017,3693.284825419024
MSCI,-1,2026-01-29,2026-01-30,1,RESIDUAL_REVERTED,609.4522705078125,598.8507080078125,0.017395230132076556,52.97275009937136,3693.2848254190235
TXN,-1,2026-01-29,2026-02-02,2,RESIDUAL_REVERTED,212.8201141357422,213.25897216796875,-0.00206210786987282,-19.297701334234446,3693.284825419023
LVS,1,2026-01-30,2026-02-02,1,RESIDUAL_REVERTED,51.30107879638672,52.637657165527344,0.026053611356702477,83.29330341131589,3619.161460629789
LUV,-1,2026-01-30,2026-02-02,1,RESIDUAL_REVERTED,47.89675521850586,48.12370300292969,-0.0047382705443925754,-28.312972559428406,3619.1614606297894
RCL,-1,2026-01-30,2026-02-02,1,RESIDUAL_REVERTED,332.0462341308594,321.6581726074219,0.031284985208847704,102.26150041788468,3619.161460629789
META,-1,2026-01-30,2026-02-02,1,RESIDUAL_REVERTED,725.6318969726562,712.7649536132812,0.01773205314299997,53.13104974712047,3619.161460629789
TTWO,1,2026-02-02,2026-02-03,1,RESIDUAL_REVERTED,225.50999450683594,220.97999572753906,-0.020087796060673346,-83.83599037168312,3635.92725780099
VZ,-1,2026-02-02,2026-02-03,1,RESIDUAL_REVERTED,43.18326950073242,43.241390228271484,-0.0013459084550806466,-16.0975072964518,3635.9272578009895
TYL,1,2026-01-30,2026-02-03,2,TRAILING_STOP,380.6700134277344,333.39515839721923,-0.12418854483658903,-459.64169211318057,3619.161460629789
URI,1,2026-01-30,2026-02-04,3,RESIDUAL_REVERTED,775.42431640625,787.9783325195312,0.016189866435274647,47.64836566241709,3619.161460629789
DIS,1,2026-02-03,2026-02-04,1,RESIDUAL_REVERTED,103.98323059082031,103.40764617919922,-0.005535358041394711,-30.82943215847388,3615.484143448061
JBHT,-1,2026-02-03,2026-02-04,1,TRAILING_STOP,210.86752319335938,226.79886099537185,-0.07555140573925123,-284.7096348026805,3615.484143448061
ODFL,-1,2026-02-03,2026-02-04,1,TRAILING_STOP,184.2220001220703,207.48174894511993,-0.1262593436594821,-468.3141820409051,3615.484143448061
KLAC,1,2026-02-02,2026-02-06,4,RESIDUAL_REVERTED,139.4854278564453,137.20689392089844,-0.016335282979465626,-70.21259157136129,3635.9272578009895
HAS,-1,2026-02-03,2026-02-06,3,RESIDUAL_REVERTED,91.83989715576172,94.35270690917969,-0.02736076401693066,-110.79301233133522,3615.484143448061
COR,1,2026-02-05,2026-02-06,1,RESIDUAL_REVERTED,334.0867614746094,352.487060546875,0.0550764088677127,179.0606155577534,3443.8843736156387
BSX,1,2026-02-05,2026-02-06,1,RESIDUAL_REVERTED,77.3499984741211,77.23999786376953,-0.0014221152232907208,-15.221907115226326,3443.8843736156387
AAPL,-1,2026-02-03,2026-02-09,4,RESIDUAL_REVERTED,268.4692687988281,277.4149475097656,-0.03332105291217058,-132.6714001954915,3615.484143448061
PYPL,1,2026-02-04,2026-02-09,3,RESIDUAL_REVERTED,41.23630142211914,39.858455657958984,-0.03341341770823991,-128.89186788375994,3544.5593897046565
IQV,1,2026-02-04,2026-02-09,3,RESIDUAL_REVERTED,201.25,187.25999450683594,-0.06951555524553577,-256.6660892240962,3544.5593897046565
DVA,-1,2026-02-04,2026-02-09,3,RESIDUAL_REVERTED,136.05999755859375,140.0,-0.028957831192885974,-114.32381455387967,3544.5593897046565
FTV,-1,2026-02-05,2026-02-09,2,RESIDUAL_REVERTED,60.5302848815918,59.942230224609375,0.009715048560117734,22.63451945798612,3443.8843736156387
NWSA,1,2026-02-09,2026-02-10,1,RESIDUAL_REVERTED,22.28160285949707,22.69845199584961,0.01870822036372788,53.8470674457949,3434.0895883730354
J,-1,2026-02-05,2026-02-11,4,RESIDUAL_REVERTED,141.40774536132812,150.17567443847656,-0.06200458860824365,-225.328627844808,3443.8843736156387
VRSN,1,2026-02-09,2026-02-11,2,RESIDUAL_REVERTED,220.7869110107422,218.09207153320312,-0.01220561248491736,-52.15456276915864,3434.0895883730354
GEN,-1,2026-02-09,2026-02-12,3,RESIDUAL_REVERTED,23.788896560668945,24.330673217773438,-0.022774350030183133,-89.46883951603506,3434.0895883730354
WAT,1,2026-02-10,2026-02-12,2,RESIDUAL_REVERTED,327.82000732421875,328.69000244140625,0.0026538804763280854,-1.1923557729916068,3405.75435617358
ORCL,-1,2026-02-10,2026-02-12,2,RESIDUAL_REVERTED,158.89036560058594,156.834716796875,0.012937529572298767,33.375265406587076,3405.75435617358
RJF,1,2026-02-11,2026-02-12,1,RESIDUAL_REVERTED,161.5968780517578,157.26856994628906,-0.026784602262442503,-100.5054312105241,3378.9669827979556
CBRE,1,2026-02-12,2026-02-12,0,STOP_LOSS,151.94000244140625,129.1490020751953,-0.15000000000000002,-512.8072392438553,3356.6175044598613
MOH,1,2026-02-09,2026-02-13,4,RESIDUAL_REVERTED,132.0,128.3800048828125,-0.027424205433238646,-104.3381813452856,3434.0895883730354
WTW,1,2026-02-10,2026-02-13,3,RESIDUAL_REVERTED,287.8815612792969,281.0392761230469,-0.02376770893503577,-91.04282084292198,3405.75435617358
VTRS,-1,2026-02-10,2026-02-13,3,RESIDUAL_REVERTED,15.17233657836914,15.524046897888184,-0.02318102539462963,-90.11773673773828,3405.75435617358
EXPD,1,2026-02-13,2026-02-17,1,RESIDUAL_REVERTED,139.79957580566406,145.53004455566406,0.04099060184535852,125.81676305875617,3317.1551704287617
CHRW,1,2026-02-13,2026-02-17,1,RESIDUAL_REVERTED,169.9862060546875,177.205322265625,0.042468835433711494,130.71293795417654,3317.1551704287617
EQIX,-1,2026-02-13,2026-02-17,1,RESIDUAL_REVERTED,942.4072875976562,938.1915283203125,0.004473394181925716,4.646631613939189,3317.1551704287617
LYV,-1,2026-02-10,2026-02-18,5,RESIDUAL_REVERTED,148.5,159.92999267578125,-0.07696964764835856,-274.1537326300175,3405.75435617358
ROL,1,2026-02-13,2026-02-18,2,RESIDUAL_REVERTED,57.61553955078125,59.207462310791016,0.027630093763274965,81.56436291241349,3317.1551704287617
MSI,-1,2026-02-13,2026-02-18,2,RESIDUAL_REVERTED,449.7207946777344,452.0813903808594,-0.005249025019660403,-27.923296867985965,3317.1551704287617
STZ,1,2026-02-17,2026-02-18,1,RESIDUAL_REVERTED,147.99853515625,148.15621948242188,0.0010654451816392019,-6.406758152337453,3309.0144209793575
GNRC,-1,2026-02-12,2026-02-19,4,RESIDUAL_REVERTED,218.74000549316406,227.5800018310547,-0.04041325827875086,-147.02369246753392,3356.6175044598613
NVR,1,2026-02-17,2026-02-19,2,RESIDUAL_REVERTED,7453.3798828125,7515.0,0.008267405949560658,17.388886799981996,3309.014420979358
COIN,-1,2026-02-17,2026-02-19,2,RESIDUAL_REVERTED,162.47999572753906,162.4199981689453,0.000369261202433524,-9.236819604668737,3309.0144209793584
FISV,-1,2026-02-18,2026-02-19,1,RESIDUAL_REVERTED,63.40999984741211,62.939998626708984,0.00741209938233911,14.388612817980576,3312.0265510922313
NI,1,2026-02-19,2026-02-20,1,RESIDUAL_REVERTED,44.71827697753906,45.438907623291016,0.01611490188036324,43.34349103153261,3311.006536368979
PANW,1,2026-02-19,2026-02-20,1,RESIDUAL_REVERTED,152.47999572753906,150.36000061035156,-0.013903431116142229,-55.89831938565443,3311.006536368979
GPN,-1,2026-02-19,2026-02-20,1,RESIDUAL_REVERTED,80.02123260498047,79.54596710205078,0.005939242466756367,9.500423336645051,3311.006536368979
ALLE,1,2026-02-18,2026-02-23,3,RESIDUAL_REVERTED,160.4542236328125,160.36526489257812,-0.0005544181899377332,-11.76957304711088,3312.0265510922313
POOL,1,2026-02-20,2026-02-23,1,RESIDUAL_REVERTED,213.7186737060547,216.4732208251953,0.012888659055264373,32.677956624947655,3311.0626200979927
DE,-1,2026-02-20,2026-02-23,1,RESIDUAL_REVERTED,660.6006469726562,648.596923828125,0.01817092247720442,50.06003545690711,3311.0626200979927
OXY,-1,2026-02-20,2026-02-23,1,RESIDUAL_REVERTED,50.709022521972656,51.527549743652344,-0.016141648585811685,-63.72429531498241,3311.0626200979927
OMC,-1,2026-02-20,2026-02-24,2,RESIDUAL_REVERTED,79.28077697753906,78.31110382080078,0.012230873532092179,30.09760571270538,3311.0626200979923
AKAM,1,2026-02-23,2026-02-24,1,RESIDUAL_REVERTED,93.75,98.66000366210938,0.052373372395833284,162.2169740855283,3290.751427873519
PFG,-1,2026-02-23,2026-02-24,1,RESIDUAL_REVERTED,92.98601531982422,90.44888305664062,0.027285095016246874,79.7968491192725,3290.7514278735184
GPC,1,2026-02-18,2026-02-25,5,RESIDUAL_REVERTED,119.7747802734375,114.94062042236328,-0.04036041510606969,-143.4103339480167,3312.0265510922313
IBM,1,2026-02-24,2026-02-25,1,RESIDUAL_REVERTED,224.5250244140625,229.86709594726562,0.0237927667401181,68.35549211184751,3293.117338673551
EW,-1,2026-02-24,2026-02-25,1,RESIDUAL_REVERTED,82.33000183105469,82.63999938964844,-0.0037653048912822396,-22.55912295974192,3293.117338673551
GRMN,-1,2026-02-19,2026-02-26,5,RESIDUAL_REVERTED,239.5316925048828,247.6230926513672,-0.03378008171640756,-123.29004787064704,3311.006536368979
CRWD,1,2026-02-23,2026-02-26,3,RESIDUAL_REVERTED,96.23999786376953,91.81199645996094,-0.046009990670163536,-161.05258561416701,3290.751427873519
AXP,1,2026-02-24,2026-02-26,2,RESIDUAL_REVERTED,318.60784912109375,327.9029541015625,0.02917412425999566,86.05035170352605,3293.1173386735513
DPZ,-1,2026-02-24,2026-02-26,2,RESIDUAL_REVERTED,395.81597900390625,400.27783203125,-0.011272543969983895,-47.587764292431594,3293.117338673551
EXPD,1,2026-02-25,2026-02-26,1,RESIDUAL_REVERTED,137.9988555908203,141.8589630126953,0.027972024879109103,81.84080357425412,3282.815248496008
KEYS,-1,2026-02-25,2026-02-26,1,RESIDUAL_REVERTED,301.4800109863281,303.989990234375,-0.008325524600570233,-37.48174741588372,3282.815248496008
GDDY,-1,2026-02-25,2026-02-26,1,RESIDUAL_REVERTED,76.88500213623047,80.97000122070312,-0.0531312866095075,-184.7983885554195,3282.815248496008
BF-B,1,2026-02-26,2026-02-27,1,RESIDUAL_REVERTED,27.389013290405273,27.856536865234375,0.01706974872997269,46.42318197285735,3305.5187713520227
PSKY,-1,2026-02-27,2026-02-27,0,STOP_LOSS,11.048023223876953,12.705226707458495,-0.1499999999999999,-504.00674300229383,3289.324477091167
AXON,-1,2026-02-26,2026-03-02,2,RESIDUAL_REVERTED,528.0700073242188,548.1599731445312,-0.03804413343244062,-136.40358062889663,3305.5187713520227
UHS,1,2026-02-27,2026-03-02,1,RESIDUAL_REVERTED,203.2822723388672,202.71170043945312,-0.002806796150246371,-19.086588015565262,3289.324477091167
SJM,-1,2026-02-27,2026-03-02,1,RESIDUAL_REVERTED,114.64118957519531,113.58296203613281,0.009230779469262096,20.28188528906533,3289.324477091167
EME,1,2026-02-27,2026-03-03,2,RESIDUAL_REVERTED,744.2448120117188,719.889404296875,-0.03272499495026415,-117.34963564350815,3289.324477091167
VTRS,1,2026-02-27,2026-03-03,2,RESIDUAL_REVERTED,14.810857772827148,14.703391075134277,-0.0072559401583097705,-33.699314285960064,3289.324477091167
ACN,-1,2026-02-27,2026-03-03,2,RESIDUAL_REVERTED,200.04771423339844,198.90133666992188,0.005730520680376605,8.479659697494483,3289.3244770911665
GS,1,2026-03-02,2026-03-03,1,RESIDUAL_REVERTED,832.2382202148438,828.2752075195312,-0.00476187298186026,-24.958176775383834,3218.445544920878
PSKY,-1,2026-03-02,2026-03-03,1,RESIDUAL_REVERTED,13.896265029907227,12.664327621459961,0.08865241169450333,275.8539430613463,3218.445544920878
LOW,1,2026-02-26,2026-03-04,4,RESIDUAL_REVERTED,260.4721984863281,255.2002410888672,-0.020240000384293078,-76.71990196470523,3305.5187713520227
TKO,-1,2026-02-27,2026-03-04,3,RESIDUAL_REVERTED,215.66737365722656,216.8332977294922,-0.005406121716485135,-28.477004734726044,3289.324477091167
AES,1,2026-03-03,2026-03-04,1,RESIDUAL_REVERTED,13.851037979125977,13.841276168823242,-0.0007047710299723509,-12.033130996018317,3248.9364479127617
RTX,-1,2026-03-03,2026-03-04,1,RESIDUAL_REVERTED,211.42404174804688,205.45880126953125,0.028214579710023613,81.80807223947805,3248.9364479127617
AZO,1,2026-03-04,2026-03-05,1,RESIDUAL_REVERTED,3666.110107421875,3685.719970703125,0.0053489564433841785,7.609789939745296,3250.7508379785986
TGT,-1,2026-03-04,2026-03-05,1,RESIDUAL_REVERTED,121.86441040039062,117.7452392578125,0.03380126428252861,100.04213419775228,3250.7508379785986
MPC,-1,2026-03-03,2026-03-06,3,RESIDUAL_REVERTED,212.27638244628906,216.32977294921875,-0.0190948727136675,-72.66243228631683,3248.9364479127617
ETN,1,2026-03-04,2026-03-06,2,RESIDUAL_REVERTED,354.9507751464844,343.4271545410156,-0.03246540481764848,-115.13088901734672,3250.7508379785986
BBY,-1,2026-03-04,2026-03-06,2,RESIDUAL_REVERTED,63.79802703857422,62.970733642578125,0.012967382133868943,31.947352635461588,3250.7508379785986
BF-B,1,2026-03-05,2026-03-06,1,RESIDUAL_REVERTED,25.37282371520996,25.20724105834961,-0.006525984601433721,-30.82190095880403,3238.888960978179
MRNA,-1,2026-03-05,2026-03-06,1,RESIDUAL_REVERTED,56.95500183105469,52.21500015258789,0.08322362437151765,259.99678886890615,3238.888960978179
HUBB,1,2026-03-04,2026-03-09,3,RESIDUAL_REVERTED,488.90118408203125,460.0277099609375,-0.059057893621810464,-201.44677594851638,3250.7508379785986
ROST,-1,2026-03-05,2026-03-09,2,RESIDUAL_REVERTED,210.22225952148438,208.72128295898438,0.007139950668956674,12.925043842599452,3238.888960978179
ROK,1,2026-03-05,2026-03-10,3,RESIDUAL_REVERTED,376.1175842285156,382.93548583984375,0.018127048288137937,48.90676246774077,3238.888960978179
TTD,-1,2026-03-06,2026-03-10,2,RESIDUAL_REVERTED,29.165000915527344,28.6299991607666,0.01834396495684354,49.481180082145315,3252.3272227934317
BLK,1,2026-03-09,2026-03-10,1,RESIDUAL_REVERTED,919.4536743164062,954.6931762695312,0.03832656602229023,114.33524177215031,3241.7986002946877
BA,-1,2026-03-09,2026-03-10,1,RESIDUAL_REVERTED,226.75,224.10000610351562,0.011686852906215517,27.962557290404067,3241.7986002946877
PAYX,-1,2026-03-09,2026-03-10,1,RESIDUAL_REVERTED,97.24369812011719,95.56304931640625,0.017282855714053302,46.13205136248401,3241.7986002946877
UPS,1,2026-03-06,2026-03-11,3,RESIDUAL_REVERTED,98.60903930664062,97.71849060058594,-0.009031106197935679,-39.08503603905584,3252.3272227934317
T,1,2026-03-10,2026-03-11,1,RESIDUAL_REVERTED,27.002056121826172,27.021587371826172,0.0007233245465412264,-7.410250025559964,3253.305261835859
VRTX,-1,2026-03-11,2026-03-12,1,RESIDUAL_REVERTED,497.8800048828125,489.9700012207031,0.015887369616241487,41.79848940066774,3257.182764147288
PH,-1,2026-03-11,2026-03-12,1,RESIDUAL_REVERTED,941.7304077148438,923.3790283203125,0.01948687144876393,53.53889859629285,3257.182764147288
BG,-1,2026-03-09,2026-03-12,3,TRAILING_STOP,115.2459945678711,123.7428344460882,-0.07372785414432004,-249.89143224458743,3241.7986002946877
FICO,1,2026-03-11,2026-03-12,1,TRAILING_STOP,1287.010009765625,1105.0,-0.14142081909585968,-469.7140525613915,3257.182764147288
ADM,-1,2026-03-11,2026-03-12,1,TRAILING_STOP,68.046630859375,72.63178863110768,-0.06738258329362923,-229.84378536958877,3257.182764147288
LYV,-1,2026-03-10,2026-03-13,3,RESIDUAL_REVERTED,165.1300048828125,160.97999572753906,0.025131769106520485,71.35524737350306,3253.305261835859
IFF,1,2026-03-12,2026-03-13,1,RESIDUAL_REVERTED,67.47959899902344,69.8909912109375,0.035735129545582556,104.68408625141988,3203.1577572199826
COO,1,2026-03-09,2026-03-13,4,TRAILING_STOP,75.2699966430664,69.9319704875696,-0.07091837908283638,-239.28364319372227,3241.7986002946877
CPB,1,2026-03-12,2026-03-16,2,RESIDUAL_REVERTED,21.904804229736328,21.083494186401367,-0.03749451648693636,-129.530173332995,3203.157757219982
SLB,1,2026-03-13,2026-03-16,1,RESIDUAL_REVERTED,44.00970458984375,44.09877395629883,0.002023857403388174,-3.086950563256517,3152.592640669772
CF,-1,2026-03-13,2026-03-16,1,RESIDUAL_REVERTED,130.88848876953125,122.79341888427734,0.061847072736149644,185.56790257458422,3152.5926406697727
LYB,-1,2026-03-13,2026-03-16,1,RESIDUAL_REVERTED,71.37875366210938,70.03678894042969,0.01880061857107007,49.65357124130861,3152.5926406697727
DOW,-1,2026-03-13,2026-03-16,1,RESIDUAL_REVERTED,36.89237976074219,35.610443115234375,0.0347480063314306,100.0098125250965,3152.5926406697727
APD,-1,2026-03-13,2026-03-16,1,RESIDUAL_REVERTED,292.0927734375,286.6114196777344,0.018765797233728843,49.548245395426214,3152.5926406697727
CNC,1,2026-03-11,2026-03-17,4,RESIDUAL_REVERTED,36.310001373291016,34.869998931884766,-0.03965856201992568,-138.75297017761696,3257.182764147288
PODD,1,2026-03-16,2026-03-17,1,RESIDUAL_REVERTED,222.8000030517578,226.82000732421875,0.01804310690034905,47.639875821638014,3172.5986821440256
ULTA,1,2026-03-16,2026-03-18,2,RESIDUAL_REVERTED,532.9199829101562,519.3099975585938,-0.025538515702191233,-90.4197221152274,3172.5986821440256
DLTR,-1,2026-03-17,2026-03-18,1,RESIDUAL_REVERTED,115.19000244140625,110.97000122070312,0.03663513439762023,107.03596925641381,3184.359421903766
SYK,-1,2026-03-17,2026-03-18,1,RESIDUAL_REVERTED,348.6334228515625,343.5010681152344,0.014721350277748124,37.14359180772898,3184.359421903766
PSA,1,2026-03-17,2026-03-18,1,TRAILING_STOP,287.1587829589844,272.50519732647155,-0.05102955752046712,-171.80578587316216,3184.359421903766
CF,1,2026-03-17,2026-03-19,2,RESIDUAL_REVERTED,122.44662475585938,127.48992919921875,0.04118777837621068,121.4068768386502,3184.359421903766
CMG,-1,2026-03-17,2026-03-19,2,RESIDUAL_REVERTED,34.400001525878906,32.29999923706055,0.061046575455484864,184.6401537167854,3184.359421903766
MDLZ,-1,2026-03-17,2026-03-19,2,RESIDUAL_REVERTED,56.611228942871094,55.57889175415039,0.018235555171615903,48.100424498519025,3184.359421903766
LLY,1,2026-03-18,2026-03-19,1,RESIDUAL_REVERTED,922.089111328125,911.1237182617188,-0.011891901695501361,-47.216061166389366,3174.388765901603
JNJ,1,2026-03-18,2026-03-19,1,RESIDUAL_REVERTED,235.3490753173828,235.81410217285156,0.00197590262397096,-3.260291630294046,3174.388765901603
OTIS,1,2026-03-19,2026-03-20,1,RESIDUAL_REVERTED,77.58676147460938,79.266357421875,0.02164797080511316,59.41735117096688,3191.8215919559016
CMCSA,1,2026-03-19,2026-03-20,1,RESIDUAL_REVERTED,28.076534271240234,28.213062286376953,0.004862708973185859,5.9221533709004515,3191.821591955902
PH,-1,2026-03-19,2026-03-20,1,RESIDUAL_REVERTED,895.0601196289062,893.9349365234375,0.001257103384223246,-5.8106311828697015,3191.821591955902
BX,-1,2026-03-16,2026-03-23,5,RESIDUAL_REVERTED,106.16331481933594,112.03838348388672,-0.05533991355251788,-186.6471655261706,3172.5986821440256
LULU,-1,2026-03-19,2026-03-23,2,RESIDUAL_REVERTED,163.0399932861328,165.8800048828125,-0.01741911011794217,-65.76778209497765,3191.821591955902
CSX,1,2026-03-20,2026-03-23,1,RESIDUAL_REVERTED,38.25766372680664,38.595703125,0.008835860982187915,18.62737629337096,3199.146994335457
SLB,-1,2026-03-20,2026-03-23,1,RESIDUAL_REVERTED,47.513065338134766,47.01823806762695,0.010414551597256239,23.523614538521073,3199.146994335457
ES,1,2026-03-20,2026-03-24,2,RESIDUAL_REVERTED,67.29938507080078,65.44351959228516,-0.02757626204999053,-97.68562606146227,3199.146994335457
TSN,1,2026-03-20,2026-03-24,2,RESIDUAL_REVERTED,58.04433822631836,58.5453987121582,0.0086323748560313,17.97737073753098,3199.146994335457
BKR,-1,2026-03-20,2026-03-26,4,RESIDUAL_REVERTED,60.33552932739258,62.02365493774414,-0.027978964122307826,-100.28098898527502,3199.146994335457
AMCR,-1,2026-04-09,2026-04-10,1,RESIDUAL_REVERTED,40.40666961669922,40.697574615478516,-0.007199430231168424,-32.72438380475841,3180.2845864745577
PPG,-1,2026-04-09,2026-04-10,1,RESIDUAL_REVERTED,107.39747619628906,109.33274841308594,-0.018019717830797033,-67.18920800650669,3180.2845864745573
CCL,-1,2026-04-09,2026-04-10,1,RESIDUAL_REVERTED,27.506576538085938,28.000944137573242,-0.01797270550200225,-67.0375852526442,3180.2845864745573
FANG,1,2026-04-09,2026-04-13,2,RESIDUAL_REVERTED,185.91793823242188,188.4697723388672,0.01372559383299099,34.04496380608662,3180.2845864745577
APA,1,2026-04-09,2026-04-14,3,RESIDUAL_REVERTED,38.72639465332031,38.2923698425293,-0.0112074675341306,-45.13032560725487,3180.2845864745573
CVX,1,2026-04-09,2026-04-14,3,RESIDUAL_REVERTED,190.8805694580078,185.2713623046875,-0.029385951483942407,-102.85635878984989,3180.2845864745573
CRH,-1,2026-04-09,2026-04-14,3,RESIDUAL_REVERTED,112.5380630493164,116.884765625,-0.038624288155544084,-133.34182864773803,3180.2845864745573
SHW,-1,2026-04-09,2026-04-14,3,RESIDUAL_REVERTED,330.4275207519531,333.3432312011719,-0.008824054493352884,-38.410817995151795,3180.2845864745573
MKC,-1,2026-04-13,2026-04-15,2,RESIDUAL_REVERTED,52.75740432739258,52.73775863647461,0.00037237789023991663,-8.688525483723367,3117.9923977871786
AVGO,-1,2026-04-13,2026-04-15,2,RESIDUAL_REVERTED,368.405029296875,388.5563659667969,-0.05469886420492687,-180.66956385716608,3117.992397787179
TPL,-1,2026-04-13,2026-04-15,2,RESIDUAL_REVERTED,408.7178955078125,412.3365478515625,-0.008853667489293615,-37.50138698665393,3117.9923977871786
CHTR,1,2026-04-15,2026-04-16,1,RESIDUAL_REVERTED,216.0399932861328,220.6999969482422,0.02157009723629022,57.257653770401014,3088.707000619133
TDG,-1,2026-04-15,2026-04-16,1,RESIDUAL_REVERTED,1297.0799560546875,1275.6800537109375,0.016498522117974757,41.52851443336683,3088.707000619133
COP,1,2026-04-09,2026-04-17,6,RESIDUAL_REVERTED,124.52779388427734,114.70677947998047,-0.0788660434587275,-259.98109147383525,3180.2845864745573
FAST,1,2026-04-14,2026-04-17,3,RESIDUAL_REVERTED,44.94258499145508,44.744728088378906,-0.004402437089762179,-23.06721290357298,3118.947054314519
WFC,1,2026-04-15,2026-04-17,2,RESIDUAL_REVERTED,80.00069427490234,81.19695281982422,0.014953102041980193,36.85035132974201,3088.707000619133
HOOD,-1,2026-04-15,2026-04-17,2,RESIDUAL_REVERTED,83.55000305175781,90.05999755859375,-0.07791734612867818,-250.80198352736292,3088.707000619133
TSLA,-1,2026-04-16,2026-04-17,1,RESIDUAL_REVERTED,393.80999755859375,395.9200134277344,-0.005357954044390878,-25.929892291197593,3070.673470173173
DASH,-1,2026-04-16,2026-04-17,1,RESIDUAL_REVERTED,182.03500366210938,184.9149932861328,-0.015821075980360533,-58.10633358034043,3070.673470173173
UBER,-1,2026-04-16,2026-04-17,1,RESIDUAL_REVERTED,77.51000213623047,77.41500091552734,0.0012256640186404377,-5.683226761605267,3070.673470173173
ALB,-1,2026-04-17,2026-04-20,1,RESIDUAL_REVERTED,206.3363800048828,194.84451293945312,0.05569481768148565,163.20654569573972,3096.7370470672877
SCHW,1,2026-04-17,2026-04-21,2,RESIDUAL_REVERTED,92.74578094482422,92.6563720703125,-0.0009640209355173956,-12.271052507349228,3096.7370470672877
DOW,1,2026-04-20,2026-04-21,1,RESIDUAL_REVERTED,35.272830963134766,36.08994674682617,0.023165585562026747,61.62459008679001,3061.2035418346823
XYL,1,2026-04-20,2026-04-22,2,RESIDUAL_REVERTED,119.59417724609375,119.54456329345703,-0.00041485257710016654,-10.451653881594853,3061.2035418346823
NVR,-1,2026-04-20,2026-04-22,2,RESIDUAL_REVERTED,7000.2001953125,6640.240234375,0.05142138094543891,147.97687087754417,3061.2035418346823
MAA,-1,2026-04-20,2026-04-22,2,RESIDUAL_REVERTED,125.9814224243164,124.84458923339844,0.009023816123372663,17.995028430706714,3061.2035418346823
SNA,-1,2026-04-20,2026-04-22,2,RESIDUAL_REVERTED,375.2547912597656,377.9495544433594,-0.007181155967515229,-31.691937964837685,3061.203541834682
TRGP,1,2026-04-09,2026-04-23,10,RESIDUAL_REVERTED,242.37271118164062,236.22251892089844,-0.025374936933939995,-90.11932529197638,3180.2845864745573
NFLX,1,2026-04-20,2026-04-23,3,RESIDUAL_REVERTED,97.13999938964844,94.05999755859375,-0.031706833955188474,-106.09909142088503,3061.2035418346823
PHM,-1,2026-04-20,2026-04-23,3,RESIDUAL_REVERTED,125.20953369140625,124.46276092529297,0.005964184548069573,8.360232255096864,3061.2035418346823
SWK,-1,2026-04-21,2026-04-23,2,RESIDUAL_REVERTED,74.09624481201172,74.96923065185547,-0.01178178249192774,-45.44528808871138,3037.969530761986
ISRG,-1,2026-04-23,2026-04-24,1,RESIDUAL_REVERTED,484.5,480.75,0.007739938080495334,14.329502671021247,3066.3717388169666
PRU,1,2026-04-22,2026-04-27,3,RESIDUAL_REVERTED,90.86820220947266,91.58016967773438,0.007835166218216338,14.681528115972089,3043.804602418517
MAS,-1,2026-04-23,2026-04-27,2,RESIDUAL_REVERTED,74.1779556274414,73.81132507324219,0.004942581001296631,5.493138600455374,3066.3717388169666
GEV,-1,2026-04-23,2026-04-27,2,RESIDUAL_REVERTED,1147.3038330078125,1134.6551513671875,0.011024700935117426,24.170075958713944,3066.3717388169666
LVS,1,2026-04-24,2026-04-27,1,RESIDUAL_REVERTED,51.63788604736328,51.9836540222168,0.0066960133599653915,11.293995832393861,3064.050400544642
LULU,1,2026-04-24,2026-04-27,1,RESIDUAL_REVERTED,141.8800048828125,143.83999633789062,0.013814430417429246,33.072467685605304,3064.050400544642
TXN,-1,2026-04-24,2026-04-27,1,RESIDUAL_REVERTED,284.9161071777344,273.3741760253906,0.04050992857748037,114.88435140307956,3064.050400544642
URI,-1,2026-04-24,2026-04-27,1,RESIDUAL_REVERTED,994.2173461914062,970.7164916992188,0.023637542215706908,63.10567653122661,3064.050400544642
TSCO,1,2026-04-22,2026-04-29,5,RESIDUAL_REVERTED,39.11007308959961,34.529170989990234,-0.1171284464008725,-365.11274388001823,3043.804602418517
DPZ,1,2026-04-28,2026-04-29,1,RESIDUAL_REVERTED,334.1647644042969,335.7056579589844,0.004611179031500878,4.9250121516318615,3069.954498938715
MCD,1,2026-04-28,2026-04-29,1,RESIDUAL_REVERTED,288.1832580566406,287.29559326171875,-0.0030802094504303046,-18.651782202548336,3069.954498938715
YUM,1,2026-04-28,2026-04-29,1,RESIDUAL_REVERTED,154.73880004882812,156.96661376953125,0.014397253436113866,34.922751092304615,3069.954498938715
TROW,-1,2026-04-28,2026-04-29,1,RESIDUAL_REVERTED,99.29838562011719,97.8539047241211,0.014546871905070091,35.27403448791224,3069.954498938715
UHS,-1,2026-04-28,2026-04-29,1,RESIDUAL_REVERTED,183.5406951904297,159.60191345214844,0.13042765100918874,391.5824821204984,3069.954498938715
NVDA,-1,2026-04-28,2026-04-29,1,RESIDUAL_REVERTED,209.0122528076172,212.2149200439453,-0.015322868364449294,-56.56886012698013,3069.954498938715
TEL,1,2026-04-23,2026-04-30,5,RESIDUAL_REVERTED,216.07778930664062,206.2344207763672,-0.0455547447142034,-148.67736530446473,3066.3717388169666
QCOM,-1,2026-04-27,2026-04-30,3,TRAILING_STOP,154.8917999267578,170.48898315429688,-0.10069728181165405,-320.1217213521684,3075.727829264557
AMP,-1,2026-04-28,2026-05-01,3,RESIDUAL_REVERTED,480.61773681640625,472.3935241699219,0.017111754345483066,42.68345284293727,3069.954498938715
GEHC,1,2026-04-30,2026-05-01,1,RESIDUAL_REVERTED,59.17656707763672,61.49525833129883,0.03918259149132641,111.67589395344089,3091.4754131855334
PODD,1,2026-04-30,2026-05-01,1,RESIDUAL_REVERTED,164.0,174.19000244140625,0.06213416122808679,182.52367616834655,3091.4754131855334
TER,1,2026-04-30,2026-05-01,1,RESIDUAL_REVERTED,326.75103759765625,343.1485290527344,0.050183441116625094,145.63373680999214,3091.4754131855334
REGN,1,2026-04-30,2026-05-01,1,RESIDUAL_REVERTED,691.2391967773438,701.1527709960938,0.014341741997514701,34.99621081385931,3091.4754131855334
NXPI,-1,2026-04-30,2026-05-01,1,RESIDUAL_REVERTED,287.1692810058594,289.3123474121094,-0.0074627285994641746,-32.62874757601569,3091.4754131855334
V,-1,2026-04-30,2026-05-01,1,RESIDUAL_REVERTED,330.8183288574219,331.57537841796875,-0.0022884148020503314,-16.60328703847624,3091.475413185533
GNRC,-1,2026-04-30,2026-05-04,2,RESIDUAL_REVERTED,256.04998779296875,259.9100036621094,-0.015075243324212506,-56.44598761223704,3091.4754131855334
WTW,1,2026-05-01,2026-05-04,1,RESIDUAL_REVERTED,262.0461730957031,252.75,-0.0354753247715166,-119.07534670442406,3099.1359187314797
CLX,1,2026-05-04,2026-05-05,1,RESIDUAL_REVERTED,86.49949645996094,85.30347442626953,-0.013826924810423913,-51.912082485878244,3088.8678345211456
SYK,1,2026-05-04,2026-05-05,1,RESIDUAL_REVERTED,293.865478515625,290.5144348144531,-0.01140332548790246,-44.4371337617612,3088.8678345211456
RMD,1,2026-05-04,2026-05-05,1,RESIDUAL_REVERTED,203.80734252929688,209.77243041992188,0.02926826784843395,81.00359890892008,3088.8678345211456
AIG,-1,2026-05-04,2026-05-05,1,RESIDUAL_REVERTED,76.97517395019531,76.85675811767578,0.0015383639483055322,-4.75143823343078,3088.8678345211456
FRT,-1,2026-05-04,2026-05-05,1,RESIDUAL_REVERTED,113.28339385986328,113.7292709350586,-0.0039359438308044226,-21.687898645940603,3088.8678345211456
AMGN,1,2026-05-04,2026-05-06,2,RESIDUAL_REVERTED,321.7063903808594,324.7652893066406,0.009508356119876549,20.059396791228846,3088.8678345211456
UPS,1,2026-05-05,2026-05-06,1,RESIDUAL_REVERTED,93.49806213378906,95.76315307617188,0.02422607368205809,64.83002060211446,3059.501306316662
TSN,-1,2026-05-05,2026-05-06,1,RESIDUAL_REVERTED,67.82974243164062,67.57430267333984,0.0037658960382787043,2.1198352287568474,3059.5013063166625
PWR,-1,2026-05-01,2026-05-07,4,RESIDUAL_REVERTED,736.4374389648438,780.5107421875,-0.05984663583183236,-196.06912863952311,3099.1359187314797
CBOE,-1,2026-05-04,2026-05-07,3,RESIDUAL_REVERTED,323.3521423339844,340.4686279296875,-0.05293450500174468,-173.7958161567413,3088.8678345211456
BALL,1,2026-05-06,2026-05-07,1,RESIDUAL_REVERTED,58.13066482543945,58.90534210205078,0.013326482312521426,31.519360147242658,3058.204318773005
FISV,1,2026-05-06,2026-05-08,2,RESIDUAL_REVERTED,57.560001373291016,56.75,-0.014072295934080215,-52.14601522267399,3058.204318773005
ROK,-1,2026-05-06,2026-05-08,2,RESIDUAL_REVERTED,445.6979675292969,448.66961669921875,-0.006667405701657136,-30.086870072441613,3058.204318773005
CDW,1,2026-05-07,2026-05-08,1,RESIDUAL_REVERTED,108.34691619873047,108.47553253173828,0.0011870788530048415,-5.49087006405704,3025.769946956708
COR,1,2026-05-07,2026-05-08,1,RESIDUAL_REVERTED,252.6868896484375,253.02542114257812,0.001339727180193817,-5.029684161277313,3025.769946956708
HII,1,2026-05-06,2026-05-11,3,RESIDUAL_REVERTED,321.06951904296875,314.57794189453125,-0.02021860302338052,-70.9144831133498,3058.204318773005
WAT,-1,2026-05-06,2026-05-12,4,RESIDUAL_REVERTED,344.0,349.95001220703125,-0.017296547113462957,-63.14039661649677,3058.204318773005
DVA,-1,2026-05-07,2026-05-12,3,RESIDUAL_REVERTED,194.32000732421875,197.5,-0.016364720851803405,-59.40133106400431,3025.769946956708
MSI,1,2026-05-11,2026-05-12,1,RESIDUAL_REVERTED,387.1754150390625,393.8978271484375,0.01736270395344386,42.47693839631088,2962.8197013780964
ZTS,1,2026-05-08,2026-05-13,3,RESIDUAL_REVERTED,86.71551513671875,76.149169921875,-0.12185068840546553,-378.611455739982,3036.9599404827527
DDOG,-1,2026-05-08,2026-05-13,3,RESIDUAL_REVERTED,185.5,199.49000549316406,-0.07541781937015668,-239.27808904861058,3036.9599404827527
FTNT,-1,2026-05-08,2026-05-13,3,RESIDUAL_REVERTED,107.30000305175781,113.20999908447266,-0.05507917860788947,-177.40638502537703,3036.9599404827527
EXPE,1,2026-05-11,2026-05-13,2,RESIDUAL_REVERTED,224.13034057617188,218.50042724609375,-0.025118925512740975,-83.19967221965221,2962.8197013780964
MNST,-1,2026-05-11,2026-05-13,2,RESIDUAL_REVERTED,42.505001068115234,43.0,-0.011645663320688282,-43.9207560143446,2962.8197013780964
ROST,1,2026-05-12,2026-05-13,1,RESIDUAL_REVERTED,213.9661407470703,216.15760803222656,0.0102421218493014,21.110249462011122,2921.122793236309
QCOM,1,2026-05-13,2026-05-14,1,RESIDUAL_REVERTED,214.66452026367188,206.61817932128906,-0.03748332948779576,-118.70418785574286,2936.2525301469595
MTD,1,2026-05-11,2026-05-15,4,RESIDUAL_REVERTED,1116.6600341796875,1031.510009765625,-0.07625420612157463,-234.47703211776704,2962.8197013780964
USB,1,2026-05-14,2026-05-15,1,RESIDUAL_REVERTED,52.88737869262695,52.946868896484375,0.0011248468978424242,-5.465683992017155,2912.1730713434335
HBAN,1,2026-05-14,2026-05-15,1,RESIDUAL_REVERTED,15.14208698272705,15.210780143737793,0.004536571549820234,4.454945367323389,2912.1730713434335
J,1,2026-05-14,2026-05-15,1,RESIDUAL_REVERTED,107.91417694091797,112.43878173828125,0.04192780712992383,113.18136010391869,2912.1730713434335
JNJ,-1,2026-05-14,2026-05-15,1,RESIDUAL_REVERTED,228.55191040039062,228.3243408203125,0.0009957019378199483,-6.063438102425955,2912.1730713434335
MMM,-1,2026-05-14,2026-05-15,1,RESIDUAL_REVERTED,146.6363983154297,143.0111083984375,0.02472298800734196,63.14253109188532,2912.1730713434335
STE,-1,2026-05-13,2026-05-18,3,RESIDUAL_REVERTED,208.00448608398438,210.9169158935547,-0.014001764406150308,-50.694957012644075,2936.2525301469595
F,-1,2026-05-14,2026-05-18,2,RESIDUAL_REVERTED,13.602678298950195,13.840106964111328,-0.017454552694924574,-60.1120806953558,2912.1730713434335
ZBRA,-1,2026-05-13,2026-05-19,4,RESIDUAL_REVERTED,248.67999267578125,259.6400146484375,-0.044072793531667376,-139.37155713228634,2936.2525301469595
EXR,1,2026-05-18,2026-05-19,1,RESIDUAL_REVERTED,134.82151794433594,135.6819305419922,0.00638186404347918,9.819788251208731,2911.9039640300416
PSA,1,2026-05-18,2026-05-19,1,RESIDUAL_REVERTED,287.09014892578125,288.7672119140625,0.005841590157504184,8.248922419481332,2911.9039640300416
GPC,1,2026-05-18,2026-05-20,2,RESIDUAL_REVERTED,91.59136199951172,90.43309020996094,-0.012646081074293436,-45.50464924135586,2911.9039640300416
MCK,-1,2026-05-18,2026-05-20,2,RESIDUAL_REVERTED,755.6105346679688,759.5819091796875,-0.005255848521836581,-24.5325309811012,2911.9039640300416
DXCM,-1,2026-05-18,2026-05-20,2,TRAILING_STOP,61.790000915527344,69.98795051751155,-0.13267437256056303,-396.1440943865272,2911.9039640300416
CBRE,1,2026-05-15,2026-05-21,4,RESIDUAL_REVERTED,130.74000549316406,129.69000244140625,-0.00803122998042638,-31.852742874936595,2890.6628089740993
VTRS,1,2026-05-18,2026-05-21,3,RESIDUAL_REVERTED,16.31689453125,16.277482986450195,-0.0024153827019182117,-15.758524312758734,2911.9039640300416
D,-1,2026-05-19,2026-05-21,2,RESIDUAL_REVERTED,65.86834716796875,66.26041412353516,-0.005952281671295134,-26.252433886449722,2878.031058070642
GL,1,2026-05-20,2026-05-21,1,RESIDUAL_REVERTED,150.48434448242188,154.2274932861328,0.024874008100877143,62.39933635767584,2857.5446233529747
PCG,-1,2026-05-20,2026-05-21,1,RESIDUAL_REVERTED,16.362407684326172,16.18292808532715,0.010969021336080576,22.593443543733812,2857.5446233529747
BLK,1,2026-05-20,2026-05-22,2,RESIDUAL_REVERTED,1027.012451171875,1059.3433837890625,0.03148056538194477,81.24955079670801,2857.5446233529747
HAS,1,2026-05-21,2026-05-22,1,RESIDUAL_REVERTED,87.05839538574219,88.68280792236328,0.018658884412279475,44.79017462754855,2865.489885038419
TJX,-1,2026-05-21,2026-05-22,1,RESIDUAL_REVERTED,158.99832153320312,157.00462341308594,0.012539114255371908,27.163620308643026,2865.489885038419
DAL,-1,2026-05-21,2026-05-26,2,RESIDUAL_REVERTED,72.72044372558594,78.00738525390625,-0.07270227266861617,-217.7101141849424,2865.489885038419
INTU,1,2026-05-22,2026-05-26,1,RESIDUAL_REVERTED,306.3629150390625,313.0831604003906,0.021935570630248424,53.976464318186345,2855.494599514223
RL,-1,2026-05-22,2026-05-26,1,RESIDUAL_REVERTED,375.1909484863281,382.9697265625,-0.020732851119022566,-68.08481907811179,2855.494599514223
IBM,-1,2026-05-22,2026-05-26,1,RESIDUAL_REVERTED,260.1835632324219,252.73699951171875,0.028620423320327548,73.06204225204257,2855.494599514223
CTSH,-1,2026-05-19,2026-05-27,5,RESIDUAL_REVERTED,51.37874221801758,51.58751678466797,-0.00406344253746993,-21.491341911741316,2878.031058070642
DLR,1,2026-05-26,2026-05-27,1,RESIDUAL_REVERTED,191.89596557617188,189.9622039794922,-0.01007713523769782,-37.429735787544516,2865.5397190078834
ROST,-1,2026-05-26,2026-05-27,1,RESIDUAL_REVERTED,235.37271118164062,235.08384704589844,0.001227262643541005,-5.300448355334587,2865.5397190078834
WMT,1,2026-05-22,2026-05-28,3,RESIDUAL_REVERTED,121.05020141601562,118.67588806152344,-0.019614286690299187,-64.4909607814394,2855.494599514223
DE,1,2026-05-22,2026-05-28,3,RESIDUAL_REVERTED,530.1459350585938,526.0465087890625,-0.007732637371025364,-30.61386729512791,2855.494599514223
MU,-1,2026-05-27,2026-05-29,2,RESIDUAL_REVERTED,955.5130004882812,956.8528442382812,-0.0014022245111424692,-12.941935181031495,2839.3106448247618
HST,-1,2026-05-27,2026-05-29,2,RESIDUAL_REVERTED,22.49759292602539,22.247190475463867,0.011130188522162077,22.68046384507495,2839.3106448247618
ECL,-1,2026-05-28,2026-05-29,1,RESIDUAL_REVERTED,258.1488037109375,258.7754211425781,-0.0024273497402771405,-15.574010021437728,2826.205216901617
TTWO,1,2026-05-26,2026-06-01,4,RESIDUAL_REVERTED,225.1300048828125,227.99000549316406,0.012703773590021061,27.75194389475954,2865.5397190078834
ROL,1,2026-05-28,2026-06-01,2,TRAILING_STOP,49.42914962768555,46.34135349961576,-0.06246913311938307,-184.76437968315074,2826.205216901617
MGM,-1,2026-05-28,2026-06-01,2,TRAILING_STOP,41.93000030517578,48.459999084472656,-0.15573571981326273,-449.7431925561491,2826.205216901617
AZO,1,2026-05-27,2026-06-02,4,RESIDUAL_REVERTED,3100.260009765625,3014.090087890625,-0.027794417759662182,-87.31654266687183,2839.3106448247618
MLM,-1,2026-05-27,2026-06-02,4,RESIDUAL_REVERTED,565.5332641601562,564.8836669921875,0.001148645374438595,-6.166516236952743,2839.3106448247618
SNPS,1,2026-05-29,2026-06-02,2,RESIDUAL_REVERTED,480.6700134277344,485.6300048828125,0.010318911761746152,20.56540061945003,2815.853792279895
NSC,1,2026-05-29,2026-06-02,2,RESIDUAL_REVERTED,304.7937316894531,304.1064453125,-0.0022549229380260938,-14.787570383219933,2815.853792279895
NTAP,-1,2026-06-01,2026-06-03,2,RESIDUAL_REVERTED,171.15017700195312,176.05528259277344,-0.028659658299765134,-88.7470830067065,2784.9276672409555
DELL,-1,2026-06-01,2026-06-03,2,RESIDUAL_REVERTED,425.44696044921875,433.0743713378906,-0.01792799478604401,-58.82529463868501,2784.927667240956
PLD,1,2026-06-02,2026-06-03,1,RESIDUAL_REVERTED,136.92129516601562,137.19708251953125,0.0020142035114496526,-2.7039312701904796,2734.5091149214363
MGM,-1,2026-06-02,2026-06-03,1,RESIDUAL_REVERTED,50.5,48.08000183105469,0.04792075582069921,122.82494800386512,2734.5091149214363
IBM,-1,2026-06-01,2026-06-04,3,RESIDUAL_REVERTED,320.2526550292969,305.2403564453125,0.04687642193820707,121.73388099011822,2784.927667240956
CBOE,1,2026-06-02,2026-06-04,2,RESIDUAL_REVERTED,296.8553771972656,284.6991271972656,-0.04095007513346127,-120.01391352336793,2734.5091149214363
NKE,1,2026-06-03,2026-06-04,1,RESIDUAL_REVERTED,43.19182205200195,44.03289794921875,0.019473035803031502,45.10141395872877,2742.756659848248
HPE,-1,2026-06-03,2026-06-04,1,RESIDUAL_REVERTED,53.88565444946289,52.71206283569336,0.02177929591390959,51.375065615861146,2742.756659848248
NDAQ,1,2026-06-03,2026-06-05,2,RESIDUAL_REVERTED,86.97297668457031,88.26396179199219,0.014843519868291466,32.422824750340105,2742.756659848248
CPRT,1,2026-06-03,2026-06-05,2,RESIDUAL_REVERTED,30.6200008392334,31.059999465942383,0.014369647767782379,31.12505846454171,2742.756659848248
BX,-1,2026-06-05,2026-06-08,1,RESIDUAL_REVERTED,116.38279724121094,114.38319396972656,0.01718126148265764,39.00623126644092,2760.6886907777252
MDT,-1,2026-06-04,2026-06-09,3,RESIDUAL_REVERTED,78.63969421386719,79.38677215576172,-0.009500010768897393,-35.189802697332844,2758.553976353903
INCY,-1,2026-06-04,2026-06-09,3,RESIDUAL_REVERTED,99.33999633789062,102.16000366210938,-0.028387431328534607,-87.37193664415113,2758.553976353903
AMGN,-1,2026-06-04,2026-06-09,3,RESIDUAL_REVERTED,343.8604736328125,346.2166748046875,-0.006852201263443325,-27.86506963823277,2758.553976353903
AVGO,1,2026-06-05,2026-06-09,2,RESIDUAL_REVERTED,406.2261657714844,400.2465515136719,-0.014719914081497754,-48.858210755842705,2760.6886907777252
AMT,-1,2026-06-05,2026-06-09,2,RESIDUAL_REVERTED,192.14584350585938,187.37142944335938,0.024847865430689953,59.9852001581333,2760.6886907777252
WDC,1,2026-06-08,2026-06-09,1,RESIDUAL_REVERTED,540.0366821289062,535.3281860351562,-0.00871884494065922,-31.931695691794406,2727.8602575232876
CIEN,1,2026-06-05,2026-06-09,2,TRAILING_STOP,512.3099975585938,446.3775207519531,-0.12869644769932453,-363.0399575375652,2760.6886907777252
KLAC,-1,2026-06-09,2026-06-10,1,TRAILING_STOP,216.7550048828125,229.2234130859375,-0.057523046399163835,-164.80019396700058,2715.5507830057977
AAPL,1,2026-06-10,2026-06-11,1,RESIDUAL_REVERTED,290.4894714355469,293.4668884277344,0.01024965544353007,19.467775163664513,2691.0449387195385
COHR,1,2026-06-10,2026-06-11,1,RESIDUAL_REVERTED,353.489990234375,354.8500061035156,0.0038473957020364047,2.2648496429609315,2691.0449387195385
AVY,-1,2026-06-10,2026-06-11,1,RESIDUAL_REVERTED,159.44337463378906,154.62139892578125,0.030242559272738445,73.22517895729523,2691.0449387195385
GPN,1,2026-06-04,2026-06-11,5,TRAILING_STOP,68.79067993164062,61.259367287061046,-0.10948158459930435,-309.833506172198,2758.553976353903
FSLR,1,2026-06-08,2026-06-12,4,RESIDUAL_REVERTED,286.69000244140625,276.739990234375,-0.03470651966339433,-102.71610463579383,2727.8602575232876
GILD,1,2026-06-10,2026-06-12,2,RESIDUAL_REVERTED,124.12059783935547,124.60466003417969,0.0038999344448109596,2.406021684614073,2691.0449387195385
SJM,-1,2026-06-10,2026-06-12,2,RESIDUAL_REVERTED,112.4164810180664,116.6468276977539,-0.03763101852483386,-109.9320094495727,2691.0449387195385
KIM,-1,2026-06-10,2026-06-12,2,RESIDUAL_REVERTED,24.954431533813477,25.46834373474121,-0.0205940255634105,-64.0081910240387,2691.0449387195385
CASY,-1,2026-06-11,2026-06-12,1,RESIDUAL_REVERTED,918.501220703125,919.3106689453125,-0.000881270730993533,-10.470390645182558,2642.899149857598
LOW,-1,2026-06-10,2026-06-15,3,RESIDUAL_REVERTED,216.5516815185547,223.61801147460938,-0.032631147938923855,-96.66172698113407,2691.0449387195385
SPGI,1,2026-06-12,2026-06-15,1,RESIDUAL_REVERTED,391.95819091796875,394.818359375,0.007297126385680919,11.410963293167285,2662.268369493586
PTC,1,2026-06-12,2026-06-16,2,RESIDUAL_REVERTED,118.27999877929688,114.68000030517578,-0.030436240372630263,-88.89470097879244,2662.268369493586
ADSK,1,2026-06-12,2026-06-16,2,RESIDUAL_REVERTED,206.60000610351562,197.82000732421875,-0.04249757270044663,-120.95703877376297,2662.268369493586
STZ,-1,2026-06-15,2026-06-16,1,RESIDUAL_REVERTED,147.73590087890625,146.5651397705078,0.007924689269388052,12.83815418728143,2642.8888789572266
DPZ,-1,2026-06-15,2026-06-16,1,RESIDUAL_REVERTED,319.91156005859375,317.1287841796875,0.008698578689674608,14.888940483463735,2642.8888789572266
SW,-1,2026-06-12,2026-06-17,3,RESIDUAL_REVERTED,42.938453674316406,43.64203643798828,-0.016385843072237227,-52.31884174935331,2662.268369493586
LEN,1,2026-06-15,2026-06-17,2,RESIDUAL_REVERTED,91.36518859863281,88.61160278320312,-0.030138238180913657,-87.46120313479275,2642.8888789572266
MOS,-1,2026-06-15,2026-06-17,2,RESIDUAL_REVERTED,23.05484390258789,21.5079402923584,0.06709668548464354,169.26756422085634,2642.8888789572266
FOXA,1,2026-06-16,2026-06-18,2,RESIDUAL_REVERTED,53.58326721191406,51.16395950317383,-0.04515043286129272,-126.71019573974766,2635.255023829492
DASH,-1,2026-06-16,2026-06-18,2,RESIDUAL_REVERTED,167.69000244140625,166.83999633789062,0.005068913418452836,5.053470214128609,2635.255023829492
DLR,-1,2026-06-17,2026-06-18,1,RESIDUAL_REVERTED,188.37828063964844,187.66319274902344,0.0037960209011191903,1.9026233936759316,2629.990340983866
TKO,1,2026-06-15,2026-06-22,4,RESIDUAL_REVERTED,202.3016357421875,197.033203125,-0.026042461781681125,-76.65275826141018,2642.8888789572266
MPWR,1,2026-06-17,2026-06-22,2,RESIDUAL_REVERTED,1543.2054443359375,1590.2635498046875,0.03049373992391513,72.18797307522878,2629.990340983866
JPM,-1,2026-06-17,2026-06-22,2,RESIDUAL_REVERTED,330.69024658203125,328.2214050292969,0.007465722313409584,11.360369019702906,2629.990340983866
RTX,-1,2026-06-18,2026-06-22,1,RESIDUAL_REVERTED,193.357666015625,183.97882080078125,0.04850516355573853,118.11900768130941,2595.908460684115
CBOE,1,2026-06-17,2026-06-23,3,RESIDUAL_REVERTED,264.2658996582031,254.5129852294922,-0.03690568643674874,-104.80597748069589,2629.990340983866
NDAQ,1,2026-06-18,2026-06-23,2,RESIDUAL_REVERTED,83.53759002685547,83.3183364868164,-0.0026246093521321567,-14.590751136807945,2595.908460684115
MRNA,-1,2026-06-18,2026-06-23,2,RESIDUAL_REVERTED,63.959999084472656,59.04999923706055,0.07676672791892036,191.39340883833484,2595.908460684115
SWK,-1,2026-06-22,2026-06-23,1,RESIDUAL_REVERTED,86.2890396118164,84.03861999511719,0.026080016961865016,60.41009069354738,2621.915950705921
ACN,1,2026-06-22,2026-06-24,2,RESIDUAL_REVERTED,123.51483154296875,124.98712158203125,0.011919945326973158,23.340467290039438,2621.915950705921
NFLX,1,2026-06-23,2026-06-24,1,RESIDUAL_REVERTED,73.26000213623047,72.69000244140625,-0.007780503387977977,-28.44760319782126,2641.6608157620562
AMZN,1,2026-06-23,2026-06-24,1,RESIDUAL_REVERTED,232.5500030517578,233.85000610351562,0.005590208706505395,6.820301691683385,2641.6608157620562
WMB,-1,2026-06-22,2026-06-25,3,RESIDUAL_REVERTED,72.334716796875,75.37265014648438,-0.041998275297604026,-118.79406908186118,2621.915950705921
ABBV,-1,2026-06-23,2026-06-25,2,RESIDUAL_REVERTED,231.32347106933594,232.0085906982422,-0.0029617384943221303,-16.183276798619712,2641.6608157620562
DLR,-1,2026-06-23,2026-06-25,2,RESIDUAL_REVERTED,192.34112548828125,193.74151611328125,-0.007280765470436545,-27.607214313711474,2641.6608157620562
ADI,1,2026-06-24,2026-06-25,1,RESIDUAL_REVERTED,405.9830627441406,422.9613342285156,0.041820147297807475,102.49503296102347,2644.52692391144
HSY,-1,2026-06-24,2026-06-26,2,RESIDUAL_REVERTED,178.5957489013672,176.23431396484375,0.01322223485749141,26.66598546299988,2644.52692391144
IVZ,1,2026-06-24,2026-06-29,3,RESIDUAL_REVERTED,26.78087615966797,25.777587890625,-0.03746286204608651,-106.85652077839869,2644.52692391144
PFG,1,2026-06-25,2026-06-29,2,RESIDUAL_REVERTED,106.75822448730469,106.57958221435547,-0.0016733349941621123,-12.27768091207248,2628.589367823973
MET,1,2026-06-25,2026-06-29,2,RESIDUAL_REVERTED,84.486572265625,85.03318786621094,0.0064698517874222095,9.095305640913555,2628.589367823973
TECH,-1,2026-06-26,2026-06-29,1,RESIDUAL_REVERTED,70.7716293334961,70.7316665649414,0.0005646721564989132,-6.599333496156814,2625.018654921787
XYL,-1,2026-06-26,2026-06-29,1,RESIDUAL_REVERTED,116.9150619506836,115.67976379394531,0.010565774299117647,19.695182312824027,2625.018654921787
AMAT,-1,2026-06-26,2026-06-29,1,RESIDUAL_REVERTED,642.0734252929688,634.751220703125,0.011403998828487194,21.902382513802205,2625.018654921787
CAG,-1,2026-06-24,2026-06-30,4,RESIDUAL_REVERTED,13.298145294189453,13.743063926696777,-0.033457194418061276,-97.41002996036717,2644.52692391144
APO,1,2026-06-25,2026-07-01,4,RESIDUAL_REVERTED,123.33901977539062,117.81237030029297,-0.04480860546128951,-125.49251687018275,2628.589367823973
TJX,1,2026-06-26,2026-07-01,3,RESIDUAL_REVERTED,155.5392303466797,151.57176208496094,-0.02550783010097002,-74.73314803159478,2625.018654921787
TROW,-1,2026-06-29,2026-07-01,2,RESIDUAL_REVERTED,108.75704193115234,111.58190155029297,-0.025974038728718618,-76.68978922249673,2628.39802649127
CPRT,1,2026-06-30,2026-07-01,1,RESIDUAL_REVERTED,28.190000534057617,28.729999542236328,0.019155693435561005,41.877983486883316,2596.768625859133
CHTR,-1,2026-06-30,2026-07-01,1,RESIDUAL_REVERTED,144.47000122070312,144.08999633789062,0.002630337645197156,-1.152550805206831,2596.768625859133
CMCSA,-1,2026-06-30,2026-07-02,2,RESIDUAL_REVERTED,24.37784767150879,23.790000915527344,0.02411397281264016,54.516655721219934,2596.768625859133
VZ,1,2026-06-30,2026-07-06,3,RESIDUAL_REVERTED,43.47881317138672,42.180938720703125,-0.029850733173593658,-85.18948007061168,2596.768625859133
HON,1,2026-06-30,2026-07-06,3,RESIDUAL_REVERTED,230.65789794921875,228.4644775390625,-0.009509409517982959,-32.44700155989173,2596.768625859133
TSLA,-1,2026-06-30,2026-07-06,3,RESIDUAL_REVERTED,406.0,397.5,0.020935960591133007,46.02797262288187,2596.768625859133
GIS,-1,2026-07-02,2026-07-06,1,RESIDUAL_REVERTED,37.353416442871094,36.74396896362305,0.0163157091716134,34.05947703011818,2568.2557001037553
APD,-1,2026-07-01,2026-07-07,3,RESIDUAL_REVERTED,291.3599853515625,310.0,-0.0639758909444823,-173.83328355901577,2582.0007353993606
HUBB,1,2026-07-02,2026-07-07,2,RESIDUAL_REVERTED,486.57220458984375,482.59454345703125,-0.008174863042506697,-28.66841299888678,2568.2557001037553
CAT,1,2026-07-02,2026-07-07,2,RESIDUAL_REVERTED,999.426025390625,944.7473754882812,-0.05471005208311708,-148.00340611107674,2568.2557001037553
TRGP,1,2026-07-02,2026-07-07,2,RESIDUAL_REVERTED,259.525390625,263.39727783203125,0.014919107520488861,30.553841705250147,2568.2557001037553
ELV,-1,2026-07-02,2026-07-07,2,RESIDUAL_REVERTED,420.17120361328125,411.0608825683594,0.021682402236462783,47.66572049242123,2568.2557001037553
GPC,-1,2026-07-06,2026-07-07,1,RESIDUAL_REVERTED,128.20204162597656,128.5096435546875,-0.002399352809125732,-14.168315926734607,2584.5228310562597
ORLY,1,2026-07-07,2026-07-08,1,RESIDUAL_REVERTED,85.62000274658203,86.4000015258789,0.009110006473668442,15.880017299800173,2604.843805696256
PCAR,-1,2026-07-07,2026-07-08,1,RESIDUAL_REVERTED,125.21843719482422,123.33342742919922,0.015053771695714091,31.252072817822583,2604.843805696256
RMD,-1,2026-07-07,2026-07-09,2,RESIDUAL_REVERTED,218.7123565673828,205.79940795898438,0.059040782199336395,145.80704278910022,2604.843805696256
MPC,1,2026-07-08,2026-07-09,1,RESIDUAL_REVERTED,270.8882751464844,280.6614990234375,0.036078430754037605,85.30726125826179,2583.1653478914554
VLO,1,2026-07-08,2026-07-09,1,RESIDUAL_REVERTED,270.96282958984375,280.8048095703125,0.03632225126732891,85.93614521624961,2583.1653478914554
PANW,1,2026-07-08,2026-07-10,2,RESIDUAL_REVERTED,336.79998779296875,338.4800109863281,0.004988192560125837,5.116502136997891,2583.1653478914554
GILD,-1,2026-07-08,2026-07-10,2,RESIDUAL_REVERTED,135.8150634765625,133.26939392089844,0.01874364662137329,40.334795697567706,2583.1653478914554
OXY,-1,2026-07-08,2026-07-10,2,RESIDUAL_REVERTED,52.65837097167969,52.29005813598633,0.00699438339806302,9.934879231769674,2583.1653478914554
COP,-1,2026-07-08,2026-07-10,2,RESIDUAL_REVERTED,109.30097961425781,108.12879943847656,0.010724333669451802,19.587218406412592,2583.1653478914554
SYF,1,2026-07-09,2026-07-10,1,RESIDUAL_REVERTED,68.57390594482422,72.16837310791016,0.052417419039512136,128.0905760647609,2596.1432882223176
BKR,-1,2026-07-09,2026-07-10,1,RESIDUAL_REVERTED,57.4586181640625,56.9903450012207,0.008149746335784247,13.196852330603367,2596.1432882223176
KDP,1,2026-07-07,2026-07-13,4,RESIDUAL_REVERTED,32.01784133911133,31.303024291992188,-0.022325585274418747,-65.88196193393615,2604.843805696256
PSKY,1,2026-07-10,2026-07-13,1,RESIDUAL_REVERTED,9.376669883728027,9.416485786437988,0.004246273272247247,3.2629179601889318,2631.5894798760564
WBD,-1,2026-07-10,2026-07-13,1,RESIDUAL_REVERTED,26.5,26.329999923706055,0.006415097218639421,8.802891134415766,2631.5894798760564
COST,1,2026-07-10,2026-07-14,2,RESIDUAL_REVERTED,912.2894897460938,919.9174194335938,0.008361303920779495,14.075745717187797,2631.5894798760564
META,-1,2026-07-13,2026-07-14,1,RESIDUAL_REVERTED,660.8584594726562,651.48583984375,0.014182491719006318,29.34000128946219,2637.313353906024
SBAC,-1,2026-07-13,2026-07-14,1,RESIDUAL_REVERTED,190.12826538085938,186.0662841796875,0.021364425710375223,48.31269673205616,2637.313353906024
MRNA,1,2026-07-13,2026-07-15,2,RESIDUAL_REVERTED,66.33000183105469,67.79000091552734,0.022011141929278555,50.05126306527207,2637.313353906024
CRWD,1,2026-07-13,2026-07-15,2,RESIDUAL_REVERTED,186.86000061035156,212.3800048828125,0.13657285769615468,351.7332031893833,2637.313353906024
BF-B,-1,2026-07-13,2026-07-15,2,RESIDUAL_REVERTED,26.385498046875,24.779165267944336,0.06087938063844556,152.48298848818786,2637.313353906024
TROW,1,2026-07-14,2026-07-15,1,RESIDUAL_REVERTED,112.99433898925781,116.4612045288086,0.03068176309151527,73.374353607864,2655.052928612699
HLT,1,2026-07-14,2026-07-15,1,RESIDUAL_REVERTED,322.71307373046875,327.3809509277344,0.014464481228809056,30.381198516703567,2655.052928612699
BIIB,-1,2026-07-14,2026-07-15,1,RESIDUAL_REVERTED,200.33999633789062,191.2100067138672,0.04557247574580625,113.01177856172583,2655.052928612699
WBD,-1,2026-07-15,2026-07-16,1,RESIDUAL_REVERTED,27.420000076293945,27.170000076293945,0.009117432505630796,16.408013598543043,2711.0924877870634
IBM,1,2026-07-15,2026-07-17,2,RESIDUAL_REVERTED,219.3961639404297,214.08425903320312,-0.024211475769780777,-73.6743682159358,2711.0924877870634
GS,-1,2026-07-15,2026-07-17,2,RESIDUAL_REVERTED,1142.822998046875,1066.4171142578125,0.06685714578691793,172.97341864216676,2711.0924877870634
PNR,1,2026-07-16,2026-07-17,1,RESIDUAL_REVERTED,63.1341667175293,64.6475601196289,0.023971067977672567,56.654984530406004,2706.2184439176494
ERIE,1,2026-07-16,2026-07-17,1,RESIDUAL_REVERTED,214.3800048828125,227.77000427246094,0.06245918035577924,160.65598826022978,2706.2184439176494
BLK,-1,2026-07-16,2026-07-17,1,RESIDUAL_REVERTED,1105.2679443359375,1062.8358154296875,0.03839080751748747,95.72093633826742,2706.218443917649
PGR,1,2026-07-16,2026-07-20,2,RESIDUAL_REVERTED,205.5,207.0,0.007299270072992803,11.605133837968022,2706.2184439176494
WY,-1,2026-07-13,2026-07-21,6,RESIDUAL_REVERTED,23.19662857055664,23.731706619262695,-0.023067061106682774,-70.12595464810968,2637.313353906024
ELV,1,2026-07-16,2026-07-21,3,RESIDUAL_REVERTED,392.6908264160156,384.4168395996094,-0.021069977345589463,-65.05308669535583,2706.2184439176494
ISRG,1,2026-07-20,2026-07-21,1,RESIDUAL_REVERTED,347.010009765625,347.010009765625,0.0,-8.211949400140027,2737.3164667133424
CDNS,1,2026-07-20,2026-07-21,1,RESIDUAL_REVERTED,333.0199890136719,328.3599853515625,-0.013993165022649912,-46.45821485651994,2737.316466713343
AIG,-1,2026-07-20,2026-07-21,1,RESIDUAL_REVERTED,79.55301666259766,79.14572143554688,0.005119796132662224,5.6070868673758705,2737.3164667133424
PYPL,-1,2026-07-16,2026-07-22,4,RESIDUAL_REVERTED,55.273475646972656,55.84206771850586,-0.01028688832894753,-36.87484215390207,2706.2184439176494
ABT,-1,2026-07-17,2026-07-22,3,RESIDUAL_REVERTED,101.0,100.44999694824219,0.00544557476987928,6.051949036432025,2730.499239889579
NFLX,1,2026-07-20,2026-07-22,2,RESIDUAL_REVERTED,68.31999969482422,69.37000274658203,0.01536889719625334,33.794481667332946,2737.3164667133424
UPS,1,2026-07-21,2026-07-22,1,RESIDUAL_REVERTED,112.73258972167969,114.77010345458984,0.018073866110416503,41.25106710069042,2741.525747404545
DHR,1,2026-07-22,2026-07-23,1,RESIDUAL_REVERTED,178.47000122070312,185.1199951171875,0.037261129887373734,94.20037483598442,2753.975116493169
MSCI,1,2026-07-22,2026-07-23,1,RESIDUAL_REVERTED,553.0321655273438,561.1630249023438,0.014702326341627492,32.16718078857574,2753.975116493169
MMM,-1,2026-07-22,2026-07-23,1,RESIDUAL_REVERTED,171.3001251220703,170.24473571777344,0.006161054485773421,8.513985842716231,2753.975116493169
HAS,-1,2026-07-22,2026-07-24,2,RESIDUAL_REVERTED,88.25775909423828,86.77886199951172,0.016756567466747585,37.52089050686071,2753.975116493169
CAH,1,2026-07-23,2026-07-24,1,RESIDUAL_REVERTED,220.55999755859375,227.8800048828125,0.033188281670497144,83.04173401011423,2755.337395097696
GEV,1,2026-07-23,2026-07-24,1,RESIDUAL_REVERTED,981.3099975585938,1022.7949829101562,0.04227510720850014,108.04144831239134,2755.337395097696
EQT,-1,2026-07-23,2026-07-24,1,RESIDUAL_REVERTED,54.219932556152344,53.48225021362305,0.0136053718208764,29.062951622937693,2755.337395097696
HAL,1,2026-07-22,2026-07-27,3,RESIDUAL_REVERTED,33.40496826171875,32.44940185546875,-0.028605517561441696,-86.92264058276051,2753.975116493169
GL,1,2026-07-24,2026-07-27,1,RESIDUAL_REVERTED,171.16000366210938,174.0399932861328,0.016826300317852816,38.344570009614934,2778.3784433743567
TMUS,1,2026-07-24,2026-07-27,1,RESIDUAL_REVERTED,171.1720733642578,179.951416015625,0.051289573578305436,133.95295750130379,2778.378443374356
ALLE,-1,2026-07-24,2026-07-27,1,RESIDUAL_REVERTED,151.7111053466797,153.7040252685547,-0.013136282392254062,-45.10955936944901,2778.3784433743563
TRV,-1,2026-07-20,2026-07-28,6,RESIDUAL_REVERTED,366.3474426269531,393.5245056152344,-0.0741838479706689,-212.91932510793717,2737.3164667133424
WAB,-1,2026-07-23,2026-07-28,3,RESIDUAL_REVERTED,293.1973876953125,301.2890319824219,-0.027597941273331372,-85.09331139206634,2755.337395097696
SLB,-1,2026-07-27,2026-07-28,1,RESIDUAL_REVERTED,52.030033111572266,51.36349105834961,0.0128107174522325,27.123181436938395,2781.3692734266333
DLR,-1,2026-07-27,2026-07-28,1,RESIDUAL_REVERTED,198.68759155273438,193.39390563964844,0.026643263787718308,65.6557947338473,2781.3692734266333
WST,1,2026-07-27,2026-07-29,2,RESIDUAL_REVERTED,329.0250549316406,337.3900146484375,0.025423473353829662,62.261891688427234,2781.3692734266333
BKR,-1,2026-07-28,2026-07-29,1,RESIDUAL_REVERTED,59.87971115112305,60.228431701660156,-0.005823684580859467,-24.650669077063107,2766.7476837971885
CHRW,1,2026-07-27,2026-07-30,3,RESIDUAL_REVERTED,184.7630615234375,161.19473266601562,-0.12755974415606985,-362.60267461275225,2781.3692734266333
WMB,1,2026-07-28,2026-07-30,2,RESIDUAL_REVERTED,70.26970672607422,69.69388580322266,-0.008194440388035629,-30.938184091557904,2766.7476837971885
KMI,1,2026-07-28,2026-07-30,2,RESIDUAL_REVERTED,31.654129028320312,31.37672233581543,-0.008763681106395027,-32.510767112443354,2766.7476837971885
TRGP,1,2026-07-28,2026-07-30,2,RESIDUAL_REVERTED,266.8113098144531,264.0044250488281,-0.010520111638359642,-37.36307781834778,2766.7476837971885
SHW,-1,2026-07-29,2026-07-30,1,RESIDUAL_REVERTED,351.1882629394531,345.0923767089844,0.017357887132804617,39.38581819832932,2753.0228839328065
NUE,-1,2026-07-29,2026-07-30,1,RESIDUAL_REVERTED,268.94000244140625,258.3800048828125,0.039265254193245,99.79322457720704,2753.0228839328065
INCY,-1,2026-07-29,2026-07-30,1,RESIDUAL_REVERTED,128.8699951171875,123.98999786376953,0.037867598652272516,95.93217962421575,2753.0228839328065
IQV,-1,2026-07-29,2026-07-31,2,RESIDUAL_REVERTED,241.7899932861328,236.97000122070312,0.019934621776202865,46.26513475923817,2753.0228839328065
LII,1,2026-07-30,2026-08-03,2,RESIDUAL_REVERTED,430.010009765625,422.1199951171875,-0.01834844415072545,-59.06471818451039,2770.2704232296524
GRMN,-1,2026-07-30,2026-08-03,2,RESIDUAL_REVERTED,291.8299255371094,296.18304443359375,-0.01491662956933748,-50.13967922502434,2770.2704232296524
MO,1,2026-07-31,2026-08-03,1,RESIDUAL_REVERTED,66.4979476928711,67.3050537109375,0.01213730718117989,25.072716949397986,2749.472381476207
CHRW,1,2026-07-31,2026-08-03,1,RESIDUAL_REVERTED,144.37725830078125,148.5492706298828,0.028896603095274198,71.08281936631434,2749.472381476207
LHX,1,2026-07-31,2026-08-03,1,RESIDUAL_REVERTED,271.6882629394531,275.67913818359375,0.01468917059928354,32.07847052178944,2749.472381476207
EME,-1,2026-07-31,2026-08-03,1,RESIDUAL_REVERTED,838.9000244140625,787.989990234375,0.060686652399665975,158.65071692806515,2749.472381476207
HII,-1,2026-07-31,2026-08-04,2,RESIDUAL_REVERTED,321.5106201171875,326.16888427734375,-0.014488678969479585,-48.58512841104594,2749.472381476207
MSFT,-1,2026-07-31,2026-08-05,3,RESIDUAL_REVERTED,449.1544494628906,495.4273376464844,-0.10302221928097999,-292.63083943575487,2749.472381476207
AMZN,-1,2026-08-03,2026-08-05,2,RESIDUAL_REVERTED,278.2900085449219,281.5899963378906,-0.011858089373108172,-41.50691150472496,2760.5035726976403
EBAY,1,2026-08-04,2026-08-05,1,RESIDUAL_REVERTED,105.87808227539062,108.99860382080078,0.029472781130410297,72.04916809477656,2726.1846840354483
BA,-1,2026-08-04,2026-08-05,1,RESIDUAL_REVERTED,236.75999450683594,237.9499969482422,-0.005026197284237144,-22.11817903385085,2726.1846840354483
DVA,1,2026-08-04,2026-08-05,1,TRAILING_STOP,228.0,205.25,-0.09978070175438591,-279.79114400589475,2726.1846840354483
FICO,1,2026-07-31,2026-08-06,4,RESIDUAL_REVERTED,1136.010009765625,1087.280029296875,-0.04289573159553739,-126.01213550561712,2749.472381476207
MAR,1,2026-08-04,2026-08-06,2,RESIDUAL_REVERTED,344.09075927734375,361.27581787109375,0.049943388860084204,127.77211537441303,2726.1846840354483
MNST,1,2026-08-04,2026-08-06,2,RESIDUAL_REVERTED,46.7599983215332,47.0,0.005132628038531761,5.792949157468454,2726.1846840354483
FSLR,-1,2026-08-04,2026-08-06,2,RESIDUAL_REVERTED,233.5800018310547,236.5500030517578,-0.012715134846395415,-43.33937529379376,2726.1846840354483
ZBRA,-1,2026-08-05,2026-08-06,1,RESIDUAL_REVERTED,366.3999938964844,367.5199890136719,-0.0030567552834182,-16.73068678907064,2724.3056077381384
PODD,1,2026-08-06,2026-08-07,1,RESIDUAL_REVERTED,130.89999389648438,138.0,0.05423992692566748,138.99987088099687,2717.0399590188413
AIZ,-1,2026-08-06,2026-08-07,1,RESIDUAL_REVERTED,300.02288818359375,295.46697998046875,0.015185202138101817,32.957191434389614,2717.0399590188413
IFF,-1,2026-08-06,2026-08-07,1,RESIDUAL_REVERTED,86.47071838378906,84.33084869384766,0.02474675508585311,58.97780443043146,2717.0399590188413
DVA,1,2026-08-06,2026-08-10,2,RESIDUAL_REVERTED,186.00999450683594,182.3300018310547,-0.019783843795802114,-61.82398377203357,2717.0399590188413
CRL,-1,2026-08-06,2026-08-10,2,RESIDUAL_REVERTED,264.8900146484375,265.6499938964844,-0.0028690369814639016,-16.391998386091394,2717.0399590188413
DDOG,1,2026-08-07,2026-08-10,1,RESIDUAL_REVERTED,234.80999755859375,231.1999969482422,-0.015374135036353098,-50.15049600628739,2732.837133155739
VTRS,1,2026-08-07,2026-08-10,1,RESIDUAL_REVERTED,16.35732078552246,16.178659439086914,-0.010922408918805138,-38.00290232927404,2732.837133155739
MSI,-1,2026-08-07,2026-08-10,1,RESIDUAL_REVERTED,477.10626220703125,468.77777099609375,0.017456260524460476,39.36616387761627,2732.837133155739
PH,-1,2026-08-07,2026-08-10,1,RESIDUAL_REVERTED,1076.7015380859375,1082.66943359375,-0.0055427574835842375,-23.58457269822524,2732.837133155739
MCHP,-1,2026-08-10,2026-08-11,1,RESIDUAL_REVERTED,85.02842712402344,81.78791809082031,0.038110890002428066,95.95033988286106,2734.208902636369
TTD,1,2026-08-10,2026-08-12,2,RESIDUAL_REVERTED,13.475000381469727,13.460000038146973,-0.0011131979887274435,-11.241776985307876,2734.208902636369
ABNB,-1,2026-08-10,2026-08-12,2,RESIDUAL_REVERTED,178.69000244140625,181.3979949951172,-0.015154695375858562,-50.14982236437228,2734.208902636369
VRSK,1,2026-08-11,2026-08-12,1,RESIDUAL_REVERTED,177.57400512695312,177.8732147216797,0.0016849853361851075,-3.578248166081922,2715.851017213866
DUK,1,2026-08-11,2026-08-12,1,RESIDUAL_REVERTED,120.1932373046875,121.64051055908203,0.012041220345248904,24.505554230714193,2715.851017213866
COHR,1,2026-08-11,2026-08-12,1,RESIDUAL_REVERTED,323.8599853515625,358.1400146484375,0.10584830126408695,278.88946128180123,2715.851017213866
DDOG,-1,2026-08-11,2026-08-12,1,RESIDUAL_REVERTED,256.6300048828125,240.19000244140625,0.06406110793207287,165.88657202314795,2715.851017213866
APA,-1,2026-08-11,2026-08-12,1,RESIDUAL_REVERTED,40.4900016784668,40.11000061035156,0.009385059332248091,17.162866760340965,2715.8510172138663
HST,1,2026-08-07,2026-08-13,4,RESIDUAL_REVERTED,23.299999237060547,23.040000915527344,-0.01115872661144357,-38.647751368289676,2732.837133155739
VRTX,-1,2026-08-11,2026-08-13,2,RESIDUAL_REVERTED,525.02001953125,528.6799926757812,-0.006971111592656953,-27.541732065524137,2715.851017213866
KKR,-1,2026-08-12,2026-08-13,1,RESIDUAL_REVERTED,112.0,111.6500015258789,0.0031249863760811625,0.13939690918844774,2728.551070159441
LNT,-1,2026-08-13,2026-08-14,1,RESIDUAL_REVERTED,70.45999908447266,70.01000213623047,0.006386559098626954,9.186545419827002,2769.4786370601687
COR,1,2026-08-13,2026-08-17,2,RESIDUAL_REVERTED,311.4959411621094,312.0,0.001618187498720225,-3.83362250627963,2769.4786370601687
TPR,1,2026-08-13,2026-08-17,2,RESIDUAL_REVERTED,132.1988525390625,127.81547546386719,-0.03315745175549156,-99.99954692592338,2769.4786370601687
FSLR,1,2026-08-13,2026-08-17,2,RESIDUAL_REVERTED,223.50999450683594,225.36000061035156,0.00827706209557899,14.580326020169299,2769.4786370601687
WDAY,-1,2026-08-14,2026-08-17,1,RESIDUAL_REVERTED,207.85000610351562,192.49000549316406,0.07389944748282473,194.50269496124795,2742.006760826306
FISV,-1,2026-08-14,2026-08-17,1,RESIDUAL_REVERTED,55.540000915527344,54.0099983215332,0.0275477596106124,67.21031343886615,2742.006760826306
HD,1,2026-08-13,2026-08-18,3,RESIDUAL_REVERTED,344.4615783691406,334.31634521484375,-0.029452437634204798,-89.7539809032018,2769.4786370601682
SMCI,-1,2026-08-13,2026-08-18,3,RESIDUAL_REVERTED,38.279998779296875,37.099998474121094,0.03082550529792505,76.51678843221168,2769.4786370601682
CSCO,1,2026-08-14,2026-08-18,2,RESIDUAL_REVERTED,112.80000305175781,111.75,-0.009308537441049758,-33.71180677034697,2742.006760826306
CPRT,-1,2026-08-17,2026-08-19,2,RESIDUAL_REVERTED,31.329999923706055,31.639999389648438,-0.009894652623596789,-35.984643936539044,2753.3049453863487
STZ,1,2026-08-18,2026-08-19,1,RESIDUAL_REVERTED,131.58999633789062,131.0,-0.0044835956707199864,-20.694928375038806,2767.859760534768
TAP,1,2026-08-18,2026-08-19,1,RESIDUAL_REVERTED,40.70553207397461,40.93288040161133,0.005585194838469532,7.1322682124697625,2767.8597605347686
DVN,-1,2026-08-18,2026-08-19,1,RESIDUAL_REVERTED,47.691131591796875,47.90971755981445,-0.004583367194733956,-21.2276195033816,2767.8597605347686
UNP,-1,2026-08-18,2026-08-19,1,RESIDUAL_REVERTED,300.8638000488281,300.4357604980469,0.0014227020688822867,-4.576945908040696,2767.8597605347686
WEC,-1,2026-08-13,2026-08-20,5,RESIDUAL_REVERTED,108.33563995361328,108.7300033569336,-0.0036402000624093933,-19.522372761134733,2769.4786370601687
CVNA,1,2026-08-18,2026-08-20,2,RESIDUAL_REVERTED,67.62000274658203,69.66000366210938,0.030168601488713476,75.07362512347672,2767.8597605347686
TRGP,-1,2026-08-19,2026-08-20,1,RESIDUAL_REVERTED,298.29998779296875,300.0,-0.005699001932950587,-24.264059465960187,2761.4864878691096
FITB,1,2026-08-20,2026-08-21,1,RESIDUAL_REVERTED,54.93000030517578,54.810001373291016,-0.002184579122848862,-14.280428769014181,2756.146634282166
MRNA,-1,2026-08-20,2026-08-21,1,RESIDUAL_REVERTED,150.13999938964844,133.11000061035156,0.11342746002749104,304.6289699226338,2756.146634282166
EL,-1,2026-08-20,2026-08-21,1,RESIDUAL_REVERTED,97.10017395019531,96.42247772216797,0.006979351328195826,10.78066189378559,2756.146634282166
MRK,-1,2026-08-20,2026-08-21,1,RESIDUAL_REVERTED,149.89520263671875,148.24493408203125,0.011009482129238246,21.90467785130872,2756.146634282166
TEL,1,2026-08-19,2026-08-24,3,RESIDUAL_REVERTED,207.2308349609375,203.77000427246094,-0.01670036550848686,-54.33311640722774,2761.4864878691096
PNC,1,2026-08-20,2026-08-24,2,RESIDUAL_REVERTED,245.75999450683594,243.86000061035156,-0.0077310951292014485,-29.544509674780834,2756.146634282166
WMT,1,2026-08-21,2026-08-24,1,RESIDUAL_REVERTED,103.69000244140625,104.13999938964844,0.00433982966194324,3.6939742613919853,2770.5085726580387
NDSN,-1,2026-08-21,2026-08-24,1,RESIDUAL_REVERTED,337.0378112792969,330.6370544433594,0.018991212919529987,44.1666128876584,2770.508572658039
SRE,1,2026-08-24,2026-08-25,1,RESIDUAL_REVERTED,82.38802337646484,83.95486450195312,0.019017826393634252,44.2203221035569,2765.619699445281
HOOD,-1,2026-08-24,2026-08-25,1,RESIDUAL_REVERTED,106.8550033569336,103.19999694824219,0.0342052902893315,86.23101525956722,2765.619699445281
ALB,-1,2026-08-24,2026-08-25,1,RESIDUAL_REVERTED,142.76901245117188,135.84234619140625,0.0485165943284408,125.86603007933985,2765.619699445281
JBL,1,2026-08-19,2026-08-26,5,RESIDUAL_REVERTED,347.239990234375,310.4800109863281,-0.10586332300964285,-300.186085311581,2761.4864878691096
DE,-1,2026-08-21,2026-08-26,3,RESIDUAL_REVERTED,623.260009765625,632.1500244140625,-0.014263733448550031,-48.5683487429066,2770.5085726580387
JBHT,1,2026-08-25,2026-08-26,1,RESIDUAL_REVERTED,261.5,262.1199951171875,0.0023709182301625553,-1.7566427963585394,2776.6943934400174
A,1,2026-08-25,2026-08-26,1,RESIDUAL_REVERTED,153.89999389648438,152.4499969482422,-0.009421682948327348,-34.45197569838089,2776.694393440018
BSX,1,2026-08-25,2026-08-26,1,RESIDUAL_REVERTED,48.790000915527344,47.0,-0.03668786394627177,-110.04826282803276,2776.6943934400174
FCX,-1,2026-08-24,2026-08-27,3,RESIDUAL_REVERTED,78.38999938964844,78.83000183105469,-0.005612992024903063,-24.506338453953937,2765.619699445281
ALB,1,2026-08-26,2026-08-27,1,RESIDUAL_REVERTED,132.1248779296875,134.45701599121094,0.017651013935199522,40.88807146113153,2795.854002271569
CDW,-1,2026-08-26,2026-08-27,1,RESIDUAL_REVERTED,143.5800018310547,141.77000427246094,0.012606195399854525,26.69177061225998,2795.854002271569
KMI,-1,2026-08-27,2026-08-28,1,RESIDUAL_REVERTED,32.0,31.670000076293945,0.010312497615814209,20.140372631498842,2778.081234440531
CHD,-1,2026-08-25,2026-08-31,4,RESIDUAL_REVERTED,102.08999633789062,100.80999755859375,0.012537945197494405,25.65320025471678,2776.6943934400174
CDNS,-1,2026-08-26,2026-08-31,3,RESIDUAL_REVERTED,328.5,336.2200012207031,-0.023500764750998826,-74.88157936518151,2795.854002271569
SCHW,1,2026-08-27,2026-08-31,2,RESIDUAL_REVERTED,108.94999694824219,109.4000015258789,0.004130377147697484,3.123067756990732,2778.081234440531
BSX,1,2026-08-27,2026-08-31,2,RESIDUAL_REVERTED,48.0,46.400001525878906,-0.03333330154418945,-100.79795927592909,2778.081234440531
HRL,1,2026-08-28,2026-08-31,1,RESIDUAL_REVERTED,21.290000915527344,21.540000915527344,0.0117426016556752,24.052777055473,2756.769148091238
VEEV,-1,2026-08-28,2026-08-31,1,RESIDUAL_REVERTED,280.0,274.7900085449219,0.01860711233956469,42.88594427878733,2756.769148091238
XOM,1,2026-08-27,2026-09-01,3,RESIDUAL_REVERTED,157.6300048828125,163.60000610351562,0.03787350780799259,96.72361409851409,2778.081234440531
COP,1,2026-08-27,2026-09-01,3,RESIDUAL_REVERTED,130.0,135.0,0.03846153846153855,98.35476062701956,2778.081234440531
LULU,-1,2026-08-31,2026-09-02,2,RESIDUAL_REVERTED,119.0,118.55000305175781,0.003781486960018343,1.7417905365127255,2772.4232939086687
EIX,1,2026-09-01,2026-09-02,1,RESIDUAL_REVERTED,54.0099983215332,56.779998779296875,0.05128680881034775,133.95899384450658,2778.662750096106
PCG,1,2026-09-01,2026-09-02,1,RESIDUAL_REVERTED,13.300000190734863,13.5600004196167,0.01954888910926167,45.90230206841624,2778.662750096106
AON,1,2026-09-01,2026-09-02,1,RESIDUAL_REVERTED,321.4200134277344,327.70001220703125,0.019538294184997307,45.872906506604785,2778.6627500961063
CRM,-1,2026-08-28,2026-09-03,4,RESIDUAL_REVERTED,250.03012084960938,261.5199279785156,-0.04595369185865916,-136.04254084095228,2756.769148091238
ODFL,1,2026-09-02,2026-09-03,1,RESIDUAL_REVERTED,186.61000061035156,189.75,0.01682653330142192,38.97724066592967,2824.1730140568966
PG,-1,2026-09-01,2026-09-04,3,RESIDUAL_REVERTED,145.75999450683594,146.47000122070312,-0.004871067100883364,-22.558210160634392,2778.662750096106
DE,-1,2026-09-01,2026-09-04,3,RESIDUAL_REVERTED,655.3400268554688,692.030029296875,-0.055986207064837146,-164.8323195978693,2778.662750096106
OMC,1,2026-09-03,2026-09-04,1,RESIDUAL_REVERTED,82.4521713256836,82.6600341796875,0.002521011280380403,-1.344665861566531,2785.3122661480857
FDX,1,2026-09-03,2026-09-04,1,RESIDUAL_REVERTED,317.4438171386719,322.4840087890625,0.015877428944186533,35.801325398303604,2785.3122661480857
NEE,-1,2026-09-01,2026-09-08,4,RESIDUAL_REVERTED,82.69999694824219,83.31999969482422,-0.007497010513435098,-30.088267963346926,2778.6627500961063
PANW,1,2026-09-03,2026-09-08,2,RESIDUAL_REVERTED,333.30999755859375,327.57000732421875,-0.017221176311598474,-56.25034088621105,2785.312266148085
TSN,1,2026-09-04,2026-09-08,1,RESIDUAL_REVERTED,51.099998474121094,51.45000076293945,0.006849360063985399,10.633869353889109,2769.8960866513335
PFG,-1,2026-09-04,2026-09-08,1,RESIDUAL_REVERTED,117.02999877929688,115.80999755859375,0.01042468797255891,20.389751539394577,2769.8960866513335
LULU,1,2026-09-08,2026-09-09,1,RESIDUAL_REVERTED,100.58000183105469,101.9000015258789,0.01312387821429395,27.836381095661377,2754.9337940162404
FICO,1,2026-09-08,2026-09-09,1,RESIDUAL_REVERTED,920.510009765625,934.989990234375,0.015730388931280315,35.006374407664964,2754.9337940162404
DELL,-1,2026-09-03,2026-09-09,3,TRAILING_STOP,486.30999755859375,550.0564971923827,-0.13108202577329986,-374.72362968354275,2785.3122661480857
CDNS,1,2026-09-02,2026-09-10,5,RESIDUAL_REVERTED,312.6199951171875,282.2799987792969,-0.09705072232029655,-282.1494179674239,2824.1730140568966
BEN,-1,2026-09-08,2026-09-10,2,RESIDUAL_REVERTED,34.47999954223633,33.97999954223633,0.014501160285327885,31.308773491430983,2754.9337940162404
KLAC,-1,2026-09-08,2026-09-10,2,RESIDUAL_REVERTED,190.14999389648438,176.6699981689453,0.07089138133171557,186.90159156252153,2754.9337940162404
AMGN,1,2026-09-09,2026-09-10,1,RESIDUAL_REVERTED,393.07000732421875,387.8399963378906,-0.013305545803229402,-44.74244102989167,2747.364261338944
HWM,1,2026-09-09,2026-09-10,1,RESIDUAL_REVERTED,232.7100067138672,231.5399932861328,-0.005027774457387113,-22.034500950527658,2747.364261338944
TKO,-1,2026-09-09,2026-09-10,1,RESIDUAL_REVERTED,193.1092529296875,190.30076599121094,0.014543513041807232,31.559296027803427,2747.364261338944
CASY,1,2026-09-10,2026-09-11,1,RESIDUAL_REVERTED,632.0,628.47998046875,-0.005569651157041111,-23.537343124522817,2749.273153758141
META,-1,2026-09-10,2026-09-11,1,RESIDUAL_REVERTED,653.1945190429688,652.9946899414062,0.000305925870068946,-7.620566173630994,2749.2731537581403
XYL,-1,2026-09-09,2026-09-14,3,RESIDUAL_REVERTED,108.08999633789062,106.2300033569336,0.017207817966268357,38.457124981957406,2747.364261338944
LH,1,2026-09-11,2026-09-14,1,RESIDUAL_REVERTED,310.5400085449219,314.1199951171875,0.011528261975132015,23.549176304669412,2766.920510913964
ELV,-1,2026-09-11,2026-09-14,1,RESIDUAL_REVERTED,420.0,422.5400085449219,-0.006047639392671167,-25.278126636144545,2766.920510913964
COO,1,2026-09-10,2026-09-15,3,RESIDUAL_REVERTED,51.880001068115234,54.400001525878906,0.04857363928067526,125.09406968973563,2749.2731537581403
FDS,1,2026-09-11,2026-09-15,2,RESIDUAL_REVERTED,264.8999938964844,273.45001220703125,0.032276400556989104,80.8715138347865,2766.920510913964
SWKS,-1,2026-09-11,2026-09-15,2,RESIDUAL_REVERTED,84.2699966430664,80.54000091552734,0.04426244068025553,113.91682914148,2766.9205109139634
EW,1,2026-09-14,2026-09-15,1,RESIDUAL_REVERTED,85.44999694824219,85.02999877929688,-0.004915133808602867,-21.605423138410032,2732.179544075172
NTAP,-1,2026-09-14,2026-09-15,1,RESIDUAL_REVERTED,194.0399932861328,189.75999450683594,0.022057302243798538,51.947965266882804,2732.179544075172
BAC,1,2026-09-15,2026-09-16,1,RESIDUAL_REVERTED,59.369998931884766,59.27000045776367,-0.0016843266956400038,-13.007446559925773,2778.3002239986263
BKR,1,2026-09-11,2026-09-17,4,RESIDUAL_REVERTED,59.9900016784668,56.72999954223633,-0.054342424487723195,-158.4363887072246,2766.920510913964
JKHY,1,2026-09-16,2026-09-17,1,RESIDUAL_REVERTED,155.27999877929688,158.14999389648438,0.018482709555315502,42.58097253217976,2755.160951592233
OKE,1,2026-09-16,2026-09-17,1,RESIDUAL_REVERTED,93.3499984741211,92.1500015258789,-0.012854814867242381,-43.62944119100699,2755.160951592233
SWKS,-1,2026-09-16,2026-09-17,1,RESIDUAL_REVERTED,89.37999725341797,86.76000213623047,0.029312991694988133,72.40827872752135,2755.160951592233
PANW,-1,2026-09-15,2026-09-18,3,RESIDUAL_REVERTED,368.42999267578125,375.0799865722656,-0.01804954544603632,-59.23095240933158,2778.3002239986263
FTNT,-1,2026-09-15,2026-09-18,3,RESIDUAL_REVERTED,168.6699981689453,172.4600067138672,-0.022469962566346258,-71.5323462572828,2778.3002239986267
SYY,1,2026-09-16,2026-09-18,2,RESIDUAL_REVERTED,79.7300033569336,78.83999633789062,-0.011162761589995185,-38.974554892198135,2755.160951592233
RVTY,-1,2026-09-16,2026-09-18,2,RESIDUAL_REVERTED,140.8800048828125,146.5,-0.039892070715516814,-118.79335684027917,2755.160951592233
HSIC,1,2026-09-18,2026-09-21,1,RESIDUAL_REVERTED,84.83999633789062,85.25,0.004832669493247677,4.998328586843284,2738.1792945470256
BRK-B,1,2026-09-18,2026-09-21,1,RESIDUAL_REVERTED,507.1600036621094,507.92999267578125,0.0015182368643267274,-4.063568944642901,2738.1792945470256
JBHT,1,2026-09-17,2026-09-22,3,RESIDUAL_REVERTED,238.60000610351562,236.52999877929688,-0.008675638186365742,-32.10177475300411,2752.5343135618064
GNRC,-1,2026-09-18,2026-09-22,2,RESIDUAL_REVERTED,209.52000427246094,204.6300048828125,0.023339057321178025,55.36010083891364,2738.1792945470256
NUE,1,2026-09-21,2026-09-23,2,RESIDUAL_REVERTED,248.38999938964844,244.4199981689453,-0.015982935023383882,-51.94423149012614,2739.824852687543
COIN,-1,2026-09-21,2026-09-23,2,RESIDUAL_REVERTED,205.19000244140625,198.0,0.03504070547228255,87.50378979111308,2739.824852687543
UNP,1,2026-09-22,2026-09-23,1,RESIDUAL_REVERTED,271.04998779296875,273.95001220703125,0.010699223555315385,20.991684874515837,2732.1628935393624
OTIS,1,2026-09-22,2026-09-23,1,RESIDUAL_REVERTED,67.66999816894531,67.95999908447266,0.004285516822437607,3.494678266222069,2732.1628935393624
AAPL,-1,2026-09-11,2026-09-24,9,RESIDUAL_REVERTED,327.45001220703125,336.7200012207031,-0.02830963099128203,-88.77269521683588,2766.9205109139643
VZ,1,2026-09-18,2026-09-24,4,RESIDUAL_REVERTED,47.5,46.91999816894531,-0.012210564864309159,-41.599101695986704,2738.1792945470256
ADI,-1,2026-09-21,2026-09-24,3,RESIDUAL_REVERTED,377.04998779296875,381.2099914550781,-0.0110330295631611,-39.161555821780446,2739.824852687543
LEN,-1,2026-09-23,2026-09-24,1,RESIDUAL_REVERTED,82.0,81.19000244140625,0.009878019007240835,18.584035879744068,2727.357161268998
NDAQ,-1,2026-09-21,2026-09-25,4,RESIDUAL_REVERTED,94.44999694824219,94.61000061035156,-0.001694056826672563,-13.74081848512384,2739.824852687543
SCHW,1,2026-09-23,2026-09-25,2,RESIDUAL_REVERTED,100.0,99.5199966430664,-0.004800033569335893,-21.253840304572464,2727.357161268998
MCD,1,2026-09-24,2026-09-25,1,RESIDUAL_REVERTED,239.6999969482422,236.77999877929688,-0.012181886550360788,-41.40513529075446,2730.558563008089
EXPE,1,2026-09-24,2026-09-25,1,RESIDUAL_REVERTED,260.54998779296875,262.1499938964844,0.006140879595001092,8.55120362646381,2730.558563008089
IR,-1,2026-09-24,2026-09-25,1,RESIDUAL_REVERTED,75.4800033569336,74.9800033569336,0.006624271035542639,9.708715040175012,2730.558563008089
CVS,-1,2026-09-28,2026-09-29,1,RESIDUAL_REVERTED,89.51000213623047,87.19999694824219,0.025807229726936498,61.45971286486881,2699.3844448014615
RCL,-1,2026-09-25,2026-09-29,2,TRAILING_STOP,241.8000030517578,261.6942852487527,-0.08227577314271772,-233.3178180769062,2726.998432212505
PAYX,1,2026-09-24,2026-09-30,4,RESIDUAL_REVERTED,105.48999786376953,99.31999969482422,-0.05848894012599459,-167.65959077687276,2730.558563008089
CTAS,-1,2026-09-25,2026-09-30,3,RESIDUAL_REVERTED,198.22000122070312,198.24000549316406,-0.00010091954564495076,-9.109798838971036,2726.998432212505
RL,-1,2026-09-25,2026-09-30,3,RESIDUAL_REVERTED,346.95001220703125,358.2200012207031,-0.032483033915983395,-97.56263110652127,2726.998432212505
GEN,1,2026-09-28,2026-09-30,2,RESIDUAL_REVERTED,21.489999771118164,20.8799991607666,-0.028385324190248862,-84.60612156033903,2699.3844448014615
