date,strategy_base,strategy_stress,strategy_gross_diagnostic,spy_buy_hold,ew_universe,gross_exposure,net_exposure
2019-01-02,100000.0,100000.0,100000.0,100000.0,100000.0,0.0,0.0
2019-01-03,100000.0,100000.0,100000.0,97613.72673051049,97958.13352583087,0.0,0.0
2019-01-04,100000.0,100000.0,100000.0,100883.35634950822,101193.24070953968,0.0,0.0
2019-01-07,100000.0,100000.0,100000.0,101678.79672052828,102144.9748984452,0.0,0.0
2019-01-08,100000.0,100000.0,100000.0,102634.09613071957,103246.99609906352,0.0,0.0
2019-01-09,100000.0,100000.0,100000.0,103113.77577017042,103938.6207957511,0.0,0.0
2019-01-10,100000.0,100000.0,100000.0,103477.52360311298,104619.52732984372,0.0,0.0
2019-01-11,100000.0,100000.0,100000.0,103517.4661498194,104757.80946405395,0.0,0.0
2019-01-14,100000.0,100000.0,100000.0,102885.91051270196,104124.30507761285,0.0,0.0
2019-01-15,100000.0,100000.0,100000.0,104065.0836596094,104834.12299777675,0.0,0.0
2019-01-16,100000.0,100000.0,100000.0,104316.89120679598,105097.63954674349,0.0,0.0
2019-01-17,100000.0,100000.0,100000.0,105108.31955267629,106036.64309011545,0.0,0.0
2019-01-18,100000.0,100000.0,100000.0,106507.32707197689,107651.50525843719,0.0,0.0
2019-01-22,100000.0,100000.0,100000.0,105068.32232760338,106241.7893808628,0.0,0.0
2019-01-23,100000.0,100000.0,100000.0,105288.1977087714,106252.58267227135,0.0,0.0
2019-01-24,100000.0,100000.0,100000.0,105344.18152124101,106728.06640636665,0.0,0.0
2019-01-25,100000.0,100000.0,100000.0,106235.5414166413,107841.52323978899,0.0,0.0
2019-01-28,100000.0,100000.0,100000.0,105428.09230938523,107390.43765458363,0.0,0.0
2019-01-29,100000.0,100000.0,100000.0,105288.1977087714,107606.3274902931,0.0,0.0
2019-01-30,100000.0,100000.0,100000.0,106955.03353663434,108859.79382107583,0.0,0.0
2019-01-31,100000.0,100000.0,100000.0,107894.31902024569,109701.05074770495,0.0,0.0
2019-02-01,100000.0,100000.0,100000.0,107946.27030318812,110001.55918997612,0.0,0.0
2019-02-04,100000.0,100000.0,100000.0,108705.71180468341,110618.11038509286,0.0,0.0
2019-02-05,100190.5912733966,100107.8394372825,100231.57521876795,109161.42181523291,111068.75272858802,0.5953979100655223,-0.19331580475835464
2019-02-06,100497.09119507932,100313.84427295762,100588.24676743483,109017.54252866257,111046.01816971875,0.40288464504261634,0.20290898064297794
2019-02-07,101467.24410814987,101189.32596357192,101605.44216736242,107978.26398236897,110242.58514546456,0.6909531579005614,-0.08853298960182857
2019-02-08,101981.83547213097,101652.8285724308,102145.54809177533,108110.16187188654,110496.71505821786,0.19337937884116216,0.003390469064672005
2019-02-11,102016.15985428741,101667.41740383903,102189.75949290674,108170.10986592523,110776.50945572666,0.0,0.0
2019-02-12,102016.15985428741,101667.41740383903,102189.75949290674,109561.10016974216,112125.46539025614,0.0,0.0
2019-02-13,102170.19709092972,101716.23021852663,102396.16906506893,109916.87179597588,112596.17810516096,1.0020310691166752,0.002016820267594018
2019-02-14,102410.22935374964,101892.88682071742,102667.74306464878,109673.05412508975,112325.96048844352,0.3982274977509224,-0.20111110035452756
2019-02-15,102872.93450497775,102260.21158152977,103178.24645300672,110868.16601582324,113501.14442927683,0.7008267168948655,0.30400201462940574
2019-02-19,102356.60045210639,101662.45873792187,102702.64879646563,111060.03923856273,113732.30083339334,0.4962229497646155,-0.10890111729867803
2019-02-20,102162.03154072839,101406.63443929289,102538.70647373798,111283.87880129984,114113.60325165158,0.7021921581395781,0.0898363511753543
2019-02-21,101809.94388127478,100984.4927952502,102221.69413264625,110888.11678478903,113776.61748131731,0.6028107948048563,-0.006875226017842995
2019-02-22,101703.99460299435,100815.72353054285,102147.1115104504,111575.69724315093,114401.52714393144,0.811903720690236,-0.00831235855661176
2019-02-25,101292.8699063038,100344.65140721417,101766.05213329695,111727.58007561334,114378.08173474176,0.601709222585572,-0.01349003661035488
2019-02-26,100857.44559266977,99851.28435903737,101359.79087042669,111647.61979944659,114129.0482937288,0.599604765337804,0.18562321500066514
2019-02-27,99997.07900234245,98936.50226965174,100526.66492062488,111599.64636766486,114165.51077113504,0.6093739486271343,-0.21926621422086867
2019-02-28,99438.98180865357,98322.0760469081,99996.79447791137,111391.77288793703,113958.56680547447,0.8023211924753608,-0.019367549832704407
2019-03-01,100008.24175571761,98843.98727272448,100589.64237215347,112087.29537902873,114652.01756907123,0.8038214583983672,-0.01099968291176777
2019-03-04,99917.15216053688,98672.75553877583,100539.07898298689,111679.62031342323,114083.79700454074,0.3960559539661448,-0.003063813607533315
2019-03-05,100506.0466485994,99194.60580532532,101161.84985860012,111527.71014177758,113776.07436372583,0.5947021228267823,0.20423449767314864
2019-03-06,100465.5054154637,99063.66881759385,101167.07183537025,110852.22043720138,112813.73971537352,0.49152888483063883,-0.10212807932970276
2019-03-07,100040.6877615725,98564.29959365856,100780.05875015611,109924.87534186794,111959.33891234173,0.6966704049978452,0.09222897099491545
2019-03-08,99065.51486313253,97532.46270688204,99833.66627151424,109705.01363029155,111658.12733444982,0.5956843151828601,-0.012585644655162697
2019-03-11,98981.01117921072,97408.36443492668,99769.13243666734,111295.89437233165,113175.25100470982,0.8004296158564556,0.18930972565288967
2019-03-12,99274.28209560539,97627.77206764302,100099.92737999745,111715.55766978573,113481.70002692663,0.5003471227552508,0.10171196173992561
2019-03-13,99575.75720395545,97855.3464678434,100439.09532453389,112455.04156751941,114235.61862675866,0.40111862446590013,0.20165284754485377
2019-03-14,99823.41294420624,98028.72830057298,100724.59726165383,112383.11901122375,114066.40349925685,0.497607567449546,0.10120537381764677
2019-03-15,100472.23726484251,98595.74458743827,101415.00237227576,112938.30263997405,114497.70241944699,0.5955460631959532,0.004792098358419204
2019-03-18,100016.55710029384,98057.9841270303,101001.28704145299,113347.79576126469,115006.03251788284,0.5060191838401457,-0.10335670349157831
2019-03-19,100479.56976169479,98460.21166901954,101494.99147903183,113375.91411122195,114790.67834628056,0.9987789576965571,0.0015255335775132774
2019-03-20,100508.22983058116,98418.53779857303,101559.6388549892,113034.64592169443,113986.72583920018,0.2986297749545733,-0.10259207276947696
2019-03-21,99845.09315469288,97688.62920892017,100930.71391310665,114311.34476999716,115469.91729391318,0.900265177419077,0.09326462064755407
2019-03-22,98896.74639317874,96672.68383182879,100017.2796019525,112111.29234711331,113189.11542927947,0.2022639267219459,-0.2022639267219459
2019-03-25,98883.63502321969,96570.29553788691,100049.93935211102,112026.99197560798,113217.80646819212,0.9062459400646269,0.09729588349464988
2019-03-26,99352.54742605274,96958.22901428647,100560.20462588711,112862.0809971147,114149.26024441005,0.4037953548006247,-0.4037953548006247
2019-03-27,99265.14485413712,96794.2873310809,100512.37976618204,112271.87587464027,113758.77950973714,0.597817904773075,0.40073450689103013
2019-03-28,99283.97066142983,96793.35105099526,100541.44165018263,112697.43760087731,114382.25251136269,0.4000687108924177,0.4000687108924177
2019-03-29,100302.72701519192,97715.76875602746,101609.36217388888,113408.0718255022,115142.97557833487,0.8846388669370122,-0.09437434396571463
2019-04-01,100589.97711283728,97908.55993570766,101945.44823899111,114753.00927515965,116567.43075540048,0.2001815860190411,0.0008120744422284003
2019-04-02,100487.5266200967,97728.78123972584,101882.88025881222,114809.20496629934,116531.65315798961,0.8028890182381104,-0.0029036472068667014
2019-04-03,99751.78289214957,96952.09432495301,101168.55521563071,114989.84861952503,116898.6093600494,0.6104852647156231,0.19816252811862667
2019-04-04,99337.97094798635,96498.20019006144,100775.40117400733,115294.99491320322,117284.98779536458,0.7121461251115917,-0.10989634229431214
2019-04-05,99467.76458673982,96573.32297426817,100933.25901580081,115853.04232139738,118034.89650285442,0.8130220088823604,-0.00520219880635274
2019-04-08,99604.8865923381,96655.50044087094,101098.69052840752,115941.33421365503,118059.25736988934,0.5007461490456031,-0.10116302993584905
2019-04-09,99951.12463631487,96932.45699351936,101480.7760665821,115347.17174440734,117094.20713322914,0.6940224814669447,0.3017728735025549
2019-04-10,100133.35429639366,97040.58278677445,101701.4323834764,115740.60993034318,117682.52017348369,0.3966881774676578,0.001115527575086936
2019-04-11,99877.68238989072,96713.599298286,101482.94023846861,115708.50005963359,117884.31735702384,0.5979572890968858,-0.003541368051544828
2019-04-12,99156.11927584496,95936.82396512905,100790.40022383127,116491.37124116132,118713.08890651862,0.407089934529805,-0.20412957774907434
2019-04-15,100232.56267879551,96889.84815403624,101930.72739872428,116415.12225911873,118444.52031101544,0.7014080725791749,0.10666530163587148
2019-04-16,100818.5124009868,97377.34198723949,102567.86808215281,116491.37124116132,118368.36579438281,0.29530762514120074,-0.09805018822631095
2019-04-17,99400.32560405188,95918.31436132587,101171.65441711232,116206.34658634415,117721.413393844,0.8038276396763142,-0.009420988233799965
2019-04-18,100038.72840818283,96484.385404479,101847.3528661723,116435.14821083841,117973.41780933819,0.7027770613300676,-0.10274261030905298
2019-04-22,99619.91088575975,96010.76200328597,101457.39296557903,116535.53769167757,117663.52340185587,0.6061556148522599,-0.008455546207805153
2019-04-23,99569.61839690065,95910.68141473214,101433.01066486671,117583.38023711958,118757.76262052216,0.9168732441827034,0.0917647548064687
2019-04-24,99272.218714851,95563.59353684391,101161.82114598433,117322.41406354925,118691.35944488023,0.508984082575201,0.09850671999867136
2019-04-25,99513.44187303899,95716.7374012241,101449.05348695465,117250.17027185058,118103.33267259893,0.6972705463620258,-0.09953599067934066
2019-04-26,99446.03921680653,95583.62332795483,101416.27685713113,117796.10642187162,118808.43339379168,0.5980748811308711,0.20030092553092652
2019-04-29,99058.66766081456,95141.85683929615,101057.63677971793,117980.82361339935,118812.87060615233,0.6969939002853406,-0.1054611813109529
2019-04-30,98420.59299082219,94479.45286520619,100432.68196913128,118041.0518340662,119269.96721987278,0.8120841933310737,0.18878520153627662
2019-05-01,98305.85567513251,94327.58001782632,100337.24674989609,117153.79965094698,118078.67374082131,0.8019717061230953,-0.21481976616186602
2019-05-02,97995.4058072924,93971.10894094667,100051.181874009,116900.87119724776,118105.60503305472,0.6053522616617524,-0.01225673210139793
2019-05-03,97296.36155513913,93241.62081309386,99368.4194880227,118045.05702441013,119158.28969412715,0.8114722617610921,-0.21838873902260636
2019-05-06,98257.88211788623,94115.76777531984,100375.3985193425,117559.28074709786,118555.2211925726,0.6947330638205009,0.29538149820569365
2019-05-07,97427.91436512867,93262.09463833249,99558.31537369851,115596.081338171,116743.8987670322,0.6982761342136061,-0.3050176425497873
2019-05-08,96962.86239653578,92776.97430369383,99104.01070212224,115435.50464543984,116460.50881147258,0.9023634808806542,0.09147048501106393
2019-05-09,97052.9615126725,92815.32481397674,99221.1457697988,115086.20557083702,116355.19846134481,0.5972678194053256,-0.40015657904596474
2019-05-10,96897.20741929256,92609.12166307724,99092.17180599135,115664.31993952573,116834.09703547049,0.8025151833427139,0.19512490586243514
2019-05-13,96898.0525333138,92562.61752451805,99117.93439975835,112757.64531715674,114092.45836204218,0.6953338174840256,-0.10146765918228924
2019-05-14,97035.44441673724,92635.93862943217,99289.06630751892,113777.38318223308,115132.83449810832,0.7002060929790886,-0.10135877866628461
2019-05-15,97498.16631943897,93003.17074035648,99802.22484685482,114443.85779113753,115495.08013281507,0.5012713011883643,0.100611418104387
2019-05-16,97530.10203771235,92938.24671369031,99885.7166112944,115503.75691638618,116255.80060258116,0.5066782959640151,-0.09838785901996913
2019-05-17,96932.47950759069,92292.14708841637,99314.41165310008,114757.01446550358,115519.74101883463,0.6959032587943993,-0.10699100100036839
2019-05-20,96033.81179274342,91371.66840969157,98428.30382036741,113998.22910440595,114826.6238050067,0.5978299354697838,0.18962744040195395
2019-05-21,96227.69048650847,91499.05438368575,98657.35013179679,115025.97735017017,116036.21079778881,0.8029024745738953,-0.008093173095013602
2019-05-22,95441.78708152087,90694.71680383067,97882.01446407696,114672.70042440665,115524.45673500093,0.6085736277824529,-0.014254260355683059
2019-05-23,94502.53513056469,89744.97207956173,96949.19665887828,113271.55361401789,114152.01465718869,0.8106365702646683,-0.019053133794784093
2019-05-24,93795.17989276774,89042.66433464387,96239.61420423913,113528.48725806104,114350.7747747635,0.9118147827982258,0.08305162659991462
2019-05-28,93695.54693397539,88901.25074503769,96162.26983898741,112472.64116672699,113139.00132924886,0.610605081606855,-0.21154106376003856
2019-05-29,94517.71739326188,89625.99913884938,97035.61606719164,111717.81315240262,112340.97313743911,0.7900822454042183,0.0028648611489564763
2019-05-30,94284.47762444407,89332.88239932535,96834.94665748971,112022.96628087662,112492.67716344862,0.3966544901808313,0.19544004418445612
2019-05-31,94032.79936854834,89020.4100373516,96616.17119446429,110513.43327855245,111194.71859330065,0.7973257741682483,-0.005149189798164125
2019-06-03,95083.18283703177,89996.94415383562,97704.80717229878,110232.37280530435,111923.77555254754,0.6004495814540372,-0.00042418310794417385
2019-06-04,95063.56915181421,89932.63573946088,97709.3306149511,112625.18013958703,114445.2279448581,0.10219926075942502,-0.10219926075942502
2019-06-05,95793.9896325891,90531.27233420353,98509.85448533847,113600.77889333037,115362.90345246978,0.8999536851688062,0.10767978224518514
2019-06-06,95419.81356116975,90112.40944751144,98160.22222624157,114339.47678954604,115858.2685310019,0.4080295447420138,-0.20449327121001462
2019-06-07,95195.24566709698,89843.18997169354,97959.81499675722,115483.63527752517,116658.06006974666,0.8144557607639533,-0.20930759925402823
2019-06-10,95248.67108435184,89845.83187916932,98040.41623762652,116013.60534453693,117116.06069343968,0.7031050310904553,-0.10961609533507241
2019-06-11,94373.49247597565,88955.26905508296,97174.8162732554,115985.50066417128,117030.53699279418,0.5963308541440103,0.1886265325275693
2019-06-12,94855.02860650202,89362.08002604957,97695.86913964005,115780.7848601071,116892.535798365,0.8886488438949095,-0.10610122776846798
2019-06-13,94739.80677074393,89190.9905478461,97611.23651212468,116258.50974795665,117645.59983534573,0.40053305938214867,0.19564031160077353
2019-06-14,94570.7126352425,88966.69957386365,97472.12912805157,116130.02925634346,117322.44568507919,0.9046780967300472,-0.10442266808215761
2019-06-17,94692.97979693231,89026.9835561866,97627.80144400644,116174.20937645133,117181.4217756372,0.5035337751773935,-0.1060665709942231
2019-06-18,93986.31910011597,88280.4647811724,96944.04948566415,117390.62532572074,118341.03882518774,0.6105852517636474,0.19676251952689283
2019-06-19,93507.23810838845,87766.16228571856,96484.85099295557,117655.63769840985,118802.73910139524,0.7099427828037056,0.09607664727405724
2019-06-20,93090.01609263301,87311.14837101907,96088.97561666896,118779.75656507768,119864.09380467043,0.6088985158875067,0.2040582039125859
2019-06-21,93029.85428577024,87199.51538310753,96056.84518040305,118607.082283765,119566.26670873656,0.8040161641515795,0.0005911177341197398
2019-06-24,92902.58092534178,87026.0905420722,95954.91814414332,118461.87021201194,119121.87399800635,0.600093697504611,0.0005203099337897982
2019-06-25,92498.30130439583,86593.23636958732,95566.876036283,117300.02327247972,118328.48532677657,0.6039072911732292,-0.005543135323796516
2019-06-26,93110.14948551785,87111.46255097172,96228.64715400917,117182.95688986717,118034.96915235417,0.7922436499616834,-0.19890377259771128
2019-06-27,93285.63410695968,87214.20996519348,96443.80355717495,117598.51247504017,118786.230060808,0.5032519505384944,0.2980468345558021
2019-06-28,93697.56014661945,87535.00742817657,96904.72332227824,118203.6926351316,119849.8950307475,0.8039071597644067,-0.19639499220354426
2019-07-01,93388.69340700835,87166.25735605866,96629.59903735609,119276.78291629118,120603.6910530953,0.3010499328580443,0.3010499328580443
2019-07-02,94259.44359330426,87897.84766590722,97575.04066578503,119587.43805539123,120681.64933139052,0.7998146956911031,-0.18834023023695243
2019-07-03,93872.65602558703,87457.11502319018,97218.92481878937,120543.51663230473,121785.82842365808,0.302141565587223,0.09902380599332719
2019-07-05,93437.71760323085,86997.31448943807,96798.42428239342,120406.38328919763,121593.83613594728,0.7074533096685118,-0.10619917648962283
2019-07-08,92083.00552898445,85690.48480916822,95420.07484176621,119744.73404613418,120954.57055747836,0.601679281959749,0.18616419902416678
2019-07-09,92251.53037399621,85811.30829872828,95614.44179047382,119894.06066496411,120905.41185777076,0.798834720272412,0.1905106861705774
2019-07-10,92201.47264244969,85695.29376388113,95601.10742035026,120466.92591047169,121065.57650483091,0.19818504245777857,-0.003051917630959976
2019-07-11,92204.27100773362,85627.45286114857,95642.90926785379,120749.29866451507,121302.67421884046,0.7994557732429529,-0.00073796042824431
2019-07-12,92263.98703549271,85637.85643577384,95729.61353726972,121289.8489954388,122178.09797975016,0.7010389330535027,-0.10290986341559334
2019-07-15,92453.750324376,85736.34022645646,95969.67269222194,121330.24263866861,122111.4666765886,0.39728224620623753,-0.0009892748734716848
2019-07-16,92168.81889373898,85392.28278625019,95718.26214222849,120938.90956984187,121999.97814809873,0.7032872716912449,0.10540522209582394
2019-07-17,91936.92215431303,85107.12693775099,95516.51998831781,120115.90446732506,120997.01523509632,0.5002041151465925,-0.10444665840621659
2019-07-18,91619.26816126735,84759.13526870537,95216.26123737096,120555.64156006949,121505.80358464735,0.9111345097578355,-0.10760582599262258
2019-07-19,91734.79821451237,84821.79243034017,95360.85796363468,119885.9409275433,120889.80661547603,0.5997925725974261,-0.0031866267123759552
2019-07-22,91925.10223124578,84920.19421720991,95602.03925910108,120180.45227894305,120919.58682331108,0.49930876792804607,0.10206312079631462
2019-07-23,91857.83484696658,84771.534697709,95580.44853429803,121039.76381679604,122022.95546528955,0.5049121851206612,-0.10058853805679209
2019-07-24,91937.95253125341,84759.24322441088,95712.19492684946,121608.5691935932,122754.92668416956,0.5075958293205209,0.10096564219662685
2019-07-25,92029.7027298173,84773.51790465045,95847.00280259745,121027.63888903128,121983.39257887792,0.7093638455546653,-0.1011359109803414
2019-07-26,91446.72948248683,84166.68031439363,95278.99203141866,121838.53273337496,122650.25288889249,0.5060963373925997,-0.11270344928010241
2019-07-29,90952.73943053234,83643.01147448686,94803.03960432863,121616.64792223916,122343.63941276162,0.6997649781531302,0.08974934258144183
2019-07-30,91430.46754002747,84047.51127648051,95320.34416854032,121318.14505008709,122295.58938050948,0.8900125221136724,0.09786705680366281
2019-07-31,91377.08897403243,83939.11525110765,95298.097131581,119990.8003648414,121071.73551815808,0.3937922541701299,-0.0031064422915787586
2019-08-01,91768.70782789259,84230.69730015744,95744.8220017023,118945.97879914688,119724.33372034866,0.7997877037131873,0.0033710084244351277
2019-08-02,91883.94706697486,84268.18048462088,95903.53036005075,118050.40183473259,118815.31270426695,0.3962124347008655,-0.20076678960573055
2019-08-05,92315.11143448245,84595.96868335022,96391.7559662333,114500.19701298919,115431.05964434808,0.7803382679271768,0.19878987404796997
2019-08-06,92112.03479876404,84333.85969306994,96222.76702838186,116105.86141836367,116787.88547002636,0.3042741553446089,-0.10315112719812429
2019-08-07,92731.42415178579,84822.87419279189,96913.93149696029,116174.4280899172,116994.62899808738,0.809065612840713,0.005116946488491451
2019-08-08,92409.153354729,84458.04963272857,96616.8903971047,118453.77781377437,119110.09092117997,0.4066139375738781,-0.004371700631948892
2019-08-09,91479.73751119946,83546.90879322778,95679.9442214324,117646.95750773272,118057.09061540836,0.9064621590937875,-0.11586819322706855
2019-08-12,91915.25261813017,83918.39508435778,96150.1925772719,116214.78072437216,116486.00681534538,0.7823635147856733,0.19185809876838666
2019-08-13,91809.77837760391,83771.08132510478,96068.7565541098,118022.11944967591,117939.68482857307,0.5981883152211507,-0.013437439859451738
2019-08-14,91172.582823796,83129.04584395196,95436.35377903975,114532.49825798142,114408.57787132947,0.6913002704346983,-0.11436121594288344
2019-08-15,90385.0915215615,82335.54644681876,94655.20253950881,114835.0678336397,114529.94540618402,0.4020884301610481,0.19908681040212559
2019-08-16,90761.295255328,82609.50095227855,95088.20285816204,116529.41371463292,116299.82031867876,0.8045028034640839,-0.1993073256090433
2019-08-19,90615.84427496459,82433.43662194192,94960.64310579398,117933.3901304865,117692.69820323557,0.7032134528829901,0.09489826401685565
2019-08-20,90331.80783638544,82122.60173659585,94692.79144678044,117029.6934286514,116644.7062099487,0.6925516994838046,-0.10890276882024873
2019-08-21,90190.1321079355,81934.56460755915,94578.19522758888,117981.76681522095,117592.3417535148,0.5999259761344617,0.1920868673668453
2019-08-22,90331.18229053935,82019.47113688686,94750.58247590643,117945.43304070155,117635.05937829465,0.9009925818595598,-0.11015362520742335
2019-08-23,90864.39401852117,82452.74374354337,95338.8255733939,114915.77310254962,114531.52096714951,0.49040405912055685,-0.29366753179046823
2019-08-26,90583.77995497131,82130.57407838188,95083.12783090044,116186.49833931548,115527.53969433857,0.7040375658829159,0.10289474819713543
2019-08-27,90861.19476787612,82306.2354977241,95417.8969445166,115730.65846764561,114912.43738551417,0.3985933634365499,-0.19886258339172408
2019-08-28,91303.79644021347,82631.8964069077,95926.01306969833,116545.58484151647,115871.1359798787,0.7057166343383381,0.10424042786746936
2019-08-29,91325.96470834789,82599.84537661771,95979.14185786164,118034.23070784904,117448.64645711763,0.7039140762937086,-0.10120985167404094
2019-08-30,91520.27100346814,82732.30552128943,96208.10009950568,117981.76681522095,117705.65586440447,0.806210511551744,0.0008912960718354703
2019-09-03,91840.8870903336,82963.20610374527,96579.16262400904,117291.93087424216,116927.60389053017,0.4983010016068483,0.10387059914718612
2019-09-04,91958.00684788094,82984.50082574082,96751.17257044345,118623.25341064854,118225.0430421786,0.4993868786644894,-0.0983423650612837
2019-09-05,91346.35965699727,82365.02823657196,96146.6839954882,120148.17837313405,119980.88031621414,0.7098337895602892,0.09302014553010798
2019-09-06,91289.52037468852,82270.44379125623,96111.73839011995,120240.96756103387,120259.19324543144,0.8123599971874395,-0.009983728294482639
2019-09-09,89505.93894759487,80610.02058538396,94264.49015910854,120301.4965127163,120886.60782921001,0.624159924990774,-0.2253875217641367
2019-09-10,87978.96579936516,79182.47774822748,92686.49994068292,120273.2688060261,121518.0181970773,0.8302072557123414,-0.02937399189520915
2019-09-11,88443.65816587466,79566.87234907664,93195.5476942895,121128.49313598544,122472.73317340018,0.8149236240904072,0.18674062020213972
2019-09-12,89022.17487515492,80029.59351705498,93838.72326410608,121548.10858986885,122611.64026315941,0.4947610374489433,0.09958222829788435
2019-09-13,88688.4883527679,79656.10569419603,93529.66758001663,121467.3759817757,122694.52067298813,0.5996235201658056,-0.20494770643943763
2019-09-16,88877.52676796402,79784.09433464968,93753.18670505079,121092.18670064927,122692.10212741957,0.8913883555496924,0.09801050283552142
2019-09-17,89846.57110713795,80613.84046670055,94798.77050692949,121398.78197103892,122794.41322517912,0.5840734026007801,0.1998151030961892
2019-09-18,90114.07827290264,80780.88019191184,95123.60749039387,121471.40851130287,122625.05061223813,0.4907034535489993,-0.10132027161713122
2019-09-19,90506.74999777088,81067.84463970296,95576.19616999742,121463.34345224853,122345.33985569875,0.6944681735828253,0.2982173019442105
2019-09-20,90795.9492088882,81268.83121234494,95915.48470134442,120889.45298736964,121882.56229836469,0.39443737144673763,-0.199823597608737
2019-09-23,90966.03554391954,81346.82357094757,96138.66288288761,120861.10225435488,121940.83739469094,0.699064537935562,0.10244158297469658
2019-09-24,90665.83332064298,81011.71626644747,95860.3705967754,119912.73332711367,121015.52478843069,0.49549814185002095,-0.29526438440479613
2019-09-25,90534.51040991295,80820.49217662016,95764.99069796884,120621.96641859776,121708.00463758358,0.6041532257085532,0.20130642372259638
2019-09-26,90033.8859432537,80330.57768537213,95260.43652449483,120370.67831589264,121495.23565833885,0.9059888944662706,-0.10575342388140631
2019-09-27,89442.71719914797,79768.67241374975,94655.04307190367,119722.2065591485,121011.33758756651,0.706928857854878,0.08900884410442807
2019-09-30,89657.71022833503,79926.55526104417,94902.26503399997,120277.50637942753,121596.85256986013,0.9029509435280814,0.09294165505472005
2019-10-01,89218.01482860299,79500.1370610799,94456.98712646282,118846.76490318682,119807.35400628118,0.6921337822811509,0.09316279605305161
2019-10-02,88769.84763023624,79043.8035002292,94016.03085803853,116747.3890225661,117574.47285189031,0.5948329160208988,-0.0064848255333546335
2019-10-03,88145.49679513625,78438.49571134616,93383.84029328966,117703.91869600298,118374.39530379421,0.7971997514751691,0.1871294902017891
2019-10-04,88251.82618935427,78499.92924762354,93515.83022277824,119296.64483291145,119756.47675863981,0.8077277636358233,-0.009606356932041345
2019-10-07,88586.96354185333,78733.79717634583,93908.97209870518,118781.97103891971,119127.10646461997,0.39679896287957894,-0.001362916530996918
2019-10-08,88380.35973438495,78477.93817404957,93732.70677197323,116937.88845134804,117061.24955154615,0.49903423796825025,-0.10041068560139313
2019-10-09,88231.9586216309,78296.34732153305,93604.59181268935,118048.3924047648,118096.46864220136,0.9048048571297127,-0.10360927272960666
2019-10-10,88244.58924860504,78251.7370795381,93651.13154143261,118846.76490318682,118951.76172539961,0.40699112504263646,-0.0060723125430953715
2019-10-11,87622.42963217116,77634.81295050743,93029.46569297911,120078.90088281641,120670.1867253531,0.8115477311643706,-0.011034158068350028
2019-10-14,87749.26499736114,77699.48593908412,93192.47795657023,119945.14392883884,120372.89314626987,0.602102589932164,0.19294540577679928
2019-10-15,88220.11124108845,78052.70958214189,93730.42476755,121132.62135265394,121380.33279730614,0.6016238926199208,0.0029088116316222635
2019-10-16,88224.30336741016,77999.92932239789,93768.39601979151,120938.06205516159,121197.11012610825,0.7019735881706515,-0.1016479974982035
2019-10-17,88038.93371483189,77771.92189213367,93609.59439176435,121294.72903964626,121650.14737510832,0.5022803699755278,-0.10375457448435026
2019-10-18,87457.1298737459,77201.8641439828,93024.43299720806,120763.78843162965,121568.41635124915,0.808377210016575,0.19295824397018707
2019-10-21,87283.97239955576,76999.27794441915,92869.78564519192,121582.48761278695,122466.19059876144,0.606600468688957,-0.20788696007025909
2019-10-22,86673.67358353382,76405.43375944525,92253.56438823786,121185.31762833953,122462.22381363779,0.7108936477555826,0.09008736486816206
2019-10-23,87128.4822669934,76765.74945980014,92761.68701026999,121537.89740493055,122828.18015836927,0.800874862776745,-0.20570764644319667
2019-10-24,87080.91745470461,76662.01836522526,92748.34801055075,121736.54391031654,122948.11339562415,0.3971652072374132,0.3971652072374132
2019-10-25,86656.45846537591,76224.67548918909,92334.2925028452,122235.03290783313,123322.75551545869,0.8085140182619592,-0.20739082077655838
2019-10-28,86124.47321411027,75708.90491587836,91796.0851647282,122924.00766454003,123604.39958679701,0.615564643698314,-0.010127654227577883
2019-10-29,85912.76838892949,75467.93269220459,91603.39285199594,122887.49618532958,123861.55417580267,0.7071532061754645,0.0909553288615525
2019-10-30,87023.91080784662,76397.26039364419,92816.19870693555,123264.43517418306,123914.87009442177,0.6975338904607061,0.1068921398138995
2019-10-31,87030.3220245385,76340.47957556127,92860.62980439124,122936.14626189639,123227.70509739831,0.4933769823065034,-0.0998791441665543
2019-11-01,86817.90998472224,76091.74575799156,92671.63324024697,124075.01461791953,124707.29813849188,0.7091239410403513,0.09559270251658017
2019-11-04,86268.51645665694,75561.74498605746,92114.32021847527,124573.50361543612,125293.03226369954,0.7150344911904973,-0.1181697651936587
2019-11-05,87104.020397219,76245.91728916432,93035.06672578593,124435.74147111461,125291.30895624703,0.7074187342692069,-0.10325176661501519
2019-11-06,87675.41054713364,76668.6944769524,93692.42880456797,124464.09220412938,125303.2438483755,0.29498551964644354,0.10338525218114006
2019-11-07,87872.75455539688,76770.61990086696,93946.09972412742,124901.79252772279,125533.4546814365,0.7900400630535602,0.001045026848611755
2019-11-08,88113.18906393617,76933.90424484383,94231.5586973285,125209.82310523228,125727.2236826408,0.5922222556386025,0.19538505651515983
2019-11-11,88132.41054704228,76895.95444114623,94285.24359549677,124970.74194784163,125432.98160168863,0.6960028023160079,-0.10599967981808257
2019-11-12,88266.32855350611,76950.55165690859,94466.4202310284,125234.12763912824,125517.17603526851,0.4989360630660992,0.09624194227040149
2019-11-13,88599.70560835648,77178.06777598347,94861.56068261317,125274.71265664071,125461.71413746379,0.7024663438142609,-0.09909736381633405
2019-11-14,88283.12213079176,76838.89215495283,94561.33082612774,125457.02400004375,125739.5312064644,0.5050106663702666,0.10234715327579422
2019-11-15,88177.40078524148,76699.09471599772,94477.1953552993,126364.90359691382,126641.84366557149,0.703489754305835,0.09868992912874515
2019-11-18,88188.79865276488,76668.89084225782,94513.72224264263,126458.10287256216,126582.69443889301,0.7995141287210976,0.0024340689450933948
2019-11-19,88360.00248147812,76770.22209346962,94726.1691577428,126421.63240212658,126526.11940551024,0.5918552070587484,-0.0010803859506306735
2019-11-20,88346.86179545717,76711.49516419269,94740.97328081398,125951.49413762476,126049.84407749935,0.7937736477867252,0.19416556103030325
2019-11-21,88312.96177298497,76634.66348926906,94733.47112915583,125748.85611148646,125701.55413920965,0.59462219372473,-0.20097273023002796
2019-11-22,88126.89338896706,76418.3823944599,94567.43240015036,126028.49494720633,126128.97085151056,0.7020481378364192,0.09397100661088073
2019-11-25,88772.03713181354,76930.54721868914,95288.66806673861,127005.24194664553,127148.90326826592,0.6983347891524261,0.0984995591132838
2019-11-26,89042.59356478637,77109.46559422393,95613.16190797166,127292.9868501946,127439.816869134,0.5974478102248422,-0.0008190185695821026
2019-11-27,89017.02730855678,77016.6614057919,95629.18403622948,127860.39792864678,127951.65049635318,0.49804111049201527,-0.10091266179720859
2019-11-29,88985.68420763194,76942.06914358336,95624.68224772502,127386.25447380103,127350.72868411051,0.6986599974414655,0.09647617017034811
2019-12-02,88816.58836793606,76771.91439747874,95457.73494928447,126304.08758380741,126273.64800207577,0.3911501349264742,0.19392171805420272
2019-12-03,88193.79423586187,76194.85373489399,94812.3317818516,125457.02400004375,125256.64091047908,0.4896205258484157,0.2883204403514011
2019-12-04,88579.68467015866,76504.88533150306,95241.51658387348,126231.16031252788,126169.81621812076,0.5928669945122119,0.19360535882438504
2019-12-05,88724.9053772075,76560.68731846233,95440.67812985016,126458.10287256216,126413.58819048785,0.4953228993049721,-0.09910394512855945
2019-12-06,88413.95357356546,76229.89608960346,95144.91762227644,127613.21070342693,127536.14072937662,0.7023497167751506,0.29993237313912635
2019-12-09,88914.9416448495,76607.01939058607,95717.94960432098,127211.9808502691,127243.31359744072,0.5917054781030754,0.0029795912803490926
2019-12-10,88931.42043139625,76552.0079398349,95778.69231166976,127070.14516764558,127092.32359660833,0.5016854612418595,0.09826779986584312
2019-12-11,88922.17102958875,76488.21205644458,95803.24338398602,127430.79000329095,127452.89775755051,0.6050090371312387,-0.20253262203336497
2019-12-12,88805.42829622733,76317.47799997294,95721.27424721478,128529.10068098488,128740.09473326513,0.5070539002832114,0.09895952230244204
2019-12-13,88735.41521255646,76186.59688036951,95689.83542973566,128606.12882974968,128473.50704668736,0.5917092213472799,0.0014902618561965211
2019-12-16,88467.85517325123,75902.77911545448,95435.06533770656,129489.66288394893,129271.3820014726,0.7050458621716029,0.2975563264250778
2019-12-17,88138.12910184862,75579.45015742371,95104.29493699229,129518.05462573854,129339.0017639227,0.8060791387276225,-0.21044441543554446
2019-12-18,88219.31556102708,75609.58240473736,95216.41361946263,129526.13335438451,129499.8666495895,0.7010698399759016,0.09154950846771522
2019-12-19,88108.39739817844,75460.02077299063,95130.69541952683,130057.11497117596,129957.03510040714,0.6017930206003422,-0.002958803226284386
2019-12-20,87824.09184024273,75162.00707469854,94857.67978436404,130627.25996795164,130704.67524544649,0.7111898080648248,-0.10642478633720188
2019-12-23,87350.0071244279,74709.4715559565,94374.84143695637,130826.87701434248,130711.21390348281,0.7062313906674814,0.09052841585457773
2019-12-24,87657.41501154206,74933.7552813693,94731.16082990248,130830.93688305288,130741.13478633725,0.595577691697877,0.1976052140651537
2019-12-26,87587.24510674774,74836.2055562133,94679.0225919581,131527.38890637457,131054.17476422743,0.09692806555483319,0.09692806555483319
2019-12-27,87663.30621812133,74886.00910393766,94770.74313975044,131494.73225200028,130961.40912793948,0.09921704323761907,-0.09921704323761907
2019-12-30,87703.80400064598,74912.69706282117,94819.4356082637,130769.79279974767,130462.64058672379,0.19720850964670364,0.0012962719959703304
2019-12-31,87687.17136397003,74883.76114237262,94810.77218403676,131087.47410893912,130953.5485642623,0.0,0.0
2020-01-02,87858.53217683076,75022.17598919253,95000.97902545173,132313.41776356596,131354.0375588008,0.09780269781403635,-0.09780269781403635
2020-01-03,87786.96369349914,74884.48580493992,94971.69422378714,131311.49137636725,130574.62183280649,0.9123287565179128,0.09861697734903063
2020-01-06,87748.85721581097,74797.18343949379,94964.78764292551,131812.45456996662,130685.96642925296,0.40659077591431014,-0.40659077591431014
2020-01-07,87881.27084530744,74856.11249538776,95141.94032297531,131441.8035932572,130539.41046259645,0.9105691963961687,0.09312221222432647
2020-01-08,87863.57215718055,74801.53093071231,95147.54898292157,132142.4111724306,130966.34576696654,0.6060577771681644,-0.005149892567709794
2020-01-09,87775.58813542797,74671.968897546,95086.62195104387,133038.39822459343,131573.42054716666,0.7103638814049243,-0.10662230361870408
2020-01-10,87755.03925917599,74607.10835708986,95094.0185768643,132655.51296338634,131225.41406022335,0.7107668308463316,-0.30711688472800563
2020-01-13,87569.99602258387,74387.67690659453,94932.81849390821,133567.8351775321,132106.02270903593,0.507655926168563,0.09851163582157615
2020-01-14,87134.18149003152,73955.69054931527,94499.36839053106,133364.21294079733,132298.95924410108,0.708387086631844,-0.1074530625753273
2020-01-15,86748.90170181451,73582.99212439472,94110.40358877121,133665.518079231,132535.2009381653,0.7135479047438477,0.08760246407263855
2020-01-16,86835.6760862274,73610.12290910416,94233.82223173088,134777.41633099277,133772.89867626168,0.7129034875026956,-0.10942272238827448
2020-01-17,86897.18287264086,73608.78203223698,94334.48031917932,135196.94976732647,134086.15481792495,0.6017105742779442,-0.003990511239543996
2020-01-21,86927.57785317539,73574.5605086587,94405.5865259212,134932.2107864697,133452.77977504034,0.5952231784471669,-0.0023666027620893215
2020-01-22,86385.06322042808,73055.11540100348,93854.75104763787,134948.49127008618,133340.51164877755,0.5944557479531495,-0.010256019595799188
2020-01-23,86245.74355895158,72885.26032940432,93736.50904955031,135103.29939515475,133671.83763489322,0.7009740374834865,0.09378392691502459
2020-01-24,85691.68062214623,72364.60321484818,93167.70398131476,133901.79697034007,132300.12300613368,0.6004987732086472,-0.008965303523446655
2020-01-27,85740.80536449894,72361.07302125978,93249.7071427358,131755.45237292149,130179.74006210234,0.7919270043154146,-0.005972666434424013
2020-01-28,85559.12340360714,72155.72899207956,93085.30750148442,133136.09479588395,131311.3488804361,0.5039317132668746,-0.10864559956045106
2020-01-29,85425.57388002181,71977.09273384896,92982.27337026507,133026.15027050412,130915.71428669218,0.595344656483871,-0.00697690389269921
2020-01-30,85845.42969744897,72279.9583787379,93471.8336280467,133457.86331296907,131222.56093540977,0.7006379993713229,0.09914080364764022
2020-01-31,86185.11033381341,72507.36170704932,93879.28103969658,131034.55911978766,128715.94264925086,0.4875917346412986,-0.09802356305928746
2020-02-03,85809.48540850448,72132.51690357925,93507.88911454444,132007.94339968896,129597.28690740753,0.7001044666423913,0.09436880690385863
2020-02-04,85706.33338115498,71993.02441760252,93429.28705069321,134019.91591150715,131460.45743221443,0.6033298396757645,-0.21041408061727795
2020-02-05,86587.77940823836,72696.64775959382,94413.65660982928,135567.60074403588,133400.3664590367,0.8916553408840298,0.10126238038821851
2020-02-06,86141.46868016865,72270.02034891138,93960.46994511846,136023.76868590456,133326.19837456764,0.3980550158918274,-0.007140921168960206
2020-02-07,86779.85565852551,72753.27443728896,94690.35274915045,135298.84290324355,132264.75378885915,0.8887719753894123,-0.09825975435204802
2020-02-10,86644.20555084146,72588.23187519284,94575.49196509023,136308.79334072175,132896.21539640025,0.39808132806537855,-0.0012833817253551272
2020-02-11,87404.40002365349,73165.40144693642,95443.76781906551,136545.0722318308,133656.1042226195,0.7962034232925875,0.007436701639115829
2020-02-12,87193.60245417416,72921.98408413542,95257.00621052954,137424.79246996876,134592.251906937,0.30482281277825074,-0.10184311162289021
2020-02-13,87087.62884131851,72765.86580106366,95184.91946294608,137278.19976946234,134398.24312317878,0.8035800952090925,-0.002655976194315175
2020-02-14,86303.86253313099,72057.26394213164,94363.17488194906,137498.12982899684,134511.52621764748,0.5012005078148337,0.09525338410816042
2020-02-18,86351.33232726564,72044.61194718345,94448.91178248829,137143.77300549552,134026.79120810065,0.8037645669490072,-0.0020237538452140477
2020-02-19,86080.23898850425,71766.47057546483,94186.13115079091,137799.4623066137,134436.788657184,0.5088321012224383,-0.10862526209699247
2020-02-20,86864.71121533128,72361.86566803647,95082.62875799704,137233.39084814006,134442.20279661324,0.6981760903999373,0.09883686727559163
2020-02-21,86885.73441047996,72321.27327968074,95143.58302359784,135820.11910998655,133252.09108494042,0.5014211103557201,0.09651488052132917
2020-02-24,87345.56245658679,72651.47918814514,95681.18660862625,131315.55124507766,129127.56771410869,0.7872176857390017,-0.19542458536466106
2020-02-25,86934.703028166,72259.08373309838,95264.16759433891,127336.42881235512,124740.30269856018,0.4778580304066456,-0.10399345022726966
2020-02-26,86745.31323242627,72050.54683936539,95089.94092242299,126868.05392517197,123445.13863074488,0.7779124982203096,-0.0005893059454929134
2020-02-27,86403.36969089974,71717.36174302115,94747.25250026927,121170.22639919377,118587.89368339567,0.47984139577653717,-0.09312390056174633
2020-02-28,86660.66800645711,71911.44531580702,95042.15511881399,120661.08878980714,117130.88713065833,0.18892196232659422,0.004854743264313922
2020-03-02,86684.2890617582,71917.35745129712,95077.07946997964,125886.53623825825,121681.91217393431,0.0,0.0
2020-03-03,86684.2890617582,71917.35745129712,95077.07946997964,122282.06997258904,118570.30104416281,0.0,0.0
2020-03-04,86684.2890617582,71917.35745129712,95077.07946997964,127421.95944710603,123131.95806110548,0.0,0.0
2020-03-05,86684.2890617582,71917.35745129712,95077.07946997964,123186.21777094754,118480.04175851101,0.0,0.0
2020-03-06,86684.2890617582,71917.35745129712,95077.07946997964,121149.88604686687,116028.53471997473,0.0,0.0
2020-03-09,86684.2890617582,71917.35745129712,95077.07946997964,111688.7174266447,105726.9260094697,0.0,0.0
2020-03-10,86684.2890617582,71917.35745129712,95077.07946997964,117468.00888386759,110863.14142065975,0.0,0.0
2020-03-11,86684.2890617582,71917.35745129712,95077.07946997964,111741.6529201836,104609.28853196958,0.0,0.0
2020-03-12,86684.2890617582,71917.35745129712,95077.07946997964,101050.52178539903,93600.11882338008,0.0,0.0
2020-03-13,86684.2890617582,71917.35745129712,95077.07946997964,109688.95869493675,101449.86831953019,0.0,0.0
2020-03-16,86684.2890617582,71917.35745129712,95077.07946997964,97686.37377516188,88512.61182692395,0.0,0.0
2020-03-17,86684.2890617582,71917.35745129712,95077.07946997964,102960.66950925824,92906.29023363398,0.0,0.0
2020-03-18,86684.2890617582,71917.35745129712,95077.07946997964,97747.47001489643,85543.60779350065,0.0,0.0
2020-03-19,86684.2890617582,71917.35745129712,95077.07946997964,97955.17262472905,87239.38015584424,0.0,0.0
2020-03-20,86684.2890617582,71917.35745129712,95077.07946997964,93733.86603731867,83780.37472196703,0.0,0.0
2020-03-23,86684.2890617582,71917.35745129712,95077.07946997964,91337.29273054535,80737.19541353722,0.0,0.0
2020-03-24,86684.2890617582,71917.35745129712,95077.07946997964,99612.73363467948,90252.5161661524,0.0,0.0
2020-03-25,86684.2890617582,71917.35745129712,95077.07946997964,101103.96988862359,93258.4445551306,0.0,0.0
2020-03-26,86684.2890617582,71917.35745129712,95077.07946997964,107007.39490732529,99018.8693077436,0.0,0.0
2020-03-27,86684.2890617582,71917.35745129712,95077.07946997964,103820.10407343578,95435.39838395962,0.0,0.0
2020-03-30,86684.2890617582,71917.35745129712,95077.07946997964,107191.75668947096,97536.78406614777,0.0,0.0
2020-03-31,86684.2890617582,71917.35745129712,95077.07946997964,105594.01381243885,95821.76213904204,0.0,0.0
2020-04-01,86684.2890617582,71917.35745129712,95077.07946997964,100841.74611262445,90596.33051216845,0.0,0.0
2020-04-02,86684.2890617582,71917.35745129712,95077.07946997964,103168.7206936771,91760.5333218866,0.0,0.0
2020-04-03,86684.2890617582,71917.35745129712,95077.07946997964,101677.48443973299,90243.68347769401,0.0,0.0
2020-04-06,86684.2890617582,71917.35745129712,95077.07946997964,108506.77140307764,97797.20716553286,0.0,0.0
2020-04-07,86684.2890617582,71917.35745129712,95077.07946997964,108617.39257324253,99039.13681905174,0.0,0.0
2020-04-08,86684.2890617582,71917.35745129712,95077.07946997964,112263.53742375359,103589.30624653892,0.0,0.0
2020-04-09,86684.2890617582,71917.35745129712,95077.07946997964,113971.86729697154,106299.98793775761,0.0,0.0
2020-04-13,86684.2890617582,71917.35745129712,95077.07946997964,112931.3174786575,103696.16761977445,0.0,0.0
2020-04-14,86684.2890617582,71917.35745129712,95077.07946997964,116261.96815463589,106284.01202942463,0.0,0.0
2020-04-15,86684.2890617582,71917.35745129712,95077.07946997964,113791.60639231112,102525.23952195827,0.0,0.0
2020-04-16,86684.2890617582,71917.35745129712,95077.07946997964,114340.6113656503,101925.32309969915,0.0,0.0
2020-04-17,86684.2890617582,71917.35745129712,95077.07946997964,117429.51531387262,106406.48824199357,0.0,0.0
2020-04-20,86684.2890617582,71917.35745129712,95077.07946997964,115360.64996174222,103938.23885771698,0.0,0.0
2020-04-21,86684.2890617582,71917.35745129712,95077.07946997964,111857.96064046137,100939.47419693219,0.0,0.0
2020-04-22,86684.2890617582,71917.35745129712,95077.07946997964,114340.6113656503,102844.76911455534,0.0,0.0
2020-04-23,86684.2890617582,71917.35745129712,95077.07946997964,114332.38227149655,103217.4916688538,0.0,0.0
2020-04-24,86684.2890617582,71917.35745129712,95077.07946997964,115926.05161022663,104628.98989677367,0.0,0.0
2020-04-27,86684.2890617582,71917.35745129712,95077.07946997964,117597.50092526048,107565.12920940388,0.0,0.0
2020-04-28,86684.2890617582,71917.35745129712,95077.07946997964,117056.7455504625,109067.41654032686,0.0,0.0
2020-04-29,86684.2890617582,71917.35745129712,95077.07946997964,120121.09891213973,112621.52381197581,0.0,0.0
2020-04-30,86684.2890617582,71917.35745129712,95077.07946997964,119002.66659558479,109850.59934571966,0.0,0.0
2020-05-01,86684.2890617582,71917.35745129712,95077.07946997964,115852.29049385843,105970.95360032519,0.0,0.0
2020-05-04,86684.2890617582,71917.35745129712,95077.07946997964,116171.81719791825,106073.44545956833,0.0,0.0
2020-05-05,86684.2890617582,71917.35745129712,95077.07946997964,117245.20821009342,106645.9811515843,0.0,0.0
2020-05-06,86684.2890617582,71917.35745129712,95077.07946997964,116450.38980549197,105050.01857250601,0.0,0.0
2020-05-07,86684.2890617582,71917.35745129712,95077.07946997964,117855.61015418274,106906.30290355669,0.0,0.0
2020-05-08,86684.2890617582,71917.35745129712,95077.07946997964,119805.68675515677,109827.28787224964,0.0,0.0
2020-05-11,86684.2890617582,71917.35745129712,95077.07946997964,119830.23734170185,108600.35508486128,0.0,0.0
2020-05-12,86684.2890617582,71917.35745129712,95077.07946997964,117441.84528551163,105753.86545069907,0.0,0.0
2020-05-13,86684.2890617582,71917.35745129712,95077.07946997964,115364.79184800234,102730.23179671266,0.0,0.0
2020-05-14,86684.2890617582,71917.35745129712,95077.07946997964,116745.37959259833,104282.22469458588,0.0,0.0
2020-05-15,86684.2890617582,71917.35745129712,95077.07946997964,117282.08876827752,104458.47337605931,0.0,0.0
2020-05-18,86684.2890617582,71917.35745129712,95077.07946997964,120854.43149364552,110167.4086535221,0.0,0.0
2020-05-19,86684.2890617582,71917.35745129712,95077.07946997964,119613.10954844896,108668.79041669118,0.0,0.0
2020-05-20,86684.2890617582,71917.35745129712,95077.07946997964,121645.09434239524,110676.20027093908,0.0,0.0
2020-05-21,86684.2890617582,71917.35745129712,95077.07946997964,120805.28931178049,110205.43328869207,0.0,0.0
2020-05-22,86684.2890617582,71917.35745129712,95077.07946997964,121034.71973748917,110322.992992513,0.0,0.0
2020-05-26,86684.2890617582,71917.35745129712,95077.07946997964,122525.86713908776,113855.45122539773,0.0,0.0
2020-05-27,87246.74643040182,72309.95369245214,95742.47013435129,124348.93956434328,116657.37543627524,0.994496903364142,0.006953316880587231
2020-05-28,88817.12962819487,73589.24008163509,97480.1208498779,124119.55014740946,115715.0010215413,0.6676196144728059,-0.08205919844965635
2020-05-29,89598.92370576384,74166.495611793,98384.70852431824,124672.5944850716,115564.97955342721,0.2996321555652212,0.09964031295848544
2020-06-01,91466.40143364543,75658.45403324244,100470.54540368114,125176.49664086873,116821.74014253134,0.7911040659757659,-0.174838958148589
2020-06-02,92644.78620705902,76566.0446427803,101809.47076920206,126212.99342526817,118284.22523219798,0.30356523930535817,0.30356523930535817
2020-06-03,92302.83430681267,76219.77441434983,101475.47695015882,127892.65816486416,121489.58029449065,0.5077275972444337,-0.5077275972444337
2020-06-04,92668.14027692395,76466.72047869045,101913.17588993108,127556.7279508633,121988.23619107503,0.8133270104734233,0.1937770095270006
2020-06-05,94019.79623260621,77539.86852142472,103427.3678952308,130825.9611517041,126150.2745050838,0.6789633763691981,-0.09365285210818786
2020-06-08,92965.84552409177,76637.29939572507,102289.76932620781,132407.25951002032,128928.92574929267,0.9170535170086177,0.09916581678899661
2020-06-09,94743.41754391101,78078.54420964941,104261.21127870986,131419.94591626077,125981.13824370987,0.768801121555575,-0.18327492490634997
2020-06-10,96486.4680555593,79450.07316739204,106222.58439269732,130686.65434352982,123332.34157778515,0.29834544913231326,0.09546391721668765
2020-06-11,96926.1662506544,79739.79734017572,106754.58060772014,123152.68626270973,114919.52250902167,0.7641393260119244,0.0025842078879631824
2020-06-12,97469.62449697481,80162.97013316466,107368.8246579536,124627.51217191698,117332.77223466839,0.4921838111137019,-0.09073797576030453
2020-06-15,97721.89162149248,80347.0600179745,107662.24442834928,125791.01313203493,118531.50187811967,0.19719488631980459,0.005228937784032195
2020-06-16,98094.78063709108,80637.64982404192,108083.76303732865,128212.19853851561,120889.53453715601,0.0,0.0
2020-06-17,98094.78063709108,80637.64982404192,108083.76303732865,127679.6175795049,119717.99195756747,0.0,0.0
2020-06-18,98094.78063709108,80637.64982404192,108083.76303732865,127728.78710055318,119587.4889230131,0.0,0.0
2020-06-19,98094.78063709108,80637.64982404192,108083.76303732865,126998.84457776853,118369.78676975229,0.0,0.0
2020-06-22,98094.78063709108,80637.64982404192,108083.76303732865,127813.57957735674,118594.53937386355,0.0,0.0
2020-06-23,98094.78063709108,80637.64982404192,108083.76303732865,128402.00081812506,118769.42820243492,0.0,0.0
2020-06-24,98094.78063709108,80637.64982404192,108083.76303732865,125126.62997064796,114769.21511646383,0.0,0.0
2020-06-25,98094.78063709108,80637.64982404192,108083.76303732865,126468.02699607649,115972.48153615376,0.0,0.0
2020-06-26,98094.78063709108,80637.64982404192,108083.76303732865,123464.18891649008,113573.3022148481,0.0,0.0
2020-06-29,98094.78063709108,80637.64982404192,108083.76303732865,125278.85454290082,115980.79795581408,0.0,0.0
2020-06-30,98094.78063709108,80637.64982404192,108083.76303732865,126883.62359002435,117529.09529726856,0.0,0.0
2020-07-01,98094.78063709108,80637.64982404192,108083.76303732865,127772.43410658796,117290.1826069987,0.0,0.0
2020-07-02,98424.94643447758,80850.23553177262,108486.44083465362,128476.03532632561,117996.76870928271,0.6917642045644307,-0.29528054101514717
2020-07-06,98131.23160697125,80567.85065285691,108190.14569697024,130459.3700437051,119345.6242404981,0.2016255630306462,-0.0009724702710553356
2020-07-07,98374.1056718379,80718.44558840201,108490.56005294014,129113.85847119971,117333.00061775203,0.402067968249179,0.20209046694417837
2020-07-08,98528.76407867047,80786.12939324985,108700.37318961437,130101.40444801676,117692.2451491095,0.6945181924014032,-0.29843847778554694
2020-07-09,97123.74015506906,79568.4953818278,107194.29923872772,129360.73129581235,115738.25859393545,0.4955001772640021,0.288971191787305
2020-07-10,97802.3358511019,80074.89069507117,107976.09309039783,130681.52824667325,117741.27018311158,0.8890819092016858,-0.1041074055931887
2020-07-13,98693.11370293127,80732.66886950801,109007.69037757751,129549.9867917571,117307.45676530372,0.20001150786958943,0.20001150786958943
2020-07-14,97779.44880909668,79976.56914449048,108004.39609810652,131228.8723646309,119137.86387756164,0.09782349311205842,0.09782349311205842
2020-07-15,97831.51997795312,79944.80882128856,108111.5754207586,132434.50300611407,122004.74298905619,1.007373789991787,-0.0011833289222707526
2020-07-16,97303.9707782893,79464.22067868013,107561.78823906231,131998.27899841536,121745.85843546159,0.40145287332458196,-0.008193359931655132
2020-07-17,97716.48829418479,79759.79953830793,108045.31238258786,132380.9865549314,122136.78371892431,0.6988199099898423,-0.09970048561721728
2020-07-20,97045.83447281609,79147.62431299416,107347.35072143858,133450.82347328603,121400.69027380587,0.49869842351682153,0.09272803713718919
2020-07-21,98027.26606918951,79890.84952885532,108471.31518783039,133734.72722159058,122730.6288985843,0.7830003180426026,0.0010356503678663363
2020-07-22,96557.99167978481,78638.51057777509,106882.63159252578,134495.94576999615,123632.26667191516,0.5050274003961244,0.29952363854807673
2020-07-23,96385.8436042921,78424.59664364565,106741.69824191197,132891.19039246422,123445.02655888181,0.5927016748393236,-0.2049214796329669
2020-07-24,96697.01379186256,78614.47354998825,107129.14405106405,132035.29625251563,122522.5586637825,0.591473537660195,0.19357893259884876
2020-07-27,96742.00172260296,78586.6078179145,107222.40998109906,132998.19595564628,123021.56415454026,0.5909091642825064,-0.20009538382753464
2020-07-28,97344.20584007731,79005.54117699637,107937.63280413112,132154.68646570315,122290.95277319655,0.49483932237959743,0.2986464286656561
2020-07-29,96211.91946124367,78005.26730075259,106737.18572021724,133779.97356984462,124227.9905143916,0.5061472182414196,-0.3116313580113496
2020-07-30,96341.65848879787,78054.59005678832,106919.00440391502,133302.65876974358,123226.31880181679,0.7934020736482839,0.19188558823705135
2020-07-31,95992.30465134137,77715.63818836295,106569.21859046214,134356.02383019906,122977.48019082613,0.4985478650959778,-0.11292427575069724
2020-08-03,95404.62392616614,77183.88272575465,105954.71761647076,135290.1627125664,123246.81000470468,0.7920787507602406,-0.01632038599548097
2020-08-04,95778.94310434109,77431.80383674701,106407.84193460648,135812.69652173825,123869.51293056234,0.4946810380502836,0.09478403034546791
2020-08-05,95652.77791014637,77259.32251174425,106315.76060001008,136656.20601168135,124847.20824461157,0.5937799472292411,-0.002279728101873855
2020-08-06,95884.54978606888,77391.4203658496,106610.93334532925,137569.6901411146,124796.67173380841,0.6952871269810167,0.09294931000873631
2020-08-07,95066.77182660757,76668.38887790852,105744.68073462744,137668.49394932613,126101.60468071714,0.5058145079174652,-0.11566665610450282
2020-08-10,94005.43651574248,75763.43363897718,104597.48875101304,138080.00333538034,127606.04597007763,0.9141151130150164,0.07716788200067475
2020-08-11,93722.1668059362,75509.99627728076,104299.31489837951,136940.16443835237,127475.92246472386,0.7981131926886401,0.18477068092099636
2020-08-12,94056.81425845517,75733.39118509222,104703.40109640814,138849.42363875645,128321.44495763138,0.5939130785666664,0.20079268756616758
2020-08-13,94390.6412842352,75933.22731777592,105122.32164746134,138598.4225974753,127708.56546971494,0.4951701853575816,-0.09969446495418857
2020-08-14,94588.79459888677,76023.71178247167,105390.46272715132,138602.52347496056,127992.46316351854,0.6000650152982183,0.20084628134133264
2020-08-17,94820.2387109324,76169.8748354541,105675.63126766513,139042.80735136967,127923.44780464255,0.4885963432801691,-0.09752173689239912
2020-08-18,94809.6478845338,76100.0635363397,105706.12694572468,139343.23763593982,127312.04039086567,0.692918081586355,0.2966398613112512
2020-08-19,94763.856885607,76001.0374666122,105697.83943678543,138763.01815014202,126752.16280546802,0.500757308921819,-0.3032877624073707
2020-08-20,94865.86561946644,76020.91650191294,105854.33969935574,139195.05926280576,126057.1825638711,0.6951151378193808,0.10001857514342113
2020-08-21,94935.70667451218,76014.89364036,105975.17330378243,139688.85959039754,125908.52819575014,0.49536289874820655,0.09695207061397357
2020-08-24,94403.30783799232,75533.69021981611,105418.79465656648,141104.31846320984,128005.39890650166,0.6054609271993272,-0.009052470203983745
2020-08-25,95309.86383594366,76226.95689516133,106453.0006832784,141598.10512120998,128009.07525465517,0.9901755218999057,0.0007532175375922033
2020-08-26,95547.89258859993,76356.96592294793,106760.83707695083,143017.7058802824,127820.67138209648,0.19745814755964627,0.0010524504529032849
2020-08-27,95790.36901491918,76503.05943037572,107064.64960086154,143330.45246689994,128589.2956786122,0.3963580524886396,-0.3963580524886396
2020-08-28,96177.14164590457,76742.54112592882,107545.29031350941,144256.2528983806,129789.4291570946,0.6981950680912189,0.30208143880180716
2020-08-31,96735.70935893015,77125.44885139076,108213.52018390791,143733.67808043392,128692.74532401894,0.49058149878892543,-0.0980831758221711
2020-09-01,96951.27221224288,77242.67459625365,108492.63197645682,145087.4324166847,129152.82077898475,0.39618685785112767,-0.19629784560459412
2020-09-02,96901.40885374778,77124.80567393138,108491.45886229715,147185.97445221676,131595.29301200918,0.6138377366658515,0.20270711415266454
2020-09-03,98322.92705842775,78207.76606072354,110116.52939356896,142120.67993915666,128636.42488960634,0.7765916590897901,-0.18659823584018922
2020-09-04,98329.59996546492,78166.7210680306,110156.36041772453,140960.30931551912,128374.97105542204,0.20068707890462079,-0.20068707890462079
2020-09-08,98647.28115259134,78418.78743073279,110512.37100507633,137108.92921646242,125712.94109719107,0.19681651178309092,-0.19681651178309092
2020-09-09,98094.57921019997,77977.71027277628,109894.16625652876,139816.42421937233,127335.84925096297,0.20355578964288648,-0.20355578964288648
2020-09-10,98514.43002560207,78278.43955997651,110387.24929001517,137388.7184176901,125460.28454485245,0.5935900259277989,-0.3973651082945555
2020-09-11,98189.50712202792,77964.72479703143,110062.05827536988,137458.62470922215,126040.66824092648,0.5033932546052746,0.09809493316861119
2020-09-14,98695.87394423352,78309.45470386895,110669.55967089852,139269.12111018956,128177.93134443127,0.801333694711237,-0.2002159398131987
2020-09-15,97196.90461022854,77063.66121366197,109028.45242224411,139972.7770082937,128279.48625440935,0.5005269829760157,0.2872738441534445
2020-09-16,97739.81823821171,77453.32666695281,109665.7618546995,139417.25847454875,129170.6801891294,0.9967171342968061,-0.006842216626187941
2020-09-17,97926.40494144191,77539.96995430405,109918.38413134006,138191.09610645604,128538.66353913811,0.1979255585576209,0.1979255585576209
2020-09-18,98075.35496446119,77585.79811545416,110136.128240371,136600.13334686623,127008.89543217976,0.8928137866233737,-0.09968338411581873
2020-09-21,100100.27346662674,79149.32793035293,112436.92605706805,135079.8013671642,123761.21205133457,0.5704474284177377,0.01646526855178761
2020-09-22,99893.00270410419,78907.63914927532,112259.086280133,136455.49539796112,124428.40401351004,0.4014543649454577,-0.0024404480321213004
2020-09-23,99000.614959079,78137.18609904638,111302.38791263115,133290.98493850222,121746.42956333602,0.7840949913187817,-0.010021260748317147
2020-09-24,100727.28005306609,79475.82193614951,113260.37698534792,133646.28496382514,121977.01147557549,0.8673542350473071,0.10208414115649983
2020-09-25,100548.40170108147,79279.94470354513,113097.8571881524,135806.91428448402,123619.29062002168,0.3987379812722911,-0.20237258125735808
2020-09-28,100306.32147762337,79008.33236627937,112882.86315632338,138062.61561484286,125938.67732215997,0.6051667493361064,0.19985509193002837
2020-09-29,100012.3691577093,78719.93015375701,112592.30488229638,137310.70605832883,124989.61245016172,0.4981754758830489,-0.10401238093198283
2020-09-30,99822.56676760784,78521.85820723139,112413.08406623453,138351.78215592014,125756.58787762343,0.6987373703124778,0.09648314275568601
2020-10-01,99101.05552990106,77904.84520116105,111635.47455431544,139239.9912104526,126105.41410819256,0.7092699829222059,-0.11037855880317328
2020-10-02,98541.12239155696,77408.24810915155,111044.75523182884,137917.97766593774,126710.35543678422,0.6246311466335436,-0.0181481809913236
2020-10-05,98182.66830110352,77069.186090006,110681.42834020633,140363.68631978027,128987.55433503685,0.737178673385813,-0.3310354952523068
2020-10-06,97981.87127920554,76855.34418523157,110495.05120387637,138368.2813530025,127702.5459765073,0.6145191296892307,-0.02310129575893655
2020-10-07,97905.01587583337,76730.35280074351,110454.60544942506,140776.80871764536,129992.0301068854,0.6023135391761687,0.19862041502641498
2020-10-08,98256.47089855801,76950.55237287411,110890.40436711546,142024.418674986,131898.16503975974,0.7087336291368662,-0.09830720603895372
2020-10-09,98312.64644140669,76931.01224729048,110999.19568095231,143292.75173321879,132153.03403483724,0.49479999088584187,-0.102513857687526
2020-10-12,98610.65150201491,77116.80225153049,111369.50472958726,145597.96432441633,133081.97383116966,0.6938843366938233,0.09879068688956529
2020-10-13,98508.6822024332,76967.0518394675,111304.61660895213,144647.8046806732,131749.309727423,0.39441863317071857,-0.0017961350221769557
2020-10-14,98650.1399186349,77021.69899662319,111504.3014874197,143738.92720361505,131433.10854733753,0.8834555490997781,-0.09972216597079216
2020-10-15,98850.80902825006,77139.9627549993,111758.65412676384,143561.30453013684,131874.65571377438,0.5958379810646133,0.19482705723706906
2020-10-16,98689.63631668649,76965.16888340938,111611.36933584677,143474.51629295712,131772.10303242732,0.7986038674519852,-0.20873622910521936
2020-10-19,99842.60637237105,77832.68105668377,112937.7004001029,141293.23221936414,130038.8361489567,0.7792592498819828,-0.19418681410303013
2020-10-20,99544.0260223377,77545.01910973001,112639.49048877713,141859.20799069648,130877.71573959,0.49560107832005734,0.09905622571061364
2020-10-21,99357.26151512348,77343.62519324537,112468.29146189695,141590.68253296165,130433.66576525081,0.7991778178345598,-0.003932533323646136
2020-10-22,98891.11336716029,76925.21611393524,111980.60823831809,142367.34771989504,132048.78032410107,0.5056798713316201,-0.11206531168060194
2020-10-23,98314.06268774543,76412.67543095865,111373.25746734816,142850.71814908262,132692.8612410801,0.7048819685293587,0.2962138696175686
2020-10-26,98415.25439110749,76435.67320207701,111527.96916814384,140210.84661590465,129619.16183279749,0.5931478306544506,-0.20174871010058856
2020-10-27,98600.90420936604,76555.98954944359,111755.52063558786,139727.46251712544,127940.88880258834,0.29029406925463463,-0.09893881223657422
2020-10-28,99009.06921634858,76858.09913286916,112228.80229891423,134951.73096329955,123869.39850834727,0.09469813118044972,-0.09469813118044972
2020-10-29,99038.02844414461,76873.3459711893,112266.89987153819,136323.28310783632,125258.46535406527,0.0,0.0
2020-10-30,99038.02844414461,76873.3459711893,112266.89987153819,134902.16502409437,125046.64015784189,0.0,0.0
2020-11-02,99038.02844414461,76873.3459711893,112266.89987153819,136414.22690086777,127894.09609631645,0.0,0.0
2020-11-03,99038.02844414461,76873.3459711893,112266.89987153819,138822.74059591902,130552.33111764197,0.0,0.0
2020-11-04,99038.02844414461,76873.3459711893,112266.89987153819,141925.32780535048,130699.5312672619,0.0,0.0
2020-11-05,101056.28419960204,78360.79219227063,114611.97073356449,144693.22873361828,133337.0304918029,0.9847488999383638,0.020471181138920803
2020-11-06,101073.33207373266,78304.93465372812,114681.74582676128,144660.21666986193,132843.47803469648,0.09923137795102588,0.09923137795102588
2020-11-09,103810.82581758106,80353.10682225853,117840.4595313576,146477.944284795,138997.55794906884,0.983045853545858,0.02606929567464683
2020-11-10,104118.98190109177,80528.2858269562,118236.65164669156,146263.1403221171,139950.95683685454,0.19212879685820383,0.19212879685820383
2020-11-11,104260.88148808805,80563.6821738215,118451.76309960282,147349.64047265347,139735.97861886994,0.8890525154644313,-0.10646569973183194
2020-11-12,104354.93015940586,80572.42442791145,118605.30987341923,145920.19760761643,137547.97881497786,0.2939382409465606,-0.1031642841446942
2020-11-13,104034.61136560561,80290.79270438189,118266.12832010514,147940.42655277162,140637.6843537612,0.5018016805056942,-0.10527836818954932
2020-11-16,103639.56344671702,79919.23382268763,117865.75815065636,149787.092693159,143492.10781675368,0.6987838258161715,0.0907820954964102
2020-11-17,103136.06982823294,79504.6357554223,117311.98306317281,148981.50265036293,143055.0546210654,1.0028357280763196,-0.013983923376824798
2020-11-18,103512.40946241346,79738.33585333345,117781.36349652222,147188.503326666,141483.98098594803,0.3026420363723753,-0.10730777888997121
2020-11-19,103289.9400321902,79493.1812670751,117582.2057050563,147808.2416018301,142073.73718197687,0.8068205970497788,-0.005189027205212411
2020-11-20,103516.56489470956,79626.81417951506,117869.96824820052,146796.035681735,141239.15370799846,0.7071990037465204,0.09453566059885773
2020-11-23,102233.96112867817,78573.14421709918,116458.60312314006,147676.04298129692,143296.30358817708,0.520364584185223,-0.31561617460489866
2020-11-24,101173.4502489677,77707.86089929413,115287.2297808361,150055.60448130223,146243.98115349526,0.9446801078430938,0.0771755463097659
2020-11-25,101171.51867059112,77672.2984434638,115309.7777304422,149824.27398235872,145319.95292708935,0.724446391621203,-0.12234023207753936
2020-11-27,101003.83566496253,77470.3935675902,115172.66991142835,150241.51092730067,145333.00165213042,0.3977336298314156,-0.0012981158851400015
2020-11-30,100255.37942328841,76847.8062324659,114354.8029284644,149576.38960796635,143841.06732166957,0.6015567655605212,-0.21045219910495747
2020-12-01,98945.19543616314,75795.58789104555,112895.66211007361,151212.36633275272,145290.88245749153,0.806355003603327,0.18121255614872084
2020-12-02,99616.06898622244,76278.06876797516,113684.27090203748,151530.48506887595,145599.73132900946,0.602522490067174,0.18965254409011487
2020-12-03,99483.81088970049,76106.44407202155,113585.23979642102,151489.14822382454,146292.17216389749,0.5076284457625188,-0.3119150624641452
2020-12-04,99947.08926111137,76390.5361323001,114166.38766700703,152794.67624084864,148477.518946108,0.6016151565648582,0.20446484604182652
2020-12-07,99916.93828127129,76304.8896016411,114178.34737933139,152480.67205180228,147720.24602331588,0.5993230590076868,-0.0016007973905730333
2020-12-08,100130.32625054158,76406.77473888284,114467.71460503979,152926.8748613818,148183.7135575212,0.20579029993456185,0.00039585150740830885
2020-12-09,100535.24726801954,76675.96183100206,114960.07627299005,151555.2406992953,147724.89626360047,0.5020796115378938,-0.09889705812334815
2020-12-10,100609.17230873315,76662.14287995263,115096.86682654332,151505.7294384566,147537.5730934452,0.6003979842505134,0.0001997388486124828
2020-12-11,100382.21963198739,76441.38065131883,114872.66253962461,151328.0520866119,146860.28405437333,0.7902437478882505,-0.005692703238033477
2020-12-14,100001.60437522383,76104.39521244408,114472.2619582293,150650.51877808888,145731.48178937187,0.5922267328129494,0.19391059414268885
2020-12-15,100873.37745719585,76706.03986662732,115516.17488696933,152687.23325073483,148026.53845868958,0.5989627287931438,-0.19560234421042139
2020-12-16,101321.86031526327,76999.65911970988,116065.08880774696,152926.8748613818,147726.54039681403,0.5898688759848352,0.0019589733472528
2020-12-17,101027.40370675872,76743.84999071002,115751.45444289432,153782.00350419982,148747.01171893644,0.6004770011959513,-0.21038168108597696
2020-12-18,101114.08549951114,76769.8918492964,115880.37481842628,153168.0064575151,148262.0128745396,0.49731369601097175,-0.10625427063643124
2020-12-21,100807.33666086884,76474.7394386757,115575.44131894052,152620.33426935863,147239.90075578968,0.6996976374401329,0.09500596430952916
2020-12-22,100689.15136887302,76352.63273030319,115464.09367652293,152363.12723348313,146636.64941420275,0.6979502609437139,0.09436773225075418
2020-12-23,100973.18292411117,76506.06494562088,115836.25894854567,152500.00085434946,147435.66705112738,0.5006346916942812,-0.10579451535746572
2020-12-24,100759.82445396222,76274.94209623242,115643.90451239533,153093.30213932527,147806.0540700209,0.40038185482243965,0.19893148745707276
2020-12-28,101450.21071113953,76774.10105838557,116453.8154026299,154408.48088803134,148244.16455176365,0.3017619461795803,-0.09506931874910891
2020-12-29,101379.8850570011,76689.3526506475,116396.861078729,154113.94219744837,147533.38918390655,0.09990506752560209,-0.09990506752560209
2020-12-30,101283.16199933896,76591.80172979664,116303.9675539615,154333.831248208,148499.09827672536,0.4023156086579202,-0.20089482140487594
2020-12-31,101677.7463182284,76866.45483817818,116774.85235983647,155117.96003216456,149652.12244867737,0.3035554015640141,-0.09775127370345951
2021-01-04,101776.23311642621,76893.01976285315,116923.99059621725,153006.19950153833,147168.47570591388,0.48870238385217085,-0.09729653503255742
2021-01-05,102578.08892177328,77436.69209052526,117892.07158788817,154059.9473105591,148573.19849784722,0.6975488544191167,0.10280953635637241
2021-01-06,101957.36944237835,76897.38704959447,117232.21836545374,154981.04540252333,151969.75245104762,0.4083614629295729,-0.007328096155503592
2021-01-07,100652.93721573868,75849.04500476303,115781.0404046151,157283.66077131353,153372.05074476814,0.8209185958282158,-0.0138812764365318
2021-01-08,101410.08550163661,76395.16398643196,116670.05055200719,158179.79818898416,153639.97382413413,0.9150775488432581,-0.1070195201506946
2021-01-11,102144.40019931529,76871.63765537081,117573.3469649769,157113.54270363334,153409.8109108839,0.10307601800355241,0.10307601800355241
2021-01-12,101938.43467883837,76637.21737689889,117396.40793973237,157146.7188024891,154541.59309306456,0.9034381397459872,-0.10178675578327995
2021-01-13,101265.54345542486,76082.7307908675,116658.42174714009,157569.97036774276,154100.6516271006,0.5017528161814709,0.09707864498850208
2021-01-14,101039.18835229496,75849.68664969344,116445.43922083813,157018.18363250943,154566.9189277422,0.7024315118199093,-0.10630616941051939
2021-01-15,101263.50302623403,75985.81199303636,116728.25106153025,155873.06827311707,153452.25791238647,0.8942720046848299,0.09454604430538525
2021-01-19,102183.92305991024,76638.11662588923,117818.33271467328,157096.94781940966,154211.85722205602,0.5918543828491154,0.0007640936795940363
2021-01-20,102086.43669392951,76487.97795470254,117764.79934420314,159270.97333985372,155248.6742182886,0.40027990212997566,-0.0025769119888448986
2021-01-21,102024.41551365033,76386.62677921233,117735.02250642588,159416.17174201517,154452.2180248466,0.9027196523644168,0.09368818617717799
2021-01-22,101159.59643787854,75691.33034711874,116773.44817006803,158851.90466963503,153753.63316605188,0.5039949497388917,-0.10764417636505752
2021-01-25,100767.56182667078,75343.1323994284,116362.86046623446,159478.39572305817,153634.90804449335,0.8038067395303049,0.19639595037577773
2021-01-26,100725.40840313808,75250.1651986601,116361.21957270903,159229.49979888613,152847.56023160994,0.4041918027305155,-0.20716101624326627
2021-01-27,97844.56068253952,73012.7231806261,113098.87685400293,155337.83541333256,149243.27395800472,0.5090044767762582,0.2961882380632392
2021-01-28,101359.23998717652,75622.92693981194,117171.07777544543,156673.7919412973,150990.1138479951,0.27936756681140174,0.12007386671141419
2021-01-29,101149.6299610065,75452.51941341447,116939.6081645856,153537.22212710464,148244.9957108608,0.09787350670079382,0.09787350670079382
2021-02-01,101291.78794694692,75551.21714891416,117109.63696280055,156092.98466305993,150167.1354695642,0.0,0.0
2021-02-02,101291.78794694692,75551.21714891416,117109.63696280055,158300.11793440167,152188.69860125883,0.0,0.0
2021-02-03,100717.16580487214,75044.81235852087,116505.00166024797,158424.5658964877,152626.5195229837,1.0039000286830686,-0.005192441434303708
2021-02-04,100967.34905954791,75199.9523097538,116818.28284801978,160225.2201914905,154542.75243728567,0.6122971395643573,-0.006354327154224618
2021-02-05,100435.58963372048,74748.2399883966,116245.75791552622,160855.85313117373,155407.82322594704,0.7090607798318567,-0.11111941588019503
2021-02-08,100482.47585181643,74729.00195650446,116341.82611009212,162017.52236601492,157117.17583264277,0.6085153434152718,0.197113145863018
2021-02-09,100209.85545147263,74471.9670753371,116067.94857314485,161909.655618561,156992.33420623702,0.7058661582162105,-0.10816355629069084
2021-02-10,100037.3093957525,74289.9588663236,115909.58555370932,161839.13419540614,157487.2894526992,0.6070874132820611,-0.010533355061156184
2021-02-11,98932.15999155548,73414.96341721552,114671.03382282928,162100.49678713336,157569.33133123006,0.7100900166727551,0.08677418003246173
2021-02-12,98636.30650589777,73141.61139685375,114369.74513064692,162901.2204553136,158401.17720837815,0.6021954315969715,-0.007275806450935779
2021-02-16,98333.20553737783,72870.88763685839,114053.74019955663,162760.2049481871,158443.03771973166,0.8014282048784227,-0.011401125984624214
2021-02-17,99164.16947190271,73456.68316070079,115040.56004243135,162797.5366028946,158431.09894206695,0.7929846674906857,-0.007679599129606293
2021-02-18,98905.57095311486,73199.20606039399,114791.97879882259,162104.6523429851,157621.41888263743,0.30012570168126235,0.09946190774918287
2021-02-19,99930.3213592975,73896.94874174324,116028.32527722261,161818.3700857391,158752.7705057166,0.8887661436066872,-0.09017199479207681
2021-02-22,99860.37005076006,73772.12583868549,116004.4065661724,160573.7264297795,158893.64833127242,0.10080012607215036,0.10080012607215036
2021-02-23,99038.15153608721,73088.62771169361,115108.48580023655,160768.68214542873,159387.58112149517,0.919761004525072,-0.10875068463827317
2021-02-24,97671.09208690164,72032.79135652247,113556.40883666606,162540.27488865264,161699.59185221742,0.5138617908627855,0.2963447980965288
2021-02-25,97986.4674046956,72218.63751482032,113959.46492819596,158623.7591855384,158046.11217267203,0.8771163987558106,0.11052218866687509
2021-02-26,98085.63082598135,72220.5493293414,114130.74108834048,157806.41329395125,157009.06950479138,0.09828815591798257,-0.09828815591798257
2021-03-01,97358.60055542816,71611.2644120225,113342.75911389725,161631.67080342682,160499.34543047124,0.9179511357235054,0.094546427440006
2021-03-02,97333.70421377367,71555.44435044887,113343.07346227948,160370.44593283514,159815.5529202451,0.6086022418866593,-0.009789047661842548
2021-03-03,97299.24478294404,71478.7290018991,113343.27175697935,158246.20506506212,158887.18718824975,0.6990634721265578,0.09221488945651321
2021-03-04,96698.2962949063,70992.52235904144,112678.19805151717,156287.9403787092,156600.0882262199,0.6953027257135683,-0.11719116866149426
2021-03-05,96076.6568618712,70498.71420639526,111983.02505145644,159163.10659239977,160218.75912058703,0.8201587926150197,-0.016563491715436942
2021-03-08,95461.20045737716,69981.13675602768,111317.76667066495,158370.6803663314,161169.63899013915,0.31225482888655104,-0.1123296079837557
2021-03-09,96034.27039708529,70337.66327862206,112036.13714612693,160631.822194154,161698.56069203795,0.8058437931929516,-0.008376998344372921
2021-03-10,97153.66711145808,71106.36310605775,113382.41531796397,161631.67080342682,163343.83180042417,0.49194272731195365,-0.0943746454356794
2021-03-11,96849.25972824352,70811.67755090282,113084.19735186199,163270.477133678,164383.95999944425,0.5015236574337295,0.10009401484409985
2021-03-12,96810.05928987674,70717.71319381865,113090.1963827707,163490.36618443765,165479.02223543625,0.6011446586884237,-0.002537610872900353
2021-03-15,97557.78511106467,71213.19771837158,114003.8448632467,164465.3634761498,167083.96229632117,0.7040012294902,0.10576115023505497
2021-03-16,97165.5189633283,70874.91989518474,113586.53105504111,164257.9000841705,165625.00262758875,0.6066455599873272,-0.2074875299571539
2021-03-17,97356.19353270702,70975.94087296126,113839.33883616954,164818.01160069893,166390.16512094045,0.9173227820784394,-0.10451508148285414
2021-03-18,97574.33397827626,71097.92851585147,114123.73721317254,162419.92780405187,164866.93079217547,0.6038040635060087,-0.0071531149434412265
2021-03-19,98132.2060308806,71453.45621039036,114816.6393241113,162119.4018323404,164698.75359873485,0.6958841992784391,-0.09933848198887009
2021-03-22,97827.95267503694,71174.03155967782,114506.98165666177,163413.95316729564,164844.0095748879,0.49266728668629906,0.29603502871923176
2021-03-23,97157.9875884903,70634.87321593717,113763.93006760323,162127.75395281872,162486.25930999962,0.7974821596692055,-0.0147020645045231
2021-03-24,97467.68564154627,70830.4103872178,114149.8031206311,161303.61427419767,162305.86021565873,0.8016685035412252,-0.2086689707995335
2021-03-25,97186.99094933327,70575.429809119,113861.75385638198,162210.98809617787,164301.78680167065,0.5064493477344139,-0.10320938511089534
2021-03-26,96453.16585088668,69977.26644086491,113054.28380993404,164825.03777079034,167375.02481529146,0.6164841090601338,-0.001651420851361068
2021-03-29,96986.03062884997,70313.39072488979,113719.16268502874,164741.78995783956,166531.7971614624,0.6978157374618986,-0.10076377625365404
2021-03-30,98286.19777298703,71192.69078462837,115294.65605853293,164304.75944423542,166800.68872129207,0.39786812299843227,0.20543226250354743
2021-03-31,98584.24881648594,71335.89597595946,115702.65044589769,164970.72827825,166657.50964291653,0.5956841314541799,-0.19705635026217982
2021-04-01,99683.39670507457,72080.30067336175,117033.60555585455,166752.24514498824,168440.29308454768,0.692602598561024,0.10904411039992871
2021-04-05,100548.85474859393,72647.11684460708,118097.19447185693,169145.6676108937,170158.0665928762,0.4949040923523053,-0.09240272195943708
2021-04-06,99461.38698527156,71787.40400960282,116879.79205492254,169045.75656576117,170340.5280721728,0.5063790686491714,0.09533071046520969
2021-04-07,99919.8369458233,72073.14891812945,117454.69176758356,169241.3957609913,169737.25391249984,0.8962374218191248,-0.10070504502790319
2021-04-08,99982.96713968414,72082.09404974562,117558.44022917992,170044.7439907621,169977.93401766257,0.5975425127219878,0.19556476550078558
2021-04-09,99550.522578618,71725.16417842434,117086.30214538709,171281.0355262434,171039.8145534466,0.808018142715771,-0.007439171181165953
2021-04-12,100218.77728939152,72161.86536465045,117908.41447367691,171343.43721197743,171321.4980335353,0.5967315392595628,-0.0010155692217204686
2021-04-13,100237.91521129008,72116.55164749175,117978.81883446721,171851.24887097717,171048.46361414893,0.5951559569998606,-0.004910089621050368
2021-04-14,100954.46302193265,72573.85482942703,118869.41031226012,171264.34495487838,171324.44723571706,0.594642711487365,0.004376226690730747
2021-04-15,101218.89304728173,72705.24365295818,119228.56598044888,173104.13529068217,172668.33313155864,0.5978330485446134,0.20224673741190355
2021-04-16,101200.57864406114,72632.7566719523,119255.24468243381,173682.71442548587,173443.2788771169,0.6030398710723335,0.0033605360872623826
2021-04-19,101366.0539970718,72698.68356412626,119493.11341969634,172829.44484712783,172622.79236364292,0.7006141406797015,-0.09730883269398562
2021-04-20,101469.73349799908,72713.27630875923,119664.1616223011,171564.02341190955,171301.07056176904,0.49805255475258203,0.10213788070752582
2021-04-21,101546.99556811893,72716.3711899579,119797.78896043307,173187.451451591,173541.3447326962,0.8182045631530768,-0.0009955931235746784
2021-04-22,102048.10152572204,73029.61117686519,120425.9768370745,171605.6746575682,172433.59756758888,0.6000700803706208,-0.2019193948790231
2021-04-23,102640.89354329274,73388.06609845364,121179.57101072485,173466.29745099708,174285.38607296062,0.5092145338393137,0.3038895257303403
2021-04-26,102312.82433856875,73084.7877780926,120848.31257136393,173828.40493294553,174555.86030283553,0.6070875616431987,-0.4083797309765289
2021-04-27,101684.99493446335,72597.35674450666,120138.4339642647,173790.93658232188,174828.00107863525,0.914859042096984,0.0882766508506385
2021-04-28,101184.15483246549,72222.53230854178,119560.34817697108,173741.02890332625,174793.4386662364,0.923600093850649,-0.11863518196002588
2021-04-29,100865.04538244935,71962.96879511635,119209.05680182783,174848.21114597996,176066.02574149318,0.7240744381942745,-0.11602131845120728
2021-04-30,101482.27345935121,72358.53025972104,119975.12025312256,173699.37765766765,174773.99003575952,0.7157984079213664,-0.1125928765646556
2021-05-03,101177.0107483973,72087.74254151825,119657.84253341652,174074.03382472097,175903.08399343566,0.6197056004108533,-0.012818016772283907
2021-05-04,101277.12630998106,72091.60918133942,119831.92016233498,173000.09602888112,175540.09251101554,0.4984030521172079,0.10131836378477845
2021-05-05,100129.16237258524,71214.19927744867,118523.2103452922,173054.21394209494,175963.44653276922,0.7081115546028728,-0.11270115970058338
2021-05-06,99438.32129073603,70670.66628173969,117748.48409410391,174436.15497626105,176846.5706473382,0.6133653131279688,-0.018449235489001955
2021-05-07,99300.09364117043,70513.1288175968,117633.91264689376,175705.66361937296,178705.79056809147,0.6038409230679701,0.19792859776427224
2021-05-10,98385.32524317564,69797.67097243191,116604.77022845595,173965.78432870173,177998.23156621057,0.5052678332168719,-0.10444784682208244
2021-05-11,98821.46215428489,70056.18783614047,117163.692845118,172413.19211278233,175997.88347990182,0.8127293308918597,0.001565648628390973
2021-05-12,97307.91516226038,68931.6384574212,115411.93621565812,168750.24733417333,172013.1179440543,0.5083827513047435,-0.11486014583676459
2021-05-13,97572.57852950043,69062.1392182489,115773.12355027712,170777.35208391215,174512.23656032115,0.7192299155567196,0.09970583697281676
2021-05-14,97499.19151899693,68945.2946131948,115740.03393235503,173399.71287022808,177242.8297056319,0.4157244753361485,-0.20949115913109795
2021-05-17,96281.97368672944,68026.53116965262,114343.28842826199,172958.4721224057,177092.732113776,0.815164927936212,-0.012627200728869126
2021-05-18,96557.75685528346,68192.41596681882,114694.6617166341,171468.33627058682,175554.87415274561,0.80583035514964,-0.010058214495822664
2021-05-19,96900.12875357523,68379.19218041855,115147.20879936991,171018.7570718778,174602.806334328,0.3980356758670319,-0.1993597582218188
2021-05-20,96671.35450326889,68161.84912560516,114922.04745459615,172858.5747468648,175892.43888006144,0.8091936601329429,0.19825677174062947
2021-05-21,96918.59378913906,68300.05603557767,115245.91484163218,172717.03979525686,176117.2311322497,0.7029089704956757,-0.10422446231797575
2021-05-24,96503.44038908526,67958.17159364698,114793.4780561426,174477.7515435532,177227.95440746445,0.5993249559844196,-0.008868907109423011
2021-05-25,96787.90466059427,68123.94331398819,115160.78887355074,174090.68338731115,176412.2501373811,0.7002074868408091,0.29374512236489625
2021-05-26,96902.95982228815,68141.79363484622,115350.51249906303,174436.15497626105,177142.81566741335,0.4003418935028532,-0.4003418935028532
2021-05-27,96375.3117758684,67714.79779731561,114769.40363759609,174527.75490969012,178065.69625261,0.8145673286729976,0.19413232413279113
2021-05-28,97274.57373936579,68311.0491664865,115869.86043281997,174839.9000342765,178233.2875524584,0.7019057047056093,-0.2978177623773207
2021-06-01,96951.37803697205,68021.47368656441,115537.79181064767,174685.92575429662,178842.43162097243,0.40323723583820476,0.1981886923341497
2021-06-02,96960.56137142095,67964.66298555926,115601.95237087735,174960.61619785093,179039.8723839786,0.6997798520754879,-0.09739442859096163
2021-06-03,96805.56927816063,67813.83452648387,115452.54043358096,174311.25591765164,178713.96786802026,0.7079108032358502,-0.1059644869573687
2021-06-04,96528.31682403876,67570.09122371316,115163.6439918676,175905.5267184129,179600.66571523735,0.6074257107446478,-0.00969731250887709
2021-06-07,96236.9462390482,67311.03522791852,114862.72592324184,175734.84819747639,179236.55003054265,0.6019473565198309,0.19959406560710077
2021-06-08,96438.8008066557,67397.16207596028,115150.21536951888,175772.30287850843,179557.39880691288,0.6005158321724965,-0.00016277017754412812
2021-06-09,96128.85895174064,67118.55041682503,114832.8271233226,175510.03809373445,178741.58126091788,0.49826926835913465,0.09746515844050467
2021-06-10,96181.1743699437,67106.37217337854,114936.51123437045,176325.88033024367,178979.31961302142,0.7979472821766755,-0.005895556131814874
2021-06-11,95492.42521451274,66590.39500124252,114143.2986845203,176617.261345163,179580.343985218,0.7048331487725576,-0.1135969543550186
2021-06-14,94784.73846761222,66066.98599397414,113322.42302648646,177012.72263065822,178926.11422468297,0.909789028748092,-0.122902393702682
2021-06-15,94693.15564114964,65962.09002488366,113247.72892523027,176688.04249055858,179065.69912114373,0.5096676523569429,-0.11497753027082339
2021-06-16,94524.8348485421,65797.39738623492,113086.68021132887,175701.53540270447,177824.63582794982,0.7951150305166665,-0.00955296492898894
2021-06-17,94692.81493982628,65867.69120503176,113327.43184344989,175643.2482640473,176086.4843475908,0.48251033707470864,0.10190932876145029
2021-06-18,94676.51872850576,65803.53445611798,113353.00444450643,173273.74758347252,173123.03027015706,0.6892331531168343,0.08985848691248526
2021-06-21,95415.2515640143,66289.28363129433,114260.73862115921,175754.34103512298,176462.91814228162,0.8976990623435447,-0.09846942802399423
2021-06-22,95149.15273150838,66050.493196946,113988.2576243573,176693.93408454573,176714.93142907182,0.3065460533039736,-0.10323879124164465
2021-06-23,94893.76818749779,65818.40174952438,113729.02369851393,176481.00285591942,176432.63329000355,0.9049476895704612,-0.10744124532869144
2021-06-24,94652.10429685625,65622.92996472692,113463.06625600671,177525.0042461169,177565.30864157408,0.709697717620741,0.09048607100227414
2021-06-25,94670.18360942834,65587.85637019441,113525.50047899788,178155.60984661692,178853.53198413152,0.6016474938391416,-0.0031595979042262088
2021-06-28,94676.42356396929,65551.3790522397,113567.92887653613,178514.73735759276,178080.06052077058,0.7995448128646441,0.19830226847943713
2021-06-29,94504.58494116084,65384.52604559246,113402.76889082455,178610.79357788916,177908.0889399606,0.49915208837449104,-0.30465210383381697
2021-06-30,94809.09964376161,65548.86029914644,113808.02087178151,178761.10440731555,178312.30743086245,0.80166308449404,0.19539954868509612
2021-07-01,94952.89302474435,65594.44729471486,114026.92535051997,179750.86485797467,179605.645683904,0.39987172058873177,-0.1991811658513795
2021-07-02,94613.13263047594,65293.33359292196,113676.36491649493,181124.7818418613,180062.72748101345,0.5985760342167432,0.19761180718967025
2021-07-06,94417.1186534112,65110.93765984533,113481.51585318381,180794.8525785805,178554.04571985864,0.694225933922534,0.09603221610169606
2021-07-07,94082.24562762905,64839.20833454754,113114.10099191437,181433.82396915046,178987.86659126508,0.6927129006791815,-0.10824751008944772
2021-07-08,94194.83206061237,64870.86903035462,113289.25093435853,179955.4849748975,177137.13557565113,0.5980674140967992,0.19666834008073683
2021-07-09,94715.34432719841,65176.39174086507,113961.03873806355,181876.4590153178,179992.59200823403,0.5968569479553979,-0.20038286532910154
2021-07-12,94388.72315324504,64886.20592828716,113625.05517979359,182527.96542140105,180454.87555543307,0.4019827819568075,0.1977970004320409
2021-07-13,94675.20307880313,65035.63838952977,114010.94331543239,181905.71194137933,178765.8276337085,0.8906185403334966,-0.09990779473888577
2021-07-14,94773.13736142113,65056.63443619304,114169.05002653229,182177.12168294544,178551.6571455095,0.39959011797238503,-0.1968049821788943
2021-07-15,94482.45421363255,64804.10191892479,113865.00384906903,181554.95022047343,178122.26945411143,0.8033521927550008,0.1997303493527209
2021-07-16,94860.06376821097,65034.90267571852,114344.26617573458,180130.85216575884,176675.6946346113,0.7876987187981868,-0.20110597586491985
2021-07-19,95263.30648705024,65267.03120762699,114869.05336255675,177470.70862821204,173357.7316101719,0.486369104923531,0.09692782635636757
2021-07-20,96875.63539616374,66325.11664637293,116853.68502574574,180013.9361486541,176808.38137777653,0.7922970422836502,0.013415572443866972
2021-07-21,97023.62925995608,66366.06917943784,117085.19597508205,181471.38800691545,178637.41730048982,0.2980057782052126,0.09969524017195484
2021-07-22,96805.3542120222,66155.59827741039,116875.24835051778,181851.40265388286,178087.7081783858,0.8066405443005688,-0.0015336736663670817
2021-07-23,96953.77004533052,66209.18901709364,117096.28608881187,183722.30498020814,179538.06661543206,0.5040939843605221,-0.10192673445353116
2021-07-26,97396.26461825345,66464.0654941795,117672.1635779999,184173.319486037,180198.03075101099,0.8072782488490184,0.2001009768042565
2021-07-27,96763.26364738338,65983.62581677167,116949.76269089301,183333.9382127624,179908.60252264375,0.5063296836863193,-0.30480287226430053
2021-07-28,97219.72685671733,66240.46529094098,117549.28618146878,183258.75545886598,179904.18264040683,0.7106598529922408,0.09975348523511308
2021-07-29,96021.12872462394,65375.157400914446,116142.69561362898,184018.79842239243,181272.54516522976,0.6164627363692896,-0.21762652040250433
2021-07-30,95755.00498467387,65152.75117861385,115857.02694197337,183125.1352008046,180702.82453022987,0.8114630969164004,0.18787758710675487
2021-08-02,95739.29216378355,65114.209086006216,115862.29281136149,182740.89665002737,180381.59884809365,0.8076094039895697,-0.013789132085164305
2021-08-03,95540.93903027888,64945.07425539922,115652.30043918673,184227.60143435025,181840.1807219729,0.7016120491589007,0.088094770933548
2021-08-04,95884.4974556943,65137.80535897655,116103.99743272753,183321.43053643237,180097.43097395022,0.684227202008164,-0.10116408220507597
2021-08-05,96787.20021244205,65699.03845354082,117243.1216889438,184482.33427414298,181464.71802479276,0.491630929673405,0.10328655866586917
2021-08-06,97008.20510550207,65789.15754975748,117563.89270504913,184787.22084558042,182344.09529490903,0.5982443545248212,0.003200583367455933
2021-08-09,97063.00139145147,65766.1758809854,117683.64342659707,184636.85533778757,181959.46323956328,0.4983202460556292,-0.09816613938926824
2021-08-10,97440.30538924778,65974.17765569201,118183.24026546776,184866.53181614535,182831.60909750266,0.7976993497681608,0.0014406718847489875
2021-08-11,97561.00281974953,66015.25230472462,118365.53668919737,185325.9257816358,184062.87174003106,0.6012631271411478,-0.20715257240181073
2021-08-12,96819.50890047217,65459.88977525972,117513.82071598101,185881.32128905616,183982.32658231427,0.5952804063193824,0.39273948082481674
2021-08-13,97013.73828339162,65550.3980936771,117785.71401759482,186219.61634240687,183909.02973430004,0.7906423421249305,-0.0045266155397760185
2021-08-16,96507.6064399204,65167.61475330351,117207.45407017741,186658.06849353923,183975.3757826342,0.5973230723296326,-0.010052057102883767
2021-08-17,97015.50117623075,65464.43675079863,117865.28370751059,185434.48967826224,182470.7267433706,0.6977361930589006,-0.10282950984645992
2021-08-18,97757.9812025935,65918.98484892836,118808.76236153948,183404.92440203225,180567.04746224923,0.6014872949438959,0.0009359235248321423
2021-08-19,96893.45328957424,65281.44919555807,117806.72246786472,183688.8964982949,180110.0117971343,0.613205313672803,-0.20666817223357323
2021-08-20,96989.03517942358,65305.02006996746,117959.27753941053,185150.503912408,181414.0943368088,0.8046821101564632,-0.006127374390782164
2021-08-23,97232.51261403695,65415.43361495436,118303.55230246994,186779.1947448622,182804.88506445862,0.39787920056082116,0.1997374232136547
2021-08-24,96304.38500609904,64737.146588498115,117222.50340881578,187075.7018566381,183723.6380329222,0.8140281721632543,-0.01024677786399253
2021-08-25,96124.06061238206,64594.283370716934,117021.97920065187,187468.23784952718,184728.15352864427,0.9195827199528139,-0.11287353348195905
2021-08-26,96089.13506686347,64550.354888605325,116997.61823084684,186361.58872094657,183369.0926010286,0.81124828001658,0.18766478341551135
2021-08-27,95864.62801382679,64358.384943974546,116761.00184503541,188027.85726075736,185344.7116868053,0.6205521338976984,-0.21518524623473734
2021-08-30,95907.72125127351,64334.635655431586,116860.88428686328,188854.68984892708,184973.5530299295,0.6107569474882302,-0.014997454430261875
2021-08-31,96193.52305693102,64473.252511874685,117257.0505034434,188574.90064769943,185041.25443226862,0.5992736074495341,0.20151693862869588
2021-09-01,95627.11556260622,64027.95338613064,116625.92442249903,188675.12609343918,185004.3574996376,0.39716401760575987,-0.20588455402670794
2021-09-02,96021.95660890295,64252.04232698877,117143.57420049758,189255.6053014777,186207.71234386816,0.9943543220952535,-0.0014397244096389114
2021-09-03,95890.17087468253,64118.40929695052,117023.93807958122,189209.64813445957,185520.78654457198,0.3007241674911121,-0.10466286520889634
2021-09-07,96157.05638623182,64263.12800391189,117379.85541263747,188533.15371489947,183924.9676924985,0.7898302891512982,-0.20106016697888038
2021-09-08,96621.63793032164,64540.74551630825,117976.60941230386,188303.44989735846,183812.79185976676,0.6970713301913383,0.09996749300800674
2021-09-09,96432.92334091669,64355.41266304395,117799.93251111673,187497.46343640547,183371.89651452456,0.3974144425500505,-0.2007152169008423
2021-09-10,95547.80995301335,63711.86249777053,116766.70748971705,186019.13811174413,182054.434122843,0.8016214548764664,0.19083117229003702
2021-09-13,95541.95760356898,63680.61766691411,116784.0088024404,186495.2363181912,182783.08924582702,0.8048112036812024,-0.21148366283308767
2021-09-14,95445.16985306729,63576.52129691255,116701.57832188255,185488.77162657547,181349.44162900274,0.6078595317782892,-0.008246334260424494
2021-09-15,95868.6658206413,63812.153670492895,117261.41460955,187038.09681009827,182962.6942959855,0.7083075600951111,-0.30156422828362645
2021-09-16,95673.21495484243,63617.762850808125,117081.33739618023,186741.60336791398,182591.5356459819,0.29807415017807815,0.29807415017807815
2021-09-17,95977.8022495468,63767.40313601325,117502.1690621541,184922.5361330024,181114.94839320198,0.8890374747366003,-0.09800644570936864
2021-09-20,95991.62917721758,63731.92425244958,117559.84172028076,181839.1000214271,178395.35939184565,0.3969128916959737,-0.19601888129360864
2021-09-21,95564.03144547781,63395.74514372615,117083.90777553165,181667.34160275277,177820.04485638,0.792395503757685,-0.0025595317791310334
2021-09-22,95934.74579959919,63609.24594760897,117567.76260507366,183439.48112964138,179854.87289831447,0.7024695899431195,0.3005094805174024
2021-09-23,96110.92942889582,63673.734240766644,117831.51507790557,185668.28070369692,182363.4969832697,0.5069915373952278,-0.30207045664541576
2021-09-24,95717.41905538451,63354.96384970529,117402.5180971405,185974.09680736435,182560.74332830898,0.605107741739603,0.19162067975955463
2021-09-27,95203.27263502101,62980.909534504885,116802.67036897868,185442.04896242672,182942.0561348782,0.8952215160532816,0.09087520217755547
2021-09-28,94852.50567935468,62704.22806315588,116413.41869656702,181705.02866684232,180195.66333033302,0.39552264682156063,-0.002769956235356991
2021-09-29,94431.93354659632,62380.5967089552,115938.98152593941,182010.8857792846,180518.37063569136,0.9004482537426902,-0.10580808058038671
2021-09-30,94108.0811472213,62134.53352710592,115570.84306237189,179786.2827698557,177622.06466620552,0.5922465642346847,-0.008254922110546991
2021-10-01,93290.14832796885,61543.409514427134,114613.58538746703,181922.88094845094,179838.74564853782,0.6060268270020841,0.1959781994165828
2021-10-04,92794.84880622567,61171.42158411412,114046.70286221131,179576.83728709182,178587.99532022682,0.7015935459582776,-0.10201894003284924
2021-10-05,93023.83968296475,61278.37102179015,114368.89609541374,181445.32009570082,179975.77807245456,0.5928951232676035,0.2021058271357304
2021-10-06,93074.64118872923,61262.13271496123,114477.34380476069,182199.41678687363,180204.88932288552,0.6039695319710582,-0.00047204821713968105
2021-10-07,92924.771825166,61106.78794068105,114345.59577359947,183774.6595161033,181731.09793899066,0.5043379249718034,-0.10228399712645336
2021-10-08,92116.54594779176,60524.93744489335,113397.69411815051,183439.48112964138,181228.1597849351,0.7100994425480207,-0.1145284066447187
2021-10-11,91985.61385986386,60413.03156784088,113260.272660727,182111.39828644836,180203.71145928843,0.9032620925910531,0.08738771245297923
2021-10-12,91881.53202817228,60312.854682816345,113161.55956518554,181663.11769894295,180315.29571792955,0.5984847930908785,-0.006900322138211538
2021-10-13,91895.94950317062,60273.09318025579,113225.1117564264,182316.70188295207,180639.03961293746,0.6006168994795426,-0.004189602236232875
2021-10-14,91990.31676146327,60291.61348852013,113381.74326689441,185383.36540561265,183773.6140679766,0.7140493956327806,0.09685232329077326
2021-10-15,92000.74946929404,60260.005631529755,113430.23855920695,186795.2565150128,184467.1821462711,0.7065706050350018,-0.10196278982790659
2021-10-18,92268.5476067082,60403.8028260679,113789.68886904513,187348.24617430847,184537.5394545691,0.7995679297723888,-0.0018378363553873218
2021-10-19,91915.86098418751,60135.24955585574,113389.83738654075,188793.60044398834,185599.80136691828,0.6016706343153921,-0.005662879789225263
2021-10-20,91807.92380449391,60027.10409579294,113291.58767622791,189535.1621196479,187013.9412455594,0.8064274281614146,-0.007355884021363622
2021-10-21,91525.42809203226,59816.731344547086,112966.71791646606,190029.4682221295,187359.98487456245,0.8145714212437961,-0.01007978513485446
2021-10-22,91478.3243306371,59760.1473515966,112932.32549271412,189832.59876365378,187870.33267885732,0.8149380572720248,-0.21254073283075386
2021-10-25,91386.02603233074,59662.646329374125,112853.24985113901,190850.62792977795,188236.73780947484,0.6040322057398945,0.19424744814281528
2021-10-26,91579.0474057185,59745.150405864275,113132.27779767846,191022.38634845224,187900.29011369537,0.694444644929613,-0.10003824703881414
2021-10-27,91440.28663069196,59606.1183178751,113006.51559316709,190176.08826181915,185513.71500692284,0.48925430647438245,0.0964221296334191
2021-10-28,91125.47723450825,59346.51691337258,112668.6335771553,192011.10791014842,187464.02934414073,0.6023780087275484,-0.004821692966709622
2021-10-29,90531.34694525052,58922.81340692847,111968.580226772,192400.7732887978,187129.76270238656,0.8191324832319905,0.18904835237563225
2021-11-01,89769.12816362783,58394.79857112909,111055.56926561016,192731.70043226666,188557.76472051456,0.7304304149760902,-0.32384307051281075
2021-11-02,89317.6388614784,58069.77666420521,110526.43824816894,193510.94917201574,189214.10295024313,0.8260043050214823,0.1853968968122109
2021-11-03,88440.08667289415,57456.29079786211,109480.97601492397,194692.35729715266,190392.41452438053,0.5138251951106977,-0.11205147929036055
2021-11-04,88447.41916422601,57419.360510171,109529.30987628204,195609.88762570472,190048.77684880982,0.8065715909948604,-0.0028581127659855375
2021-11-05,87826.31442637274,56974.72271264578,108799.37762397595,196288.52817114876,191578.1378281493,0.5121806869217648,0.08336163623558401
2021-11-08,88038.33330644335,57076.312060851444,109095.79080377561,196456.13103397132,191813.98556464113,0.9136391262128984,-0.11613134169029361
2021-11-09,88389.04090964101,57262.748025981215,109569.21565552216,195806.78442336366,191780.43163979636,0.40782705748345394,-0.008359492208544187
2021-11-10,89548.55135845384,57961.48191987496,111056.2877895126,194231.48701576752,190662.84412082643,0.6965111716364223,-0.09257535894130899
2021-11-11,90075.70764133192,58249.58525687209,111760.6503263793,194294.33979802494,191028.71056560654,0.3978088505328884,0.002912856204738918
2021-11-12,89720.49578711682,57960.45374221372,111376.55870595889,195760.63588206287,191957.9080244931,0.6042463293568552,-0.0025914216359533408
2021-11-15,90258.4853119336,58266.10046527797,112084.19776573978,195827.68522894685,192283.44698829894,0.6888748550609527,-0.10107502066492356
2021-11-16,90095.9674352325,58108.82427685821,111932.57962777298,196602.77841284423,192570.82716095517,0.39945464717175494,0.1952434549357242
2021-11-17,90073.64562599624,58046.283646232616,111950.63148049025,196125.149212136,191579.03217509438,0.7976044013605325,-0.20253966526762363
2021-11-18,89312.69706010554,57525.43427380991,111033.87436813719,196791.32309002485,190899.9958783948,0.7079667040982893,0.09197681204697049
2021-11-19,89343.58595536533,57514.88989194155,111101.06876446637,196439.38578423986,189816.09725715517,0.8084502858340091,-0.20860292535557337
2021-11-22,88789.20737948577,57110.7309079796,110457.16946245247,195886.35511616932,190125.40140011284,0.3991733825723267,0.19433856776689723
2021-11-23,89288.42308470384,57390.44573341408,111117.68058087441,196146.1183656773,190787.39357087755,0.9029472240821543,-0.10073569040466339
2021-11-24,89154.62741307558,57268.54757371923,110985.4360290508,196669.75941177012,190792.12305548764,0.49492300801848155,-0.30050424993311553
2021-11-26,89540.10295353197,57471.519837779975,111508.3178332476,192283.44718394452,186000.4238587284,0.6875023204439276,0.28939945113985177
2021-11-29,89448.20611898997,57365.07503720178,111439.39582583704,194642.08053918337,187505.42761730822,0.5000221824377526,-0.30579712616091076
2021-11-30,89330.15526741839,57248.18121560441,111331.9825211597,190854.83816399614,182710.62112089858,0.7893795325419767,0.19375843462596476
2021-12-01,89237.2829592017,57141.02184139277,111262.16319576811,188734.9442263575,180326.45510974582,0.39220187132820666,-0.2108573331023193
2021-12-02,90173.0883145406,57735.25466167377,112433.58455963369,191625.6527657172,184717.85358682895,0.28915269383274256,-0.09891218544852337
2021-12-03,91046.42885671984,58236.161308034505,113578.88447920958,189958.2769889854,183912.96804939833,0.6879460475932384,0.1097887850864201
2021-12-06,91024.72234598061,58187.337494620435,113585.82660230699,192208.04571658222,186667.86919708055,0.10183605663945726,0.10183605663945726
2021-12-07,91999.2479997341,58750.316621040874,114859.86657925582,196183.79176017523,189725.90058185664,0.8975146866765854,-0.08930502215979799
2021-12-08,91479.8347587341,58370.640900470855,114257.98767130633,196703.29092000794,190361.1662046831,0.30820805417246916,-0.10521772459577591
2021-12-09,91530.90432134105,58354.871022989944,114368.51922584834,195375.23541599815,188989.09473416675,0.9075176987022867,-0.10574198938846932
2021-12-10,91453.43540895554,58257.85929857751,114318.3026630072,197214.3969505875,190122.89109326294,0.3018838185396589,0.3018838185396589
2021-12-13,92449.75640189563,58844.017090948895,115610.76290188349,195467.38213309192,188745.82183085248,0.8806215239499795,-0.08727817599518294
2021-12-14,92705.2350493469,58955.139841738746,115980.75803407544,194122.6360577171,187674.34484035813,0.19397396442126566,0.19397396442126566
2021-12-15,93146.51682777854,59181.170260164436,116585.93261129476,197155.7680721399,189784.44879664952,0.9029808989693238,-0.09751216491729575
2021-12-16,91639.16234506755,58185.99336615286,114735.76854323424,195417.16005348912,189521.54035313235,0.509192063465452,-0.11451545808536631
2021-12-17,91927.12442333711,58326.92160802744,115137.13608381356,193337.34535847307,187775.32347087617,0.8051250733105024,-0.0047792719380674005
2021-12-20,91959.42892878113,58305.98750288886,115218.20799883247,191281.5071271542,185218.00010540392,0.4904313052709432,0.09551349886624128
2021-12-21,92783.66137760528,58780.98393847143,116297.44406379634,194678.48266166085,188926.54564380998,0.6995374815860599,-0.09087103476789715
2021-12-22,92783.41492123855,58733.28770329261,116343.8971050797,196625.03250799756,190300.34422536817,0.5025283567456373,0.1000054917025722
2021-12-23,92509.37678917439,58517.243224500104,116041.94508902066,197848.44728817514,191581.3130132684,0.8074583196762446,-0.004699185681188913
2021-12-27,92861.63067981356,58710.230405235576,116513.12391591229,200648.37606960282,194002.96478403095,0.5063728378018,0.10185193398049781
2021-12-28,93101.98790832772,58813.79759277311,116862.2252840751,200484.46399651698,194298.7297778729,0.7016312910462662,-0.09591762987054299
2021-12-29,93219.16767902684,58834.11574197824,117062.34813330907,200740.87819607867,194881.58373578053,0.4009390898979679,0.0007542664646375354
2021-12-30,93284.00351074287,58838.365004360356,117179.7621713769,200185.9337851817,194568.87790681492,0.3986182074091015,-0.3986182074091015
2021-12-31,93253.15502088203,58795.12090743619,117164.54709483412,199681.38915857853,194696.34782653442,0.20237156418629668,-0.0014369035143221502
2022-01-03,93184.75536400538,58745.44863461154,117084.8986044054,200837.59055677272,194782.9549466254,0.300153858967593,-0.10219135416919513
2022-01-04,92161.78964171096,58052.2185588009,115847.24285021894,200770.30882683123,196349.4857795325,0.9158272521543693,0.08813745175111343
2022-01-05,91614.95134778637,57682.90710653846,115184.17473888287,196915.07390293837,193205.62754457275,0.7063059029522819,-0.11368456739902467
2022-01-06,91471.56143551623,57556.22338027476,115039.85036890462,196730.11065876155,193665.3598141679,0.7061638442872202,0.09191519721297187
2022-01-07,90374.18054910348,56823.67565977939,113701.34755222435,195952.35190449876,193118.31877262512,0.6164672785661757,-0.02316285272655155
2022-01-10,91788.83626924953,57682.94338272419,115510.90497030145,195708.5000596336,192193.47664029617,0.8875645784860671,0.10439551786267985
2022-01-11,91531.6105739161,57469.27413817424,115238.96154694134,197491.04214574312,193906.1907954472,0.20294525334779645,-0.20294525334779645
2022-01-12,91435.90734274639,57350.50083533504,115176.9406071046,198024.94905514075,194081.1466252995,0.7964282571539838,0.19948627925781331
2022-01-13,91933.4217962838,57627.11884948701,115838.72684611555,195296.48489868952,193081.73432897395,0.5924948222231401,-0.19640698306742765
2022-01-14,91920.0565474588,57566.68885657494,115873.90858849844,195376.35632251078,192678.33071900738,0.5028150449850524,0.099511943496921
2022-01-18,91445.50732070615,57227.623403681435,115317.36182594756,191916.32296187244,189390.13087280781,0.7897748284787913,-0.005718610021322099
2022-01-19,91230.43395884297,57057.983645485656,115081.05480417496,189923.54255668522,187458.6687638508,0.592741370081713,-0.00794479313288448
2022-01-20,91373.94777474123,57095.92771713686,115313.94740761105,187821.47376651585,185149.38442831495,0.5053915125587094,-0.10252526335895337
2022-01-21,91237.25289868886,56963.2728780158,115188.65045696576,184134.4021587019,182508.75965177736,0.6962948403578096,-0.10113065118739449
2022-01-24,91519.05862475946,57116.53532154855,115567.10472033298,184916.38481677452,183886.5399151918,0.29781719398345563,-0.10258214075737358
2022-01-25,92389.43986251112,57601.95138489727,116724.2674087525,182658.742404406,181921.38846867078,0.7048054413376698,0.10837941205925627
2022-01-26,92393.27321527878,57563.410405966744,116770.51941419249,182200.51035420303,180685.05628727603,0.0,0.0
2022-01-27,92393.27321527878,57563.410405966744,116770.51941419249,181300.77783393703,179478.9349395944,0.0,0.0
2022-01-28,92393.27321527878,57563.410405966744,116770.51941419249,185803.4592952027,182566.90960660038,0.0,0.0
2022-01-31,93477.13693744938,58179.38946356301,118199.90909792518,189149.96669745742,185781.1413506181,1.0118135212115835,0.012099080947135427
2022-02-01,93536.11850633062,58163.08334191591,118328.26312205913,190428.04617451353,187158.3282212922,0.1017001771378846,0.1017001771378846
2022-02-02,92914.79342189689,57716.63540468224,117602.76639456637,192277.8973297478,188483.46407709108,0.9153883236664649,-0.10577002315128427
2022-02-03,92835.8821486366,57637.71368462432,117532.96458925173,187758.38860120095,185715.66760924747,0.5993525118232832,-0.006821287611330893
2022-02-04,92580.5671593081,57432.065115596466,117257.37388263026,188641.26651500256,185432.94690731593,0.6056967566251859,-0.00911968375288851
2022-02-07,92556.37453563011,57369.61357378806,117274.75448273553,188035.88131103685,185609.952626777,0.6156060769143696,-0.004282747359400959
2022-02-08,92377.97808081751,57221.78773668089,117086.15359656958,189583.01935990088,187390.07881461515,0.8392793134739986,-0.2130905674094753
2022-02-09,92548.25952225753,57284.845864787945,117344.95635617647,192357.76875356905,190722.92674537486,0.5191714906291178,-0.11828014825587996
2022-02-10,93382.22501923222,57748.32798624829,118456.0770688713,188901.90461837404,187564.29887779002,0.5891120514057867,0.20612247804947087
2022-02-11,93107.73288409378,57525.94516615378,118161.47301007964,185177.05025932923,184862.66537888086,0.48235561105025754,-0.10651590264013722
2022-02-14,92958.4699671977,57422.136408471444,117983.81185909835,184571.65138577193,183409.30931181822,0.28566502230202484,0.08463775277741868
2022-02-15,93383.3294736724,57679.27163487584,118528.49576216436,187548.17762130653,186320.81965150175,0.18949473712347947,0.18949473712347947
2022-02-16,92209.08230075768,56895.06866061919,117097.96642737523,187758.38860120095,186897.34456521916,0.8205160118389133,-0.21302586084669578
2022-02-17,92246.55786950295,56882.804982923466,117181.58013941052,183747.62106388382,183471.5122245245,0.6003438760920191,-0.014127728435733167
2022-02-18,92131.67920453887,56805.54555296937,117042.00605803626,182557.84714867698,182689.4455218194,0.49691865373952104,0.08419186032275054
2022-02-22,92186.56521353761,56822.092814047755,117129.51076802,180598.6939388689,180875.64514255687,0.19040226668601237,0.19040226668601237
2022-02-23,92180.38078562077,56807.4354952085,117132.80501935648,177395.1157865671,177846.33837391567,0.0,0.0
2022-02-24,92180.38078562077,56807.4354952085,117132.80501935648,180064.77335987968,179896.69968740013,0.0,0.0
2022-02-25,92180.38078562077,56807.4354952085,117132.80501935648,184037.7171371911,184759.45238746348,0.0,0.0
2022-02-28,92180.38078562077,56807.4354952085,117132.80501935648,183566.8133755587,183614.45442801816,0.0,0.0
2022-03-01,92180.38078562077,56807.4354952085,117132.80501935648,180771.08115875762,180212.51542327268,0.0,0.0
2022-03-02,92180.38078562077,56807.4354952085,117132.80501935648,184096.55105951295,184280.64041031367,0.0,0.0
2022-03-03,92180.38078562077,56807.4354952085,117132.80501935648,183180.03228074062,183769.19485645785,0.0,0.0
2022-03-04,92180.38078562077,56807.4354952085,117132.80501935648,181691.7691629733,182330.35454857256,0.0,0.0
2022-03-07,92180.38078562077,56807.4354952085,117132.80501935648,176335.62674906696,176657.27734225892,0.0,0.0
2022-03-08,92180.38078562077,56807.4354952085,117132.80501935648,174998.7270192806,175775.6369364898,0.0,0.0
2022-03-09,92180.38078562077,56807.4354952085,117132.80501935648,179690.60929812456,179918.7864492037,0.0,0.0
2022-03-10,92180.38078562077,56807.4354952085,117132.80501935648,178879.20967889103,179358.1779114591,0.0,0.0
2022-03-11,92180.38078562077,56807.4354952085,117132.80501935648,176604.75366883294,177413.9749749441,0.0,0.0
2022-03-14,92180.38078562077,56807.4354952085,117132.80501935648,175314.016149939,176679.54344328516,0.0,0.0
2022-03-15,92180.38078562077,56807.4354952085,117132.80501935648,179169.2784130151,179851.4511393138,0.0,0.0
2022-03-16,92180.38078562077,56807.4354952085,117132.80501935648,183142.22219032652,183766.09521871814,0.0,0.0
2022-03-17,92180.38078562077,56807.4354952085,117132.80501935648,185433.49179807416,185984.0033780725,0.0,0.0
2022-03-18,92180.38078562077,56807.4354952085,117132.80501935648,187464.5060510156,187566.61245051888,0.0,0.0
2022-03-21,92758.28740466671,57105.08974950074,117926.86786412355,187409.71832781253,187105.57214694354,0.9949611053859799,0.0067369311321408
2022-03-22,92641.7443403365,56981.61762033669,117831.9073713343,189602.63522387203,188538.5301855808,0.10308835178665182,-0.10308835178665182
2022-03-23,93841.2157232247,57677.976125015004,119399.76425205971,187160.86341241535,185929.52939023363,0.7829250898305161,-0.187355414560264
2022-03-24,93916.80212131928,57667.41430790491,119554.88605813509,189982.2124439077,188200.29346543874,0.20367630667030956,0.20367630667030956
2022-03-25,93161.15707050033,57143.80793481246,118654.14811366831,190909.99496617288,189469.15716297974,0.8014209510086074,-0.21036239091587142
2022-03-28,94131.1811475968,57704.79794654292,119924.88260187903,192267.94586705024,189993.9178481044,0.4005477236480458,0.4005477236480458
2022-03-29,94505.71646288031,57880.76382026714,120457.13652406276,194646.4684780926,193008.15766896599,0.49945439969606,-0.49945439969606
2022-03-30,95468.1071465162,58423.84229753321,121731.76868394384,193444.54229593778,191618.12904062428,0.6950950950577723,0.3026651939048845
2022-03-31,95494.418550904,58380.610057792524,121826.70615551097,190467.19588490613,188898.88366145198,0.29641699622409,-0.29641699622409
2022-04-01,94722.84484209209,57861.11228268826,120891.85687325332,191007.0080578825,189587.34445487056,0.7042726885357335,0.09471978541326131
2022-04-04,94899.044269239,57932.73496275328,121153.84413725688,192643.27184409284,189932.33182018364,0.7042947785128791,-0.10436339856209953
2022-04-05,94691.02493673729,57758.38691810422,120937.48723558983,190209.92050107254,187930.9191360923,0.4917017460482933,0.09505948135589005
2022-04-06,93776.12262878167,57153.18608813939,119817.95126438412,188307.9471930006,187018.10453684995,0.698651037849949,0.08287921728535377
2022-04-07,93493.47238549264,56945.27809790736,119493.52112262964,189256.82189513167,187621.07775699178,0.7098878072999908,-0.31518297516288474
2022-04-08,92856.53605749323,56504.95877284504,118734.21544618007,188750.75994385898,187914.20310198556,0.4032172842073467,0.19640468666945687
2022-04-11,93307.34478155596,56738.12590773934,119353.30586525484,185524.5859566134,186154.49596014275,0.8925212141344896,-0.0985501515520867
2022-04-12,93336.35279836817,56721.46490476158,119426.19663004902,184837.19687253414,185616.0837332641,0.2977103524764991,-0.10210088595467828
2022-04-13,93444.77526470323,56770.5920955583,119582.52443066862,186954.20652634147,187709.55117711186,0.0,0.0
2022-04-14,93444.77526470323,56770.5920955583,119582.52443066862,184626.28874346722,186382.184712104,0.0,0.0
2022-04-18,93444.77526470323,56770.5920955583,119582.52443066862,184702.25066408585,185909.20783595636,0.0,0.0
2022-04-19,93444.77526470323,56770.5920955583,119582.52443066862,187683.79363974405,189326.41839885493,0.0,0.0
2022-04-20,93444.77526470323,56770.5920955583,119582.52443066862,187544.62352748596,190545.2473964641,0.0,0.0
2022-04-21,93444.77526470323,56770.5920955583,119582.52443066862,184740.1837808245,187777.15346954772,0.0,0.0
2022-04-22,93444.77526470323,56770.5920955583,119582.52443066862,179671.04811251987,182541.0541809295,0.0,0.0
2022-04-25,93444.77526470323,56770.5920955583,119582.52443066862,180712.71200255075,183155.99794455527,0.0,0.0
2022-04-26,93444.77526470323,56770.5920955583,119582.52443066862,175479.1311470872,178711.00038323182,0.0,0.0
2022-04-27,93444.77526470323,56770.5920955583,119582.52443066862,175972.52138693043,179057.66492417242,0.0,0.0
2022-04-28,93444.77526470323,56770.5920955583,119582.52443066862,180417.51717157013,182358.12358742775,0.0,0.0
2022-04-29,93444.77526470323,56770.5920955583,119582.52443066862,173750.06450338545,176755.2418613178,0.0,0.0
2022-05-02,93444.77526470323,56770.5920955583,119582.52443066862,174795.9249580429,177268.98124783803,0.0,0.0
2022-05-03,93444.77526470323,56770.5920955583,119582.52443066862,175597.22274907108,178658.19629046827,0.0,0.0
2022-05-04,93444.77526470323,56770.5920955583,119582.52443066862,180944.63029393382,183684.17748363648,0.0,0.0
2022-05-05,93444.77526470323,56770.5920955583,119582.52443066862,174513.3744993085,177932.66394590755,0.0,0.0
2022-05-06,93444.77526470323,56770.5920955583,119582.52443066862,173471.71060927762,176165.2532418705,0.0,0.0
2022-05-09,93444.77526470323,56770.5920955583,119582.52443066862,167917.646178341,171038.35365853985,0.0,0.0
2022-05-10,93444.77526470323,56770.5920955583,119582.52443066862,168305.63019722144,170622.78684989671,0.0,0.0
2022-05-11,93444.77526470323,56770.5920955583,119582.52443066862,165631.91275519846,168350.7910958492,0.0,0.0
2022-05-12,93444.77526470323,56770.5920955583,119582.52443066862,165458.97875164505,169200.49910898888,0.0,0.0
2022-05-13,93444.77526470323,56770.5920955583,119582.52443066862,169414.73985229322,173318.36512788772,0.0,0.0
2022-05-16,93444.77526470323,56770.5920955583,119582.52443066862,168727.33709862235,172558.8837141215,0.0,0.0
2022-05-17,93444.77526470323,56770.5920955583,119582.52443066862,172198.12842786367,176266.79061589896,0.0,0.0
2022-05-18,93444.77526470323,56770.5920955583,119582.52443066862,165256.55943897262,169445.14641154578,0.0,0.0
2022-05-19,93444.77526470323,56770.5920955583,119582.52443066862,164244.42186683562,169127.5853713998,0.0,0.0
2022-05-20,93444.77526470323,56770.5920955583,119582.52443066862,164316.10520527797,169210.8912230589,0.0,0.0
2022-05-23,93444.77526470323,56770.5920955583,119582.52443066862,167390.47837761085,171490.30382191742,0.0,0.0
2022-05-24,93444.77526470323,56770.5920955583,119582.52443066862,166112.65862279548,170213.74230423511,0.0,0.0
2022-05-25,93444.77526470323,56770.5920955583,119582.52443066862,167580.23964844545,172269.8669058844,0.0,0.0
2022-05-26,93444.77526470323,56770.5920955583,119582.52443066862,170928.74281107634,176151.00334093862,0.0,0.0
2022-05-27,93444.77526470323,56770.5920955583,119582.52443066862,175124.8700107272,180310.8491663878,0.0,0.0
2022-05-31,93444.77526470323,56770.5920955583,119582.52443066862,174142.24508689248,178650.15890660623,0.0,0.0
2022-06-01,93444.77526470323,56770.5920955583,119582.52443066862,172733.7440362135,176711.62312739005,0.0,0.0
2022-06-02,93444.77526470323,56770.5920955583,119582.52443066862,176023.13988469017,180053.18546094708,0.0,0.0
2022-06-03,93444.77526470323,56770.5920955583,119582.52443066862,173134.37242734013,177831.05521450922,0.0,0.0
2022-06-06,93444.77526470323,56770.5920955583,119582.52443066862,173661.51288888705,178474.13013541634,0.0,0.0
2022-06-07,93444.77526470323,56770.5920955583,119582.52443066862,175327.30299299126,180148.25093957203,0.0,0.0
2022-06-08,93444.77526470323,56770.5920955583,119582.52443066862,173421.07844192628,177539.161869037,0.0,0.0
2022-06-09,93444.77526470323,56770.5920955583,119582.52443066862,169296.6755894926,173495.86145876197,0.0,0.0
2022-06-10,93444.77526470323,56770.5920955583,119582.52443066862,164387.7748741287,168741.12530888748,0.0,0.0
2022-06-13,93444.77526470323,56770.5920955583,119582.52443066862,158146.28035033797,161831.7310875438,0.0,0.0
2022-06-14,93444.77526470323,56770.5920955583,119582.52443066862,157669.7720561424,160953.46363198603,0.0,0.0
2022-06-15,93444.77526470323,56770.5920955583,119582.52443066862,159917.54502336305,162796.08263969974,0.0,0.0
2022-06-16,93444.77526470323,56770.5920955583,119582.52443066862,154624.88419292853,156913.8903313167,0.0,0.0
2022-06-17,93444.77526470323,56770.5920955583,119582.52443066862,154958.1761757472,157518.5820917732,0.0,0.0
2022-06-21,93444.77526470323,56770.5920955583,119582.52443066862,158859.053866051,160321.7877208686,0.0,0.0
2022-06-22,93444.77526470323,56770.5920955583,119582.52443066862,158571.07657944443,160205.68264513713,0.0,0.0
2022-06-23,93444.77526470323,56770.5920955583,119582.52443066862,160125.47318145735,161476.5657328041,0.0,0.0
2022-06-24,93444.77526470323,56770.5920955583,119582.52443066862,165216.48019635002,166796.63118522777,0.0,0.0
2022-06-27,93444.77526470323,56770.5920955583,119582.52443066862,164585.40982973497,166699.77711426857,0.0,0.0
2022-06-28,93444.77526470323,56770.5920955583,119582.52443066862,161222.45790876437,164170.22122028898,0.0,0.0
2022-06-29,93444.77526470323,56770.5920955583,119582.52443066862,161091.16148127796,163208.682199773,0.0,0.0
2022-06-30,93444.77526470323,56770.5920955583,119582.52443066862,159782.40744063212,162162.86482351267,0.0,0.0
2022-07-01,93444.77526470323,56770.5920955583,119582.52443066862,161472.33804353286,164180.52069370926,0.0,0.0
2022-07-05,93444.77526470323,56770.5920955583,119582.52443066862,161777.30663252002,163723.3549494334,0.0,0.0
2022-07-06,93444.77526470323,56770.5920955583,119582.52443066862,162323.69387906443,163784.22438742104,0.0,0.0
2022-07-07,93444.77526470323,56770.5920955583,119582.52443066862,164754.83074824268,166233.316289468,0.0,0.0
2022-07-08,93444.77526470323,56770.5920955583,119582.52443066862,164619.31041694648,165618.35200739192,0.0,0.0
2022-07-11,93444.77526470323,56770.5920955583,119582.52443066862,162738.77102853084,164094.27467426224,0.0,0.0
2022-07-12,93444.77526470323,56770.5920955583,119582.52443066862,161298.70689080696,163352.38223362662,0.0,0.0
2022-07-13,93444.77526470323,56770.5920955583,119582.52443066862,160451.62963745167,162415.3184450526,0.0,0.0
2022-07-14,93444.77526470323,56770.5920955583,119582.52443066862,160061.9779283939,161093.1989460873,0.0,0.0
2022-07-15,93444.77526470323,56770.5920955583,119582.52443066862,163119.94759078574,164251.68801996458,0.0,0.0
2022-07-18,93444.77526470323,56770.5920955583,119582.52443066862,161773.0827287102,163530.3304866347,0.0,0.0
2022-07-19,93444.77526470323,56770.5920955583,119582.52443066862,166144.05767474097,168482.08962818127,0.0,0.0
2022-07-20,93444.77526470323,56770.5920955583,119582.52443066862,167202.9315806183,169476.53758201253,0.0,0.0
2022-07-21,93444.77526470323,56770.5920955583,119582.52443066862,168905.57490372335,170728.1530497361,0.0,0.0
2022-07-22,93444.77526470323,56770.5920955583,119582.52443066862,167338.47925109774,169777.33922035422,0.0,0.0
2022-07-25,93444.77526470323,56770.5920955583,119582.52443066862,167541.7597480421,170341.66477198727,0.0,0.0
2022-07-26,93444.77526470323,56770.5920955583,119582.52443066862,165559.58694595008,169004.73761528207,0.0,0.0
2022-07-27,93444.77526470323,56770.5920955583,119582.52443066862,169858.5641529313,172385.6435219842,0.0,0.0
2022-07-28,93444.77526470323,56770.5920955583,119582.52443066862,171988.98367611543,175057.67569276792,0.0,0.0
2022-07-29,93444.77526470323,56770.5920955583,119582.52443066862,174496.3831969279,176659.05570638215,0.0,0.0
2022-08-01,93444.77526470323,56770.5920955583,119582.52443066862,173979.63162501028,176321.00095651587,0.0,0.0
2022-08-02,93444.77526470323,56770.5920955583,119582.52443066862,172831.8370256609,175154.0900974496,0.0,0.0
2022-08-03,93444.77526470323,56770.5920955583,119582.52443066862,175538.29313960788,176900.82806126514,0.0,0.0
2022-08-04,93444.77526470323,56770.5920955583,119582.52443066862,175419.69576273416,176459.91526597488,0.0,0.0
2022-08-05,93444.77526470323,56770.5920955583,119582.52443066862,175123.2296597331,176715.83558551018,0.0,0.0
2022-08-08,93444.77526470323,56770.5920955583,119582.52443066862,174919.90815401392,177273.89523673986,0.0,0.0
2022-08-09,93444.77526470323,56770.5920955583,119582.52443066862,174225.28785596899,176204.9589497981,0.0,0.0
2022-08-10,93444.77526470323,56770.5920955583,119582.52443066862,177884.71954953228,180034.7270871778,0.0,0.0
2022-08-11,93444.77526470323,56770.5920955583,119582.52443066862,177884.71954953228,180856.54600130607,0.0,0.0
2022-08-12,93444.77526470323,56770.5920955583,119582.52443066862,180896.15792205805,183798.41155823978,0.0,0.0
2022-08-15,93444.77526470323,56770.5920955583,119582.52443066862,181641.58809214536,184127.47158474175,0.0,0.0
2022-08-16,93444.77526470323,56770.5920955583,119582.52443066862,181997.39389235812,184756.95320078637,0.0,0.0
2022-08-17,93480.81246499097,56756.73904167728,119665.69916528414,180705.54913654315,183009.03332697396,0.5973944968206932,-0.399150524093756
2022-08-18,93831.53563169188,56952.28307091216,120132.75157207916,181230.73484648878,183669.11430978595,0.2992615135008499,-0.09806007962633198
2022-08-19,93812.66410462647,56923.78200478915,120126.54391611193,178795.34673431749,181307.2384093124,0.0,0.0
2022-08-22,93812.66410462647,56923.78200478915,120126.54391611193,175072.4061180991,177380.2136182638,0.0,0.0
2022-08-23,93812.66410462647,56923.78200478915,120126.54391611193,174648.84015223823,177179.89391086972,0.0,0.0
2022-08-24,93812.66410462647,56923.78200478915,120126.54391611193,175207.95378857857,178015.91222688125,0.0,0.0
2022-08-25,93812.66410462647,56923.78200478915,120126.54391611193,177681.45272217956,180682.638757131,0.0,0.0
2022-08-26,93812.66410462647,56923.78200478915,120126.54391611193,171667.09213270576,174788.85110657994,0.0,0.0
2022-08-29,93812.66410462647,56923.78200478915,120126.54391611193,170531.9692447858,173842.5570374339,0.0,0.0
2022-08-30,93812.66410462647,56923.78200478915,120126.54391611193,168659.90500317304,172021.5445905825,0.0,0.0
2022-08-31,93812.66410462647,56923.78200478915,120126.54391611193,167376.5764029358,170715.40479012945,0.0,0.0
2022-09-01,93812.66410462647,56923.78200478915,120126.54391611193,167901.78945206467,170967.79532443956,0.0,0.0
2022-09-02,93812.66410462647,56923.78200478915,120126.54391611193,166131.35862412828,169644.6082421619,0.0,0.0
2022-09-06,93812.66410462647,56923.78200478915,120126.54391611193,165504.51216132304,169116.10314317665,0.0,0.0
2022-09-07,93812.66410462647,56923.78200478915,120126.54391611193,168477.8123732359,172916.76939253072,0.0,0.0
2022-09-08,93812.66410462647,56923.78200478915,120126.54391611193,169579.00733476112,174416.5001566207,0.0,0.0
2022-09-09,93812.66410462647,56923.78200478915,120126.54391611193,172213.46570965854,176905.75207629314,0.0,0.0
2022-09-12,93812.66410462647,56923.78200478915,120126.54391611193,174064.35575385575,178503.6471817145,0.0,0.0
2022-09-13,93812.66410462647,56923.78200478915,120126.54391611193,166495.61223196067,171427.11614748958,0.0,0.0
2022-09-14,93812.66410462647,56923.78200478915,120126.54391611193,167130.92017197714,171416.57732744576,0.0,0.0
2022-09-15,93812.66410462647,56923.78200478915,120126.54391611193,165233.457829139,170075.81725758236,0.0,0.0
2022-09-16,93812.66410462647,56923.78200478915,120126.54391611193,163972.87542935333,168371.33850604846,0.0,0.0
2022-09-19,93812.66410462647,56923.78200478915,120126.54391611193,165244.4618503911,169738.9702112413,0.0,0.0
2022-09-20,93812.66410462647,56923.78200478915,120126.54391611193,163347.73766550032,166942.30584534272,0.0,0.0
2022-09-21,93812.66410462647,56923.78200478915,120126.54391611193,160498.28395364233,164220.8633821126,0.0,0.0
2022-09-22,93812.66410462647,56923.78200478915,120126.54391611193,159150.16148913797,161832.7659108705,0.0,0.0
2022-09-23,93812.66410462647,56923.78200478915,120126.54391611193,156483.62058271418,159134.5686174845,0.0,0.0
2022-09-26,93812.66410462647,56923.78200478915,120126.54391611193,154935.59401039503,156783.63084522565,0.0,0.0
2022-09-27,93812.66410462647,56923.78200478915,120126.54391611193,154540.0507073501,156311.40564451308,0.0,0.0
2022-09-28,93812.66410462647,56923.78200478915,120126.54391611193,157580.8240234871,159993.94014033175,0.0,0.0
2022-09-29,93812.66410462647,56923.78200478915,120126.54391611193,154289.14535321028,156841.99092631362,0.0,0.0
2022-09-30,93812.66410462647,56923.78200478915,120126.54391611193,151903.32318024416,154992.85974556778,0.0,0.0
2022-10-03,93812.66410462647,56923.78200478915,120126.54391611193,155913.73530817922,159511.03762824324,0.0,0.0
2022-10-04,93812.66410462647,56923.78200478915,120126.54391611193,160744.97907356394,164980.5899346398,0.0,0.0
2022-10-05,93812.66410462647,56923.78200478915,120126.54391611193,160370.74666385073,164273.78757187986,0.0,0.0
2022-10-06,93812.66410462647,56923.78200478915,120126.54391611193,158716.3843383388,162311.79362736322,0.0,0.0
2022-10-07,93812.66410462647,56923.78200478915,120126.54391611193,154289.14535321028,158370.42593197364,0.0,0.0
2022-10-10,93812.66410462647,56923.78200478915,120126.54391611193,153111.1136172029,157343.97899456156,0.0,0.0
2022-10-11,93812.66410462647,56923.78200478915,120126.54391611193,152141.4611358132,156670.97037380055,0.0,0.0
2022-10-12,93812.66410462647,56923.78200478915,120126.54391611193,151639.63675794195,155804.79346527575,0.0,0.0
2022-10-13,93812.66410462647,56923.78200478915,120126.54391611193,155641.56006948254,159551.91330281636,0.0,0.0
2022-10-14,93812.66410462647,56923.78200478915,120126.54391611193,152094.72480207286,155962.9244315417,0.0,0.0
2022-10-17,93812.66410462647,56923.78200478915,120126.54391611193,156003.0524198082,159592.81798424144,0.0,0.0
2022-10-18,93812.66410462647,56923.78200478915,120126.54391611193,157836.02162939482,161899.86849242,0.0,0.0
2022-10-19,93812.66410462647,56923.78200478915,120126.54391611193,156717.52096488178,160003.37006082654,0.0,0.0
2022-10-20,93812.66410462647,56923.78200478915,120126.54391611193,155403.36743554703,158243.5987268452,0.0,0.0
2022-10-21,93812.66410462647,56923.78200478915,120126.54391611193,159179.94752927258,161961.54029709683,0.0,0.0
2022-10-24,93812.66410462647,56923.78200478915,120126.54391611193,161127.72763885485,163652.12206504302,0.0,0.0
2022-10-25,93812.66410462647,56923.78200478915,120126.54391611193,163700.72752983987,166967.55615168085,0.0,0.0
2022-10-26,93812.66410462647,56923.78200478915,120126.54391611193,162467.3476173731,167191.01019544812,0.0,0.0
2022-10-27,93812.66410462647,56923.78200478915,120126.54391611193,161599.820654958,167293.40166851724,0.0,0.0
2022-10-28,93812.66410462647,56923.78200478915,120126.54391611193,165444.37962779752,170956.38097406537,0.0,0.0
2022-10-31,93812.66410462647,56923.78200478915,120126.54391611193,164249.32925022632,170135.36436436404,0.0,0.0
2022-11-01,93812.66410462647,56923.78200478915,120126.54391611193,163530.59579256806,170439.37268143616,0.0,0.0
2022-11-02,93812.66410462647,56923.78200478915,120126.54391611193,159426.60164041934,166298.76631362247,0.0,0.0
2022-11-03,93812.66410462647,56923.78200478915,120126.54391611193,157784.97937429496,165329.00258333457,0.0,0.0
2022-11-04,93812.66410462647,56923.78200478915,120126.54391611193,160055.99064726543,168020.01499962359,0.0,0.0
2022-11-07,93812.66410462647,56923.78200478915,120126.54391611193,161587.0532563872,169322.20402103194,0.0,0.0
2022-11-08,93812.66410462647,56923.78200478915,120126.54391611193,162458.8588009786,170436.7769955442,0.0,0.0
2022-11-09,93812.66410462647,56923.78200478915,120126.54391611193,159111.87296301726,167461.27361991664,0.0,0.0
2022-11-10,93812.66410462647,56923.78200478915,120126.54391611193,167855.75026749683,176887.7164680002,0.0,0.0
2022-11-11,93812.66410462647,56923.78200478915,120126.54391611193,169480.31288328255,178607.4365466262,0.0,0.0
2022-11-14,93812.66410462647,56923.78200478915,120126.54391611193,168038.58105538134,176534.12129688074,0.0,0.0
2022-11-15,93812.66410462647,56923.78200478915,120126.54391611193,169471.81039729642,178220.02263737153,0.0,0.0
2022-11-16,93812.66410462647,56923.78200478915,120126.54391611193,168178.95409170177,176334.25593206106,0.0,0.0
2022-11-17,93812.66410462647,56923.78200478915,120126.54391611193,167664.36231525973,175372.34027619334,0.0,0.0
2022-11-18,93812.66410462647,56923.78200478915,120126.54391611193,168425.63554203179,176762.7161722255,0.0,0.0
2022-11-21,93812.66410462647,56923.78200478915,120126.54391611193,167813.18315919983,176734.26868188154,0.0,0.0
2022-11-22,93812.66410462647,56923.78200478915,120126.54391611193,170071.46804237436,179047.49827927197,0.0,0.0
2022-11-23,93812.66410462647,56923.78200478915,120126.54391611193,171143.17769478058,179849.31148891736,0.0,0.0
2022-11-25,93812.66410462647,56923.78200478915,120126.54391611193,171104.9165078431,180324.94903793625,0.0,0.0
2022-11-28,93812.66410462647,56923.78200478915,120126.54391611193,168374.60695652352,177284.2861176133,0.0,0.0
2022-11-29,93812.66410462647,56923.78200478915,120126.54391611193,168085.41307626298,177865.46280418255,0.0,0.0
2022-11-30,93812.66410462647,56923.78200478915,120126.54391611193,173380.165354215,182344.50877131138,0.0,0.0
2022-12-01,93193.87057630974,56489.68044994644,119395.445456794,173252.6143948318,182516.36775469914,1.007164523718412,-0.0061264798024911376
2022-12-02,93473.13662486231,56624.96764707682,119788.97535457858,173052.73762620022,182449.4130189066,0.39372609598528074,0.1929848432756342
2022-12-05,92773.39169461784,56165.13877008124,118929.72357743485,169939.6521704065,178935.58906634795,0.5887672780116024,-0.21549126887491094
2022-12-06,93233.26231107657,56426.47587776234,119537.06006313159,167489.97933499486,176944.9865246729,0.28630285193105354,-0.10269010442117955
2022-12-07,93179.40500219773,56388.332895088985,119473.75415356897,167205.05036731903,176660.95889056192,0.19567626382470651,-0.010409075086163356
2022-12-08,93181.66534894027,56384.11319491904,119482.42700040183,168514.93898406913,177815.26400321894,0.102928427269753,-0.102928427269753
2022-12-09,93238.60313695531,56412.83269597486,119561.50078007582,167256.0926224189,176562.73086432234,0.0,0.0
2022-12-12,93238.60313695531,56412.83269597486,119561.50078007582,169667.46326211817,179111.53928643503,0.0,0.0
2022-12-13,93238.60313695531,56412.83269597486,119561.50078007582,170951.7897425435,180402.2524965938,0.0,0.0
2022-12-14,92570.0326891339,55950.2285772195,118765.14961829536,169858.8102055804,179213.23174281456,1.001877879285714,-0.006708703553353378
2022-12-15,92186.24039125018,55673.73589641206,118319.80782961036,165703.78746792345,175214.9048925689,0.2010199324078816,-0.013882553243668423
2022-12-16,92196.51821212015,55673.98659643333,118339.31130819756,163747.47753317183,173225.57351721937,0.0932670294477353,0.0932670294477353
2022-12-19,92245.8925777825,55698.62478597442,118408.17261378236,162358.94775584605,171657.32668837567,0.0,0.0
2022-12-20,92245.8925777825,55698.62478597442,118408.17261378236,162581.14696758907,171810.86420853602,0.0,0.0
2022-12-21,92245.8925777825,55698.62478597442,118408.17261378236,165012.09246248467,174455.2526129149,0.0,0.0
2022-12-22,92245.8925777825,55698.62478597442,118408.17261378236,162658.0384204377,172527.57181162538,0.0,0.0
2022-12-23,92245.8925777825,55698.62478597442,118408.17261378236,163593.68095788296,173689.74288525994,0.0,0.0
2022-12-27,92245.8925777825,55698.62478597442,118408.17261378236,162948.5582510851,173702.3725943663,0.0,0.0
2022-12-28,92245.8925777825,55698.62478597442,118408.17261378236,160923.43559213082,171336.1228222532,0.0,0.0
2022-12-29,92245.8925777825,55698.62478597442,118408.17261378236,163820.13141261903,174384.21033639516,0.0,0.0
2022-12-30,92245.8925777825,55698.62478597442,118408.17261378236,163388.59607484512,173640.17355319732,0.0,0.0
2023-01-03,92245.8925777825,55698.62478597442,118408.17261378236,162700.75589424247,173494.3745985509,0.0,0.0
2023-01-04,92245.8925777825,55698.62478597442,118408.17261378236,163956.82732879434,176206.3640102964,0.0,0.0
2023-01-05,92245.8925777825,55698.62478597442,118408.17261378236,162085.52858431215,174378.99749479847,0.0,0.0
2023-01-06,92245.8925777825,55698.62478597442,118408.17261378236,165802.50925858528,178542.77618782112,0.0,0.0
2023-01-09,92245.8925777825,55698.62478597442,118408.17261378236,165708.5034770315,178562.33051840865,0.0,0.0
2023-01-10,92245.8925777825,55698.62478597442,118408.17261378236,166870.58279962122,179947.00322340213,0.0,0.0
2023-01-11,92245.8925777825,55698.62478597442,118408.17261378236,168981.12673659346,182159.8377103033,0.0,0.0
2023-01-12,92097.25720063261,55551.52666959254,118277.75720464662,169596.381385707,182809.06707497363,0.9974048302949933,-0.001103183024736499
2023-01-13,92527.97725672522,55794.575628719525,118848.4898594286,170254.29883025886,183281.17745480055,0.703010118967356,0.2962869202427422
2023-01-17,92339.49122242988,55634.768413250385,118655.00178861296,169942.44076709647,182875.75873194565,0.5049298491568873,-0.3054908691462101
2023-01-18,92195.46505694144,55507.82683979111,118512.2593701609,167259.40066359032,180031.64878225396,0.7991747809753705,-0.0054387609577725236
2023-01-19,92194.95954048669,55479.515283496694,118541.22690443453,166041.78179025857,178069.33569905034,0.29582844235854394,-0.10449895206416984
2023-01-20,92148.34385508663,55445.55721117633,118487.46352404187,169134.95065106556,181202.94520720968,0.20000315811999403,-0.007563484705718894
2023-01-23,92460.03932684581,55581.717118999324,118942.65633272164,171164.3382226045,183388.6173164334,0.8998133841153915,0.0999488457485361
2023-01-24,92601.9550393819,55633.459940479006,119160.84815285055,170980.60524167324,183113.17622268473,0.5036946504094862,0.10023631215570242
2023-01-25,92383.31427812243,55450.84608383159,118933.99239493233,171044.70195676788,183438.2011432649,0.5985086137161323,-0.0009940967937727722
2023-01-26,92853.67910992964,55698.885137079895,119575.93573527795,172924.57153519423,184928.4700779864,0.8022697985535181,0.2032866883593142
2023-01-27,92502.16083116629,55458.99610242937,119154.03063869667,173321.86454596624,185141.34607802905,0.7041303472005075,0.09779280505062606
2023-01-30,92723.92424298389,55557.11744831066,119476.58169175374,171147.22389389935,183320.42847370444,0.6957375525704749,-0.09786607179641124
2023-01-31,92805.3797194632,55566.09350621543,119623.95993946305,173663.65901477102,186396.44027735543,0.6053646506335666,0.0016642039947293767
2023-02-01,93328.35262140655,55834.621315736105,120345.79778066764,175509.35461415356,188384.12271999347,0.6035090450158018,0.20361925413139942
2023-02-02,92365.65144072048,55218.02295965025,119147.67742262488,178064.24229624533,190229.71281289615,0.7126925369413698,-0.11320450190032989
2023-02-03,92909.08850967928,55514.60598154478,119878.83477035147,176171.5506408817,188077.39630583776,0.8034464256023119,0.19254827931530352
2023-02-06,93404.7717869803,55770.84880622158,120560.98555468643,175094.9199354932,186723.53718073902,0.49114804820919744,-0.29944188437276353
2023-02-07,93979.83338702988,56069.1707397096,121351.52547726221,177384.9182712204,188401.43892532407,0.7066563848349561,0.10580837880378519
2023-02-08,93809.83369130785,55927.363918387855,121175.30649691644,175445.24422946732,186568.91497147,0.5985489943554906,-0.0013153310625839375
2023-02-09,94774.53169906627,56462.197771045365,122464.69735131314,173924.2834485509,184919.12146660266,0.6840578314720975,0.10795184493093785
2023-02-10,95253.73565877872,56691.50919556308,123144.51314977749,174330.18830204193,185584.30778449296,0.2987275964139797,-0.09332159421950362
2023-02-13,96031.73911297887,57096.86335390021,124212.58088100348,176376.64919351117,187604.23296634186,0.6968932183273766,0.10793572960353644
2023-02-14,96147.81060593645,57119.90394059129,124412.42333604932,176295.46548889464,187220.2503072281,0.5057314154736806,0.10173430749399837
2023-02-15,96115.50669541053,57053.73097793588,124421.25435737627,176867.96165542855,188115.70935890972,0.7143863080655634,-0.10074601569780237
2023-02-16,96372.17501508622,57164.81767666199,124797.96461594017,174432.66923039858,186039.56628068947,0.5942057177537234,-0.20223853462402808
2023-02-17,96983.0898745509,57481.29743203717,125638.9989099806,173996.92365840648,185818.42129485816,0.594717743574224,0.3981455633691341
2023-02-21,97299.06567637347,57615.527362174915,126105.7727256442,170506.3660996862,181894.49959947882,0.48783933850148103,-0.30163897544938223
2023-02-22,97508.92752396423,57693.22985375623,126428.31464169596,170271.39948937242,181630.09514097188,0.7004504355822218,0.10372931881248008
2023-02-23,97319.82083269025,57528.152010525046,126240.96602241752,171177.14662995015,182245.5355285779,0.4031962130839401,-0.2028200334532347
2023-02-24,97278.81294773324,57456.77308489158,126238.95701076966,169348.57902886436,180682.00204756725,0.8010755810977169,-0.0020305737497369617
2023-02-27,97269.3340469394,57415.26541168282,126265.68476327666,169925.34010798295,180923.5866549709,0.6004387274296106,-0.0022819859760606284
2023-02-28,97344.53889792364,57412.82468922392,126414.3798053879,169297.2907211154,180436.93353157883,0.5975782420935863,-0.0036762583234631763
2023-03-01,97637.81877658337,57539.151620658784,126846.18116728749,168647.90310173287,179952.84793800575,0.5940758549825423,0.0011518972130043514
2023-03-02,97189.6607432706,57233.87079131018,126308.91345645962,169959.51408702676,181415.01186856616,0.7053859313812104,0.09299719874544093
2023-03-03,96768.22032810058,56960.86229638613,125788.07411096968,172685.27166433772,183838.00110720895,0.9204038500466716,0.09555257069065025
2023-03-06,97516.09175673092,57360.09232394844,126805.15747532548,172804.92159976598,183036.90622103485,0.4036820716175814,-0.009153562888959079
2023-03-07,97307.49374373036,57189.559936230035,126586.23478611928,170156.05547530367,180114.28937918603,0.7975082519246512,-0.015558603270188329
2023-03-08,97636.43157818896,57348.029061457324,127052.3059228785,170433.73955942222,180506.17283910257,0.5965896855879173,-0.01537193424655101
2023-03-09,96793.17652375472,56794.88685850471,126018.71337168902,167289.29606045788,176868.62559685414,0.3920893629493741,-0.0034819179206835704
2023-03-10,96184.1162465752,56380.020322014185,125289.12653725152,164875.39654630932,173308.2703594027,0.5939308904500009,-0.003309613493460253
2023-03-13,90873.71720613528,53243.90082059914,118397.4370828832,164640.41626640395,171804.21659215112,0.20986486495169815,-0.20986486495169815
2023-03-14,90417.65977990835,52964.849909731325,117816.38388227184,167361.92260072182,174084.21448537413,0.0,0.0
2023-03-15,90500.79468688548,52959.001117783904,117984.79239026671,166315.18729220086,171551.5825969078,1.004544735195417,0.0014281019393331913
2023-03-16,91006.76393535765,53222.77787277823,118680.11579940718,169233.18033642916,173824.05538391575,0.39545913483574524,-0.00542497524416487
2023-03-17,90881.46459292634,53105.96913474265,118564.87404482222,167254.42493224156,170887.49076431393,0.7789636446841269,0.1915754249260004
2023-03-20,91356.64223932131,53351.42981070718,119220.35591260037,168862.66605563593,173156.87247899795,0.5893234014097604,-0.0027788352701177206
2023-03-21,91635.83834819384,53466.52621556472,119638.00367177976,171079.91482477463,175449.12861802647,0.4987452758877111,0.09670997436793162
2023-03-22,92953.05573751884,54191.39659808037,121406.10625983277,168163.60314031527,171596.98241118467,0.6679245502980262,-0.08739522650422037
2023-03-23,91988.34761465022,53581.147469455434,120199.49536207668,168618.2400879228,171030.21021450736,0.3894354564233981,0.1888636204484574
2023-03-24,92045.5531019491,53575.9313490046,120316.9806203911,169724.68417262918,172380.61676994304,0.9019050482611909,0.0905604361850507
2023-03-27,92747.26136978762,53946.07520112216,121276.79258866026,170042.03741162183,173550.8624980801,0.39798952755082256,-0.2041135521753184
2023-03-28,92785.72245302789,53913.85955474864,121388.14868355659,169660.3687440687,173913.13256653646,0.5995757239943063,0.20184013234612383
2023-03-29,93373.75651337746,54222.58058796666,122194.29243067311,172126.39041105486,176543.28864950384,0.6008829810747398,0.2060357258243825
2023-03-30,94040.26757425498,54565.271288241434,123116.10681623404,173134.20839224072,177391.49416082844,0.5960502381633797,0.0059946391286828694
2023-03-31,93814.3342923933,54395.39191315955,122863.76798016136,175574.47654861948,180053.1109284512,0.30292219764873446,-0.10270810188744073
2023-04-03,93908.12170654946,54410.265630287206,123030.72004645522,176243.50737115642,180173.0105251034,0.7933701994624818,-0.0008493079322691872
2023-04-04,93410.29100639214,54098.82795857289,122404.11320491687,175265.68047397942,178303.1001995275,0.7936664918247845,0.18989531084333125
2023-04-05,93014.29799942221,53841.04511502171,121916.8725822136,174806.80595297046,177880.8899402453,0.694538691195016,-0.11560083892259176
2023-04-06,93597.00735270584,54150.77343069545,122711.45937613898,175488.67252203624,177996.36640734755,0.7939715800375615,0.1913514236540065
2023-04-10,94206.5081356006,54459.96385499038,123559.34577130685,175668.81040037208,179133.83581815686,0.39584742775391785,-0.20088248032895556
2023-04-11,94074.88415277065,54334.16293091116,123442.8241153908,175716.05250900227,180297.86610783328,0.6985819279864764,0.2978765155934016
2023-04-12,95128.99814661936,54909.140185155724,124863.9491898944,174999.77957783517,179399.95179907128,0.6787797869794475,-0.08909928910496781
2023-04-13,94734.39506111317,54632.125258183354,124401.65627735903,177324.27996280504,180860.58178171184,0.3990385081021503,4.482571437595373e-06
2023-04-14,94078.4342154855,54209.04336122777,123590.88658931812,176891.10427403703,180133.33743543882,0.7927360879567019,0.19428808442379902
2023-04-17,94004.81035094523,54143.858475316636,123519.59721042027,177525.82442161394,181403.64714728575,0.8120787218077326,-0.009079368744156434
2023-04-18,93983.68336363953,54092.16538980718,123536.34362985191,177641.6332017977,181514.7556160895,0.5163207957736494,-0.31025054023081594
2023-04-19,93783.37367675499,53958.86974145918,123292.96987994714,177611.6284481972,181519.22260807204,0.6171134416557039,-0.41601814673587084
2023-04-20,94195.48238350342,54152.184986917484,123884.50254099662,176642.3723849644,180548.6102735507,0.5987322931494816,0.19442661613506063
2023-04-21,94330.44561977158,54190.50793342915,124106.38571324202,176779.60141521282,180507.52221927218,0.7021442435049167,-0.10650733892566294
2023-04-24,94552.56829693847,54284.365812531236,124436.73717199404,176963.99053654174,180857.73863468104,0.7027241116084464,-0.10418364933035654
2023-04-25,94231.30025540976,54055.60300258771,124064.39689133532,174154.9167983219,177755.94648637806,0.4952236875926009,0.09544869172768822
2023-04-26,93735.49886795101,53726.644428402935,123462.08677331306,173417.2782954566,175973.63306849948,0.699518292685771,-0.30265915971446905
2023-04-27,94148.30878559804,53935.57260165108,124037.21544187886,176869.6430151975,178890.2979026148,0.8077218470600304,0.1979304880271853
2023-04-28,94224.60892842912,53945.71297092237,124175.9164327177,178379.271704663,180893.1806563387,0.6077972706943382,-0.0023384618858068155
2023-05-01,94103.61676055127,53842.370241750796,124055.14619523594,178199.1611655104,180783.24787532055,0.7968264739176986,-0.005597769625022494
2023-05-02,93186.93075285261,53289.529030655875,122878.93865133487,176196.34728007592,178150.663947804,0.6918856872768692,0.08207290405991391
2023-05-03,93547.47372018799,53473.2893940719,123379.7119983332,174986.9438313063,177061.59731755892,0.8911832239212176,0.0860241543735754
2023-05-04,93757.3017864337,53555.30967331598,123699.76381503182,173747.50828975296,175492.844281703,0.3920765035311732,-0.2031782264738246
2023-05-05,94373.21291396517,53868.80308483033,124556.13430988268,176963.99053654174,178567.44869982274,0.8978517539683193,0.10140311681632791
2023-05-08,94023.53917068869,53630.828133450734,124138.66639634318,177011.17796680544,178296.0876149875,0.3962067889555751,-0.006374819795938302
2023-05-09,93826.47028508715,53479.309599046566,123923.22347892726,176234.9228676206,177585.90599157967,0.898315360879057,0.09226486820772133
2023-05-10,93567.5576214254,53308.15898388474,123608.05249526417,177058.3790666608,177528.6174714862,0.6867165377984479,-0.11767968167133219
2023-05-11,94207.35036989508,53645.0782144065,124484.85213106185,176749.5693224291,176638.33498846975,0.7882399338775504,0.18574237005680386
2023-05-12,93603.38538681381,53261.87199858286,123731.775962057,176517.99277083648,176697.89371483997,0.4960920001533607,-0.3145583707781894
2023-05-15,94170.99127342735,53547.00182667645,124525.63758139059,177126.9867469892,177777.44918837934,0.8004211991947939,0.19144104541534884
2023-05-16,94199.56273083496,53514.49733489984,124619.64136806337,175943.29580005215,175216.01520517285,0.3028020515487417,-0.3028020515487417
2023-05-17,94911.55025108594,53874.48833814396,125612.82870127201,178079.04646396713,177593.50767182285,0.9063243434531443,0.10858378226376117
2023-05-18,94631.11821391704,53666.015271242075,125298.94243040799,179794.5528727843,178971.96582711334,0.20010975456978344,-0.0014028470965996862
2023-05-19,94707.48646222142,53659.701412376606,125457.48704787405,179532.93055881633,178409.74252567597,0.8937941016861298,0.10039070122374523
2023-05-22,94625.02528103377,53569.97708458439,125398.31970314909,179605.85783009586,178824.78513191466,0.3025827504873155,0.09594563422989637
2023-05-23,93610.70528708355,52950.95101269947,124105.90169680846,177590.13985017446,176910.06895187104,0.9096229698583084,-0.11577276988632272
2023-05-24,94083.22409117548,53196.04904672847,124757.80849436496,176303.55788713222,174882.8213509401,0.6940245594126571,-0.10240905676324978
2023-05-25,94424.51933560624,53345.845918292755,125260.70325329487,177830.3145748945,174813.45455950403,0.49713538850068967,0.1038663056519991
2023-05-26,94261.41895400322,53215.19222130405,125089.02363699922,180133.36737061647,176234.21153327634,0.816103094321063,0.0013588866413222016
2023-05-30,93719.69256496255,52880.16815583482,124403.7567144951,180201.96138135323,175869.95315683406,0.7174373185991203,-0.3180593915326412
2023-05-31,94404.53171623587,53239.38360217217,125344.28201134145,179202.70056451997,174295.69404769028,0.8044913802549406,-0.01519572443846715
2023-06-01,93914.36481508214,52919.56398233623,124744.22296494414,180905.30287885017,175663.9920983252,0.3984192187855358,-0.012845777274340558
2023-06-02,94150.24069444563,53013.787006100734,125102.58454448586,183521.4303313885,179575.02646669224,0.899117180763869,0.09421001723729895
2023-06-05,93801.0681939098,52784.045767667194,124677.41556448405,183169.76641743584,178936.5881166806,0.486531848397509,0.08921275986551984
2023-06-06,94521.68248173759,53152.10646440807,125679.07216088378,183568.590422469,180194.78352273154,0.7916503374575842,0.19449542805003722
2023-06-07,94099.88494443435,52871.77906066257,125168.75964411182,182933.85660530045,181637.26048849066,0.408821336796852,-0.20854113212001277
2023-06-08,94374.34299675238,52987.4431874134,125578.94279416712,184040.34169878167,181716.7669482415,0.9094506748550214,0.0952149136630851
2023-06-09,94403.69774178468,52965.45495471278,125663.15780565568,184370.57169307803,181423.2402475958,0.4014835634663143,-0.20656182818888338
2023-06-12,94073.78388843534,52742.147216177145,125268.80406993706,186043.14191462452,182611.62523079728,0.9088151720464376,0.08902231249175128
2023-06-13,93687.83179234271,52492.53842526214,124793.97318760105,187269.71437046575,184408.52424535496,0.511758941634741,0.09599998338062131
2023-06-14,94067.1725620993,52661.3298627472,125350.7298565794,187492.72008811418,184018.32242688903,0.6915163840130496,-0.09776693452329845
2023-06-15,94193.15957717215,52699.64321738474,125556.55400338811,189817.1794643092,186201.62387243198,0.7076665469053083,0.09671319297036851
2023-06-16,93894.12491007149,52494.45351781041,125202.65006629087,189170.64878957474,185974.67473969058,0.6005511487189662,-0.010343361998589411
2023-06-20,93926.97676543277,52479.60230922451,125285.52305505518,188189.18578102748,184334.55378948076,0.7957912307834429,-0.0002684814464449482
2023-06-21,93767.63258442836,52353.480432874465,125116.95472047542,187224.93278832673,184172.4005385535,0.5017081747418702,0.09492465484104994
2023-06-22,93994.29176478837,52442.072326470465,125464.21936049854,187900.81207626403,183418.617410254,0.7900585563572471,-0.0009099733438143377
2023-06-23,93756.98422063899,52283.13333642875,125178.92661915426,186480.2817849616,181883.4409154934,0.6935431336626048,0.2895358436593069
2023-06-26,94867.94040522467,52875.541121682196,126694.03755422102,185718.35241779193,182932.40615636169,0.7824758689719296,-0.19715695920412704
2023-06-27,96071.85173131645,53505.17654028547,128351.34099508186,187754.42441963186,185225.98433630707,0.4023065040536971,0.4023065040536971
2023-06-28,95050.1220643996,52885.97241064321,127045.80255958257,187849.12735035812,184871.89078029207,0.7109296692077888,-0.31634541629517393
2023-06-29,95176.98316416844,52934.042804056895,127241.88114818241,188589.51344113858,186316.60201173587,0.9102565114813573,0.08689806844787548
2023-06-30,95433.44112108643,53043.85464555805,127623.87548030504,190815.01864361425,188075.74190067532,0.5003832431687872,0.09558462353661652
2023-07-03,95095.5459618207,52818.21594390607,127217.19786237509,191034.53861540023,188653.08889690068,0.6036313480234937,0.19781000135790178
2023-07-05,94060.5212176943,52199.71386416466,125884.65911997593,190750.44349281304,187759.76717222153,0.6122304710120521,-0.01146712202145649
2023-07-06,94230.28769769619,52265.96367338911,126144.93425731518,189256.72620799034,186186.388627169,0.9068520446651325,-0.11066543758791297
2023-07-07,94423.23480028578,52340.50354483847,126442.11664565554,188778.9056329995,186627.32720067143,0.49909312942244954,0.09646061015234628
2023-07-10,94915.62009459155,52575.82076539482,127146.38074734161,189256.72620799034,188214.4804545392,0.8021765026970112,-0.00024494924619776124
2023-07-11,94135.87794907874,52095.42923323162,126160.11699102986,190462.0151096831,190223.37938533575,0.31194559716359505,-0.1077206385527755
2023-07-12,95013.55870736219,52537.63870943432,127388.41419342942,191994.45834755825,191126.51602496847,0.8968260873488866,-0.10043474675521503
2023-07-13,94394.65851293472,52152.82633211199,126609.9345916846,193518.30341230598,192091.54132377027,0.3154555385519851,-0.1148376430708956
2023-07-14,95211.92529819868,52561.702133993895,127757.36771828964,193397.81963178905,190993.96680651838,0.9059782813605189,0.09864516884657194
2023-07-17,95130.86634420742,52483.501865465514,127688.6743421086,194069.31098081713,191400.77902974203,0.4966140175082298,-0.3020772662680086
2023-07-18,95150.60367789528,52456.73633592221,127760.55470806612,195511.31620055067,192526.30112848736,0.8078647090522119,0.19602216710853987
2023-07-19,95833.43776173815,52794.80844730795,128723.57945749257,195946.10490112955,193510.977015168,0.5032858333849198,-0.3026172560290824
2023-07-20,96185.46813557103,52945.55482525575,129248.76241082186,194646.09939911892,193397.16750924397,0.7016488561164272,0.30277653150986095
2023-07-21,95682.75717652742,52625.02539219872,128626.1621655,194646.09939911892,193800.14266771078,0.5045141321983897,-0.3059527746518892
2023-07-24,95361.77109837721,52415.708062868616,128234.18709823552,195515.64946109345,194241.30227054626,0.9110481727038015,0.09104164351385717
2023-07-25,95174.01402935537,52295.01402384401,128002.40660701579,196049.4333441665,194423.7796810692,0.8164427423491579,-0.21285453235011173
2023-07-26,94689.00495192544,51995.80470272239,127389.67195849941,196079.5474544999,194772.39114786463,0.6105857289737082,-0.015200783519715731
2023-07-27,94413.75387165742,51812.0103222195,127058.81767513919,194779.51461330606,193100.6801929294,0.7998664186742402,-0.015933863529096957
2023-07-28,95002.674346629,52108.271525132965,127883.95647095036,196686.51833109322,194106.7497539816,0.6983604338472924,0.095918981685844
2023-07-31,96105.27200323646,52671.407351676826,129418.85182285987,197061.0241326388,194652.51189043658,0.48839033291935235,-0.09467574223036393
2023-08-01,96301.91789746535,52731.85316238851,129741.47892708806,196497.09880004908,193983.1280582979,0.5987338883696788,0.20138664536736323
2023-08-02,96418.8232955765,52752.61623383868,129951.63470523604,193763.65891224908,192158.98149095837,0.590267065479875,-0.19933360350086177
2023-08-03,96148.1259998838,52567.29967130936,129632.20489486062,193208.35909197005,191218.15686211828,0.6937292944382654,0.09239155063614975
2023-08-04,96319.7623221224,52633.59993350394,129897.02107752292,192334.55778700247,190276.53641456735,0.7967066431624071,-0.00669745620301781
2023-08-07,95662.0245966388,52241.38975179853,129049.89344824041,194013.33400314333,191905.6248955656,0.6122373238140776,-0.21333226790948584
2023-08-08,96039.50136825134,52405.01268395859,129611.18402687204,193169.60579973433,190950.1604524902,0.6036662920916213,-0.003891302948926956
2023-08-09,95715.67909848664,52180.13141051878,129233.4276614139,191878.2531492176,190513.36870665575,0.5019156748774297,0.09671687312689753
2023-08-10,95524.07729246034,52042.74117362232,129014.85325013887,191947.1068821951,190272.56805596576,0.9040462417061099,-0.10752321211977418
2023-08-11,94938.61949864472,51701.21489901454,128251.5389221716,191835.207605214,190295.59347234629,0.7111139784990875,-0.11233304259999566
2023-08-14,95293.52148103362,51861.879749836706,128770.85642432232,192894.14985904942,190356.8477739784,0.708198862592926,-0.10820768661808025
2023-08-15,95590.07706602526,51985.89171867048,129217.57464113086,190647.14238895936,187798.9486359853,0.5945812267097266,-0.005693797989265661
2023-08-16,96096.96391299489,52218.81503185305,129955.32584972813,189248.14170445455,186513.91170272153,0.5966553873791882,-0.19354346139372086
2023-08-17,95549.3157097975,51878.97377146112,129266.88135655217,187806.10914553775,185079.14501484964,0.5964081187561343,-0.0047698127115728805
2023-08-18,96008.57518229856,52096.14525767406,129927.86409630404,187896.4924853129,185303.84713285213,0.7917978538374022,0.20047437453995803
2023-08-21,95858.56947064522,51982.46924026006,129764.55576302376,189118.96406366886,185327.32369007703,0.6009536446016358,-0.2032341093703758
2023-08-22,96000.80691132013,52027.173819834556,129997.04559779807,188606.73712657666,184671.74608239823,0.7939864548734038,-0.0016638140232037263
2023-08-23,95877.45730122192,51927.979848802584,129869.97388229227,190707.39794880943,186254.50614132328,0.602185276364711,-0.00600466277421227
2023-08-24,96002.52284935345,51963.676449842686,130079.03342442535,188064.38240955942,184419.20632420952,0.7907016924011606,0.19772491365284783
2023-08-25,95655.62631865965,51728.55895538836,129667.89364353071,189390.1550917691,185367.5012099,0.3021664326615595,-0.10481223760684293
2023-08-28,95635.57684106249,51680.3959184917,129686.9625165398,190591.17908087716,186693.1984180507,0.8070141620526203,-0.0041520686525925435
2023-08-29,95632.33825204018,51646.58386725188,129722.3496158655,193346.12123629154,188825.72537118147,0.6092909989982445,-0.00341055744938174
2023-08-30,95621.178522237,51607.974042484486,129747.57936813602,194142.47063515417,189370.8868405538,0.8094305975279972,-0.0034951588090922944
2023-08-31,96309.66613491465,51937.56832674992,130734.25085724186,193858.37551256697,188676.73514141253,0.3971235058034672,0.0020017175722737766
2023-09-01,95014.37635494793,51191.17750111001,129035.78648407062,194219.94988044232,189343.58079185002,0.7037529940032862,0.08821438479868264
2023-09-05,95363.36966017654,51347.39116798779,129549.28356263874,193380.56860716772,187064.26595767506,0.6939005198544813,-0.1063488084697664
2023-09-06,95782.94890019736,51541.41897144444,130158.95725872993,192080.56310515708,186438.00472212367,0.6891363231479187,-0.10077178899632384
2023-09-07,96312.32071673572,51780.28236758065,130936.21009287272,191490.8432531851,185642.40356177458,0.38671714326356854,0.19305529562815965
2023-09-08,96997.9881558366,52101.68114540919,131927.55661476607,191779.2306275402,185692.37713429198,0.6906983591756362,-0.10130592099537611
2023-09-11,96718.11708150884,51908.76752679182,131600.34530135372,193040.49650690673,186054.09451021953,0.5025246105882959,-0.10195676651878999
2023-09-12,96767.42891626373,51897.79442404132,131714.3522338746,191981.5542530713,185766.0686475507,0.8006222217143475,-0.0012394595848400317
2023-09-13,97228.24883383872,52112.89443580677,132381.8132702065,192205.3938158084,185089.0863476978,0.5976249942187623,0.0026618161675907716
2023-09-14,96873.15877549743,51874.536999127304,131959.0203511086,193862.66776433488,187236.21632631603,0.49850361715788577,0.09737415786836578
2023-09-15,97171.22429339332,51991.43140592131,132418.95787300612,191526.944644647,185680.25445300053,0.6862872091350184,0.1011838889296923
2023-09-18,97307.62676996875,52017.73247074601,132663.95722366855,191639.2676789683,185316.74735551846,0.39596280837082076,-0.00036339438261951486
2023-09-19,97970.80086246358,52329.52707636288,133622.0065366106,191241.8243026885,184987.05144942738,0.7986431821950715,0.006300751191878303
2023-09-20,97996.8227201657,52300.482397912885,133711.85942803792,189483.72344639112,184246.41417485836,0.40081476264266847,-0.19957599857021505
2023-09-21,98637.96742392414,52599.92389919079,134640.76191776362,186351.81496294003,181149.6920228668,0.7893332648851517,0.006799258165387881
2023-09-22,98386.65969774021,52418.491456094845,134358.19362145898,185932.8146406794,180430.31803569666,0.2954845906512206,0.09569305125993344
2023-09-25,97917.78193558744,52120.375049689144,133779.23449773723,186714.70161161068,180862.02860018317,0.804317118275517,-0.00558701090549344
2023-09-26,97964.68912116432,52123.46886047586,133870.9766747968,183971.63833131193,178274.46668962206,0.7942286843887361,0.1956880347798467
2023-09-27,97530.97548513234,51865.13303240972,133313.12463142548,184045.0440382981,178341.55037790837,0.6992359752221199,-0.11190862944399577
2023-09-28,96764.31433660633,51425.11573977294,132306.13685237395,185112.02401200464,179611.43222301855,0.7051677755845374,-0.11571440287780743
2023-09-29,97365.27658977243,51713.024879607525,133167.88444400742,184662.81389226927,179144.63871649886,0.7000630586154629,0.09230994499942564
2023-10-02,97019.40659611672,51481.99994995192,132755.2874719423,184589.35350691664,177161.86021173737,0.39787344719400203,-0.2008097682053919
2023-10-03,97758.08721848046,51836.86431413122,133813.35321484742,182118.42445653977,175015.08613112825,0.8952594134006338,0.10329291378351875
2023-10-04,98184.35902598796,52030.642909012364,134437.90236112766,183444.60722649796,176167.54942229862,0.49293121743207435,-0.2992069156181011
2023-10-05,98505.08414570564,52153.394330474766,134937.72133269097,183375.50744087133,175579.21406579326,0.599296881659855,0.20507363255992314
2023-10-06,98801.14917757674,52272.13738208762,135391.8909861956,185552.67696738744,177064.36049387127,0.6991497065989136,-0.09683247744113621
2023-10-09,99808.67659332528,52773.14588885323,136813.47572383645,186740.64649650076,178308.8355355623,0.7042383172324497,-0.09708379528507978
2023-10-10,100131.57853545409,52905.70446357305,137305.07901249191,187712.55446050735,179735.30653718108,0.601007292328642,0.0014682505723635638
2023-10-11,99690.33566271572,52618.80183450528,136769.44738535638,188481.50999776844,180081.884932809,0.40446097825686134,-0.004908734490619055
2023-10-12,99387.91750320802,52426.321949576995,136396.57081995672,187332.430456807,177628.32947771758,0.9960911013123812,-0.007655606249797586
2023-10-13,98850.6517452116,52125.13558709454,135681.77896214707,186399.34413299419,177264.32788038137,0.699120402112534,-0.11836615800935527
2023-10-16,99025.43301502088,52190.36069457841,135956.30929975936,188360.54778154488,179527.90815244702,0.8030680797613134,0.18499966154071076
2023-10-17,99818.78328276413,52581.542617355444,137080.02879747236,188351.894930051,180466.7629737942,0.7004340899457778,-0.09731328315677827
2023-10-18,98969.45197965342,52091.19482186238,135969.29750836393,185842.08956111383,177554.88944561663,0.49828581773353825,0.09148078608251851
2023-10-19,98892.23837514162,52017.803258167405,135905.25658022036,184209.20216403305,175444.4591646932,0.8952985476180283,-0.1068415163567005
2023-10-20,98892.71816830395,51991.09201863011,135940.56730894014,181945.64081849414,173263.35345015858,0.5942649602980323,-0.20514529584033753
2023-10-23,100116.65831082009,52597.69449134079,137670.6458495475,181630.26967028604,172233.81084971086,0.6951345861419395,-0.08713165981457265
2023-10-24,100132.88364183839,52558.73429065408,137754.87619285073,182999.67568893888,173393.3686889847,0.3941903044239847,0.19568470338475483
2023-10-25,100335.25975109033,52627.08309394191,138082.3780204018,180373.2276947293,171371.39624625526,0.8807823274974862,0.09482195108346406
2023-10-26,100552.83805467797,52714.972523330776,138415.8846343894,178213.33653201777,171091.55872634155,0.3952308075704222,-0.0010412309141068163
2023-10-27,100772.38237731931,52814.294867225835,138738.63785381487,177405.51834578803,169037.80096876217,0.0972976339078059,-0.0972976339078059
2023-10-30,100696.82432931344,52769.451646827525,138641.48407507475,179526.56052912257,170349.4052063131,0.0,0.0
2023-10-31,100696.82432931344,52769.451646827525,138641.48407507475,180654.02844573668,171895.5446630954,0.0,0.0
2023-11-01,100696.82432931344,52769.451646827525,138641.48407507475,182580.64802749502,172486.57294046375,0.0,0.0
2023-11-02,102472.5860587504,53645.68950101237,141157.08369293576,186079.68073301818,176287.61337232366,0.9988912665670955,0.017830207588131752
2023-11-03,102052.54908096968,53392.39987221744,140622.19801095195,187777.36199436607,179223.28530004478,0.4061351190621059,0.19543768523480937
2023-11-06,101901.01812321655,53273.829768012234,140464.41823524795,188209.32108948013,178302.23073817286,0.8971997582308316,-0.10754621081775192
2023-11-07,101674.40270119114,53128.337563297995,140187.19494934595,188744.97770660478,178032.93619047597,0.6039482953332327,-0.00873133842961034
2023-11-08,101842.69598782543,53182.85456646737,140462.5689129438,188883.21828663288,177774.46508941185,0.7990862521305465,-0.20694185447458374
2023-11-09,101832.29539875212,53139.8228633136,140497.531033731,187410.19676351914,176176.6533508184,0.5004294936954781,0.0927822570327452
2023-11-10,101516.57198789458,52930.8000710035,140119.83920756888,190334.6965333574,178277.65008950644,0.7018854639223595,-0.10961293657315481
2023-11-13,101432.26981135366,52854.28858559412,140046.11612450166,190153.24637422626,177966.8158946903,0.7040526243829373,0.08692806733721692
2023-11-14,101955.46200728527,53093.58123041855,140812.01590293422,193842.36842078285,183252.63556405072,0.7116674770947841,-0.10835335643389182
2023-11-15,101860.52787018582,53005.934146214546,140731.19887835192,194252.72956114117,184169.72114549458,0.5987762191365876,0.20007471423948298
2023-11-16,101700.28263988186,52889.80094836753,140552.82920776424,194490.33440263715,183602.23838115032,0.8028553890200836,0.1989222965581036
2023-11-17,101753.09464568169,52884.298671408615,140669.00504601534,194732.27250467584,184433.22203311115,0.6065408479485301,-0.2025120885027125
2023-11-20,101757.41840274134,52838.003381956645,140739.1747799555,196231.21157349643,185236.635286011,0.507376503725707,0.09802560203273672
2023-11-21,101700.63087136802,52764.896798076836,140718.13597560106,195803.5447301503,184906.5069685828,0.6995257915604836,-0.10484723649593845
2023-11-22,101511.30034958637,52633.68620492211,140499.67571578265,196559.51415537472,185803.00777327202,0.7062603424379813,0.0973156667127172
2023-11-24,101779.28091220133,52739.929604355,140913.64389212074,196680.46270200665,186397.9348504664,0.7038542699946336,-0.10235014467912094
2023-11-27,101875.51306516648,52763.21452498024,141082.17592418432,196326.2425744215,185906.728166459,0.1984415414109416,-0.0006751116848574723
2023-11-28,101480.24692365548,52510.00467452979,140599.03810037416,196520.62416722285,185809.5277626897,0.9046383317737847,0.09512742546570171
2023-11-29,100576.20560932416,52013.96732969694,139383.6814905845,196382.38358719472,186512.1121378081,0.6163501137440455,-0.2211926407951411
2023-11-30,99746.41697305124,51551.28825025788,138278.1939838972,197155.65871540696,188038.16030026646,0.8174021017078874,0.1918204158227056
2023-12-01,99235.7520091084,51264.92823288686,137599.5989660681,198322.01662017297,190947.4710299111,0.8373387016662233,-0.21513527032341334
2023-12-04,99670.59091113746,51441.45506490669,138266.86010293057,197280.91318339843,191014.38676142713,0.3005695818407171,0.09988898324087973
2023-12-05,99962.97698507096,51544.79568719167,138735.82158602178,197242.05053442979,189328.94074921423,0.7974260804288449,0.003127880056204936
2023-12-06,99257.52570512383,51143.72627213417,137806.47364354518,196447.20479064508,189499.10915189752,0.5069847743013357,-0.11248109934924129
2023-12-07,98579.86757469953,50761.92962029189,136909.00760258993,197946.18486824053,190478.29600933078,0.9154183386888134,0.08788991963087872
2023-12-08,99106.10363960717,51006.863962865056,137674.50887047828,198797.18529439004,190996.37523550072,0.6054453622562287,-0.004867166293375202
2023-12-11,99230.03205258316,51023.90291942527,137909.38541962148,199570.41941382742,192732.78649818842,0.5038367517872221,0.10127178183613879
2023-12-12,98271.38235791725,50483.67686331077,136640.51108996294,200481.86677410966,193107.88962865918,0.6094352533254429,-0.00530955802955746
2023-12-13,98224.4535667121,50423.094482280314,136624.150545195,203246.59635712218,197243.2655154306,0.7171535310600927,0.09583272872747663
2023-12-14,97576.73510472254,50058.77825648305,135765.8642036961,203898.8545907444,199875.12758916142,0.7104150958942862,0.09694497152289826
2023-12-15,96888.72849457961,49679.181588457155,134844.12279708573,203563.12942061777,198584.54977909548,0.8069216414693514,-0.004884965931208599
2023-12-18,96744.07320536546,49574.40329931591,134683.88081116526,204708.20377123528,198794.15789908025,0.604257859070073,-0.011198543092059456
2023-12-19,97448.82343174818,49904.403290621536,135706.71587256395,205952.9977927027,200456.895709322,0.7989545881812344,-0.009051351204101573
2023-12-20,97711.94067058583,49999.10741369014,136127.23806500807,203099.07412438578,197071.78265159388,0.4021625653400576,-0.0045281530154370414
2023-12-21,96947.49680424851,49566.099978294274,135118.49424862379,205024.8188522806,199496.1082742819,0.8155672406479113,-0.21371241986147135
2023-12-22,96671.55262658812,49408.39583177064,134755.97556548772,205436.86135240787,200113.5828567309,0.9262515207933507,0.08474925399420512
2023-12-26,96237.7453676649,49160.00969331221,134187.1249782347,206304.34730604815,201285.2512589277,0.4270490568542877,-0.22379132010868744
2023-12-27,95956.40732142344,48989.34695441399,133831.0019263344,206677.32211333254,201561.8734957811,0.515113894261629,-0.31530784236063686
2023-12-28,95900.23350473831,48949.36462881375,133767.52718640413,206755.40282065189,201882.5903307579,0.5092216930887367,-0.30925953747741425
2023-12-29,95991.87506801028,48990.39106907642,133902.79189486988,206156.85241249498,201197.74413661828,0.4084733190358395,-0.20835101849177837
2024-01-02,95630.10967764529,48785.03955025489,133425.9097998341,205003.12521038356,201145.74305464572,0.4138834787116963,-0.4138834787116963
2024-01-03,95159.8218221412,48509.75628009229,132817.55418429142,203328.9419770262,198303.56271820827,0.9027150898544727,0.08698630341742107
2024-01-04,96015.23401041477,48930.06061704127,134032.49588469698,202673.99083385535,198052.34722712764,0.797986588152646,-0.0022594674229774563
2024-01-05,95349.92952412755,48555.71287597498,133151.65136118478,202951.57923083258,198569.26995809376,0.5083936002793801,-0.10915713872428087
2024-01-08,95829.2845443545,48769.790633368204,133861.66410670345,205848.9175221268,200750.13422536792,0.9108318550064731,0.09800692842524741
2024-01-09,95618.130319088,48617.53983983182,133627.80441585975,205536.62203203264,199703.61676293472,0.2025098106210136,-0.2025098106210136
2024-01-10,96017.68822081416,48771.01445360508,134254.04576687372,206699.02942482117,200081.15276734228,0.804694772891978,0.2044883005576597
2024-01-11,96102.62888144093,48769.3771654068,134434.110662308,206607.93526628194,199497.80671270643,0.29770709766350284,-0.10045265537453522
2024-01-12,95792.27825824523,48562.22922256139,134067.96925981584,206751.0558905175,199168.48585258305,0.7037862720231286,0.09826242267562044
2024-01-16,95651.9283601663,48451.075086371085,133926.17162038854,205992.03814636238,197878.40052223168,0.5026095701648147,-0.3041513298270287
2024-01-17,95954.83869106582,48569.707637257,134397.9623728604,204847.0048045197,196317.14547711174,0.7973959600706424,0.2001357821421381
2024-01-18,96211.68241909142,48674.286034665114,134792.32431487937,206668.6419226554,197430.04611538374,0.7021791381867837,-0.10231748210472938
2024-01-19,95665.44691029949,48362.80219284082,134075.22149186963,209245.01820276995,199021.30463995095,0.6082546923952984,-0.009684643466355324
2024-01-22,95082.34899580068,48027.267683929305,133314.02317299417,209687.448205063,199996.0208765359,0.6108955645282157,-0.0013920875315217396
2024-01-23,95295.65436216455,48090.71387007748,133674.26138746447,210298.9847252566,200134.66445500506,0.5013534413727193,0.10219393036636672
2024-01-24,94945.38349065717,47864.936438532066,133250.5915120809,210528.86624748865,199010.27928779964,0.49112507043574305,-0.10428781907309655
2024-01-25,95355.05459164469,48032.65778375318,133879.26533053987,211673.92692851453,200935.74699716247,0.697014839198923,0.29946073977867943
2024-01-26,95683.18747667914,48153.80349072288,134401.0237109413,211405.03239180605,200989.59674704226,0.3934935925658023,-0.1947899702782128
2024-01-29,96095.7022683518,48312.89915847955,135047.8453652537,213079.229294755,202290.05293034183,0.6006090104372852,0.20501600357723831
2024-01-30,95538.54904969137,47988.36251319179,134326.48205451644,212914.38768943917,202380.55073760325,0.5047811007955433,-0.10403927223363973
2024-01-31,95592.5074638017,47980.792917392246,134450.32634502603,209440.19263188506,199725.22445903832,0.7922836103339789,-0.0015907676896566598
2024-02-01,95294.37233675702,47787.54629254053,134091.72872653528,212181.39684772384,202160.22385531556,0.3092065531829074,-0.10472457311638675
2024-02-02,95161.94459426671,47671.90320841115,133974.02325192606,214415.13114435328,201944.78506774557,0.7045573707398951,0.10106453764773067
2024-02-05,95053.24197856039,47578.2228799796,133875.51698478,213634.37874952625,200109.34211101398,0.5009380523081421,-0.3020297325054034
2024-02-06,95496.51702345279,47761.09858264054,134554.27943425835,214254.62279958022,201335.70863540546,0.7039163070774688,0.10220134551824504
2024-02-07,95966.65768848923,47952.139246601015,135278.4581869137,216041.62117255706,202155.15862395574,0.40317999535224247,0.001228932342932949
2024-02-08,95849.39591343634,47849.218294680344,135175.11966400436,216137.02125245583,202577.82342388513,0.691858981840714,-0.10211228509148627
2024-02-09,96264.83917646502,48018.42811521893,135814.760675299,217386.17587364922,202973.032884,0.5016539886421755,0.29730955997692354
2024-02-12,96194.0535462396,47943.17785387505,135770.6529471702,217290.74845456722,204301.93283031072,0.7074706446569182,-0.30440947663577583
2024-02-13,97334.82454795775,48469.26256018375,137440.71992503406,214297.98274419102,200837.34484136486,0.39418280517954174,0.19865673852653218
2024-02-14,97126.24598314811,48320.77359775176,137208.88767596518,216245.46212275772,202794.31633196495,0.6957444639483327,-0.10501199530129138
2024-02-15,97268.06296194364,48357.07364210133,137457.54424926592,217737.49804781144,205200.57907451785,0.5997523368698122,0.19806383102589728
2024-02-16,97454.83533904426,48405.241155223644,137784.52740322665,216653.15769275065,204290.57045019223,0.49464021887993886,-0.09805249150758344
2024-02-20,98209.08987243887,48736.03976515084,138912.99836661757,215460.4174761628,203643.77625486715,0.5873312682584986,0.19839019711483974
2024-02-21,98397.12455239253,48794.510399185834,139228.17891199747,215655.57823568632,204270.15185399263,0.6913739872356404,0.09381558221450176
2024-02-22,98417.46023162667,48760.30202575886,139319.80598509847,220118.67255962762,206318.9529589327,0.3917458846448589,-0.011544306807204507
2024-02-23,99200.9968580206,49099.41360589715,140498.63271819137,220270.4733745403,206860.69586343857,0.590434298601297,0.0034522743702190004
2024-02-26,98123.10291921606,48521.33556102393,139035.45103845053,219463.74875564,205884.64988746372,0.4981782296707871,0.09187432002936402
2024-02-27,98377.70592098776,48607.27313759488,139452.88418231235,219871.45799522454,206830.85801840725,0.6943510977321771,-0.10367181975160288
2024-02-28,97588.43949162064,48173.38018289701,138396.7236127502,219580.84247743577,206923.3172909196,0.41695006408770263,-0.011726923432425658
2024-02-29,98280.06198103983,48474.57917249334,139434.7275865724,220370.20671498185,208127.93737235529,0.8006322686732055,-0.0030556179921126555
2024-03-01,98673.12874281712,48619.89793355321,140062.00416614587,222439.1130758871,209260.55879892388,0.18967476364048877,0.0014693929552764963
2024-03-04,99346.43375781649,48907.18611865594,141081.2287105074,222200.59237175275,209766.8760430297,0.8908441459216623,0.10201342625696007
2024-03-05,98685.90499497134,48547.69308485992,140192.5032747858,219979.8851959348,208671.31132989214,0.4007306335179109,0.1864902109509148
2024-03-06,99121.70333753467,48721.401722955474,140869.74741812254,221094.57204438653,209996.1557532466,0.8037355150039882,0.004778497578397719
2024-03-07,99029.78658624568,48640.79740208978,140789.85050481293,223289.2659873563,211639.33009840027,0.4899667843564795,-0.10492116112298668
2024-03-08,99334.06293478767,48750.86789463019,141279.11872142518,221949.0308772153,211412.61110871471,0.686976601666289,0.2955847256674628
2024-03-11,99659.54286355572,48866.49780269948,141805.4419414637,221758.1760390513,211876.51013622948,0.39728242600031405,-0.1979534587090134
2024-03-12,100575.35211619853,49266.333856764766,143179.6332090272,224143.71115059344,212366.9276291004,0.5975039676109414,0.20664996911031044
2024-03-13,100165.12884451776,49015.164334113484,142668.12668579922,223792.38897643122,212416.79545656824,0.40020414053687475,-0.20253047679359934
2024-03-14,99862.88345163836,48827.08683292083,142295.65816245793,223349.95897413816,210429.00038063643,0.7860486236915094,0.19478519640497638
2024-03-15,99864.72087750016,48793.33927744249,142348.26944582778,221816.31281220066,210097.27472640525,0.4958237801810036,-0.1059921243979003
2024-03-18,99894.00565426516,48763.108478187336,142454.50268841995,223134.60822779554,210740.497102986,0.608335540130581,-0.001786742019644148
2024-03-19,100712.52436746459,49127.1568835734,143673.0112570916,224374.6042226052,211949.0496727649,0.7041348578198908,-0.09215505994386836
2024-03-20,100688.92731176017,49075.21286965524,143698.12062246515,226449.86694361258,213740.32580942058,0.5046718161583672,0.09771446051742869
2024-03-21,100601.86375701906,48992.194395354025,143632.82174181982,227198.23607589767,215313.69339234615,0.7001913977550742,0.10041995563677594
2024-03-22,100274.13565085048,48787.82684304632,143230.17142351062,226767.54825280406,213976.2777031835,0.39673059444881625,-0.0025585489686157305
2024-03-25,99343.86656668299,48295.126404226896,141959.77661408042,226140.9751818312,213481.57714266435,0.7968647307190905,0.19001703701413372
2024-03-26,99231.59034788261,48210.811817247144,141842.5641264328,225723.3144795491,213179.59627582988,0.6004460540497496,-0.006847399773236436
2024-03-27,100225.81960320173,48654.443800074136,143321.05208950705,227620.25737790577,216657.34799179542,0.6000576044503139,-0.1940646633139839
2024-03-28,100000.29503753291,48495.57807076712,143071.07238514113,227576.73339819556,217579.61619146392,0.40063786702484216,0.20055085937982728
2024-04-01,100751.08571565912,48819.73783206043,144203.570497729,227180.83468576855,216276.09963537945,0.784482790570772,0.007159709446046591
2024-04-02,100514.70383392145,48656.85512507776,143936.40187714,225736.4099483187,214248.4147316101,0.199625045835748,2.0319534648513643e-05
2024-04-03,100189.57541874472,48459.02444039727,143529.92045348423,225984.39000985236,214389.64320717324,1.0068088612285802,-0.0028134325575705195
2024-04-04,100146.65841867233,48422.212034618584,143491.60968501412,223225.97577816714,212113.41665371277,0.6982219323692741,-0.1081610051121339
2024-04-05,99663.23322572789,48153.49449952518,142850.2744779007,225557.99443852666,213545.17602386186,0.601851671951918,-0.008891966592443803
2024-04-08,99253.99338501804,47920.771451448,142315.11512251003,225684.1784387481,214146.80984797934,0.6962830883969836,0.09089404560836332
2024-04-09,99579.56157809046,48039.17935009222,142839.16653686482,225945.24029945975,215082.45563521172,0.5003041048278144,0.09711659619096923
2024-04-10,100037.49766446356,48220.39332403831,143554.31658967014,223682.8135300251,211494.98678764128,0.6922151056025434,-0.291071839878865
2024-04-11,99512.92947925776,47923.69891929294,142866.59930051374,225370.88506846587,211243.9318919158,0.4014734507392027,0.2021443915661868
2024-04-12,99527.33414373001,47886.15603298583,142952.84542300517,222260.10977365548,207969.7186294439,0.6981679756896546,-0.2978179511570243
2024-04-15,98655.65783290358,47427.41256041944,141759.2159332506,219475.6002915724,206103.92830858313,0.49845913548765564,0.09441100204785711
2024-04-16,99042.53279905094,47574.350656839066,142372.88107292863,219075.3273098278,205070.80408834183,0.6876810149434915,-0.10172292047699809
2024-04-17,98667.82382675145,47355.818238478445,141891.56825427568,217778.80755367962,204606.51130305938,0.5026887733614787,0.09384842846653799
2024-04-18,97771.951681154,46886.31121278756,140661.6986534003,217330.6499924988,204475.21518343664,0.7202027559760042,-0.3170785618550567
2024-04-19,97411.15604863691,46692.94501734383,140172.41141817177,215433.72076373376,204980.53381752045,0.9246686727563564,-0.12349748575930634
2024-04-22,97799.60246819195,46844.98908618029,140782.38326170624,217417.67061273602,206601.97334095516,0.40512905595313103,0.19476367838881217
2024-04-23,98244.5210492336,47014.72497924946,141487.4048446266,219997.6693346292,208500.36533185418,0.7071169875392741,-0.0954696248686551
2024-04-24,98433.32192962448,47066.100063698366,141817.4667852585,219893.28833303772,208820.9036665646,0.5091516591246195,-0.09604730906368254
2024-04-25,98742.7359044645,47170.48322168063,142328.41524906794,219057.9395892903,208246.9027565813,0.603048562587764,0.0011255362950861202
2024-04-26,98596.11464842565,47057.00149142704,142182.12805571692,221133.24331907253,208580.40186120287,0.5065689445494183,-0.10167634511012591
2024-04-29,98331.72082527734,46896.698343129116,141851.79880848332,221916.38789243263,210071.93297167742,0.8122223870749596,-0.006097340903702609
2024-04-30,98767.40610253823,47070.81736093372,142530.72373006318,218400.95167696843,206986.10597568998,0.4988375090477198,-0.1003513897825806
2024-05-01,98998.55057128816,47133.45737821888,142935.87520345673,217691.7869334424,206326.59404889075,0.5047099487162378,0.1017437315482216
2024-05-02,98717.12548871333,46960.14587402839,142588.42696729966,219727.95462242365,207522.68386656087,0.7049018760134493,-0.3066545871054237
2024-05-03,98708.13943177252,46922.15941767061,142626.28819871845,222451.55240425904,209015.91041911606,0.605870644364684,0.19470296349772676
2024-05-06,99401.43909574157,47208.280907374836,143693.45950182842,224748.74094517707,210691.6500365895,0.4944682521918127,-0.29546870564436817
2024-05-07,98960.20201651509,46955.475910388355,143121.08819626799,224996.73467630235,211349.59386324027,0.602308183675388,0.20034528374663477
2024-05-08,98834.50425005131,46852.73470279434,143004.4926559657,225018.5103357491,211194.8294441182,0.5047785423971405,-0.10227506074020369
2024-05-09,98931.99384611522,46860.24979146317,143203.9943592646,226315.04376148887,213007.65836135155,0.7094477243654683,-0.1024347250785979
2024-05-10,98797.35779682401,46753.17083018748,143074.9208980006,226606.56147232436,213405.34579920745,0.4006495862370058,-0.0009713723768580711
2024-05-13,99073.5354391041,46836.19582540875,143547.34059397312,226636.9763136734,213317.0384120402,0.5938476907255116,0.0024562092007919885
2024-05-14,99283.25159860116,46901.97026049985,143901.86866179446,227676.83581761073,214282.4353146614,0.7012456019646196,0.096965285727687
2024-05-15,99040.64970378349,46753.35197997003,143601.78260396843,230496.16174954368,216029.8293381068,0.6059656879301075,-0.2084928396888231
2024-05-16,99403.37871880384,46890.91402200126,144178.94165712938,230021.93627714823,215693.1378659155,0.7041764585759253,0.09419100795962829
2024-05-17,99290.9265362127,46808.834660557266,144059.8547711374,230352.57635919313,215993.37138661547,0.7091414914094183,-0.11267329927364249
2024-05-20,100028.16034526296,47117.886152075575,145188.2211777235,230617.98515003914,215813.86279895206,0.49650431210820245,-0.09425954333210708
2024-05-21,100005.93587492281,47059.76781284531,145229.02935997827,231183.57817280618,215638.890231584,0.5004005445068166,0.09781164350982287
2024-05-22,99347.77018897388,46706.315178812554,144340.26946697995,230517.95107858203,214897.9643300133,0.6001685851493278,-4.286386308362932e-06
2024-05-23,99752.48030855368,46853.78542312542,144993.8915996317,228834.15812231755,211808.96994205334,0.49900165361961757,-0.09789486114908025
2024-05-24,99456.44935869004,46667.05153884212,144637.03135308853,230348.22942905876,213237.33265504692,0.5105574786792346,0.0996803402071382
2024-05-28,98113.53567932485,45992.792155937925,142751.82266594534,230509.2572183133,211639.81937354323,0.6161743869884024,-0.215126324962194
2024-05-29,97895.66243885098,45861.94423992584,142478.77170685935,228895.0151441988,209146.3083368506,0.8194083084494126,-0.018602873154282502
2024-05-30,97557.55845474877,45670.48790067993,142037.4087191339,227376.65158568972,210084.57675225954,0.5151271219592517,-0.31989503322855306
2024-05-31,98248.05423204938,45955.528068326064,143101.76733876966,229447.6220549292,212957.48343558295,0.7040751491774879,0.30149146553964107
2024-06-03,98650.27159467984,46110.515348700814,143738.61215731132,229634.73142499,211893.4089098588,0.5994018491701603,-0.20194050369298422
2024-06-04,98698.06364211376,46095.15137675192,143866.51946944158,229891.3916772008,211320.24973945197,0.5998247834453151,0.001925314939029912
2024-06-05,98582.63627927702,46003.304238502846,143756.98559295599,232623.69698889652,212642.81424899577,0.6061790151080942,-0.002123246158811728
2024-06-06,99182.63819789443,46249.85461214773,144683.57963000913,232619.32271957892,212233.1531896098,0.6984085452502946,-0.09912356537795435
2024-06-07,98789.21812478916,46028.55938012269,144168.35316842783,232336.5262081954,211542.92204692666,0.5077890202357718,-0.1040806670330341
2024-06-10,98797.39517139636,45993.9870178314,144239.77360522866,233054.39848158177,212056.46478106783,0.7146483200154732,-0.1046778412933646
2024-06-11,99333.0652001668,46214.98202471074,145065.73476322577,233615.6992525809,211302.5462647311,0.6932710977860073,-0.1044579920607433
2024-06-12,98321.6628739824,45710.45867180127,143641.7146524219,235534.36313201784,212449.37451643642,0.6028932096699761,0.3952818902668392
2024-06-13,97827.78489175561,45442.830128700276,142979.1437070735,236008.5886044133,211905.0328524191,0.6100442919198235,-0.4086456088568345
2024-06-14,98619.20349064874,45773.66845477173,144193.38519031965,236152.17399476387,210560.17413037873,0.5921214909451289,0.2017920896860071
2024-06-17,99010.44907170688,45913.79990640575,144830.25750816643,238031.71550299143,212028.75873191943,0.4970617512003783,-0.09785940608550696
2024-06-18,99406.28549417117,46055.487614123136,145474.8463216568,238636.4855753343,212519.60536354425,0.5938218083251796,0.0028448929701228357
2024-06-20,99487.687000978,46065.158386360534,145637.7998758672,237988.21886246442,212754.60080869074,0.7996247561325337,0.19783074581375032
2024-06-21,99910.82219590436,46223.35009975609,146316.35286822333,237669.19793329443,213132.8087699636,0.3939350409878264,-0.1989627275317691
2024-06-24,100438.04966977917,46429.324252838545,147147.90724226457,236896.56527588825,214199.48508882194,0.8012251107881879,0.00777219470391014
2024-06-25,100372.66044716211,46352.28384377767,147126.05408965857,237808.84648125916,212693.25073621105,0.19990818214221104,0.0005774081756174164
2024-06-26,100309.7303755435,46280.38899915609,147101.19022263712,238105.66799364227,211957.1169455064,0.9072102073260263,0.10011537967699127
2024-06-27,100031.17137032485,46113.98399217823,146752.52730880596,238480.98030109325,212239.5602554122,0.3050480512627087,-0.10575961678688911
2024-06-28,99535.21825693214,45842.752513330655,146092.24349584,237542.56283654962,212385.20193015237,0.8040625301966534,0.19568996588192775
2024-07-01,99900.51558013404,45991.5546010314,146658.75587574072,238031.49678952552,210726.22510141903,0.7966825085106651,0.00017959200723550748
2024-07-02,99481.25235986318,45756.771325100366,146109.46198307266,239633.2721960848,211594.35522811726,0.3076688572916666,-0.10522995647952879
2024-07-03,98808.19585972762,45400.18825463798,145195.49992811156,240702.72636587414,211762.9091281515,0.7065039223473704,0.09425599395993793
2024-07-05,98868.11104071603,45399.35929644431,145328.4115079414,242090.76403790168,211598.1651118926,0.7086352472711076,0.09484172243635566
2024-07-08,99689.18355760595,45734.635019287096,146601.64276287938,242370.0611338311,212049.55678502683,0.4005115519328449,-0.20003307823152572
2024-07-09,99315.21588780971,45516.74473576728,146125.58477523815,242605.77957168384,211652.4587030803,0.6021981488864194,0.19799406170593012
2024-07-10,99013.44164476439,45349.55432404649,145727.1813436607,245006.433251555,213565.83352398663,0.8087284474713914,-0.21054578376355906
2024-07-11,99281.23816638312,45430.850482174705,146187.67865236875,242893.8252062485,216140.86298259444,0.3030691976144096,0.3030691976144096
2024-07-12,99260.18890181824,45378.88868414471,146224.03607309866,244425.91303474162,217918.39535630247,0.8015178249829307,-0.19946335833038753
2024-07-15,99274.33509127841,45352.8990052462,146296.8169405933,245098.04685457572,218095.3510745478,0.49591487374491017,0.09761080116239228
2024-07-16,99852.9444262688,45580.484991064266,147208.28222219142,246551.534531268,221915.66178608348,0.7100457055903048,0.10231797429446403
2024-07-17,99073.62459260503,45186.89181942865,146119.97670509823,243094.63150711005,221059.0430364081,0.5021430308743957,-0.1060259521659962
2024-07-18,98927.81041211708,45083.1794072812,145964.5979360462,241226.43575992505,219120.93265426508,0.6946273843570123,0.09530250570085652
2024-07-19,99051.50554137319,45107.05376539747,146199.23101388343,239624.57833581607,217650.34661889687,0.594215524584667,-0.005677208780221818
2024-07-22,99348.18718368362,45201.021567183016,146703.29131147818,242095.0562896696,219546.05735454275,0.4987818047448609,-0.09761516267561539
2024-07-23,99946.10731751664,45431.78059687167,147652.73258443788,241715.31503453452,218802.09314628475,0.595536977853329,0.0021606438432782266
2024-07-24,100357.23252362676,45572.84770002208,148334.17930724443,236237.4995856405,216152.5944716248,0.3973558247871235,0.0038903595366465774
2024-07-25,99753.19451511816,45252.19929515442,147516.3186791304,235006.5801996649,216284.13540507326,0.6013590566280603,-0.0060622243096703395
2024-07-26,100302.22084868564,45468.76152589731,148380.7115708934,237638.6053872544,219450.89637237208,0.7157847976460029,0.0992254886158909
2024-07-29,101433.76508436163,45948.23513205083,150108.4718739175,237778.2539352191,219810.5871583676,0.6002048139581185,-0.39498497228808144
2024-07-30,101606.52307235115,45980.19247662187,150439.67106267528,236573.6075043324,220701.80627654016,0.40206205103706283,0.40206205103706283
2024-07-31,101069.35099559845,45694.2105586007,149713.7163017402,240419.02766144386,221979.0092780272,0.7038860102772454,-0.30585634188132116
2024-08-01,100962.48166299332,45608.904173860195,149615.80572873517,237014.45183399785,219529.56488341058,0.4997741251962225,0.29753839562012535
2024-08-02,101477.83578676375,45799.80788366941,150447.45515722613,232601.63426802584,215548.9038630818,0.582846407045698,-0.3938800630056068
2024-08-05,102219.18328089624,46098.746507768934,151604.91210383677,225827.36741094175,210351.678579224,0.5861416159294041,0.3921064252284897
2024-08-06,102575.89560557713,46246.151335696486,152156.0623398044,227909.39657979982,212667.4194324016,0.2943032863302486,0.2943032863302486
2024-08-07,102864.3989762261,46333.1898115543,152654.03503065603,226386.07095953356,210978.46603858544,0.7843054564109837,-0.20164605506630595
2024-08-08,104431.77168437047,47016.10080059888,155017.61484932725,231619.4741103061,215175.10484820858,0.6927711914268222,0.10621712315379134
2024-08-09,103819.61772712113,46702.54844401727,154171.1030721045,232640.86599596817,215592.60671710852,0.5059045489958214,0.10061032879721872
2024-08-12,104450.23126279737,46947.584437455895,155170.68618448626,232763.09948421214,214571.9071534069,0.6990426474061626,-0.0955513634777947
2024-08-13,104468.08478085676,46912.49912793035,155268.063218974,236591.02256405316,217198.60414079012,0.4031228721221675,0.0021969324706471107
2024-08-14,104508.53709870664,46887.16305087547,155399.51999416045,237337.38226637043,217632.4989781465,0.704507718916469,-0.10169184772388044
2024-08-15,104388.63248026435,46789.991809300074,155292.7072667878,241405.42539256503,220732.1939106839,0.4027753963375813,-0.0011455022180869414
2024-08-16,103849.78749013647,46509.93765565862,154554.3819766455,241946.65920306963,221270.26304370898,0.8151790862262598,-0.009110593055260251
2024-08-19,104113.20147186301,46603.23159981078,154986.73335309935,244260.04621005445,223034.93529169084,0.7099522063296277,-0.10373821731229746
2024-08-20,103749.22158395738,46401.88234332882,154508.40618871056,243862.86255601543,222084.17327247426,0.5062959021758779,0.0974051702942468
2024-08-21,104239.79029294783,46582.82503461123,155302.20098009106,244700.86320053667,223789.34335646895,0.7010998954245818,-0.2991909982626952
2024-08-22,104660.11103826831,46733.04406107846,155990.88033770712,242780.39493500622,223046.4976747605,0.30337740618307213,0.10248507252657796
2024-08-23,104427.10922998504,46590.19642135959,155707.70771183513,245359.95622996765,225963.0574168726,0.5043868398404046,-0.3019840987328556
2024-08-26,104526.06732020369,46591.61595389745,155926.31724520144,244775.1164222031,225788.3509235385,0.5972783346686804,0.20006685404190946
2024-08-27,104951.032758525,46747.72892053764,156615.33859111316,245111.16966252853,225867.84346721647,0.4989558043486251,-0.2988365628958429
2024-08-28,103805.09641039596,46194.796723332445,154976.10166398194,243688.24719269306,225112.47930306228,0.6117244727191652,0.18892050424536178
2024-08-29,104046.632024673,46273.17620323398,155384.72349374552,243710.06386091464,225930.68498309786,0.806573133683282,-0.2102027383822633
2024-08-30,104099.23236403767,46259.07660522751,155526.14276640318,246036.49165830258,227798.90924818531,0.3992959684846986,0.3992959684846986
2024-09-03,105179.64592277228,46691.55667316911,157219.54781494284,240973.35694071805,224616.9061403625,0.5810264584471221,-0.38665395379160794
2024-09-04,106646.75377956056,47310.312699844726,159466.81462468125,240480.103396791,224404.91254957955,0.6898231625545358,0.11706933352359196
2024-09-05,108014.4299167191,47875.420684464756,161581.6284999286,239895.18157147674,223046.62291681083,0.4001562495313483,0.00974605596191184
2024-09-06,107866.85196125084,47761.16439571405,161442.76013619415,235857.70365213897,220405.3644130557,0.5978148286726882,0.0001974397611792564
2024-09-09,107511.34646902146,47564.39147704979,160976.50798388346,238498.4773783637,222637.38718461545,0.6078362920615865,-0.20456029091848363
2024-09-10,107499.70989682431,47510.874060628885,161040.68768318868,239537.25698456328,222682.5237937195,0.40174987848980104,0.19812018553817062
2024-09-11,107370.80494689905,47414.37869827687,160913.73166534322,241994.69414801366,223163.78175861243,0.8087193014725839,-0.20433220583065115
2024-09-12,107375.56855217903,47377.67937539027,160986.31183445867,244033.07631083694,224402.23778804924,0.40678176640017755,-0.0037878349871675447
2024-09-13,106886.39494353207,47117.795172884136,160327.01889555645,245307.60169407248,226648.68514637093,0.7215830345517658,-0.1079512984927909
2024-09-16,106699.89190714122,47001.29471035469,160105.03889559908,245669.90055030357,228190.05040576964,0.6126525011269568,-0.008448313857725435
2024-09-17,106304.63207494201,46792.687024408406,159570.1695472434,245770.2626919595,228673.70810525073,0.6944124592871503,0.0923363325370405
2024-09-18,106237.67141023319,46738.78689335858,159510.79278145812,245041.3727277294,228248.75745693909,0.7889665114142175,0.19308097466150634
2024-09-19,106831.52352590149,46966.749882660755,160458.730252397,249222.87346434954,230888.00755059803,0.4977899514812102,-0.10361519869628168
2024-09-20,106883.59190050537,46951.4413674149,160601.65847059755,248792.03527574812,230024.29496036813,0.6992153458475918,0.09565214527872593
2024-09-23,107178.73417095048,47038.215350215294,161118.04097445105,249413.72830251354,231193.5804700989,0.40121205877971033,0.001874973820603161
2024-09-24,107087.0946363626,46954.57482644158,161053.96508781027,250127.3903416817,231610.51925811035,0.699068730982534,-0.1026633850390536
2024-09-25,106271.26104660014,46558.3775144053,159892.58789447017,249575.7129631813,230131.6535485558,0.4946970032319158,0.09086243662813173
2024-09-26,105750.53253536159,46296.10376195651,159167.05588021612,250565.20002200804,232159.1974164797,0.8080995782191921,-0.007635992310568576
2024-09-27,106351.4161901483,46525.53698740077,160128.7118594346,250201.80759844754,232975.42285414017,0.5007555245925521,-0.10236985856479211
2024-09-30,107398.77145659829,46946.35908095768,161769.45879672468,251204.41746522713,233355.32272271684,0.7012118561255745,0.09981618261622473
2024-10-01,107468.19070858273,46933.9458470434,161947.25955193897,248954.04727559912,232019.48267595202,0.39548190943759276,0.0033565324060914393
2024-10-02,108778.93794914898,47463.50924870443,163995.9188541528,249059.05707840502,231719.3943668072,0.7013108886216588,0.11282439122418424
2024-10-03,108288.76840268509,47211.07647802007,163322.98656327432,248603.75032080823,230637.8279098976,0.5060290147725467,-0.09051259980336417
2024-10-04,108260.4352400415,47159.518349865175,163347.54133180119,250862.95106662114,232328.9642338505,0.6985012501422352,0.10303915873411965
2024-10-07,108324.39992205531,47144.23148288597,163518.2096048382,248595.001782173,230398.3050557644,0.3981710903776688,-0.1980182281386567
2024-10-08,108337.65935245097,47102.30519570675,163620.56206141427,250946.11686202223,231082.1539266398,0.6019921051199215,0.20059074470005514
2024-10-09,108231.14838200322,47012.49576150297,163534.7018538364,252684.260114558,232747.17439048196,0.5092345751485006,-0.09712134131289421
2024-10-10,108697.26470702249,47176.17872851815,164305.7528150502,252242.07616491406,231832.43031277126,0.6976275816263992,-0.10261554893566248
2024-10-11,109305.06088909399,47406.51484369126,165282.3701214971,253752.56603865145,234146.49339252643,0.605299833612732,0.20120067380925333
2024-10-14,109717.59171749614,47546.191620401965,165973.8530430246,255827.82875965885,235781.2819542322,0.6032461241548673,-0.20087958217017307
2024-10-15,110087.95960637837,47668.67627090405,166599.95132496767,253840.0787641869,234820.27111775565,0.5893222764551906,-8.452796360833086e-05
2024-10-16,109115.42912996418,47213.80432412965,165186.77510724665,254943.4335211877,236335.31538623397,0.6908596762938377,0.28947117780402465
2024-10-17,109038.57069750181,47151.21030251871,165121.21738987626,254965.2775285925,235917.63023902362,0.6858937897095245,0.08872645119368174
2024-10-18,109739.7788672782,47416.37384584146,166249.32488176101,255946.04338796728,236643.67784750322,0.4874693876713166,0.09511165138607576
2024-10-21,109384.3898580904,47215.06596146299,165794.06775447656,255525.7581240946,234613.24431101183,0.4991924468656205,-0.1023111434871858
2024-10-22,109517.21684146582,47229.244334630595,166070.61926549074,255389.99174014927,233650.93125067276,0.6005325309765395,-0.0005065075055908323
2024-10-23,109741.0899812243,47282.723432151455,166485.41652165877,253056.3737375705,232851.31868218537,0.49837425161874493,0.10039086493037912
2024-10-24,109459.98788665973,47118.10735657102,166134.9966586689,253603.7041859365,232940.57902381077,0.5987083748625398,-0.0014249618608638455
2024-10-25,110261.14311253629,47424.284810209545,167418.63765695313,253516.10944285136,231877.30053139775,0.5901851971262733,0.006280236218369242
2024-10-28,110406.64125183648,47448.41458947985,167707.0462810302,254299.81446946776,233129.00098759637,0.5929596344812166,0.1990661546419398
2024-10-29,110219.14048730131,47319.96848464415,167506.22274809272,254711.4058730717,232354.50935174723,0.40015950395144223,-0.2009437150463133
2024-10-30,110767.14851352447,47512.16988413245,168414.93087190494,253940.76897604164,231928.37246635466,0.6972003929230711,0.30257604495270046
2024-10-31,111372.24643952664,47723.52467445759,169419.78189141164,248962.79581423436,229354.20697447474,0.2904818482739908,-0.2904818482739908
2024-11-01,112368.27511134754,48102.48122443068,171019.51223773957,250013.52264350763,229501.75864543713,0.6864511535510327,0.3068239065847567
2024-11-04,112397.43245106234,48071.244534133584,171141.02203690007,249474.99541214333,229794.6989941941,0.39566287460956434,-0.20206121092173981
2024-11-05,112754.49353106233,48179.922310181384,171762.51961536537,252491.62822948373,232476.395413902,0.7058974783871026,0.10393040038962395
2024-11-06,113801.35543900804,48582.933114454194,173435.803585566,258769.9623026837,237484.60652490807,0.4027259471743065,0.0036580784414520767
2024-11-07,115069.06246133719,49079.17180636049,175447.3285269782,260770.80776692525,237833.06754542064,0.6997863380113725,-0.09047018783487096
2024-11-08,115416.24284302579,49177.99012519464,176064.4612670888,261900.4081398317,239024.02859415824,0.29758067755162926,0.09926962505845988
2024-11-11,116179.86122414001,49457.961017503476,177309.88561977586,262149.9602044014,240011.4252147297,0.8036371583129551,0.005772280870764688
2024-11-12,115776.4025159191,49240.96937853431,176774.77766180632,261335.6079533785,238170.08974622423,0.29881879685889934,-0.10373190912539662
2024-11-13,115845.6124942375,49230.033231953734,176952.2061207805,261462.57112032213,238240.46245768756,0.8975347124238742,0.09654099515613451
2024-11-14,116095.74679896011,49306.39778152623,177387.46024996316,259781.3207080985,236437.45586559488,0.5031005098049242,-0.09856746091781361
2024-11-15,116083.55549784936,49260.95946433283,177440.68239861057,256453.89605574185,234626.89832220596,0.6965466633084306,0.09422945058032495
2024-11-18,115996.93878512285,49193.4075875121,177362.98078777266,257504.70490256487,235712.60303916398,0.6988713524453197,-0.10927256385790256
2024-11-19,115705.06765059088,49034.45499211404,176979.68737912786,258445.9929813482,235119.2109535479,0.5934718781827856,0.190873323818882
2024-11-20,116456.81903296334,49317.76093068871,178192.45063907746,258533.5603852501,235806.261373089,0.6885854006855074,-0.09824536602384087
2024-11-21,115155.7744863302,48726.29335179049,176274.2165250155,259921.43402217823,238862.52167390828,0.510877335355924,-0.10679534104722627
2024-11-22,114984.92132293886,48618.5626236885,176076.20132746655,260727.0377345659,240775.0608624327,0.814644969083525,0.19976261738274778
2024-11-25,114865.15899907608,48532.13840157308,175956.98915412565,261611.4603122203,243191.80574896952,0.5117079107400606,-0.10579694583294225
2024-11-26,115460.1845278643,48743.508970821495,176940.30766778655,262977.43526337715,243106.2167731161,0.7014358341845311,-0.10195359289267017
2024-11-27,115060.33705693629,48530.01454739875,176408.39199297523,262180.60742880794,242972.02207853043,0.39783604409623197,0.20097808624882227
2024-11-29,115566.26486071177,48698.62538512919,177264.71901683352,263809.2845916705,243669.4166045347,0.7023023109480554,-0.09837602286212373
2024-12-02,115358.5802488683,48580.92846248236,177000.4618620852,264282.1431049042,243217.9825299204,0.3061648015880677,-0.3061648015880677
2024-12-03,116354.00226865067,48959.923406735375,178600.32693405764,264404.73200253025,242141.52419817107,0.8863752074501551,0.10373363603331193
2024-12-04,116163.53458101173,48835.91122849273,178387.50958199758,266046.53197334567,241989.90388740547,0.20183215679028593,-0.20183215679028593
2024-12-05,114955.40237454748,48282.8352290099,176613.96946729594,265608.74963220255,240753.6420746402,0.9050561460983703,0.08897368456941898
2024-12-06,115192.10277012843,48352.17844642042,177032.03804488343,266112.25536984275,240502.59224437736,0.4976687508081915,-0.10807440974608813
2024-12-09,115471.75017578383,48425.54794938999,177541.95560163975,264741.87881018507,239755.48625746855,0.5947383939730038,0.19883983166531644
2024-12-10,116207.3114462476,48689.96936679653,178753.05917130786,263918.72334216046,238175.44770909066,0.49422235126478786,-0.09617999346061286
2024-12-11,115215.05430124713,48230.11284078369,177307.10370847787,265958.991908627,238224.00491255458,0.6135468156881657,-0.011354144036858114
2024-12-12,115571.93117033788,48344.665807288686,177919.5820699865,264588.6153489693,237357.51684591305,0.7063389724496046,-0.1085955197121276
2024-12-13,113387.85391248236,47390.20106714138,174632.15948722954,264536.12411715795,236466.41077721125,0.5022340767674546,0.3025182914111442
2024-12-16,111454.69720034835,46543.10383616909,171726.17747324283,265665.66981169797,235497.29686762614,0.7228057233119369,-0.11724816666525405
2024-12-17,112056.48695979193,46774.82772112197,172688.81267973792,264571.06359333236,233841.48457833796,0.905432330138029,0.08731239346013392
2024-12-18,112570.34018558874,46955.8597054711,173541.86619170243,256685.9510430411,227079.66471226272,0.3881922449876008,-0.1967955706842059
2024-12-19,115589.2749299132,48180.44371695603,178259.55951701757,256607.15951695765,226108.2971386291,0.7678558217326018,0.1902902983323592
2024-12-20,115325.37275488858,48036.73915566276,177914.33605914837,259689.24233896282,229246.16061669547,0.4889063724226785,-0.1116353115055467
2024-12-23,116040.65162692094,48291.27912737544,179097.56756314114,261244.3224205566,229740.99300588993,0.5960635984090196,0.004348038772537199
2024-12-24,116310.4050812089,48363.96763640715,179586.69430936087,264148.07175031945,231545.94116492957,0.6011945192925395,0.004213601568699635
2024-12-26,115947.20235619435,48183.24653213315,179080.59263697523,264165.6508451396,231768.62514383582,0.20126577337669396,-0.20126577337669396
2024-12-27,115915.08862504966,48154.70402423529,179058.67595477428,261384.9005007513,230115.9627835535,0.30385600502893423,-0.30385600502893423
2024-12-30,116159.79773987283,48251.110191607615,179446.09203482198,258402.08625307266,227826.42350577348,0.20246126364953648,-0.20246126364953648
2024-12-31,115693.96641071506,48022.86148041337,178790.52675853466,257462.02843753493,228188.41127675844,0.7052437449014464,0.09592339114297152
2025-01-02,115330.85487907601,47847.415976000426,178275.16263428063,256829.42707665873,227539.91217426758,0.2053969860224565,-0.005182428805296865
2025-01-03,114509.4611026681,47462.00839296179,177087.70170733175,260040.66020026634,229668.07837773455,0.9213473431927246,-0.11308731919641965
2025-01-06,113686.53236218482,47081.18101237602,175888.8828896501,261538.62872808208,229584.8310147412,0.3090147909852417,0.09351686191583951
2025-01-07,113658.91050374685,47025.72976777653,175927.61841140868,258582.22413140853,228828.75033433313,0.7929435607542311,0.0007723809780859262
2025-01-08,114089.18576538863,47165.90646099342,176663.99279540993,258959.99696535067,229193.66635368575,0.3942979600881526,0.003039878702876127
2025-01-10,113699.77475933993,46957.2537121217,176149.68803075014,255006.28630344511,225551.70516782845,0.5859462166094863,-0.003360803581825107
2025-01-13,114585.00123650077,47276.22690516452,177608.1482984253,255401.7202497571,227435.74662880218,0.3971042944185818,0.007109794498284737
2025-01-14,114496.41002988022,47191.51260233893,177560.71929269258,255753.1654502439,229212.4606371259,0.6014186565087206,0.002664252422508911
2025-01-15,114832.85678114285,47281.740540592655,178173.1892335674,260405.31022625565,231458.80210585304,0.3913615691457537,-0.00041576661094395496
2025-01-16,114748.28638294336,47199.123449797604,178131.43791997025,259904.4837285725,233297.9936071131,0.606645517429524,0.00341244101457378
2025-01-17,114275.53394628692,46961.0004537677,177479.52903391415,262513.8994116266,234483.30753520463,0.5015249906690383,0.100413991852869
2025-01-21,114649.72074259115,47066.78237860862,178150.75279337965,264916.82224370626,237342.2563270968,0.49900947482777475,-0.0952702154278575
2025-01-22,114016.94433224612,46759.5243692944,177256.9518595395,266406.0422328868,236405.74876284512,0.4942060133015878,0.09513139024099995
2025-01-23,113768.5263124028,46619.82708636022,176941.85664522133,267860.104032427,237625.08984416688,0.7081614419054477,0.09825406029064535
2025-01-24,113013.64436928008,46267.46077205388,175848.8382388474,267078.14871353767,237440.05753423294,0.40463269895314946,-0.20904655292531849
2025-01-27,112635.35994401484,46069.818679242075,175341.11120415432,263300.2289998336,237846.78808203794,0.7052871780945412,0.29974531245850344
2025-01-28,112916.41791042338,46137.79447320189,175867.4300072664,265562.6557692682,236757.62616343587,0.29613806451014724,-0.29613806451014724
2025-01-29,112628.29112893347,45973.5170912407,175507.00082355947,264372.1163569308,235965.21879569566,0.6986084275568152,0.2989333263747447
2025-01-30,113093.0492107468,46116.308941757234,176320.1684770299,265791.01996683073,238441.99386949686,0.2972925620866783,-0.2972925620866783
2025-01-31,112990.13335959805,46027.78856407703,176248.32372111728,264376.46328706515,236710.76619627728,0.6986888276317959,0.2998086184110572
2025-02-03,112369.55144511313,45728.32493580815,175369.0272368993,262597.3659380433,235214.19081911424,0.30050950566322654,-0.30050950566322654
2025-02-04,112103.78607073895,45578.50423868409,175033.60581231746,264358.9388706115,235533.06873668553,0.8031006923886465,0.1922843586299444
2025-02-05,111711.87126877223,45372.85766568623,174510.13883997194,265430.77154934226,236619.01620243455,0.20127915785321016,-0.20127915785321016
2025-02-06,111805.69878810256,45369.164280334146,174736.39856059357,266353.3322876096,236391.33204543503,0.8942654450766997,0.09960532771474531
2025-02-07,111563.53512220545,45229.72822407791,174436.7535864337,263915.2512658896,235182.5462295339,0.20042861059905545,-0.20042861059905545
2025-02-10,111001.8106249542,44955.62504541142,173647.31634676183,265707.5534404141,235956.51161527235,0.806471950289176,0.19863195879498907
2025-02-11,110542.59403487173,44728.18237312191,173008.38626291876,265909.6446828877,235955.3313672219,0.3055291493888405,-0.3055291493888405
2025-02-12,111264.2201417163,44979.16706391796,174216.5439758079,265052.9987154001,234652.48483322578,0.8052381010076577,0.2005431500798435
2025-02-13,110347.19753874103,44566.806902764096,172860.86849152847,267851.32815460855,236636.55049408865,0.30715247834447035,-0.10625229366251268
2025-02-14,110805.47146058135,44715.22627223123,173649.174603411,267838.123329106,236434.93682040882,0.8988017019462092,0.09965003224105352
2025-02-18,110870.46837186767,44709.573712177575,173812.49385966663,268624.48025649623,238203.20330133612,0.39380696664352804,-0.008981606378270966
2025-02-19,111469.52972929107,44914.61547712792,174822.12145116032,269257.0542781892,238719.83537466588,0.7907890049399915,0.19665315855668092
2025-02-20,111790.96539355455,44999.08700780186,175413.4432204572,268136.91326268204,238078.6604663923,0.19558430350136277,-0.19558430350136277
2025-02-21,111122.026226519,44688.598725276024,174443.44749726716,263550.6559182668,234798.29519839503,0.8832206848621799,0.0953418476250586
2025-02-24,110596.05060478664,44445.4590490716,173679.01188253725,262351.3953064774,234983.72953588323,0.3988890048592587,-0.015095845400569753
2025-02-25,111293.30279535716,44689.35375779047,174844.19490055955,261046.63278658385,235343.62384939435,0.7995242630689002,-0.0008632904881626576
2025-02-26,112115.78808627937,44978.88599661116,176215.55788014428,261178.4349889601,234932.42234931525,0.300058556554515,-0.09353116338478566
2025-02-27,113890.48187242355,45645.09285649242,179094.01695626334,257009.5102766281,232739.76899326648,0.6623088923316206,0.11516138333966103
2025-02-28,113517.05753154423,45450.9327002655,178593.65527294914,261020.33249231172,235372.53332423503,0.3001160657989001,-0.10345795835383585
2025-03-03,112140.33851077754,44862.22093169563,176500.6284898258,256447.25263421575,232707.974119808,0.8977326751742044,0.08768290288495488
2025-03-04,112521.67509261631,44970.15473346454,177188.305134875,253411.72844125988,228974.53078282828,0.09772501304506849,-0.09772501304506849
2025-03-05,112379.21801919781,44867.305931891366,177053.71049773617,256135.31255350364,231398.71766732915,0.9070184783085405,0.09892148470792944
2025-03-06,111292.65130632909,44392.75143326554,175421.91830931755,251588.64234641273,228840.9963651378,0.20255267841382016,-0.005985976094341383
2025-03-07,109999.60625672986,43831.34887011131,173473.1898402062,252998.71540012775,230946.98831280004,0.8237622555818738,-0.011216941651562238
2025-03-10,108001.4807511938,42997.6157302736,170396.09801509161,246259.98948124924,227477.8511891977,0.39795450448548286,0.191612739915106
2025-03-11,108346.62601815729,43126.38013358236,170957.56905827817,244212.88611897398,224584.4821846402,0.1941315477378394,-0.001218990869491633
2025-03-12,108491.50686733218,43175.6923465314,171202.6985200994,245508.79074349935,223715.69223306832,0.0,0.0
2025-03-13,108491.50686733218,43175.6923465314,171202.6985200994,242236.07179679605,221308.84450307608,0.0,0.0
2025-03-14,108491.50686733218,43175.6923465314,171202.6985200994,247239.60709492813,225789.4824606281,0.0,0.0
2025-03-17,108491.50686733218,43175.6923465314,171202.6985200994,249146.1323770087,228858.7943622988,0.0,0.0
2025-03-18,108491.50686733218,43175.6923465314,171202.6985200994,246453.27750672118,227514.06347002447,0.0,0.0
2025-03-19,108491.50686733218,43175.6923465314,171202.6985200994,249137.35649919024,229275.13593012388,0.0,0.0
2025-03-20,108491.50686733218,43175.6923465314,171202.6985200994,248416.941681763,228349.43080891564,0.0,0.0
2025-03-21,108491.50686733218,43175.6923465314,171202.6985200994,248498.87721391852,227293.5959551909,0.0,0.0
2025-03-24,108491.50686733218,43175.6923465314,171202.6985200994,252949.12212173935,230885.45193653755,0.0,0.0
2025-03-25,108227.79636878325,43026.29177635013,170873.84589684592,253557.1455568872,230284.50158335225,0.9947810864876719,-0.0019255182100323515
2025-03-26,109206.15482128513,43389.74852056007,172468.89973856826,250530.12384991747,229860.46531864567,0.39368099091762326,0.20307476810317224
2025-03-27,109283.88161988358,43403.51925688972,172625.58015151796,249864.79748670888,229253.4616865724,0.0,0.0
2025-03-28,109283.88161988358,43403.51925688972,172625.58015151796,244832.88411637882,225737.27566808407,0.0,0.0
2025-03-31,109283.88161988358,43403.51925688972,172625.58015151796,246476.43379492126,227464.44442406407,0.0,0.0
2025-04-01,109283.88161988358,43403.51925688972,172625.58015151796,247172.62609600223,227752.65670064883,0.0,0.0
2025-04-02,109283.88161988358,43403.51925688972,172625.58015151796,248736.8101256133,229851.21326793986,0.0,0.0
2025-04-03,109283.88161988358,43403.51925688972,172625.58015151796,236478.84989523966,218637.24040953736,0.0,0.0
2025-04-04,109283.88161988358,43403.51925688972,172625.58015151796,222634.6702535675,206298.74009048915,0.0,0.0
2025-04-07,109283.88161988358,43403.51925688972,172625.58015151796,222238.15640951772,204824.8124231747,0.0,0.0
2025-04-08,109283.88161988358,43403.51925688972,172625.58015151796,218757.27692166265,200778.55961522218,0.0,0.0
2025-04-09,109283.88161988358,43403.51925688972,172625.58015151796,241731.0624040779,217461.81885158073,0.0,0.0
2025-04-10,109283.88161988358,43403.51925688972,172625.58015151796,231138.60521638452,210098.06515803447,0.0,0.0
2025-04-11,109283.88161988358,43403.51925688972,172625.58015151796,235262.80302494392,213382.271912719,0.0,0.0
2025-04-14,109283.88161988358,43403.51925688972,172625.58015151796,237545.16005895694,216063.2849914557,0.0,0.0
2025-04-15,109283.88161988358,43403.51925688972,172625.58015151796,236879.80635656515,215370.3742744161,0.0,0.0
2025-04-16,109283.88161988358,43403.51925688972,172625.58015151796,231614.44370059084,212389.2157705912,0.0,0.0
2025-04-17,109283.88161988358,43403.51925688972,172625.58015151796,231944.9197475363,214037.42435513154,0.0,0.0
2025-04-21,109283.88161988358,43403.51925688972,172625.58015151796,226423.976737089,209648.58492638587,0.0,0.0
2025-04-22,109283.88161988358,43403.51925688972,172625.58015151796,232315.0102709894,214992.1219023442,0.0,0.0
2025-04-23,109283.88161988358,43403.51925688972,172625.58015151796,235914.89722346672,217191.248456295,0.0,0.0
2025-04-24,109283.88161988358,43403.51925688972,172625.58015151796,240880.62243118472,221009.7605975422,0.0,0.0
2025-04-25,109283.88161988358,43403.51925688972,172625.58015151796,242621.06217511225,220693.20642308853,0.0,0.0
2025-04-28,109283.88161988358,43403.51925688972,172625.58015151796,242713.5779711797,221378.39589315496,0.0,0.0
2025-04-29,109283.88161988358,43403.51925688972,172625.58015151796,244242.52179360078,222609.2445099432,0.0,0.0
2025-04-30,109283.88161988358,43403.51925688972,172625.58015151796,244339.4391981691,222992.50589994394,0.0,0.0
2025-05-01,109283.88161988358,43403.51925688972,172625.58015151796,246071.07572509494,222676.6741554385,0.0,0.0
2025-05-02,109283.88161988358,43403.51925688972,172625.58015151796,249723.78197958242,226638.87172421705,0.0,0.0
2025-05-05,109283.88161988358,43403.51925688972,172625.58015151796,248291.7829009129,225726.0650129468,0.0,0.0
2025-05-06,109283.88161988358,43403.51925688972,172625.58015151796,246216.49284072226,224114.6657314825,0.0,0.0
2025-05-07,109283.88161988358,43403.51925688972,172625.58015151796,247251.90972738393,225544.75076407279,0.0,0.0
2025-05-08,109283.88161988358,43403.51925688972,172625.58015151796,248974.7703764913,227554.5128620313,0.0,0.0
2025-05-09,109283.88161988358,43403.51925688972,172625.58015151796,248657.5264942316,227549.5425493573,0.0,0.0
2025-05-12,109283.88161988358,43403.51925688972,172625.58015151796,256875.0014951116,234119.52328312662,0.0,0.0
2025-05-13,108638.14940308814,43102.353398545485,171693.6151111854,258571.3704756642,234531.0275290995,1.007984048963605,-0.005430855199294194
2025-05-14,109050.64809769372,43227.09503094642,172422.93102967608,258901.84652260967,233054.98422107217,0.09916672226489491,0.09916672226489491
2025-05-15,109638.42033578744,43415.62448146318,173440.07008705972,260166.42044314765,235241.7786467588,0.8946986481564251,-0.09414272172900258
2025-05-16,109232.58758809857,43210.98317192,172885.70328801638,261814.28971264127,237641.66203499743,0.10487723947949701,0.10487723947949701
2025-05-19,109407.98127292692,43271.50650818597,173181.01477978946,262100.69499621182,237692.79002285728,0.10192813821367624,0.10192813821367624
2025-05-20,109342.62254409952,43241.26362373851,173086.34732584064,261219.47110299594,236941.03831859666,0.0,0.0
2025-05-21,108543.41967363309,42912.37673370701,171846.73999580517,256817.75324541735,231762.24828130257,0.09874498167387936,-0.09874498167387936
2025-05-22,108566.02837057738,42882.016076624794,171960.70832276408,256919.0722584865,231020.17851606148,0.7987246406176054,0.19999278682210014
2025-05-23,108794.42109773053,42950.52543170808,172365.58345379395,255165.42768905644,230110.47485462268,0.2991571491496003,-0.09678250582311278
2025-05-27,108700.17050405967,42878.47406601378,172285.93892344745,260470.45949990483,234294.3031484225,0.5090518047034215,0.30129427701045075
2025-05-28,108989.454592216,42965.67799897991,172797.95108236826,258963.52371998798,232176.3676143416,0.5031149132665415,-0.10244374178522514
2025-05-29,108108.98293261716,42579.347976593584,171480.6565503963,259985.76312033035,232984.91372542348,0.39798651094459403,0.1934871394590877
2025-05-30,108490.89350351771,42707.77008301342,172130.20478474133,259694.95622825893,232941.22695424964,0.6960628380228008,0.09665006373205971
2025-06-02,108035.45010869253,42489.47959801904,171485.61390155274,261157.7939056176,232951.62132460022,0.4020342671062319,-0.20521563854847533
2025-06-03,108471.58875555465,42617.897213482305,172264.49863050433,262647.06857316464,234893.80131499117,0.6103470583515528,0.20382655967980973
2025-06-04,108637.40190443881,42639.18851612377,172615.8744580025,262576.56081960135,234350.39878162672,0.39578599049313423,-0.1968113807363038
2025-06-05,109032.6131024556,42755.118417496735,173322.5985430108,261307.5579513793,233768.637282793,0.702370106477201,0.10651149409238743
2025-06-06,109479.14866760063,42886.906896367946,174119.78283009416,263990.95346426754,235845.93355582096,0.2997360218881411,-0.09679765717210242
2025-06-09,109190.6635478865,42730.18595604393,173749.14278281078,264228.8863759623,235968.23552312923,0.6962722382184356,0.09767737191073086
2025-06-10,108975.51763429097,42611.271865740695,173476.96652353386,265727.01893887745,237354.08815337173,0.5017434470181067,0.09671067665478736
2025-06-11,110288.27014583183,43085.36868837665,175645.98726866546,264969.0947620517,236545.33872795745,0.5853530215829023,0.0109615014001335
2025-06-12,110485.00824240732,43119.37234124241,176046.22269235144,266022.20010026643,237126.69374409362,0.40261560771061744,0.0025738499427364852
2025-06-13,110094.18342008823,42931.90978473199,175494.38642784866,263048.0250344901,234155.9762637234,0.4081926681927357,-0.006920401433924632
2025-06-16,109569.79260245331,42691.763364480714,174730.44694789502,265550.73588537774,236361.07892539556,0.8213572435952072,-0.21375499641938667
2025-06-17,109523.88412758571,42638.636334035335,174728.89662694588,263281.58367686725,233880.4605283893,0.4120140948554726,-0.006923481081770327
2025-06-18,109711.07053780094,42667.55857007992,175116.98978193622,263241.9145219932,233969.74137650072,0.6020060411069426,0.002402962599718073
2025-06-20,109450.57295559454,42535.41813417331,174763.89178224513,262623.6662323154,234392.00564445794,0.7015671167345474,0.09432459996689688
2025-06-23,109918.00226108165,42678.36553662071,175589.32925404012,265217.68995520816,236418.6099993992,0.4041441356344737,0.0029108726003981233
2025-06-24,110688.6059143534,42938.09473958374,176900.8034654617,268147.68490087666,238749.38442875125,0.6985907979283306,-0.09644481344617643
2025-06-25,110380.77288097916,42779.7845731551,176488.69365661443,268297.88637357013,237002.64351996293,0.3976067464230063,0.19850555360793568
2025-06-26,109668.38890720863,42460.275847996934,175438.46062600327,270397.0162015417,238830.24259402213,0.604469650278837,-0.20027698789521722
2025-06-27,110301.97264418053,42662.57485291943,176540.59479827888,271740.4089873464,239800.5182513944,0.40271787084257166,0.2057253638564941
2025-06-30,110621.68808728574,42742.445873694276,177142.156873603,273039.67633140966,240949.8880052074,0.5945062878359227,-0.1975886571437917
2025-07-01,110370.60097162094,42606.703006153846,176820.06982883185,272951.3434303772,243777.66670920834,0.3057355135171365,0.10169387328134438
2025-07-02,110150.89281728974,42477.97141378809,176558.46952264739,274188.68752441305,244378.27932664735,0.7061078666031912,-0.10174980778962565
2025-07-03,110061.33191428205,42404.46986346394,176495.45082673535,276349.65858486237,245626.87190862928,0.4029910709860483,-0.0032512291840808443
2025-07-07,110284.66669503611,42451.428148981446,176934.3580659875,274290.334607681,243509.24466082518,0.49355646205089476,-0.0968956923691318
2025-07-08,110422.87209489082,42461.79288690041,177244.93931029417,274140.05111743783,244169.95912610836,0.5023270554742254,0.10359523312373406
2025-07-09,110041.88821255065,42271.892502981136,176723.38277841965,275784.01088372886,244948.85012419694,0.500859179664703,-0.10364540996751788
2025-07-10,110188.41565717947,42289.674387218765,177038.62935590537,276561.81064676645,246339.65072317419,0.5948050674476932,0.003169571946132558
2025-07-11,110325.09304590645,42304.03985414633,177337.52657079336,275589.54727337783,244475.2099113482,0.4926422404336238,0.09889030558008656
2025-07-14,110949.3464387113,42500.571749311945,178430.14362164153,276115.44380208757,244692.18016027397,0.5014081266059032,-0.09975497997014939
2025-07-15,110337.38466628845,42235.38293583763,177509.8332193202,274935.5666712118,241290.37860436738,0.7939619443039185,-0.008991737362363047
2025-07-16,110481.1289723008,42264.00442685549,177795.7908364382,275854.71001157473,242275.0963679831,0.5980568678572792,-0.20549939085862404
2025-07-17,110578.0252379318,42258.524874712035,178040.93816551968,277542.7952196071,244073.73835290788,0.4012250628014782,0.2016452316170914
2025-07-18,110519.76353442937,42197.094893572794,178028.893840137,277339.5830706209,244077.10583143274,0.6925454282362318,-0.10035573545333352
2025-07-21,110130.60922413165,42014.28635412933,177473.80485486667,277865.4249209641,243254.92945481965,0.4933672001508559,0.09241672203100018
2025-07-22,110399.88236213963,42078.584402943074,177988.30002774345,277905.20343257114,246439.8116797549,0.6005753212630159,-0.0004450485000145077
2025-07-23,109978.21623711729,41875.30565636355,177398.05839818704,280269.4686595564,248357.75774583375,0.404822139017582,-0.002024596356162077
2025-07-24,108542.3071973071,41289.5681353044,175163.7351454006,280362.3125258227,247473.031868345,0.7205582977648817,-0.11677051030992175
2025-07-25,108681.50201825835,41316.206580272505,175443.23202782488,281546.61860438256,248750.30687734272,0.7165966108860764,-0.3184486713936097
2025-07-28,108408.4406689386,41178.898844183095,175073.2885788142,281475.8921373534,247315.16153727542,0.4982476721051564,0.28781854821160946
2025-07-29,109020.63801942079,41373.41766943672,176142.02436671054,280733.4966166052,247053.01482061108,0.5899893580252717,-0.19545079200500112
2025-07-30,107737.3320868055,40844.88855337999,174156.72499318508,280379.9736381926,245417.14365574214,0.39878504736248244,0.1937501758314942
2025-07-31,107281.71644885039,40638.197647680805,173491.9010831954,279328.20791995636,243098.63036035525,0.8000528300180665,-0.009668372314283706
2025-08-01,107934.93853465267,40848.96297892706,174626.0949385771,274749.9062778625,240518.65605536537,0.31032131036572425,-0.09994334848700734
2025-08-04,107733.59040921905,40730.57257235733,174389.93253944995,278926.02119538526,243471.53826938328,0.7123300498303821,0.09694708640684635
2025-08-05,108442.77423411506,40968.987480340504,175600.74536743452,277511.8746033683,242734.50820416564,0.5910767820937264,-0.20146554873456338
2025-08-06,108095.60635992163,40800.68144247022,175117.75758742273,279637.5507782611,242224.39668288297,0.5049790180433261,0.0971308502781868
2025-08-07,108862.1533304104,41052.20501523065,176439.98344696424,279403.30865630304,242050.88761423607,0.5937997130627294,-0.19557415442214704
2025-08-08,107690.1238766546,40569.04553894823,174628.6121223475,281581.96816830547,242501.53390310882,0.4015030009488683,0.1921532560928564
2025-08-11,107894.79350310203,40608.55303669566,175040.50395710848,281025.1236841737,241708.88004825125,0.7037242743487023,-0.300987852328582
2025-08-12,107282.82918035846,40340.998915760996,174127.65818267062,284016.9325231366,245033.0571954365,0.4068112184790419,0.19750897349899346
2025-08-13,105922.4272137658,39795.85197155304,171991.2291085933,284989.1685573421,248606.92033105978,0.8285986993708206,-0.21915404791606946
2025-08-14,106287.1602940682,39904.02693428581,172645.37195005122,285015.68756508006,247070.574068347,0.5095625221145835,0.08919882181975643
2025-08-15,106916.84476692308,40103.51332577468,173747.63353513143,284348.3927806786,246584.795092443,0.39865738271703094,0.00781895112061645
2025-08-18,107348.35486073968,40228.42027501967,174528.19383606786,284286.55154820083,246474.2110567526,0.6931166174316532,-0.09129100846855195
2025-08-19,106599.9438500349,39915.13204632464,173382.34160747513,282744.23886517785,247747.2632213175,0.10193727139673173,-0.10193727139673173
2025-08-20,107580.15742117955,40241.24357654144,175064.81464107518,281992.95810987824,247619.5346157795,0.8927264324122368,0.10843908703297538
2025-08-21,107704.16817585946,40251.53264348138,175344.85807405095,280861.6627076112,246779.00007564086,0.19903015159776305,-0.0031548181494796736
2025-08-22,107327.73702056325,40077.688252075,174803.51298102844,285174.7742723249,251613.45495619706,0.8198229077558457,-0.004978292762200117
2025-08-25,106448.29662682186,39716.14459537326,173442.86291200426,283919.71438755275,249591.95217064352,0.4098038197056368,-0.2115710650384759
2025-08-26,106374.83446024051,39652.64012324713,173401.74110322748,285108.44941379665,249742.65436678138,0.4930742983069608,0.2968585750936559
2025-08-27,106683.44198388458,39751.90692372789,173939.25101722244,285758.11042501155,250640.6053996188,0.29613390215334184,0.29613390215334184
2025-08-28,106653.24441899105,39716.715581730154,173942.17867564608,286770.09763164073,250468.72178498286,0.3005619703946748,0.09917724715799779
2025-08-29,107317.1933445698,39923.23525076789,175113.495999387,285059.89502437116,250285.50472633654,0.7009650939819818,-0.09376684935480019
2025-09-02,108419.6599370576,40293.52489729857,176999.54009326414,282947.5330317138,248476.9843114464,0.3087418426238136,0.1068923553811012
2025-09-03,108101.61955809669,40137.551724329474,176562.38634973345,284480.9604801854,248044.48141904123,0.8015140872337059,-0.20514640117679994
2025-09-04,108435.49784278232,40229.154094991594,177178.8079553884,286858.5125502229,249769.31288556365,0.39784171940613205,0.39784171940613205
2025-09-05,109114.5243438886,40448.23408559675,178360.03004902523,286027.7021108925,250061.01204335084,0.3951061983494121,-0.19207161774860304
2025-09-08,108881.54977865792,40321.09964532041,178068.70079681237,286730.34645921696,249957.8983061249,0.6028092629350852,0.19902446466176724
2025-09-09,109475.40704040584,40503.84906173973,179121.22218719445,287393.2396351176,249206.80330428312,0.49349338939628656,-0.2940501518078654
2025-09-10,108382.88251746484,40058.59602080694,177424.1427594609,288224.050074448,248669.39572417145,0.500211539917017,0.2974822749559566
2025-09-11,110739.11295332205,40900.562332724556,181344.61607063102,290619.2085784889,252562.88369572433,0.7819316423932027,0.0180630017433896
2025-09-12,109848.73283502439,40531.21756467763,179975.9963609514,290522.01778208825,250595.90845979605,0.20886289580652065,-0.008170202818771736
2025-09-15,110960.48109504444,40920.26660280695,181843.89606483933,292068.7047344289,249998.55146062715,0.5039180901169438,-0.09728930748486452
2025-09-16,111437.06547517252,41058.47687679468,182707.77583698515,291666.5726882243,249456.60644866826,0.5985652036851388,0.004923695101246687
2025-09-17,111785.29294671942,41149.00529940951,183362.1595122612,291304.1918144435,249773.61826615402,0.4973678854606136,-0.09477011720175132
2025-09-18,111994.08452431016,41184.25861199261,183796.89197111002,292665.3003909845,251334.27331841615,0.49935315211434755,0.10174015513591902
2025-09-19,111667.10762774886,41025.92270323353,183344.50180296766,294114.8512252909,250775.73372362962,0.595197167491602,-0.20413556523885984
2025-09-22,112327.96803129431,41231.76455383056,184511.8730338073,295506.3609735893,250914.73869276606,0.5017023148025962,0.29787825413385505
2025-09-23,112055.6995860574,41093.37360173996,184149.6950830053,293897.6687536716,251176.8172235687,0.5971302849884337,-0.4040365436571464
2025-09-24,112264.51711500369,41133.10606476428,184575.16598586805,292962.6413478491,250673.12416655358,0.502779099284309,0.2944994174161527
2025-09-25,110700.27530723246,40521.741226257596,182088.3513099667,291611.07414625713,248480.40184891643,0.6014544244248393,-0.21698370839036732
2025-09-26,110835.10183741889,40545.94095209435,182366.05466350078,293281.7442945688,250968.07874763204,0.8036773845616061,0.18721438930062725
2025-09-29,111264.02669304998,40661.61072417826,183164.05645758536,294105.9659907395,251746.94288753395,0.19838430918566166,-0.19838430918566166
2025-09-30,111492.56457220152,40703.837535490486,183632.71391469793,295213.80437379086,252477.30624186771,0.795110829439515,0.2017168512238923
2025-10-01,110129.12281401992,40169.1582731111,181469.85049191647,296219.7769601084,252913.60462469733,0.3117790216734472,-0.11935286421728697
2025-10-02,111234.52637364395,40538.97079734504,183365.99198543074,296560.94262769877,253536.79787275562,0.8896684557045275,0.09985262131561727
2025-10-03,110463.05813287375,40221.2372318313,182176.65435575446,296556.59569756436,254473.43120420654,0.2023322063995182,-0.006253182892692637
2025-10-06,110317.65821681391,40130.96910254609,182020.45161409295,297620.0899254085,254323.96477175824,0.9090093698280018,-0.10587623878220934
2025-10-07,110418.3691742789,40134.90165238436,182260.31437008758,296516.6804900412,253172.1828586135,0.30522742562209854,-0.10641828947880316
2025-10-08,110100.66560211434,39982.17369718082,181819.71260528383,298284.8148265859,253944.52794658963,0.8047446370220485,-0.004588442626279818
2025-10-09,109320.21825867867,39673.57916661981,180587.5187593286,297420.7052620751,251856.60522512277,0.59173643326744,-0.010385693434334809
2025-10-10,108332.40460759355,39282.712674867835,179029.00082770785,289382.0558587357,246258.06227313838,0.5921276921439349,0.1853926893436984
2025-10-13,108716.02706485368,39386.00623330523,179743.7662334452,293822.34930385894,248785.49877841593,0.5069636085889688,-0.30021895935560633
2025-10-14,109611.35935669404,39670.38535960592,181315.03052968357,293463.41316716577,251004.29711299724,0.5095393395084233,0.30864917745218956
2025-10-15,109665.21307307805,39648.81494482873,181497.16189662355,294766.26194423286,251335.33628944433,0.49779883883550186,-0.2992228198325047
2025-10-16,109551.76721919779,39575.698516729935,181382.30287960547,292758.8003976484,249011.56711483435,0.6957599159728445,0.09683634977136592
2025-10-17,109866.80910087703,39657.038220297894,181977.69147916033,294420.61265059194,250268.08913848523,0.4976271741405142,-0.09982630240076465
2025-10-20,109654.60046550362,39540.23616709651,181718.00153435185,297482.71052965225,252742.1749043687,0.5034409927659969,0.09988088935524965
2025-10-21,108131.45045742232,38954.24681698569,179277.5372895351,297478.2815819682,254006.08734703934,0.6099706690639245,-0.20866788542430678
2025-10-22,108382.18701512998,39012.453768863044,179766.73729663776,295931.70398636046,252746.68279777945,0.5991246378826574,0.19894707593940245
2025-10-23,108579.64578130635,39047.72759823468,180176.13107496718,297686.57881903613,253928.18764366972,0.50484230605105,-0.10327401785050279
2025-10-24,109769.7539717702,39443.85023093897,182223.7433360318,300119.4380567582,254521.27373642265,0.6907931772283857,-0.0976957104547681
2025-10-27,110162.42268609865,39545.428271740566,182966.60686406598,303660.16301671485,255741.81576908898,0.2970958170772968,0.10560689397793657
2025-10-28,109615.09866272585,39308.57403399842,182150.21190050244,304466.6689221493,253376.788962247,0.6996581106586552,-0.10511033493703453
2025-10-29,108676.9585244543,38936.4386683617,180673.56980952175,304612.9335524569,250298.2398749936,0.4028899629591279,-0.008983725245975765
2025-10-30,107906.05365481951,38631.624005388505,179457.4342248849,301262.7900388319,249369.65305454392,0.890126687679031,-0.11894427230607686
2025-10-31,107994.40152618285,38636.02286581004,179667.5126621694,302250.96481686336,249893.02049641812,0.38808574402534807,0.38808574402534807
2025-11-03,107935.58712013473,38575.4858686286,179660.52372783088,302818.19819062453,249045.20148636983,0.6032352240102424,-0.39670087876426624
2025-11-04,108673.69152169314,38808.14144865428,180961.21592012656,299228.7001277765,247629.0903669904,0.5967849466484135,0.2008954839737457
2025-11-05,107759.54426378798,38446.07168572642,179521.25102826132,300265.67534788256,249007.90688919448,0.5082483731471977,-0.3125766459190659
2025-11-06,108234.55649169322,38584.06412614902,180385.66400274128,297044.0259954624,247107.9073626183,0.7048787321998128,0.29666182222472975
2025-11-07,107664.51613719501,38345.03883976851,179518.52298420385,297336.4732385279,249491.2680991433,0.40897268388132346,-0.40897268388132346
2025-11-10,107013.64161262999,38074.12901501515,178524.5366668928,301976.20602535096,250669.90217668793,0.6078251661312508,0.39866185996457093
2025-11-11,106361.63153112441,37810.34541446986,177510.42890838682,302667.4772734496,252230.93780573795,0.6205491036809683,-0.41274122274359926
2025-11-12,105896.8380048685,37614.10051600519,176807.09205884597,302835.91398136085,252861.8096678277,0.610029385297871,0.18449240648118848
2025-11-13,106492.5626597792,37787.02871019552,177891.9933869594,297810.6713717401,249977.93458447637,0.3874377231501335,-0.19332475099229582
2025-11-14,106588.58117500332,37787.04455266894,178131.98006532155,297761.8709296655,249157.19505530532,0.7017349795482443,0.10179005039756621
2025-11-17,106833.5741383109,37839.280701937525,178622.57771428395,294987.84602435306,245750.04602680024,0.39107037400517203,0.0018550886339738911
2025-11-18,107257.16641971908,37951.10444112978,179420.40481275468,292510.6426314237,245746.7728771286,0.5986695191755815,0.005415306955046918
2025-11-19,107009.69146600942,37825.07923344142,179096.90597109633,293640.68043126195,245026.68929994473,0.3972107549765331,-0.001308433734575665
2025-11-20,106689.48387413858,37673.5455797779,178651.22388899323,289164.9280654828,242294.1386956984,0.5815927491308761,0.0030898643552934296
2025-11-21,107248.29726658278,37844.30777165981,179649.34810464928,292045.38441112934,247154.049555518,0.7025813269270447,0.10043391866124583
2025-11-24,107759.08845276217,37990.04528405427,180586.40810233445,296343.8421736291,248021.93512596595,0.4015798211787992,0.002521495354386865
2025-11-25,108363.96138977495,38164.453720276906,181691.78696356545,299131.2359395435,251721.3993110797,0.6008909311935583,0.007219056373729521
2025-11-26,108986.15014776052,38344.94806489894,182826.5206235364,301196.27380602097,253338.1640981457,0.39858506752849415,0.004632756748791375
2025-11-28,108950.20277104869,38301.38605605135,182839.68028367677,302840.3702682282,254668.01049630097,0.40096187779158926,0.20024760419058707
2025-12-01,109046.78662101585,38316.20010716654,183047.23726988124,301457.7457544812,253012.83457656196,0.2988666071459123,0.09829179306533116
2025-12-02,108275.26343847357,38017.71527421301,181817.18432431016,302016.0938936909,252842.0767378283,0.6023263171409357,0.19340668528988827
2025-12-03,107238.56712683216,37629.38898074016,180133.55097690012,303061.9270091651,254800.22061322632,0.8214512401644981,-0.21958820712725485
2025-12-04,107169.70197043734,37577.704020571444,180083.2958131387,303283.5110892853,254989.46768320363,0.510739406918594,0.08723358643852527
2025-12-05,105978.40900925105,37121.082506770304,178174.07537299755,303859.54768004816,255467.3040448549,0.5113119354368454,-0.10953473298927291
2025-12-08,106690.5717678251,37339.80595689129,179444.55963204702,302946.7196910126,253900.30634837024,0.6897685125391578,0.10537039142047411
2025-12-09,106282.4603111294,37163.03571477973,178839.26505159738,302685.24774255237,253340.89189569498,0.39321411418638064,-0.003418301412222786
2025-12-10,105540.08389751767,36873.240881905505,177662.21045692597,304692.68194995355,256749.09269590594,0.8148472872829936,0.1902871616498826
2025-12-11,105590.28022461425,36867.525128314854,177801.90934441838,305401.723667155,259006.46734168055,0.6125064934830271,-0.21063323222990363
2025-12-12,105297.58761509504,36731.19818375831,177390.90741154988,302118.04170797445,257547.5297034919,0.5001776686796858,0.09630537575015252
2025-12-15,104369.38926277914,36373.41790856443,175908.52759354725,301661.55936549854,257766.47667947251,0.6009855882297325,-0.2095292377110139
2025-12-16,103833.14424803638,36153.31599001431,175084.78118583042,300837.3376693278,256020.89391176493,0.5037248088494797,0.2918599428734807
2025-12-17,103974.17193616038,36180.57626971409,175375.4057058285,297527.0820240428,255387.0233836955,0.09983411591559224,0.09983411591559224
2025-12-18,104228.6443121682,36231.88171343922,175894.0292377688,299773.761423934,255847.17099604447,0.8889838570192822,-0.09700195909078867
2025-12-19,104679.81280624807,36352.830114752745,176742.40023676105,302490.75679301814,256665.53861580673,0.10351158860024717,0.10351158860024717
2025-12-22,103890.9931361791,36052.655334647265,175473.7829963092,304375.219354228,258631.7874578864,0.6037921957731431,-0.0072322744771842725
2025-12-23,104277.01403222427,36160.611215635305,176188.33323822595,305766.3736931443,258015.84795325386,0.6956952785102773,-0.10281355654074792
2025-12-24,104867.2260182428,36340.13205570053,177246.75575496507,306841.9518399783,259003.06970563318,0.19905120022216444,0.19905120022216444
2025-12-26,104812.90647082114,36314.06801091524,177172.5743806994,306810.8398494568,259034.9906609156,0.0,0.0
2025-12-29,104812.90647082114,36314.06801091524,177172.5743806994,305717.4638943368,258546.26969425744,0.0,0.0
2025-12-30,104670.83839643125,36257.58349466892,176950.14405207685,305344.12000807875,258117.67356637007,0.19901430837427647,0.19901430837427647
2025-12-31,104634.12910174539,36237.43864268499,176906.03751199867,303081.8572737435,255899.81699735843,0.1975429375405525,8.895816814664007e-05
2026-01-02,104547.32075250475,36200.15237502592,176776.89076259753,303637.4168162633,257776.1528503005,0.0,0.0
2026-01-05,104125.41680684133,36016.77462366305,176153.66611642635,305659.6962001611,260181.3000427759,1.0129806623040971,-0.0035397719490273447
2026-01-06,104768.83772762808,36231.62352690242,177260.46371671045,307477.5058326439,263328.5286686562,0.8124385260686847,0.20346531615110292
2026-01-07,105260.10908956891,36371.61896868288,178164.16807692507,306486.37842282304,260293.76741010539,0.39806621883540355,-0.19850338930999692
2026-01-08,106588.69330795287,36794.20655964001,180501.89417563222,306455.2664323015,262663.1843976681,0.5983708345809605,0.2074662373549183
2026-01-09,106052.49720698441,36575.19137880401,179676.47369029335,308481.97476388345,264222.76572926657,0.4978802021427184,-0.10587304982262868
2026-01-12,106644.85671238288,36753.45251107543,180743.438181971,308966.39775162557,264416.7231851655,0.7999476740481407,0.1970055743564746
2026-01-13,106939.3784582773,36821.301066659944,181324.8765719466,308348.641567246,264442.5842090356,0.29560404413937547,-0.09609138562589649
2026-01-14,106761.35872839905,36722.67216200198,181114.36252696803,306833.01192706043,265467.7751231605,0.7036209201524531,0.09908395379105092
2026-01-15,106655.50165872442,36670.80500054024,180972.15195759933,307668.606723457,266710.8649107591,0.9088142439623127,0.09631411648654722
2026-01-16,105739.89114867864,36336.33667804895,179466.43298359204,307410.8529039168,265887.53563144756,0.6070176446121094,-0.009596149643834838
2026-01-20,105574.77666814509,36256.94256737473,179241.37122265957,301152.94120059337,261835.95468271448,0.796470353897407,-0.008075322171806303
2026-01-21,105331.71841865488,36151.101729540824,178883.39307057584,304628.57156526734,266081.8168459592,0.6043371660661835,-0.009747845745690506
2026-01-22,106541.80455848332,36544.444678969754,180992.27466972222,306219.7120295482,266635.8301097775,0.7957159667147456,0.20241672553910603
2026-01-23,106325.3267086851,36436.87052218935,180706.5461904265,306330.7911310323,265492.93292915326,0.2990343891452269,-0.10216329803255962
2026-01-26,105320.03600676228,36058.726265072735,179080.63955523816,307886.3906571075,266184.26050685224,0.8139662067126554,-0.011768348606834164
2026-01-27,105792.03211040686,36204.78652156034,179920.84832331995,309113.09980886494,265699.224265764,0.8073882109448773,-0.20965046145740246
2026-01-28,107984.87483009715,36932.848254190234,183705.2516778346,309081.98781834345,264770.3033355163,0.603377113507353,0.0049134757913345045
2026-01-29,105933.05817428259,36191.61460629789,180312.29154526762,308468.63324246474,264991.1714975716,0.40970143494064054,0.0021857982232126078
2026-01-30,106522.17321709754,36359.2725780099,181398.0200453655,307548.6150482383,264324.6618847253,0.6892375019366537,-0.09593014715417307
2026-02-02,106009.26598290092,36154.84143448061,180597.56257911684,309077.5315314761,265534.7859029864,0.4956585449615894,0.2945556380117684
2026-02-03,104017.17395244661,35445.593897046565,177277.5698679097,306464.15166685294,264400.0305213929,0.7193206601461783,-0.11129043224450424
2026-02-04,101142.92518949165,34438.843736156385,172446.58466009327,304979.66135637206,266915.69519521703,0.6260764031443935,-0.01953567828948125
2026-02-05,100039.08182435879,34047.84382697586,170601.5605276124,301170.7116696962,264272.47867373057,1.0343267974356292,-0.030572587346836343
2026-02-06,100943.06816334015,34340.89588373035,172179.01294777403,306948.6019937783,269260.8875262365,0.6150540005851506,-0.22280928159227695
2026-02-09,100203.4763263757,34057.5435617358,170996.5943952313,308428.6360173918,269532.34959389106,0.5082498305382712,0.08926438366023433
2026-02-10,99479.15163577127,33789.66982797955,169814.09280725475,307615.26797696535,270559.7712519843,0.9167512196891857,-0.12115108698768824
2026-02-11,98854.57948931323,33566.17504459861,168775.69575934962,307544.1861005542,270623.4020640162,0.8049599572856202,-0.01964704101129476
2026-02-12,97761.81109805638,33171.551704287616,166968.6983870876,302792.96412449854,266615.26299838285,0.5100046288944406,-0.11166368141750882
2026-02-13,97603.56949841202,33090.14420979358,166767.41511013944,303006.319110465,269626.38756108994,0.7222349650567854,-0.10865759277551772
2026-02-17,97754.25959692788,33120.26551092231,167076.99039300648,303495.19838507444,269056.4602437392,0.7237144708180967,-0.11559235840230599
2026-02-18,97795.73643518997,33110.06536368979,167208.4548575107,305024.11486831226,270826.8091213683,0.6046394925630042,-0.006597583848050328
2026-02-19,97877.26748233133,33110.626200979925,167415.7285455363,304219.63206243725,270013.83605149505,0.5940731014610052,0.19799986931109564
2026-02-20,97348.08472039984,32907.51427873519,166570.7913070097,306419.72549409594,271265.55014239094,0.7059593386972522,-0.10836598622279495
2026-02-23,97488.29180592229,32931.17338673551,166870.22046536155,303290.7559728426,267716.08026688464,0.589184562100414,-0.007874775841726276
2026-02-24,97253.29335738036,32828.152484960076,166527.32435485628,305495.2236738189,270011.57706905564,0.6969355111553491,0.081484539949617
2026-02-25,97986.00076349273,33055.18771352022,167832.67712878337,308073.06260023656,270422.31757472374,0.7019550519454791,-0.1083232578140176
2026-02-26,97605.18347327127,32893.24477091167,167265.08835368307,306361.90312155377,272579.88080482517,0.30706116763829566,0.09787048412917022
2026-02-27,95593.66841365371,32184.45544920878,163895.85683468776,304890.7543324916,272811.0452074117,0.8215785439572443,-0.009572654925253013
2026-03-02,96549.95903704241,32489.364479127617,165578.3029636298,305064.1394325684,272302.3840795055,0.7050411681055722,0.1053838307591983
2026-03-03,96682.00162014889,32507.508379785984,165871.17726930912,302375.1940654835,269444.78395214555,0.4965928317505403,-0.09865043763381764
2026-03-04,96418.0892546205,32388.88960978179,165494.05117721952,304508.57989004866,270621.74857590033,0.6035082683110864,-0.001473387662324341
2026-03-05,96877.86419465218,32523.272227934314,166333.8074428232,302810.7345936013,268193.6783391529,0.7901954365828247,-0.0003223070448483344
2026-03-06,96632.47472911516,32417.986002946876,165970.64369929314,298841.76866745064,264838.0684867925,0.49470630467677496,0.09360620693419716
2026-03-09,97044.87273139812,32533.052618358586,166737.85907278195,301459.60481894115,265491.4591724471,0.7957431203038761,0.003138305971746803
2026-03-10,97229.06781250029,32571.827641472875,167112.80751477316,300975.1271528325,263106.4629806185,0.4990500576994069,0.09492514901962056
2026-03-11,95687.76852835907,32031.577572199825,164524.15901835568,300597.3543188904,262042.19741887393,0.8053110895553779,-0.22272005439930864
2026-03-12,94246.5781746392,31525.926406697723,162105.56303350488,296032.80428596376,257727.20137056417,0.496251461778728,0.2963119029000234
2026-03-13,94923.01324327955,31725.986821440252,163335.7214784248,294357.24042385304,257719.7122727922,0.6825833473935969,-0.09545371373005687
2026-03-16,95358.44947760155,31843.59421903766,164156.65372257802,297352.8494092857,259574.9000690363,0.39301800064032494,0.1959912860968743
2026-03-17,95139.08522740807,31743.88765901603,163846.34400705108,298135.0781200074,260980.34130331702,0.7973730101462212,-0.20563006788043103
2026-03-18,95718.80967710401,31918.215919559017,164893.4970800037,293975.0113030436,257414.3535923433,0.5962030250392957,0.003713453995201799
2026-03-19,96025.42788771092,31991.46994335457,165496.02346813076,293250.5229473143,257199.24920241546,0.5068378304773977,-0.10248364496304714
2026-03-20,96227.94779327631,32032.864632383244,165911.82726600952,289046.5767412582,253593.19326807736,0.6898285974440744,-0.10219902979843973
2026-03-23,95720.6856261988,31850.263828088882,165072.53300111502,292081.55415054935,256417.54357400877,0.3031102404301977,0.0966287504397927
2026-03-24,95450.78647461235,31753.808572006863,164624.10846257606,291101.0890221902,256626.98382402302,0.10512217545633232,-0.10512217545633232
2026-03-25,95588.08597970223,31799.354503309998,164861.07714125514,292723.3141378093,257816.57671053134,0.10353276098806186,-0.10353276098806186
2026-03-26,95608.43684380954,31802.84586474557,164904.6573714238,287495.65221551614,255463.50916957724,0.0,0.0
2026-03-27,95608.43684380954,31802.84586474557,164904.6573714238,282593.29923453706,251996.10292618952,0.0,0.0
2026-03-30,95608.43684380954,31802.84586474557,164904.6573714238,281648.4844011164,251485.053481092,0.0,0.0
2026-03-31,95608.43684380954,31802.84586474557,164904.6573714238,289835.3941951396,256871.16547925438,0.0,0.0
2026-04-01,95608.43684380954,31802.84586474557,164904.6573714238,292019.1661344069,257674.28265981982,0.0,0.0
2026-04-02,95608.43684380954,31802.84586474557,164904.6573714238,292282.1143987618,258395.52821437066,0.0,0.0
2026-04-06,95608.43684380954,31802.84586474557,164904.6573714238,293663.7000235459,259561.09153417125,0.0,0.0
2026-04-07,95608.43684380954,31802.84586474557,164904.6573714238,293792.9050035148,258839.75200273216,0.0,0.0
2026-04-08,95608.43684380954,31802.84586474557,164904.6573714238,301275.69413331884,265070.00049398415,0.0,0.0
2026-04-09,94601.8364118248,31435.256730462803,163252.58293047728,303013.7553683049,265131.0785341184,1.0088814492142304,-0.010124960591676615
2026-04-10,93864.49640901995,31179.923977871782,162006.5880312224,302813.24979845894,262997.5694875104,0.7100610886624661,0.2920725062596686
2026-04-13,93933.19302039544,31189.470543145188,162158.80317049744,305772.47033100575,266219.5487798202,0.9151548206552235,-0.11015918897492336
2026-04-14,93073.33326519252,30887.070006191327,160717.7291315025,309498.2542222805,267321.96596919413,0.6025530055942818,-0.010185241826669533
2026-04-15,92597.34977820833,30706.734701731726,159953.66084228604,311940.51813903544,267518.3998604011,0.7031491317467304,0.29549219032466806
2026-04-16,93431.0204065688,30967.370470672875,161434.32041657917,312707.05415858026,268809.5176525207,0.7946184221797592,0.000919376477542913
2026-04-17,92446.33915467875,30612.035418346823,159808.14680634323,316486.34083144605,272110.6077463682,0.2957151269874363,0.1031382224608015
2026-04-20,91821.02011918613,30379.69530761986,158792.49766151913,315853.4387395543,272840.4608863708,0.910474431143594,0.0928442114222335
2026-04-21,92027.68507786142,30438.04602418517,159175.2769484748,313785.5849372036,271174.6991053126,0.7979550436591513,-0.20894110763386703
2026-04-22,92764.48431326057,30663.717388169665,160496.45531105436,316963.1908654321,271113.4138146084,0.5939878143603018,0.19341970057061975
2026-04-23,92769.22899056654,30640.50400544642,160568.92379123205,315733.14633332,270853.0898731196,0.5954922566839183,-0.0038608395443966
2026-04-24,93171.77132259667,30757.27829264557,161307.41586576926,318179.86653694225,270301.0512200762,0.8823638541605057,0.09952482553604997
2026-04-27,93071.93721031249,30699.54498938715,161199.3032169465,318728.0171608053,269765.1106625973,0.2809715567417049,0.08850636796538607
2026-04-28,94064.23463433598,31004.308716858635,162976.35552880832,317177.0926350633,268633.9742045341,0.9562101109918281,-0.0004674385301524777
2026-04-29,93857.31681094655,30914.754131855334,162673.55715996955,317128.0734795228,267864.73633466754,0.289651668667902,-0.1033363124235862
2026-04-30,94178.73347522512,30991.359187314796,163306.89816330938,320283.3979734147,271751.5352380551,0.8112814825024794,0.015427654367306578
2026-05-01,93953.79185787513,30888.678345211454,162991.93063749647,321170.2810775602,270942.99026413565,0.2998916445672989,-0.10448958832686547
2026-05-04,93147.55489217458,30595.01306316662,161668.0341568588,319993.71198785596,269214.82007906184,0.8129414675736322,-0.007962101291957013
2026-05-05,93175.85251364947,30582.043187730047,161775.4100537018,322560.7792760789,271088.3010761332,0.5151724847559261,-0.10829774393332116
2026-05-06,92265.46742893924,30257.699469567076,160261.59388159818,327044.1866131639,273183.3577841286,0.7231549153197256,-0.12345643089295405
2026-05-07,92664.78719558804,30369.599404827524,161005.09026331344,326041.44005046814,271796.53056594875,0.7010215452899692,0.09385033814899142
2026-05-08,90470.16976448178,29628.197013780962,157249.92171792654,328733.2560317927,271940.7366016369,0.6276967135410219,-0.23228037459446627
2026-05-11,89245.34463480687,29211.227932363086,155162.20079451782,329481.96690386825,271222.14255916665,0.93046912862332,-0.14847630370875978
2026-05-12,89745.95984211852,29362.525301469595,156065.37237872605,328982.83543554565,271267.1377801785,0.7105170059359058,0.0651347883141218
2026-05-13,89093.33133007135,29121.730713434332,155002.54117343834,330823.44594684645,269691.72417544556,0.39395500191736443,-0.009191102598373763
2026-05-14,88500.58738190337,28906.628089740992,154027.32714045543,333435.0487645594,270806.12620296876,0.9171912875541055,-0.11319536604276519
2026-05-15,89214.01467673806,29119.039640300412,155323.36317328678,329424.06251377636,268173.6852124454,0.4028024317048899,-0.20560064735171252
2026-05-18,88250.23579547303,28780.310580706417,153709.29407354203,329192.3082574927,270348.2686250832,0.8225276774118367,0.18966593432857518
2026-05-19,87669.80604322128,28575.446233529747,152739.2300655171,326999.62374449073,268842.5221481361,0.7129612071022767,-0.11464527979585522
2026-05-20,87969.29655314535,28654.898850384187,153309.04525820524,330351.02486054454,271855.42970210646,0.705297662953315,0.10580861454196341
2026-05-21,87735.1684371302,28554.94599514223,152963.8344075135,331006.15370840643,272844.0386704125,0.509398650319792,-0.10033414878272945
2026-05-22,88116.63073319619,28655.39719007883,153691.73484322097,332307.5261695788,275180.9626895037,0.7040014097295643,-0.10133487642328727
2026-05-26,87373.84205495015,28393.106448247618,152451.4266848582,334513.57954318274,275948.3044727931,0.5987734328873843,0.19593327201244046
2026-05-27,87033.68710035193,28262.052169016166,151912.4880372185,334455.64781390765,275973.2945177417,0.6952480834324427,0.09507319062502846
2026-05-28,86760.99084145552,28158.537922798947,151475.91657818074,336300.68727289257,276976.2804821343,0.7988580237126971,-0.20730543558619902
2026-05-29,85853.12847416227,27849.276672409556,149929.82603456965,337138.55122149765,277216.4035281324,0.706339942676127,0.286473753037993
2026-06-01,84353.92572147571,27345.09114921436,147359.11497872748,338056.6283337144,277520.8916435287,0.732174348537494,-0.11449144672620229
2026-06-02,84670.0448090281,27427.56659848248,147964.56614096562,338515.6805594144,278050.97690831765,0.5990846922532822,-0.21335741124362434
2026-06-03,85225.66276430154,27585.53976353903,148994.57797665472,336140.2609456692,276767.90030925506,0.5880318586754659,0.19487455521389094
2026-06-04,85359.99505179768,27606.88690777725,149288.69031991344,337410.41205958714,279419.7742645487,0.6013894383177645,-0.006147095802871951
2026-06-05,84398.96148842621,27278.602575232875,147654.35958839435,328702.0620237215,276927.95519392035,0.7984580691839273,-0.22086279426967
2026-06-08,84045.19178389717,27155.507830057977,147058.53649845204,329446.3166089297,276222.1791902892,0.8855851122341151,0.07481787865191772
2026-06-09,83355.04995639664,26910.449387195382,145910.46363757236,328479.2203411725,278928.745280532,0.2862165412369014,0.08740704544592733
2026-06-10,81934.3234956726,26428.991498575975,143484.70595768286,323300.57757441985,275597.2338211278,0.8930398464913244,0.07874404498106106
2026-06-11,82576.5049669471,26622.683694935855,144645.18051252147,328795.6713871184,279379.7579358752,0.6059901241037488,-0.21038689959336065
2026-06-12,82051.05907820328,26428.888789572266,143790.67778150516,330573.8665430936,281653.94510006096,0.4984731127453149,0.09136544345085053
2026-06-15,81874.50499440229,26352.55023829492,143533.63054093078,336403.20921002404,282521.74098632665,0.7909179106601644,-0.006910705762501216
2026-06-16,81760.78129051908,26299.903409838662,143377.4799800092,334397.71608463256,282198.4779888807,0.5920721193401559,-0.0035957728300403946
2026-06-17,80759.80575351464,25959.08460684115,141673.01051840791,330221.7925413924,277521.9329664119,0.6877713694920106,0.08449228501150159
2026-06-18,81618.00438890955,26219.15950705921,143221.1254248203,333655.10185041843,278448.8677593594,0.6826648742663517,0.0992874842739469
2026-06-22,82290.21171122318,26416.60815762056,144450.73037092487,332605.11317909247,278580.4497929182,0.5831849798731342,0.00030804816791058285
2026-06-23,82445.03904002796,26445.269239114397,144779.55053884533,327775.0176594037,278019.16349259956,0.6043431077523759,-0.003776636886407109
2026-06-24,82008.39496807473,26285.89367823973,144064.88507425672,327623.0938181664,279986.6354769515,0.7076164910526707,-0.3099371674611332
2026-06-25,81956.09303971627,26250.18654921787,144024.56317720097,328096.7178285307,281575.35057092615,0.594199636523736,0.19058783416966654
2026-06-26,82104.63633241874,26283.980264912698,144322.8248817527,325724.141489842,283123.30739512,0.8948386478152643,0.09175809706142074
2026-06-29,81175.21614648233,25967.68625859133,142740.23468023475,331090.38573195366,283462.2574491366,0.402150873752187,-0.0191166228749223
2026-06-30,80772.15055732935,25820.007353993606,142082.3806575523,333668.52538938686,283129.1177231201,0.8973318807563991,0.08164629267772953
2026-07-01,80392.31242977381,25682.557001037552,141457.81482483709,333217.23749172565,284229.48668021394,0.5023888292373593,-0.11705748530441529
2026-07-02,80950.35628239322,25845.228310562597,142482.15110344402,332779.3731330328,286599.6480584676,0.8907318402387926,0.08811860675261189
2026-07-06,81627.79603869442,26048.438056962557,143710.0844900961,335683.66924646037,286667.9395878013,0.5938517326067847,-0.0039673186213475655
2026-07-07,81031.02557566395,25831.65347891455,142731.7564684432,334088.5372614272,286516.048706927,0.40109750960959734,-0.0004758226982399422
2026-07-08,81504.53740753791,25961.432882223173,143623.72849503095,333056.40107675374,283392.37818447716,0.790544911775238,0.0033224677041344304
2026-07-09,82659.51860615418,26315.894798760564,145695.5454591922,335875.8090262364,285184.14710282005,0.6827418289968393,-0.09273259830429406
2026-07-10,82912.93405603949,26373.13353906024,146206.89463170376,337323.47345689964,286231.3103953429,0.39626912029550193,0.19620323077674065
2026-07-13,83546.81572150109,26550.529286126988,147391.20524130936,334740.8775125991,286160.66951993364,0.6930446027417241,-0.09230530960367746
2026-07-14,85360.25884831349,27110.92487787063,150634.12240457334,335929.42116456036,285073.9211635943,0.690537536326331,0.1222398546485171
2026-07-15,85284.45867408582,27062.184439176493,150568.3680109834,337260.9214056578,284648.8389159311,0.3949075760719911,-0.20358051552059123
2026-07-16,86111.08228453934,27304.992398895785,152081.38317192323,335433.4337023098,287477.5382755961,0.89149164208126,0.10463167947396172
2026-07-17,86378.39564209725,27373.164667133424,152599.17377098757,332113.5820037092,285288.9780476238,0.493888264177119,-0.10725925286843595
2026-07-20,86564.78708814863,27415.25747404545,152975.00788003812,331577.4332812864,283927.44068295654,0.8932791640346768,-0.10402153535135526
2026-07-21,87010.12701203168,27539.751164931688,153807.62708598323,334343.22909244505,284628.4215631457,0.49712370582689286,-0.09543773202894784
2026-07-22,87133.1934116063,27553.37395097696,154095.37133978412,333954.46590684244,284599.9386384492,0.6006875415325877,0.0017966350896225895
2026-07-23,87925.28943336819,27783.78443374356,155551.66462165752,329830.37745501596,283462.0916393443,0.697812055706809,-0.0935651684058434
2026-07-24,88083.80126047385,27813.692734266333,155888.05759475473,330165.47382392816,285693.996851202,0.6095938702971623,-0.002027089030505865
2026-07-27,87694.3369279209,27667.476837971884,155263.22942853486,330236.99312727107,287928.8849836296,0.5992090091867376,-0.2082230361956949
2026-07-28,87331.0887407288,27530.22883932806,154683.3738100512,331027.8336807118,291002.8138084365,0.5898588793081625,0.39450725841584217
2026-07-29,87932.81071006248,27702.70423229652,155796.88209885458,325934.1610954537,288398.29190688976,0.7817000326320583,-0.0007131081167194519
2026-07-30,87351.55710649883,27494.723814762066,154836.5258570804,331398.6897012955,288425.3711641628,0.29829036004449694,-0.10284011788948316
2026-07-31,87773.70975662416,27605.035726976403,155647.72419022463,333784.7169181359,288090.42065531766,0.8967292748402491,0.09990039176200878
2026-08-03,86746.08665014786,27261.846840354483,153881.27271210076,338538.80950843124,291104.41095882596,0.4066770495947454,-0.22133412923697018
2026-08-04,86749.43037222847,27243.05607738138,153942.54788746996,344642.30950484297,295394.4542121378,0.9124206826945261,0.08121757193633539
2026-08-05,86571.58223172934,27170.399590188412,153674.04615515686,343954.2096019996,294754.69022864476,0.505659943837512,0.10066662772941672
2026-08-06,87163.59740535285,27328.37133155739,154803.10520279748,343404.6373406083,293298.6976727296,0.4961934343006706,-0.09186579128397553
2026-08-07,87278.63570698723,27342.08902636369,155070.22280226398,345504.6693616267,295378.5031963295,0.6940641374666161,0.09969559739679144
2026-08-10,86772.08889737587,27158.510172138656,154240.42410827155,345401.90137184603,295442.27526291227,0.3973550956417264,-0.0019862564958538246
2026-08-11,87240.64444466554,27285.510701594412,155128.47296456844,344298.2732230129,296043.14181579306,0.8986459985305019,0.09998047786108633
2026-08-12,88619.05400359942,27694.786370601687,157641.2212253648,345160.60574061336,296672.09534845856,0.2917728941590987,-0.0992790002906141
2026-08-13,87829.58087438843,27420.06760826306,156315.99959395078,347568.9690701568,298915.8362418575,0.7037499477086021,0.09261573770417222
2026-08-14,88228.80848310422,27533.049453863485,157059.11732374187,346880.8691673134,299174.5179187335,0.8964720758823442,0.09718204416357293
2026-08-17,88748.24340360315,27678.597605347684,158030.45257253517,345241.0376176909,296537.77630818094,0.49856595682701604,-0.10600072519870544
2026-08-18,88615.99427008355,27614.864878691093,157858.47168062854,342908.677217541,295234.2831463753,0.6974183405222927,-0.1054249217708677
2026-08-19,88515.94650724357,27561.466342821655,157743.40018506185,343628.025806822,297916.70216645557,0.4962153672664886,0.09471220039562246
2026-08-20,89050.27193640816,27705.085726580386,158760.21142098325,340741.6095192302,295848.7880152641,0.6675963582241553,0.09843965320025223
2026-08-21,88955.02170174019,27656.19699445281,158645.2114137538,342135.6618115695,297601.94623362424,0.5886315879395349,0.18386718743770677
2026-08-24,89384.57925208009,27766.943934400173,159476.00709260616,341130.31802646635,297877.6596857089,0.5856235049881358,-0.20891731809698982
2026-08-25,90064.064212409,27958.540022715686,160743.76182199002,342220.54997551435,297632.4135100498,0.6886328341387055,0.08776379741224796
2026-08-26,89564.3828025812,27780.812344405305,159916.21383416327,342296.5255657246,298254.09839209454,0.5041967249368532,-0.30013785907312956
2026-08-27,88950.9266000226,27567.691480912377,158886.09961225998,344539.54151506233,297357.62566219736,0.7051334442052523,0.09087657272502714
2026-08-28,89492.98982962132,27724.232939086687,159886.71060600108,343757.61353535624,296366.5678670651,0.9025544713055732,0.09624319747968586
2026-08-31,89757.3199694104,27786.627500961058,160414.7544461893,342729.9336375501,294495.9332625705,0.40624316156269114,0.0009228959491930488
2026-09-01,91301.88567986112,28241.730140568965,163240.91830949506,340375.2371246971,292111.0901128105,0.8069586451211671,-0.18545115262947792
2026-09-02,90103.56542457003,27853.122661480855,161149.54513124833,341885.45360660215,293440.9315662488,0.6096958682625132,-0.20714726549126336
2026-09-03,89662.1903180776,27698.960866513335,160410.70745112945,345464.4534230879,295534.0863202093,0.8193060439636076,-0.011568740088336695
2026-09-04,89234.55093088077,27549.3379401624,159695.78453336257,344132.9531819904,294343.5713459825,0.6083453919309603,-0.01261671555640554
2026-09-08,89063.4126523539,27473.642613389435,159455.20091421355,342242.91342740064,291514.25890875305,0.6088665545447689,-0.013784967107914959
2026-09-09,89191.68194478827,27492.7315375814,159743.599654881,340652.265068418,288717.74126286845,0.685493969819418,-0.10067921243713593
2026-09-10,89843.60829839954,27669.205109139635,160981.91151078555,338610.30147259095,286776.41478519817,0.3978226281190153,0.006669142307170211
2026-09-11,88789.62002191138,27321.795440751717,159159.06620281813,341496.71776018274,289096.8791497433,0.8136203226207801,-0.004181727634348892
2026-09-14,90333.46360366009,27783.00223998626,161966.3214308279,339973.0777393093,289170.2411717095,0.6897569466852881,0.10958542495908498
2026-09-15,89654.94407069398,27551.609515922326,160815.36968034328,338413.7054059476,287618.06330873404,0.502705538985161,-0.11118667138548681
2026-09-16,89626.24157257398,27525.343135618063,160813.9779429978,336921.341410695,285354.3902785945,0.9010461105247737,-0.11181937994287902
2026-09-17,89205.6075713817,27381.792945470253,160100.4949722637,340741.6095192302,286716.9385281155,0.6144637542268627,-0.2155922784615902
2026-09-18,89332.66183033909,27398.24852687543,160394.0294767159,341180.1300183207,285447.2682723204,0.6019314087762764,0.1977227197129182
2026-09-21,89139.36025178083,27321.628935393623,160096.87678434353,346470.1252783898,286950.99471472454,0.8004758214602885,-0.20492415115778326
2026-09-22,89020.61877197336,27273.57161268998,159917.08681492234,346416.37644414965,286947.84482010157,0.8067054079616996,-0.007995333227468962
2026-09-23,89179.95928027996,27305.58563008089,160251.91281059326,343921.42992130073,284902.2742920198,0.6037783549814636,-0.20920389454452232
2026-09-24,89135.89933819571,27269.98432212505,160237.18204788628,343639.23487194837,283238.98077718384,0.5946013656234824,0.19570450891611618
2026-09-25,88315.138459811,26993.844448014614,158834.72534328466,345507.0752097513,284390.1484085322,0.5007548661270568,-0.11319897755011396
2026-09-28,87597.21859123629,26759.94583771521,157585.29800046654,342935.9890615928,282520.0784715089,0.9975935580367183,-0.02124068841894883
2026-09-29,86877.34054725812,26533.661517535584,156308.49102871417,342304.42658967956,282065.12732215313,0.7990421421559091,0.18048105997861796
2026-09-30,86755.6174348243,26479.906452983236,156137.7717442843,344064.7692590022,281650.3363824191,0.5970028612514433,-0.0074960180754551865
